"annual_precip","land_elevation","occ","X","Y","mg"
1186.33642578125,1781,22,35.0714032851844,0.89853505223357,297
0,0,0,35.0776532851743,0.89853505223357,277
1208.43420410156,1777,21,35.0380699519044,0.89645171890357,293
1186.33642578125,1781,22,35.0714032851844,0.89645171890357,324
0,0,0,35.0234866185944,0.89436838557357,307
1208.43420410156,1777,21,35.0422366185644,0.89436838557357,281
1302.92529296875,1812,25,35.0672366185244,0.89228505224357,288
1327.8525390625,1800,22,35.0568199518744,0.89020171891357,281
1247.39184570312,1799,24,35.0714032851844,0.88603505225357,291
1195.44213867188,1778,23,35.0214032852644,0.88395171892357,304
1195.44213867188,1778,23,35.0255699519244,0.88395171892357,306
1346.15649414062,1811,25,35.0734866185144,0.88395171892357,288
1263.33056640625,1805,25,35.0776532851743,0.88395171892357,300
1213.02221679688,1815,21,35.0276532852544,0.88186838559357,269
1428.29724121094,1825,22,35.0526532852144,0.87978505226357,276
1197.80541992188,1782,22,35.0922366184843,0.87978505226357,305
1428.29724121094,1825,22,35.0526532852144,0.87770171893357,293
1346.15649414062,1811,25,35.0755699518444,0.87770171893357,275
1263.33056640625,1805,25,35.0818199518343,0.87770171893357,298
1263.33056640625,1805,25,35.0839032851643,0.87770171893357,299
0,0,0,35.1068199517943,0.87770171893357,275
0,0,0,35.1130699517843,0.87770171893357,323
1210.49633789062,1798,24,35.0318199519144,0.87353505227357,311
1269.31274414062,1812,21,35.0359866185744,0.87353505227357,264
1341.4326171875,1837,22,35.0776532851743,0.87353505227357,280
1157.8798828125,1788,23,35.1005699518043,0.87353505227357,328
1243.90954589844,1804,21,35.0859866184943,0.87145171894357,285
1210.49633789062,1798,24,35.0297366185844,0.86936838561357,325
1435.11938476562,1850,20,35.0630699518644,0.86936838561357,268
1243.90954589844,1804,21,35.0859866184943,0.86936838561357,288
1102.115234375,1798,19,35.1130699517843,0.86936838561357,282
1185.95751953125,1800,24,35.0193199519344,0.86728505228357,282
1218.48046875,1824,17,35.0380699519044,0.86728505228357,279
1377.94287109375,1849,23,35.0693199518544,0.86520171895357,289
1270.99597167969,1831,20,35.0859866184943,0.86520171895357,280
1189.81750488281,1823,21,35.0318199519144,0.86311838562357,277
1265.47692871094,1832,21,35.0443199518944,0.86311838562357,263
1317.23254394531,1847,20,35.0547366185444,0.86311838562357,301
1167.08056640625,1799,21,35.1005699518043,0.86311838562357,272
1122.68127441406,1812,19,35.1109866184543,0.86311838562357,280
1362.70202636719,1844,21,35.0776532851743,0.86103505229357,279
1168.91052246094,1783,23,35.0318199519144,0.85895171896357,274
1182.22509765625,1783,21,35.0401532852344,0.85895171896357,260
1261.0810546875,1818,18,35.0651532851944,0.85895171896357,313
1328.67944335938,1853,17,35.0776532851743,0.85895171896357,298
1328.67944335938,1853,17,35.0818199518343,0.85895171896357,266
1273.59020996094,1821,20,35.0901532851543,0.85895171896357,266
1211.271484375,1794,22,35.0484866185544,0.85686838563357,287
1273.59020996094,1821,20,35.0901532851543,0.85686838563357,268
1182.22509765625,1783,21,35.0359866185744,0.85478505230357,319
1235.89489746094,1805,23,35.0547366185444,0.85478505230357,308
1235.89489746094,1805,23,35.0589032852044,0.85478505230357,284
1305.50109863281,1855,22,35.0755699518444,0.85478505230357,267
1177.03527832031,1810,19,35.0380699519044,0.85061838564357,293
1226.52990722656,1819,18,35.0609866185344,0.85061838564357,318
1204.92309570312,1867,24,35.1151532851143,0.85061838564357,296
1177.03527832031,1810,19,35.0401532852344,0.84853505231357,273
1230.17163085938,1835,18,35.1005699518043,0.84853505231357,272
1303.23327636719,1861,22,35.0776532851743,0.84645171898357,268
1292.68664550781,1858,21,35.0901532851543,0.84645171898357,261
1193.81787109375,1837,20,35.1026532851343,0.84645171898357,281
1292.68664550781,1858,21,35.0880699518243,0.84436838565357,261
1323.33947753906,1877,18,35.0859866184943,0.84228505232357,265
1270.30346679688,1873,16,35.1005699518043,0.84228505232357,270
1175.34484863281,1802,18,35.0422366185644,0.83811838566357,297
1211.33337402344,1844,17,35.0630699518644,0.83811838566357,299
1244.41125488281,1849,20,35.0755699518444,0.83811838566357,278
1270.30346679688,1873,16,35.0943199518143,0.83811838566357,264
1165.61267089844,1776,22,35.0318199519144,0.83603505233357,320
1224.89086914062,1872,16,35.1068199517943,0.83603505233357,311
1305.076171875,1875,20,35.0839032851643,0.83395171900357,289
1216.40002441406,1845,18,35.1026532851343,0.83395171900357,287
1189.81176757812,1866,18,35.1151532851143,0.83186838567357,347
1165.66296386719,1781,18,35.0297366185844,0.82978505234357,276
0,0,0,35.1214032851043,0.82978505234357,309
1185.66345214844,1821,17,35.0630699518644,0.82770171901357,288
0,0,0,35.1422366184043,0.82770171901357,304
1287.21350097656,1867,20,35.0776532851743,0.82561838568357,286
1117.11169433594,1841,21,35.1297366184243,0.82353505235357,307
1117.11169433594,1841,21,35.1276532850943,0.82145171902357,292
1112.01159667969,1855,22,35.1401532850743,0.82145171902357,278
1167.17553710938,1816,17,35.0630699518644,0.81936838569357,287
1272.89782714844,1837,21,35.0984866184743,0.81936838569357,285
1112.01159667969,1855,22,35.1359866184143,0.81936838569357,290
1112.01159667969,1855,22,35.1380699517443,0.81936838569357,283
1136.27172851562,1783,16,35.0526532852144,0.81728505236357,282
1244.763671875,1837,17,35.0964032851443,0.81728505236357,298
1136.27172851562,1783,16,35.0589032852044,0.81520171903357,271
1136.27172851562,1783,16,35.0526532852144,0.81311838570357,278
1153.09106445312,1810,16,35.0672366185244,0.81311838570357,275
1244.763671875,1837,17,35.0964032851443,0.81311838570357,317
1116.38049316406,1801,16,35.1172366184443,0.81311838570357,327
1111.90246582031,1855,21,35.1380699517443,0.81103505237357,284
1113.18737792969,1847,20,35.1359866184143,0.80895171904357,310
1159.74499511719,1809,15,35.0714032851844,0.80686838571357,267
1099.17272949219,1834,17,35.1255699517643,0.80686838571357,301
1141.58959960938,1787,14,35.0651532851944,0.80478505238357,301
1199.44445800781,1820,15,35.0901532851543,0.80478505238357,314
1109.89855957031,1859,21,35.1276532850943,0.80478505238357,303
1109.89855957031,1859,21,35.1339032850843,0.80478505238357,319
1141.58959960938,1787,14,35.0672366185244,0.80270171905357,290
1098.74035644531,1795,17,35.1151532851143,0.80270171905357,332
1098.74035644531,1795,17,35.1172366184443,0.80270171905357,321
1099.17272949219,1834,17,35.1214032851043,0.80270171905357,297
1131.90710449219,1780,16,35.0693199518544,0.80061838572357,286
1137.61901855469,1804,15,35.0776532851743,0.79853505239357,291
1106.31042480469,1778,16,35.1047366184643,0.79853505239357,323
1094.0244140625,1810,17,35.1109866184543,0.79853505239357,373
1119.11682128906,1844,18,35.1359866184143,0.79645171906357,326
1109.58959960938,1771,17,35.0922366184843,0.79228505240357,348
1111.41162109375,1843,15,35.1214032851043,0.79228505240357,325
1127.57238769531,1857,19,35.1339032850843,0.79020171907357,323
1161.85241699219,1756,16,35.0651532851944,0.78811838574357,357
1112.560546875,1776,16,35.0734866185144,0.78811838574357,314
1109.0673828125,1775,17,35.0839032851643,0.78811838574357,342
1109.58959960938,1771,17,35.0922366184843,0.78811838574357,321
1103.19909667969,1789,18,35.1047366184643,0.78811838574357,323
1133.12060546875,1850,16,35.1422366184043,0.78603505241357,304
1101.6689453125,1758,17,35.0693199518544,0.78395171908357,322
1119.21228027344,1810,15,35.0943199518143,0.78395171908357,301
1102.11022949219,1777,17,35.0776532851743,0.78186838575357,307
1131.39831542969,1830,19,35.1214032851043,0.78186838575357,317
1148.96569824219,1862,21,35.1380699517443,0.78186838575357,340
0,0,0,35.1443199517343,0.78186838575357,339
1131.39831542969,1830,19,35.1255699517643,0.77978505242357,315
1119.21228027344,1810,15,35.0984866184743,0.77770171909357,313
1122.95654296875,1807,18,35.1130699517843,0.77770171909357,340
1156.0400390625,1848,16,35.1026532851343,0.77561838576357,308
1086.72180175781,1768,22,35.0693199518544,0.77353505243357,308
1100.1279296875,1797,18,35.0797366185043,0.77353505243357,296
1100.1279296875,1797,18,35.0839032851643,0.77353505243357,286
1156.0400390625,1848,16,35.1089032851243,0.77353505243357,321
1178.34936523438,1873,19,35.1297366184243,0.77353505243357,343
1164.03540039062,1869,19,35.1422366184043,0.76936838577357,380
1225.20568847656,1900,20,35.1297366184243,0.76728505244357,334
0,0,0,35.0651532851944,0.76520171911357,300
1090.13122558594,1799,21,35.0818199518343,0.76520171911357,333
1236.67492675781,1895,20,35.1214032851043,0.76520171911357,337
1236.67492675781,1895,20,35.1193199517743,0.76311838578357,351
1236.67492675781,1895,20,35.1214032851043,0.76311838578357,344
0,0,0,35.0505699518844,0.76103505245357,329
1177.16345214844,1872,17,35.1047366184643,0.76103505245357,378
1213.31469726562,1876,18,35.1130699517843,0.76103505245357,358
1236.67492675781,1895,20,35.1234866184343,0.76103505245357,370
1117.05700683594,1750,17,35.0568199518744,0.75895171912357,335
1129.31372070312,1841,22,35.0943199518143,0.75895171912357,318
1257.72631835938,1922,20,35.1234866184343,0.75895171912357,389
1089.50109863281,1763,23,35.0755699518444,0.75686838579357,315
0,0,0,34.9714032853444,0.75478505246357,310
0,0,0,34.9755699520044,0.75478505246357,330
1089.50109863281,1763,23,35.0714032851844,0.75478505246357,292
1225.77661132812,1901,17,35.1151532851143,0.75478505246357,353
1257.72631835938,1922,20,35.1193199517743,0.75478505246357,358
1257.72631835938,1922,20,35.1214032851043,0.75478505246357,401
1252.90515136719,1918,20,35.1339032850843,0.75478505246357,361
1176.31274414062,1881,19,35.1089032851243,0.75270171913357,376
1213.61169433594,1904,19,35.1380699517443,0.75270171913357,335
1147.0810546875,1781,22,35.0651532851944,0.75061838580357,289
1169.64562988281,1659,26,34.9755699520044,0.74853505247357,318
1236.26281738281,1912,22,35.1234866184343,0.74853505247357,392
1215.15942382812,1923,18,35.1401532850743,0.74853505247357,354
0,0,0,35.1443199517343,0.74853505247357,365
0,0,0,34.9943199519744,0.74645171914357,315
1065.25073242188,1712,18,35.0359866185744,0.74645171914357,324
1122.24243164062,1790,22,35.0714032851844,0.74645171914357,295
1171.99890136719,1892,16,35.1047366184643,0.74645171914357,364
1240.27160644531,1925,20,35.1339032850843,0.74645171914357,409
1146.22448730469,1795,19,35.0547366185444,0.74436838581357,293
1100.61315917969,1772,22,35.0839032851643,0.74436838581357,299
1128.544921875,1838,17,35.1005699518043,0.74436838581357,356
1171.99890136719,1892,16,35.1047366184643,0.74436838581357,377
1171.99890136719,1892,16,35.1089032851243,0.74436838581357,352
1205.59399414062,1692,22,34.9568199520344,0.74228505248357,306
1170.13952636719,1905,16,35.1026532851343,0.74228505248357,384
1277.04821777344,1687,22,34.9672366186844,0.74020171915357,314
1282.93395996094,1689,22,34.9859866186544,0.74020171915357,276
1055.54638671875,1704,16,35.0151532852744,0.74020171915357,325
1055.75476074219,1690,18,35.0297366185844,0.74020171915357,332
1277.04821777344,1687,22,34.9609866186944,0.73811838582357,294
1133.66748046875,1768,22,35.0464032852244,0.73811838582357,284
1173.78051757812,1906,23,35.1464032850643,0.73811838582357,391
1095.87573242188,1632,24,34.9380699520644,0.73603505249357,306
1131.25891113281,1663,20,34.9484866187144,0.73603505249357,295
1159.18859863281,1673,23,35.0005699519644,0.73603505249357,313
1079.00268554688,1734,18,35.0380699519044,0.73603505249357,300
1133.66748046875,1768,22,35.0464032852244,0.73603505249357,290
1106.03930664062,1640,21,34.9318199520744,0.73395171916357,311
1475.10205078125,1784,28,34.9734866186744,0.73395171916357,316
1509.46875,1809,27,34.9818199519944,0.73395171916357,293
1265.92700195312,1699,23,34.9984866186344,0.73395171916357,289
1251.49487304688,1864,23,35.0568199518744,0.73395171916357,272
1251.49487304688,1864,23,35.0589032852044,0.73395171916357,287
1293.40771484375,1854,29,35.0651532851944,0.73395171916357,311
1181.24401855469,1878,19,35.1172366184443,0.73395171916357,382
1162.66491699219,1786,22,35.0484866185544,0.73186838583357,356
1293.40771484375,1854,29,35.0672366185244,0.73186838583357,317
1167.43310546875,1893,22,35.1339032850843,0.73186838583357,388
1382.52038574219,1749,27,34.9672366186844,0.72978505250357,320
1475.10205078125,1784,28,34.9734866186744,0.72978505250357,326
1428.3994140625,1734,24,34.9901532853144,0.72978505250357,283
1133.2705078125,1699,22,35.0068199519544,0.72978505250357,310
1076.71813964844,1737,17,35.0234866185944,0.72978505250357,302
1098.91076660156,1784,19,35.0422366185644,0.72978505250357,286
1162.66491699219,1786,22,35.0443199518944,0.72978505250357,305
1161.34948730469,1894,22,35.1422366184043,0.72978505250357,393
1266.04223632812,1758,26,34.9568199520344,0.72770171917357,305
1475.10205078125,1784,28,34.9734866186744,0.72770171917357,297
1509.46875,1809,27,34.9797366186644,0.72770171917357,305
1265.92700195312,1699,23,34.9943199519744,0.72770171917357,310
1265.92700195312,1699,23,34.9984866186344,0.72770171917357,305
1098.91076660156,1784,19,35.0359866185744,0.72770171917357,368
1098.91076660156,1784,19,35.0380699519044,0.72770171917357,311
1098.91076660156,1784,19,35.0401532852344,0.72770171917357,299
1169.171875,1930,21,35.1464032850643,0.72770171917357,387
1169.171875,1930,21,35.1484866183943,0.72770171917357,368
1203.20129394531,1629,17,34.9255699520844,0.72561838584357,323
1143.0078125,1702,21,34.9505699520444,0.72561838584357,342
1122.94604492188,1701,17,35.0172366186044,0.72561838584357,331
1340.14794921875,1896,24,35.0672366185244,0.72561838584357,310
1167.65014648438,1902,19,35.1318199517543,0.72561838584357,391
1173.15185546875,1929,19,35.1464032850643,0.72561838584357,393
1173.15185546875,1929,19,35.1505699517243,0.72561838584357,361
1091.35717773438,1654,18,34.9297366187444,0.72353505251357,309
1507.12719726562,1814,27,34.9859866186544,0.72353505251357,321
1203.02722167969,1896,24,35.1026532851343,0.72353505251357,389
1167.65014648438,1902,19,35.1297366184243,0.72353505251357,364
1514.13513183594,1826,24,34.9755699520044,0.72145171918357,321
1209.83422851562,1704,21,35.0047366186244,0.72145171918357,307
1209.83422851562,1704,21,35.0068199519544,0.72145171918357,322
1085.14147949219,1723,17,35.0234866185944,0.71936838585357,307
1203.02722167969,1896,24,35.1047366184643,0.71936838585357,421
1203.02819824219,1893,21,35.1130699517843,0.71936838585357,397
1068.90417480469,1623,18,34.9276532854144,0.71728505252357,310
1065.40222167969,1668,14,34.9401532853944,0.71728505252357,291
1104.0322265625,1676,19,34.9505699520444,0.71728505252357,314
1176.85314941406,1709,26,34.9526532853744,0.71728505252357,330
1304.8681640625,1781,29,34.9672366186844,0.71728505252357,286
1515.24963378906,1812,26,34.9901532853144,0.71728505252357,331
1311.28308105469,1737,21,35.0089032852844,0.71728505252357,322
1094.2587890625,1747,20,35.0318199519144,0.71728505252357,312
1291.4794921875,1876,25,35.0714032851844,0.71728505252357,367
1515.24963378906,1812,26,34.9859866186544,0.71520171919357,325
1223.06469726562,1892,17,35.0922366184843,0.71520171919357,379
1229.05822753906,1896,19,35.0943199518143,0.71520171919357,371
1220.52111816406,1912,19,35.1234866184343,0.71520171919357,434
1455.87573242188,1828,23,34.9693199520144,0.71311838586357,311
1455.87573242188,1828,23,34.9714032853444,0.71311838586357,302
1325.06225585938,1900,26,35.0651532851944,0.71311838586357,332
1235.30627441406,1914,20,35.1130699517843,0.71311838586357,415
1220.52111816406,1912,19,35.1214032851043,0.71311838586357,425
1194.06420898438,1907,19,35.1276532850943,0.71311838586357,436
1068.90417480469,1623,18,34.9339032854044,0.71103505253357,297
1176.85314941406,1709,26,34.9568199520344,0.71103505253357,326
1116.8642578125,1789,29,35.0380699519044,0.71103505253357,367
1223.06469726562,1892,17,35.0880699518243,0.71103505253357,374
1050.46264648438,1634,18,34.9401532853944,0.70895171920357,297
1469.64721679688,1846,18,34.9818199519944,0.70895171920357,334
1201.51599121094,1869,25,35.0464032852244,0.70895171920357,357
1244.06005859375,1891,23,35.0818199518343,0.70895171920357,388
1258.65185546875,1915,19,35.0964032851443,0.70895171920357,422
1050.46264648438,1634,18,34.9422366187244,0.70686838587357,282
1469.64721679688,1846,18,34.9797366186644,0.70686838587357,328
1451.966796875,1837,22,35.0005699519644,0.70686838587357,329
1220.76440429688,1755,25,35.0255699519244,0.70686838587357,381
1283.85498046875,1896,20,35.0672366185244,0.70686838587357,343
1050.24658203125,1611,20,34.9318199520744,0.70478505254357,318
1229.90576171875,1800,30,34.9672366186844,0.70478505254357,316
1479.55615234375,1832,21,34.9880699519844,0.70478505254357,338
1146.6904296875,1813,32,35.0401532852344,0.70478505254357,355
1244.06005859375,1891,23,35.0818199518343,0.70478505254357,390
1241.72741699219,1936,18,35.1193199517743,0.70478505254357,432
1244.06005859375,1891,23,35.0797366185043,0.70270171921357,395
1258.65185546875,1915,19,35.0943199518143,0.70270171921357,373
1231.92053222656,1945,18,35.1443199517343,0.70270171921357,410
1056.2021484375,1619,20,34.9297366187444,0.70061838588357,329
1198.80554199219,1852,24,35.0359866185744,0.70061838588357,386
1251.28833007812,1918,18,35.1109866184543,0.70061838588357,399
1201.33972167969,1753,29,34.9630699520244,0.69853505255357,333
1201.33972167969,1753,29,34.9672366186844,0.69853505255357,360
1424.10998535156,1861,18,35.0068199519544,0.69853505255357,371
1384.12194824219,1867,23,35.0172366186044,0.69853505255357,363
1279.56628417969,1961,19,35.1505699517243,0.69853505255357,430
1298.24694824219,1857,22,35.0255699519244,0.69645171922357,355
1220.61474609375,1834,30,35.0297366185844,0.69645171922357,343
1246.75268554688,1886,17,35.0568199518744,0.69645171922357,317
1250.0498046875,1883,18,35.0651532851944,0.69645171922357,347
1243.79125976562,1935,20,35.1255699517643,0.69645171922357,431
1279.56628417969,1961,19,35.1484866183943,0.69645171922357,424
1065.28503417969,1644,18,34.9422366187244,0.69436838589357,293
1122.96154785156,1700,26,34.9568199520344,0.69436838589357,289
1273.55615234375,1915,19,35.1047366184643,0.69436838589357,402
1251.28833007812,1918,18,35.1109866184543,0.69436838589357,401
1260.88940429688,1938,21,35.1359866184143,0.69436838589357,419
1091.49291992188,1678,16,34.9359866187344,0.69228505256357,268
1110.17370605469,1685,20,34.9464032853844,0.69228505256357,302
1219.29089355469,1813,27,34.9672366186844,0.69228505256357,263
1332.4365234375,1851,23,34.9797366186644,0.69228505256357,375
1261.21850585938,1906,21,35.0839032851643,0.69228505256357,390
1241.03820800781,1931,20,35.1234866184343,0.69228505256357,440
1261.46362304688,1949,17,35.1339032850843,0.69228505256357,433
1219.29089355469,1813,27,34.9651532853544,0.69020171923357,264
1240.04663085938,1872,18,35.0547366185444,0.69020171923357,329
1261.21850585938,1906,21,35.0818199518343,0.69020171923357,372
1080.70812988281,1655,15,34.9339032854044,0.68811838590357,260
1110.17370605469,1685,20,34.9443199520544,0.68811838590357,262
1337.8828125,1858,18,34.9984866186344,0.68811838590357,396
1348.80541992188,1862,20,35.0089032852844,0.68811838590357,385
1246.83215332031,1873,21,35.0443199518944,0.68811838590357,352
1235.17370605469,1883,20,35.0609866185344,0.68811838590357,417
1279.41906738281,1912,24,35.0922366184843,0.68811838590357,410
1290.50708007812,1928,20,35.1005699518043,0.68811838590357,427
1277.33813476562,1938,16,35.1089032851243,0.68811838590357,400
1261.46362304688,1949,17,35.1318199517543,0.68811838590357,435
1084.79260253906,1603,20,34.9172366187644,0.68603505257357,327
1332.4365234375,1851,23,34.9797366186644,0.68603505257357,378
1240.04663085938,1872,18,35.0526532852144,0.68603505257357,338
1288.2734375,1955,18,35.1422366184043,0.68603505257357,414
1161.34094238281,1614,17,34.8922366188044,0.68395171924357,327
1103.59399414062,1655,19,34.9339032854044,0.68395171924357,253
1188.50231933594,1789,26,34.9589032853644,0.68395171924357,299
1266.84289550781,1853,22,35.0068199519544,0.68395171924357,387
1239.54675292969,1885,19,35.0672366185244,0.68395171924357,405
1241.15270996094,1929,22,35.1214032851043,0.68395171924357,428
1148.67150878906,1593,15,34.8839032854844,0.68186838591357,304
1161.34094238281,1614,17,34.8922366188044,0.68186838591357,328
1159.7001953125,1640,22,34.8964032854644,0.68186838591357,292
1144.72595214844,1736,28,34.9464032853844,0.68186838591357,269
1245.32556152344,1829,19,34.9734866186744,0.68186838591357,313
1263.88061523438,1851,19,35.0255699519244,0.68186838591357,326
1281.91027832031,1919,19,35.0880699518243,0.68186838591357,381
1278.87121582031,1914,18,35.0964032851443,0.68186838591357,379
1240.12133789062,1918,19,35.1130699517843,0.68186838591357,418
0,0,0,34.8589032855245,0.67978505258357,273
1159.7001953125,1640,22,34.8984866187944,0.67978505258357,306
1188.50231933594,1789,26,34.9568199520344,0.67978505258357,301
1245.32556152344,1829,19,34.9693199520144,0.67978505258357,305
1239.54675292969,1885,19,35.0630699518644,0.67978505258357,403
1240.12133789062,1918,19,35.1151532851143,0.67978505258357,426
1264.07824707031,1947,20,35.1318199517543,0.67978505258357,420
1133.03955078125,1590,13,34.8734866188344,0.67770171925357,277
1239.18518066406,1823,23,34.9859866186544,0.67770171925357,319
1263.88061523438,1851,19,35.0234866185944,0.67770171925357,381
1176.60766601562,1654,17,34.8922366188044,0.67561838592357,345
1184.43542480469,1793,30,34.9526532853744,0.67561838592357,309
1188.97778320312,1795,31,34.9651532853544,0.67561838592357,301
1176.37658691406,1769,22,34.9755699520044,0.67561838592357,313
1170.02502441406,1780,22,34.9776532853344,0.67561838592357,309
1319.01062011719,1881,23,35.0484866185544,0.67561838592357,366
1230.49035644531,1919,20,35.1109866184543,0.67561838592357,423
1250.64245605469,1936,18,35.1276532850943,0.67561838592357,437
1149.72680664062,1649,18,34.9130699521044,0.67353505259357,288
1170.02502441406,1780,22,34.9776532853344,0.67353505259357,328
1270.15844726562,1910,21,35.1005699518043,0.67353505259357,400
1098.64465332031,1566,15,34.8609866188545,0.67145171926357,283
1146.96337890625,1619,14,34.8776532854944,0.67145171926357,275
1194.28649902344,1638,18,34.8964032854644,0.67145171926357,238
1125.22583007812,1679,21,34.9339032854044,0.67145171926357,331
1139.42163085938,1730,18,34.9359866187344,0.67145171926357,295
1188.97778320312,1795,31,34.9630699520244,0.67145171926357,298
1284.48950195312,1878,16,35.0339032852444,0.67145171926357,330
1319.01062011719,1881,23,35.0443199518944,0.67145171926357,350
1319.01062011719,1881,23,35.0464032852244,0.67145171926357,369
1319.01062011719,1881,23,35.0484866185544,0.67145171926357,372
1254.94091796875,1897,21,35.0755699518444,0.67145171926357,370
1176.60766601562,1654,17,34.8880699521444,0.66936838593357,281
1194.28649902344,1638,18,34.8943199521344,0.66936838593357,216
1161.91149902344,1738,25,34.9443199520544,0.66936838593357,303
1188.97778320312,1795,31,34.9609866186944,0.66936838593357,267
1235.21398925781,1853,19,35.0172366186044,0.66936838593357,341
1319.01062011719,1881,23,35.0443199518944,0.66936838593357,354
1257.53381347656,1887,18,35.0672366185244,0.66936838593357,394
1086.87158203125,1550,15,34.8443199522145,0.66728505260357,290
1091.44555664062,1574,15,34.8526532855345,0.66728505260357,272
1091.44555664062,1574,15,34.8568199521945,0.66728505260357,262
1091.44555664062,1574,15,34.8589032855245,0.66728505260357,259
1155.27038574219,1628,16,34.8839032854844,0.66728505260357,347
1174.10754394531,1637,20,34.8922366188044,0.66728505260357,215
1191.67126464844,1680,21,34.9089032854444,0.66728505260357,306
1143.53344726562,1746,21,34.9547366187044,0.66728505260357,271
1136.97631835938,1729,23,34.9755699520044,0.66728505260357,314
1156.88500976562,1763,25,34.9797366186644,0.66728505260357,327
1156.88500976562,1763,25,34.9818199519944,0.66728505260357,335
1193.74340820312,1807,22,34.9922366186444,0.66728505260357,319
1231.85925292969,1851,20,35.0193199519344,0.66728505260357,373
1337.27734375,1898,19,35.0380699519044,0.66728505260357,334
1251.66235351562,1885,23,35.0734866185144,0.66728505260357,383
1091.44555664062,1574,15,34.8589032855245,0.66520171927357,261
1155.27038574219,1628,16,34.8797366188244,0.66520171927357,358
1151.18127441406,1661,19,34.9234866187544,0.66520171927357,309
1144.74682617188,1732,22,34.9464032853844,0.66520171927357,285
1136.07434082031,1732,22,34.9651532853544,0.66520171927357,303
1323.40307617188,1883,20,35.0589032852044,0.66520171927357,359
1212.55249023438,1928,20,35.1234866184343,0.66520171927357,411
1140.09582519531,1708,19,34.9422366187244,0.66311838594357,398
1231.85925292969,1851,20,35.0234866185944,0.66311838594357,313
1251.66235351562,1885,23,35.0755699518444,0.66311838594357,404
1209.08935546875,1931,18,35.1359866184143,0.66311838594357,429
1136.82104492188,1611,14,34.8693199521745,0.66103505261357,269
1174.10754394531,1637,20,34.8880699521444,0.66103505261357,301
1257.44897460938,1848,15,35.0026532852944,0.66103505261357,357
1231.85925292969,1851,20,35.0234866185944,0.66103505261357,341
1233.71752929688,1901,23,35.1089032851243,0.66103505261357,412
1212.55249023438,1928,20,35.1193199517743,0.66103505261357,407
1215.40222167969,1927,24,35.1339032850843,0.66103505261357,413
1136.09240722656,1757,23,34.9734866186744,0.65895171928357,280
1247.47814941406,1892,28,35.0776532851743,0.65895171928357,416
1207.14965820312,1886,27,35.1089032851243,0.65895171928357,386
1171.11572265625,1896,20,35.1172366184443,0.65895171928357,382
1089.30358886719,1564,15,34.8464032855445,0.65686838595357,277
1089.30358886719,1564,15,34.8484866188745,0.65686838595357,268
1148.40319824219,1636,17,34.8776532854944,0.65686838595357,312
1288.46435546875,1840,19,34.9984866186344,0.65686838595357,351
1226.96215820312,1815,20,35.0151532852744,0.65686838595357,353
1223.38732910156,1849,24,35.0193199519344,0.65686838595357,346
1271.76513671875,1871,23,35.0297366185844,0.65686838595357,333
1320.47985839844,1887,21,35.0359866185744,0.65686838595357,379
1297.89270019531,1887,23,35.0672366185244,0.65686838595357,359
1285.34765625,1901,24,35.0859866184943,0.65686838595357,362
1285.34765625,1901,24,35.0880699518243,0.65686838595357,363
1127.08642578125,1676,15,34.9276532854144,0.65478505262357,257
1106.72521972656,1691,18,34.9547366187044,0.65478505262357,315
1226.96215820312,1815,20,35.0130699519444,0.65478505262357,346
1350.09936523438,1885,18,35.0484866185544,0.65478505262357,316
1285.34765625,1901,24,35.0880699518243,0.65478505262357,392
1171.11572265625,1896,20,35.1109866184543,0.65478505262357,404
1145.56213378906,1540,14,34.8422366188845,0.65270171929357,303
1114.08520507812,1699,17,34.9505699520444,0.65270171929357,285
1136.09240722656,1757,23,34.9693199520144,0.65270171929357,300
1226.96215820312,1815,20,35.0130699519444,0.65270171929357,345
1223.38732910156,1849,24,35.0214032852644,0.65270171929357,351
1223.38732910156,1849,24,35.0255699519244,0.65270171929357,298
1297.89270019531,1887,23,35.0672366185244,0.65270171929357,345
1173.21520996094,1915,19,35.1193199517743,0.65270171929357,369
1134.29370117188,1565,14,34.8568199521945,0.65061838596357,283
1161.29858398438,1581,16,34.8776532854944,0.65061838596357,307
1161.29858398438,1581,16,34.8797366188244,0.65061838596357,326
1109.74780273438,1612,16,34.9068199521144,0.65061838596357,264
1104.41821289062,1650,15,34.9214032854244,0.65061838596357,277
1093.43334960938,1630,15,34.9276532854144,0.65061838596357,271
1201.43798828125,1821,28,34.9818199519944,0.65061838596357,287
1282.54187011719,1853,20,34.9984866186344,0.65061838596357,336
1276.5810546875,1872,22,35.0401532852344,0.65061838596357,337
1134.29370117188,1565,14,34.8547366188645,0.64853505263357,297
1134.29370117188,1565,14,34.8568199521945,0.64853505263357,283
1103.36218261719,1667,18,34.9526532853744,0.64853505263357,294
1255.62255859375,1829,18,35.0047366186244,0.64853505263357,349
1254.74780273438,1869,21,35.0297366185844,0.64853505263357,337
1270.82214355469,1878,24,35.0630699518644,0.64853505263357,289
1107.71740722656,1554,14,34.8484866188745,0.64645171930357,279
1134.29370117188,1565,14,34.8526532855345,0.64645171930357,308
1111.53723144531,1628,15,34.9172366187644,0.64645171930357,290
1259.41467285156,1841,21,34.9880699519844,0.64645171930357,337
1259.41467285156,1841,21,34.9901532853144,0.64645171930357,336
1282.54187011719,1853,20,34.9964032853044,0.64645171930357,334
1227.67126464844,1833,21,35.0214032852644,0.64645171930357,324
1276.5810546875,1872,22,35.0422366185644,0.64645171930357,312
1224.22338867188,1891,22,35.0776532851743,0.64645171930357,384
1161.29858398438,1581,16,34.8776532854944,0.64436838597357,287
1161.29858398438,1581,16,34.8797366188244,0.64436838597357,294
1144.7958984375,1583,17,34.8859866188144,0.64436838597357,268
1144.7958984375,1583,17,34.8901532854744,0.64436838597357,296
1111.53723144531,1628,15,34.9151532854344,0.64436838597357,291
1093.43334960938,1630,15,34.9339032854044,0.64436838597357,281
1104.40515136719,1652,16,34.9443199520544,0.64436838597357,285
1104.40515136719,1652,16,34.9464032853844,0.64436838597357,273
1201.43798828125,1821,28,34.9818199519944,0.64436838597357,299
1259.41467285156,1841,21,34.9922366186444,0.64436838597357,322
1282.54187011719,1853,20,34.9964032853044,0.64436838597357,339
1255.62255859375,1829,18,35.0026532852944,0.64436838597357,349
1210.26159667969,1829,27,35.0755699518444,0.64436838597357,408
1225.7705078125,1906,23,35.0984866184743,0.64436838597357,366
1172.08435058594,1610,16,34.9005699521244,0.64228505264357,320
1102.87866210938,1615,14,34.9318199520744,0.64228505264357,298
1115.47717285156,1693,16,34.9505699520444,0.64228505264357,268
1235.00854492188,1794,23,35.0068199519544,0.64228505264357,342
1195.84936523438,1872,28,35.0922366184843,0.64228505264357,383
1100.77978515625,1692,14,34.9380699520644,0.640201719313571,296
1129.10949707031,1710,19,34.9609866186944,0.640201719313571,300
1213.44372558594,1816,22,34.9859866186544,0.640201719313571,302
1249.15710449219,1834,23,35.0339032852444,0.640201719313571,344
1102.87866210938,1615,14,34.9297366187444,0.638118385983571,325
1100.77978515625,1692,14,34.9359866187344,0.638118385983571,330
1115.47717285156,1693,16,34.9484866187144,0.638118385983571,272
1213.44372558594,1816,22,34.9880699519844,0.638118385983571,324
1213.44372558594,1816,22,34.9901532853144,0.638118385983571,315
1246.94494628906,1823,19,35.0151532852744,0.638118385983571,341
1246.69934082031,1885,16,35.0568199518744,0.638118385983571,349
1174.64428710938,1621,15,34.8630699521845,0.636035052653571,226
1102.87866210938,1615,14,34.9339032854044,0.636035052653571,328
1122.59777832031,1702,18,34.9547366187044,0.636035052653571,290
1210.95483398438,1835,34,35.0651532851944,0.636035052653571,336
1115.0263671875,1562,15,34.8464032855445,0.633951719323571,280
1169.14074707031,1648,17,34.8609866188545,0.633951719323571,229
1230.1923828125,1668,15,34.9068199521144,0.633951719323571,252
1224.216796875,1669,17,34.9151532854344,0.633951719323571,268
1170.673828125,1779,25,34.9922366186444,0.633951719323571,323
1280.05883789062,1828,22,35.0109866186144,0.633951719323571,348
1102.32336425781,1541,15,34.8422366188845,0.631868385993571,294
1178.81896972656,1627,16,34.9339032854044,0.631868385993571,322
0,0,0,35.0380699519044,0.631868385993571,376
1151.69677734375,1822,21,35.0734866185144,0.631868385993571,362
1169.14074707031,1648,17,34.8672366188445,0.629785052663571,254
1267.36437988281,1662,17,34.8797366188244,0.629785052663571,226
1293.45788574219,1852,18,35.0234866185944,0.629785052663571,374
1115.0263671875,1562,15,34.8505699522045,0.627701719333571,285
1288.77795410156,1659,18,34.8859866188144,0.627701719333571,235
1213.13195800781,1670,16,34.9214032854244,0.627701719333571,272
1128.91015625,1741,16,34.9526532853744,0.627701719333571,282
1128.91015625,1741,16,34.9568199520344,0.627701719333571,279
1280.05883789062,1828,22,35.0151532852744,0.627701719333571,353
1254.59985351562,1691,19,34.8818199521544,0.625618386003571,223
1305.87463378906,1719,18,34.9234866187544,0.625618386003571,266
1295.21447753906,1708,16,34.9297366187444,0.625618386003571,294
1124.34704589844,1678,17,34.9568199520344,0.625618386003571,276
1254.59985351562,1691,19,34.8776532854944,0.623535052673571,243
1242.63720703125,1639,16,34.9401532853944,0.623535052673571,303
1253.2109375,1862,25,35.0234866185944,0.623535052673571,350
1119.45483398438,1522,16,34.8339032855645,0.621451719343571,274
1187.31616210938,1656,17,34.8734866188344,0.621451719343571,229
1254.59985351562,1691,19,34.8839032854844,0.621451719343571,212
1305.87463378906,1719,18,34.9193199520944,0.621451719343571,278
1305.87463378906,1719,18,34.9234866187544,0.621451719343571,265
1176.16589355469,1647,17,34.9464032853844,0.621451719343571,312
1124.34704589844,1678,17,34.9526532853744,0.621451719343571,317
1253.2109375,1862,25,35.0214032852644,0.621451719343571,365
0,0,0,34.8193199522545,0.619368386013571,213
1119.45483398438,1522,16,34.8318199522345,0.619368386013571,273
1119.45483398438,1522,16,34.8339032855645,0.619368386013571,248
1116.06115722656,1555,15,34.8359866188945,0.619368386013571,227
1133.17358398438,1572,16,34.8484866188745,0.619368386013571,293
1143.63415527344,1582,16,34.8547366188645,0.619368386013571,271
1312.15246582031,1704,17,34.8901532854744,0.619368386013571,237
1316.75048828125,1678,15,34.8984866187944,0.619368386013571,251
1143.35607910156,1578,15,34.8422366188845,0.617285052683571,221
1151.26867675781,1604,18,34.8651532855145,0.617285052683571,273
1379.66711425781,1730,21,34.9380699520644,0.617285052683571,286
0,0,0,34.9693199520144,0.617285052683571,336
1162.00341796875,1613,17,34.8755699521644,0.615201719353571,259
1285.29333496094,1685,18,34.9464032853844,0.613118386023571,277
1272.92224121094,1727,19,34.8922366188044,0.611035052693571,230
1346.58679199219,1730,18,34.9026532854544,0.611035052693571,248
1360.89794921875,1705,19,34.9151532854344,0.611035052693571,285
1150.63049316406,1596,15,34.8505699522045,0.608951719363571,213
1149.00537109375,1627,17,34.8672366188445,0.608951719363571,251
0,0,0,34.9422366187244,0.608951719363571,269
1139.19189453125,1565,16,34.8214032855845,0.606868386033571,212
1149.00537109375,1627,17,34.8651532855145,0.606868386033571,236
1210.85302734375,1707,19,34.8859866188144,0.606868386033571,215
1210.85302734375,1707,19,34.8880699521444,0.606868386033571,228
1199.6875,1517,15,34.8089032856045,0.604785052703571,252
1141.94714355469,1528,16,34.8151532855945,0.604785052703571,225
1148.03088378906,1624,17,34.8526532855345,0.604785052703571,218
1488.9853515625,1742,22,34.9339032854044,0.604785052703571,286
1199.6875,1517,15,34.8089032856045,0.602701719373571,218
1148.85083007812,1563,16,34.8297366189045,0.602701719373571,203
1166.30871582031,1662,17,34.8776532854944,0.602701719373571,258
1455.97692871094,1746,20,34.9214032854244,0.602701719373571,261
1128.66369628906,1535,14,34.8193199522545,0.600618386043571,209
1141.06262207031,1569,14,34.8276532855745,0.600618386043571,212
1520.05285644531,1773,22,34.9193199520944,0.598535052713571,254
1113.12817382812,1523,15,34.8172366189245,0.596451719383571,217
1133.38610839844,1623,16,34.8839032854844,0.596451719383571,266
1113.12817382812,1523,15,34.8109866189345,0.594368386053571,224
1422.87255859375,1768,21,34.9151532854344,0.594368386053571,254
1095.39807128906,1512,18,34.8172366189245,0.592285052723571,223
1102.92517089844,1587,16,34.8818199521544,0.592285052723571,282
1144.55981445312,1533,14,34.8380699522245,0.590201719393571,228
1116.41650390625,1569,14,34.8672366188445,0.590201719393571,256
1102.92517089844,1587,16,34.8818199521544,0.590201719393571,296
1102.92517089844,1587,16,34.8839032854844,0.588118386063571,292
0,0,0,34.8089032856045,0.586035052733571,259
1121.92333984375,1548,14,34.8505699522045,0.586035052733571,255
1113.85119628906,1558,15,34.8568199521945,0.586035052733571,260
1058.10314941406,1452,15,34.7984866189545,0.581868386073571,318
1153.58288574219,1541,19,34.8193199522545,0.581868386073571,257
1168.02331542969,1563,14,34.8484866188745,0.581868386073571,244
1141.78686523438,1594,13,34.8568199521945,0.581868386073571,222
1065.21020507812,1476,17,34.8047366189445,0.579785052743571,211
1113.07287597656,1588,13,34.8755699521644,0.579785052743571,283
1058.10314941406,1452,15,34.7943199522945,0.577701719413571,288
1072.04992675781,1450,16,34.7901532856345,0.575618386083571,309
1233.37023925781,1571,17,34.8505699522045,0.575618386083571,257
1148.16857910156,1612,16,34.8672366188445,0.575618386083571,282
1253.93005371094,1599,18,34.8422366188845,0.571451719423571,245
1233.37023925781,1571,17,34.8464032855445,0.571451719423571,251
1082.24645996094,1481,15,34.8068199522745,0.569368386093571,214
1152.18981933594,1547,20,34.8255699522445,0.569368386093571,268
1092.44396972656,1461,16,34.7797366189845,0.565201719433571,225
1094.49597167969,1481,16,34.7859866189745,0.565201719433571,194
1092.44396972656,1461,16,34.7776532856545,0.563118386103571,225
1174.38610839844,1568,19,34.8339032855645,0.563118386103571,286
1245.68078613281,1675,19,34.8380699522245,0.563118386103571,270
1236.10412597656,1586,18,34.8568199521945,0.563118386103571,271
1092.44396972656,1461,16,34.7818199523145,0.561035052773571,195
1098.2431640625,1499,15,34.8068199522745,0.561035052773571,203
1121.69897460938,1524,16,34.8214032855845,0.561035052773571,215
1170.48999023438,1611,19,34.8630699521845,0.561035052773571,256
1082.64416503906,1486,13,34.8130699522645,0.558951719443571,195
1082.47094726562,1496,13,34.8234866189145,0.558951719443571,219
1263.49633789062,1689,21,34.8484866188745,0.556868386113571,228
1122.01843261719,1465,16,34.7922366189645,0.554785052783571,203
1114.92553710938,1478,16,34.7984866189545,0.554785052783571,228
1120.673828125,1448,15,34.7776532856545,0.552701719453571,212
1082.64416503906,1486,13,34.8130699522645,0.552701719453571,202
1160.84838867188,1473,16,34.7755699523245,0.550618386123571,183
1170.81530761719,1476,15,34.7901532856345,0.550618386123571,218
1147.39660644531,1465,14,34.7964032856245,0.550618386123571,250
1116.66516113281,1464,16,34.8089032856045,0.550618386123571,211
1146.62707519531,1442,15,34.7630699523445,0.548535052793571,236
1147.39660644531,1465,14,34.7964032856245,0.548535052793571,226
1195.73840332031,1659,29,34.8443199522145,0.548535052793571,320
1170.81530761719,1476,15,34.7880699523045,0.546451719463571,193
1147.39660644531,1465,14,34.8005699522845,0.546451719463571,238
1073.68469238281,1505,15,34.8297366189045,0.546451719463571,215
1073.68469238281,1505,15,34.8318199522345,0.546451719463571,229
1150.75476074219,1452,16,34.7672366190045,0.542285052803571,201
1210.06005859375,1492,16,34.7839032856445,0.542285052803571,188
1115.5087890625,1489,15,34.8109866189345,0.542285052803571,224
1129.63024902344,1552,19,34.8464032855445,0.542285052803571,332
1186.7578125,1484,17,34.7734866189945,0.540201719473571,183
1206.26159667969,1495,16,34.7880699523045,0.540201719473571,196
1079.76965332031,1505,16,34.8422366188845,0.540201719473571,309
1210.06005859375,1492,16,34.7797366189845,0.538118386143571,188
1185.32788085938,1490,15,34.7984866189545,0.538118386143571,205
1185.32788085938,1490,15,34.8005699522845,0.538118386143571,206
1115.5087890625,1489,15,34.8130699522645,0.538118386143571,230
1186.7578125,1484,17,34.7734866189945,0.536035052813571,179
1178.13562011719,1690,35,34.8526532855345,0.536035052813571,313
1178.13562011719,1690,35,34.8568199521945,0.536035052813571,333
1153.40490722656,1475,17,34.7672366190045,0.533951719483571,195
1193.87048339844,1498,16,34.7943199522945,0.533951719483571,204
1172.26794433594,1503,16,34.8089032856045,0.533951719483571,231
1060.74841308594,1509,15,34.8380699522245,0.533951719483571,257
1172.26794433594,1503,16,34.8068199522745,0.531868386153571,227
1101.40417480469,1486,17,34.8255699522445,0.531868386153571,292
1084.84948730469,1543,17,34.8443199522145,0.531868386153571,277
1176.04125976562,1480,16,34.7714032856645,0.527701719493571,201
1172.26794433594,1503,16,34.8047366189445,0.527701719493571,226
1147.58483886719,1496,16,34.8109866189345,0.525618386163571,205
1144.58654785156,1681,28,34.8693199521745,0.525618386163571,333
1205.421875,1481,16,34.7964032856245,0.523535052833571,256
1147.58483886719,1496,16,34.8151532855945,0.523535052833571,216
1080.18432617188,1530,20,34.8526532855345,0.523535052833571,278
1112.30944824219,1600,21,34.8672366188445,0.523535052833571,318
1189.49194335938,1478,14,34.7797366189845,0.521451719503571,198
1058.46545410156,1508,17,34.8464032855445,0.521451719503571,235
1058.46545410156,1508,17,34.8484866188745,0.521451719503571,241
0,0,0,34.8859866188144,0.521451719503571,289
1153.806640625,1441,14,34.7443199523745,0.519368386173571,216
1058.46545410156,1508,17,34.8505699522045,0.519368386173571,248
1161.84423828125,1433,15,34.7422366190445,0.517285052843571,223
1182.07348632812,1450,14,34.7464032857045,0.517285052843571,207
1222.251953125,1483,13,34.7839032856445,0.517285052843571,186
1054.75183105469,1510,16,34.8589032855245,0.517285052843571,300
1222.251953125,1483,13,34.7776532856545,0.515201719513571,198
1243.68225097656,1515,16,34.7943199522945,0.515201719513571,186
1144.01818847656,1516,15,34.8339032855645,0.515201719513571,214
1161.84423828125,1433,15,34.7401532857145,0.513118386183571,213
1182.07348632812,1450,14,34.7443199523745,0.513118386183571,207
1222.251953125,1483,13,34.7776532856545,0.513118386183571,191
1189.79296875,1470,11,34.7693199523345,0.511035052853571,190
1189.79296875,1470,11,34.7714032856645,0.511035052853571,192
1222.251953125,1483,13,34.7818199523145,0.511035052853571,183
1102.40759277344,1496,18,34.8401532855545,0.511035052853571,229
0,0,0,34.8964032854644,0.511035052853571,307
1232.62377929688,1477,13,34.7651532856745,0.508951719523571,177
1202.07983398438,1489,15,34.8089032856045,0.508951719523571,209
1214.09936523438,1469,13,34.7505699523645,0.506868386193571,174
1270.91748046875,1506,12,34.7818199523145,0.506868386193571,165
1179.36877441406,1510,13,34.8255699522445,0.506868386193571,200
1061.97668457031,1516,17,34.8589032855245,0.506868386193571,299
1177.48876953125,1436,15,34.7339032857245,0.504785052863571,193
1214.09936523438,1469,13,34.7464032857045,0.504785052863571,164
1285.08178710938,1504,13,34.7964032856245,0.504785052863571,174
1192.51672363281,1525,14,34.8318199522345,0.504785052863571,181
1098.57580566406,1506,15,34.8464032855445,0.504785052863571,248
1072.4150390625,1547,16,34.8714032855044,0.504785052863571,292
1202.07983398438,1489,15,34.8068199522745,0.502701719533571,214
1202.07983398438,1489,15,34.8089032856045,0.502701719533571,210
1061.97668457031,1516,17,34.8526532855345,0.502701719533571,245
1198.87707519531,1409,17,34.7005699524445,0.500618386203571,215
1204.36083984375,1431,15,34.7047366191045,0.500618386203571,212
1194.0927734375,1444,15,34.7214032857445,0.500618386203571,201
1245.62390136719,1493,13,34.7672366190045,0.500618386203571,165
1310.37902832031,1523,12,34.7776532856545,0.500618386203571,171
1065.85534667969,1551,16,34.8714032855044,0.500618386203571,295
1065.85534667969,1551,16,34.8755699521644,0.500618386203571,273
1198.87707519531,1409,17,34.6984866191145,0.498535052873571,212
1214.55920410156,1478,13,34.7380699523845,0.498535052873571,157
1214.55920410156,1478,13,34.7401532857145,0.498535052873571,160
1238.43200683594,1509,13,34.7547366190245,0.498535052873571,163
1260.55969238281,1497,13,34.7693199523345,0.498535052873571,171
1095.52136230469,1513,14,34.8547366188645,0.498535052873571,258
1097.66076660156,1593,16,34.8880699521444,0.498535052873571,303
1143.98425292969,1717,20,34.9026532854544,0.498535052873571,340
1204.45678710938,1463,12,34.7339032857245,0.496451719543571,160
1310.37902832031,1523,12,34.7818199523145,0.496451719543571,151
1197.32263183594,1524,13,34.8193199522545,0.496451719543571,206
1065.85534667969,1551,16,34.8693199521745,0.496451719543571,304
1198.87707519531,1409,17,34.6984866191145,0.494368386213571,185
1204.36083984375,1431,15,34.7068199524345,0.494368386213571,169
1200.19091796875,1433,15,34.7109866190945,0.494368386213571,177
1194.0927734375,1444,15,34.7255699524045,0.494368386213571,196
1065.85534667969,1551,16,34.8693199521745,0.494368386213571,312
1113.77697753906,1629,14,34.8943199521344,0.494368386213571,287
1113.77697753906,1629,14,34.8984866187944,0.494368386213571,280
1216.96398925781,1448,13,34.7151532857545,0.492285052883571,182
1207.96704101562,1450,12,34.7193199524145,0.492285052883571,182
1241.69641113281,1519,12,34.7630699523445,0.492285052883571,157
1326.01159667969,1525,12,34.7839032856445,0.492285052883571,157
1376.91723632812,1546,14,34.7859866189745,0.492285052883571,156
1205.65270996094,1518,14,34.8130699522645,0.492285052883571,200
1222.61779785156,1550,13,34.8359866188945,0.492285052883571,164
1222.61779785156,1550,13,34.8380699522245,0.492285052883571,169
1090.96203613281,1539,16,34.8714032855044,0.492285052883571,267
1207.96704101562,1450,12,34.7255699524045,0.490201719553571,188
1210.67639160156,1455,14,34.7297366190645,0.490201719553571,197
1267.16967773438,1517,12,34.8047366189445,0.490201719553571,183
1100.99694824219,1606,16,34.8922366188044,0.490201719553571,271
1216.81396484375,1471,12,34.7443199523745,0.488118386223571,191
1376.91723632812,1546,14,34.7922366189645,0.488118386223571,157
1352.70788574219,1534,14,34.7964032856245,0.488118386223571,157
1205.65270996094,1518,14,34.8109866189345,0.488118386223571,201
1216.96398925781,1448,13,34.7151532857545,0.486035052893571,191
1207.96704101562,1450,12,34.7234866190745,0.486035052893571,190
1216.81396484375,1471,12,34.7443199523745,0.486035052893571,180
1205.65270996094,1518,14,34.8109866189345,0.486035052893571,204
1137.95288085938,1535,13,34.8547366188645,0.486035052893571,215
1094.34802246094,1570,17,34.8839032854844,0.486035052893571,238
1208.38073730469,1464,13,34.7318199523945,0.483951719563571,180
1244.73840332031,1497,13,34.7630699523445,0.483951719563571,167
1208.60705566406,1537,14,34.8297366189045,0.483951719563571,170
1117.12048339844,1621,16,34.9005699521244,0.483951719563571,279
1187.80822753906,1281,17,34.4776532861346,0.481868386233571,234
1182.95483398438,1396,14,34.6818199524745,0.481868386233571,206
1222.84191894531,1442,12,34.7109866190945,0.481868386233571,170
1272.74926757812,1529,13,34.7734866189945,0.481868386233571,169
1404.10974121094,1536,16,34.7984866189545,0.481868386233571,179
1195.27893066406,1575,14,34.8464032855445,0.481868386233571,180
1141.67419433594,1543,16,34.8630699521845,0.481868386233571,306
1133.87634277344,1576,17,34.8693199521745,0.481868386233571,222
1117.12048339844,1621,16,34.8943199521344,0.481868386233571,235
1131.75183105469,1666,21,34.9172366187644,0.481868386233571,360
1187.80822753906,1281,17,34.4797366194646,0.479785052903571,240
1177.75927734375,1403,14,34.6880699524645,0.479785052903571,181
1244.73840332031,1497,13,34.7672366190045,0.479785052903571,170
1210.8662109375,1528,13,34.8234866189145,0.479785052903571,191
1209.5693359375,1550,17,34.8422366188845,0.479785052903571,190
1195.27893066406,1575,14,34.8505699522045,0.479785052903571,182
1165.36999511719,1541,19,34.8547366188645,0.479785052903571,214
1187.80822753906,1281,17,34.4797366194646,0.477701719573571,235
1208.38073730469,1464,13,34.7297366190645,0.477701719573571,204
1211.44689941406,1480,10,34.7359866190545,0.477701719573571,183
1211.44689941406,1480,10,34.7401532857145,0.477701719573571,184
1234.65051269531,1487,11,34.7589032856845,0.477701719573571,174
1208.60705566406,1537,14,34.8297366189045,0.477701719573571,186
1165.36999511719,1541,19,34.8568199521945,0.477701719573571,273
1133.87634277344,1576,17,34.8755699521644,0.477701719573571,216
1234.4990234375,1237,13,34.4068199529147,0.475618386243571,232
1189.54345703125,1284,16,34.4734866194746,0.475618386243571,229
1222.45568847656,1464,10,34.7193199524145,0.475618386243571,177
1294.30700683594,1521,13,34.7755699523245,0.475618386243571,166
1229.11547851562,1533,15,34.8193199522545,0.475618386243571,196
1200.92529296875,1558,15,34.8297366189045,0.475618386243571,180
1174.06860351562,1611,17,34.8797366188244,0.475618386243571,207
1222.18615722656,1240,12,34.4172366195647,0.473535052913571,226
1199.10046386719,1302,17,34.4818199527946,0.473535052913571,226
1199.10046386719,1302,17,34.4839032861246,0.473535052913571,226
1217.20397949219,1469,11,34.7276532857345,0.473535052913571,187
1217.20397949219,1469,11,34.7297366190645,0.473535052913571,184
1225.98767089844,1469,11,34.7422366190445,0.473535052913571,187
1276.45373535156,1522,13,34.7651532856745,0.473535052913571,169
1294.30700683594,1521,13,34.7693199523345,0.473535052913571,184
1294.30700683594,1521,13,34.7714032856645,0.473535052913571,185
1484.47119140625,1571,15,34.7943199522945,0.473535052913571,163
1413.25891113281,1562,14,34.8089032856045,0.473535052913571,154
1194.5830078125,1280,16,34.4651532861546,0.471451719583571,239
1189.54345703125,1284,16,34.4734866194746,0.471451719583571,265
1199.10046386719,1302,17,34.4776532861346,0.471451719583571,245
1199.10046386719,1302,17,34.4797366194646,0.471451719583571,248
1217.20397949219,1469,11,34.7318199523945,0.471451719583571,181
1273.36779785156,1514,12,34.7526532856945,0.471451719583571,171
1484.47119140625,1571,15,34.7964032856245,0.471451719583571,165
1484.47119140625,1571,15,34.7984866189545,0.471451719583571,164
1194.54321289062,1562,15,34.8359866188945,0.471451719583571,189
0,0,0,34.4526532861747,0.469368386253571,233
1217.48059082031,1301,14,34.4922366194446,0.469368386253571,214
0,0,0,34.6734866191545,0.469368386253571,222
1203.27453613281,1427,13,34.6984866191145,0.469368386253571,162
1456.54968261719,1557,17,34.7880699523045,0.469368386253571,160
1200.92529296875,1558,15,34.8276532855745,0.469368386253571,198
1188.48803710938,1597,20,34.8734866188344,0.469368386253571,247
0,0,0,34.3922366196047,0.467285052923571,218
1178.51159667969,1260,14,34.4464032861847,0.467285052923571,228
1192.56115722656,1286,14,34.4693199528146,0.467285052923571,294
1231.93969726562,1301,15,34.4797366194646,0.467285052923571,249
1330.41625976562,1570,15,34.8109866189345,0.467285052923571,175
1223.22058105469,1906,24,34.9276532854144,0.467285052923571,385
1224.9931640625,1262,13,34.4193199528947,0.465201719593571,216
1203.88122558594,1249,13,34.4297366195447,0.465201719593571,258
1276.54260253906,1324,15,34.4880699527846,0.465201719593571,236
1227.32983398438,1467,13,34.7255699524045,0.465201719593571,176
1495.71520996094,1602,14,34.7964032856245,0.465201719593571,166
1212.9013671875,1566,22,34.8505699522045,0.465201719593571,266
1225.94738769531,1263,12,34.4151532862347,0.463118386263571,190
1178.51159667969,1260,14,34.4505699528447,0.463118386263571,256
1177.47155761719,1271,13,34.4630699528246,0.463118386263571,210
0,0,0,34.6276532858946,0.463118386263571,220
1162.31811523438,1381,15,34.6693199524945,0.463118386263571,185
1192.6640625,1438,13,34.6984866191145,0.463118386263571,174
1313.6083984375,1543,12,34.7568199523545,0.463118386263571,167
1330.41625976562,1570,15,34.8130699522645,0.463118386263571,171
1224.9931640625,1262,13,34.4193199528947,0.461035052933571,195
0,0,0,34.4359866195347,0.461035052933571,234
1178.51159667969,1260,14,34.4464032861847,0.461035052933571,256
1231.93969726562,1301,15,34.4776532861346,0.461035052933571,209
1172.08178710938,1419,13,34.6880699524645,0.461035052933571,164
1192.6640625,1438,13,34.7005699524445,0.461035052933571,190
1384.45141601562,1565,15,34.7797366189845,0.461035052933571,168
1330.41625976562,1570,15,34.8130699522645,0.461035052933571,173
1240.96447753906,1597,19,34.8526532855345,0.461035052933571,295
1197.27038574219,1233,11,34.3943199529347,0.458951719603571,203
1156.46826171875,1383,12,34.6693199524945,0.458951719603571,191
1156.46826171875,1383,12,34.6714032858245,0.458951719603571,194
1226.64916992188,1442,12,34.7130699524245,0.458951719603571,184
1226.64916992188,1442,12,34.7172366190845,0.458951719603571,179
1345.32666015625,1541,14,34.7734866189945,0.458951719603571,182
1362.29553222656,1571,13,34.7839032856445,0.458951719603571,166
1230.98547363281,1296,15,34.4734866194746,0.456868386273571,278
1553.94799804688,1371,15,34.5547366193446,0.456868386273571,152
1151.26879882812,1331,16,34.6234866192346,0.456868386273571,261
1376.08581542969,1585,15,34.7964032856245,0.456868386273571,177
1241.95104980469,1555,15,34.8234866189145,0.456868386273571,183
1261.57946777344,1610,19,34.8464032855445,0.456868386273571,274
1360.00842285156,1662,21,34.8672366188445,0.456868386273571,244
1345.62121582031,1650,19,34.8734866188344,0.456868386273571,188
1271.97338867188,1617,19,34.8818199521544,0.456868386273571,193
1228.93762207031,1272,11,34.4234866195547,0.454785052943571,181
1336.75427246094,1338,17,34.4922366194446,0.454785052943571,197
1553.94799804688,1371,15,34.5547366193446,0.454785052943571,154
1244.50793457031,1461,13,34.7234866190745,0.454785052943571,193
1278.95385742188,1508,11,34.7422366190445,0.454785052943571,174
1331.71594238281,1524,14,34.7672366190045,0.454785052943571,161
1362.29553222656,1571,13,34.7839032856445,0.454785052943571,168
1376.08581542969,1585,15,34.7984866189545,0.454785052943571,175
1199.15405273438,1230,11,34.3880699529447,0.452701719613571,222
1199.15405273438,1230,11,34.3922366196047,0.452701719613571,181
1228.93762207031,1272,11,34.4234866195547,0.452701719613571,192
1216.79516601562,1270,14,34.4339032862047,0.452701719613571,184
1191.73449707031,1265,15,34.4484866195147,0.452701719613571,212
1498.16284179688,1346,15,34.5068199527546,0.452701719613571,199
1147.53344726562,1375,15,34.6609866191746,0.452701719613571,176
1226.64916992188,1442,12,34.7172366190845,0.452701719613571,187
1278.95385742188,1508,11,34.7401532857145,0.452701719613571,183
1299.42150878906,1517,12,34.7443199523745,0.452701719613571,170
1299.42150878906,1517,12,34.7464032857045,0.452701719613571,169
1362.29553222656,1571,13,34.7839032856445,0.452701719613571,162
1376.08581542969,1585,15,34.7984866189545,0.452701719613571,178
1241.95104980469,1555,15,34.8255699522445,0.452701719613571,192
1224.59875488281,1269,11,34.4318199528747,0.450618386283571,198
1280.32458496094,1294,14,34.4609866194946,0.450618386283571,209
1311.53234863281,1309,16,34.4755699528046,0.450618386283571,217
1351.66027832031,1311,16,34.4839032861246,0.450618386283571,223
1480.69250488281,1353,15,34.4964032861046,0.450618386283571,216
1591.56689453125,1368,16,34.5089032860846,0.450618386283571,209
1148.80346679688,1340,15,34.6193199525746,0.450618386283571,243
1170.40100097656,1368,13,34.6589032858446,0.450618386283571,201
1276.65625,1481,14,34.7255699524045,0.450618386283571,173
1319.56506347656,1540,14,34.7714032856645,0.450618386283571,155
1237.07629394531,1525,15,34.8089032856045,0.450618386283571,188
1237.94152832031,1565,18,34.8109866189345,0.450618386283571,198
1334.9189453125,1644,22,34.8547366188645,0.450618386283571,242
1378.15148925781,1659,22,34.8651532855145,0.450618386283571,227
1262.45275878906,1255,10,34.3943199529347,0.448535052953571,175
1223.15051269531,1240,11,34.4068199529147,0.448535052953571,219
1213.92224121094,1258,11,34.4214032862247,0.448535052953571,206
1351.66027832031,1311,16,34.4818199527946,0.448535052953571,241
1401.85009765625,1337,17,34.4901532861146,0.448535052953571,214
1433.84387207031,1330,18,34.5380699527046,0.448535052953571,243
1507.42529296875,1348,16,34.5484866193546,0.448535052953571,164
0,0,0,34.6172366192446,0.448535052953571,270
1179.36181640625,1346,15,34.6359866192146,0.448535052953571,185
1177.25659179688,1346,15,34.6484866191946,0.448535052953571,173
1187.91870117188,1409,11,34.6693199524945,0.448535052953571,165
1311.76416015625,1528,13,34.7651532856745,0.448535052953571,174
1334.9189453125,1644,22,34.8568199521945,0.448535052953571,201
1334.9189453125,1644,22,34.8589032855245,0.448535052953571,205
1269.748046875,1253,10,34.3901532862747,0.446451719623571,198
1262.45275878906,1255,10,34.3943199529347,0.446451719623571,173
1262.45275878906,1255,10,34.3964032862647,0.446451719623571,178
1205.109375,1254,13,34.4151532862347,0.446451719623571,206
1351.66027832031,1311,16,34.4797366194646,0.446451719623571,237
1401.85009765625,1337,17,34.4901532861146,0.446451719623571,214
1591.56689453125,1368,16,34.5089032860846,0.446451719623571,217
1203.74584960938,1430,13,34.6984866191145,0.446451719623571,186
1203.74584960938,1430,13,34.7005699524445,0.446451719623571,179
1254.44128417969,1480,14,34.7172366190845,0.446451719623571,189
1261.78381347656,1624,18,34.8359866188945,0.446451719623571,158
1283.89428710938,1626,19,34.8776532854944,0.446451719623571,187
1165.31628417969,1597,14,34.8943199521344,0.446451719623571,209
1165.31628417969,1597,14,34.9005699521244,0.446451719623571,226
1117.52514648438,1649,17,34.9339032854044,0.446451719623571,292
1250.4541015625,1241,11,34.3776532862947,0.444368386293571,185
1224.59875488281,1269,11,34.4339032862047,0.444368386293571,201
1256.28015136719,1290,16,34.4568199528346,0.444368386293571,205
1401.85009765625,1337,17,34.4880699527846,0.444368386293571,231
1677.83850097656,1377,17,34.5172366194046,0.444368386293571,184
1433.84387207031,1330,18,34.5380699527046,0.444368386293571,256
1607.83898925781,1382,17,34.5589032860046,0.444368386293571,178
1177.25659179688,1346,15,34.6484866191946,0.444368386293571,180
1200.58911132812,1411,12,34.6839032858045,0.444368386293571,153
1254.44128417969,1480,14,34.7151532857545,0.444368386293571,180
1319.56506347656,1540,14,34.7755699523245,0.444368386293571,174
1360.9765625,1652,20,34.8693199521745,0.444368386293571,199
1360.9765625,1652,20,34.8714032855044,0.444368386293571,195
1283.89428710938,1626,19,34.8818199521544,0.444368386293571,197
1323.39453125,1258,8,34.3776532862947,0.442285052963571,186
1231.92980957031,1259,11,34.4130699529047,0.442285052963571,213
1230.62353515625,1271,10,34.4234866195547,0.442285052963571,192
1306.82385253906,1292,14,34.4484866195147,0.442285052963571,191
1389.70446777344,1304,15,34.4651532861546,0.442285052963571,210
1430.14514160156,1329,15,34.4693199528146,0.442285052963571,197
1539.79370117188,1345,15,34.5005699527646,0.442285052963571,235
1650.92358398438,1358,18,34.5234866193946,0.442285052963571,184
1607.00988769531,1370,12,34.5526532860146,0.442285052963571,159
1452.07141113281,1340,15,34.5734866193146,0.442285052963571,180
1254.14074707031,1440,11,34.6859866191345,0.442285052963571,150
1261.00476074219,1492,16,34.7505699523645,0.442285052963571,185
1258.8935546875,1510,16,34.7547366190245,0.442285052963571,161
1231.12634277344,1512,11,34.7839032856445,0.442285052963571,176
1242.78112792969,1599,14,34.8276532855745,0.442285052963571,185
1282.87951660156,1604,19,34.8464032855445,0.442285052963571,185
1353.64611816406,1603,19,34.8714032855044,0.442285052963571,197
1134.80822753906,1618,14,34.9130699521044,0.442285052963571,249
1282.38757324219,1254,11,34.4089032862447,0.440201719633571,191
1436.10717773438,1344,15,34.5401532860346,0.440201719633571,204
1164.5146484375,1328,16,34.5964032859446,0.440201719633571,260
1276.88110351562,1477,13,34.7151532857545,0.440201719633571,174
1280.46838378906,1476,13,34.7297366190645,0.440201719633571,187
1258.8935546875,1510,16,34.7568199523545,0.440201719633571,165
1263.1337890625,1515,16,34.7609866190145,0.440201719633571,177
1259.34814453125,1519,14,34.7693199523345,0.440201719633571,171
1198.439453125,1499,14,34.7859866189745,0.440201719633571,172
1219.71472167969,1562,16,34.8151532855945,0.440201719633571,167
1323.39453125,1258,8,34.3797366196247,0.438118386303571,200
1230.62353515625,1271,10,34.4255699528847,0.438118386303571,185
1279.12158203125,1292,12,34.4401532861947,0.438118386303571,182
1344.22192382812,1313,15,34.4526532861747,0.438118386303571,199
1430.14514160156,1329,15,34.4734866194746,0.438118386303571,204
1650.92358398438,1358,18,34.5255699527246,0.438118386303571,188
1518.72729492188,1357,13,34.5505699526846,0.438118386303571,181
1178.42919921875,1330,16,34.6172366192446,0.438118386303571,204
1273.05346679688,1383,15,34.6464032858646,0.438118386303571,166
1256.97912597656,1424,13,34.6797366191445,0.438118386303571,171
1271.41430664062,1498,13,34.7422366190445,0.438118386303571,178
1261.00476074219,1492,16,34.7464032857045,0.438118386303571,190
1258.8935546875,1510,16,34.7547366190245,0.438118386303571,160
1259.34814453125,1519,14,34.7714032856645,0.438118386303571,171
1259.34814453125,1519,14,34.7734866189945,0.438118386303571,173
1198.439453125,1499,14,34.7901532856345,0.438118386303571,192
1336.4384765625,1617,19,34.8526532855345,0.438118386303571,174
1167.51879882812,1609,14,34.8984866187944,0.438118386303571,210
1134.80822753906,1618,14,34.9151532854344,0.438118386303571,257
1109.43688964844,1653,17,34.9297366187444,0.438118386303571,262
1138.2021484375,1677,17,34.9380699520644,0.438118386303571,298
1306.82385253906,1292,14,34.4443199528547,0.436035052973571,180
0,0,0,34.5922366192846,0.436035052973571,283
1164.5146484375,1328,16,34.6005699526046,0.436035052973571,202
1180.00512695312,1354,14,34.6234866192346,0.436035052973571,164
1250.36157226562,1401,12,34.6630699525046,0.436035052973571,155
1250.36157226562,1401,12,34.6651532858345,0.436035052973571,169
1250.36157226562,1401,12,34.6672366191645,0.436035052973571,183
1253.96936035156,1420,11,34.6734866191545,0.436035052973571,166
1280.46838378906,1476,13,34.7318199523945,0.436035052973571,177
1263.1337890625,1515,16,34.7630699523445,0.436035052973571,177
1219.71472167969,1562,16,34.8172366189245,0.436035052973571,181
1250.79577636719,1598,16,34.8401532855545,0.436035052973571,192
1134.80822753906,1618,14,34.9130699521044,0.436035052973571,239
1283.36938476562,1248,9,34.3609866196547,0.433951719643571,195
1312.65710449219,1250,9,34.3734866196347,0.433951719643571,178
1314.373046875,1285,11,34.4339032862047,0.433951719643571,194
1517.55895996094,1339,16,34.4859866194546,0.433951719643571,234
1517.55895996094,1339,16,34.4901532861146,0.433951719643571,223
1645.14562988281,1356,14,34.5026532860946,0.433951719643571,203
1645.14562988281,1356,14,34.5089032860846,0.433951719643571,191
1683.66882324219,1370,15,34.5109866194146,0.433951719643571,190
1424.28002929688,1342,15,34.5693199526546,0.433951719643571,201
1145.34875488281,1311,14,34.5964032859446,0.433951719643571,243
1210.37939453125,1351,14,34.6214032859046,0.433951719643571,182
1356.27685546875,1434,17,34.6443199525346,0.433951719643571,146
1356.27685546875,1434,17,34.6464032858646,0.433951719643571,170
1236.30041503906,1477,16,34.7505699523645,0.433951719643571,182
1213.11730957031,1481,11,34.7734866189945,0.433951719643571,188
1206.32836914062,1585,13,34.8859866188144,0.433951719643571,203
1168.86254882812,1599,14,34.8943199521344,0.433951719643571,208
1393.61596679688,1272,8,34.3922366196047,0.431868386313571,165
1458.05407714844,1319,16,34.4568199528346,0.431868386313571,196
1510.94714355469,1337,12,34.4630699528246,0.431868386313571,189
1645.14562988281,1356,14,34.5068199527546,0.431868386313571,198
1258.96704101562,1478,14,34.7297366190645,0.431868386313571,179
1236.30041503906,1477,16,34.7505699523645,0.431868386313571,187
1182.84814453125,1532,12,34.7984866189545,0.431868386313571,178
1215.44555664062,1564,15,34.8318199522345,0.431868386313571,189
1282.63940429688,1608,14,34.8797366188244,0.431868386313571,170
1393.61596679688,1272,8,34.3880699529447,0.429785052983571,169
1382.54614257812,1283,9,34.3943199529347,0.429785052983571,167
1458.05407714844,1319,16,34.4526532861747,0.429785052983571,194
1458.05407714844,1319,16,34.4547366195047,0.429785052983571,185
1510.94714355469,1337,12,34.4630699528246,0.429785052983571,189
1353.67175292969,1444,15,34.6609866191746,0.429785052983571,144
1368.75158691406,1443,13,34.6714032858245,0.429785052983571,165
1354.04467773438,1457,12,34.6859866191345,0.429785052983571,197
1217.24255371094,1487,14,34.7630699523445,0.429785052983571,191
1199.427734375,1491,13,34.7797366189845,0.429785052983571,189
1199.427734375,1491,13,34.7839032856445,0.429785052983571,201
1197.34643554688,1545,13,34.8047366189445,0.429785052983571,189
1210.33447265625,1555,14,34.8130699522645,0.429785052983571,188
1351.91772460938,1638,19,34.8547366188645,0.429785052983571,186
1206.32836914062,1585,13,34.8859866188144,0.429785052983571,200
1122.24670410156,1663,17,34.9401532853944,0.429785052983571,279
1122.24670410156,1663,17,34.9422366187244,0.429785052983571,276
1176.89135742188,1832,36,34.9443199520544,0.429785052983571,296
1314.373046875,1285,11,34.4276532862147,0.427701719653571,202
1398.71606445312,1307,14,34.4464032861847,0.427701719653571,207
1398.71606445312,1307,14,34.4505699528447,0.427701719653571,186
1645.14562988281,1356,14,34.5047366194246,0.427701719653571,195
1683.66882324219,1370,15,34.5109866194146,0.427701719653571,196
1497.58386230469,1354,16,34.5505699526846,0.427701719653571,186
1166.55554199219,1338,15,34.6026532859346,0.427701719653571,205
1195.94653320312,1375,15,34.6109866192546,0.427701719653571,171
1227.22192382812,1483,15,34.7547366190245,0.427701719653571,205
1217.24255371094,1487,14,34.7672366190045,0.427701719653571,192
1199.427734375,1491,13,34.7818199523145,0.427701719653571,183
1225.04833984375,1575,14,34.8380699522245,0.427701719653571,224
1231.92736816406,1217,9,34.3505699530047,0.425618386323571,225
1267.22229003906,1246,9,34.3609866196547,0.425618386323571,180
1309.06359863281,1248,9,34.3734866196347,0.425618386323571,175
1352.19775390625,1268,9,34.3818199529547,0.425618386323571,192
1394.85473632812,1308,14,34.4276532862147,0.425618386323571,195
1587.18969726562,1330,13,34.4651532861546,0.425618386323571,203
1603.38757324219,1350,13,34.4755699528046,0.425618386323571,208
1457.00537109375,1345,15,34.5443199526946,0.425618386323571,199
1440.28918457031,1335,15,34.5609866193346,0.425618386323571,171
1440.28918457031,1335,15,34.5651532859946,0.425618386323571,171
1440.28918457031,1335,15,34.5672366193246,0.425618386323571,188
1360.84216308594,1331,17,34.5734866193146,0.425618386323571,168
1256.40808105469,1374,16,34.6276532858946,0.425618386323571,167
1418.64282226562,1480,14,34.6984866191145,0.425618386323571,167
1341.88366699219,1479,12,34.7047366191045,0.425618386323571,167
1142.36633300781,1611,15,34.9172366187644,0.425618386323571,241
1122.91491699219,1772,22,34.9297366187444,0.425618386323571,270
1122.91491699219,1772,22,34.9318199520744,0.425618386323571,263
1239.99206542969,1238,9,34.3547366196647,0.423535052993571,202
1321.80053710938,1284,10,34.4109866195747,0.423535052993571,194
1394.85473632812,1308,14,34.4297366195447,0.423535052993571,195
1481.453125,1332,15,34.5547366193446,0.423535052993571,173
1440.28918457031,1335,15,34.5672366193246,0.423535052993571,187
1233.4853515625,1489,15,34.7526532856945,0.423535052993571,165
1215.52563476562,1495,12,34.7901532856345,0.423535052993571,206
1200.365234375,1562,14,34.8297366189045,0.423535052993571,186
1200.365234375,1562,14,34.8339032855645,0.423535052993571,183
1371.8037109375,1619,14,34.8693199521745,0.423535052993571,173
1122.91491699219,1772,22,34.9297366187444,0.423535052993571,319
1231.92736816406,1217,9,34.3505699530047,0.421451719663571,210
1353.73901367188,1301,8,34.4193199528947,0.421451719663571,190
1394.85473632812,1308,14,34.4276532862147,0.421451719663571,208
1410.14709472656,1315,16,34.5359866193746,0.421451719663571,232
1360.84216308594,1331,17,34.5755699526446,0.421451719663571,173
0,0,0,34.5859866192946,0.421451719663571,193
1128.17932128906,1307,16,34.5964032859446,0.421451719663571,244
1215.52563476562,1495,12,34.7859866189745,0.421451719663571,175
1214.08447265625,1524,13,34.8172366189245,0.421451719663571,193
1204.68994140625,1544,15,34.8255699522445,0.421451719663571,187
1200.365234375,1562,14,34.8297366189045,0.421451719663571,187
1420.88256835938,1641,16,34.8609866188545,0.421451719663571,190
1141.49243164062,1710,25,34.9464032853844,0.421451719663571,289
1324.77551269531,1282,11,34.4026532862547,0.419368386333571,196
1353.73901367188,1301,8,34.4255699528847,0.419368386333571,214
1394.85473632812,1308,14,34.4339032862047,0.419368386333571,202
1507.38061523438,1331,16,34.4464032861847,0.419368386333571,227
1617.06127929688,1352,15,34.5089032860846,0.419368386333571,197
1410.14709472656,1315,16,34.5401532860346,0.419368386333571,199
1440.28918457031,1335,15,34.5630699526646,0.419368386333571,175
1341.88366699219,1479,12,34.7047366191045,0.419368386333571,187
1285.05297851562,1455,12,34.7109866190945,0.419368386333571,192
1216.90979003906,1475,13,34.7651532856745,0.419368386333571,185
1215.52563476562,1495,12,34.7880699523045,0.419368386333571,183
1275.41955566406,1587,16,34.8443199522145,0.419368386333571,192
1371.8037109375,1619,14,34.8693199521745,0.419368386333571,190
1280.3994140625,1606,13,34.8818199521544,0.419368386333571,178
1516.75659179688,1327,14,34.4964032861046,0.417285053003571,208
1383.73107910156,1323,17,34.5422366193646,0.417285053003571,172
1400.9560546875,1334,15,34.5443199526946,0.417285053003571,168
1259.85620117188,1536,13,34.7776532856545,0.417285053003571,171
1260.30871582031,1518,12,34.7901532856345,0.417285053003571,184
1406.36206054688,1643,16,34.8526532855345,0.417285053003571,184
1166.8427734375,1602,14,34.9026532854544,0.417285053003571,222
1166.8427734375,1602,14,34.9068199521144,0.417285053003571,222
1304.93640136719,1269,8,34.3797366196247,0.415201719673571,170
1296.63452148438,1258,9,34.3964032862647,0.415201719673571,186
1472.00573730469,1328,11,34.4318199528747,0.415201719673571,204
1516.75659179688,1327,14,34.4943199527746,0.415201719673571,205
1401.21301269531,1323,18,34.5339032860446,0.415201719673571,188
1202.94641113281,1317,14,34.5818199526346,0.415201719673571,193
1117.15209960938,1309,16,34.5943199526146,0.415201719673571,234
1212.42700195312,1377,17,34.6193199525746,0.415201719673571,176
1260.30871582031,1518,12,34.7880699523045,0.415201719673571,165
1258.93432617188,1535,14,34.7964032856245,0.415201719673571,181
1245.57531738281,1530,13,34.8109866189345,0.415201719673571,181
1222.51220703125,1551,15,34.8234866189145,0.415201719673571,197
1211.66809082031,1567,15,34.8276532855745,0.415201719673571,200
1296.39868164062,1598,16,34.8464032855445,0.415201719673571,189
1406.36206054688,1643,16,34.8547366188645,0.415201719673571,173
1406.36206054688,1643,16,34.8568199521945,0.415201719673571,174
1166.8427734375,1602,14,34.9068199521144,0.415201719673571,201
1124.36120605469,1684,19,34.9484866187144,0.415201719673571,296
1387.49584960938,1322,16,34.5568199526746,0.413118386343571,154
1337.00708007812,1330,17,34.5672366193246,0.413118386343571,191
1212.42700195312,1377,17,34.6193199525746,0.413118386343571,188
1212.42700195312,1377,17,34.6234866192346,0.413118386343571,177
1252.55578613281,1423,14,34.6297366192246,0.413118386343571,160
1290.61743164062,1422,17,34.6401532858746,0.413118386343571,183
1244.21142578125,1529,13,34.7734866189945,0.413118386343571,169
1260.30871582031,1518,12,34.7901532856345,0.413118386343571,160
1120.65551757812,1640,16,34.9276532854144,0.413118386343571,240
1120.65551757812,1640,16,34.9318199520744,0.413118386343571,235
1113.68786621094,1671,17,34.9422366187244,0.413118386343571,263
1249.21435546875,1250,9,34.3672366196447,0.411035053013571,174
1296.63452148438,1258,9,34.3964032862647,0.411035053013571,185
1596.59985351562,1349,13,34.4568199528346,0.411035053013571,222
1590.47692871094,1318,11,34.4609866194946,0.411035053013571,204
1401.21301269531,1323,18,34.5276532860546,0.411035053013571,169
1144.14221191406,1299,17,34.5859866192946,0.411035053013571,283
1212.42700195312,1377,17,34.6193199525746,0.411035053013571,196
1290.61743164062,1422,17,34.6401532858746,0.411035053013571,176
1570.81420898438,1492,13,34.6859866191345,0.411035053013571,174
1240.88806152344,1480,14,34.7609866190145,0.411035053013571,174
1244.21142578125,1529,13,34.7734866189945,0.411035053013571,184
1259.85620117188,1536,13,34.7776532856545,0.411035053013571,175
1260.7373046875,1553,14,34.8047366189445,0.411035053013571,159
1180.75842285156,1598,14,34.8984866187944,0.411035053013571,186
1120.65551757812,1640,16,34.9276532854144,0.411035053013571,234
1628.30639648438,1341,15,34.4839032861246,0.408951719683571,179
1351.14611816406,1310,16,34.5297366193846,0.408951719683571,184
1326.67626953125,1316,15,34.5464032860246,0.408951719683571,177
1226.26000976562,1404,14,34.6359866192146,0.408951719683571,152
1226.26000976562,1404,14,34.6422366192046,0.408951719683571,185
1342.44140625,1474,15,34.6589032858446,0.408951719683571,153
1255.50146484375,1490,16,34.7484866190345,0.408951719683571,166
1159.01086425781,1811,38,34.9547366187044,0.408951719683571,363
1250.48828125,1247,8,34.3755699529647,0.406868386353571,194
1535.55932617188,1309,9,34.4359866195347,0.406868386353571,196
1559.58728027344,1313,11,34.4609866194946,0.406868386353571,211
1612.779296875,1329,15,34.4714032861446,0.406868386353571,218
1612.779296875,1329,15,34.4734866194746,0.406868386353571,216
1420.87768554688,1305,14,34.5214032860646,0.406868386353571,190
1137.58166503906,1301,17,34.5922366192846,0.406868386353571,201
1144.8505859375,1336,14,34.6172366192446,0.406868386353571,190
1226.26000976562,1404,14,34.6380699525446,0.406868386353571,153
1342.44140625,1474,15,34.6526532858546,0.406868386353571,183
1527.03271484375,1478,16,34.6859866191345,0.406868386353571,170
1300.73864746094,1446,12,34.7089032857645,0.406868386353571,211
1235.28503417969,1478,15,34.7401532857145,0.406868386353571,177
1255.50146484375,1490,16,34.7505699523645,0.406868386353571,180
1282.294921875,1521,12,34.7589032856845,0.406868386353571,179
1203.38916015625,1576,15,34.8901532854744,0.406868386353571,191
1110.61145019531,1643,16,34.9359866187344,0.406868386353571,251
1110.61145019531,1643,16,34.9401532853944,0.406868386353571,260
1116.65625,1683,20,34.9464032853844,0.406868386353571,287
1265.8857421875,1262,8,34.3984866195947,0.404785053023571,199
1321.43676757812,1284,10,34.4047366195847,0.404785053023571,189
1508.85705566406,1328,8,34.4339032862047,0.404785053023571,205
1339.56237792969,1319,14,34.5401532860346,0.404785053023571,204
1123.55920410156,1309,15,34.5984866192746,0.404785053023571,214
1573.22937011719,1508,14,34.6818199524745,0.404785053023571,160
1527.03271484375,1478,16,34.6859866191345,0.404785053023571,165
1234.4443359375,1475,15,34.7276532857345,0.404785053023571,190
1275.3857421875,1495,12,34.7651532856745,0.404785053023571,177
1181.95886230469,1619,15,34.9089032854444,0.404785053023571,187
1508.85705566406,1328,8,34.4318199528747,0.402701719693571,206
1493.56909179688,1315,15,34.4964032861046,0.402701719693571,225
1538.00646972656,1331,17,34.5172366194046,0.402701719693571,197
1124.83422851562,1317,14,34.6068199525946,0.402701719693571,196
1342.44140625,1474,15,34.6589032858446,0.402701719693571,156
1417.3544921875,1476,13,34.6964032857845,0.402701719693571,178
1268.9814453125,1502,14,34.7755699523245,0.402701719693571,190
1310.9814453125,1538,13,34.7964032856245,0.402701719693571,177
1159.01086425781,1811,38,34.9547366187044,0.402701719693571,338
1432.07043457031,1299,10,34.4234866195547,0.400618386363571,207
1495.6572265625,1322,9,34.4318199528747,0.400618386363571,209
1517.28100585938,1324,19,34.5026532860946,0.400618386363571,212
1187.23950195312,1291,19,34.5672366193246,0.400618386363571,221
1155.30651855469,1309,15,34.5943199526146,0.400618386363571,211
1140.04174804688,1324,14,34.6026532859346,0.400618386363571,186
1472.01098632812,1461,15,34.6693199524945,0.400618386363571,174
1407.52453613281,1466,15,34.6901532857945,0.400618386363571,180
1223.4091796875,1461,14,34.7234866190745,0.400618386363571,201
1229.27160644531,1586,15,34.8776532854944,0.400618386363571,194
1495.6572265625,1322,9,34.4297366195447,0.398535053033571,211
1544.17785644531,1313,14,34.4859866194546,0.398535053033571,180
1278.33312988281,1311,18,34.5422366193646,0.398535053033571,263
1472.01098632812,1461,15,34.6714032858245,0.398535053033571,184
1407.52453613281,1466,15,34.6880699524645,0.398535053033571,183
1333.78430175781,1461,14,34.6964032857845,0.398535053033571,182
1256.8818359375,1441,15,34.7047366191045,0.398535053033571,179
1220.01635742188,1448,19,34.7109866190945,0.398535053033571,255
1220.01635742188,1448,19,34.7172366190845,0.398535053033571,237
1223.4091796875,1461,14,34.7234866190745,0.398535053033571,207
1227.91088867188,1481,14,34.7276532857345,0.398535053033571,188
1314.47717285156,1545,13,34.7526532856945,0.398535053033571,176
1318.73303222656,1528,13,34.7651532856745,0.398535053033571,191
1359.99011230469,1569,16,34.8005699522845,0.398535053033571,185
1281.84912109375,1563,15,34.8339032855645,0.398535053033571,190
1207.51184082031,1592,19,34.8859866188144,0.398535053033571,252
1153.71252441406,1595,15,34.9151532854344,0.398535053033571,211
1117.72741699219,1619,16,34.9276532854144,0.398535053033571,239
1260.90380859375,1273,9,34.3964032862647,0.396451719703571,205
1505.63073730469,1325,10,34.4484866195147,0.396451719703571,219
1505.63073730469,1325,10,34.4505699528447,0.396451719703571,230
1544.17785644531,1313,14,34.4859866194546,0.396451719703571,193
1296.58825683594,1304,17,34.5276532860546,0.396451719703571,377
1178.728515625,1293,18,34.5734866193146,0.396451719703571,197
1415.72204589844,1485,15,34.6630699525046,0.396451719703571,170
1256.8818359375,1441,15,34.7089032857645,0.396451719703571,228
1220.01635742188,1448,19,34.7151532857545,0.396451719703571,258
1300.85559082031,1533,13,34.7693199523345,0.396451719703571,180
1333.51489257812,1564,15,34.7901532856345,0.396451719703571,168
1189.90869140625,1603,15,34.9026532854544,0.396451719703571,237
1153.71252441406,1595,15,34.9130699521044,0.396451719703571,212
1153.71252441406,1595,15,34.9172366187644,0.396451719703571,220
1511.25695800781,1301,9,34.4422366195247,0.394368386373571,192
1517.28100585938,1324,19,34.5026532860946,0.394368386373571,195
1472.01098632812,1461,15,34.6734866191545,0.394368386373571,189
1472.01098632812,1461,15,34.6755699524845,0.394368386373571,190
1376.66174316406,1577,15,34.8026532856145,0.394368386373571,190
1209.07336425781,1630,16,34.8984866187944,0.394368386373571,244
1153.71252441406,1595,15,34.9109866187744,0.394368386373571,217
1204.70129394531,1295,17,34.5464032860246,0.392285053043571,293
1190.61865234375,1313,15,34.5672366193246,0.392285053043571,193
1234.00695800781,1327,16,34.5859866192946,0.392285053043571,166
1234.00695800781,1327,16,34.5922366192846,0.392285053043571,192
1194.84118652344,1371,16,34.6380699525446,0.392285053043571,199
1308.28833007812,1436,17,34.6880699524645,0.392285053043571,178
1308.28833007812,1436,17,34.6922366191245,0.392285053043571,186
1310.25085449219,1555,12,34.7818199523145,0.392285053043571,187
1356.52465820312,1581,15,34.8359866188945,0.392285053043571,178
1356.52465820312,1581,15,34.8401532855545,0.392285053043571,200
1419.77624511719,1603,13,34.8609866188545,0.392285053043571,169
1419.77624511719,1603,13,34.8651532855145,0.392285053043571,179
1218.54650878906,1567,16,34.8818199521544,0.392285053043571,238
1124.12512207031,1636,16,34.9318199520744,0.392285053043571,239
1117.41760253906,1694,18,34.9484866187144,0.392285053043571,302
1527.04614257812,1313,15,34.4901532861146,0.390201719713571,184
1416.44909667969,1308,17,34.5130699527446,0.390201719713571,219
1222.04553222656,1298,17,34.5359866193746,0.390201719713571,233
1230.14135742188,1315,15,34.5797366193046,0.390201719713571,168
1351.01245117188,1439,15,34.6839032858045,0.390201719713571,198
1325.61462402344,1568,12,34.7547366190245,0.390201719713571,177
1312.43627929688,1541,12,34.7693199523345,0.390201719713571,177
1337.70654296875,1574,15,34.7922366189645,0.390201719713571,186
1406.87243652344,1590,15,34.8214032855845,0.390201719713571,166
1298.30432128906,1593,14,34.8734866188344,0.390201719713571,175
1313.16662597656,1268,9,34.4109866195747,0.388118386383571,223
1452.107421875,1300,16,34.4964032861046,0.388118386383571,275
1416.44909667969,1308,17,34.5109866194146,0.388118386383571,234
1304.44152832031,1298,18,34.5234866193946,0.388118386383571,244
1190.61865234375,1313,15,34.5672366193246,0.388118386383571,187
1207.22900390625,1316,15,34.5693199526546,0.388118386383571,187
1174.76220703125,1322,14,34.6068199525946,0.388118386383571,198
1351.01245117188,1439,15,34.6818199524745,0.388118386383571,189
1308.28833007812,1436,17,34.6901532857945,0.388118386383571,218
1312.43627929688,1541,12,34.7714032856645,0.388118386383571,174
1414.48999023438,1594,16,34.8047366189445,0.388118386383571,173
1414.48999023438,1594,16,34.8089032856045,0.388118386383571,163
1419.77624511719,1603,13,34.8630699521845,0.388118386383571,158
1201.50732421875,1614,15,34.8901532854744,0.388118386383571,255
1187.02807617188,1583,20,34.9089032854444,0.388118386383571,221
1124.12512207031,1636,16,34.9276532854144,0.388118386383571,219
1124.12512207031,1636,16,34.9297366187444,0.388118386383571,220
1117.15991210938,1658,16,34.9380699520644,0.388118386383571,246
1527.04614257812,1313,15,34.4901532861146,0.386035053053571,189
1222.04553222656,1298,17,34.5380699527046,0.386035053053571,252
1190.17309570312,1292,16,34.5547366193446,0.386035053053571,226
1174.76220703125,1322,14,34.6089032859246,0.386035053053571,210
1184.99145507812,1364,16,34.6339032858846,0.386035053053571,158
1226.62268066406,1458,13,34.7130699524245,0.386035053053571,324
1312.43627929688,1541,12,34.7755699523245,0.386035053053571,172
1359.50927734375,1574,15,34.8339032855645,0.386035053053571,180
1356.52465820312,1581,15,34.8401532855545,0.386035053053571,173
1356.52465820312,1581,15,34.8422366188845,0.386035053053571,186
1419.77624511719,1603,13,34.8651532855145,0.386035053053571,168
1419.77624511719,1603,13,34.8672366188445,0.386035053053571,170
1201.50732421875,1614,15,34.8922366188044,0.386035053053571,257
1187.02807617188,1583,20,34.9026532854544,0.386035053053571,253
1134.97717285156,1612,14,34.9193199520944,0.386035053053571,206
1134.97717285156,1612,14,34.9214032854244,0.386035053053571,215
1134.97717285156,1612,14,34.9255699520844,0.386035053053571,225
1124.12512207031,1636,16,34.9339032854044,0.386035053053571,222
1383.86157226562,1299,12,34.4234866195547,0.383951719723571,212
1520.85388183594,1309,12,34.4547366195047,0.383951719723571,214
1584.64904785156,1307,11,34.4651532861546,0.383951719723571,210
1617.11791992188,1325,13,34.4755699528046,0.383951719723571,193
1211.89245605469,1291,17,34.5443199526946,0.383951719723571,247
1200.45288085938,1343,16,34.6234866192346,0.383951719723571,197
1300.19995117188,1427,17,34.6776532858145,0.383951719723571,180
1279.25231933594,1435,19,34.6922366191245,0.383951719723571,217
1297.220703125,1543,11,34.7734866189945,0.383951719723571,170
1412.07153320312,1596,16,34.8109866189345,0.383951719723571,168
1426.70324707031,1593,12,34.8651532855145,0.383951719723571,174
1426.70324707031,1593,12,34.8672366188445,0.383951719723571,174
1203.56982421875,1565,13,34.8818199521544,0.383951719723571,226
1176.3720703125,1656,21,34.9047366187844,0.383951719723571,274
1137.72802734375,1626,16,34.9193199520944,0.383951719723571,204
1455.72290039062,1295,14,34.4380699528647,0.381868386393571,192
1455.72290039062,1295,14,34.4422366195247,0.381868386393571,208
1520.85388183594,1309,12,34.4547366195047,0.381868386393571,199
1617.11791992188,1325,13,34.4693199528146,0.381868386393571,197
1617.11791992188,1325,13,34.4714032861446,0.381868386393571,202
1367.4990234375,1319,16,34.5026532860946,0.381868386393571,308
1200.45288085938,1343,16,34.6234866192346,0.381868386393571,185
1247.28393554688,1416,16,34.6359866192146,0.381868386393571,167
1334.53918457031,1446,15,34.6734866191545,0.381868386393571,168
1334.53918457031,1446,15,34.6755699524845,0.381868386393571,171
1300.19995117188,1427,17,34.6839032858045,0.381868386393571,240
1241.52587890625,1452,15,34.7089032857645,0.381868386393571,271
1306.01208496094,1536,12,34.7589032856845,0.381868386393571,187
1387.69567871094,1583,16,34.8089032856045,0.381868386393571,168
1418.62902832031,1624,17,34.8193199522545,0.381868386393571,172
1418.62902832031,1624,17,34.8214032855845,0.381868386393571,172
1439.9951171875,1315,11,34.4297366195447,0.379785053063571,185
1455.72290039062,1295,14,34.4359866195347,0.379785053063571,199
1471.24548339844,1293,12,34.4484866195147,0.379785053063571,217
1471.24548339844,1293,12,34.4505699528447,0.379785053063571,207
1252.55798339844,1288,21,34.5234866193946,0.379785053063571,259
1214.79772949219,1301,18,34.5526532860146,0.379785053063571,252
1233.03588867188,1329,14,34.5755699526446,0.379785053063571,184
1223.58703613281,1392,16,34.6297366192246,0.379785053063571,186
1351.66003417969,1443,15,34.6672366191645,0.379785053063571,182
1485.86022949219,1615,15,34.8505699522045,0.379785053063571,160
1426.70324707031,1593,12,34.8609866188545,0.379785053063571,159
1188.31176757812,1572,17,34.8901532854744,0.379785053063571,199
1176.3720703125,1656,21,34.9068199521144,0.379785053063571,272
1124.30090332031,1662,16,34.9401532853944,0.379785053063571,249
1383.86157226562,1299,12,34.4214032862247,0.377701719733571,205
1439.9951171875,1315,11,34.4276532862147,0.377701719733571,190
1471.24548339844,1293,12,34.4443199528547,0.377701719733571,214
1233.03588867188,1329,14,34.5755699526446,0.377701719733571,188
1258.90832519531,1434,23,34.6943199524545,0.377701719733571,222
1281.04370117188,1504,13,34.7484866190345,0.377701719733571,170
1309.892578125,1522,12,34.7672366190045,0.377701719733571,176
1414.60949707031,1598,16,34.8276532855745,0.377701719733571,179
1187.00427246094,1586,16,34.9005699521244,0.377701719733571,253
1176.3720703125,1656,21,34.9089032854444,0.377701719733571,254
1137.72802734375,1626,16,34.9193199520944,0.377701719733571,199
1137.72802734375,1626,16,34.9255699520844,0.377701719733571,236
1538.00537109375,1312,15,34.4505699528447,0.375618386403571,209
1612.80651855469,1322,13,34.4630699528246,0.375618386403571,196
1446.94189453125,1294,16,34.4797366194646,0.375618386403571,163
1265.73486328125,1319,17,34.5547366193446,0.375618386403571,284
1243.18420410156,1312,15,34.5755699526446,0.375618386403571,184
1345.54187011719,1442,13,34.6589032858446,0.375618386403571,158
1298.84936523438,1416,14,34.6714032858245,0.375618386403571,190
1298.84936523438,1416,14,34.6734866191545,0.375618386403571,196
1288.35693359375,1463,15,34.6901532857945,0.375618386403571,179
1280.853515625,1457,16,34.6943199524545,0.375618386403571,194
1322.439453125,1497,16,34.7234866190745,0.375618386403571,165
1343.14379882812,1529,13,34.7276532857345,0.375618386403571,168
1180.52673339844,1579,15,34.8964032854644,0.375618386403571,220
1413.91870117188,1282,11,34.4214032862247,0.373535053073571,194
1274.08312988281,1283,16,34.5089032860846,0.373535053073571,239
1253.37231445312,1293,17,34.5172366194046,0.373535053073571,275
1243.18420410156,1312,15,34.5755699526446,0.373535053073571,184
1256.56982421875,1382,16,34.6214032859046,0.373535053073571,181
1322.439453125,1497,16,34.7255699524045,0.373535053073571,167
1309.84643554688,1514,12,34.7401532857145,0.373535053073571,172
1288.75866699219,1516,14,34.7651532856745,0.373535053073571,192
1288.75866699219,1516,14,34.7672366190045,0.373535053073571,192
1331.94702148438,1575,14,34.8089032856045,0.373535053073571,173
1291.59655761719,1558,15,34.8755699521644,0.373535053073571,211
1180.52673339844,1579,15,34.8984866187944,0.373535053073571,205
1473.58020019531,1302,12,34.4401532861947,0.371451719743571,210
1595.8916015625,1322,12,34.4568199528346,0.371451719743571,199
1284.81506347656,1282,17,34.4984866194346,0.371451719743571,284
1236.36962890625,1287,16,34.5193199527346,0.371451719743571,284
1243.55749511719,1307,14,34.5380699527046,0.371451719743571,285
1243.55749511719,1307,14,34.5422366193646,0.371451719743571,290
1251.86926269531,1352,14,34.5922366192846,0.371451719743571,161
1345.54187011719,1442,13,34.6589032858446,0.371451719743571,169
1309.84643554688,1514,12,34.7422366190445,0.371451719743571,177
1282.97497558594,1534,13,34.7839032856445,0.371451719743571,162
1331.94702148438,1575,14,34.8089032856045,0.371451719743571,175
1565.1337890625,1323,16,34.4755699528046,0.369368386413572,192
1332.33862304688,1285,17,34.4859866194546,0.369368386413572,245
1284.81506347656,1282,17,34.4964032861046,0.369368386413572,278
1253.37231445312,1293,17,34.5172366194046,0.369368386413572,274
1293.20825195312,1408,15,34.6380699525446,0.369368386413572,194
1280.853515625,1457,16,34.6964032857845,0.369368386413572,163
1280.853515625,1457,16,34.7005699524445,0.369368386413572,157
1281.48388671875,1467,16,34.7109866190945,0.369368386413572,175
1322.439453125,1497,16,34.7255699524045,0.369368386413572,195
1309.84643554688,1514,12,34.7380699523845,0.369368386413572,176
1331.94702148438,1575,14,34.8068199522745,0.369368386413572,168
1461.84094238281,1286,14,34.4193199528947,0.367285053083572,186
1552.14709472656,1305,13,34.4609866194946,0.367285053083572,195
1298.84948730469,1339,15,34.5651532859946,0.367285053083572,244
1295.685546875,1383,13,34.6151532859146,0.367285053083572,179
1316.38793945312,1407,15,34.6318199525546,0.367285053083572,197
1311.24609375,1430,14,34.6651532858345,0.367285053083572,179
1288.49365234375,1413,15,34.6693199524945,0.367285053083572,175
1293.53698730469,1463,14,34.6880699524645,0.367285053083572,163
1293.53698730469,1463,14,34.6901532857945,0.367285053083572,161
1299.09643554688,1464,16,34.6984866191145,0.367285053083572,171
1284.64074707031,1501,13,34.7443199523745,0.367285053083572,179
1272.83972167969,1537,13,34.7693199523345,0.367285053083572,171
1277.55944824219,1543,14,34.7797366189845,0.367285053083572,162
1291.31909179688,1536,14,34.7859866189745,0.367285053083572,159
1319.27966308594,1565,16,34.8193199522545,0.367285053083572,188
1177.68627929688,1575,14,34.8943199521344,0.367285053083572,304
1143.0263671875,1583,13,34.9047366187844,0.367285053083572,287
1534.69470214844,1304,12,34.4172366195647,0.365201719753572,205
1531.5830078125,1297,12,34.4401532861947,0.365201719753572,247
1298.84948730469,1339,15,34.5651532859946,0.365201719753572,258
1274.54821777344,1360,13,34.6068199525946,0.365201719753572,172
1288.49365234375,1413,15,34.6693199524945,0.365201719753572,182
1293.53698730469,1463,14,34.6922366191245,0.365201719753572,160
1350.04455566406,1519,13,34.7276532857345,0.365201719753572,180
1272.83972167969,1537,13,34.7714032856645,0.365201719753572,168
1291.31909179688,1536,14,34.7859866189745,0.365201719753572,173
1296.05114746094,1561,15,34.8089032856045,0.365201719753572,174
1497.2001953125,1584,16,34.8401532855545,0.365201719753572,178
1441.53894042969,1583,16,34.8672366188445,0.365201719753572,185
1220.58203125,1561,14,34.8818199521544,0.365201719753572,210
1115.96533203125,1567,17,34.9172366187644,0.365201719753572,224
1122.54846191406,1640,20,34.9297366187444,0.365201719753572,237
1133.55114746094,1743,19,34.9422366187244,0.365201719753572,222
0,0,0,34.4047366195847,0.363118386423572,204
1461.84094238281,1286,14,34.4234866195547,0.363118386423572,225
1264.02172851562,1299,17,34.5234866193946,0.363118386423572,267
1277.41174316406,1314,14,34.5276532860546,0.363118386423572,300
1242.89587402344,1320,12,34.5818199526346,0.363118386423572,203
1309.1611328125,1406,14,34.6193199525746,0.363118386423572,178
1316.38793945312,1407,15,34.6339032858846,0.363118386423572,187
1305.54296875,1488,14,34.7401532857145,0.363118386423572,202
1296.05114746094,1561,15,34.8068199522745,0.363118386423572,174
1441.53894042969,1583,16,34.8609866188545,0.363118386423572,257
1177.68627929688,1575,14,34.8964032854644,0.363118386423572,273
1122.54846191406,1640,20,34.9339032854044,0.363118386423572,249
1274.72888183594,1307,17,34.5422366193646,0.361035053093572,239
1269.59106445312,1330,15,34.5714032859846,0.361035053093572,189
1269.59106445312,1330,15,34.5755699526446,0.361035053093572,180
1237.09594726562,1332,12,34.5880699526246,0.361035053093572,185
1316.38793945312,1407,15,34.6297366192246,0.361035053093572,181
1285.95166015625,1518,12,34.7526532856945,0.361035053093572,171
1289.85656738281,1571,15,34.8109866189345,0.361035053093572,175
1497.2001953125,1584,16,34.8401532855545,0.361035053093572,187
1559.689453125,1315,15,34.4380699528647,0.358951719763572,221
1559.689453125,1315,15,34.4401532861947,0.358951719763572,225
1298.21447753906,1324,15,34.5214032860646,0.358951719763572,253
1298.21447753906,1324,15,34.5234866193946,0.358951719763572,247
1321.33935546875,1340,15,34.5630699526646,0.358951719763572,201
1314.2939453125,1348,15,34.5714032859846,0.358951719763572,191
1314.2939453125,1348,15,34.5755699526446,0.358951719763572,187
1292.32666015625,1342,12,34.5922366192846,0.358951719763572,180
1296.28442382812,1356,12,34.6005699526046,0.358951719763572,170
1324.05249023438,1399,11,34.6214032859046,0.358951719763572,184
1324.17980957031,1420,15,34.6651532858345,0.358951719763572,201
1307.22009277344,1480,17,34.7005699524445,0.358951719763572,177
1320.798828125,1478,17,34.7047366191045,0.358951719763572,168
1342.33935546875,1495,16,34.7172366190845,0.358951719763572,184
1321.55993652344,1486,14,34.7276532857345,0.358951719763572,169
1285.18676757812,1477,14,34.7422366190445,0.358951719763572,179
1278.23779296875,1519,12,34.7484866190345,0.358951719763572,165
1453.10278320312,1614,21,34.8276532855745,0.358951719763572,181
1538.392578125,1674,19,34.8380699522245,0.358951719763572,200
1100.34509277344,1571,15,34.9130699521044,0.358951719763572,252
1096.71691894531,1577,15,34.9255699520844,0.358951719763572,233
1491.76843261719,1287,13,34.4214032862247,0.356868386433572,209
1324.05249023438,1399,11,34.6193199525746,0.356868386433572,188
1327.58569335938,1420,13,34.6505699525246,0.356868386433572,200
1298.583984375,1548,15,34.8151532855945,0.356868386433572,178
1332.5849609375,1582,19,34.8734866188344,0.356868386433572,211
1117.59008789062,1627,20,34.9339032854044,0.356868386433572,295
1517.42895507812,1308,13,34.4526532861747,0.354785053103572,227
1517.42895507812,1308,13,34.4589032861646,0.354785053103572,215
1265.71911621094,1303,9,34.4964032861046,0.354785053103572,207
1301.5556640625,1330,14,34.5297366193846,0.354785053103572,240
1327.68518066406,1415,14,34.6276532858946,0.354785053103572,246
1324.17980957031,1420,15,34.6630699525046,0.354785053103572,184
1296.48205566406,1552,15,34.7922366189645,0.354785053103572,177
1117.59008789062,1627,20,34.9318199520744,0.354785053103572,294
1619.03271484375,1303,12,34.4005699529247,0.352701719773572,215
1563.18981933594,1286,15,34.4151532862347,0.352701719773572,246
1280.45068359375,1309,11,34.5068199527546,0.352701719773572,238
1298.21447753906,1324,15,34.5234866193946,0.352701719773572,236
1279.16064453125,1325,16,34.5484866193546,0.352701719773572,230
1303.05017089844,1349,15,34.5526532860146,0.352701719773572,272
1321.33935546875,1340,15,34.5651532859946,0.352701719773572,176
1316.068359375,1435,16,34.6734866191545,0.352701719773572,188
1307.22009277344,1480,17,34.7005699524445,0.352701719773572,164
1298.583984375,1548,15,34.8109866189345,0.352701719773572,177
1299.04333496094,1288,12,34.5005699527646,0.350618386443572,233
1317.12719726562,1310,15,34.5172366194046,0.350618386443572,262
1323.08032226562,1363,15,34.5672366193246,0.350618386443572,189
1369.23413085938,1378,15,34.5964032859446,0.350618386443572,172
1308.51782226562,1482,14,34.7172366190845,0.350618386443572,165
1243.37976074219,1493,15,34.7672366190045,0.350618386443572,173
1352.9208984375,1568,15,34.7964032856245,0.350618386443572,160
1245.44653320312,1560,14,34.8839032854844,0.350618386443572,263
1115.22839355469,1607,19,34.9318199520744,0.350618386443572,276
1562.39123535156,1286,13,34.4172366195647,0.348535053113572,262
1323.08032226562,1363,15,34.5630699526646,0.348535053113572,186
1362.98352050781,1377,15,34.5839032859646,0.348535053113572,179
1369.23413085938,1378,15,34.5943199526146,0.348535053113572,184
1369.23413085938,1378,15,34.6005699526046,0.348535053113572,180
1313.67883300781,1397,16,34.6276532858946,0.348535053113572,199
1306.24682617188,1453,14,34.6797366191445,0.348535053113572,196
1283.69860839844,1455,15,34.6922366191245,0.348535053113572,172
1249.79113769531,1492,15,34.7589032856845,0.348535053113572,177
1243.37976074219,1493,15,34.7651532856745,0.348535053113572,175
1352.9208984375,1568,15,34.7964032856245,0.348535053113572,161
1365.78125,1559,15,34.8047366189445,0.348535053113572,167
1387.20190429688,1589,18,34.8234866189145,0.348535053113572,174
1464.23815917969,1609,17,34.8297366189045,0.348535053113572,170
1131.11535644531,1563,16,34.9089032854444,0.348535053113572,290
0,0,0,34.9380699520644,0.348535053113572,300
1469.46716308594,1300,14,34.4297366195447,0.346451719783572,212
1479.04833984375,1306,14,34.4359866195347,0.346451719783572,233
1323.95080566406,1389,13,34.6401532858746,0.346451719783572,221
1337.14953613281,1399,13,34.6464032858646,0.346451719783572,218
1363.66931152344,1440,13,34.6672366191645,0.346451719783572,174
1306.24682617188,1453,14,34.6818199524745,0.346451719783572,200
1293.64196777344,1483,14,34.7026532857745,0.346451719783572,183
1281.48364257812,1466,13,34.7339032857245,0.346451719783572,163
1251.85729980469,1499,15,34.7714032856645,0.346451719783572,169
1516.3212890625,1604,14,34.8401532855545,0.346451719783572,175
1201.95141601562,1561,14,34.8922366188044,0.346451719783572,252
1131.11535644531,1563,16,34.9089032854444,0.346451719783572,281
1092.22644042969,1575,16,34.9193199520944,0.346451719783572,247
1115.22839355469,1607,19,34.9297366187444,0.346451719783572,269
1115.22839355469,1607,19,34.9318199520744,0.346451719783572,261
1639.00146484375,1311,13,34.4068199529147,0.344368386453572,203
1469.46716308594,1300,14,34.4276532862147,0.344368386453572,225
1317.12719726562,1310,15,34.5130699527446,0.344368386453572,243
1330.67919921875,1308,15,34.5234866193946,0.344368386453572,208
1362.98352050781,1377,15,34.5839032859646,0.344368386453572,172
1257.46276855469,1502,14,34.7464032857045,0.344368386453572,167
1249.79113769531,1492,15,34.7568199523545,0.344368386453572,177
1464.23815917969,1609,17,34.8318199522345,0.344368386453572,173
1455.58911132812,1587,14,34.8526532855345,0.344368386453572,247
1455.58911132812,1587,14,34.8547366188645,0.344368386453572,254
1455.58911132812,1587,14,34.8589032855245,0.344368386453572,242
1131.11535644531,1563,16,34.9047366187844,0.344368386453572,304
0,0,0,34.9380699520644,0.344368386453572,279
1595.18017578125,1281,12,34.3943199529347,0.342285053123572,195
1373.77722167969,1305,8,34.4922366194446,0.342285053123572,176
1384.52941894531,1332,16,34.5214032860646,0.342285053123572,208
1392.84167480469,1416,13,34.6505699525246,0.342285053123572,183
1276.56188964844,1422,14,34.6818199524745,0.342285053123572,178
1247.23229980469,1470,12,34.7359866190545,0.342285053123572,169
1445.31188964844,1571,16,34.8047366189445,0.342285053123572,175
1429.26196289062,1587,16,34.8130699522645,0.342285053123572,161
1181.80017089844,1569,15,34.8984866187944,0.342285053123572,247
1570.23095703125,1284,11,34.3880699529447,0.340201719793572,261
1595.18017578125,1281,12,34.3964032862647,0.340201719793572,224
1604.87329101562,1307,14,34.4047366195847,0.340201719793572,242
1363.17309570312,1282,16,34.4359866195347,0.340201719793572,257
1341.77404785156,1342,13,34.5630699526646,0.340201719793572,196
1361.56115722656,1372,15,34.6026532859346,0.340201719793572,190
1276.56188964844,1422,14,34.6797366191445,0.340201719793572,190
1243.98913574219,1425,14,34.6943199524545,0.340201719793572,183
1259.86608886719,1452,14,34.7109866190945,0.340201719793572,182
1420.3447265625,1579,16,34.8005699522845,0.340201719793572,173
1181.80017089844,1569,15,34.8984866187944,0.340201719793572,241
1335.64721679688,1264,15,34.4484866195147,0.338118386463572,264
1347.55981445312,1293,15,34.4672366194846,0.338118386463572,206
1385.02856445312,1315,12,34.4776532861346,0.338118386463572,190
1404.72583007812,1380,16,34.5839032859646,0.338118386463572,200
1333.59448242188,1381,14,34.6151532859146,0.338118386463572,173
1389.73706054688,1429,11,34.6589032858446,0.338118386463572,166
1324.689453125,1437,14,34.6714032858245,0.338118386463572,165
1250.15686035156,1435,14,34.7068199524345,0.338118386463572,191
1250.15686035156,1435,14,34.7089032857645,0.338118386463572,188
1266.14440917969,1533,19,34.7734866189945,0.338118386463572,186
1300.39929199219,1553,15,34.8734866188344,0.338118386463572,253
1235.07629394531,1580,13,34.8839032854844,0.338118386463572,240
1109.12133789062,1563,14,34.9130699521044,0.338118386463572,248
1096.16003417969,1574,15,34.9214032854244,0.338118386463572,231
1137.50512695312,1759,25,34.9359866187344,0.338118386463572,284
1570.23095703125,1284,11,34.3859866196147,0.336035053133572,232
1322.52990722656,1274,14,34.4526532861747,0.336035053133572,262
1359.84521484375,1324,15,34.5109866194146,0.336035053133572,196
1384.52941894531,1332,16,34.5234866193946,0.336035053133572,171
1355.63623046875,1322,15,34.5359866193746,0.336035053133572,161
1316.96240234375,1329,15,34.5547366193446,0.336035053133572,189
1372.01025390625,1354,13,34.5714032859846,0.336035053133572,201
1333.59448242188,1381,14,34.6130699525846,0.336035053133572,175
1250.15686035156,1435,14,34.7089032857645,0.336035053133572,189
1445.31188964844,1571,16,34.8026532856145,0.336035053133572,194
1459.5361328125,1585,18,34.8422366188845,0.336035053133572,250
1235.07629394531,1580,13,34.8818199521544,0.336035053133572,242
1096.16003417969,1574,15,34.9234866187544,0.336035053133572,220
1543.15295410156,1279,11,34.3859866196147,0.333951719803572,239
1526.75268554688,1285,14,34.4047366195847,0.333951719803572,231
1328.87268066406,1262,14,34.4339032862047,0.333951719803572,264
1399.9892578125,1326,10,34.4964032861046,0.333951719803572,170
1412.29248046875,1334,13,34.5151532860746,0.333951719803572,185
1430.1669921875,1451,12,34.6484866191946,0.333951719803572,167
1276.44750976562,1403,13,34.6734866191545,0.333951719803572,188
1411.21496582031,1589,14,34.8422366188845,0.333951719803572,262
1354.56762695312,1568,15,34.8672366188445,0.333951719803572,248
1319.40368652344,1268,15,34.4380699528647,0.331868386473572,238
1308.55480957031,1279,14,34.4484866195147,0.331868386473572,233
1308.55480957031,1279,14,34.4505699528447,0.331868386473572,230
1315.53454589844,1287,12,34.4526532861747,0.331868386473572,233
1356.82189941406,1301,13,34.4630699528246,0.331868386473572,209
1410.61315917969,1365,14,34.5401532860346,0.331868386473572,172
1433.30871582031,1365,14,34.5755699526446,0.331868386473572,185
1386.17016601562,1371,12,34.5964032859446,0.331868386473572,199
1384.81518554688,1410,12,34.6568199525146,0.331868386473572,192
1276.44750976562,1403,13,34.6693199524945,0.331868386473572,175
1247.3603515625,1441,15,34.7026532857745,0.331868386473572,176
1247.3603515625,1441,15,34.7047366191045,0.331868386473572,179
1241.1875,1458,12,34.7109866190945,0.331868386473572,172
1246.56225585938,1507,14,34.7609866190145,0.331868386473572,187
1433.47778320312,1591,16,34.8526532855345,0.331868386473572,205
1225.13916015625,1552,14,34.8818199521544,0.331868386473572,253
1543.15295410156,1279,11,34.3901532862747,0.329785053143572,211
1328.87268066406,1262,14,34.4297366195447,0.329785053143572,267
1356.82189941406,1301,13,34.4672366194846,0.329785053143572,197
1396.43005371094,1320,7,34.4880699527846,0.329785053143572,202
1428.6865234375,1390,13,34.5859866192946,0.329785053143572,191
1348.52868652344,1375,13,34.6047366192646,0.329785053143572,193
1320.08972167969,1411,12,34.6651532858345,0.329785053143572,188
1255.47729492188,1421,13,34.6880699524645,0.329785053143572,191
1247.3603515625,1441,15,34.7089032857645,0.329785053143572,174
1369.25476074219,1568,15,34.7839032856445,0.329785053143572,169
1383.91943359375,1574,17,34.8339032855645,0.329785053143572,263
1433.47778320312,1591,16,34.8526532855345,0.329785053143572,209
1433.47778320312,1591,16,34.8547366188645,0.329785053143572,237
1354.56762695312,1568,15,34.8672366188445,0.329785053143572,249
1277.31823730469,1582,15,34.8734866188344,0.329785053143572,255
1201.12231445312,1582,19,34.8984866187944,0.329785053143572,254
1112.29736328125,1570,16,34.9214032854244,0.329785053143572,246
1526.75268554688,1285,14,34.4089032862447,0.327701719813572,260
1328.87268066406,1262,14,34.4297366195447,0.327701719813572,231
1328.87268066406,1262,14,34.4339032862047,0.327701719813572,221
1377.28442382812,1347,16,34.5443199526946,0.327701719813572,161
1377.28442382812,1347,16,34.5505699526846,0.327701719813572,155
1430.1669921875,1451,12,34.6505699525246,0.327701719813572,184
1258.55590820312,1413,13,34.6818199524745,0.327701719813572,168
1255.47729492188,1421,13,34.6880699524645,0.327701719813572,201
1241.1875,1458,12,34.7109866190945,0.327701719813572,160
1257.90368652344,1476,13,34.7276532857345,0.327701719813572,181
1236.02502441406,1498,14,34.7589032856845,0.327701719813572,171
1369.25476074219,1568,15,34.7776532856545,0.327701719813572,175
1411.21496582031,1589,14,34.8380699522245,0.327701719813572,248
1411.21496582031,1589,14,34.8401532855545,0.327701719813572,265
1454.04077148438,1605,15,34.8443199522145,0.327701719813572,221
1179.48510742188,1574,14,34.9026532854544,0.327701719813572,234
1112.29736328125,1570,16,34.9214032854244,0.327701719813572,245
1132.37084960938,1664,23,34.9380699520644,0.327701719813572,278
1360.7294921875,1255,15,34.4130699529047,0.325618386483572,270
1315.56811523438,1271,14,34.4255699528847,0.325618386483572,216
1302.43603515625,1278,12,34.4276532862147,0.325618386483572,208
1302.43603515625,1278,12,34.4339032862047,0.325618386483572,209
1274.01806640625,1277,12,34.4547366195047,0.325618386483572,203
1432.23852539062,1352,12,34.5109866194146,0.325618386483572,182
1432.23852539062,1352,12,34.5130699527446,0.325618386483572,191
1450.52722167969,1361,12,34.5234866193946,0.325618386483572,167
1414.34497070312,1375,14,34.5901532859546,0.325618386483572,175
1296.05725097656,1364,12,34.6109866192546,0.325618386483572,185
1246.58056640625,1468,14,34.7214032857445,0.325618386483572,191
1376.04345703125,1569,15,34.8422366188845,0.325618386483572,230
1255.06188964844,1576,15,34.8714032855044,0.325618386483572,255
1255.06188964844,1576,15,34.8755699521644,0.325618386483572,265
1218.84313964844,1567,17,34.8984866187944,0.325618386483572,250
1466.06945800781,1268,14,34.4089032862447,0.323535053153572,254
1360.7294921875,1255,15,34.4172366195647,0.323535053153572,238
1320.76965332031,1287,10,34.4776532861346,0.323535053153572,193
1308.20104980469,1385,13,34.6047366192646,0.323535053153572,177
1409.27429199219,1410,12,34.6359866192146,0.323535053153572,166
1287.90563964844,1441,12,34.6964032857845,0.323535053153572,186
1287.90563964844,1441,12,34.6984866191145,0.323535053153572,178
1278.36437988281,1480,16,34.7297366190645,0.323535053153572,186
1278.36437988281,1480,16,34.7339032857245,0.323535053153572,168
1294.34631347656,1493,15,34.7380699523845,0.323535053153572,167
1260.35815429688,1502,13,34.7526532856945,0.323535053153572,185
1326.44250488281,1518,16,34.7714032856645,0.323535053153572,208
1415.36535644531,1564,17,34.7818199523145,0.323535053153572,174
1376.04345703125,1569,15,34.8380699522245,0.323535053153572,245
1376.04345703125,1569,15,34.8422366188845,0.323535053153572,200
1218.84313964844,1567,17,34.8943199521344,0.323535053153572,274
1203.44372558594,1596,15,34.9047366187844,0.323535053153572,243
1274.01806640625,1277,12,34.4547366195047,0.321451719823572,231
1344.34436035156,1354,12,34.5964032859446,0.321451719823572,192
1267.83837890625,1398,13,34.6630699525046,0.321451719823572,189
1267.12280273438,1438,14,34.6839032858045,0.321451719823572,179
1285.83386230469,1431,13,34.6901532857945,0.321451719823572,196
1278.36437988281,1480,16,34.7318199523945,0.321451719823572,178
1272.29016113281,1503,13,34.7651532856745,0.321451719823572,193
1326.44250488281,1518,16,34.7714032856645,0.321451719823572,210
1203.44372558594,1596,15,34.9068199521144,0.321451719823572,240
1171.35815429688,1584,17,34.9151532854344,0.321451719823572,282
1523.17077636719,1270,12,34.3859866196147,0.319368386493572,261
1523.17077636719,1270,12,34.3901532862747,0.319368386493572,265
1466.06945800781,1268,14,34.4026532862547,0.319368386493572,274
1466.06945800781,1268,14,34.4089032862447,0.319368386493572,252
1302.43603515625,1278,12,34.4318199528747,0.319368386493572,209
1293.849609375,1295,13,34.4630699528246,0.319368386493572,217
1450.52722167969,1361,12,34.5255699527246,0.319368386493572,169
1478.96472167969,1369,14,34.5609866193346,0.319368386493572,178
1482.58227539062,1371,11,34.5839032859646,0.319368386493572,190
1296.05725097656,1364,12,34.6109866192546,0.319368386493572,176
1410.23937988281,1423,13,34.6464032858646,0.319368386493572,185
1410.23937988281,1423,13,34.6484866191946,0.319368386493572,186
1264.33972167969,1445,14,34.7026532857745,0.319368386493572,176
1376.04345703125,1569,15,34.8422366188845,0.319368386493572,208
1414.12121582031,1597,15,34.8505699522045,0.319368386493572,221
1128.31774902344,1667,22,34.9401532853944,0.319368386493572,302
1227.46594238281,1276,12,34.4630699528246,0.317285053163572,220
1234.37768554688,1276,11,34.4693199528146,0.317285053163572,206
1371.73962402344,1342,13,34.5047366194246,0.317285053163572,191
1410.32495117188,1337,13,34.5276532860546,0.317285053163572,177
1443.37255859375,1349,14,34.5422366193646,0.317285053163572,176
1494.14855957031,1374,13,34.5464032860246,0.317285053163572,162
1376.64733886719,1349,13,34.5859866192946,0.317285053163572,175
1298.29724121094,1375,12,34.6005699526046,0.317285053163572,170
1279.59350585938,1349,12,34.6130699525846,0.317285053163572,178
1322.20935058594,1367,16,34.6193199525746,0.317285053163572,190
1354.16613769531,1398,12,34.6505699525246,0.317285053163572,172
1304.3291015625,1511,13,34.7505699523645,0.317285053163572,172
1441.65454101562,1556,18,34.7839032856445,0.317285053163572,161
1347.66979980469,1546,13,34.8276532855745,0.317285053163572,262
1346.55041503906,1571,15,34.8380699522245,0.317285053163572,226
1281.6982421875,1570,18,34.8630699521845,0.317285053163572,264
1541.22058105469,1272,13,34.3859866196147,0.315201719833572,245
1541.22058105469,1272,13,34.3880699529447,0.315201719833572,246
1568.47924804688,1287,13,34.3984866195947,0.315201719833572,254
1263.58337402344,1271,13,34.4234866195547,0.315201719833572,200
1230.40759277344,1264,13,34.4505699528447,0.315201719833572,219
1376.64733886719,1349,13,34.5880699526246,0.315201719833572,181
1271.78686523438,1357,10,34.6068199525946,0.315201719833572,170
1354.16613769531,1398,12,34.6484866191946,0.315201719833572,188
1285.16662597656,1475,15,34.7005699524445,0.315201719833572,173
1434.91284179688,1557,18,34.7984866189545,0.315201719833572,195
1401.54772949219,1570,20,34.8172366189245,0.315201719833572,223
1346.55041503906,1571,15,34.8359866188945,0.315201719833572,232
1238.29870605469,1557,16,34.8693199521745,0.315201719833572,280
1225.21899414062,1568,14,34.8839032854844,0.315201719833572,267
1207.63977050781,1591,16,34.9047366187844,0.315201719833572,258
1492.98205566406,1267,13,34.3839032862847,0.313118386503572,233
1222.27062988281,1262,12,34.4526532861747,0.313118386503572,225
1323.00964355469,1310,13,34.4943199527746,0.313118386503572,194
1525.90026855469,1379,13,34.5693199526546,0.313118386503572,195
1322.20935058594,1367,16,34.6234866192346,0.313118386503572,198
1257.68615722656,1457,15,34.7047366191045,0.313118386503572,182
1316.24145507812,1516,14,34.7401532857145,0.313118386503572,167
1401.54772949219,1570,20,34.8172366189245,0.313118386503572,245
1238.29870605469,1557,16,34.8734866188344,0.313118386503572,275
1180.86499023438,1596,14,34.9151532854344,0.313118386503572,250
1227.46594238281,1276,12,34.4672366194846,0.311035053173572,213
1371.73962402344,1342,13,34.5068199527546,0.311035053173572,163
1387.623046875,1332,14,34.5151532860746,0.311035053173572,166
1397.51831054688,1351,14,34.5193199527346,0.311035053173572,175
1475.96411132812,1383,11,34.5776532859746,0.311035053173572,156
1475.96411132812,1383,11,34.5818199526346,0.311035053173572,153
1369.38977050781,1400,13,34.6297366192246,0.311035053173572,185
1229.54187011719,1436,15,34.7130699524245,0.311035053173572,203
1287.6435546875,1513,14,34.7276532857345,0.311035053173572,179
1346.55041503906,1571,15,34.8401532855545,0.311035053173572,203
1330.23034667969,1565,15,34.8589032855245,0.311035053173572,246
1225.21899414062,1568,14,34.8818199521544,0.311035053173572,250
1225.21899414062,1568,14,34.8839032854844,0.311035053173572,260
1491.11352539062,1271,13,34.3839032862847,0.308951719843572,219
1250.38391113281,1269,11,34.4547366195047,0.308951719843572,217
1256.4228515625,1267,12,34.4714032861446,0.308951719843572,224
1219.42297363281,1274,10,34.4859866194546,0.308951719843572,189
1367.00988769531,1349,14,34.5318199527146,0.308951719843572,159
1443.81982421875,1376,11,34.5380699527046,0.308951719843572,173
1534.76306152344,1362,12,34.5672366193246,0.308951719843572,206
1264.71435546875,1350,11,34.6047366192646,0.308951719843572,195
1343.90441894531,1386,13,34.6234866192346,0.308951719843572,184
1226.81079101562,1418,14,34.6818199524745,0.308951719843572,191
1252.04919433594,1442,15,34.6964032857845,0.308951719843572,175
1246.66564941406,1413,13,34.7026532857745,0.308951719843572,191
1238.41857910156,1446,12,34.7109866190945,0.308951719843572,207
1311.2236328125,1513,15,34.7464032857045,0.308951719843572,166
1230.58776855469,1576,15,34.8839032854844,0.308951719843572,264
1126.89758300781,1635,20,34.9484866187144,0.308951719843572,266
1578.14697265625,1291,12,34.4005699529247,0.306868386513572,202
1250.38391113281,1269,11,34.4547366195047,0.306868386513572,220
1253.71130371094,1307,13,34.4984866194346,0.306868386513572,200
1213.61669921875,1407,13,34.6714032858245,0.306868386513572,194
1241.55834960938,1429,17,34.6922366191245,0.306868386513572,194
1247.330078125,1478,13,34.7193199524145,0.306868386513572,210
1374.66967773438,1522,14,34.7609866190145,0.306868386513572,193
1386.41479492188,1551,18,34.8068199522745,0.306868386513572,210
1347.58190917969,1566,15,34.8193199522545,0.306868386513572,258
1162.10583496094,1600,15,34.9214032854244,0.306868386513572,268
1300.99938964844,1314,13,34.5172366194046,0.304785053183572,164
1443.81982421875,1376,11,34.5359866193746,0.304785053183572,158
1567.32397460938,1395,11,34.5589032860046,0.304785053183572,165
1229.208984375,1369,13,34.6589032858446,0.304785053183572,214
1330.76647949219,1522,14,34.7589032856845,0.304785053183572,182
1386.41479492188,1551,18,34.8026532856145,0.304785053183572,243
1370.77917480469,1544,19,34.8172366189245,0.304785053183572,270
1292.40661621094,1551,14,34.8484866188745,0.304785053183572,252
1259.80981445312,1565,17,34.8672366188445,0.304785053183572,261
1225.56591796875,1582,16,34.8859866188144,0.304785053183572,256
1202.87390136719,1576,16,34.9068199521144,0.304785053183572,259
1215.18957519531,1250,12,34.4255699528847,0.302701719853572,206
1291.87292480469,1323,12,34.5068199527546,0.302701719853572,174
1319.54309082031,1314,12,34.5193199527346,0.302701719853572,167
1299.69787597656,1359,11,34.6130699525846,0.302701719853572,172
1343.90441894531,1386,13,34.6255699525646,0.302701719853572,174
1229.208984375,1369,13,34.6589032858446,0.302701719853572,208
1213.61669921875,1407,13,34.6734866191545,0.302701719853572,203
1226.81079101562,1418,14,34.6776532858145,0.302701719853572,193
1311.2236328125,1513,15,34.7505699523645,0.302701719853572,194
1465.76196289062,1553,21,34.7839032856445,0.302701719853572,248
1370.77917480469,1544,19,34.8109866189345,0.302701719853572,271
1292.40661621094,1551,14,34.8443199522145,0.302701719853572,231
1278.36975097656,1547,17,34.8547366188645,0.302701719853572,255
1225.56591796875,1582,16,34.8901532854744,0.302701719853572,270
1218.31140136719,1578,17,34.8984866187944,0.302701719853572,255
1497.78381347656,1270,13,34.3922366196047,0.300618386523572,236
1196.95129394531,1265,9,34.4339032862047,0.300618386523572,193
1244.52478027344,1269,11,34.4380699528647,0.300618386523572,192
1317.88842773438,1335,9,34.5297366193846,0.300618386523572,156
1462.607421875,1338,13,34.5672366193246,0.300618386523572,187
1305.99401855469,1381,13,34.6339032858846,0.300618386523572,178
1279.62658691406,1368,13,34.6359866192146,0.300618386523572,180
1213.42309570312,1385,13,34.6609866191746,0.300618386523572,204
1205.92736816406,1377,13,34.6714032858245,0.300618386523572,215
1256.69909667969,1456,14,34.7026532857745,0.300618386523572,209
1467.09887695312,1537,15,34.7630699523445,0.300618386523572,172
1408.13366699219,1530,17,34.7984866189545,0.300618386523572,266
1264.70288085938,1563,15,34.8547366188645,0.300618386523572,264
1202.79113769531,1595,24,34.9068199521144,0.300618386523572,269
1190.25671386719,1590,15,34.9172366187644,0.300618386523572,260
1160.09521484375,1600,14,34.9339032854044,0.300618386523572,280
1137.83801269531,1597,20,34.9422366187244,0.300618386523572,251
1497.78381347656,1270,13,34.3880699529447,0.298535053193572,247
1491.67065429688,1279,11,34.3984866195947,0.298535053193572,209
1196.95129394531,1265,9,34.4318199528747,0.298535053193572,196
1241.58117675781,1306,13,34.5109866194146,0.298535053193572,186
1321.20544433594,1402,12,34.6234866192346,0.298535053193572,172
1200.51586914062,1382,13,34.6797366191445,0.298535053193572,227
1295.41540527344,1485,15,34.7359866190545,0.298535053193572,193
1411.34680175781,1522,16,34.7589032856845,0.298535053193572,182
1308.06860351562,1541,20,34.8234866189145,0.298535053193572,305
1196.95129394531,1265,9,34.4318199528747,0.296451719863572,193
1196.95129394531,1265,9,34.4339032862047,0.296451719863572,196
1241.58117675781,1306,13,34.5130699527446,0.296451719863572,189
1241.58117675781,1306,13,34.5172366194046,0.296451719863572,174
1266.9677734375,1330,11,34.5234866193946,0.296451719863572,159
1317.88842773438,1335,9,34.5276532860546,0.296451719863572,158
1462.607421875,1338,13,34.5630699526646,0.296451719863572,179
1251.431640625,1351,12,34.5943199526146,0.296451719863572,207
1305.99401855469,1381,13,34.6339032858846,0.296451719863572,191
1213.42309570312,1385,13,34.6672366191645,0.296451719863572,215
1210.94738769531,1409,13,34.6922366191245,0.296451719863572,187
1470.49877929688,1539,20,34.7818199523145,0.296451719863572,264
1491.67065429688,1279,11,34.4005699529247,0.294368386533572,250
1196.95129394531,1265,9,34.4339032862047,0.294368386533572,203
1244.52478027344,1269,11,34.4422366195247,0.294368386533572,199
1300.46179199219,1290,14,34.4443199528547,0.294368386533572,189
1387.95288085938,1306,12,34.4693199528146,0.294368386533572,199
1267.11169433594,1366,11,34.6068199525946,0.294368386533572,179
1305.99401855469,1381,13,34.6339032858846,0.294368386533572,208
1252.12487792969,1362,13,34.6443199525346,0.294368386533572,205
1213.42309570312,1385,13,34.6651532858345,0.294368386533572,188
1341.72814941406,1501,15,34.7484866190345,0.294368386533572,203
1411.34680175781,1522,16,34.7568199523545,0.294368386533572,176
1470.49877929688,1539,20,34.7797366189845,0.294368386533572,251
1450.57153320312,1576,24,34.7859866189745,0.294368386533572,269
1308.06860351562,1541,20,34.8214032855845,0.294368386533572,316
1269.57214355469,1535,15,34.8422366188845,0.294368386533572,320
1177.81799316406,1598,15,34.9193199520944,0.294368386533572,281
1247.81140136719,1356,12,34.6151532859146,0.292285053203572,167
1264.70263671875,1499,15,34.7026532857745,0.292285053203572,192
1264.70263671875,1499,15,34.7068199524345,0.292285053203572,189
1287.09057617188,1475,16,34.7130699524245,0.292285053203572,194
1295.43469238281,1520,20,34.8214032855845,0.292285053203572,295
1264.88806152344,1548,21,34.8505699522045,0.292285053203572,245
1205.46716308594,1591,15,34.9089032854444,0.292285053203572,253
1197.24401855469,1593,15,34.9130699521044,0.292285053203572,257
1276.43249511719,1257,11,34.4068199529147,0.290201719873572,232
1176.8056640625,1246,11,34.4255699528847,0.290201719873572,213
1205.71533203125,1258,10,34.4318199528747,0.290201719873572,207
1230.29809570312,1313,10,34.5109866194146,0.290201719873572,177
1230.29809570312,1313,10,34.5130699527446,0.290201719873572,178
1353.56896972656,1333,11,34.5422366193646,0.290201719873572,187
1250.67663574219,1382,13,34.6359866192146,0.290201719873572,197
1220.18029785156,1406,13,34.6859866191345,0.290201719873572,211
1338.80554199219,1515,17,34.7401532857145,0.290201719873572,190
1333.91027832031,1541,22,34.8026532856145,0.290201719873572,239
1240.681640625,1568,24,34.8859866188144,0.290201719873572,274
1197.24401855469,1593,15,34.9172366187644,0.290201719873572,287
1178.76147460938,1614,14,34.9339032854044,0.290201719873572,249
1132.73156738281,1643,17,34.9443199520544,0.290201719873572,209
1136.85864257812,1665,23,34.9526532853744,0.290201719873572,258
1205.71533203125,1258,10,34.4318199528747,0.288118386543572,209
1390.8974609375,1307,8,34.4776532861346,0.288118386543572,180
1256.91711425781,1276,12,34.4880699527846,0.288118386543572,208
1230.29809570312,1313,10,34.5151532860746,0.288118386543572,167
1254.85327148438,1303,10,34.5234866193946,0.288118386543572,176
1427.48352050781,1351,14,34.5589032860046,0.288118386543572,182
1301.62536621094,1351,12,34.5734866193146,0.288118386543572,204
1245.05834960938,1358,10,34.6047366192646,0.288118386543572,178
1287.09057617188,1475,16,34.7151532857545,0.288118386543572,212
1561.79064941406,1552,13,34.7609866190145,0.288118386543572,198
1561.79064941406,1552,13,34.7630699523445,0.288118386543572,187
1387.82763671875,1537,19,34.7880699523045,0.288118386543572,258
1359.4560546875,1541,22,34.7943199522945,0.288118386543572,250
1295.43469238281,1520,20,34.8193199522545,0.288118386543572,198
1278.86926269531,1571,19,34.8568199521945,0.288118386543572,260
1293.126953125,1581,16,34.8714032855044,0.288118386543572,243
1216.67260742188,1577,16,34.8964032854644,0.288118386543572,265
1197.24401855469,1593,15,34.9109866187744,0.288118386543572,259
1197.24401855469,1593,15,34.9130699521044,0.288118386543572,259
1197.24401855469,1593,15,34.9172366187644,0.288118386543572,290
1346.06726074219,1263,11,34.3964032862647,0.286035053213572,235
1200.04602050781,1237,13,34.4130699529047,0.286035053213572,277
1176.8056640625,1246,11,34.4255699528847,0.286035053213572,202
1351.67224121094,1310,12,34.4464032861847,0.286035053213572,187
1426.97521972656,1366,13,34.5484866193546,0.286035053213572,168
1357.1201171875,1328,12,34.5651532859946,0.286035053213572,186
1281.97619628906,1325,12,34.5839032859646,0.286035053213572,191
1247.81140136719,1356,12,34.6109866192546,0.286035053213572,194
1250.67663574219,1382,13,34.6359866192146,0.286035053213572,185
1250.67663574219,1382,13,34.6422366192046,0.286035053213572,182
1218.39208984375,1393,13,34.6818199524745,0.286035053213572,204
1220.18029785156,1406,13,34.6880699524645,0.286035053213572,195
1240.76770019531,1446,13,34.7005699524445,0.286035053213572,189
1561.79064941406,1552,13,34.7651532856745,0.286035053213572,195
1264.88806152344,1548,21,34.8464032855445,0.286035053213572,246
1190.814453125,1627,17,34.9234866187544,0.286035053213572,260
1154.19702148438,1633,15,34.9401532853944,0.286035053213572,240
1632.20288085938,1359,11,34.4609866194946,0.283951719883572,199
1572.09240722656,1332,13,34.4714032861446,0.283951719883572,177
1243.10437011719,1302,11,34.5109866194146,0.283951719883572,200
1338.05200195312,1513,17,34.7922366189645,0.283951719883572,211
1311.01916503906,1544,17,34.8109866189345,0.283951719883572,199
1309.5830078125,1546,17,34.8193199522545,0.283951719883572,194
1269.50622558594,1580,21,34.8901532854744,0.283951719883572,267
1159.38220214844,1639,14,34.9401532853944,0.283951719883572,249
1220.28491210938,1273,10,34.4276532862147,0.281868386553572,200
1542.73864746094,1334,12,34.4589032861646,0.281868386553572,194
1265.37561035156,1322,10,34.5630699526646,0.281868386553572,194
1265.37561035156,1322,10,34.5651532859946,0.281868386553572,202
1233.72009277344,1341,10,34.6005699526046,0.281868386553572,185
1226.62622070312,1395,12,34.6359866192146,0.281868386553572,197
1241.42687988281,1381,11,34.6484866191946,0.281868386553572,217
1245.67443847656,1405,12,34.6609866191746,0.281868386553572,182
1290.34143066406,1478,14,34.7151532857545,0.281868386553572,164
1356.14221191406,1500,15,34.7276532857345,0.281868386553572,162
1305.55065917969,1596,15,34.8839032854844,0.281868386553572,251
1234.2236328125,1581,17,34.8984866187944,0.281868386553572,250
1181.51586914062,1643,14,34.9318199520744,0.281868386553572,248
1189.79260253906,1233,12,34.4047366195847,0.279785053223572,255
1395.77966308594,1296,11,34.4505699528447,0.279785053223572,192
1632.20288085938,1359,11,34.4630699528246,0.279785053223572,188
1572.09240722656,1332,13,34.4693199528146,0.279785053223572,194
1572.09240722656,1332,13,34.4755699528046,0.279785053223572,188
1411.52868652344,1297,10,34.4776532861346,0.279785053223572,206
1278.00170898438,1286,10,34.4901532861146,0.279785053223572,203
1242.82604980469,1302,12,34.5068199527546,0.279785053223572,181
1244.89770507812,1320,12,34.5714032859846,0.279785053223572,183
1253.61901855469,1366,11,34.5901532859546,0.279785053223572,173
1204.19201660156,1357,13,34.6276532858946,0.279785053223572,205
1226.62622070312,1395,12,34.6401532858746,0.279785053223572,175
1309.5830078125,1546,17,34.8255699522445,0.279785053223572,211
1285.40393066406,1566,17,34.8401532855545,0.279785053223572,189
1290.45593261719,1579,22,34.8526532855345,0.279785053223572,265
1305.55065917969,1596,15,34.8797366188244,0.279785053223572,242
1191.59875488281,1629,14,34.9214032854244,0.279785053223572,256
1181.51586914062,1643,14,34.9297366187444,0.279785053223572,263
1159.38220214844,1639,14,34.9422366187244,0.279785053223572,235
1135.28308105469,1612,16,34.9484866187144,0.279785053223572,241
1132.47741699219,1625,22,34.9526532853744,0.279785053223572,262
1286.35961914062,1281,10,34.4401532861947,0.277701719893572,190
1632.20288085938,1359,11,34.4651532861546,0.277701719893572,214
1243.87670898438,1288,12,34.4943199527746,0.277701719893572,192
1244.89770507812,1320,12,34.5755699526446,0.277701719893572,184
1253.61901855469,1366,11,34.5880699526246,0.277701719893572,169
1226.62622070312,1395,12,34.6380699525446,0.277701719893572,193
1578.236328125,1578,13,34.7589032856845,0.277701719893572,181
1309.5830078125,1546,17,34.8193199522545,0.277701719893572,201
1214.13842773438,1613,21,34.9026532854544,0.277701719893572,246
1191.59875488281,1629,14,34.9234866187544,0.277701719893572,265
1167.63366699219,1238,11,34.4089032862447,0.275618386563572,251
1170.61157226562,1243,10,34.4172366195647,0.275618386563572,221
1556.38464355469,1329,14,34.4755699528046,0.275618386563572,209
1294.52026367188,1293,11,34.4922366194446,0.275618386563572,200
1234.42565917969,1342,10,34.5839032859646,0.275618386563572,190
1203.80383300781,1341,13,34.6276532858946,0.275618386563572,198
1325.98950195312,1490,14,34.7193199524145,0.275618386563572,185
1325.98950195312,1490,14,34.7214032857445,0.275618386563572,185
1453.95141601562,1530,16,34.7464032857045,0.275618386563572,171
1516.71960449219,1548,13,34.7526532856945,0.275618386563572,182
1516.71960449219,1548,13,34.7589032856845,0.275618386563572,178
1346.74353027344,1526,15,34.7797366189845,0.275618386563572,199
1328.6259765625,1533,17,34.7901532856345,0.275618386563572,213
1326.87829589844,1523,18,34.7943199522945,0.275618386563572,213
1132.66174316406,1631,13,34.9443199520544,0.275618386563572,250
1556.38464355469,1329,14,34.4734866194746,0.273535053233572,193
1399.72058105469,1298,12,34.4776532861346,0.273535053233572,198
1294.52026367188,1293,11,34.4880699527846,0.273535053233572,195
1227.25244140625,1335,13,34.5859866192946,0.273535053233572,201
1214.17333984375,1332,11,34.6068199525946,0.273535053233572,199
1208.8896484375,1378,13,34.6568199525146,0.273535053233572,200
1293.98803710938,1457,14,34.6901532857945,0.273535053233572,218
1297.32421875,1477,15,34.7130699524245,0.273535053233572,169
1325.98950195312,1490,14,34.7214032857445,0.273535053233572,182
1516.71960449219,1548,13,34.7589032856845,0.273535053233572,173
1181.09924316406,1604,15,34.9234866187544,0.273535053233572,248
1126.88525390625,1634,22,34.9568199520344,0.273535053233572,264
1172.85998535156,1236,13,34.3943199529347,0.271451719903572,235
1293.59228515625,1317,11,34.5068199527546,0.271451719903572,162
1282.3564453125,1307,10,34.5297366193846,0.271451719903572,198
1213.83459472656,1319,13,34.5984866192746,0.271451719903572,205
1203.80383300781,1341,13,34.6297366192246,0.271451719903572,204
1409.42358398438,1529,15,34.7359866190545,0.271451719903572,187
1409.42358398438,1529,15,34.7401532857145,0.271451719903572,194
1328.6259765625,1533,17,34.7859866189745,0.271451719903572,184
1271.32641601562,1574,21,34.8464032855445,0.271451719903572,222
1226.89624023438,1596,17,34.9026532854544,0.271451719903572,265
1201.74719238281,1582,14,34.9151532854344,0.271451719903572,291
1132.66174316406,1631,13,34.9505699520444,0.271451719903572,281
1236.943359375,1278,11,34.4276532862147,0.269368386573572,190
1313.56201171875,1298,9,34.4422366195247,0.269368386573572,196
1648.09973144531,1362,12,34.4651532861546,0.269368386573572,206
1293.59228515625,1317,11,34.5089032860846,0.269368386573572,166
1279.56115722656,1314,10,34.5484866193546,0.269368386573572,182
1198.87268066406,1363,12,34.6359866192146,0.269368386573572,199
1289.76989746094,1447,14,34.7089032857645,0.269368386573572,176
1279.56298828125,1549,16,34.8380699522245,0.269368386573572,193
1319.27099609375,1593,22,34.8776532854944,0.269368386573572,261
1319.27099609375,1593,22,34.8818199521544,0.269368386573572,244
1256.97973632812,1577,21,34.9005699521244,0.269368386573572,267
1591.68859863281,1343,10,34.4651532861546,0.267285053243572,215
1395.74145507812,1329,10,34.4818199527946,0.267285053243572,211
1349.35498046875,1333,13,34.5359866193746,0.267285053243572,174
1349.35498046875,1333,13,34.5380699527046,0.267285053243572,162
1243.63403320312,1349,12,34.6005699526046,0.267285053243572,175
1294.96801757812,1363,11,34.6172366192446,0.267285053243572,190
1315.08142089844,1475,13,34.7047366191045,0.267285053243572,173
1300.58154296875,1514,16,34.7839032856445,0.267285053243572,203
1303.27185058594,1529,15,34.8214032855845,0.267285053243572,200
1272.96740722656,1555,17,34.8401532855545,0.267285053243572,198
1214.99096679688,1599,16,34.9172366187644,0.267285053243572,241
1199.9951171875,1252,9,34.4089032862447,0.265201719913572,193
1310.51867675781,1297,11,34.4880699527846,0.265201719913572,228
1318.79150390625,1324,12,34.4943199527746,0.265201719913572,199
1352.43908691406,1339,9,34.5026532860946,0.265201719913572,164
1183.84851074219,1356,12,34.6505699525246,0.265201719913572,173
1328.08166503906,1450,14,34.6880699524645,0.265201719913572,204
1327.57421875,1477,12,34.6943199524545,0.265201719913572,195
1327.57421875,1477,12,34.6964032857845,0.265201719913572,196
1302.20202636719,1479,13,34.7151532857545,0.265201719913572,182
1305.64660644531,1473,14,34.7214032857445,0.265201719913572,184
1331.99951171875,1503,16,34.7297366190645,0.265201719913572,176
1300.58154296875,1514,16,34.7797366189845,0.265201719913572,205
1300.58154296875,1514,16,34.7818199523145,0.265201719913572,215
1303.27185058594,1529,15,34.8234866189145,0.265201719913572,193
1289.697265625,1532,16,34.8318199522345,0.265201719913572,207
1270.88562011719,1578,16,34.8672366188445,0.265201719913572,242
1293.65856933594,1615,18,34.8755699521644,0.265201719913572,257
1300.44775390625,1615,20,34.8818199521544,0.265201719913572,244
1300.44775390625,1615,20,34.8839032854844,0.265201719913572,243
1244.09228515625,1606,17,34.9068199521144,0.265201719913572,250
1187.5263671875,1590,19,34.9255699520844,0.265201719913572,241
1137.63940429688,1631,13,34.9464032853844,0.265201719913572,275
1519.40405273438,1316,10,34.4714032861446,0.263118386583572,179
1352.43908691406,1339,9,34.5089032860846,0.263118386583572,189
1360.84741210938,1342,10,34.5214032860646,0.263118386583572,166
1273.37951660156,1329,12,34.5693199526546,0.263118386583572,176
1282.65588378906,1379,11,34.6255699525646,0.263118386583572,179
1237.46105957031,1356,10,34.6276532858946,0.263118386583572,181
1262.28405761719,1424,14,34.6734866191545,0.263118386583572,185
1305.64660644531,1473,14,34.7193199524145,0.263118386583572,186
1373.87329101562,1512,17,34.7464032857045,0.263118386583572,191
1303.27185058594,1529,15,34.8214032855845,0.263118386583572,213
1303.27185058594,1529,15,34.8255699522445,0.263118386583572,198
1289.697265625,1532,16,34.8339032855645,0.263118386583572,197
1346.59948730469,1299,10,34.4380699528647,0.261035053253572,208
1352.43908691406,1339,9,34.5026532860946,0.261035053253572,168
1360.84741210938,1342,10,34.5255699527246,0.261035053253572,178
1301.01745605469,1329,9,34.5547366193446,0.261035053253572,169
1243.63403320312,1349,12,34.6005699526046,0.261035053253572,171
1237.46105957031,1356,10,34.6276532858946,0.261035053253572,194
1202.82470703125,1363,10,34.6401532858746,0.261035053253572,182
1183.84851074219,1356,12,34.6484866191946,0.261035053253572,196
1303.45446777344,1463,15,34.6818199524745,0.261035053253572,183
1302.20202636719,1479,13,34.7109866190945,0.261035053253572,186
1302.20202636719,1479,13,34.7151532857545,0.261035053253572,180
1399.81896972656,1524,13,34.7589032856845,0.261035053253572,180
1244.09228515625,1606,17,34.9089032854444,0.261035053253572,259
1307.47241210938,1285,11,34.4193199528947,0.258951719923572,184
1395.89880371094,1323,9,34.4797366194646,0.258951719923572,184
1349.92248535156,1325,9,34.5005699527646,0.258951719923572,186
1438.43640136719,1358,11,34.5214032860646,0.258951719923572,166
1432.8583984375,1356,14,34.5464032860246,0.258951719923572,179
1356.07116699219,1366,13,34.5755699526446,0.258951719923572,188
1321.55383300781,1357,13,34.5943199526146,0.258951719923572,176
1346.7255859375,1375,12,34.6047366192646,0.258951719923572,159
1351.27990722656,1389,13,34.6193199525746,0.258951719923572,171
1244.38745117188,1381,10,34.6401532858746,0.258951719923572,187
1319.58825683594,1480,15,34.7443199523745,0.258951719923572,194
1332.13671875,1544,16,34.7943199522945,0.258951719923572,187
1278.91467285156,1551,17,34.8484866188745,0.258951719923572,233
1278.91467285156,1551,17,34.8505699522045,0.258951719923572,262
1168.81481933594,1621,19,34.9359866187344,0.258951719923572,229
1398.85546875,1346,8,34.5068199527546,0.256868386593572,173
1357.22314453125,1340,12,34.5609866193346,0.256868386593572,174
1244.38745117188,1381,10,34.6401532858746,0.256868386593572,188
1272.23010253906,1468,15,34.7193199524145,0.256868386593572,188
1307.39831542969,1481,17,34.7359866190545,0.256868386593572,197
1255.40844726562,1497,17,34.7818199523145,0.256868386593572,196
1212.1025390625,1610,21,34.9255699520844,0.256868386593572,211
1189.48974609375,1605,20,34.9339032854044,0.256868386593572,230
1325.79370117188,1289,9,34.4318199528747,0.254785053263572,181
1357.22314453125,1340,12,34.5609866193346,0.254785053263572,166
1356.07116699219,1366,13,34.5714032859846,0.254785053263572,182
1360.00158691406,1384,12,34.5776532859746,0.254785053263572,182
1244.38745117188,1381,10,34.6401532858746,0.254785053263572,188
1289.42785644531,1457,17,34.6714032858245,0.254785053263572,186
1332.83251953125,1449,14,34.6797366191445,0.254785053263572,175
1319.58825683594,1480,15,34.7464032857045,0.254785053263572,193
1299.13757324219,1504,15,34.7630699523445,0.254785053263572,197
1284.23889160156,1519,16,34.7901532856345,0.254785053263572,198
1363.53735351562,1542,15,34.8026532856145,0.254785053263572,192
1363.53735351562,1542,15,34.8089032856045,0.254785053263572,198
1322.42175292969,1562,17,34.8339032855645,0.254785053263572,200
1287.56372070312,1575,16,34.8714032855044,0.254785053263572,234
1254.39978027344,1619,20,34.9068199521144,0.254785053263572,236
1159.65209960938,1653,24,34.9651532853544,0.254785053263572,246
1268.40344238281,1258,8,34.4068199529147,0.252701719933572,179
1325.79370117188,1289,9,34.4297366195447,0.252701719933572,198
1496.70849609375,1360,10,34.4609866194946,0.252701719933572,179
1496.70849609375,1360,10,34.4630699528246,0.252701719933572,183
1475.28015136719,1349,11,34.4714032861446,0.252701719933572,186
1349.92248535156,1325,9,34.4964032861046,0.252701719933572,188
1432.8583984375,1356,14,34.5443199526946,0.252701719933572,195
1346.7255859375,1375,12,34.6026532859346,0.252701719933572,148
1255.40844726562,1497,17,34.7839032856445,0.252701719933572,198
1284.23889160156,1519,16,34.7922366189645,0.252701719933572,199
1363.53735351562,1542,15,34.8047366189445,0.252701719933572,183
1278.91467285156,1551,17,34.8464032855445,0.252701719933572,220
1412.39721679688,1328,9,34.4776532861346,0.250618386603572,206
1454.55810546875,1358,12,34.5089032860846,0.250618386603572,181
1489.13940429688,1367,11,34.5109866194146,0.250618386603572,180
1419.45581054688,1378,14,34.5693199526546,0.250618386603572,187
1423.42810058594,1404,12,34.5776532859746,0.250618386603572,185
1311.2958984375,1448,15,34.6964032857845,0.250618386603572,181
1306.11767578125,1485,17,34.7401532857145,0.250618386603572,194
1350.314453125,1540,18,34.8005699522845,0.250618386603572,190
1440.33276367188,1550,16,34.8172366189245,0.250618386603572,197
1312.322265625,1600,13,34.8526532855345,0.250618386603572,240
1247.31091308594,1611,20,34.8880699521444,0.250618386603572,231
0,0,0,34.3984866195947,0.248535053273572,191
1328.07299804688,1291,10,34.4089032862447,0.248535053273572,170
1489.13940429688,1367,11,34.5172366194046,0.248535053273572,181
1471.48132324219,1381,20,34.5526532860146,0.248535053273572,198
1471.48132324219,1381,20,34.5547366193446,0.248535053273572,184
1408.11340332031,1381,12,34.5859866192946,0.248535053273572,185
1350.314453125,1540,18,34.7984866189545,0.248535053273572,206
1427.88903808594,1573,17,34.8047366189445,0.248535053273572,186
1316.78515625,1596,16,34.8714032855044,0.248535053273572,218
1225.00793457031,1650,18,34.9255699520844,0.248535053273572,251
1201.54296875,1671,19,34.9276532854144,0.248535053273572,246
1157.72375488281,1703,20,34.9651532853544,0.248535053273572,234
1328.07299804688,1291,10,34.4026532862547,0.246451719943572,196
1328.07299804688,1291,10,34.4047366195847,0.246451719943572,183
1417.24011230469,1335,10,34.4651532861546,0.246451719943572,183
1437.78625488281,1351,10,34.4714032861446,0.246451719943572,186
1423.42810058594,1404,12,34.5797366193046,0.246451719943572,176
1408.11340332031,1381,12,34.5880699526246,0.246451719943572,178
1266.89221191406,1433,13,34.6609866191746,0.246451719943572,191
1294.99597167969,1477,15,34.7609866190145,0.246451719943572,186
1427.88903808594,1573,17,34.8026532856145,0.246451719943572,196
1379.03576660156,1573,18,34.8318199522345,0.246451719943572,194
1225.00793457031,1650,18,34.9255699520844,0.246451719943572,254
1179.8740234375,1647,18,34.9380699520644,0.246451719943572,256
1275.94079589844,1822,38,34.9755699520044,0.246451719943572,338
1351.15148925781,1298,10,34.4130699529047,0.244368386613572,176
1382.61560058594,1317,12,34.4901532861146,0.244368386613572,204
1481.82092285156,1349,11,34.5297366193846,0.244368386613572,223
1416.03686523438,1417,12,34.6089032859246,0.244368386613572,156
1438.13415527344,1425,12,34.6130699525846,0.244368386613572,149
1249.732421875,1372,15,34.6505699525246,0.244368386613572,196
1266.89221191406,1433,13,34.6672366191645,0.244368386613572,180
1342.19592285156,1456,13,34.6797366191445,0.244368386613572,175
1323.90991210938,1488,14,34.7526532856945,0.244368386613572,176
1275.16064453125,1503,17,34.7880699523045,0.244368386613572,212
1275.16064453125,1503,17,34.7901532856345,0.244368386613572,227
1350.314453125,1540,18,34.8005699522845,0.244368386613572,202
1379.03576660156,1573,18,34.8276532855745,0.244368386613572,181
1316.78515625,1596,16,34.8755699521644,0.244368386613572,236
1247.31091308594,1611,20,34.8859866188144,0.244368386613572,206
1242.18127441406,1619,15,34.8964032854644,0.244368386613572,242
1320.20910644531,1299,12,34.4193199528947,0.242285053283572,179
1320.20910644531,1299,12,34.4214032862247,0.242285053283572,194
1448.96850585938,1343,12,34.4693199528146,0.242285053283572,219
1455.97570800781,1350,14,34.4922366194446,0.242285053283572,205
1532.95690917969,1400,12,34.5234866193946,0.242285053283572,217
1444.00341796875,1413,14,34.5880699526246,0.242285053283572,185
1318.77319335938,1413,14,34.6505699525246,0.242285053283572,205
1298.33166503906,1501,16,34.7755699523245,0.242285053283572,198
1355.64172363281,1608,16,34.8734866188344,0.242285053283572,225
1250.13977050781,1575,16,34.8880699521444,0.242285053283572,239
1230.330078125,1620,19,34.9151532854344,0.242285053283572,247
1197.98034667969,1640,18,34.9318199520744,0.242285053283572,258
1326.41967773438,1306,9,34.4172366195647,0.240201719953572,166
1416.25415039062,1329,12,34.4609866194946,0.240201719953572,208
1469.0576171875,1378,15,34.4964032861046,0.240201719953572,199
1529.34387207031,1390,14,34.5130699527446,0.240201719953572,213
1506.60424804688,1419,11,34.5359866193746,0.240201719953572,187
1461.90246582031,1427,12,34.6047366192646,0.240201719953572,172
1395.23193359375,1424,13,34.6380699525446,0.240201719953572,191
1268.20568847656,1394,15,34.6547366191846,0.240201719953572,219
1311.34521484375,1443,12,34.6714032858245,0.240201719953572,168
1311.34521484375,1443,12,34.6755699524845,0.240201719953572,177
1284.60571289062,1443,17,34.7026532857745,0.240201719953572,184
1306.38427734375,1471,16,34.7297366190645,0.240201719953572,183
1350.89733886719,1509,14,34.7464032857045,0.240201719953572,183
1262.98413085938,1509,16,34.7818199523145,0.240201719953572,216
1189.68115234375,1643,17,34.9401532853944,0.240201719953572,245
1303.33959960938,1292,11,34.4422366195247,0.238118386623572,198
1371.77124023438,1323,13,34.4589032861646,0.238118386623572,219
1529.34387207031,1390,14,34.5151532860746,0.238118386623572,223
1318.77319335938,1413,14,34.6464032858646,0.238118386623572,175
1318.77319335938,1413,14,34.6505699525246,0.238118386623572,193
1306.30590820312,1443,16,34.6880699524645,0.238118386623572,195
1306.38427734375,1471,16,34.7276532857345,0.238118386623572,182
1324.39709472656,1487,15,34.7401532857145,0.238118386623572,174
1298.33166503906,1501,16,34.7714032856645,0.238118386623572,181
1262.98413085938,1509,16,34.7776532856545,0.238118386623572,202
1375.37158203125,1605,16,34.8380699522245,0.238118386623572,198
1213.69262695312,1648,19,34.9214032854244,0.238118386623572,240
1178.95007324219,1674,17,34.9484866187144,0.238118386623572,259
0,0,0,34.4005699529247,0.236035053293572,192
1520.79162597656,1427,13,34.5505699526846,0.236035053293572,198
1476.01696777344,1405,17,34.5672366193246,0.236035053293572,190
1454.26110839844,1404,16,34.5776532859746,0.236035053293572,189
1444.00341796875,1413,14,34.5922366192846,0.236035053293572,179
1484.56420898438,1447,12,34.6193199525746,0.236035053293572,162
1484.56420898438,1447,12,34.6255699525646,0.236035053293572,165
1311.34521484375,1443,12,34.6714032858245,0.236035053293572,166
1262.98413085938,1509,16,34.7839032856445,0.236035053293572,210
1432.8681640625,1570,18,34.8276532855745,0.236035053293572,203
1369.22827148438,1628,16,34.8630699521845,0.236035053293572,249
1355.64172363281,1608,16,34.8755699521644,0.236035053293572,247
1238.70153808594,1591,20,34.8964032854644,0.236035053293572,240
1230.330078125,1620,19,34.9172366187644,0.236035053293572,314
1197.98034667969,1640,18,34.9339032854044,0.236035053293572,267
1178.95007324219,1674,17,34.9484866187144,0.236035053293572,256
1260.41772460938,1265,11,34.4026532862547,0.233951719963572,180
1279.29663085938,1275,11,34.4214032862247,0.233951719963572,180
1457.80310058594,1380,11,34.5401532860346,0.233951719963572,201
1454.25219726562,1432,15,34.5734866193146,0.233951719963572,186
1422.01196289062,1425,15,34.6484866191946,0.233951719963572,187
1356.71484375,1507,17,34.7214032857445,0.233951719963572,173
1353.3388671875,1508,18,34.7422366190445,0.233951719963572,176
1406.64074707031,1530,15,34.7568199523545,0.233951719963572,177
1301.84216308594,1296,12,34.4297366195447,0.231868386633572,202
1511.90466308594,1394,12,34.5214032860646,0.231868386633572,216
1435.15710449219,1447,13,34.5984866192746,0.231868386633572,154
1457.39965820312,1452,13,34.6047366192646,0.231868386633572,161
1531.13256835938,1453,15,34.6214032859046,0.231868386633572,159
1348.71655273438,1409,17,34.6526532858546,0.231868386633572,184
1372.88488769531,1511,15,34.7505699523645,0.231868386633572,181
1316.54418945312,1508,17,34.7839032856445,0.231868386633572,201
1272.2841796875,1605,16,34.8859866188144,0.231868386633572,250
1249.73071289062,1251,10,34.3984866195947,0.229785053303572,202
1301.84216308594,1296,12,34.4339032862047,0.229785053303572,181
1385.349609375,1321,13,34.4464032861847,0.229785053303572,186
1436.24389648438,1426,15,34.5880699526246,0.229785053303572,162
1333.11560058594,1405,16,34.6630699525046,0.229785053303572,210
1333.11560058594,1405,16,34.6672366191645,0.229785053303572,224
1278.53234863281,1463,17,34.6964032857845,0.229785053303572,197
1353.38989257812,1486,17,34.7297366190645,0.229785053303572,177
1353.38989257812,1486,17,34.7318199523945,0.229785053303572,178
1406.64074707031,1530,15,34.7568199523545,0.229785053303572,163
1310.5869140625,1599,14,34.8776532854944,0.229785053303572,232
1188.67944335938,1640,17,34.9318199520744,0.229785053303572,253
1463.86828613281,1358,13,34.4609866194946,0.227701719973572,213
1451.31640625,1430,14,34.5797366193046,0.227701719973572,149
1495.91467285156,1438,14,34.6130699525846,0.227701719973572,159
1333.11560058594,1405,16,34.6651532858345,0.227701719973572,220
1332.36389160156,1474,18,34.7172366190845,0.227701719973572,173
1406.64074707031,1530,15,34.7547366190245,0.227701719973572,163
1406.64074707031,1530,15,34.7589032856845,0.227701719973572,158
1318.30725097656,1527,16,34.7901532856345,0.227701719973572,216
1564.94030761719,1586,19,34.8255699522445,0.227701719973572,176
1293.55554199219,1548,16,34.8443199522145,0.227701719973572,222
1265.20776367188,1586,17,34.8943199521344,0.227701719973572,259
1188.67944335938,1640,17,34.9318199520744,0.227701719973572,255
1186.40905761719,1700,17,34.9464032853844,0.227701719973572,239
1280.60754394531,1266,10,34.4130699529047,0.225618386643572,194
1451.869140625,1366,11,34.4609866194946,0.225618386643572,213
1424.662109375,1364,15,34.4776532861346,0.225618386643572,210
1424.662109375,1364,15,34.4839032861246,0.225618386643572,204
1445.00622558594,1390,12,34.5109866194146,0.225618386643572,194
1391.18884277344,1414,14,34.5526532860146,0.225618386643572,187
1596.33251953125,1474,22,34.6318199525546,0.225618386643572,175
1368.45629882812,1531,16,34.7380699523845,0.225618386643572,174
1368.45629882812,1531,16,34.7422366190445,0.225618386643572,189
1440.7041015625,1535,16,34.7526532856945,0.225618386643572,183
1498.01049804688,1554,15,34.7651532856745,0.225618386643572,182
1622.34765625,1600,14,34.8109866189345,0.225618386643572,186
1250.18334960938,1519,15,34.8484866188745,0.225618386643572,252
1301.03820800781,1609,16,34.8797366188244,0.225618386643572,241
1207.51428222656,1621,23,34.9109866187744,0.225618386643572,266
1177.12976074219,1638,21,34.9297366187444,0.225618386643572,288
1417.16418457031,1351,12,34.4464032861847,0.223535053313572,189
1451.869140625,1366,11,34.4609866194946,0.223535053313572,216
1424.662109375,1364,15,34.4797366194646,0.223535053313572,205
1440.69482421875,1378,11,34.5068199527546,0.223535053313572,172
1386.58569335938,1392,16,34.5505699526846,0.223535053313572,188
1391.28881835938,1388,15,34.5630699526646,0.223535053313572,209
1382.73840332031,1418,13,34.5859866192946,0.223535053313572,172
1533.88671875,1492,18,34.6214032859046,0.223535053313572,178
1605.26220703125,1484,20,34.6401532858746,0.223535053313572,203
1393.20227050781,1472,16,34.6714032858245,0.223535053313572,203
1393.20227050781,1472,16,34.6755699524845,0.223535053313572,212
1368.45629882812,1531,16,34.7401532857145,0.223535053313572,181
1429.72961425781,1534,16,34.7797366189845,0.223535053313572,195
1622.34765625,1600,14,34.8109866189345,0.223535053313572,181
1250.18334960938,1519,15,34.8443199522145,0.223535053313572,220
1181.07373046875,1674,21,34.9401532853944,0.223535053313572,270
1175.83142089844,1671,16,34.9484866187144,0.223535053313572,269
1447.00427246094,1364,11,34.4568199528346,0.221451719983572,204
1440.69482421875,1378,11,34.5026532860946,0.221451719983572,167
1439.67651367188,1391,12,34.5193199527346,0.221451719983572,182
1399.25183105469,1415,17,34.5693199526546,0.221451719983572,188
1382.73840332031,1418,13,34.5880699526246,0.221451719983572,191
1403.31994628906,1435,15,34.6026532859346,0.221451719983572,163
1459.71179199219,1466,14,34.6109866192546,0.221451719983572,154
1438.9248046875,1460,19,34.6672366191645,0.221451719983572,202
1393.20227050781,1472,16,34.6693199524945,0.221451719983572,193
1273.79223632812,1439,18,34.6922366191245,0.221451719983572,202
1498.01049804688,1554,15,34.7609866190145,0.221451719983572,185
1429.72961425781,1534,16,34.7776532856545,0.221451719983572,200
1561.16357421875,1589,16,34.8068199522745,0.221451719983572,179
1314.5732421875,1534,14,34.8422366188845,0.221451719983572,224
1301.03820800781,1609,16,34.8776532854944,0.221451719983572,277
1207.51428222656,1621,23,34.9151532854344,0.221451719983572,271
1177.12976074219,1638,21,34.9276532854144,0.221451719983572,292
1440.69482421875,1378,11,34.5047366194246,0.219368386653572,172
1382.73840332031,1418,13,34.5859866192946,0.219368386653572,197
1533.88671875,1492,18,34.6234866192346,0.219368386653572,176
1596.33251953125,1474,22,34.6297366192246,0.219368386653572,213
1605.26220703125,1484,20,34.6422366192046,0.219368386653572,197
1276.697265625,1459,14,34.6984866191145,0.219368386653572,188
1368.96057128906,1540,15,34.7234866190745,0.219368386653572,172
1386.90588378906,1521,16,34.7484866190345,0.219368386653572,171
1271.46655273438,1595,18,34.8901532854744,0.219368386653572,263
1183.61840820312,1606,24,34.9193199520944,0.219368386653572,306
1386.44323730469,1344,10,34.4464032861847,0.217285053323572,168
1366.98840332031,1343,11,34.4797366194646,0.217285053323572,199
1366.98840332031,1343,11,34.4818199527946,0.217285053323572,187
1407.25964355469,1381,9,34.4964032861046,0.217285053323572,158
1333.35302734375,1377,16,34.5464032860246,0.217285053323572,199
1523.07019042969,1463,19,34.6193199525746,0.217285053323572,192
1579.46875,1474,17,34.6589032858446,0.217285053323572,219
1479.71948242188,1453,16,34.6755699524845,0.217285053323572,195
1310.451171875,1456,16,34.6880699524645,0.217285053323572,195
1299.94226074219,1449,15,34.6943199524545,0.217285053323572,196
1393.53503417969,1549,15,34.7464032857045,0.217285053323572,163
1393.53503417969,1549,15,34.7505699523645,0.217285053323572,177
1299.16345214844,1602,17,34.8734866188344,0.217285053323572,242
1171.818359375,1582,21,34.9130699521044,0.217285053323572,302
1164.25012207031,1593,17,34.9297366187444,0.217285053323572,265
1164.25012207031,1593,17,34.9318199520744,0.217285053323572,286
1375.26342773438,1341,11,34.4630699528246,0.215201719993572,208
1363.37048339844,1344,13,34.4714032861446,0.215201719993572,190
1366.98840332031,1343,11,34.4776532861346,0.215201719993572,198
1420.1552734375,1463,16,34.6130699525846,0.215201719993572,157
1654.76867675781,1505,19,34.6380699525446,0.215201719993572,192
1572.92907714844,1548,18,34.7839032856445,0.215201719993572,189
1501.05236816406,1556,17,34.8214032855845,0.215201719993572,183
1219.68444824219,1507,16,34.8443199522145,0.215201719993572,242
1225.39282226562,1576,21,34.8880699521444,0.215201719993572,291
1225.39282226562,1576,21,34.8901532854744,0.215201719993572,283
1366.98840332031,1343,11,34.4818199527946,0.213118386663572,164
1341.529296875,1394,16,34.5734866193146,0.213118386663572,188
1320.38061523438,1406,17,34.5943199526146,0.213118386663572,187
1617.01953125,1496,20,34.6484866191946,0.213118386663572,202
1479.71948242188,1453,16,34.6693199524945,0.213118386663572,214
1310.451171875,1456,16,34.6901532857945,0.213118386663572,194
1363.2626953125,1518,17,34.7276532857345,0.213118386663572,189
1393.53503417969,1549,15,34.7505699523645,0.213118386663572,172
1572.92907714844,1548,18,34.7776532856545,0.213118386663572,191
1574.83166503906,1584,15,34.8068199522745,0.213118386663572,159
1299.16345214844,1602,17,34.8755699521644,0.213118386663572,253
1195.58361816406,1573,18,34.9047366187844,0.213118386663572,406
1167.15954589844,1632,17,34.9359866187344,0.213118386663572,246
1351.27282714844,1279,10,34.3964032862647,0.211035053333572,182
1387.53149414062,1343,10,34.4589032861646,0.211035053333572,176
1375.26342773438,1341,11,34.4672366194846,0.211035053333572,185
1407.25964355469,1381,9,34.4984866194346,0.211035053333572,174
1333.15234375,1390,15,34.5547366193446,0.211035053333572,206
1320.38061523438,1406,17,34.5984866192746,0.211035053333572,183
1523.07019042969,1463,19,34.6193199525746,0.211035053333572,173
1621.47180175781,1494,24,34.6318199525546,0.211035053333572,193
1579.46875,1474,17,34.6547366191846,0.211035053333572,194
1310.451171875,1456,16,34.6922366191245,0.211035053333572,200
1312.5361328125,1471,16,34.7026532857745,0.211035053333572,187
1543.98181152344,1572,16,34.7922366189645,0.211035053333572,180
1501.05236816406,1556,17,34.8255699522445,0.211035053333572,195
1299.16345214844,1602,17,34.8693199521745,0.211035053333572,262
1299.16345214844,1602,17,34.8714032855044,0.211035053333572,236
1214.02795410156,1619,19,34.8984866187944,0.211035053333572,312
1164.25012207031,1593,17,34.9297366187444,0.211035053333572,267
1400.13256835938,1309,10,34.4089032862447,0.208951720003572,177
1324.47912597656,1337,11,34.4734866194746,0.208951720003572,161
1358.31005859375,1355,12,34.5047366194246,0.208951720003572,171
1363.48742675781,1376,13,34.5276532860546,0.208951720003572,201
1328.86975097656,1388,14,34.5505699526846,0.208951720003572,194
1334.35583496094,1370,13,34.5589032860046,0.208951720003572,206
1302.73120117188,1379,15,34.5776532859746,0.208951720003572,182
1302.02172851562,1411,16,34.5943199526146,0.208951720003572,183
1631.00122070312,1509,15,34.6609866191746,0.208951720003572,200
1373.73120117188,1472,15,34.6964032857845,0.208951720003572,207
1372.81945800781,1517,16,34.7214032857445,0.208951720003572,178
1395.14685058594,1509,16,34.7339032857245,0.208951720003572,187
1657.9423828125,1581,16,34.7776532856545,0.208951720003572,183
1211.19323730469,1506,16,34.8443199522145,0.208951720003572,223
1235.82995605469,1570,20,34.8693199521745,0.208951720003572,288
1213.7265625,1548,18,34.8818199521544,0.208951720003572,278
1183.41979980469,1539,17,34.8922366188044,0.208951720003572,308
1400.13256835938,1309,10,34.4026532862547,0.206868386673572,164
1355.36157226562,1372,8,34.4901532861146,0.206868386673572,183
1365.00817871094,1375,14,34.4943199527746,0.206868386673572,201
1365.00817871094,1375,14,34.4964032861046,0.206868386673572,202
1365.00817871094,1375,14,34.4984866194346,0.206868386673572,192
1365.00817871094,1375,14,34.5005699527646,0.206868386673572,186
1359.26184082031,1356,13,34.5130699527446,0.206868386673572,176
1370.07165527344,1371,14,34.5255699527246,0.206868386673572,200
1334.35583496094,1370,13,34.5547366193446,0.206868386673572,189
1287.13500976562,1396,17,34.5922366192846,0.206868386673572,182
1433.30407714844,1457,18,34.6109866192546,0.206868386673572,162
1631.00122070312,1509,15,34.6651532858345,0.206868386673572,205
1357.0390625,1519,15,34.7109866190945,0.206868386673572,177
1215.40319824219,1497,14,34.8422366188845,0.206868386673572,227
1400.13256835938,1309,10,34.4089032862447,0.204785053343572,163
1365.00817871094,1375,14,34.4964032861046,0.204785053343572,217
1358.31005859375,1355,12,34.5026532860946,0.204785053343572,179
1340.6767578125,1357,13,34.5422366193646,0.204785053343572,205
1539.02075195312,1497,19,34.6255699525646,0.204785053343572,203
1360.31726074219,1475,15,34.7068199524345,0.204785053343572,173
1423.97595214844,1523,15,34.7484866190345,0.204785053343572,169
1657.9423828125,1581,16,34.7797366189845,0.204785053343572,208
1531.82507324219,1548,17,34.8047366189445,0.204785053343572,177
1213.7265625,1548,18,34.8797366188244,0.204785053343572,254
1139.998046875,1583,15,34.9130699521044,0.204785053343572,253
1349.5458984375,1312,8,34.4151532862347,0.202701720013572,171
1363.48742675781,1376,13,34.5318199527146,0.202701720013572,187
1340.6767578125,1357,13,34.5422366193646,0.202701720013572,204
1302.02172851562,1411,16,34.6005699526046,0.202701720013572,165
1372.97521972656,1522,16,34.8234866189145,0.202701720013572,207
1274.78771972656,1522,15,34.8339032855645,0.202701720013572,210
1233.81188964844,1572,16,34.8630699521845,0.202701720013572,276
1357.16455078125,1329,11,34.4776532861346,0.200618386683572,171
1332.37609863281,1340,12,34.5005699527646,0.200618386683572,183
1370.57653808594,1405,14,34.5547366193446,0.200618386683572,193
1391.70910644531,1456,16,34.6068199525946,0.200618386683572,161
1552.04211425781,1486,18,34.6193199525746,0.200618386683572,169
1552.04211425781,1486,18,34.6255699525646,0.200618386683572,189
1628.18566894531,1503,20,34.6505699525246,0.200618386683572,207
1494.69055175781,1501,13,34.6839032858045,0.200618386683572,176
1417.52062988281,1497,16,34.7047366191045,0.200618386683572,176
1386.43591308594,1505,15,34.7172366190845,0.200618386683572,170
1547.10388183594,1567,15,34.7568199523545,0.200618386683572,180
1694.09301757812,1582,18,34.7755699523245,0.200618386683572,206
1642.17919921875,1564,16,34.7839032856445,0.200618386683572,191
1176.13427734375,1511,30,34.8526532855345,0.200618386683572,279
0,0,0,34.8714032855044,0.200618386683572,291
1367.49682617188,1290,11,34.4047366195847,0.198535053353572,162
1338.81884765625,1350,10,34.4630699528246,0.198535053353572,147
1357.16455078125,1329,11,34.4839032861246,0.198535053353572,176
1347.25634765625,1336,11,34.4880699527846,0.198535053353572,192
1384.89624023438,1406,13,34.5651532859946,0.198535053353572,181
1581.52062988281,1512,18,34.6297366192246,0.198535053353572,187
1594.28674316406,1473,22,34.6422366192046,0.198535053353572,219
1560.30981445312,1512,15,34.6734866191545,0.198535053353572,169
1386.43591308594,1505,15,34.7109866190945,0.198535053353572,179
1443.98571777344,1555,17,34.7380699523845,0.198535053353572,176
1157.88452148438,1566,16,34.9089032854444,0.198535053353572,249
1352.00061035156,1329,12,34.4505699528447,0.196451720023572,163
1357.16455078125,1329,11,34.4839032861246,0.196451720023572,168
1347.25634765625,1336,11,34.4901532861146,0.196451720023572,183
1328.81091308594,1369,12,34.5068199527546,0.196451720023572,180
1347.8125,1386,13,34.5130699527446,0.196451720023572,164
1308.17895507812,1383,14,34.5797366193046,0.196451720023572,193
1289.1044921875,1403,17,34.5859866192946,0.196451720023572,183
1483.83581542969,1466,19,34.6130699525846,0.196451720023572,151
1403.43969726562,1498,18,34.7193199524145,0.196451720023572,178
1557.50341796875,1529,16,34.7880699523045,0.196451720023572,192
1491.51171875,1544,16,34.7964032856245,0.196451720023572,199
1423.49609375,1534,15,34.8026532856145,0.196451720023572,182
1198.80908203125,1488,15,34.8339032855645,0.196451720023572,238
1197.45690917969,1543,16,34.8443199522145,0.196451720023572,216
1352.00061035156,1329,12,34.4484866195147,0.194368386693572,155
1308.17895507812,1383,14,34.5797366193046,0.194368386693572,193
1318.3115234375,1440,15,34.5984866192746,0.194368386693572,182
1483.83581542969,1466,19,34.6130699525846,0.194368386693572,155
1483.83581542969,1466,19,34.6151532859146,0.194368386693572,172
1494.69055175781,1501,13,34.6818199524745,0.194368386693572,165
1478.11999511719,1492,16,34.6922366191245,0.194368386693572,170
1417.52062988281,1497,16,34.7026532857745,0.194368386693572,196
1417.52062988281,1497,16,34.7068199524345,0.194368386693572,190
1466.37292480469,1546,16,34.7484866190345,0.194368386693572,179
1176.13427734375,1511,30,34.8526532855345,0.194368386693572,316
1338.20190429688,1357,13,34.5089032860846,0.192285053363572,188
1337.17749023438,1359,13,34.5172366194046,0.192285053363572,196
1378.40808105469,1412,12,34.5318199527146,0.192285053363572,187
1391.52722167969,1406,12,34.5464032860246,0.192285053363572,211
1522.18432617188,1492,17,34.6130699525846,0.192285053363572,164
1496.45556640625,1486,17,34.6755699524845,0.192285053363572,174
1469.53771972656,1497,18,34.6797366191445,0.192285053363572,176
1457.14562988281,1541,17,34.7505699523645,0.192285053363572,184
1181.31518554688,1468,14,34.8214032855845,0.192285053363572,224
1290.48986816406,1278,12,34.4047366195847,0.190201720033572,178
1373.07495117188,1350,10,34.4484866195147,0.190201720033572,156
1440.9755859375,1366,9,34.4776532861346,0.190201720033572,168
1338.20190429688,1357,13,34.5047366194246,0.190201720033572,202
1429.74450683594,1447,14,34.5630699526646,0.190201720033572,189
1327.53881835938,1399,14,34.5880699526246,0.190201720033572,188
1327.53881835938,1399,14,34.5901532859546,0.190201720033572,190
1602.22973632812,1525,17,34.6547366191846,0.190201720033572,189
1562.52355957031,1494,15,34.6651532858345,0.190201720033572,197
1496.45556640625,1486,17,34.6714032858245,0.190201720033572,167
1424.271484375,1487,18,34.7089032857645,0.190201720033572,202
1635.63354492188,1572,16,34.7672366190045,0.190201720033572,182
1425.96911621094,1512,16,34.7880699523045,0.190201720033572,187
1317.85278320312,1306,9,34.4297366195447,0.188118386703572,175
1431.83459472656,1366,10,34.4755699528046,0.188118386703572,170
1391.52722167969,1406,12,34.5484866193546,0.188118386703572,200
1429.74450683594,1447,14,34.5609866193346,0.188118386703572,191
1365.5498046875,1419,15,34.6005699526046,0.188118386703572,196
1590.15710449219,1514,18,34.6443199525346,0.188118386703572,168
1496.45556640625,1486,17,34.6734866191545,0.188118386703572,172
1397.39953613281,1486,19,34.7172366190845,0.188118386703572,200
1181.31518554688,1468,14,34.8193199522545,0.188118386703572,233
1317.85278320312,1306,9,34.4276532862147,0.186035053373572,181
1400.32568359375,1345,10,34.4630699528246,0.186035053373572,162
1400.32568359375,1345,10,34.4651532861546,0.186035053373572,170
1361.9140625,1354,11,34.4984866194346,0.186035053373572,201
1337.17749023438,1359,13,34.5130699527446,0.186035053373572,213
1429.74450683594,1447,14,34.5630699526646,0.186035053373572,184
1345.57373046875,1405,14,34.5776532859746,0.186035053373572,178
1365.5498046875,1419,15,34.6005699526046,0.186035053373572,195
1446.40637207031,1483,15,34.6047366192646,0.186035053373572,184
1562.52355957031,1494,15,34.6609866191746,0.186035053373572,181
1562.52355957031,1494,15,34.6630699525046,0.186035053373572,180
1480.81628417969,1503,16,34.6880699524645,0.186035053373572,161
1469.83532714844,1528,15,34.6984866191145,0.186035053373572,178
1397.39953613281,1486,19,34.7109866190945,0.186035053373572,185
1397.39953613281,1486,19,34.7151532857545,0.186035053373572,197
1411.01049804688,1510,18,34.7193199524145,0.186035053373572,189
1420.18615722656,1515,18,34.7276532857345,0.186035053373572,197
1457.14562988281,1541,17,34.7443199523745,0.186035053373572,180
1425.96911621094,1512,16,34.7859866189745,0.186035053373572,204
1354.39343261719,1505,16,34.7943199522945,0.186035053373572,203
1230.16821289062,1494,14,34.8151532855945,0.186035053373572,204
1414.13513183594,1417,14,34.5797366193046,0.183951720043572,188
1567.146484375,1459,18,34.6234866192346,0.183951720043572,189
1479.3134765625,1465,13,34.6589032858446,0.183951720043572,181
1451.03491210938,1470,14,34.6651532858345,0.183951720043572,182
1366.32922363281,1495,19,34.7109866190945,0.183951720043572,183
1526.451171875,1522,16,34.7609866190145,0.183951720043572,171
0,0,0,34.8443199522145,0.183951720043572,298
1383.62878417969,1342,11,34.4505699528447,0.181868386713572,170
1465.46008300781,1359,11,34.4672366194846,0.181868386713572,182
1493.24328613281,1389,10,34.4922366194446,0.181868386713572,179
1340.17370605469,1394,12,34.5255699527246,0.181868386713572,183
1404.13330078125,1427,11,34.5505699526846,0.181868386713572,192
1444.55261230469,1411,13,34.5589032860046,0.181868386713572,198
1414.685546875,1438,15,34.5901532859546,0.181868386713572,211
1479.3134765625,1465,13,34.6568199525146,0.181868386713572,172
1412.70007324219,1447,16,34.6755699524845,0.181868386713572,192
1392.21643066406,1478,15,34.6818199524745,0.181868386713572,178
1364.82458496094,1482,17,34.7026532857745,0.181868386713572,170
1377.11779785156,1509,19,34.7214032857445,0.181868386713572,179
1501.3125,1528,16,34.7755699523245,0.181868386713572,195
1263.81384277344,1482,15,34.8005699522845,0.181868386713572,212
1414.13513183594,1417,14,34.5776532859746,0.179785053383572,191
1540.20178222656,1473,18,34.6130699525846,0.179785053383572,184
1540.20178222656,1473,18,34.6172366192446,0.179785053383572,217
1577.10009765625,1492,18,34.6318199525546,0.179785053383572,192
1549.53356933594,1487,17,34.6401532858746,0.179785053383572,169
1549.53356933594,1487,17,34.6422366192046,0.179785053383572,177
1506.79333496094,1487,14,34.6443199525346,0.179785053383572,196
1426.4677734375,1377,9,34.4568199528346,0.177701720053572,173
1412.70007324219,1447,16,34.6714032858245,0.177701720053572,204
1392.21643066406,1478,15,34.6839032858045,0.177701720053572,181
1382.62451171875,1479,17,34.6943199524545,0.177701720053572,186
1382.62451171875,1479,17,34.7005699524445,0.177701720053572,180
1352.56164550781,1480,19,34.7359866190545,0.177701720053572,189
1395.15808105469,1501,17,34.7818199523145,0.177701720053572,212
1522.35314941406,1396,12,34.4922366194446,0.175618386723572,195
1358.20031738281,1365,12,34.5214032860646,0.175618386723572,220
1492.365234375,1450,14,34.5526532860146,0.175618386723572,188
1512.34851074219,1462,15,34.5755699526446,0.175618386723572,186
1541.12451171875,1457,16,34.6109866192546,0.175618386723572,175
1558.62866210938,1492,16,34.6297366192246,0.175618386723572,194
1558.62866210938,1492,16,34.6318199525546,0.175618386723572,195
1343.22680664062,1506,15,34.7526532856945,0.175618386723572,188
1343.22680664062,1506,15,34.7547366190245,0.175618386723572,190
1492.365234375,1450,14,34.5568199526746,0.173535053393572,210
1311.30529785156,1424,14,34.6859866191345,0.173535053393572,197
1318.35034179688,1430,17,34.6964032857845,0.173535053393572,207
1323.77355957031,1471,17,34.7234866190745,0.173535053393572,192
1281.74890136719,1452,17,34.7339032857245,0.173535053393572,197
1297.60827636719,1487,16,34.7464032857045,0.173535053393572,186
1259.21948242188,1513,13,34.8089032856045,0.173535053393572,184
1436.60363769531,1379,10,34.4589032861646,0.171451720063572,184
1509.20837402344,1407,10,34.4984866194346,0.171451720063572,186
1472.05346679688,1395,10,34.5089032860846,0.171451720063572,181
1337.755859375,1380,13,34.5339032860446,0.171451720063572,217
1406.42736816406,1454,14,34.6464032858646,0.171451720063572,195
1375.42468261719,1473,15,34.6651532858345,0.171451720063572,180
1311.30529785156,1424,14,34.6901532857945,0.171451720063572,210
1311.30529785156,1424,14,34.6922366191245,0.171451720063572,212
1281.74890136719,1452,17,34.7318199523945,0.171451720063572,206
1259.21948242188,1513,13,34.8026532856145,0.171451720063572,185
1383.54870605469,1362,11,34.4505699528447,0.169368386733572,193
1474.54541015625,1394,10,34.4651532861546,0.169368386733572,180
1492.283203125,1406,11,34.4755699528046,0.169368386733572,178
1522.35314941406,1396,12,34.4880699527846,0.169368386733572,202
1522.35314941406,1396,12,34.4922366194446,0.169368386733572,192
1358.20031738281,1365,12,34.5234866193946,0.169368386733572,190
1478.16589355469,1452,15,34.5818199526346,0.169368386733572,188
1558.62866210938,1492,16,34.6297366192246,0.169368386733572,185
1375.42468261719,1473,15,34.6672366191645,0.169368386733572,175
1361.93737792969,1485,21,34.7630699523445,0.169368386733572,198
1336.48095703125,1508,19,34.7755699523245,0.169368386733572,201
1250.57336425781,1502,16,34.7922366189645,0.169368386733572,194
1263.31945800781,1499,15,34.7984866189545,0.169368386733572,183
1263.31945800781,1499,15,34.8005699522845,0.169368386733572,180
1354.10668945312,1339,10,34.4505699528447,0.167285053403572,201
1544.34020996094,1460,14,34.5589032860046,0.167285053403572,202
1512.20153808594,1467,16,34.5859866192946,0.167285053403572,197
1349.44372558594,1442,14,34.6755699524845,0.167285053403572,229
1368.45178222656,1475,13,34.6943199524545,0.167285053403572,193
1431.76708984375,1456,16,34.7151532857545,0.167285053403572,191
1372.73742675781,1429,19,34.7234866190745,0.167285053403572,191
1270.67163085938,1425,16,34.7297366190645,0.167285053403572,219
1223.48620605469,1441,18,34.7422366190445,0.167285053403572,208
1240.14599609375,1473,21,34.7589032856845,0.167285053403572,183
1222.92639160156,1447,16,34.7693199523345,0.167285053403572,220
1238.77905273438,1484,18,34.7859866189745,0.167285053403572,194
1238.77905273438,1484,18,34.7901532856345,0.167285053403572,189
1389.16064453125,1391,10,34.4589032861646,0.165201720073572,184
1399.23278808594,1378,10,34.4755699528046,0.165201720073572,179
1340.71020507812,1428,13,34.6484866191946,0.165201720073572,204
1368.45178222656,1475,13,34.6943199524545,0.165201720073572,198
1238.77905273438,1484,18,34.7880699523045,0.165201720073572,193
1238.77905273438,1484,18,34.7922366189645,0.165201720073572,192
1269.71875,1526,12,34.8109866189345,0.165201720073572,179
1458.97729492188,1417,13,34.4901532861146,0.163118386743572,181
1384.6435546875,1383,10,34.5234866193946,0.163118386743572,208
1358.83374023438,1419,13,34.5276532860546,0.163118386743572,199
1547.59448242188,1428,15,34.5714032859846,0.163118386743572,233
1520.14208984375,1479,18,34.6005699526046,0.163118386743572,214
1349.44372558594,1442,14,34.6714032858245,0.163118386743572,232
1349.44372558594,1442,14,34.6755699524845,0.163118386743572,211
1227.83251953125,1459,19,34.7505699523645,0.163118386743572,237
1442.68237304688,1425,10,34.5109866194146,0.161035053413572,206
1442.68237304688,1425,10,34.5151532860746,0.161035053413572,192
1498.89880371094,1460,15,34.6234866192346,0.161035053413572,188
1372.73742675781,1429,19,34.7214032857445,0.161035053413572,218
1270.67163085938,1425,16,34.7297366190645,0.161035053413572,214
1223.48620605469,1441,18,34.7401532857145,0.161035053413572,227
0,0,0,34.4755699528046,0.158951720083572,189
1394.91430664062,1383,12,34.4984866194346,0.158951720083572,178
1409.13745117188,1422,12,34.5276532860546,0.158951720083572,221
1409.13745117188,1422,12,34.5297366193846,0.158951720083572,215
1508.64208984375,1446,16,34.5443199526946,0.158951720083572,210
1613.68518066406,1462,14,34.5526532860146,0.158951720083572,210
1661.296875,1482,14,34.5672366193246,0.158951720083572,242
1500.02795410156,1445,15,34.5818199526346,0.158951720083572,207
1399.59045410156,1461,13,34.6255699525646,0.158951720083572,232
1360.36181640625,1424,12,34.6339032858846,0.158951720083572,201
1421.34851074219,1499,13,34.6964032857845,0.158951720083572,188
1421.34851074219,1499,13,34.7005699524445,0.158951720083572,185
1252.65832519531,1444,16,34.7464032857045,0.158951720083572,201
0,0,0,34.7922366189645,0.158951720083572,193
1274.92004394531,1525,14,34.8109866189345,0.158951720083572,195
1308.12158203125,1348,8,34.4505699528447,0.156868386753572,182
1343.46032714844,1345,12,34.4630699528246,0.156868386753572,195
1438.97241210938,1429,12,34.5401532860346,0.156868386753572,207
1613.68518066406,1462,14,34.5589032860046,0.156868386753572,227
1451.3779296875,1436,15,34.5880699526246,0.156868386753572,220
1393.88500976562,1465,13,34.6589032858446,0.156868386753572,181
1358.04663085938,1454,15,34.7318199523945,0.156868386753572,202
1222.52880859375,1452,16,34.7630699523445,0.156868386753572,207
1343.46032714844,1345,12,34.4609866194946,0.154785053423572,180
1409.13745117188,1422,12,34.5318199527146,0.154785053423572,205
1508.64208984375,1446,16,34.5484866193546,0.154785053423572,207
1401.53918457031,1464,14,34.6109866192546,0.154785053423572,238
1324.02453613281,1416,12,34.6422366192046,0.154785053423572,193
1358.04663085938,1454,15,34.7276532857345,0.154785053423572,181
1276.83850097656,1465,17,34.7359866190545,0.154785053423572,195
1252.65832519531,1444,16,34.7484866190345,0.154785053423572,203
1222.52880859375,1452,16,34.7630699523445,0.154785053423572,196
1404.20776367188,1402,13,34.5026532860946,0.152701720093572,169
1613.68518066406,1462,14,34.5568199526746,0.152701720093572,218
1421.34851074219,1499,13,34.7005699524445,0.152701720093572,191
1377.09045410156,1388,11,34.5172366194046,0.150618386763572,218
1476.67517089844,1419,13,34.5839032859646,0.150618386763572,185
1361.81726074219,1410,12,34.6130699525846,0.150618386763572,229
1361.81726074219,1410,12,34.6172366192446,0.150618386763572,227
1360.56591796875,1411,13,34.6193199525746,0.150618386763572,240
1332.38171386719,1444,13,34.6464032858646,0.150618386763572,179
1484.24340820312,1462,14,34.6693199524945,0.150618386763572,214
1403.67614746094,1462,14,34.6797366191445,0.150618386763572,196
1277.70446777344,1306,11,34.4318199528747,0.148535053433572,200
1378.66735839844,1360,11,34.4901532861146,0.148535053433572,216
1355.80065917969,1384,11,34.5026532860946,0.148535053433572,202
1377.09045410156,1388,11,34.5109866194146,0.148535053433572,203
1357.28381347656,1412,13,34.5984866192746,0.148535053433572,237
1332.38171386719,1444,13,34.6484866191946,0.148535053433572,190
1362.48181152344,1461,13,34.6922366191245,0.148535053433572,181
1483.35815429688,1530,14,34.7047366191045,0.148535053433572,185
1423.03308105469,1425,12,34.5234866193946,0.146451720103572,201
1522.75390625,1431,15,34.5401532860346,0.146451720103572,212
1387.85607910156,1424,14,34.5922366192846,0.146451720103572,201
1483.35815429688,1530,14,34.7047366191045,0.146451720103572,183
1611.61511230469,1451,16,34.5755699526446,0.144368386773572,224
1387.85607910156,1424,14,34.5901532859546,0.144368386773572,213
1411.83056640625,1502,15,34.6589032858446,0.144368386773572,230
1290.69250488281,1499,12,34.7651532856745,0.144368386773572,185
1383.95129394531,1380,11,34.5026532860946,0.142285053443572,202
1536.12329101562,1447,12,34.5276532860546,0.142285053443572,220
1415.9189453125,1413,14,34.5797366193046,0.142285053443572,235
1355.41638183594,1431,13,34.5964032859446,0.142285053443572,251
1376.08764648438,1433,12,34.6026532859346,0.142285053443572,238
1354.0068359375,1463,13,34.6339032858846,0.142285053443572,208
1328.99401855469,1439,13,34.6505699525246,0.142285053443572,203
1461.919921875,1489,12,34.6776532858145,0.142285053443572,184
1565.32312011719,1422,14,34.5464032860246,0.140201720113572,221
1354.08679199219,1409,13,34.5922366192846,0.140201720113572,244
1355.41638183594,1431,13,34.6005699526046,0.140201720113572,238
1392.25708007812,1463,15,34.6255699525646,0.140201720113572,216
1494.03601074219,1533,12,34.6693199524945,0.140201720113572,206
0,0,0,34.7609866190145,0.140201720113572,182
1447.64855957031,1427,12,34.5193199527346,0.138118386783572,207
1376.08764648438,1433,12,34.6047366192646,0.138118386783572,215
1458.61328125,1498,13,34.6630699525046,0.138118386783572,181
1431.53356933594,1412,12,34.5172366194046,0.133951720123572,208
1467.88024902344,1420,13,34.5234866193946,0.133951720123572,223
1418.06689453125,1431,14,34.5755699526446,0.133951720123572,231
1362.41772460938,1419,15,34.5901532859546,0.133951720123572,232
1392.80041503906,1458,14,34.5943199526146,0.133951720123572,229
1443.185546875,1466,15,34.6234866192346,0.133951720123572,201
1465.763671875,1423,15,34.5526532860146,0.131868386793572,228
1443.185546875,1466,15,34.6214032859046,0.131868386793572,190
1385.71911621094,1462,14,34.6297366192246,0.131868386793572,219
1385.71911621094,1462,14,34.6339032858846,0.131868386793572,195
0,0,0,34.4630699528246,0.129785053463572,239
1462.89282226562,1418,12,34.5026532860946,0.129785053463572,233
1431.53356933594,1412,12,34.5151532860746,0.129785053463572,221
1460.93383789062,1466,17,34.6151532859146,0.129785053463572,191
1385.71911621094,1462,14,34.6276532858946,0.129785053463572,223
1463.30041503906,1496,12,34.6714032858245,0.129785053463572,190
1494.74060058594,1521,13,34.6839032858045,0.129785053463572,193
1465.33410644531,1514,14,34.6901532857945,0.129785053463572,178
1513.86047363281,1415,12,34.4714032861446,0.127701720133572,241
1513.86047363281,1415,12,34.4755699528046,0.127701720133572,229
1431.53356933594,1412,12,34.5172366194046,0.127701720133572,225
1449.41784667969,1424,14,34.5651532859946,0.127701720133572,249
1392.80041503906,1458,14,34.5984866192746,0.127701720133572,184
1465.33410644531,1514,14,34.6859866191345,0.127701720133572,172
1456.92749023438,1391,12,34.4672366194846,0.125618386803572,232
0,0,0,34.4943199527746,0.125618386803572,237
0,0,0,34.5109866194146,0.125618386803572,243
1471.02160644531,1456,15,34.6089032859246,0.125618386803572,200
1620.72961425781,1446,12,34.4839032861246,0.121451720143572,243
1384.85461425781,1423,15,34.5609866193346,0.119368386813572,230
1389.16357421875,1425,12,34.5755699526446,0.119368386813572,213
1680.94445800781,1426,13,34.4943199527746,0.117285053483572,276
1452.64477539062,1407,14,34.5484866193546,0.117285053483572,266
1407.54309082031,1447,13,34.5714032859846,0.117285053483572,219
1411.17553710938,1471,12,34.5839032859646,0.117285053483572,217
1670.95471191406,1447,14,34.4859866194546,0.115201720153572,284
1680.94445800781,1426,13,34.5005699527646,0.115201720153572,272
1624.91748046875,1441,15,34.4797366194646,0.113118386823572,296
1680.94445800781,1426,13,34.5005699527646,0.113118386823572,270
1388.38562011719,1407,13,34.5589032860046,0.113118386823572,228
1391.83215332031,1433,14,34.5630699526646,0.113118386823572,228
1388.38562011719,1407,13,34.5568199526746,0.111035053493572,221
1411.17553710938,1471,12,34.5776532859746,0.111035053493572,224
1411.17553710938,1471,12,34.5839032859646,0.111035053493572,211
1683.57446289062,1449,13,34.4859866194546,0.108951720163572,291
0,0,0,34.5589032860046,0.104785053503572,222
1393.74841308594,1462,12,34.5734866193146,0.102701720173572,251
