X,Y,mg,
36.6547143853135,-0.76396826112766,366.00000000
36.6651309628494,-0.76396826112766,359.00000000
36.6672142783566,-0.76396826112766,382.00000000
36.6734642248781,-0.76396826112766,310.00000000
36.683880802414,-0.766051615164134,269.00000000
36.6901307489355,-0.766051615164134,226.00000000
36.6567977008207,-0.768134969200608,361.00000000
36.6630476473422,-0.768134969200608,389.00000000
36.6880474334284,-0.768134969200608,228.00000000
36.6526310698063,-0.770218323237082,408.00000000
36.6547143853135,-0.770218323237082,374.00000000
36.6567977008207,-0.770218323237082,363.00000000
36.660964331835,-0.770218323237082,390.00000000
36.6672142783566,-0.770218323237082,383.00000000
36.6922140644427,-0.770218323237082,207.00000000
36.6942973799499,-0.770218323237082,208.00000000
36.6713809093709,-0.772301677273556,330.00000000
36.6963806954571,-0.774385031310031,195.00000000
36.6776308558925,-0.776468385346505,312.00000000
36.6817974869068,-0.776468385346505,281.00000000
36.6880474334284,-0.776468385346505,208.00000000
36.6797141713997,-0.780635093419453,268.00000000
36.6984640109643,-0.780635093419453,199.00000000
36.6692975938638,-0.782718447455927,315.00000000
36.7026306419786,-0.782718447455927,183.00000000
36.683880802414,-0.784801801492402,228.00000000
36.6922140644427,-0.786885155528876,185.00000000
36.706797272993,-0.786885155528876,224.00000000
36.660964331835,-0.78896850956535,309.00000000
36.6588810163279,-0.791051863601824,309.00000000
36.6755475403853,-0.793135217638298,215.00000000
36.6817974869068,-0.793135217638298,222.00000000
36.7109639040073,-0.793135217638298,189.00000000
36.6755475403853,-0.795218571674773,219.00000000
36.6797141713997,-0.795218571674773,220.00000000
36.7026306419786,-0.795218571674773,158.00000000
36.7130472195145,-0.795218571674773,194.00000000
36.7088805885002,-0.797301925711247,173.00000000
36.6588810163279,-0.799385279747721,298.00000000
36.6651309628494,-0.799385279747721,256.00000000
36.7047139574858,-0.799385279747721,165.00000000
36.7151305350217,-0.799385279747721,180.00000000
36.6672142783566,-0.801468633784195,228.00000000
36.6942973799499,-0.801468633784195,164.00000000
36.6567977008207,-0.803551987820669,271.00000000
36.6651309628494,-0.803551987820669,242.00000000
36.6859641179212,-0.803551987820669,200.00000000
36.7026306419786,-0.803551987820669,180.00000000
36.6463811232848,-0.805635341857144,352.00000000
36.6588810163279,-0.805635341857144,275.00000000
36.6692975938638,-0.805635341857144,249.00000000
36.7047139574858,-0.805635341857144,210.00000000
36.648464438792,-0.807718695893618,301.00000000
36.7026306419786,-0.807718695893618,182.00000000
36.7047139574858,-0.807718695893618,224.00000000
36.706797272993,-0.807718695893618,178.00000000
36.6859641179212,-0.809802049930092,184.00000000
36.7047139574858,-0.809802049930092,171.00000000
36.6401311767633,-0.811885403966566,370.00000000
36.6672142783566,-0.811885403966566,225.00000000
36.6734642248781,-0.811885403966566,212.00000000
36.6755475403853,-0.811885403966566,210.00000000
36.7005473264714,-0.811885403966566,212.00000000
36.6505477542992,-0.81396875800304,293.00000000
36.6526310698063,-0.81396875800304,300.00000000
36.6547143853135,-0.81396875800304,290.00000000
36.6630476473422,-0.81396875800304,261.00000000
36.6984640109643,-0.81396875800304,171.00000000
36.7109639040073,-0.81396875800304,162.00000000
36.7297137435719,-0.81396875800304,229.00000000
36.7317970590791,-0.81396875800304,227.00000000
36.6422144922704,-0.816052112039515,349.00000000
36.6672142783566,-0.816052112039515,254.00000000
36.7401303211078,-0.816052112039515,233.00000000
36.6547143853135,-0.818135466075989,302.00000000
36.6797141713997,-0.818135466075989,204.00000000
36.706797272993,-0.818135466075989,166.00000000
36.6380478612561,-0.820218820112463,314.00000000
36.6422144922704,-0.820218820112463,313.00000000
36.6713809093709,-0.820218820112463,255.00000000
36.7130472195145,-0.820218820112463,206.00000000
36.7338803745863,-0.820218820112463,219.00000000
36.6442978077776,-0.822302174148937,300.00000000
36.6463811232848,-0.822302174148937,289.00000000
36.6588810163279,-0.822302174148937,288.00000000
36.7005473264714,-0.822302174148937,189.00000000
36.7255471125576,-0.822302174148937,187.00000000
36.7317970590791,-0.822302174148937,217.00000000
36.6422144922704,-0.824385528185411,283.00000000
36.6442978077776,-0.824385528185411,282.00000000
36.6567977008207,-0.824385528185411,299.00000000
36.660964331835,-0.824385528185411,311.00000000
36.6755475403853,-0.824385528185411,267.00000000
36.6817974869068,-0.824385528185411,239.00000000
36.7026306419786,-0.824385528185411,192.00000000
36.7130472195145,-0.824385528185411,218.00000000
36.7297137435719,-0.824385528185411,200.00000000
36.590131604591,-0.826468882221886,434.00000000
36.625547968213,-0.826468882221886,338.00000000
36.648464438792,-0.826468882221886,287.00000000
36.6651309628494,-0.826468882221886,326.00000000
36.6713809093709,-0.826468882221886,296.00000000
36.6776308558925,-0.826468882221886,280.00000000
36.7213804815432,-0.826468882221886,203.00000000
36.7276304280648,-0.826468882221886,193.00000000
36.6297145992274,-0.82855223625836,240.00000000
36.6505477542992,-0.82855223625836,296.00000000
36.6088814441556,-0.830635590294834,369.00000000
36.6297145992274,-0.830635590294834,252.00000000
36.6380478612561,-0.830635590294834,290.00000000
36.6567977008207,-0.830635590294834,303.00000000
36.660964331835,-0.830635590294834,322.00000000
36.6692975938638,-0.830635590294834,287.00000000
36.6880474334284,-0.830635590294834,222.00000000
36.719297166036,-0.830635590294834,209.00000000
36.7359636900935,-0.830635590294834,201.00000000
36.7401303211078,-0.830635590294834,201.00000000
36.6213813371987,-0.832718944331308,321.00000000
36.6359645457489,-0.832718944331308,264.00000000
36.6422144922704,-0.832718944331308,316.00000000
36.648464438792,-0.832718944331308,284.00000000
36.6588810163279,-0.832718944331308,301.00000000
36.683880802414,-0.832718944331308,262.00000000
36.6942973799499,-0.832718944331308,185.00000000
36.7317970590791,-0.832718944331308,192.00000000
36.7401303211078,-0.832718944331308,202.00000000
36.7463802676294,-0.832718944331308,214.00000000
36.7484635831365,-0.832718944331308,206.00000000
36.7547135296581,-0.832718944331308,201.00000000
36.7692967382083,-0.832718944331308,232.00000000
36.6109647596628,-0.834802298367782,358.00000000
36.6380478612561,-0.834802298367782,264.00000000
36.6422144922704,-0.834802298367782,260.00000000
36.660964331835,-0.834802298367782,269.00000000
36.6922140644427,-0.834802298367782,199.00000000
36.7109639040073,-0.834802298367782,170.00000000
36.7172138505289,-0.834802298367782,183.00000000
36.7526302141509,-0.834802298367782,213.00000000
36.7609634761796,-0.834802298367782,215.00000000
36.6213813371987,-0.836885652404256,337.00000000
36.6422144922704,-0.836885652404256,250.00000000
36.6463811232848,-0.836885652404256,250.00000000
36.6547143853135,-0.836885652404256,222.00000000
36.6567977008207,-0.836885652404256,234.00000000
36.6651309628494,-0.836885652404256,279.00000000
36.6672142783566,-0.836885652404256,285.00000000
36.6776308558925,-0.836885652404256,258.00000000
36.7005473264714,-0.836885652404256,174.00000000
36.7130472195145,-0.836885652404256,172.00000000
36.7234637970504,-0.836885652404256,185.00000000
36.7297137435719,-0.836885652404256,208.00000000
36.7401303211078,-0.836885652404256,213.00000000
36.7567968451653,-0.836885652404256,245.00000000
36.7630467916868,-0.836885652404256,186.00000000
36.5922149200982,-0.838969006440731,444.00000000
36.6380478612561,-0.838969006440731,274.00000000
36.6713809093709,-0.838969006440731,268.00000000
36.6755475403853,-0.838969006440731,257.00000000
36.6922140644427,-0.838969006440731,222.00000000
36.7026306419786,-0.838969006440731,167.00000000
36.7401303211078,-0.838969006440731,211.00000000
36.765130107194,-0.838969006440731,177.00000000
36.6588810163279,-0.841052360477205,228.00000000
36.660964331835,-0.841052360477205,241.00000000
36.6692975938638,-0.841052360477205,252.00000000
36.6734642248781,-0.841052360477205,243.00000000
36.6963806954571,-0.841052360477205,193.00000000
36.7088805885002,-0.841052360477205,182.00000000
36.7276304280648,-0.841052360477205,199.00000000
36.742213636615,-0.841052360477205,203.00000000
36.7567968451653,-0.841052360477205,185.00000000
36.7734633692227,-0.841052360477205,200.00000000
36.6109647596628,-0.843135714513679,362.00000000
36.6755475403853,-0.843135714513679,236.00000000
36.6859641179212,-0.843135714513679,238.00000000
36.7026306419786,-0.843135714513679,192.00000000
36.7151305350217,-0.843135714513679,163.00000000
36.7401303211078,-0.843135714513679,218.00000000
36.7588801606724,-0.843135714513679,183.00000000
36.5942982356053,-0.845219068550153,410.00000000
36.6901307489355,-0.845219068550153,223.00000000
36.7151305350217,-0.845219068550153,175.00000000
36.719297166036,-0.845219068550153,165.00000000
36.6234646527058,-0.847302422586627,351.00000000
36.648464438792,-0.847302422586627,230.00000000
36.6797141713997,-0.847302422586627,234.00000000
36.7234637970504,-0.847302422586627,175.00000000
36.7484635831365,-0.847302422586627,208.00000000
36.7963798398016,-0.847302422586627,229.00000000
36.5942982356053,-0.849385776623102,421.00000000
36.6192980216915,-0.849385776623102,362.00000000
36.6297145992274,-0.849385776623102,310.00000000
36.6505477542992,-0.849385776623102,224.00000000
36.6797141713997,-0.849385776623102,237.00000000
36.7463802676294,-0.849385776623102,207.00000000
36.7547135296581,-0.849385776623102,187.00000000
36.7630467916868,-0.849385776623102,166.00000000
36.7734633692227,-0.849385776623102,168.00000000
36.7880465777729,-0.849385776623102,181.00000000
36.800546470816,-0.849385776623102,211.00000000
36.6297145992274,-0.851469130659576,374.00000000
36.6317979147345,-0.851469130659576,310.00000000
36.6401311767633,-0.851469130659576,247.00000000
36.6963806954571,-0.851469130659576,220.00000000
36.7130472195145,-0.851469130659576,216.00000000
36.7380470056006,-0.851469130659576,207.00000000
36.8026297863232,-0.851469130659576,248.00000000
36.6088814441556,-0.85355248469605,389.00000000
36.6797141713997,-0.85355248469605,252.00000000
36.6922140644427,-0.85355248469605,238.00000000
36.7276304280648,-0.85355248469605,233.00000000
36.742213636615,-0.85355248469605,207.00000000
36.7505468986437,-0.85355248469605,207.00000000
36.7526302141509,-0.85355248469605,205.00000000
36.765130107194,-0.85355248469605,166.00000000
36.7797133157442,-0.85355248469605,160.00000000
36.7817966312514,-0.85355248469605,167.00000000
36.7963798398016,-0.85355248469605,217.00000000
36.800546470816,-0.85355248469605,231.00000000
36.5984648666197,-0.855635838732524,397.00000000
36.6192980216915,-0.855635838732524,359.00000000
36.6442978077776,-0.855635838732524,257.00000000
36.6901307489355,-0.855635838732524,216.00000000
36.706797272993,-0.855635838732524,197.00000000
36.7130472195145,-0.855635838732524,202.00000000
36.7692967382083,-0.855635838732524,161.00000000
36.7838799467586,-0.855635838732524,169.00000000
36.8067964173375,-0.855635838732524,270.00000000
36.6588810163279,-0.857719192768998,240.00000000
36.6817974869068,-0.857719192768998,214.00000000
36.683880802414,-0.857719192768998,236.00000000
36.6942973799499,-0.857719192768998,228.00000000
36.6963806954571,-0.857719192768998,230.00000000
36.7213804815432,-0.857719192768998,177.00000000
36.7672134227011,-0.857719192768998,179.00000000
36.7713800537155,-0.857719192768998,176.00000000
36.7942965242945,-0.857719192768998,227.00000000
36.8026297863232,-0.857719192768998,214.00000000
36.6442978077776,-0.859802546805473,283.00000000
36.6463811232848,-0.859802546805473,250.00000000
36.6505477542992,-0.859802546805473,222.00000000
36.6526310698063,-0.859802546805473,199.00000000
36.6734642248781,-0.859802546805473,229.00000000
36.6755475403853,-0.859802546805473,245.00000000
36.7359636900935,-0.859802546805473,174.00000000
36.7672134227011,-0.859802546805473,180.00000000
36.6172147061843,-0.861885900841947,397.00000000
36.6505477542992,-0.861885900841947,241.00000000
36.6713809093709,-0.861885900841947,209.00000000
36.6922140644427,-0.861885900841947,195.00000000
36.7172138505289,-0.861885900841947,179.00000000
36.7317970590791,-0.861885900841947,227.00000000
36.7380470056006,-0.861885900841947,173.00000000
36.7401303211078,-0.861885900841947,177.00000000
36.7463802676294,-0.861885900841947,195.00000000
36.7505468986437,-0.861885900841947,193.00000000
36.765130107194,-0.861885900841947,181.00000000
36.7838799467586,-0.861885900841947,204.00000000
36.6005481821269,-0.863969254878421,394.00000000
36.6026314976341,-0.863969254878421,393.00000000
36.6276312837202,-0.863969254878421,397.00000000
36.6317979147345,-0.863969254878421,332.00000000
36.6526310698063,-0.863969254878421,246.00000000
36.6547143853135,-0.863969254878421,242.00000000
36.660964331835,-0.863969254878421,215.00000000
36.6942973799499,-0.863969254878421,204.00000000
36.7026306419786,-0.863969254878421,191.00000000
36.7401303211078,-0.863969254878421,176.00000000
36.7442969521222,-0.863969254878421,205.00000000
36.7463802676294,-0.863969254878421,197.00000000
36.7901298932801,-0.863969254878421,197.00000000
36.8067964173375,-0.863969254878421,242.00000000
36.823462941395,-0.863969254878421,343.00000000
36.6130480751699,-0.866052608914895,364.00000000
36.625547968213,-0.866052608914895,439.00000000
36.6651309628494,-0.866052608914895,199.00000000
36.6880474334284,-0.866052608914895,200.00000000
36.7130472195145,-0.866052608914895,196.00000000
36.7234637970504,-0.866052608914895,180.00000000
36.7255471125576,-0.866052608914895,177.00000000
36.7692967382083,-0.866052608914895,196.00000000
36.7963798398016,-0.866052608914895,219.00000000
36.800546470816,-0.866052608914895,255.00000000
36.6276312837202,-0.868135962951369,383.00000000
36.6338812302417,-0.868135962951369,272.00000000
36.6463811232848,-0.868135962951369,239.00000000
36.6588810163279,-0.868135962951369,235.00000000
36.7151305350217,-0.868135962951369,195.00000000
36.7734633692227,-0.868135962951369,190.00000000
36.8255462569021,-0.868135962951369,336.00000000
36.6651309628494,-0.870219316987844,183.00000000
36.683880802414,-0.870219316987844,170.00000000
36.6922140644427,-0.870219316987844,195.00000000
36.7109639040073,-0.870219316987844,194.00000000
36.7442969521222,-0.870219316987844,209.00000000
36.7734633692227,-0.870219316987844,194.00000000
36.6005481821269,-0.872302671024318,441.00000000
36.6297145992274,-0.872302671024318,381.00000000
36.660964331835,-0.872302671024318,202.00000000
36.7047139574858,-0.872302671024318,182.00000000
36.7380470056006,-0.872302671024318,182.00000000
36.7463802676294,-0.872302671024318,192.00000000
36.7505468986437,-0.872302671024318,189.00000000
36.777630000237,-0.872302671024318,181.00000000
36.7838799467586,-0.872302671024318,189.00000000
36.8047131018304,-0.872302671024318,292.00000000
36.6047148131412,-0.874386025060792,439.00000000
36.6192980216915,-0.874386025060792,428.00000000
36.6442978077776,-0.874386025060792,249.00000000
36.6505477542992,-0.874386025060792,253.00000000
36.6797141713997,-0.874386025060792,183.00000000
36.7088805885002,-0.874386025060792,195.00000000
36.7338803745863,-0.874386025060792,170.00000000
36.7484635831365,-0.874386025060792,184.00000000
36.7505468986437,-0.874386025060792,178.00000000
36.7526302141509,-0.874386025060792,172.00000000
36.7567968451653,-0.874386025060792,174.00000000
36.8255462569021,-0.874386025060792,327.00000000
36.6005481821269,-0.876469379097266,498.00000000
36.6130480751699,-0.876469379097266,461.00000000
36.6442978077776,-0.876469379097266,235.00000000
36.6526310698063,-0.876469379097266,221.00000000
36.6797141713997,-0.876469379097266,167.00000000
36.7401303211078,-0.876469379097266,179.00000000
36.7817966312514,-0.876469379097266,173.00000000
36.7880465777729,-0.876469379097266,215.00000000
36.8213796258878,-0.876469379097266,315.00000000
36.835962834438,-0.876469379097266,339.00000000
36.6109647596628,-0.87855273313374,453.00000000
36.6734642248781,-0.87855273313374,160.00000000
36.7026306419786,-0.87855273313374,217.00000000
36.7130472195145,-0.87855273313374,199.00000000
36.719297166036,-0.87855273313374,205.00000000
36.7317970590791,-0.87855273313374,216.00000000
36.7380470056006,-0.87855273313374,168.00000000
36.765130107194,-0.87855273313374,171.00000000
36.8088797328447,-0.87855273313374,286.00000000
36.8317962034237,-0.87855273313374,301.00000000
36.8338795189309,-0.87855273313374,322.00000000
36.5942982356053,-0.880636087170215,470.00000000
36.6109647596628,-0.880636087170215,452.00000000
36.6172147061843,-0.880636087170215,455.00000000
36.6297145992274,-0.880636087170215,325.00000000
36.660964331835,-0.880636087170215,194.00000000
36.6776308558925,-0.880636087170215,170.00000000
36.683880802414,-0.880636087170215,175.00000000
36.6901307489355,-0.880636087170215,187.00000000
36.706797272993,-0.880636087170215,202.00000000
36.719297166036,-0.880636087170215,226.00000000
36.7213804815432,-0.880636087170215,211.00000000
36.7526302141509,-0.880636087170215,178.00000000
36.7713800537155,-0.880636087170215,189.00000000
36.7838799467586,-0.880636087170215,210.00000000
36.7942965242945,-0.880636087170215,234.00000000
36.8192963103806,-0.880636087170215,289.00000000
36.6276312837202,-0.882719441206689,339.00000000
36.6359645457489,-0.882719441206689,288.00000000
36.660964331835,-0.882719441206689,190.00000000
36.6651309628494,-0.882719441206689,174.00000000
36.6942973799499,-0.882719441206689,196.00000000
36.7088805885002,-0.882719441206689,197.00000000
36.7213804815432,-0.882719441206689,221.00000000
36.7317970590791,-0.882719441206689,197.00000000
36.7401303211078,-0.882719441206689,194.00000000
36.7484635831365,-0.882719441206689,181.00000000
36.7505468986437,-0.882719441206689,178.00000000
36.8088797328447,-0.882719441206689,311.00000000
36.8109630483519,-0.882719441206689,312.00000000
36.8380461499452,-0.882719441206689,322.00000000
36.8526293584955,-0.882719441206689,307.00000000
36.660964331835,-0.884802795243163,199.00000000
36.8401294654524,-0.884802795243163,306.00000000
36.8484627274811,-0.884802795243163,293.00000000
36.6047148131412,-0.886886149279637,413.00000000
36.6672142783566,-0.886886149279637,162.00000000
36.6734642248781,-0.886886149279637,175.00000000
36.7088805885002,-0.886886149279637,208.00000000
36.719297166036,-0.886886149279637,184.00000000
36.7401303211078,-0.886886149279637,198.00000000
36.7442969521222,-0.886886149279637,205.00000000
36.7484635831365,-0.886886149279637,185.00000000
36.7609634761796,-0.886886149279637,164.00000000
36.7755466847299,-0.886886149279637,211.00000000
36.7922132087873,-0.886886149279637,243.00000000
36.8088797328447,-0.886886149279637,330.00000000
36.8109630483519,-0.886886149279637,307.00000000
36.8192963103806,-0.886886149279637,316.00000000
36.8401294654524,-0.886886149279637,316.00000000
36.8505460429883,-0.886886149279637,285.00000000
36.5984648666197,-0.888969503316111,380.00000000
36.6380478612561,-0.888969503316111,302.00000000
36.6422144922704,-0.888969503316111,278.00000000
36.6734642248781,-0.888969503316111,180.00000000
36.6984640109643,-0.888969503316111,200.00000000
36.7255471125576,-0.888969503316111,198.00000000
36.7380470056006,-0.888969503316111,198.00000000
36.7942965242945,-0.888969503316111,285.00000000
36.5817983425623,-0.891052857352586,362.00000000
36.6422144922704,-0.891052857352586,300.00000000
36.7026306419786,-0.891052857352586,191.00000000
36.7130472195145,-0.891052857352586,193.00000000
36.7317970590791,-0.891052857352586,195.00000000
36.777630000237,-0.891052857352586,202.00000000
36.7901298932801,-0.891052857352586,261.00000000
36.8297128879165,-0.891052857352586,328.00000000
36.8755458290744,-0.891052857352586,352.00000000
36.5838816580694,-0.89313621138906,347.00000000
36.5922149200982,-0.89313621138906,385.00000000
36.660964331835,-0.89313621138906,177.00000000
36.6755475403853,-0.89313621138906,198.00000000
36.6776308558925,-0.89313621138906,187.00000000
36.7047139574858,-0.89313621138906,181.00000000
36.7442969521222,-0.89313621138906,188.00000000
36.7672134227011,-0.89313621138906,194.00000000
36.7880465777729,-0.89313621138906,231.00000000
36.8067964173375,-0.89313621138906,290.00000000
36.8172129948734,-0.89313621138906,347.00000000
36.8380461499452,-0.89313621138906,331.00000000
36.8630459360314,-0.89313621138906,328.00000000
36.8713791980601,-0.89313621138906,356.00000000
36.5859649735766,-0.895219565425534,369.00000000
36.5963815511125,-0.895219565425534,366.00000000
36.6088814441556,-0.895219565425534,376.00000000
36.6380478612561,-0.895219565425534,306.00000000
36.6463811232848,-0.895219565425534,264.00000000
36.6505477542992,-0.895219565425534,237.00000000
36.6672142783566,-0.895219565425534,183.00000000
36.706797272993,-0.895219565425534,179.00000000
36.719297166036,-0.895219565425534,198.00000000
36.7317970590791,-0.895219565425534,191.00000000
36.7505468986437,-0.895219565425534,172.00000000
36.8505460429883,-0.895219565425534,366.00000000
36.8547126740026,-0.895219565425534,366.00000000
36.858879305017,-0.895219565425534,351.00000000
36.8755458290744,-0.895219565425534,343.00000000
36.5859649735766,-0.897302919462008,368.00000000
36.6026314976341,-0.897302919462008,328.00000000
36.6192980216915,-0.897302919462008,419.00000000
36.648464438792,-0.897302919462008,236.00000000
36.6651309628494,-0.897302919462008,183.00000000
36.6859641179212,-0.897302919462008,188.00000000
36.6984640109643,-0.897302919462008,192.00000000
36.7255471125576,-0.897302919462008,212.00000000
36.7547135296581,-0.897302919462008,169.00000000
36.8526293584955,-0.897302919462008,357.00000000
36.858879305017,-0.897302919462008,367.00000000
36.5797150270551,-0.899386273498482,355.00000000
36.6172147061843,-0.899386273498482,404.00000000
36.6338812302417,-0.899386273498482,328.00000000
36.6401311767633,-0.899386273498482,305.00000000
36.6505477542992,-0.899386273498482,222.00000000
36.6526310698063,-0.899386273498482,218.00000000
36.6755475403853,-0.899386273498482,203.00000000
36.683880802414,-0.899386273498482,211.00000000
36.6859641179212,-0.899386273498482,196.00000000
36.6963806954571,-0.899386273498482,194.00000000
36.6984640109643,-0.899386273498482,188.00000000
36.7109639040073,-0.899386273498482,188.00000000
36.7338803745863,-0.899386273498482,197.00000000
36.7484635831365,-0.899386273498482,192.00000000
36.7588801606724,-0.899386273498482,183.00000000
36.7734633692227,-0.899386273498482,193.00000000
36.7880465777729,-0.899386273498482,241.00000000
36.8047131018304,-0.899386273498482,314.00000000
36.8088797328447,-0.899386273498482,337.00000000
36.8172129948734,-0.899386273498482,317.00000000
36.8255462569021,-0.899386273498482,331.00000000
36.835962834438,-0.899386273498482,327.00000000
36.8547126740026,-0.899386273498482,354.00000000
36.8734625135672,-0.899386273498482,321.00000000
36.8880457221175,-0.899386273498482,379.00000000
36.5797150270551,-0.901469627534957,386.00000000
36.6359645457489,-0.901469627534957,329.00000000
36.7005473264714,-0.901469627534957,186.00000000
36.7172138505289,-0.901469627534957,198.00000000
36.719297166036,-0.901469627534957,199.00000000
36.7547135296581,-0.901469627534957,214.00000000
36.777630000237,-0.901469627534957,209.00000000
36.8192963103806,-0.901469627534957,350.00000000
36.8317962034237,-0.901469627534957,359.00000000
36.8380461499452,-0.901469627534957,337.00000000
36.8567959895098,-0.901469627534957,361.00000000
36.8713791980601,-0.901469627534957,327.00000000
36.8776291445816,-0.901469627534957,348.00000000
36.5651318185048,-0.903552981571431,520.00000000
36.5692984495192,-0.903552981571431,508.00000000
36.5776317115479,-0.903552981571431,426.00000000
36.5922149200982,-0.903552981571431,363.00000000
36.6422144922704,-0.903552981571431,297.00000000
36.7047139574858,-0.903552981571431,187.00000000
36.7338803745863,-0.903552981571431,194.00000000
36.7463802676294,-0.903552981571431,193.00000000
36.765130107194,-0.903552981571431,176.00000000
36.777630000237,-0.903552981571431,209.00000000
36.7984631553088,-0.903552981571431,311.00000000
36.8213796258878,-0.903552981571431,350.00000000
36.8401294654524,-0.903552981571431,344.00000000
36.8442960964667,-0.903552981571431,371.00000000
36.8505460429883,-0.903552981571431,357.00000000
36.8526293584955,-0.903552981571431,355.00000000
36.8755458290744,-0.903552981571431,334.00000000
36.5922149200982,-0.905636335607905,371.00000000
36.625547968213,-0.905636335607905,386.00000000
36.6734642248781,-0.905636335607905,198.00000000
36.6817974869068,-0.905636335607905,240.00000000
36.7151305350217,-0.905636335607905,193.00000000
36.7713800537155,-0.905636335607905,218.00000000
36.8442960964667,-0.905636335607905,356.00000000
36.8692958825529,-0.905636335607905,370.00000000
36.5942982356053,-0.907719689644379,334.00000000
36.5984648666197,-0.907719689644379,328.00000000
36.6505477542992,-0.907719689644379,231.00000000
36.683880802414,-0.907719689644379,231.00000000
36.7463802676294,-0.907719689644379,212.00000000
36.7484635831365,-0.907719689644379,215.00000000
36.7588801606724,-0.907719689644379,212.00000000
36.7755466847299,-0.907719689644379,232.00000000
36.8213796258878,-0.907719689644379,359.00000000
36.8255462569021,-0.907719689644379,346.00000000
36.8297128879165,-0.907719689644379,367.00000000
36.8338795189309,-0.907719689644379,346.00000000
36.8505460429883,-0.907719689644379,364.00000000
36.8567959895098,-0.907719689644379,369.00000000
36.8651292515385,-0.907719689644379,370.00000000
36.8922123531319,-0.907719689644379,444.00000000
36.6067981286484,-0.909803043680853,311.00000000
36.6567977008207,-0.909803043680853,190.00000000
36.6588810163279,-0.909803043680853,197.00000000
36.6859641179212,-0.909803043680853,188.00000000
36.7026306419786,-0.909803043680853,198.00000000
36.7109639040073,-0.909803043680853,186.00000000
36.7609634761796,-0.909803043680853,204.00000000
36.7859632622658,-0.909803043680853,263.00000000
36.7901298932801,-0.909803043680853,288.00000000
36.7942965242945,-0.909803043680853,293.00000000
36.8067964173375,-0.909803043680853,377.00000000
36.8255462569021,-0.909803043680853,360.00000000
36.8317962034237,-0.909803043680853,376.00000000
36.8422127809596,-0.909803043680853,355.00000000
36.8442960964667,-0.909803043680853,360.00000000
36.8484627274811,-0.909803043680853,354.00000000
36.881795775596,-0.909803043680853,384.00000000
36.5859649735766,-0.911886397717327,499.00000000
36.590131604591,-0.911886397717327,384.00000000
36.625547968213,-0.911886397717327,316.00000000
36.6692975938638,-0.911886397717327,169.00000000
36.6755475403853,-0.911886397717327,196.00000000
36.6922140644427,-0.911886397717327,198.00000000
36.6942973799499,-0.911886397717327,196.00000000
36.7109639040073,-0.911886397717327,205.00000000
36.7213804815432,-0.911886397717327,201.00000000
36.7317970590791,-0.911886397717327,189.00000000
36.7401303211078,-0.911886397717327,209.00000000
36.7734633692227,-0.911886397717327,225.00000000
36.7901298932801,-0.911886397717327,289.00000000
36.8630459360314,-0.911886397717327,352.00000000
36.5755483960407,-0.913969751753802,661.00000000
36.6026314976341,-0.913969751753802,318.00000000
36.6172147061843,-0.913969751753802,274.00000000
36.625547968213,-0.913969751753802,288.00000000
36.6442978077776,-0.913969751753802,248.00000000
36.6588810163279,-0.913969751753802,207.00000000
36.7047139574858,-0.913969751753802,215.00000000
36.7109639040073,-0.913969751753802,207.00000000
36.7130472195145,-0.913969751753802,196.00000000
36.7297137435719,-0.913969751753802,181.00000000
36.7984631553088,-0.913969751753802,301.00000000
36.8047131018304,-0.913969751753802,372.00000000
36.8401294654524,-0.913969751753802,353.00000000
36.8567959895098,-0.913969751753802,364.00000000
36.8672125670457,-0.913969751753802,359.00000000
36.8859624066103,-0.913969751753802,405.00000000
36.9026289306677,-0.913969751753802,445.00000000
36.5797150270551,-0.916053105790276,478.00000000
36.5942982356053,-0.916053105790276,425.00000000
36.6380478612561,-0.916053105790276,231.00000000
36.6442978077776,-0.916053105790276,235.00000000
36.6505477542992,-0.916053105790276,212.00000000
36.660964331835,-0.916053105790276,208.00000000
36.7130472195145,-0.916053105790276,206.00000000
36.7317970590791,-0.916053105790276,194.00000000
36.7380470056006,-0.916053105790276,195.00000000
36.7484635831365,-0.916053105790276,187.00000000
36.8151296793663,-0.916053105790276,359.00000000
36.8192963103806,-0.916053105790276,344.00000000
36.8401294654524,-0.916053105790276,359.00000000
36.858879305017,-0.916053105790276,363.00000000
36.8713791980601,-0.916053105790276,388.00000000
36.8963789841462,-0.916053105790276,384.00000000
36.9005456151606,-0.916053105790276,399.00000000
36.5817983425623,-0.91813645982675,542.00000000
36.5942982356053,-0.91813645982675,437.00000000
36.6276312837202,-0.91813645982675,257.00000000
36.6567977008207,-0.91813645982675,204.00000000
36.6734642248781,-0.91813645982675,196.00000000
36.7172138505289,-0.91813645982675,192.00000000
36.7297137435719,-0.91813645982675,201.00000000
36.7401303211078,-0.91813645982675,203.00000000
36.7442969521222,-0.91813645982675,210.00000000
36.7838799467586,-0.91813645982675,315.00000000
36.7880465777729,-0.91813645982675,304.00000000
36.800546470816,-0.91813645982675,344.00000000
36.8151296793663,-0.91813645982675,362.00000000
36.823462941395,-0.91813645982675,347.00000000
36.8526293584955,-0.91813645982675,369.00000000
36.8672125670457,-0.91813645982675,376.00000000
36.5692984495192,-0.920219813863224,492.00000000
36.5942982356053,-0.920219813863224,462.00000000
36.5984648666197,-0.920219813863224,460.00000000
36.625547968213,-0.920219813863224,271.00000000
36.6422144922704,-0.920219813863224,241.00000000
36.6922140644427,-0.920219813863224,204.00000000
36.7047139574858,-0.920219813863224,233.00000000
36.7401303211078,-0.920219813863224,207.00000000
36.7734633692227,-0.920219813863224,302.00000000
36.7755466847299,-0.920219813863224,299.00000000
36.8151296793663,-0.920219813863224,366.00000000
36.8672125670457,-0.920219813863224,358.00000000
36.8713791980601,-0.920219813863224,392.00000000
36.8838790911031,-0.920219813863224,388.00000000
36.8859624066103,-0.920219813863224,388.00000000
36.5567985564761,-0.922303167899698,518.00000000
36.6109647596628,-0.922303167899698,266.00000000
36.6130480751699,-0.922303167899698,243.00000000
36.6151313906771,-0.922303167899698,254.00000000
36.6442978077776,-0.922303167899698,226.00000000
36.683880802414,-0.922303167899698,200.00000000
36.7234637970504,-0.922303167899698,186.00000000
36.7338803745863,-0.922303167899698,193.00000000
36.7505468986437,-0.922303167899698,230.00000000
36.7609634761796,-0.922303167899698,257.00000000
36.8317962034237,-0.922303167899698,367.00000000
36.8401294654524,-0.922303167899698,373.00000000
36.8838790911031,-0.922303167899698,385.00000000
36.894295668639,-0.922303167899698,374.00000000
36.9067955616821,-0.922303167899698,409.00000000
36.5692984495192,-0.924386521936173,559.00000000
36.5922149200982,-0.924386521936173,499.00000000
36.5984648666197,-0.924386521936173,436.00000000
36.6463811232848,-0.924386521936173,196.00000000
36.6713809093709,-0.924386521936173,197.00000000
36.6880474334284,-0.924386521936173,203.00000000
36.7109639040073,-0.924386521936173,191.00000000
36.7151305350217,-0.924386521936173,247.00000000
36.7255471125576,-0.924386521936173,177.00000000
36.7359636900935,-0.924386521936173,202.00000000
36.7526302141509,-0.924386521936173,250.00000000
36.858879305017,-0.924386521936173,374.00000000
36.5817983425623,-0.926469875972647,576.00000000
36.5859649735766,-0.926469875972647,531.00000000
36.5942982356053,-0.926469875972647,490.00000000
36.6005481821269,-0.926469875972647,385.00000000
36.6067981286484,-0.926469875972647,350.00000000
36.6922140644427,-0.926469875972647,206.00000000
36.719297166036,-0.926469875972647,205.00000000
36.7609634761796,-0.926469875972647,268.00000000
36.7922132087873,-0.926469875972647,352.00000000
36.8255462569021,-0.926469875972647,372.00000000
36.835962834438,-0.926469875972647,353.00000000
36.8463794119739,-0.926469875972647,365.00000000
36.8505460429883,-0.926469875972647,349.00000000
36.8672125670457,-0.926469875972647,396.00000000
36.8984622996534,-0.926469875972647,408.00000000
36.5755483960407,-0.928553230009121,569.00000000
36.5797150270551,-0.928553230009121,551.00000000
36.6172147061843,-0.928553230009121,249.00000000
36.6234646527058,-0.928553230009121,305.00000000
36.6359645457489,-0.928553230009121,251.00000000
36.660964331835,-0.928553230009121,186.00000000
36.6817974869068,-0.928553230009121,172.00000000
36.6859641179212,-0.928553230009121,178.00000000
36.6942973799499,-0.928553230009121,210.00000000
36.7359636900935,-0.928553230009121,192.00000000
36.7588801606724,-0.928553230009121,253.00000000
36.8088797328447,-0.928553230009121,348.00000000
36.8213796258878,-0.928553230009121,337.00000000
36.8692958825529,-0.928553230009121,415.00000000
36.5776317115479,-0.930636584045595,557.00000000
36.5797150270551,-0.930636584045595,518.00000000
36.6026314976341,-0.930636584045595,379.00000000
36.6088814441556,-0.930636584045595,283.00000000
36.6463811232848,-0.930636584045595,188.00000000
36.683880802414,-0.930636584045595,168.00000000
36.6922140644427,-0.930636584045595,205.00000000
36.7255471125576,-0.930636584045595,182.00000000
36.765130107194,-0.930636584045595,284.00000000
36.7713800537155,-0.930636584045595,269.00000000
36.7734633692227,-0.930636584045595,260.00000000
36.7880465777729,-0.930636584045595,361.00000000
36.8192963103806,-0.930636584045595,340.00000000
36.9067955616821,-0.930636584045595,414.00000000
36.917212139218,-0.930636584045595,427.00000000
36.9192954547252,-0.930636584045595,434.00000000
36.5859649735766,-0.932719938082069,619.00000000
36.6151313906771,-0.932719938082069,271.00000000
36.6213813371987,-0.932719938082069,265.00000000
36.6463811232848,-0.932719938082069,211.00000000
36.6734642248781,-0.932719938082069,186.00000000
36.6901307489355,-0.932719938082069,198.00000000
36.7172138505289,-0.932719938082069,196.00000000
36.7276304280648,-0.932719938082069,179.00000000
36.7317970590791,-0.932719938082069,213.00000000
36.7630467916868,-0.932719938082069,320.00000000
36.7817966312514,-0.932719938082069,317.00000000
36.7922132087873,-0.932719938082069,356.00000000
36.8380461499452,-0.932719938082069,374.00000000
36.8401294654524,-0.932719938082069,375.00000000
36.8484627274811,-0.932719938082069,355.00000000
36.8922123531319,-0.932719938082069,393.00000000
36.9130455082036,-0.932719938082069,417.00000000
36.5838816580694,-0.934803292118544,615.00000000
36.6734642248781,-0.934803292118544,182.00000000
36.6797141713997,-0.934803292118544,186.00000000
36.7276304280648,-0.934803292118544,184.00000000
36.7338803745863,-0.934803292118544,267.00000000
36.7859632622658,-0.934803292118544,319.00000000
36.7922132087873,-0.934803292118544,348.00000000
36.8192963103806,-0.934803292118544,320.00000000
36.8317962034237,-0.934803292118544,345.00000000
36.8401294654524,-0.934803292118544,357.00000000
36.8547126740026,-0.934803292118544,369.00000000
36.858879305017,-0.934803292118544,383.00000000
36.8692958825529,-0.934803292118544,406.00000000
36.8755458290744,-0.934803292118544,402.00000000
36.8901290376247,-0.934803292118544,408.00000000
36.8963789841462,-0.934803292118544,400.00000000
36.8984622996534,-0.934803292118544,400.00000000
36.9047122461749,-0.934803292118544,412.00000000
36.9130455082036,-0.934803292118544,404.00000000
36.9213787702324,-0.934803292118544,466.00000000
36.5776317115479,-0.936886646155018,556.00000000
36.5797150270551,-0.936886646155018,632.00000000
36.5942982356053,-0.936886646155018,515.00000000
36.6047148131412,-0.936886646155018,383.00000000
36.6067981286484,-0.936886646155018,339.00000000
36.6192980216915,-0.936886646155018,304.00000000
36.6297145992274,-0.936886646155018,298.00000000
36.6567977008207,-0.936886646155018,237.00000000
36.6797141713997,-0.936886646155018,177.00000000
36.6880474334284,-0.936886646155018,199.00000000
36.7047139574858,-0.936886646155018,201.00000000
36.8213796258878,-0.936886646155018,344.00000000
36.8463794119739,-0.936886646155018,362.00000000
36.8567959895098,-0.936886646155018,361.00000000
36.8651292515385,-0.936886646155018,400.00000000
36.8838790911031,-0.936886646155018,415.00000000
36.8922123531319,-0.936886646155018,403.00000000
36.6276312837202,-0.938970000191492,302.00000000
36.6505477542992,-0.938970000191492,239.00000000
36.6672142783566,-0.938970000191492,202.00000000
36.6692975938638,-0.938970000191492,186.00000000
36.7005473264714,-0.938970000191492,196.00000000
36.7130472195145,-0.938970000191492,190.00000000
36.7151305350217,-0.938970000191492,191.00000000
36.7172138505289,-0.938970000191492,196.00000000
36.7317970590791,-0.938970000191492,189.00000000
36.7338803745863,-0.938970000191492,187.00000000
36.7567968451653,-0.938970000191492,325.00000000
36.7797133157442,-0.938970000191492,307.00000000
36.7880465777729,-0.938970000191492,353.00000000
36.8172129948734,-0.938970000191492,333.00000000
36.8505460429883,-0.938970000191492,360.00000000
36.8755458290744,-0.938970000191492,407.00000000
36.8797124600888,-0.938970000191492,406.00000000
36.8963789841462,-0.938970000191492,408.00000000
36.9026289306677,-0.938970000191492,407.00000000
36.6005481821269,-0.941053354227966,499.00000000
36.6067981286484,-0.941053354227966,386.00000000
36.6338812302417,-0.941053354227966,255.00000000
36.6505477542992,-0.941053354227966,246.00000000
36.6797141713997,-0.941053354227966,175.00000000
36.6901307489355,-0.941053354227966,184.00000000
36.6942973799499,-0.941053354227966,178.00000000
36.7109639040073,-0.941053354227966,175.00000000
36.7463802676294,-0.941053354227966,217.00000000
36.7526302141509,-0.941053354227966,295.00000000
36.7817966312514,-0.941053354227966,301.00000000
36.7922132087873,-0.941053354227966,367.00000000
36.7963798398016,-0.941053354227966,339.00000000
36.8297128879165,-0.941053354227966,342.00000000
36.894295668639,-0.941053354227966,405.00000000
36.9047122461749,-0.941053354227966,405.00000000
36.9359619787826,-0.941053354227966,449.00000000
36.5922149200982,-0.94313670826444,629.00000000
36.6172147061843,-0.94313670826444,338.00000000
36.660964331835,-0.94313670826444,213.00000000
36.6880474334284,-0.94313670826444,191.00000000
36.6901307489355,-0.94313670826444,176.00000000
36.7151305350217,-0.94313670826444,190.00000000
36.7317970590791,-0.94313670826444,191.00000000
36.7609634761796,-0.94313670826444,310.00000000
36.7692967382083,-0.94313670826444,297.00000000
36.777630000237,-0.94313670826444,311.00000000
36.7942965242945,-0.94313670826444,360.00000000
36.8088797328447,-0.94313670826444,350.00000000
36.8547126740026,-0.94313670826444,368.00000000
36.8776291445816,-0.94313670826444,410.00000000
36.8797124600888,-0.94313670826444,407.00000000
36.8859624066103,-0.94313670826444,405.00000000
36.8880457221175,-0.94313670826444,411.00000000
36.5942982356053,-0.945220062300915,567.00000000
36.5984648666197,-0.945220062300915,540.00000000
36.6213813371987,-0.945220062300915,324.00000000
36.6505477542992,-0.945220062300915,256.00000000
36.6901307489355,-0.945220062300915,180.00000000
36.6984640109643,-0.945220062300915,170.00000000
36.706797272993,-0.945220062300915,182.00000000
36.7338803745863,-0.945220062300915,195.00000000
36.7484635831365,-0.945220062300915,236.00000000
36.7922132087873,-0.945220062300915,375.00000000
36.7963798398016,-0.945220062300915,374.00000000
36.800546470816,-0.945220062300915,365.00000000
36.8463794119739,-0.945220062300915,377.00000000
36.9088788771893,-0.945220062300915,399.00000000
36.9151288237108,-0.945220062300915,420.00000000
36.9276287167539,-0.945220062300915,424.00000000
36.940128609797,-0.945220062300915,455.00000000
36.5859649735766,-0.947303416337389,685.00000000
36.5880482890838,-0.947303416337389,645.00000000
36.590131604591,-0.947303416337389,650.00000000
36.6172147061843,-0.947303416337389,373.00000000
36.6192980216915,-0.947303416337389,367.00000000
36.6213813371987,-0.947303416337389,348.00000000
36.6401311767633,-0.947303416337389,267.00000000
36.6463811232848,-0.947303416337389,276.00000000
36.648464438792,-0.947303416337389,266.00000000
36.6672142783566,-0.947303416337389,198.00000000
36.7047139574858,-0.947303416337389,181.00000000
36.7109639040073,-0.947303416337389,188.00000000
36.7130472195145,-0.947303416337389,194.00000000
36.7213804815432,-0.947303416337389,176.00000000
36.7276304280648,-0.947303416337389,186.00000000
36.7317970590791,-0.947303416337389,188.00000000
36.7442969521222,-0.947303416337389,223.00000000
36.7755466847299,-0.947303416337389,312.00000000
36.800546470816,-0.947303416337389,367.00000000
36.8151296793663,-0.947303416337389,341.00000000
36.8547126740026,-0.947303416337389,381.00000000
36.858879305017,-0.947303416337389,371.00000000
36.8651292515385,-0.947303416337389,409.00000000
36.894295668639,-0.947303416337389,413.00000000
36.9088788771893,-0.947303416337389,411.00000000
36.9234620857395,-0.947303416337389,426.00000000
36.5984648666197,-0.949386770373863,563.00000000
36.6067981286484,-0.949386770373863,509.00000000
36.6130480751699,-0.949386770373863,395.00000000
36.6463811232848,-0.949386770373863,264.00000000
36.6651309628494,-0.949386770373863,192.00000000
36.6776308558925,-0.949386770373863,223.00000000
36.7130472195145,-0.949386770373863,188.00000000
36.7151305350217,-0.949386770373863,191.00000000
36.7172138505289,-0.949386770373863,190.00000000
36.7505468986437,-0.949386770373863,273.00000000
36.8151296793663,-0.949386770373863,359.00000000
36.8192963103806,-0.949386770373863,365.00000000
36.835962834438,-0.949386770373863,355.00000000
36.8401294654524,-0.949386770373863,379.00000000
36.8442960964667,-0.949386770373863,384.00000000
36.8692958825529,-0.949386770373863,424.00000000
36.8984622996534,-0.949386770373863,429.00000000
36.9422119253041,-0.949386770373863,453.00000000
36.6088814441556,-0.951470124410337,500.00000000
36.625547968213,-0.951470124410337,375.00000000
36.6276312837202,-0.951470124410337,344.00000000
36.6338812302417,-0.951470124410337,265.00000000
36.6672142783566,-0.951470124410337,186.00000000
36.683880802414,-0.951470124410337,185.00000000
36.6859641179212,-0.951470124410337,219.00000000
36.7005473264714,-0.951470124410337,200.00000000
36.7151305350217,-0.951470124410337,184.00000000
36.7859632622658,-0.951470124410337,331.00000000
36.7963798398016,-0.951470124410337,343.00000000
36.8172129948734,-0.951470124410337,373.00000000
36.8192963103806,-0.951470124410337,374.00000000
36.8276295724093,-0.951470124410337,367.00000000
36.8317962034237,-0.951470124410337,368.00000000
36.8547126740026,-0.951470124410337,393.00000000
36.8651292515385,-0.951470124410337,403.00000000
36.8672125670457,-0.951470124410337,422.00000000
36.894295668639,-0.951470124410337,423.00000000
36.9130455082036,-0.951470124410337,422.00000000
36.9234620857395,-0.951470124410337,429.00000000
36.5922149200982,-0.953553478446811,556.00000000
36.6005481821269,-0.953553478446811,605.00000000
36.6213813371987,-0.953553478446811,441.00000000
36.6442978077776,-0.953553478446811,255.00000000
36.6651309628494,-0.953553478446811,189.00000000
36.6942973799499,-0.953553478446811,216.00000000
36.7026306419786,-0.953553478446811,197.00000000
36.7109639040073,-0.953553478446811,168.00000000
36.719297166036,-0.953553478446811,183.00000000
36.7838799467586,-0.953553478446811,321.00000000
36.8380461499452,-0.953553478446811,377.00000000
36.8422127809596,-0.953553478446811,392.00000000
36.8651292515385,-0.953553478446811,406.00000000
36.881795775596,-0.953553478446811,447.00000000
36.9192954547252,-0.953553478446811,429.00000000
36.9213787702324,-0.953553478446811,443.00000000
36.5984648666197,-0.955636832483286,620.00000000
36.6317979147345,-0.955636832483286,315.00000000
36.6963806954571,-0.955636832483286,204.00000000
36.7047139574858,-0.955636832483286,204.00000000
36.7297137435719,-0.955636832483286,197.00000000
36.7359636900935,-0.955636832483286,202.00000000
36.7380470056006,-0.955636832483286,224.00000000
36.765130107194,-0.955636832483286,353.00000000
36.7713800537155,-0.955636832483286,347.00000000
36.7838799467586,-0.955636832483286,323.00000000
36.7963798398016,-0.955636832483286,351.00000000
36.8151296793663,-0.955636832483286,368.00000000
36.8317962034237,-0.955636832483286,394.00000000
36.8547126740026,-0.955636832483286,392.00000000
36.8755458290744,-0.955636832483286,449.00000000
36.8776291445816,-0.955636832483286,450.00000000
36.8880457221175,-0.955636832483286,439.00000000
36.9026289306677,-0.955636832483286,429.00000000
36.9359619787826,-0.955636832483286,450.00000000
36.6026314976341,-0.95772018651976,555.00000000
36.6213813371987,-0.95772018651976,439.00000000
36.648464438792,-0.95772018651976,258.00000000
36.6651309628494,-0.95772018651976,184.00000000
36.6922140644427,-0.95772018651976,200.00000000
36.7213804815432,-0.95772018651976,169.00000000
36.7484635831365,-0.95772018651976,299.00000000
36.7672134227011,-0.95772018651976,363.00000000
36.7713800537155,-0.95772018651976,341.00000000
36.7942965242945,-0.95772018651976,323.00000000
36.8151296793663,-0.95772018651976,368.00000000
36.8255462569021,-0.95772018651976,368.00000000
36.8422127809596,-0.95772018651976,380.00000000
36.8463794119739,-0.95772018651976,372.00000000
36.8505460429883,-0.95772018651976,388.00000000
36.8755458290744,-0.95772018651976,426.00000000
36.8963789841462,-0.95772018651976,432.00000000
36.9088788771893,-0.95772018651976,430.00000000
36.9276287167539,-0.95772018651976,444.00000000
36.95262850284,-0.95772018651976,458.00000000
36.6172147061843,-0.959803540556234,500.00000000
36.6234646527058,-0.959803540556234,432.00000000
36.6338812302417,-0.959803540556234,356.00000000
36.6442978077776,-0.959803540556234,262.00000000
36.6734642248781,-0.959803540556234,190.00000000
36.6984640109643,-0.959803540556234,200.00000000
36.8172129948734,-0.959803540556234,383.00000000
36.8442960964667,-0.959803540556234,386.00000000
36.8963789841462,-0.959803540556234,434.00000000
36.9109621926965,-0.959803540556234,435.00000000
36.9255454012467,-0.959803540556234,438.00000000
36.9380452942898,-0.959803540556234,466.00000000
36.9463785563185,-0.959803540556234,441.00000000
36.6192980216915,-0.961886894592708,536.00000000
36.6380478612561,-0.961886894592708,322.00000000
36.6672142783566,-0.961886894592708,174.00000000
36.6713809093709,-0.961886894592708,187.00000000
36.6776308558925,-0.961886894592708,210.00000000
36.6984640109643,-0.961886894592708,195.00000000
36.7172138505289,-0.961886894592708,193.00000000
36.7338803745863,-0.961886894592708,226.00000000
36.7401303211078,-0.961886894592708,268.00000000
36.8567959895098,-0.961886894592708,380.00000000
36.8672125670457,-0.961886894592708,403.00000000
36.8963789841462,-0.961886894592708,434.00000000
36.9088788771893,-0.961886894592708,443.00000000
36.9297120322611,-0.961886894592708,434.00000000
36.9317953477682,-0.961886894592708,435.00000000
36.95262850284,-0.961886894592708,437.00000000
36.6005481821269,-0.963970248629182,719.00000000
36.6151313906771,-0.963970248629182,539.00000000
36.660964331835,-0.963970248629182,220.00000000
36.683880802414,-0.963970248629182,204.00000000
36.6880474334284,-0.963970248629182,191.00000000
36.7088805885002,-0.963970248629182,218.00000000
36.7172138505289,-0.963970248629182,203.00000000
36.7609634761796,-0.963970248629182,248.00000000
36.7755466847299,-0.963970248629182,336.00000000
36.7797133157442,-0.963970248629182,303.00000000
36.8026297863232,-0.963970248629182,376.00000000
36.8442960964667,-0.963970248629182,392.00000000
36.8463794119739,-0.963970248629182,391.00000000
36.8672125670457,-0.963970248629182,413.00000000
36.8922123531319,-0.963970248629182,434.00000000
36.9026289306677,-0.963970248629182,425.00000000
36.9088788771893,-0.963970248629182,431.00000000
36.6192980216915,-0.966053602665657,547.00000000
36.6359645457489,-0.966053602665657,340.00000000
36.7047139574858,-0.966053602665657,195.00000000
36.7213804815432,-0.966053602665657,244.00000000
36.7338803745863,-0.966053602665657,246.00000000
36.7922132087873,-0.966053602665657,329.00000000
36.8088797328447,-0.966053602665657,414.00000000
36.8442960964667,-0.966053602665657,388.00000000
36.8484627274811,-0.966053602665657,412.00000000
36.8505460429883,-0.966053602665657,419.00000000
36.881795775596,-0.966053602665657,406.00000000
36.8838790911031,-0.966053602665657,412.00000000
36.8984622996534,-0.966053602665657,435.00000000
36.9047122461749,-0.966053602665657,428.00000000
36.9547118183472,-0.966053602665657,451.00000000
36.6047148131412,-0.968136956702131,629.00000000
36.6317979147345,-0.968136956702131,348.00000000
36.6380478612561,-0.968136956702131,351.00000000
36.6422144922704,-0.968136956702131,340.00000000
36.6442978077776,-0.968136956702131,315.00000000
36.6651309628494,-0.968136956702131,190.00000000
36.6880474334284,-0.968136956702131,219.00000000
36.6984640109643,-0.968136956702131,189.00000000
36.7088805885002,-0.968136956702131,201.00000000
36.7234637970504,-0.968136956702131,242.00000000
36.7255471125576,-0.968136956702131,251.00000000
36.7359636900935,-0.968136956702131,283.00000000
36.7547135296581,-0.968136956702131,300.00000000
36.7567968451653,-0.968136956702131,305.00000000
36.7797133157442,-0.968136956702131,293.00000000
36.7922132087873,-0.968136956702131,324.00000000
36.8380461499452,-0.968136956702131,361.00000000
36.8526293584955,-0.968136956702131,431.00000000
36.8692958825529,-0.968136956702131,410.00000000
36.8797124600888,-0.968136956702131,402.00000000
36.894295668639,-0.968136956702131,438.00000000
36.9005456151606,-0.968136956702131,428.00000000
36.5984648666197,-0.970220310738605,635.00000000
36.6026314976341,-0.970220310738605,635.00000000
36.625547968213,-0.970220310738605,479.00000000
36.648464438792,-0.970220310738605,262.00000000
36.6734642248781,-0.970220310738605,188.00000000
36.6817974869068,-0.970220310738605,197.00000000
36.7234637970504,-0.970220310738605,266.00000000
36.7401303211078,-0.970220310738605,316.00000000
36.8630459360314,-0.970220310738605,427.00000000
36.9276287167539,-0.970220310738605,450.00000000
36.9297120322611,-0.970220310738605,448.00000000
36.9463785563185,-0.970220310738605,443.00000000
36.5942982356053,-0.972303664775079,927.00000000
36.6005481821269,-0.972303664775079,581.00000000
36.625547968213,-0.972303664775079,475.00000000
36.6380478612561,-0.972303664775079,370.00000000
36.683880802414,-0.972303664775079,213.00000000
36.7317970590791,-0.972303664775079,290.00000000
36.7338803745863,-0.972303664775079,303.00000000
36.742213636615,-0.972303664775079,331.00000000
36.7609634761796,-0.972303664775079,303.00000000
36.7672134227011,-0.972303664775079,290.00000000
36.7797133157442,-0.972303664775079,291.00000000
36.7922132087873,-0.972303664775079,327.00000000
36.8172129948734,-0.972303664775079,424.00000000
36.8463794119739,-0.972303664775079,417.00000000
36.8484627274811,-0.972303664775079,416.00000000
36.8755458290744,-0.972303664775079,407.00000000
36.8838790911031,-0.972303664775079,402.00000000
36.9026289306677,-0.972303664775079,430.00000000
36.9255454012467,-0.972303664775079,454.00000000
36.9567951338544,-0.972303664775079,448.00000000
36.625547968213,-0.974387018811553,481.00000000
36.6276312837202,-0.974387018811553,406.00000000
36.6317979147345,-0.974387018811553,374.00000000
36.6422144922704,-0.974387018811553,390.00000000
36.6651309628494,-0.974387018811553,206.00000000
36.6713809093709,-0.974387018811553,201.00000000
36.6776308558925,-0.974387018811553,205.00000000
36.7255471125576,-0.974387018811553,287.00000000
36.7484635831365,-0.974387018811553,313.00000000
36.7838799467586,-0.974387018811553,325.00000000
36.8297128879165,-0.974387018811553,375.00000000
36.8338795189309,-0.974387018811553,399.00000000
36.8401294654524,-0.974387018811553,387.00000000
36.8442960964667,-0.974387018811553,399.00000000
36.8526293584955,-0.974387018811553,416.00000000
36.8630459360314,-0.974387018811553,439.00000000
36.8838790911031,-0.974387018811553,407.00000000
36.9109621926965,-0.974387018811553,451.00000000
36.9213787702324,-0.974387018811553,435.00000000
36.9505451873328,-0.974387018811553,457.00000000
36.5942982356053,-0.976470372848028,937.00000000
36.5963815511125,-0.976470372848028,871.00000000
36.6005481821269,-0.976470372848028,542.00000000
36.6317979147345,-0.976470372848028,369.00000000
36.6401311767633,-0.976470372848028,358.00000000
36.6463811232848,-0.976470372848028,346.00000000
36.648464438792,-0.976470372848028,325.00000000
36.6505477542992,-0.976470372848028,298.00000000
36.6692975938638,-0.976470372848028,209.00000000
36.6880474334284,-0.976470372848028,205.00000000
36.7234637970504,-0.976470372848028,287.00000000
36.7297137435719,-0.976470372848028,284.00000000
36.7317970590791,-0.976470372848028,292.00000000
36.7401303211078,-0.976470372848028,318.00000000
36.7672134227011,-0.976470372848028,336.00000000
36.7942965242945,-0.976470372848028,323.00000000
36.8026297863232,-0.976470372848028,367.00000000
36.8067964173375,-0.976470372848028,367.00000000
36.8672125670457,-0.976470372848028,418.00000000
36.9234620857395,-0.976470372848028,443.00000000
36.9609617648687,-0.976470372848028,482.00000000
36.6192980216915,-0.978553726884502,545.00000000
36.6567977008207,-0.978553726884502,223.00000000
36.6651309628494,-0.978553726884502,195.00000000
36.6859641179212,-0.978553726884502,223.00000000
36.7276304280648,-0.978553726884502,280.00000000
36.7317970590791,-0.978553726884502,296.00000000
36.7463802676294,-0.978553726884502,292.00000000
36.7484635831365,-0.978553726884502,303.00000000
36.7692967382083,-0.978553726884502,330.00000000
36.7713800537155,-0.978553726884502,311.00000000
36.8088797328447,-0.978553726884502,362.00000000
36.8213796258878,-0.978553726884502,390.00000000
36.8317962034237,-0.978553726884502,395.00000000
36.835962834438,-0.978553726884502,398.00000000
36.8463794119739,-0.978553726884502,398.00000000
36.8484627274811,-0.978553726884502,403.00000000
36.8505460429883,-0.978553726884502,395.00000000
36.8672125670457,-0.978553726884502,431.00000000
36.881795775596,-0.978553726884502,409.00000000
36.8838790911031,-0.978553726884502,402.00000000
36.9192954547252,-0.978553726884502,426.00000000
36.9713783424046,-0.978553726884502,466.00000000
36.9776282889262,-0.978553726884502,472.00000000
36.9797116044333,-0.978553726884502,475.00000000
36.6005481821269,-0.980637080920976,532.00000000
36.6234646527058,-0.980637080920976,544.00000000
36.6442978077776,-0.980637080920976,328.00000000
36.6463811232848,-0.980637080920976,344.00000000
36.6713809093709,-0.980637080920976,212.00000000
36.6817974869068,-0.980637080920976,206.00000000
36.6859641179212,-0.980637080920976,202.00000000
36.7151305350217,-0.980637080920976,294.00000000
36.7255471125576,-0.980637080920976,277.00000000
36.7338803745863,-0.980637080920976,271.00000000
36.7817966312514,-0.980637080920976,362.00000000
36.8109630483519,-0.980637080920976,387.00000000
36.8484627274811,-0.980637080920976,393.00000000
36.8984622996534,-0.980637080920976,443.00000000
36.9255454012467,-0.980637080920976,457.00000000
36.9442952408113,-0.980637080920976,471.00000000
36.9463785563185,-0.980637080920976,481.00000000
36.9547118183472,-0.980637080920976,465.00000000
36.975544973419,-0.980637080920976,476.00000000
36.6172147061843,-0.98272043495745,480.00000000
36.625547968213,-0.98272043495745,531.00000000
36.6463811232848,-0.98272043495745,308.00000000
36.6567977008207,-0.98272043495745,262.00000000
36.6588810163279,-0.98272043495745,213.00000000
36.6672142783566,-0.98272043495745,206.00000000
36.6776308558925,-0.98272043495745,206.00000000
36.6817974869068,-0.98272043495745,200.00000000
36.7026306419786,-0.98272043495745,247.00000000
36.7255471125576,-0.98272043495745,285.00000000
36.7547135296581,-0.98272043495745,331.00000000
36.7817966312514,-0.98272043495745,326.00000000
36.8047131018304,-0.98272043495745,379.00000000
36.8172129948734,-0.98272043495745,391.00000000
36.835962834438,-0.98272043495745,382.00000000
36.8963789841462,-0.98272043495745,421.00000000
36.940128609797,-0.98272043495745,483.00000000
36.9484618718257,-0.98272043495745,477.00000000
36.9797116044333,-0.98272043495745,470.00000000
36.9817949199405,-0.98272043495745,477.00000000
36.6088814441556,-0.984803788993924,631.00000000
36.6172147061843,-0.984803788993924,482.00000000
36.6401311767633,-0.984803788993924,358.00000000
36.6547143853135,-0.984803788993924,303.00000000
36.6880474334284,-0.984803788993924,191.00000000
36.7151305350217,-0.984803788993924,284.00000000
36.7359636900935,-0.984803788993924,307.00000000
36.7609634761796,-0.984803788993924,336.00000000
36.8047131018304,-0.984803788993924,378.00000000
36.8151296793663,-0.984803788993924,372.00000000
36.8380461499452,-0.984803788993924,387.00000000
36.8630459360314,-0.984803788993924,424.00000000
36.8651292515385,-0.984803788993924,435.00000000
36.8734625135672,-0.984803788993924,423.00000000
36.8797124600888,-0.984803788993924,409.00000000
36.894295668639,-0.984803788993924,451.00000000
36.9484618718257,-0.984803788993924,480.00000000
36.6463811232848,-0.986887143030398,345.00000000
36.706797272993,-0.986887143030398,276.00000000
36.7255471125576,-0.986887143030398,294.00000000
36.7276304280648,-0.986887143030398,282.00000000
36.7484635831365,-0.986887143030398,337.00000000
36.7526302141509,-0.986887143030398,324.00000000
36.7713800537155,-0.986887143030398,356.00000000
36.777630000237,-0.986887143030398,322.00000000
36.8047131018304,-0.986887143030398,375.00000000
36.8067964173375,-0.986887143030398,373.00000000
36.8297128879165,-0.986887143030398,403.00000000
36.8630459360314,-0.986887143030398,397.00000000
36.881795775596,-0.986887143030398,401.00000000
36.8859624066103,-0.986887143030398,419.00000000
36.8901290376247,-0.986887143030398,446.00000000
36.9255454012467,-0.986887143030398,449.00000000
36.9297120322611,-0.986887143030398,449.00000000
36.95262850284,-0.986887143030398,472.00000000
36.9547118183472,-0.986887143030398,478.00000000
36.9630450803759,-0.986887143030398,461.00000000
36.6067981286484,-0.988970497066873,619.00000000
36.6734642248781,-0.988970497066873,253.00000000
36.6817974869068,-0.988970497066873,192.00000000
36.683880802414,-0.988970497066873,201.00000000
36.7609634761796,-0.988970497066873,330.00000000
36.7797133157442,-0.988970497066873,342.00000000
36.7880465777729,-0.988970497066873,373.00000000
36.8109630483519,-0.988970497066873,372.00000000
36.8442960964667,-0.988970497066873,387.00000000
36.8463794119739,-0.988970497066873,385.00000000
36.8505460429883,-0.988970497066873,399.00000000
36.8776291445816,-0.988970497066873,418.00000000
36.8838790911031,-0.988970497066873,427.00000000
36.940128609797,-0.988970497066873,498.00000000
36.9609617648687,-0.988970497066873,463.00000000
36.9630450803759,-0.988970497066873,454.00000000
36.9776282889262,-0.988970497066873,493.00000000
36.9859615509549,-0.988970497066873,458.00000000
36.6130480751699,-0.991053851103347,496.00000000
36.6213813371987,-0.991053851103347,454.00000000
36.6547143853135,-0.991053851103347,329.00000000
36.6817974869068,-0.991053851103347,208.00000000
36.6922140644427,-0.991053851103347,230.00000000
36.7005473264714,-0.991053851103347,263.00000000
36.7547135296581,-0.991053851103347,318.00000000
36.7630467916868,-0.991053851103347,326.00000000
36.8109630483519,-0.991053851103347,382.00000000
36.8297128879165,-0.991053851103347,396.00000000
36.8401294654524,-0.991053851103347,395.00000000
36.9088788771893,-0.991053851103347,429.00000000
36.9484618718257,-0.991053851103347,473.00000000
36.9838782354477,-0.991053851103347,463.00000000
36.9922114974764,-0.991053851103347,484.00000000
36.9942948129836,-0.991053851103347,485.00000000
36.6213813371987,-0.993137205139821,471.00000000
36.7047139574858,-0.993137205139821,291.00000000
36.706797272993,-0.993137205139821,282.00000000
36.777630000237,-0.993137205139821,388.00000000
36.8047131018304,-0.993137205139821,400.00000000
36.8067964173375,-0.993137205139821,393.00000000
36.8213796258878,-0.993137205139821,370.00000000
36.8422127809596,-0.993137205139821,385.00000000
36.940128609797,-0.993137205139821,459.00000000
36.975544973419,-0.993137205139821,484.00000000
36.6005481821269,-0.995220559176295,870.00000000
36.6317979147345,-0.995220559176295,446.00000000
36.6963806954571,-0.995220559176295,255.00000000
36.7005473264714,-0.995220559176295,272.00000000
36.7380470056006,-0.995220559176295,308.00000000
36.7880465777729,-0.995220559176295,377.00000000
36.8192963103806,-0.995220559176295,370.00000000
36.8317962034237,-0.995220559176295,394.00000000
36.8547126740026,-0.995220559176295,387.00000000
36.8984622996534,-0.995220559176295,434.00000000
36.9817949199405,-0.995220559176295,489.00000000
36.9901281819692,-0.995220559176295,428.00000000
36.6192980216915,-0.997303913212769,430.00000000
36.6234646527058,-0.997303913212769,445.00000000
36.6401311767633,-0.997303913212769,417.00000000
36.660964331835,-0.997303913212769,291.00000000
36.7088805885002,-0.997303913212769,290.00000000
36.7817966312514,-0.997303913212769,379.00000000
36.8130463638591,-0.997303913212769,394.00000000
36.8672125670457,-0.997303913212769,407.00000000
36.8797124600888,-0.997303913212769,416.00000000
36.881795775596,-0.997303913212769,427.00000000
36.9692950268975,-0.997303913212769,457.00000000
36.975544973419,-0.997303913212769,471.00000000
36.9797116044333,-0.997303913212769,493.00000000
36.6192980216915,-0.999387267249244,401.00000000
36.6442978077776,-0.999387267249244,396.00000000
36.7005473264714,-0.999387267249244,288.00000000
36.7317970590791,-0.999387267249244,286.00000000
36.7338803745863,-0.999387267249244,269.00000000
36.7401303211078,-0.999387267249244,294.00000000
36.7526302141509,-0.999387267249244,335.00000000
36.7547135296581,-0.999387267249244,341.00000000
36.7797133157442,-0.999387267249244,383.00000000
36.823462941395,-0.999387267249244,378.00000000
36.8255462569021,-0.999387267249244,375.00000000
36.8463794119739,-0.999387267249244,395.00000000
36.8526293584955,-0.999387267249244,401.00000000
36.8797124600888,-0.999387267249244,414.00000000
36.9067955616821,-0.999387267249244,417.00000000
36.9192954547252,-0.999387267249244,414.00000000
36.9255454012467,-0.999387267249244,436.00000000
36.9338786632754,-0.999387267249244,443.00000000
36.9609617648687,-0.999387267249244,490.00000000
36.9797116044333,-0.999387267249244,508.00000000
37.0026280750123,-0.999387267249244,451.00000000
37.0047113905195,-0.999387267249244,462.00000000
36.6338812302417,-1.00147062128572,410.00000000
36.6526310698063,-1.00147062128572,281.00000000
36.6755475403853,-1.00147062128572,237.00000000
36.7484635831365,-1.00147062128572,347.00000000
36.7547135296581,-1.00147062128572,336.00000000
36.7630467916868,-1.00147062128572,354.00000000
36.7734633692227,-1.00147062128572,376.00000000
36.7817966312514,-1.00147062128572,392.00000000
36.8401294654524,-1.00147062128572,412.00000000
36.8442960964667,-1.00147062128572,402.00000000
36.8630459360314,-1.00147062128572,406.00000000
36.8734625135672,-1.00147062128572,417.00000000
36.8797124600888,-1.00147062128572,418.00000000
36.8901290376247,-1.00147062128572,419.00000000
36.9484618718257,-1.00147062128572,455.00000000
36.9567951338544,-1.00147062128572,477.00000000
36.9880448664621,-1.00147062128572,465.00000000
36.9942948129836,-1.00147062128572,428.00000000
36.6422144922704,-1.00355397532219,401.00000000
36.6651309628494,-1.00355397532219,275.00000000
36.6734642248781,-1.00355397532219,244.00000000
36.6901307489355,-1.00355397532219,267.00000000
36.7005473264714,-1.00355397532219,307.00000000
36.7234637970504,-1.00355397532219,303.00000000
36.7317970590791,-1.00355397532219,304.00000000
36.7838799467586,-1.00355397532219,380.00000000
36.7880465777729,-1.00355397532219,376.00000000
36.8151296793663,-1.00355397532219,373.00000000
36.8192963103806,-1.00355397532219,355.00000000
36.8776291445816,-1.00355397532219,413.00000000
36.8797124600888,-1.00355397532219,422.00000000
36.8922123531319,-1.00355397532219,420.00000000
36.9192954547252,-1.00355397532219,432.00000000
36.9338786632754,-1.00355397532219,423.00000000
36.9609617648687,-1.00355397532219,462.00000000
36.9734616579118,-1.00355397532219,481.00000000
36.9797116044333,-1.00355397532219,475.00000000
36.9817949199405,-1.00355397532219,481.00000000
36.9880448664621,-1.00355397532219,480.00000000
36.998461443998,-1.00355397532219,427.00000000
36.6109647596628,-1.00563732935867,528.00000000
36.6234646527058,-1.00563732935867,453.00000000
36.6380478612561,-1.00563732935867,393.00000000
36.6422144922704,-1.00563732935867,397.00000000
36.6505477542992,-1.00563732935867,306.00000000
36.6713809093709,-1.00563732935867,240.00000000
36.6797141713997,-1.00563732935867,219.00000000
36.683880802414,-1.00563732935867,214.00000000
36.7026306419786,-1.00563732935867,310.00000000
36.7151305350217,-1.00563732935867,320.00000000
36.7380470056006,-1.00563732935867,276.00000000
36.7463802676294,-1.00563732935867,315.00000000
36.800546470816,-1.00563732935867,375.00000000
36.823462941395,-1.00563732935867,368.00000000
36.8422127809596,-1.00563732935867,410.00000000
36.8755458290744,-1.00563732935867,416.00000000
36.8880457221175,-1.00563732935867,424.00000000
36.8901290376247,-1.00563732935867,405.00000000
36.917212139218,-1.00563732935867,432.00000000
36.9859615509549,-1.00563732935867,479.00000000
36.9880448664621,-1.00563732935867,481.00000000
37.0047113905195,-1.00563732935867,450.00000000
36.6109647596628,-1.00772068339514,529.00000000
36.6151313906771,-1.00772068339514,408.00000000
36.6359645457489,-1.00772068339514,363.00000000
36.6401311767633,-1.00772068339514,398.00000000
36.6505477542992,-1.00772068339514,312.00000000
36.6567977008207,-1.00772068339514,309.00000000
36.683880802414,-1.00772068339514,215.00000000
36.6942973799499,-1.00772068339514,256.00000000
36.706797272993,-1.00772068339514,299.00000000
36.7130472195145,-1.00772068339514,308.00000000
36.7213804815432,-1.00772068339514,298.00000000
36.7234637970504,-1.00772068339514,297.00000000
36.7984631553088,-1.00772068339514,370.00000000
36.8255462569021,-1.00772068339514,388.00000000
36.8317962034237,-1.00772068339514,382.00000000
36.8484627274811,-1.00772068339514,408.00000000
36.858879305017,-1.00772068339514,413.00000000
36.8630459360314,-1.00772068339514,417.00000000
36.8672125670457,-1.00772068339514,423.00000000
36.8692958825529,-1.00772068339514,424.00000000
36.8880457221175,-1.00772068339514,415.00000000
36.917212139218,-1.00772068339514,423.00000000
36.9776282889262,-1.00772068339514,479.00000000
37.0005447595051,-1.00772068339514,451.00000000
36.6047148131412,-1.00980403743161,631.00000000
36.6088814441556,-1.00980403743161,528.00000000
36.6109647596628,-1.00980403743161,496.00000000
36.6234646527058,-1.00980403743161,444.00000000
36.6297145992274,-1.00980403743161,384.00000000
36.6359645457489,-1.00980403743161,360.00000000
36.6547143853135,-1.00980403743161,303.00000000
36.7005473264714,-1.00980403743161,286.00000000
36.7172138505289,-1.00980403743161,301.00000000
36.7255471125576,-1.00980403743161,326.00000000
36.7380470056006,-1.00980403743161,263.00000000
36.7734633692227,-1.00980403743161,371.00000000
36.8067964173375,-1.00980403743161,375.00000000
36.8088797328447,-1.00980403743161,411.00000000
36.835962834438,-1.00980403743161,393.00000000
36.8755458290744,-1.00980403743161,428.00000000
36.8859624066103,-1.00980403743161,419.00000000
36.8901290376247,-1.00980403743161,428.00000000
36.9255454012467,-1.00980403743161,442.00000000
36.9963781284908,-1.00980403743161,465.00000000
37.0047113905195,-1.00980403743161,456.00000000
37.010961337041,-1.00980403743161,429.00000000
36.6047148131412,-1.01188739146809,626.00000000
36.6359645457489,-1.01188739146809,358.00000000
36.6630476473422,-1.01188739146809,254.00000000
36.683880802414,-1.01188739146809,220.00000000
36.7130472195145,-1.01188739146809,318.00000000
36.7255471125576,-1.01188739146809,324.00000000
36.7297137435719,-1.01188739146809,299.00000000
36.7338803745863,-1.01188739146809,278.00000000
36.7567968451653,-1.01188739146809,392.00000000
36.8505460429883,-1.01188739146809,412.00000000
36.8609626205242,-1.01188739146809,441.00000000
36.8734625135672,-1.01188739146809,438.00000000
36.8901290376247,-1.01188739146809,425.00000000
36.9047122461749,-1.01188739146809,445.00000000
36.9109621926965,-1.01188739146809,414.00000000
36.9505451873328,-1.01188739146809,457.00000000
36.998461443998,-1.01188739146809,503.00000000
37.0026280750123,-1.01188739146809,503.00000000
37.0630442247205,-1.01188739146809,452.00000000
36.5984648666197,-1.01397074550456,983.00000000
36.6067981286484,-1.01397074550456,492.00000000
36.6692975938638,-1.01397074550456,203.00000000
36.6776308558925,-1.01397074550456,201.00000000
36.7109639040073,-1.01397074550456,305.00000000
36.7297137435719,-1.01397074550456,302.00000000
36.7380470056006,-1.01397074550456,291.00000000
36.7880465777729,-1.01397074550456,362.00000000
36.7984631553088,-1.01397074550456,390.00000000
36.8172129948734,-1.01397074550456,399.00000000
36.8963789841462,-1.01397074550456,432.00000000
36.9067955616821,-1.01397074550456,445.00000000
36.9567951338544,-1.01397074550456,459.00000000
36.998461443998,-1.01397074550456,480.00000000
37.010961337041,-1.01397074550456,438.00000000
37.0172112835626,-1.01397074550456,439.00000000
37.0234612300841,-1.01397074550456,473.00000000
36.6047148131412,-1.01605409954104,624.00000000
36.6172147061843,-1.01605409954104,443.00000000
36.6297145992274,-1.01605409954104,362.00000000
36.6338812302417,-1.01605409954104,351.00000000
36.6922140644427,-1.01605409954104,249.00000000
36.6963806954571,-1.01605409954104,273.00000000
36.7088805885002,-1.01605409954104,309.00000000
36.719297166036,-1.01605409954104,324.00000000
36.7567968451653,-1.01605409954104,371.00000000
36.7609634761796,-1.01605409954104,378.00000000
36.777630000237,-1.01605409954104,392.00000000
36.8047131018304,-1.01605409954104,412.00000000
36.8151296793663,-1.01605409954104,388.00000000
36.8630459360314,-1.01605409954104,433.00000000
36.8713791980601,-1.01605409954104,430.00000000
36.8984622996534,-1.01605409954104,424.00000000
36.9067955616821,-1.01605409954104,458.00000000
36.917212139218,-1.01605409954104,447.00000000
36.9484618718257,-1.01605409954104,451.00000000
36.9880448664621,-1.01605409954104,499.00000000
37.0026280750123,-1.01605409954104,557.00000000
36.5963815511125,-1.01813745357751,845.00000000
36.6109647596628,-1.01813745357751,453.00000000
36.6213813371987,-1.01813745357751,474.00000000
36.6359645457489,-1.01813745357751,388.00000000
36.6547143853135,-1.01813745357751,274.00000000
36.6588810163279,-1.01813745357751,265.00000000
36.6797141713997,-1.01813745357751,199.00000000
36.6817974869068,-1.01813745357751,173.00000000
36.683880802414,-1.01813745357751,173.00000000
36.6859641179212,-1.01813745357751,171.00000000
36.7088805885002,-1.01813745357751,304.00000000
36.7359636900935,-1.01813745357751,327.00000000
36.7692967382083,-1.01813745357751,360.00000000
36.8672125670457,-1.01813745357751,418.00000000
36.8984622996534,-1.01813745357751,434.00000000
36.9838782354477,-1.01813745357751,490.00000000
36.9880448664621,-1.01813745357751,495.00000000
37.0005447595051,-1.01813745357751,506.00000000
37.0672108557348,-1.01813745357751,399.00000000
37.2567925668881,-1.01813745357751,456.00000000
36.6859641179212,-1.02022080761399,159.00000000
36.6880474334284,-1.02022080761399,185.00000000
36.6901307489355,-1.02022080761399,203.00000000
36.6942973799499,-1.02022080761399,251.00000000
36.6984640109643,-1.02022080761399,266.00000000
36.7172138505289,-1.02022080761399,305.00000000
36.7484635831365,-1.02022080761399,321.00000000
36.7817966312514,-1.02022080761399,389.00000000
36.7901298932801,-1.02022080761399,390.00000000
36.835962834438,-1.02022080761399,426.00000000
36.8401294654524,-1.02022080761399,403.00000000
36.9422119253041,-1.02022080761399,438.00000000
36.9922114974764,-1.02022080761399,528.00000000
36.998461443998,-1.02022080761399,526.00000000
37.0067947060267,-1.02022080761399,483.00000000
37.0630442247205,-1.02022080761399,433.00000000
36.6067981286484,-1.02230416165046,584.00000000
36.6088814441556,-1.02230416165046,452.00000000
36.648464438792,-1.02230416165046,361.00000000
36.6651309628494,-1.02230416165046,234.00000000
36.7109639040073,-1.02230416165046,298.00000000
36.7463802676294,-1.02230416165046,335.00000000
36.7484635831365,-1.02230416165046,331.00000000
36.7609634761796,-1.02230416165046,371.00000000
36.765130107194,-1.02230416165046,354.00000000
36.7734633692227,-1.02230416165046,387.00000000
36.7755466847299,-1.02230416165046,388.00000000
36.777630000237,-1.02230416165046,381.00000000
36.7901298932801,-1.02230416165046,394.00000000
36.8297128879165,-1.02230416165046,427.00000000
36.8922123531319,-1.02230416165046,437.00000000
36.9005456151606,-1.02230416165046,438.00000000
36.9026289306677,-1.02230416165046,420.00000000
36.9234620857395,-1.02230416165046,484.00000000
36.9463785563185,-1.02230416165046,463.00000000
36.9609617648687,-1.02230416165046,446.00000000
36.9630450803759,-1.02230416165046,455.00000000
36.9797116044333,-1.02230416165046,412.00000000
36.9859615509549,-1.02230416165046,518.00000000
37.0026280750123,-1.02230416165046,536.00000000
37.0047113905195,-1.02230416165046,528.00000000
37.0192945990697,-1.02230416165046,507.00000000
37.2359594118163,-1.02230416165046,474.00000000
37.2547092513809,-1.02230416165046,466.00000000
37.2609591979024,-1.02230416165046,441.00000000
36.5942982356053,-1.02438751568693,919.00000000
36.6213813371987,-1.02438751568693,423.00000000
36.6338812302417,-1.02438751568693,399.00000000
36.6359645457489,-1.02438751568693,401.00000000
36.6817974869068,-1.02438751568693,186.00000000
36.6922140644427,-1.02438751568693,217.00000000
36.6984640109643,-1.02438751568693,272.00000000
36.719297166036,-1.02438751568693,302.00000000
36.7713800537155,-1.02438751568693,353.00000000
36.777630000237,-1.02438751568693,377.00000000
36.7880465777729,-1.02438751568693,390.00000000
36.7963798398016,-1.02438751568693,407.00000000
36.9005456151606,-1.02438751568693,437.00000000
36.9109621926965,-1.02438751568693,439.00000000
36.9317953477682,-1.02438751568693,463.00000000
36.9442952408113,-1.02438751568693,464.00000000
36.9547118183472,-1.02438751568693,479.00000000
36.9692950268975,-1.02438751568693,469.00000000
36.9922114974764,-1.02438751568693,632.00000000
36.9942948129836,-1.02438751568693,594.00000000
37.0713774867492,-1.02438751568693,469.00000000
36.5922149200982,-1.02647086972341,857.00000000
36.6026314976341,-1.02647086972341,646.00000000
36.6067981286484,-1.02647086972341,547.00000000
36.6151313906771,-1.02647086972341,406.00000000
36.6463811232848,-1.02647086972341,370.00000000
36.6547143853135,-1.02647086972341,351.00000000
36.6880474334284,-1.02647086972341,202.00000000
36.6942973799499,-1.02647086972341,229.00000000
36.7317970590791,-1.02647086972341,289.00000000
36.7359636900935,-1.02647086972341,293.00000000
36.7713800537155,-1.02647086972341,341.00000000
36.7755466847299,-1.02647086972341,364.00000000
36.7922132087873,-1.02647086972341,413.00000000
36.8088797328447,-1.02647086972341,402.00000000
36.8505460429883,-1.02647086972341,429.00000000
36.9317953477682,-1.02647086972341,464.00000000
36.9422119253041,-1.02647086972341,487.00000000
36.9484618718257,-1.02647086972341,509.00000000
36.9588784493616,-1.02647086972341,457.00000000
36.9713783424046,-1.02647086972341,527.00000000
36.9734616579118,-1.02647086972341,520.00000000
36.9859615509549,-1.02647086972341,456.00000000
36.9901281819692,-1.02647086972341,469.00000000
36.9963781284908,-1.02647086972341,540.00000000
37.0026280750123,-1.02647086972341,531.00000000
37.010961337041,-1.02647086972341,480.00000000
37.0192945990697,-1.02647086972341,494.00000000
37.0713774867492,-1.02647086972341,484.00000000
37.2359594118163,-1.02647086972341,415.00000000
36.6359645457489,-1.02855422375988,398.00000000
36.6422144922704,-1.02855422375988,392.00000000
36.6942973799499,-1.02855422375988,238.00000000
36.7151305350217,-1.02855422375988,288.00000000
36.8047131018304,-1.02855422375988,415.00000000
36.823462941395,-1.02855422375988,427.00000000
36.8567959895098,-1.02855422375988,434.00000000
36.8734625135672,-1.02855422375988,439.00000000
36.8776291445816,-1.02855422375988,425.00000000
36.8859624066103,-1.02855422375988,439.00000000
36.9213787702324,-1.02855422375988,452.00000000
36.9484618718257,-1.02855422375988,475.00000000
36.9672117113903,-1.02855422375988,464.00000000
37.0067947060267,-1.02855422375988,495.00000000
37.0297111766056,-1.02855422375988,456.00000000
37.0672108557348,-1.02855422375988,446.00000000
37.2276261497876,-1.02855422375988,512.00000000
37.2505426203665,-1.02855422375988,568.00000000
37.2630425134096,-1.02855422375988,520.00000000
36.6338812302417,-1.03063757779636,384.00000000
36.6651309628494,-1.03063757779636,238.00000000
36.6901307489355,-1.03063757779636,185.00000000
36.7401303211078,-1.03063757779636,301.00000000
36.7484635831365,-1.03063757779636,292.00000000
36.7859632622658,-1.03063757779636,401.00000000
36.8151296793663,-1.03063757779636,421.00000000
36.8484627274811,-1.03063757779636,416.00000000
36.8672125670457,-1.03063757779636,442.00000000
36.8755458290744,-1.03063757779636,433.00000000
36.8859624066103,-1.03063757779636,435.00000000
36.8901290376247,-1.03063757779636,469.00000000
36.9067955616821,-1.03063757779636,441.00000000
36.9088788771893,-1.03063757779636,437.00000000
36.917212139218,-1.03063757779636,461.00000000
36.9338786632754,-1.03063757779636,467.00000000
36.9484618718257,-1.03063757779636,448.00000000
36.9588784493616,-1.03063757779636,489.00000000
36.9859615509549,-1.03063757779636,433.00000000
37.0005447595051,-1.03063757779636,529.00000000
37.0026280750123,-1.03063757779636,531.00000000
37.056794278199,-1.03063757779636,439.00000000
37.0734608022564,-1.03063757779636,451.00000000
37.0838773797923,-1.03063757779636,484.00000000
36.6026314976341,-1.03272093183283,594.00000000
36.6942973799499,-1.03272093183283,179.00000000
36.7297137435719,-1.03272093183283,307.00000000
36.8151296793663,-1.03272093183283,401.00000000
36.8213796258878,-1.03272093183283,425.00000000
36.8442960964667,-1.03272093183283,419.00000000
36.8505460429883,-1.03272093183283,415.00000000
36.8609626205242,-1.03272093183283,430.00000000
36.8797124600888,-1.03272093183283,435.00000000
36.9255454012467,-1.03272093183283,486.00000000
37.0255445455913,-1.03272093183283,489.00000000
37.0484610161702,-1.03272093183283,438.00000000
37.069294171242,-1.03272093183283,400.00000000
37.0901273263138,-1.03272093183283,494.00000000
37.0942939573282,-1.03272093183283,486.00000000
37.1026272193569,-1.03272093183283,530.00000000
37.2317927808019,-1.03272093183283,394.00000000
37.2380427273235,-1.03272093183283,404.00000000
37.2484593048594,-1.03272093183283,455.00000000
36.590131604591,-1.0348042858693,884.00000000
36.6151313906771,-1.0348042858693,421.00000000
36.6276312837202,-1.0348042858693,360.00000000
36.648464438792,-1.0348042858693,352.00000000
36.6567977008207,-1.0348042858693,280.00000000
36.6922140644427,-1.0348042858693,180.00000000
36.7088805885002,-1.0348042858693,294.00000000
36.7109639040073,-1.0348042858693,299.00000000
36.7859632622658,-1.0348042858693,387.00000000
36.7901298932801,-1.0348042858693,418.00000000
36.8047131018304,-1.0348042858693,428.00000000
36.8151296793663,-1.0348042858693,401.00000000
36.8192963103806,-1.0348042858693,436.00000000
36.8297128879165,-1.0348042858693,419.00000000
36.8567959895098,-1.0348042858693,417.00000000
36.894295668639,-1.0348042858693,433.00000000
36.9692950268975,-1.0348042858693,468.00000000
37.0151279680554,-1.0348042858693,457.00000000
37.0255445455913,-1.0348042858693,466.00000000
37.0276278610985,-1.0348042858693,485.00000000
37.0317944921128,-1.0348042858693,487.00000000
37.2338760963091,-1.0348042858693,409.00000000
37.2380427273235,-1.0348042858693,429.00000000
37.2526259358737,-1.0348042858693,554.00000000
37.267209144424,-1.0348042858693,588.00000000
36.6692975938638,-1.03688763990578,225.00000000
36.7088805885002,-1.03688763990578,301.00000000
36.7172138505289,-1.03688763990578,333.00000000
36.719297166036,-1.03688763990578,340.00000000
36.7297137435719,-1.03688763990578,318.00000000
36.7359636900935,-1.03688763990578,305.00000000
36.742213636615,-1.03688763990578,308.00000000
36.7734633692227,-1.03688763990578,350.00000000
36.8026297863232,-1.03688763990578,427.00000000
36.8317962034237,-1.03688763990578,419.00000000
36.8338795189309,-1.03688763990578,421.00000000
36.858879305017,-1.03688763990578,422.00000000
36.8734625135672,-1.03688763990578,423.00000000
36.9026289306677,-1.03688763990578,434.00000000
36.9359619787826,-1.03688763990578,479.00000000
36.975544973419,-1.03688763990578,509.00000000
36.9942948129836,-1.03688763990578,466.00000000
36.998461443998,-1.03688763990578,495.00000000
37.0192945990697,-1.03688763990578,435.00000000
37.0213779145769,-1.03688763990578,429.00000000
37.0547109626918,-1.03688763990578,537.00000000
37.0817940642851,-1.03688763990578,621.00000000
37.2130429412373,-1.03688763990578,455.00000000
37.2151262567445,-1.03688763990578,460.00000000
37.2234595187732,-1.03688763990578,391.00000000
37.2422093583378,-1.03688763990578,546.00000000
36.6151313906771,-1.03897099394225,415.00000000
36.6317979147345,-1.03897099394225,367.00000000
36.648464438792,-1.03897099394225,307.00000000
36.6692975938638,-1.03897099394225,244.00000000
36.6713809093709,-1.03897099394225,233.00000000
36.6984640109643,-1.03897099394225,213.00000000
36.7130472195145,-1.03897099394225,323.00000000
36.7151305350217,-1.03897099394225,333.00000000
36.7255471125576,-1.03897099394225,336.00000000
36.7401303211078,-1.03897099394225,309.00000000
36.7463802676294,-1.03897099394225,319.00000000
36.7547135296581,-1.03897099394225,306.00000000
36.7609634761796,-1.03897099394225,296.00000000
36.765130107194,-1.03897099394225,318.00000000
36.7672134227011,-1.03897099394225,309.00000000
36.8172129948734,-1.03897099394225,429.00000000
36.8317962034237,-1.03897099394225,420.00000000
36.8901290376247,-1.03897099394225,439.00000000
36.8963789841462,-1.03897099394225,436.00000000
36.9088788771893,-1.03897099394225,436.00000000
36.9151288237108,-1.03897099394225,447.00000000
36.975544973419,-1.03897099394225,510.00000000
37.0192945990697,-1.03897099394225,427.00000000
37.0255445455913,-1.03897099394225,409.00000000
37.0484610161702,-1.03897099394225,475.00000000
37.0776274332707,-1.03897099394225,924.00000000
37.1026272193569,-1.03897099394225,497.00000000
37.2463759893522,-1.03897099394225,497.00000000
37.2526259358737,-1.03897099394225,625.00000000
37.2692924599312,-1.03897099394225,585.00000000
37.2755424064527,-1.03897099394225,580.00000000
36.6067981286484,-1.04105434797873,445.00000000
36.6192980216915,-1.04105434797873,430.00000000
36.6380478612561,-1.04105434797873,381.00000000
36.6401311767633,-1.04105434797873,383.00000000
36.6422144922704,-1.04105434797873,380.00000000
36.648464438792,-1.04105434797873,302.00000000
36.6776308558925,-1.04105434797873,221.00000000
36.6880474334284,-1.04105434797873,174.00000000
36.6942973799499,-1.04105434797873,207.00000000
36.7130472195145,-1.04105434797873,330.00000000
36.7213804815432,-1.04105434797873,334.00000000
36.7901298932801,-1.04105434797873,409.00000000
36.800546470816,-1.04105434797873,429.00000000
36.8297128879165,-1.04105434797873,433.00000000
36.8422127809596,-1.04105434797873,423.00000000
36.8484627274811,-1.04105434797873,406.00000000
36.8776291445816,-1.04105434797873,433.00000000
36.9234620857395,-1.04105434797873,472.00000000
36.9817949199405,-1.04105434797873,493.00000000
36.9922114974764,-1.04105434797873,552.00000000
36.998461443998,-1.04105434797873,489.00000000
37.0005447595051,-1.04105434797873,466.00000000
37.0901273263138,-1.04105434797873,696.00000000
37.1005439038497,-1.04105434797873,511.00000000
37.1047105348641,-1.04105434797873,505.00000000
37.1942931016727,-1.04105434797873,507.00000000
37.2359594118163,-1.04105434797873,531.00000000
37.2484593048594,-1.04105434797873,512.00000000
37.2588758823953,-1.04105434797873,608.00000000
36.5922149200982,-1.0431377020152,882.00000000
36.6213813371987,-1.0431377020152,412.00000000
36.648464438792,-1.0431377020152,318.00000000
36.6526310698063,-1.0431377020152,293.00000000
36.6755475403853,-1.0431377020152,221.00000000
36.6880474334284,-1.0431377020152,206.00000000
36.6984640109643,-1.0431377020152,216.00000000
36.7005473264714,-1.0431377020152,214.00000000
36.7130472195145,-1.0431377020152,314.00000000
36.719297166036,-1.0431377020152,332.00000000
36.7234637970504,-1.0431377020152,320.00000000
36.765130107194,-1.0431377020152,301.00000000
36.777630000237,-1.0431377020152,313.00000000
36.7922132087873,-1.0431377020152,404.00000000
36.7963798398016,-1.0431377020152,433.00000000
36.8067964173375,-1.0431377020152,442.00000000
36.8380461499452,-1.0431377020152,418.00000000
36.8630459360314,-1.0431377020152,420.00000000
36.8713791980601,-1.0431377020152,428.00000000
36.8859624066103,-1.0431377020152,447.00000000
36.9047122461749,-1.0431377020152,428.00000000
36.9297120322611,-1.0431377020152,490.00000000
36.9776282889262,-1.0431377020152,454.00000000
37.0130446525482,-1.0431377020152,428.00000000
37.0359611231272,-1.0431377020152,456.00000000
37.0484610161702,-1.0431377020152,517.00000000
37.056794278199,-1.0431377020152,647.00000000
37.208876310223,-1.0431377020152,504.00000000
37.2109596257302,-1.0431377020152,499.00000000
37.2317927808019,-1.0431377020152,440.00000000
37.2484593048594,-1.0431377020152,499.00000000
37.2526259358737,-1.0431377020152,570.00000000
37.2547092513809,-1.0431377020152,647.00000000
37.2567925668881,-1.0431377020152,576.00000000
37.2817923529742,-1.0431377020152,471.00000000
36.6026314976341,-1.04522105605168,591.00000000
36.6547143853135,-1.04522105605168,270.00000000
36.6776308558925,-1.04522105605168,218.00000000
36.7026306419786,-1.04522105605168,220.00000000
36.7109639040073,-1.04522105605168,293.00000000
36.7505468986437,-1.04522105605168,301.00000000
36.7567968451653,-1.04522105605168,325.00000000
36.8067964173375,-1.04522105605168,440.00000000
36.8109630483519,-1.04522105605168,453.00000000
36.8130463638591,-1.04522105605168,456.00000000
36.8255462569021,-1.04522105605168,424.00000000
36.8505460429883,-1.04522105605168,418.00000000
36.8838790911031,-1.04522105605168,451.00000000
36.9234620857395,-1.04522105605168,487.00000000
36.9255454012467,-1.04522105605168,491.00000000
36.9422119253041,-1.04522105605168,510.00000000
36.9442952408113,-1.04522105605168,526.00000000
36.9463785563185,-1.04522105605168,539.00000000
36.9692950268975,-1.04522105605168,450.00000000
37.0026280750123,-1.04522105605168,507.00000000
37.0151279680554,-1.04522105605168,442.00000000
37.0797107487779,-1.04522105605168,752.00000000
37.0942939573282,-1.04522105605168,841.00000000
37.185959839644,-1.04522105605168,425.00000000
37.1984597326871,-1.04522105605168,449.00000000
37.2109596257302,-1.04522105605168,524.00000000
37.2172095722517,-1.04522105605168,492.00000000
37.2567925668881,-1.04522105605168,610.00000000
37.2588758823953,-1.04522105605168,600.00000000
37.2630425134096,-1.04522105605168,565.00000000
36.5984648666197,-1.04730441008815,668.00000000
36.6026314976341,-1.04730441008815,542.00000000
36.6109647596628,-1.04730441008815,385.00000000
36.6734642248781,-1.04730441008815,220.00000000
36.6963806954571,-1.04730441008815,185.00000000
36.7109639040073,-1.04730441008815,290.00000000
36.7359636900935,-1.04730441008815,315.00000000
36.7588801606724,-1.04730441008815,311.00000000
36.8297128879165,-1.04730441008815,427.00000000
36.8505460429883,-1.04730441008815,407.00000000
36.8922123531319,-1.04730441008815,452.00000000
36.894295668639,-1.04730441008815,453.00000000
36.9109621926965,-1.04730441008815,432.00000000
36.9630450803759,-1.04730441008815,480.00000000
36.9838782354477,-1.04730441008815,441.00000000
37.0005447595051,-1.04730441008815,514.00000000
37.0026280750123,-1.04730441008815,500.00000000
37.010961337041,-1.04730441008815,485.00000000
37.0401277541415,-1.04730441008815,509.00000000
37.0984605883425,-1.04730441008815,779.00000000
37.1067938503712,-1.04730441008815,681.00000000
37.1130437968928,-1.04730441008815,799.00000000
37.1942931016727,-1.04730441008815,475.00000000
37.2130429412373,-1.04730441008815,492.00000000
37.2380427273235,-1.04730441008815,383.00000000
37.2484593048594,-1.04730441008815,472.00000000
36.6130480751699,-1.04938776412462,388.00000000
36.6172147061843,-1.04938776412462,404.00000000
36.6192980216915,-1.04938776412462,421.00000000
36.625547968213,-1.04938776412462,378.00000000
36.6276312837202,-1.04938776412462,380.00000000
36.6859641179212,-1.04938776412462,191.00000000
36.6963806954571,-1.04938776412462,190.00000000
36.7609634761796,-1.04938776412462,297.00000000
36.8026297863232,-1.04938776412462,431.00000000
36.8151296793663,-1.04938776412462,415.00000000
36.8276295724093,-1.04938776412462,423.00000000
36.8505460429883,-1.04938776412462,410.00000000
36.8630459360314,-1.04938776412462,427.00000000
36.8651292515385,-1.04938776412462,432.00000000
36.8672125670457,-1.04938776412462,446.00000000
36.8797124600888,-1.04938776412462,436.00000000
36.8963789841462,-1.04938776412462,435.00000000
36.9192954547252,-1.04938776412462,548.00000000
36.9359619787826,-1.04938776412462,480.00000000
36.95262850284,-1.04938776412462,519.00000000
36.9547118183472,-1.04938776412462,490.00000000
36.9838782354477,-1.04938776412462,444.00000000
37.0901273263138,-1.04938776412462,753.00000000
37.1109604813856,-1.04938776412462,686.00000000
37.1338769519646,-1.04938776412462,449.00000000
37.1484601605148,-1.04938776412462,460.00000000
37.1630433690651,-1.04938776412462,494.00000000
37.1713766310938,-1.04938776412462,418.00000000
37.1755432621081,-1.04938776412462,418.00000000
37.1984597326871,-1.04938776412462,462.00000000
36.6380478612561,-1.0514711181611,366.00000000
36.660964331835,-1.0514711181611,277.00000000
36.6755475403853,-1.0514711181611,224.00000000
36.6817974869068,-1.0514711181611,206.00000000
36.7026306419786,-1.0514711181611,233.00000000
36.7359636900935,-1.0514711181611,324.00000000
36.742213636615,-1.0514711181611,321.00000000
36.7588801606724,-1.0514711181611,250.00000000
36.7817966312514,-1.0514711181611,343.00000000
36.8380461499452,-1.0514711181611,426.00000000
36.8547126740026,-1.0514711181611,421.00000000
36.8880457221175,-1.0514711181611,426.00000000
36.9005456151606,-1.0514711181611,444.00000000
36.9130455082036,-1.0514711181611,489.00000000
36.9276287167539,-1.0514711181611,488.00000000
36.9422119253041,-1.0514711181611,564.00000000
36.9672117113903,-1.0514711181611,489.00000000
36.9692950268975,-1.0514711181611,454.00000000
36.9963781284908,-1.0514711181611,559.00000000
37.0172112835626,-1.0514711181611,617.00000000
37.0526276471846,-1.0514711181611,532.00000000
37.1026272193569,-1.0514711181611,730.00000000
37.1130437968928,-1.0514711181611,682.00000000
37.1151271123999,-1.0514711181611,774.00000000
37.1526267915292,-1.0514711181611,507.00000000
37.1609600535579,-1.0514711181611,499.00000000
37.1797098931225,-1.0514711181611,466.00000000
37.2505426203665,-1.0514711181611,461.00000000
37.2588758823953,-1.0514711181611,497.00000000
37.2630425134096,-1.0514711181611,444.00000000
37.2734590909455,-1.0514711181611,452.00000000
36.6130480751699,-1.05355447219757,378.00000000
36.6151313906771,-1.05355447219757,394.00000000
36.6672142783566,-1.05355447219757,196.00000000
36.6880474334284,-1.05355447219757,214.00000000
36.7109639040073,-1.05355447219757,314.00000000
36.7276304280648,-1.05355447219757,307.00000000
36.7380470056006,-1.05355447219757,300.00000000
36.7484635831365,-1.05355447219757,307.00000000
36.7588801606724,-1.05355447219757,258.00000000
36.7817966312514,-1.05355447219757,345.00000000
36.8213796258878,-1.05355447219757,433.00000000
36.8317962034237,-1.05355447219757,420.00000000
36.8422127809596,-1.05355447219757,410.00000000
36.8755458290744,-1.05355447219757,419.00000000
36.9109621926965,-1.05355447219757,493.00000000
36.9276287167539,-1.05355447219757,504.00000000
36.9505451873328,-1.05355447219757,528.00000000
36.9880448664621,-1.05355447219757,452.00000000
37.010961337041,-1.05355447219757,516.00000000
37.0192945990697,-1.05355447219757,681.00000000
37.03387780762,-1.05355447219757,465.00000000
37.0401277541415,-1.05355447219757,547.00000000
37.0526276471846,-1.05355447219757,484.00000000
37.0901273263138,-1.05355447219757,846.00000000
37.1088771658784,-1.05355447219757,690.00000000
37.1213770589215,-1.05355447219757,612.00000000
37.1359602674717,-1.05355447219757,469.00000000
37.1588767380507,-1.05355447219757,487.00000000
37.1817932086297,-1.05355447219757,485.00000000
37.1942931016727,-1.05355447219757,543.00000000
37.208876310223,-1.05355447219757,510.00000000
37.2109596257302,-1.05355447219757,511.00000000
37.2317927808019,-1.05355447219757,485.00000000
37.244292673845,-1.05355447219757,426.00000000
37.2651258289168,-1.05355447219757,459.00000000
36.625547968213,-1.05563782623405,372.00000000
36.6380478612561,-1.05563782623405,405.00000000
36.648464438792,-1.05563782623405,304.00000000
36.6692975938638,-1.05563782623405,221.00000000
36.6776308558925,-1.05563782623405,223.00000000
36.6880474334284,-1.05563782623405,210.00000000
36.6963806954571,-1.05563782623405,245.00000000
36.7047139574858,-1.05563782623405,275.00000000
36.719297166036,-1.05563782623405,294.00000000
36.7359636900935,-1.05563782623405,295.00000000
36.7734633692227,-1.05563782623405,332.00000000
36.7922132087873,-1.05563782623405,414.00000000
36.8192963103806,-1.05563782623405,422.00000000
36.8276295724093,-1.05563782623405,419.00000000
36.8505460429883,-1.05563782623405,415.00000000
36.8526293584955,-1.05563782623405,422.00000000
36.8609626205242,-1.05563782623405,429.00000000
36.8838790911031,-1.05563782623405,426.00000000
36.8880457221175,-1.05563782623405,430.00000000
36.9026289306677,-1.05563782623405,491.00000000
36.940128609797,-1.05563782623405,535.00000000
36.9442952408113,-1.05563782623405,482.00000000
36.9505451873328,-1.05563782623405,535.00000000
36.9567951338544,-1.05563782623405,462.00000000
36.9588784493616,-1.05563782623405,476.00000000
36.9672117113903,-1.05563782623405,449.00000000
36.9692950268975,-1.05563782623405,453.00000000
36.9776282889262,-1.05563782623405,443.00000000
36.9901281819692,-1.05563782623405,445.00000000
37.03387780762,-1.05563782623405,487.00000000
37.0630442247205,-1.05563782623405,609.00000000
37.069294171242,-1.05563782623405,659.00000000
37.0755441177636,-1.05563782623405,804.00000000
37.0838773797923,-1.05563782623405,683.00000000
37.1172104279071,-1.05563782623405,744.00000000
37.1255436899358,-1.05563782623405,588.00000000
37.1484601605148,-1.05563782623405,445.00000000
37.1838765241368,-1.05563782623405,511.00000000
37.2026263637014,-1.05563782623405,525.00000000
37.2297094652948,-1.05563782623405,595.00000000
37.2630425134096,-1.05563782623405,457.00000000
36.6213813371987,-1.05772118027052,425.00000000
36.6526310698063,-1.05772118027052,287.00000000
36.6713809093709,-1.05772118027052,232.00000000
36.6776308558925,-1.05772118027052,227.00000000
36.6817974869068,-1.05772118027052,225.00000000
36.6880474334284,-1.05772118027052,228.00000000
36.7047139574858,-1.05772118027052,286.00000000
36.742213636615,-1.05772118027052,293.00000000
36.7567968451653,-1.05772118027052,269.00000000
36.7588801606724,-1.05772118027052,283.00000000
36.7817966312514,-1.05772118027052,358.00000000
36.7880465777729,-1.05772118027052,372.00000000
36.8338795189309,-1.05772118027052,435.00000000
36.8401294654524,-1.05772118027052,415.00000000
36.8422127809596,-1.05772118027052,418.00000000
36.8838790911031,-1.05772118027052,440.00000000
36.8880457221175,-1.05772118027052,431.00000000
36.9088788771893,-1.05772118027052,477.00000000
36.95262850284,-1.05772118027052,476.00000000
36.9547118183472,-1.05772118027052,467.00000000
36.9901281819692,-1.05772118027052,453.00000000
37.0026280750123,-1.05772118027052,466.00000000
37.0130446525482,-1.05772118027052,503.00000000
37.0297111766056,-1.05772118027052,569.00000000
37.0442943851559,-1.05772118027052,462.00000000
37.069294171242,-1.05772118027052,637.00000000
37.0755441177636,-1.05772118027052,695.00000000
37.0776274332707,-1.05772118027052,695.00000000
37.1234603744287,-1.05772118027052,765.00000000
37.1692933155866,-1.05772118027052,489.00000000
37.1984597326871,-1.05772118027052,584.00000000
37.2026263637014,-1.05772118027052,612.00000000
37.2172095722517,-1.05772118027052,518.00000000
37.2276261497876,-1.05772118027052,623.00000000
37.2401260428307,-1.05772118027052,522.00000000
37.2651258289168,-1.05772118027052,450.00000000
37.2755424064527,-1.05772118027052,517.00000000
37.279709037467,-1.05772118027052,507.00000000
36.6026314976341,-1.059804534307,617.00000000
36.6067981286484,-1.059804534307,431.00000000
36.625547968213,-1.059804534307,386.00000000
36.6547143853135,-1.059804534307,300.00000000
36.6567977008207,-1.059804534307,299.00000000
36.7213804815432,-1.059804534307,298.00000000
36.7255471125576,-1.059804534307,309.00000000
36.7297137435719,-1.059804534307,297.00000000
36.7484635831365,-1.059804534307,280.00000000
36.7755466847299,-1.059804534307,324.00000000
36.7859632622658,-1.059804534307,376.00000000
36.800546470816,-1.059804534307,417.00000000
36.8192963103806,-1.059804534307,448.00000000
36.8297128879165,-1.059804534307,417.00000000
37.0526276471846,-1.059804534307,648.00000000
37.0588775937061,-1.059804534307,698.00000000
37.0755441177636,-1.059804534307,617.00000000
37.1234603744287,-1.059804534307,782.00000000
37.2130429412373,-1.059804534307,590.00000000
37.2276261497876,-1.059804534307,487.00000000
37.2359594118163,-1.059804534307,522.00000000
37.2567925668881,-1.059804534307,458.00000000
37.2588758823953,-1.059804534307,456.00000000
37.2651258289168,-1.059804534307,437.00000000
37.267209144424,-1.059804534307,447.00000000
36.6067981286484,-1.06188788834347,436.00000000
36.6130480751699,-1.06188788834347,380.00000000
36.6151313906771,-1.06188788834347,379.00000000
36.6297145992274,-1.06188788834347,381.00000000
36.6442978077776,-1.06188788834347,322.00000000
36.6672142783566,-1.06188788834347,264.00000000
36.6942973799499,-1.06188788834347,259.00000000
36.6984640109643,-1.06188788834347,278.00000000
36.7088805885002,-1.06188788834347,289.00000000
36.7130472195145,-1.06188788834347,276.00000000
36.7172138505289,-1.06188788834347,281.00000000
36.742213636615,-1.06188788834347,294.00000000
36.7526302141509,-1.06188788834347,270.00000000
36.7755466847299,-1.06188788834347,330.00000000
36.7922132087873,-1.06188788834347,416.00000000
36.8213796258878,-1.06188788834347,446.00000000
36.8276295724093,-1.06188788834347,422.00000000
36.8338795189309,-1.06188788834347,439.00000000
36.8880457221175,-1.06188788834347,453.00000000
36.9234620857395,-1.06188788834347,523.00000000
36.9422119253041,-1.06188788834347,448.00000000
36.9797116044333,-1.06188788834347,430.00000000
36.9880448664621,-1.06188788834347,470.00000000
37.0130446525482,-1.06188788834347,538.00000000
37.0234612300841,-1.06188788834347,476.00000000
37.0401277541415,-1.06188788834347,555.00000000
37.1088771658784,-1.06188788834347,836.00000000
37.1422102139933,-1.06188788834347,662.00000000
37.1463768450076,-1.06188788834347,590.00000000
37.1609600535579,-1.06188788834347,560.00000000
37.1651266845722,-1.06188788834347,567.00000000
37.1692933155866,-1.06188788834347,624.00000000
37.2067929947158,-1.06188788834347,585.00000000
37.208876310223,-1.06188788834347,586.00000000
37.2776257219599,-1.06188788834347,473.00000000
37.3005421925388,-1.06188788834347,452.00000000
36.5963815511125,-1.06397124237994,791.00000000
36.6026314976341,-1.06397124237994,611.00000000
36.6234646527058,-1.06397124237994,405.00000000
36.6422144922704,-1.06397124237994,342.00000000
36.6463811232848,-1.06397124237994,323.00000000
36.6567977008207,-1.06397124237994,314.00000000
36.6901307489355,-1.06397124237994,267.00000000
36.7005473264714,-1.06397124237994,271.00000000
36.7255471125576,-1.06397124237994,295.00000000
36.7526302141509,-1.06397124237994,281.00000000
36.7880465777729,-1.06397124237994,395.00000000
36.8047131018304,-1.06397124237994,373.00000000
36.8109630483519,-1.06397124237994,402.00000000
36.8338795189309,-1.06397124237994,433.00000000
36.8651292515385,-1.06397124237994,440.00000000
36.8692958825529,-1.06397124237994,442.00000000
36.8776291445816,-1.06397124237994,433.00000000
36.8838790911031,-1.06397124237994,447.00000000
36.8859624066103,-1.06397124237994,448.00000000
36.9234620857395,-1.06397124237994,536.00000000
36.9442952408113,-1.06397124237994,467.00000000
36.9692950268975,-1.06397124237994,506.00000000
36.9797116044333,-1.06397124237994,419.00000000
37.0151279680554,-1.06397124237994,473.00000000
37.0172112835626,-1.06397124237994,467.00000000
37.0192945990697,-1.06397124237994,494.00000000
37.0255445455913,-1.06397124237994,473.00000000
37.0547109626918,-1.06397124237994,614.00000000
37.1026272193569,-1.06397124237994,642.00000000
37.1109604813856,-1.06397124237994,766.00000000
37.1151271123999,-1.06397124237994,748.00000000
37.1942931016727,-1.06397124237994,471.00000000
37.2172095722517,-1.06397124237994,486.00000000
37.2734590909455,-1.06397124237994,440.00000000
37.2776257219599,-1.06397124237994,460.00000000
37.2859589839886,-1.06397124237994,522.00000000
36.6151313906771,-1.06605459641642,378.00000000
36.6234646527058,-1.06605459641642,391.00000000
36.625547968213,-1.06605459641642,380.00000000
36.6630476473422,-1.06605459641642,274.00000000
36.6672142783566,-1.06605459641642,285.00000000
36.6901307489355,-1.06605459641642,270.00000000
36.6963806954571,-1.06605459641642,273.00000000
36.6984640109643,-1.06605459641642,263.00000000
36.7255471125576,-1.06605459641642,289.00000000
36.7297137435719,-1.06605459641642,288.00000000
36.7359636900935,-1.06605459641642,295.00000000
36.7588801606724,-1.06605459641642,282.00000000
36.7692967382083,-1.06605459641642,314.00000000
36.7755466847299,-1.06605459641642,334.00000000
36.8067964173375,-1.06605459641642,391.00000000
36.858879305017,-1.06605459641642,425.00000000
36.8651292515385,-1.06605459641642,432.00000000
36.8734625135672,-1.06605459641642,457.00000000
36.8838790911031,-1.06605459641642,449.00000000
36.9192954547252,-1.06605459641642,510.00000000
36.9255454012467,-1.06605459641642,468.00000000
36.9463785563185,-1.06605459641642,494.00000000
36.9692950268975,-1.06605459641642,497.00000000
36.998461443998,-1.06605459641642,486.00000000
37.0026280750123,-1.06605459641642,496.00000000
37.0192945990697,-1.06605459641642,508.00000000
37.03387780762,-1.06605459641642,569.00000000
37.0672108557348,-1.06605459641642,625.00000000
37.0734608022564,-1.06605459641642,623.00000000
37.0817940642851,-1.06605459641642,685.00000000
37.1297103209502,-1.06605459641642,688.00000000
37.1317936364574,-1.06605459641642,692.00000000
37.1651266845722,-1.06605459641642,510.00000000
37.1692933155866,-1.06605459641642,563.00000000
37.1922097861655,-1.06605459641642,465.00000000
37.1942931016727,-1.06605459641642,485.00000000
37.2047096792086,-1.06605459641642,541.00000000
37.2359594118163,-1.06605459641642,479.00000000
37.2567925668881,-1.06605459641642,463.00000000
37.2630425134096,-1.06605459641642,526.00000000
37.2984588770316,-1.06605459641642,429.00000000
36.6338812302417,-1.06813795045289,399.00000000
36.6651309628494,-1.06813795045289,342.00000000
36.6734642248781,-1.06813795045289,276.00000000
36.683880802414,-1.06813795045289,258.00000000
36.7401303211078,-1.06813795045289,299.00000000
36.7484635831365,-1.06813795045289,304.00000000
36.7609634761796,-1.06813795045289,300.00000000
36.7713800537155,-1.06813795045289,319.00000000
36.777630000237,-1.06813795045289,316.00000000
36.800546470816,-1.06813795045289,396.00000000
36.8067964173375,-1.06813795045289,394.00000000
36.8088797328447,-1.06813795045289,416.00000000
36.8401294654524,-1.06813795045289,421.00000000
36.8505460429883,-1.06813795045289,432.00000000
36.9047122461749,-1.06813795045289,477.00000000
36.9276287167539,-1.06813795045289,473.00000000
36.9463785563185,-1.06813795045289,450.00000000
36.9547118183472,-1.06813795045289,536.00000000
36.9588784493616,-1.06813795045289,458.00000000
36.9672117113903,-1.06813795045289,447.00000000
36.9942948129836,-1.06813795045289,493.00000000
36.9963781284908,-1.06813795045289,476.00000000
36.998461443998,-1.06813795045289,470.00000000
37.0172112835626,-1.06813795045289,527.00000000
37.03387780762,-1.06813795045289,505.00000000
37.069294171242,-1.06813795045289,637.00000000
37.0797107487779,-1.06813795045289,686.00000000
37.1026272193569,-1.06813795045289,650.00000000
37.1192937434143,-1.06813795045289,681.00000000
37.1213770589215,-1.06813795045289,776.00000000
37.1672100000794,-1.06813795045289,545.00000000
37.2505426203665,-1.06813795045289,500.00000000
37.2922089305101,-1.06813795045289,502.00000000
37.302625508046,-1.06813795045289,425.00000000
37.3151254010891,-1.06813795045289,475.00000000
36.6005481821269,-1.07022130448937,543.00000000
36.6234646527058,-1.07022130448937,398.00000000
36.6276312837202,-1.07022130448937,397.00000000
36.6401311767633,-1.07022130448937,389.00000000
36.6442978077776,-1.07022130448937,387.00000000
36.7797133157442,-1.07022130448937,304.00000000
36.7942965242945,-1.07022130448937,372.00000000
36.8442960964667,-1.07022130448937,446.00000000
36.8692958825529,-1.07022130448937,446.00000000
36.8797124600888,-1.07022130448937,472.00000000
36.9005456151606,-1.07022130448937,474.00000000
36.9130455082036,-1.07022130448937,634.00000000
36.9317953477682,-1.07022130448937,526.00000000
36.9422119253041,-1.07022130448937,443.00000000
36.9588784493616,-1.07022130448937,452.00000000
36.975544973419,-1.07022130448937,445.00000000
37.0088780215338,-1.07022130448937,575.00000000
37.0130446525482,-1.07022130448937,621.00000000
37.0609609092133,-1.07022130448937,573.00000000
37.0630442247205,-1.07022130448937,569.00000000
37.0734608022564,-1.07022130448937,624.00000000
37.0797107487779,-1.07022130448937,687.00000000
37.0984605883425,-1.07022130448937,622.00000000
37.150543476022,-1.07022130448937,642.00000000
37.1526267915292,-1.07022130448937,598.00000000
37.221376203266,-1.07022130448937,429.00000000
37.2255428342804,-1.07022130448937,358.00000000
37.2317927808019,-1.07022130448937,386.00000000
37.2484593048594,-1.07022130448937,508.00000000
36.5880482890838,-1.07230465852584,933.00000000
36.5922149200982,-1.07230465852584,880.00000000
36.6380478612561,-1.07230465852584,397.00000000
36.6755475403853,-1.07230465852584,245.00000000
36.7109639040073,-1.07230465852584,327.00000000
36.7547135296581,-1.07230465852584,310.00000000
36.800546470816,-1.07230465852584,377.00000000
36.8109630483519,-1.07230465852584,437.00000000
36.8380461499452,-1.07230465852584,446.00000000
36.858879305017,-1.07230465852584,432.00000000
36.8651292515385,-1.07230465852584,457.00000000
36.8922123531319,-1.07230465852584,502.00000000
36.9047122461749,-1.07230465852584,470.00000000
36.9151288237108,-1.07230465852584,599.00000000
36.9380452942898,-1.07230465852584,472.00000000
36.9422119253041,-1.07230465852584,438.00000000
36.9484618718257,-1.07230465852584,435.00000000
36.9692950268975,-1.07230465852584,484.00000000
37.0005447595051,-1.07230465852584,533.00000000
37.0067947060267,-1.07230465852584,581.00000000
37.0234612300841,-1.07230465852584,497.00000000
37.0422110696487,-1.07230465852584,497.00000000
37.0505443316774,-1.07230465852584,519.00000000
37.0609609092133,-1.07230465852584,542.00000000
37.0755441177636,-1.07230465852584,708.00000000
37.0880440108066,-1.07230465852584,667.00000000
37.1172104279071,-1.07230465852584,640.00000000
37.1213770589215,-1.07230465852584,758.00000000
37.1401268984861,-1.07230465852584,731.00000000
37.1484601605148,-1.07230465852584,682.00000000
37.1755432621081,-1.07230465852584,597.00000000
37.185959839644,-1.07230465852584,604.00000000
37.3005421925388,-1.07230465852584,454.00000000
36.5942982356053,-1.07438801256231,680.00000000
36.6692975938638,-1.07438801256231,342.00000000
36.6734642248781,-1.07438801256231,308.00000000
36.6817974869068,-1.07438801256231,248.00000000
36.6984640109643,-1.07438801256231,242.00000000
36.7005473264714,-1.07438801256231,244.00000000
36.706797272993,-1.07438801256231,277.00000000
36.7109639040073,-1.07438801256231,294.00000000
36.765130107194,-1.07438801256231,335.00000000
36.8463794119739,-1.07438801256231,438.00000000
36.8567959895098,-1.07438801256231,441.00000000
36.8755458290744,-1.07438801256231,482.00000000
36.894295668639,-1.07438801256231,487.00000000
36.9130455082036,-1.07438801256231,573.00000000
36.9567951338544,-1.07438801256231,436.00000000
36.9630450803759,-1.07438801256231,471.00000000
36.975544973419,-1.07438801256231,453.00000000
36.9838782354477,-1.07438801256231,473.00000000
36.9963781284908,-1.07438801256231,452.00000000
37.0005447595051,-1.07438801256231,480.00000000
37.0047113905195,-1.07438801256231,545.00000000
37.0151279680554,-1.07438801256231,616.00000000
37.0192945990697,-1.07438801256231,603.00000000
37.0609609092133,-1.07438801256231,522.00000000
37.0713774867492,-1.07438801256231,658.00000000
37.092210641821,-1.07438801256231,586.00000000
37.1088771658784,-1.07438801256231,648.00000000
37.1255436899358,-1.07438801256231,728.00000000
37.127627005443,-1.07438801256231,691.00000000
37.1547101070363,-1.07438801256231,617.00000000
37.1588767380507,-1.07438801256231,597.00000000
37.1901264706584,-1.07438801256231,560.00000000
37.1963764171799,-1.07438801256231,478.00000000
37.2047096792086,-1.07438801256231,618.00000000
37.2526259358737,-1.07438801256231,481.00000000
37.3213753476106,-1.07438801256231,494.00000000
36.6109647596628,-1.07647136659879,382.00000000
36.6192980216915,-1.07647136659879,378.00000000
36.6234646527058,-1.07647136659879,391.00000000
36.6463811232848,-1.07647136659879,395.00000000
36.6505477542992,-1.07647136659879,381.00000000
36.6817974869068,-1.07647136659879,257.00000000
36.7047139574858,-1.07647136659879,234.00000000
36.7359636900935,-1.07647136659879,306.00000000
36.7463802676294,-1.07647136659879,339.00000000
36.765130107194,-1.07647136659879,327.00000000
36.7713800537155,-1.07647136659879,320.00000000
36.7901298932801,-1.07647136659879,332.00000000
36.7922132087873,-1.07647136659879,346.00000000
36.7984631553088,-1.07647136659879,392.00000000
36.8172129948734,-1.07647136659879,434.00000000
36.8192963103806,-1.07647136659879,433.00000000
36.8213796258878,-1.07647136659879,422.00000000
36.823462941395,-1.07647136659879,419.00000000
36.8255462569021,-1.07647136659879,433.00000000
36.8276295724093,-1.07647136659879,435.00000000
36.8401294654524,-1.07647136659879,425.00000000
36.8567959895098,-1.07647136659879,469.00000000
36.8755458290744,-1.07647136659879,481.00000000
36.9109621926965,-1.07647136659879,488.00000000
36.917212139218,-1.07647136659879,482.00000000
36.9255454012467,-1.07647136659879,578.00000000
36.9859615509549,-1.07647136659879,463.00000000
36.9922114974764,-1.07647136659879,474.00000000
36.9963781284908,-1.07647136659879,456.00000000
37.0526276471846,-1.07647136659879,491.00000000
37.0651275402277,-1.07647136659879,579.00000000
37.0672108557348,-1.07647136659879,589.00000000
37.0859606952994,-1.07647136659879,660.00000000
37.1151271123999,-1.07647136659879,719.00000000
37.1172104279071,-1.07647136659879,739.00000000
37.1213770589215,-1.07647136659879,628.00000000
37.1255436899358,-1.07647136659879,734.00000000
37.150543476022,-1.07647136659879,667.00000000
37.1609600535579,-1.07647136659879,633.00000000
37.1797098931225,-1.07647136659879,606.00000000
37.1901264706584,-1.07647136659879,514.00000000
37.2005430481943,-1.07647136659879,724.00000000
37.2130429412373,-1.07647136659879,482.00000000
37.3047088235532,-1.07647136659879,478.00000000
37.3088754545675,-1.07647136659879,475.00000000
36.6047148131412,-1.07855472063526,469.00000000
36.6172147061843,-1.07855472063526,378.00000000
36.660964331835,-1.07855472063526,324.00000000
36.6734642248781,-1.07855472063526,317.00000000
36.6817974869068,-1.07855472063526,276.00000000
36.6859641179212,-1.07855472063526,248.00000000
36.6922140644427,-1.07855472063526,251.00000000
36.7359636900935,-1.07855472063526,292.00000000
36.742213636615,-1.07855472063526,329.00000000
36.765130107194,-1.07855472063526,336.00000000
36.7755466847299,-1.07855472063526,328.00000000
36.8109630483519,-1.07855472063526,418.00000000
36.8192963103806,-1.07855472063526,432.00000000
36.8776291445816,-1.07855472063526,490.00000000
36.8797124600888,-1.07855472063526,489.00000000
36.9088788771893,-1.07855472063526,460.00000000
36.9234620857395,-1.07855472063526,477.00000000
36.9442952408113,-1.07855472063526,449.00000000
36.9672117113903,-1.07855472063526,457.00000000
36.9692950268975,-1.07855472063526,483.00000000
36.9859615509549,-1.07855472063526,460.00000000
37.0130446525482,-1.07855472063526,516.00000000
37.0172112835626,-1.07855472063526,514.00000000
37.0317944921128,-1.07855472063526,562.00000000
37.0401277541415,-1.07855472063526,533.00000000
37.1005439038497,-1.07855472063526,603.00000000
37.1463768450076,-1.07855472063526,787.00000000
37.1797098931225,-1.07855472063526,646.00000000
37.2005430481943,-1.07855472063526,755.00000000
36.5859649735766,-1.08063807467174,915.00000000
36.6047148131412,-1.08063807467174,488.00000000
36.6109647596628,-1.08063807467174,411.00000000
36.6213813371987,-1.08063807467174,377.00000000
36.6422144922704,-1.08063807467174,394.00000000
36.6547143853135,-1.08063807467174,357.00000000
36.6651309628494,-1.08063807467174,338.00000000
36.6755475403853,-1.08063807467174,322.00000000
36.6776308558925,-1.08063807467174,308.00000000
36.7047139574858,-1.08063807467174,235.00000000
36.7130472195145,-1.08063807467174,232.00000000
36.7317970590791,-1.08063807467174,284.00000000
36.7359636900935,-1.08063807467174,331.00000000
36.742213636615,-1.08063807467174,333.00000000
36.7588801606724,-1.08063807467174,349.00000000
36.777630000237,-1.08063807467174,318.00000000
36.7984631553088,-1.08063807467174,376.00000000
36.8151296793663,-1.08063807467174,431.00000000
36.8401294654524,-1.08063807467174,427.00000000
36.9463785563185,-1.08063807467174,453.00000000
36.9484618718257,-1.08063807467174,443.00000000
36.9609617648687,-1.08063807467174,412.00000000
36.975544973419,-1.08063807467174,486.00000000
36.9942948129836,-1.08063807467174,475.00000000
37.0213779145769,-1.08063807467174,497.00000000
37.0255445455913,-1.08063807467174,624.00000000
37.0526276471846,-1.08063807467174,610.00000000
37.0630442247205,-1.08063807467174,544.00000000
37.0942939573282,-1.08063807467174,587.00000000
37.1088771658784,-1.08063807467174,635.00000000
37.3151254010891,-1.08063807467174,459.00000000
36.6213813371987,-1.08272142870821,371.00000000
36.6526310698063,-1.08272142870821,370.00000000
36.6567977008207,-1.08272142870821,352.00000000
36.683880802414,-1.08272142870821,280.00000000
36.7109639040073,-1.08272142870821,229.00000000
36.7547135296581,-1.08272142870821,319.00000000
36.7755466847299,-1.08272142870821,316.00000000
36.7838799467586,-1.08272142870821,337.00000000
36.8505460429883,-1.08272142870821,437.00000000
36.8672125670457,-1.08272142870821,489.00000000
36.8734625135672,-1.08272142870821,468.00000000
36.9317953477682,-1.08272142870821,613.00000000
36.9463785563185,-1.08272142870821,456.00000000
36.9672117113903,-1.08272142870821,445.00000000
36.9692950268975,-1.08272142870821,453.00000000
36.9734616579118,-1.08272142870821,475.00000000
36.9817949199405,-1.08272142870821,433.00000000
37.092210641821,-1.08272142870821,668.00000000
37.1255436899358,-1.08272142870821,662.00000000
37.1672100000794,-1.08272142870821,689.00000000
37.1817932086297,-1.08272142870821,670.00000000
37.3276252941321,-1.08272142870821,461.00000000
37.3359585561609,-1.08272142870821,370.00000000
36.5838816580694,-1.08480478274469,999.00000000
36.590131604591,-1.08480478274469,501.00000000
36.5963815511125,-1.08480478274469,431.00000000
36.6151313906771,-1.08480478274469,414.00000000
36.625547968213,-1.08480478274469,381.00000000
36.6505477542992,-1.08480478274469,372.00000000
36.6526310698063,-1.08480478274469,359.00000000
36.6588810163279,-1.08480478274469,365.00000000
36.6734642248781,-1.08480478274469,319.00000000
36.6859641179212,-1.08480478274469,278.00000000
36.7526302141509,-1.08480478274469,350.00000000
36.7692967382083,-1.08480478274469,333.00000000
36.7859632622658,-1.08480478274469,357.00000000
36.8067964173375,-1.08480478274469,416.00000000
36.8276295724093,-1.08480478274469,434.00000000
36.8380461499452,-1.08480478274469,431.00000000
36.8526293584955,-1.08480478274469,442.00000000
36.8630459360314,-1.08480478274469,480.00000000
36.9067955616821,-1.08480478274469,494.00000000
36.9484618718257,-1.08480478274469,440.00000000
36.9505451873328,-1.08480478274469,436.00000000
36.9651283958831,-1.08480478274469,420.00000000
36.998461443998,-1.08480478274469,500.00000000
37.0172112835626,-1.08480478274469,523.00000000
37.0192945990697,-1.08480478274469,534.00000000
37.0442943851559,-1.08480478274469,698.00000000
37.0797107487779,-1.08480478274469,679.00000000
37.0859606952994,-1.08480478274469,712.00000000
37.1047105348641,-1.08480478274469,599.00000000
37.1234603744287,-1.08480478274469,680.00000000
37.1463768450076,-1.08480478274469,863.00000000
37.150543476022,-1.08480478274469,762.00000000
37.3130420855819,-1.08480478274469,514.00000000
37.3192920321034,-1.08480478274469,483.00000000
36.5817983425623,-1.08688813678116,1044.00000000
36.6047148131412,-1.08688813678116,556.00000000
36.6151313906771,-1.08688813678116,410.00000000
36.6192980216915,-1.08688813678116,396.00000000
36.6817974869068,-1.08688813678116,307.00000000
36.6859641179212,-1.08688813678116,285.00000000
36.6880474334284,-1.08688813678116,277.00000000
36.6984640109643,-1.08688813678116,305.00000000
36.719297166036,-1.08688813678116,254.00000000
36.7692967382083,-1.08688813678116,343.00000000
36.8297128879165,-1.08688813678116,462.00000000
36.8401294654524,-1.08688813678116,424.00000000
36.858879305017,-1.08688813678116,497.00000000
36.8776291445816,-1.08688813678116,471.00000000
36.9088788771893,-1.08688813678116,478.00000000
36.9505451873328,-1.08688813678116,456.00000000
36.975544973419,-1.08688813678116,453.00000000
36.9776282889262,-1.08688813678116,459.00000000
36.9859615509549,-1.08688813678116,468.00000000
37.1130437968928,-1.08688813678116,754.00000000
37.1297103209502,-1.08688813678116,676.00000000
37.1588767380507,-1.08688813678116,694.00000000
37.1692933155866,-1.08688813678116,645.00000000
36.6192980216915,-1.08897149081763,397.00000000
36.6213813371987,-1.08897149081763,400.00000000
36.6297145992274,-1.08897149081763,376.00000000
36.6755475403853,-1.08897149081763,305.00000000
36.6776308558925,-1.08897149081763,291.00000000
36.6963806954571,-1.08897149081763,296.00000000
36.7130472195145,-1.08897149081763,300.00000000
36.7672134227011,-1.08897149081763,317.00000000
36.894295668639,-1.08897149081763,446.00000000
36.8963789841462,-1.08897149081763,424.00000000
36.8984622996534,-1.08897149081763,435.00000000
36.9297120322611,-1.08897149081763,461.00000000
36.9859615509549,-1.08897149081763,471.00000000
36.9963781284908,-1.08897149081763,543.00000000
36.998461443998,-1.08897149081763,515.00000000
37.0026280750123,-1.08897149081763,513.00000000
37.0088780215338,-1.08897149081763,547.00000000
37.0192945990697,-1.08897149081763,663.00000000
37.0234612300841,-1.08897149081763,604.00000000
37.0317944921128,-1.08897149081763,581.00000000
37.0401277541415,-1.08897149081763,563.00000000
37.0588775937061,-1.08897149081763,726.00000000
37.0630442247205,-1.08897149081763,724.00000000
37.1151271123999,-1.08897149081763,976.00000000
37.1338769519646,-1.08897149081763,792.00000000
37.1359602674717,-1.08897149081763,842.00000000
37.1588767380507,-1.08897149081763,675.00000000
37.1609600535579,-1.08897149081763,656.00000000
37.3422085026824,-1.08897149081763,343.00000000
36.5963815511125,-1.09105484485411,452.00000000
36.7463802676294,-1.09105484485411,334.00000000
36.7526302141509,-1.09105484485411,304.00000000
36.7567968451653,-1.09105484485411,319.00000000
36.7901298932801,-1.09105484485411,361.00000000
36.8026297863232,-1.09105484485411,398.00000000
36.8047131018304,-1.09105484485411,411.00000000
36.8505460429883,-1.09105484485411,444.00000000
36.8692958825529,-1.09105484485411,432.00000000
36.9255454012467,-1.09105484485411,451.00000000
36.9609617648687,-1.09105484485411,457.00000000
37.0026280750123,-1.09105484485411,502.00000000
37.0130446525482,-1.09105484485411,524.00000000
37.0380444386343,-1.09105484485411,716.00000000
37.0609609092133,-1.09105484485411,832.00000000
37.092210641821,-1.09105484485411,557.00000000
37.1463768450076,-1.09105484485411,797.00000000
37.1484601605148,-1.09105484485411,842.00000000
37.3297086096393,-1.09105484485411,458.00000000
37.3526250802183,-1.09105484485411,357.00000000
36.6109647596628,-1.09313819889058,510.00000000
36.6130480751699,-1.09313819889058,480.00000000
36.6172147061843,-1.09313819889058,388.00000000
36.6463811232848,-1.09313819889058,373.00000000
36.6630476473422,-1.09313819889058,352.00000000
36.6859641179212,-1.09313819889058,278.00000000
36.7109639040073,-1.09313819889058,269.00000000
36.7151305350217,-1.09313819889058,259.00000000
36.7297137435719,-1.09313819889058,291.00000000
36.7838799467586,-1.09313819889058,365.00000000
36.7963798398016,-1.09313819889058,378.00000000
36.8067964173375,-1.09313819889058,408.00000000
36.8130463638591,-1.09313819889058,433.00000000
36.8463794119739,-1.09313819889058,469.00000000
36.8567959895098,-1.09313819889058,438.00000000
36.8609626205242,-1.09313819889058,462.00000000
36.881795775596,-1.09313819889058,492.00000000
36.8963789841462,-1.09313819889058,443.00000000
36.8984622996534,-1.09313819889058,442.00000000
36.9005456151606,-1.09313819889058,430.00000000
36.9088788771893,-1.09313819889058,464.00000000
36.9151288237108,-1.09313819889058,433.00000000
36.9463785563185,-1.09313819889058,596.00000000
36.9734616579118,-1.09313819889058,458.00000000
36.9817949199405,-1.09313819889058,511.00000000
37.0213779145769,-1.09313819889058,591.00000000
37.056794278199,-1.09313819889058,871.00000000
37.0713774867492,-1.09313819889058,639.00000000
37.0797107487779,-1.09313819889058,651.00000000
37.1130437968928,-1.09313819889058,699.00000000
37.1317936364574,-1.09313819889058,720.00000000
37.1401268984861,-1.09313819889058,765.00000000
37.1734599466009,-1.09313819889058,715.00000000
37.3192920321034,-1.09313819889058,484.00000000
37.3213753476106,-1.09313819889058,460.00000000
37.3317919251465,-1.09313819889058,451.00000000
37.3338752406537,-1.09313819889058,463.00000000
37.338041871668,-1.09313819889058,353.00000000
37.3422085026824,-1.09313819889058,335.00000000
36.5984648666197,-1.09522155292706,476.00000000
36.6692975938638,-1.09522155292706,293.00000000
36.6859641179212,-1.09522155292706,273.00000000
36.6901307489355,-1.09522155292706,286.00000000
36.6963806954571,-1.09522155292706,306.00000000
36.7255471125576,-1.09522155292706,297.00000000
36.7297137435719,-1.09522155292706,279.00000000
36.7317970590791,-1.09522155292706,281.00000000
36.7442969521222,-1.09522155292706,334.00000000
36.7859632622658,-1.09522155292706,367.00000000
36.7984631553088,-1.09522155292706,384.00000000
36.8067964173375,-1.09522155292706,420.00000000
36.8172129948734,-1.09522155292706,477.00000000
36.8380461499452,-1.09522155292706,473.00000000
36.8463794119739,-1.09522155292706,439.00000000
36.8734625135672,-1.09522155292706,443.00000000
36.8755458290744,-1.09522155292706,442.00000000
36.9151288237108,-1.09522155292706,502.00000000
36.9234620857395,-1.09522155292706,450.00000000
36.9484618718257,-1.09522155292706,732.00000000
36.95262850284,-1.09522155292706,583.00000000
36.9567951338544,-1.09522155292706,450.00000000
36.9797116044333,-1.09522155292706,454.00000000
36.9880448664621,-1.09522155292706,605.00000000
36.9963781284908,-1.09522155292706,498.00000000
37.0130446525482,-1.09522155292706,588.00000000
37.03387780762,-1.09522155292706,669.00000000
37.0484610161702,-1.09522155292706,566.00000000
37.0880440108066,-1.09522155292706,639.00000000
37.1005439038497,-1.09522155292706,712.00000000
37.1192937434143,-1.09522155292706,587.00000000
37.127627005443,-1.09522155292706,756.00000000
37.1297103209502,-1.09522155292706,730.00000000
37.1588767380507,-1.09522155292706,642.00000000
37.1734599466009,-1.09522155292706,710.00000000
37.3338752406537,-1.09522155292706,462.00000000
37.3505417647111,-1.09522155292706,344.00000000
36.5922149200982,-1.09730490696353,443.00000000
36.6317979147345,-1.09730490696353,395.00000000
36.6567977008207,-1.09730490696353,349.00000000
36.6922140644427,-1.09730490696353,265.00000000
36.7151305350217,-1.09730490696353,270.00000000
36.719297166036,-1.09730490696353,299.00000000
36.7297137435719,-1.09730490696353,259.00000000
36.7359636900935,-1.09730490696353,259.00000000
36.7401303211078,-1.09730490696353,287.00000000
36.7463802676294,-1.09730490696353,344.00000000
36.7692967382083,-1.09730490696353,313.00000000
36.8463794119739,-1.09730490696353,434.00000000
36.8776291445816,-1.09730490696353,456.00000000
36.8901290376247,-1.09730490696353,462.00000000
36.9276287167539,-1.09730490696353,495.00000000
36.9442952408113,-1.09730490696353,482.00000000
36.9588784493616,-1.09730490696353,500.00000000
37.0297111766056,-1.09730490696353,585.00000000
37.056794278199,-1.09730490696353,872.00000000
37.0776274332707,-1.09730490696353,651.00000000
37.1005439038497,-1.09730490696353,703.00000000
37.1567934225435,-1.09730490696353,616.00000000
37.1692933155866,-1.09730490696353,713.00000000
36.567215134012,-1.099388261,742.00000000
36.5713817650264,-1.099388261,813.00000000
36.5797150270551,-1.099388261,730.00000000
36.5922149200982,-1.099388261,441.00000000
36.6026314976341,-1.099388261,504.00000000
36.625547968213,-1.099388261,379.00000000
36.6276312837202,-1.099388261,407.00000000
36.6359645457489,-1.099388261,433.00000000
36.660964331835,-1.099388261,359.00000000
36.6734642248781,-1.099388261,317.00000000
36.6755475403853,-1.099388261,306.00000000
36.6963806954571,-1.099388261,259.00000000
36.7213804815432,-1.099388261,303.00000000
36.7255471125576,-1.099388261,295.00000000
36.7317970590791,-1.099388261,265.00000000
36.7380470056006,-1.099388261,278.00000000
36.7442969521222,-1.099388261,329.00000000
36.7484635831365,-1.099388261,326.00000000
36.7567968451653,-1.099388261,332.00000000
36.8192963103806,-1.099388261,404.00000000
36.8213796258878,-1.099388261,423.00000000
36.8776291445816,-1.099388261,467.00000000
36.8797124600888,-1.099388261,471.00000000
36.8838790911031,-1.099388261,429.00000000
36.894295668639,-1.099388261,522.00000000
36.9067955616821,-1.099388261,506.00000000
36.9151288237108,-1.099388261,536.00000000
36.9630450803759,-1.099388261,473.00000000
36.9672117113903,-1.099388261,478.00000000
36.9859615509549,-1.099388261,519.00000000
37.0088780215338,-1.099388261,629.00000000
37.0297111766056,-1.099388261,553.00000000
37.0317944921128,-1.099388261,541.00000000
37.0380444386343,-1.099388261,573.00000000
37.0713774867492,-1.099388261,692.00000000
37.0942939573282,-1.099388261,717.00000000
37.1401268984861,-1.099388261,740.00000000
37.1672100000794,-1.099388261,687.00000000
37.1692933155866,-1.099388261,734.00000000
36.5817983425623,-1.10147161503648,643.00000000
36.590131604591,-1.10147161503648,474.00000000
36.6192980216915,-1.10147161503648,361.00000000
36.6317979147345,-1.10147161503648,428.00000000
36.6651309628494,-1.10147161503648,339.00000000
36.6922140644427,-1.10147161503648,253.00000000
36.7359636900935,-1.10147161503648,252.00000000
36.7380470056006,-1.10147161503648,277.00000000
36.7401303211078,-1.10147161503648,273.00000000
36.7713800537155,-1.10147161503648,323.00000000
36.7797133157442,-1.10147161503648,364.00000000
36.8088797328447,-1.10147161503648,368.00000000
36.8109630483519,-1.10147161503648,384.00000000
36.8609626205242,-1.10147161503648,458.00000000
36.8630459360314,-1.10147161503648,478.00000000
36.8838790911031,-1.10147161503648,411.00000000
36.8859624066103,-1.10147161503648,408.00000000
36.8880457221175,-1.10147161503648,426.00000000
36.894295668639,-1.10147161503648,431.00000000
36.9297120322611,-1.10147161503648,486.00000000
36.9734616579118,-1.10147161503648,469.00000000
36.9817949199405,-1.10147161503648,473.00000000
36.9880448664621,-1.10147161503648,468.00000000
36.9922114974764,-1.10147161503648,492.00000000
36.9963781284908,-1.10147161503648,447.00000000
37.0067947060267,-1.10147161503648,559.00000000
37.0172112835626,-1.10147161503648,611.00000000
37.0276278610985,-1.10147161503648,742.00000000
37.0630442247205,-1.10147161503648,825.00000000
37.0776274332707,-1.10147161503648,730.00000000
37.1151271123999,-1.10147161503648,695.00000000
37.1234603744287,-1.10147161503648,655.00000000
37.1255436899358,-1.10147161503648,666.00000000
37.1567934225435,-1.10147161503648,606.00000000
37.1755432621081,-1.10147161503648,812.00000000
37.1776265776153,-1.10147161503648,817.00000000
37.3338752406537,-1.10147161503648,463.00000000
37.3505417647111,-1.10147161503648,329.00000000
36.6109647596628,-1.10355496907295,575.00000000
36.6130480751699,-1.10355496907295,541.00000000
36.6192980216915,-1.10355496907295,382.00000000
36.625547968213,-1.10355496907295,460.00000000
36.6672142783566,-1.10355496907295,313.00000000
36.6859641179212,-1.10355496907295,272.00000000
36.777630000237,-1.10355496907295,373.00000000
36.7922132087873,-1.10355496907295,350.00000000
36.7984631553088,-1.10355496907295,381.00000000
36.8026297863232,-1.10355496907295,392.00000000
36.8422127809596,-1.10355496907295,434.00000000
36.8547126740026,-1.10355496907295,470.00000000
36.8651292515385,-1.10355496907295,435.00000000
36.8984622996534,-1.10355496907295,417.00000000
36.9109621926965,-1.10355496907295,450.00000000
36.9213787702324,-1.10355496907295,413.00000000
36.9276287167539,-1.10355496907295,457.00000000
36.9422119253041,-1.10355496907295,507.00000000
36.9505451873328,-1.10355496907295,503.00000000
36.9672117113903,-1.10355496907295,465.00000000
36.9734616579118,-1.10355496907295,471.00000000
36.9797116044333,-1.10355496907295,496.00000000
37.0255445455913,-1.10355496907295,741.00000000
37.0297111766056,-1.10355496907295,704.00000000
37.0526276471846,-1.10355496907295,875.00000000
37.0672108557348,-1.10355496907295,807.00000000
37.0901273263138,-1.10355496907295,736.00000000
37.1088771658784,-1.10355496907295,702.00000000
37.1192937434143,-1.10355496907295,728.00000000
37.1422102139933,-1.10355496907295,664.00000000
37.1734599466009,-1.10355496907295,767.00000000
37.1817932086297,-1.10355496907295,579.00000000
37.185959839644,-1.10355496907295,512.00000000
36.5692984495192,-1.10563832310943,770.00000000
36.5734650805336,-1.10563832310943,784.00000000
36.5817983425623,-1.10563832310943,727.00000000
36.5880482890838,-1.10563832310943,478.00000000
36.6109647596628,-1.10563832310943,580.00000000
36.6422144922704,-1.10563832310943,439.00000000
36.6651309628494,-1.10563832310943,308.00000000
36.6817974869068,-1.10563832310943,291.00000000
36.6901307489355,-1.10563832310943,260.00000000
36.6942973799499,-1.10563832310943,262.00000000
36.706797272993,-1.10563832310943,310.00000000
36.7172138505289,-1.10563832310943,334.00000000
36.742213636615,-1.10563832310943,279.00000000
36.7484635831365,-1.10563832310943,321.00000000
36.7547135296581,-1.10563832310943,328.00000000
36.7630467916868,-1.10563832310943,345.00000000
36.7942965242945,-1.10563832310943,366.00000000
36.8317962034237,-1.10563832310943,432.00000000
36.835962834438,-1.10563832310943,447.00000000
36.8713791980601,-1.10563832310943,491.00000000
36.8755458290744,-1.10563832310943,471.00000000
36.9234620857395,-1.10563832310943,428.00000000
36.9255454012467,-1.10563832310943,449.00000000
36.9359619787826,-1.10563832310943,478.00000000
36.9672117113903,-1.10563832310943,486.00000000
36.9692950268975,-1.10563832310943,477.00000000
36.9713783424046,-1.10563832310943,480.00000000
36.9942948129836,-1.10563832310943,510.00000000
37.0234612300841,-1.10563832310943,587.00000000
37.03387780762,-1.10563832310943,732.00000000
37.0547109626918,-1.10563832310943,914.00000000
37.056794278199,-1.10563832310943,888.00000000
37.0755441177636,-1.10563832310943,823.00000000
37.092210641821,-1.10563832310943,787.00000000
37.150543476022,-1.10563832310943,591.00000000
37.1526267915292,-1.10563832310943,608.00000000
37.1588767380507,-1.10563832310943,641.00000000
37.3401251871752,-1.10563832310943,353.00000000
36.6172147061843,-1.1077216771459,477.00000000
36.6234646527058,-1.1077216771459,431.00000000
36.6297145992274,-1.1077216771459,490.00000000
36.6338812302417,-1.1077216771459,491.00000000
36.6588810163279,-1.1077216771459,369.00000000
36.6630476473422,-1.1077216771459,335.00000000
36.6755475403853,-1.1077216771459,324.00000000
36.6797141713997,-1.1077216771459,287.00000000
36.7109639040073,-1.1077216771459,323.00000000
36.765130107194,-1.1077216771459,346.00000000
36.7901298932801,-1.1077216771459,389.00000000
36.7984631553088,-1.1077216771459,393.00000000
36.8172129948734,-1.1077216771459,383.00000000
36.835962834438,-1.1077216771459,425.00000000
36.8442960964667,-1.1077216771459,460.00000000
36.858879305017,-1.1077216771459,454.00000000
36.8859624066103,-1.1077216771459,419.00000000
36.8880457221175,-1.1077216771459,410.00000000
36.894295668639,-1.1077216771459,408.00000000
36.8984622996534,-1.1077216771459,400.00000000
36.917212139218,-1.1077216771459,408.00000000
36.9234620857395,-1.1077216771459,440.00000000
36.9734616579118,-1.1077216771459,517.00000000
36.9859615509549,-1.1077216771459,494.00000000
37.0172112835626,-1.1077216771459,603.00000000
37.0484610161702,-1.1077216771459,783.00000000
37.0630442247205,-1.1077216771459,816.00000000
37.069294171242,-1.1077216771459,786.00000000
37.0880440108066,-1.1077216771459,791.00000000
37.1088771658784,-1.1077216771459,745.00000000
37.1380435829789,-1.1077216771459,679.00000000
37.1484601605148,-1.1077216771459,604.00000000
37.1567934225435,-1.1077216771459,616.00000000
37.1797098931225,-1.1077216771459,561.00000000
36.5609651874905,-1.10980503118238,793.00000000
36.5734650805336,-1.10980503118238,811.00000000
36.5817983425623,-1.10980503118238,738.00000000
36.6192980216915,-1.10980503118238,435.00000000
36.6317979147345,-1.10980503118238,472.00000000
36.6380478612561,-1.10980503118238,451.00000000
36.6547143853135,-1.10980503118238,556.00000000
36.6630476473422,-1.10980503118238,349.00000000
36.6672142783566,-1.10980503118238,342.00000000
36.683880802414,-1.10980503118238,296.00000000
36.6880474334284,-1.10980503118238,319.00000000
36.706797272993,-1.10980503118238,313.00000000
36.7172138505289,-1.10980503118238,308.00000000
36.742213636615,-1.10980503118238,281.00000000
36.7463802676294,-1.10980503118238,304.00000000
36.7505468986437,-1.10980503118238,357.00000000
36.7630467916868,-1.10980503118238,346.00000000
36.7734633692227,-1.10980503118238,341.00000000
36.8484627274811,-1.10980503118238,445.00000000
36.8692958825529,-1.10980503118238,517.00000000
36.9192954547252,-1.10980503118238,426.00000000
36.9442952408113,-1.10980503118238,561.00000000
36.9463785563185,-1.10980503118238,576.00000000
36.9797116044333,-1.10980503118238,551.00000000
37.1088771658784,-1.10980503118238,686.00000000
37.1422102139933,-1.10980503118238,676.00000000
37.1567934225435,-1.10980503118238,615.00000000
37.1776265776153,-1.10980503118238,569.00000000
37.3463751336968,-1.10980503118238,398.00000000
37.3484584492039,-1.10980503118238,368.00000000
36.5609651874905,-1.11188838521885,816.00000000
36.5817983425623,-1.11188838521885,675.00000000
36.5880482890838,-1.11188838521885,593.00000000
36.6026314976341,-1.11188838521885,483.00000000
36.6151313906771,-1.11188838521885,520.00000000
36.6588810163279,-1.11188838521885,387.00000000
36.6922140644427,-1.11188838521885,313.00000000
36.7276304280648,-1.11188838521885,295.00000000
36.8047131018304,-1.11188838521885,410.00000000
36.8338795189309,-1.11188838521885,414.00000000
36.8484627274811,-1.11188838521885,452.00000000
36.8609626205242,-1.11188838521885,445.00000000
36.9067955616821,-1.11188838521885,497.00000000
36.9547118183472,-1.11188838521885,620.00000000
36.9630450803759,-1.11188838521885,534.00000000
36.975544973419,-1.11188838521885,490.00000000
37.0234612300841,-1.11188838521885,492.00000000
37.0317944921128,-1.11188838521885,696.00000000
37.0630442247205,-1.11188838521885,692.00000000
37.069294171242,-1.11188838521885,855.00000000
37.0797107487779,-1.11188838521885,710.00000000
37.092210641821,-1.11188838521885,764.00000000
37.0984605883425,-1.11188838521885,810.00000000
37.1088771658784,-1.11188838521885,704.00000000
37.1130437968928,-1.11188838521885,744.00000000
37.1172104279071,-1.11188838521885,768.00000000
37.1651266845722,-1.11188838521885,490.00000000
36.5609651874905,-1.11397173925532,805.00000000
36.5692984495192,-1.11397173925532,706.00000000
36.5755483960407,-1.11397173925532,829.00000000
36.5838816580694,-1.11397173925532,582.00000000
36.590131604591,-1.11397173925532,611.00000000
36.6130480751699,-1.11397173925532,466.00000000
36.6338812302417,-1.11397173925532,476.00000000
36.6588810163279,-1.11397173925532,375.00000000
36.6734642248781,-1.11397173925532,339.00000000
36.6776308558925,-1.11397173925532,311.00000000
36.6901307489355,-1.11397173925532,291.00000000
36.7005473264714,-1.11397173925532,292.00000000
36.7047139574858,-1.11397173925532,286.00000000
36.7109639040073,-1.11397173925532,280.00000000
36.7609634761796,-1.11397173925532,416.00000000
36.7713800537155,-1.11397173925532,369.00000000
36.7755466847299,-1.11397173925532,363.00000000
36.7922132087873,-1.11397173925532,356.00000000
36.7963798398016,-1.11397173925532,354.00000000
36.8630459360314,-1.11397173925532,404.00000000
36.8838790911031,-1.11397173925532,437.00000000
36.9151288237108,-1.11397173925532,444.00000000
36.9192954547252,-1.11397173925532,559.00000000
36.9213787702324,-1.11397173925532,446.00000000
36.9317953477682,-1.11397173925532,472.00000000
36.940128609797,-1.11397173925532,450.00000000
36.9859615509549,-1.11397173925532,576.00000000
36.998461443998,-1.11397173925532,557.00000000
37.0067947060267,-1.11397173925532,474.00000000
37.0192945990697,-1.11397173925532,472.00000000
37.0255445455913,-1.11397173925532,568.00000000
37.0526276471846,-1.11397173925532,845.00000000
37.0630442247205,-1.11397173925532,703.00000000
37.069294171242,-1.11397173925532,761.00000000
37.0984605883425,-1.11397173925532,748.00000000
37.1047105348641,-1.11397173925532,742.00000000
37.1380435829789,-1.11397173925532,698.00000000
37.1422102139933,-1.11397173925532,748.00000000
37.1588767380507,-1.11397173925532,621.00000000
37.1609600535579,-1.11397173925532,644.00000000
37.1672100000794,-1.11397173925532,506.00000000
36.5692984495192,-1.1160550932918,742.00000000
36.5755483960407,-1.1160550932918,847.00000000
36.5859649735766,-1.1160550932918,603.00000000
36.5922149200982,-1.1160550932918,597.00000000
36.6463811232848,-1.1160550932918,524.00000000
36.6526310698063,-1.1160550932918,498.00000000
36.6797141713997,-1.1160550932918,301.00000000
36.6859641179212,-1.1160550932918,294.00000000
36.6922140644427,-1.1160550932918,309.00000000
36.6984640109643,-1.1160550932918,329.00000000
36.719297166036,-1.1160550932918,286.00000000
36.7213804815432,-1.1160550932918,275.00000000
36.7380470056006,-1.1160550932918,298.00000000
36.7484635831365,-1.1160550932918,321.00000000
36.7755466847299,-1.1160550932918,395.00000000
36.7901298932801,-1.1160550932918,357.00000000
36.8026297863232,-1.1160550932918,365.00000000
36.8213796258878,-1.1160550932918,473.00000000
36.835962834438,-1.1160550932918,442.00000000
36.8442960964667,-1.1160550932918,448.00000000
36.858879305017,-1.1160550932918,508.00000000
36.8901290376247,-1.1160550932918,466.00000000
36.9192954547252,-1.1160550932918,561.00000000
36.9297120322611,-1.1160550932918,474.00000000
36.9359619787826,-1.1160550932918,453.00000000
36.940128609797,-1.1160550932918,446.00000000
36.9672117113903,-1.1160550932918,759.00000000
37.0005447595051,-1.1160550932918,551.00000000
37.0151279680554,-1.1160550932918,538.00000000
37.0380444386343,-1.1160550932918,710.00000000
37.0651275402277,-1.1160550932918,759.00000000
37.0776274332707,-1.1160550932918,725.00000000
37.0797107487779,-1.1160550932918,743.00000000
37.0880440108066,-1.1160550932918,743.00000000
37.0984605883425,-1.1160550932918,795.00000000
37.150543476022,-1.1160550932918,752.00000000
36.5755483960407,-1.11813844732827,902.00000000
36.5880482890838,-1.11813844732827,614.00000000
36.590131604591,-1.11813844732827,636.00000000
36.5984648666197,-1.11813844732827,502.00000000
36.6088814441556,-1.11813844732827,465.00000000
36.6130480751699,-1.11813844732827,475.00000000
36.6151313906771,-1.11813844732827,468.00000000
36.6401311767633,-1.11813844732827,430.00000000
36.6692975938638,-1.11813844732827,352.00000000
36.683880802414,-1.11813844732827,295.00000000
36.6880474334284,-1.11813844732827,306.00000000
36.7463802676294,-1.11813844732827,316.00000000
36.777630000237,-1.11813844732827,404.00000000
36.7838799467586,-1.11813844732827,377.00000000
36.7859632622658,-1.11813844732827,391.00000000
36.7922132087873,-1.11813844732827,362.00000000
36.7984631553088,-1.11813844732827,354.00000000
36.8380461499452,-1.11813844732827,438.00000000
36.881795775596,-1.11813844732827,551.00000000
36.8984622996534,-1.11813844732827,468.00000000
36.9005456151606,-1.11813844732827,493.00000000
36.9109621926965,-1.11813844732827,508.00000000
36.9588784493616,-1.11813844732827,707.00000000
36.9734616579118,-1.11813844732827,726.00000000
36.9776282889262,-1.11813844732827,1023.00000000
36.9859615509549,-1.11813844732827,803.00000000
37.0838773797923,-1.11813844732827,716.00000000
37.1130437968928,-1.11813844732827,678.00000000
37.1317936364574,-1.11813844732827,666.00000000
37.1630433690651,-1.11813844732827,611.00000000
36.5567985564761,-1.12022180136475,819.00000000
36.5713817650264,-1.12022180136475,723.00000000
36.5922149200982,-1.12022180136475,653.00000000
36.6005481821269,-1.12022180136475,505.00000000
36.6130480751699,-1.12022180136475,487.00000000
36.6526310698063,-1.12022180136475,427.00000000
36.6547143853135,-1.12022180136475,477.00000000
36.6567977008207,-1.12022180136475,596.00000000
36.6588810163279,-1.12022180136475,372.00000000
36.6734642248781,-1.12022180136475,329.00000000
36.6901307489355,-1.12022180136475,297.00000000
36.7276304280648,-1.12022180136475,333.00000000
36.7922132087873,-1.12022180136475,366.00000000
36.8047131018304,-1.12022180136475,379.00000000
36.8172129948734,-1.12022180136475,444.00000000
36.8463794119739,-1.12022180136475,495.00000000
36.8484627274811,-1.12022180136475,469.00000000
36.8880457221175,-1.12022180136475,564.00000000
36.8922123531319,-1.12022180136475,444.00000000
36.9213787702324,-1.12022180136475,544.00000000
36.9297120322611,-1.12022180136475,438.00000000
36.9463785563185,-1.12022180136475,545.00000000
37.0088780215338,-1.12022180136475,670.00000000
37.010961337041,-1.12022180136475,704.00000000
37.0505443316774,-1.12022180136475,851.00000000
37.1088771658784,-1.12022180136475,714.00000000
37.1317936364574,-1.12022180136475,674.00000000
36.5484652944474,-1.12230515540122,837.00000000
36.5505486099546,-1.12230515540122,914.00000000
36.5734650805336,-1.12230515540122,826.00000000
36.6067981286484,-1.12230515540122,481.00000000
36.6130480751699,-1.12230515540122,484.00000000
36.6213813371987,-1.12230515540122,526.00000000
36.6297145992274,-1.12230515540122,481.00000000
36.6922140644427,-1.12230515540122,338.00000000
36.7047139574858,-1.12230515540122,303.00000000
36.706797272993,-1.12230515540122,297.00000000
36.7338803745863,-1.12230515540122,316.00000000
36.7359636900935,-1.12230515540122,298.00000000
36.7401303211078,-1.12230515540122,291.00000000
36.7505468986437,-1.12230515540122,345.00000000
36.7526302141509,-1.12230515540122,342.00000000
36.7630467916868,-1.12230515540122,338.00000000
36.7984631553088,-1.12230515540122,358.00000000
36.8130463638591,-1.12230515540122,409.00000000
36.8192963103806,-1.12230515540122,480.00000000
36.823462941395,-1.12230515540122,446.00000000
36.8922123531319,-1.12230515540122,443.00000000
36.9047122461749,-1.12230515540122,605.00000000
36.9359619787826,-1.12230515540122,461.00000000
36.9692950268975,-1.12230515540122,785.00000000
37.0234612300841,-1.12230515540122,573.00000000
37.0630442247205,-1.12230515540122,747.00000000
37.0713774867492,-1.12230515540122,658.00000000
37.1130437968928,-1.12230515540122,684.00000000
37.1672100000794,-1.12230515540122,580.00000000
36.5588818719833,-1.1243885094377,841.00000000
36.5630485029977,-1.1243885094377,867.00000000
36.5942982356053,-1.1243885094377,650.00000000
36.6026314976341,-1.1243885094377,490.00000000
36.6067981286484,-1.1243885094377,470.00000000
36.6276312837202,-1.1243885094377,473.00000000
36.6297145992274,-1.1243885094377,476.00000000
36.6422144922704,-1.1243885094377,422.00000000
36.6859641179212,-1.1243885094377,322.00000000
36.7317970590791,-1.1243885094377,327.00000000
36.7401303211078,-1.1243885094377,302.00000000
36.7526302141509,-1.1243885094377,345.00000000
36.7547135296581,-1.1243885094377,345.00000000
36.7630467916868,-1.1243885094377,323.00000000
36.765130107194,-1.1243885094377,327.00000000
36.800546470816,-1.1243885094377,354.00000000
36.8276295724093,-1.1243885094377,451.00000000
36.917212139218,-1.1243885094377,515.00000000
36.9442952408113,-1.1243885094377,462.00000000
36.9692950268975,-1.1243885094377,741.00000000
37.0067947060267,-1.1243885094377,619.00000000
37.0172112835626,-1.1243885094377,669.00000000
37.0213779145769,-1.1243885094377,607.00000000
37.0234612300841,-1.1243885094377,597.00000000
37.03387780762,-1.1243885094377,634.00000000
37.1338769519646,-1.1243885094377,638.00000000
37.1380435829789,-1.1243885094377,660.00000000
37.1401268984861,-1.1243885094377,669.00000000
37.1713766310938,-1.1243885094377,639.00000000
36.567215134012,-1.12647186347417,797.00000000
36.5880482890838,-1.12647186347417,673.00000000
36.6234646527058,-1.12647186347417,571.00000000
36.6380478612561,-1.12647186347417,499.00000000
36.6567977008207,-1.12647186347417,390.00000000
36.6859641179212,-1.12647186347417,289.00000000
36.7442969521222,-1.12647186347417,340.00000000
36.7609634761796,-1.12647186347417,330.00000000
36.7963798398016,-1.12647186347417,351.00000000
36.7984631553088,-1.12647186347417,355.00000000
36.823462941395,-1.12647186347417,423.00000000
36.8484627274811,-1.12647186347417,488.00000000
36.894295668639,-1.12647186347417,472.00000000
36.9422119253041,-1.12647186347417,450.00000000
36.9901281819692,-1.12647186347417,631.00000000
37.0047113905195,-1.12647186347417,657.00000000
37.0172112835626,-1.12647186347417,719.00000000
37.0672108557348,-1.12647186347417,738.00000000
37.069294171242,-1.12647186347417,737.00000000
37.0901273263138,-1.12647186347417,733.00000000
37.1109604813856,-1.12647186347417,671.00000000
37.1401268984861,-1.12647186347417,636.00000000
37.1526267915292,-1.12647186347417,607.00000000
36.5463819789402,-1.12855521751064,818.00000000
36.5859649735766,-1.12855521751064,706.00000000
36.6567977008207,-1.12855521751064,379.00000000
36.7026306419786,-1.12855521751064,335.00000000
36.7047139574858,-1.12855521751064,329.00000000
36.7297137435719,-1.12855521751064,296.00000000
36.7442969521222,-1.12855521751064,336.00000000
36.7880465777729,-1.12855521751064,374.00000000
36.7963798398016,-1.12855521751064,369.00000000
36.800546470816,-1.12855521751064,366.00000000
36.8255462569021,-1.12855521751064,432.00000000
36.9026289306677,-1.12855521751064,457.00000000
36.9088788771893,-1.12855521751064,466.00000000
36.9942948129836,-1.12855521751064,696.00000000
37.0359611231272,-1.12855521751064,737.00000000
37.0442943851559,-1.12855521751064,817.00000000
37.0484610161702,-1.12855521751064,866.00000000
37.0526276471846,-1.12855521751064,869.00000000
37.0588775937061,-1.12855521751064,761.00000000
37.1067938503712,-1.12855521751064,774.00000000
37.1192937434143,-1.12855521751064,648.00000000
37.127627005443,-1.12855521751064,649.00000000
37.1317936364574,-1.12855521751064,592.00000000
37.1526267915292,-1.12855521751064,664.00000000
37.1692933155866,-1.12855521751064,677.00000000
37.1734599466009,-1.12855521751064,716.00000000
36.5713817650264,-1.13063857154712,731.00000000
36.5859649735766,-1.13063857154712,689.00000000
36.6276312837202,-1.13063857154712,601.00000000
36.6463811232848,-1.13063857154712,446.00000000
36.7297137435719,-1.13063857154712,268.00000000
36.742213636615,-1.13063857154712,341.00000000
36.7547135296581,-1.13063857154712,317.00000000
36.7567968451653,-1.13063857154712,314.00000000
36.7672134227011,-1.13063857154712,296.00000000
36.7797133157442,-1.13063857154712,354.00000000
36.800546470816,-1.13063857154712,363.00000000
36.835962834438,-1.13063857154712,459.00000000
36.8380461499452,-1.13063857154712,441.00000000
36.8422127809596,-1.13063857154712,408.00000000
36.9505451873328,-1.13063857154712,692.00000000
36.9859615509549,-1.13063857154712,769.00000000
37.010961337041,-1.13063857154712,816.00000000
37.0505443316774,-1.13063857154712,816.00000000
37.0609609092133,-1.13063857154712,773.00000000
37.069294171242,-1.13063857154712,767.00000000
37.0776274332707,-1.13063857154712,776.00000000
37.0838773797923,-1.13063857154712,709.00000000
37.092210641821,-1.13063857154712,784.00000000
37.0984605883425,-1.13063857154712,775.00000000
37.1088771658784,-1.13063857154712,736.00000000
37.1297103209502,-1.13063857154712,658.00000000
37.150543476022,-1.13063857154712,656.00000000
36.567215134012,-1.13272192558359,778.00000000
36.5922149200982,-1.13272192558359,638.00000000
36.6026314976341,-1.13272192558359,622.00000000
36.6130480751699,-1.13272192558359,489.00000000
36.6276312837202,-1.13272192558359,633.00000000
36.6297145992274,-1.13272192558359,605.00000000
36.6359645457489,-1.13272192558359,524.00000000
36.6713809093709,-1.13272192558359,347.00000000
36.6880474334284,-1.13272192558359,290.00000000
36.7047139574858,-1.13272192558359,296.00000000
36.7276304280648,-1.13272192558359,279.00000000
36.7713800537155,-1.13272192558359,326.00000000
36.8213796258878,-1.13272192558359,420.00000000
36.8338795189309,-1.13272192558359,457.00000000
36.8380461499452,-1.13272192558359,461.00000000
36.8442960964667,-1.13272192558359,422.00000000
36.8672125670457,-1.13272192558359,459.00000000
36.8755458290744,-1.13272192558359,608.00000000
36.9005456151606,-1.13272192558359,421.00000000
36.9255454012467,-1.13272192558359,414.00000000
36.9276287167539,-1.13272192558359,448.00000000
36.975544973419,-1.13272192558359,827.00000000
37.0630442247205,-1.13272192558359,772.00000000
37.0859606952994,-1.13272192558359,727.00000000
37.0963772728353,-1.13272192558359,811.00000000
37.1213770589215,-1.13272192558359,698.00000000
37.127627005443,-1.13272192558359,616.00000000
37.1401268984861,-1.13272192558359,669.00000000
37.1588767380507,-1.13272192558359,633.00000000
37.1755432621081,-1.13272192558359,701.00000000
36.5526319254618,-1.13480527962007,831.00000000
36.5713817650264,-1.13480527962007,784.00000000
36.5797150270551,-1.13480527962007,789.00000000
36.6151313906771,-1.13480527962007,549.00000000
36.6630476473422,-1.13480527962007,365.00000000
36.6776308558925,-1.13480527962007,319.00000000
36.7005473264714,-1.13480527962007,316.00000000
36.7338803745863,-1.13480527962007,337.00000000
36.7442969521222,-1.13480527962007,340.00000000
36.7963798398016,-1.13480527962007,366.00000000
36.8505460429883,-1.13480527962007,458.00000000
36.8567959895098,-1.13480527962007,477.00000000
36.8734625135672,-1.13480527962007,530.00000000
36.8755458290744,-1.13480527962007,550.00000000
36.8797124600888,-1.13480527962007,461.00000000
36.8963789841462,-1.13480527962007,575.00000000
36.9151288237108,-1.13480527962007,420.00000000
36.9338786632754,-1.13480527962007,493.00000000
36.9505451873328,-1.13480527962007,523.00000000
36.9630450803759,-1.13480527962007,686.00000000
37.0151279680554,-1.13480527962007,796.00000000
37.0442943851559,-1.13480527962007,804.00000000
37.0651275402277,-1.13480527962007,814.00000000
37.1088771658784,-1.13480527962007,768.00000000
37.1109604813856,-1.13480527962007,722.00000000
37.1255436899358,-1.13480527962007,655.00000000
37.1422102139933,-1.13480527962007,700.00000000
37.1463768450076,-1.13480527962007,711.00000000
37.1484601605148,-1.13480527962007,675.00000000
37.150543476022,-1.13480527962007,662.00000000
37.1547101070363,-1.13480527962007,666.00000000
37.1630433690651,-1.13480527962007,736.00000000
37.1838765241368,-1.13480527962007,758.00000000
36.5442986634331,-1.13688863365654,855.00000000
36.5588818719833,-1.13688863365654,850.00000000
36.5609651874905,-1.13688863365654,909.00000000
36.5713817650264,-1.13688863365654,776.00000000
36.6192980216915,-1.13688863365654,545.00000000
36.6422144922704,-1.13688863365654,446.00000000
36.6630476473422,-1.13688863365654,364.00000000
36.6734642248781,-1.13688863365654,348.00000000
36.6755475403853,-1.13688863365654,340.00000000
36.683880802414,-1.13688863365654,288.00000000
36.7047139574858,-1.13688863365654,318.00000000
36.7088805885002,-1.13688863365654,338.00000000
36.7255471125576,-1.13688863365654,330.00000000
36.7338803745863,-1.13688863365654,371.00000000
36.7401303211078,-1.13688863365654,306.00000000
36.7526302141509,-1.13688863365654,310.00000000
36.765130107194,-1.13688863365654,343.00000000
36.7838799467586,-1.13688863365654,347.00000000
36.8151296793663,-1.13688863365654,409.00000000
36.8255462569021,-1.13688863365654,452.00000000
36.8317962034237,-1.13688863365654,446.00000000
36.8463794119739,-1.13688863365654,430.00000000
36.8547126740026,-1.13688863365654,476.00000000
36.858879305017,-1.13688863365654,492.00000000
36.8859624066103,-1.13688863365654,538.00000000
36.8880457221175,-1.13688863365654,552.00000000
36.8963789841462,-1.13688863365654,443.00000000
36.9047122461749,-1.13688863365654,542.00000000
36.9109621926965,-1.13688863365654,425.00000000
36.9255454012467,-1.13688863365654,496.00000000
36.9422119253041,-1.13688863365654,500.00000000
36.9672117113903,-1.13688863365654,735.00000000
36.9713783424046,-1.13688863365654,769.00000000
37.0192945990697,-1.13688863365654,753.00000000
37.0484610161702,-1.13688863365654,850.00000000
37.056794278199,-1.13688863365654,848.00000000
37.0588775937061,-1.13688863365654,808.00000000
37.0776274332707,-1.13688863365654,789.00000000
37.0838773797923,-1.13688863365654,734.00000000
37.0880440108066,-1.13688863365654,717.00000000
37.1172104279071,-1.13688863365654,657.00000000
37.1401268984861,-1.13688863365654,669.00000000
37.150543476022,-1.13688863365654,686.00000000
37.1817932086297,-1.13688863365654,715.00000000
37.1838765241368,-1.13688863365654,726.00000000
37.185959839644,-1.13688863365654,735.00000000
36.5484652944474,-1.13897198769301,800.00000000
36.5797150270551,-1.13897198769301,694.00000000
36.5880482890838,-1.13897198769301,677.00000000
36.6442978077776,-1.13897198769301,424.00000000
36.660964331835,-1.13897198769301,385.00000000
36.6859641179212,-1.13897198769301,283.00000000
36.7088805885002,-1.13897198769301,374.00000000
36.8192963103806,-1.13897198769301,404.00000000
36.8297128879165,-1.13897198769301,445.00000000
36.8317962034237,-1.13897198769301,435.00000000
36.8422127809596,-1.13897198769301,459.00000000
36.8505460429883,-1.13897198769301,481.00000000
36.8630459360314,-1.13897198769301,479.00000000
36.8651292515385,-1.13897198769301,577.00000000
36.8776291445816,-1.13897198769301,421.00000000
36.8880457221175,-1.13897198769301,575.00000000
36.9088788771893,-1.13897198769301,521.00000000
36.9880448664621,-1.13897198769301,758.00000000
37.0026280750123,-1.13897198769301,707.00000000
37.0359611231272,-1.13897198769301,768.00000000
37.069294171242,-1.13897198769301,831.00000000
37.0817940642851,-1.13897198769301,791.00000000
37.092210641821,-1.13897198769301,741.00000000
37.1005439038497,-1.13897198769301,691.00000000
37.1067938503712,-1.13897198769301,749.00000000
37.1172104279071,-1.13897198769301,704.00000000
37.1776265776153,-1.13897198769301,805.00000000
36.5401320324187,-1.14105534172949,806.00000000
36.5422153479259,-1.14105534172949,806.00000000
36.5713817650264,-1.14105534172949,767.00000000
36.5755483960407,-1.14105534172949,731.00000000
36.5963815511125,-1.14105534172949,604.00000000
36.6005481821269,-1.14105534172949,628.00000000
36.6088814441556,-1.14105534172949,498.00000000
36.6109647596628,-1.14105534172949,509.00000000
36.625547968213,-1.14105534172949,491.00000000
36.6401311767633,-1.14105534172949,417.00000000
36.6463811232848,-1.14105534172949,421.00000000
36.7047139574858,-1.14105534172949,326.00000000
36.742213636615,-1.14105534172949,331.00000000
36.7588801606724,-1.14105534172949,312.00000000
36.7609634761796,-1.14105534172949,312.00000000
36.8109630483519,-1.14105534172949,421.00000000
36.8213796258878,-1.14105534172949,382.00000000
36.8484627274811,-1.14105534172949,458.00000000
36.8505460429883,-1.14105534172949,483.00000000
36.8838790911031,-1.14105534172949,465.00000000
36.9026289306677,-1.14105534172949,527.00000000
36.9547118183472,-1.14105534172949,654.00000000
36.9692950268975,-1.14105534172949,776.00000000
36.975544973419,-1.14105534172949,671.00000000
36.9922114974764,-1.14105534172949,752.00000000
37.0047113905195,-1.14105534172949,747.00000000
37.0380444386343,-1.14105534172949,809.00000000
37.0526276471846,-1.14105534172949,823.00000000
37.0672108557348,-1.14105534172949,895.00000000
37.0838773797923,-1.14105534172949,749.00000000
37.1192937434143,-1.14105534172949,700.00000000
37.1338769519646,-1.14105534172949,747.00000000
37.1630433690651,-1.14105534172949,650.00000000
36.5859649735766,-1.14313869576596,638.00000000
36.5942982356053,-1.14313869576596,610.00000000
36.6047148131412,-1.14313869576596,476.00000000
36.660964331835,-1.14313869576596,428.00000000
36.6630476473422,-1.14313869576596,425.00000000
36.6672142783566,-1.14313869576596,421.00000000
36.6963806954571,-1.14313869576596,340.00000000
36.7130472195145,-1.14313869576596,321.00000000
36.7172138505289,-1.14313869576596,325.00000000
36.742213636615,-1.14313869576596,364.00000000
36.7609634761796,-1.14313869576596,365.00000000
36.765130107194,-1.14313869576596,388.00000000
36.8026297863232,-1.14313869576596,382.00000000
36.8047131018304,-1.14313869576596,397.00000000
36.8505460429883,-1.14313869576596,501.00000000
36.9651283958831,-1.14313869576596,735.00000000
37.0088780215338,-1.14313869576596,830.00000000
37.0255445455913,-1.14313869576596,834.00000000
37.0422110696487,-1.14313869576596,813.00000000
37.0526276471846,-1.14313869576596,840.00000000
37.056794278199,-1.14313869576596,849.00000000
37.0609609092133,-1.14313869576596,961.00000000
37.0755441177636,-1.14313869576596,829.00000000
37.0817940642851,-1.14313869576596,810.00000000
37.0859606952994,-1.14313869576596,777.00000000
37.1151271123999,-1.14313869576596,690.00000000
37.1234603744287,-1.14313869576596,706.00000000
37.1567934225435,-1.14313869576596,665.00000000
36.5442986634331,-1.14522204980244,810.00000000
36.567215134012,-1.14522204980244,814.00000000
36.5692984495192,-1.14522204980244,770.00000000
36.5713817650264,-1.14522204980244,718.00000000
36.6026314976341,-1.14522204980244,495.00000000
36.6442978077776,-1.14522204980244,427.00000000
36.6547143853135,-1.14522204980244,376.00000000
36.6630476473422,-1.14522204980244,455.00000000
36.6817974869068,-1.14522204980244,332.00000000
36.6922140644427,-1.14522204980244,320.00000000
36.6942973799499,-1.14522204980244,316.00000000
36.7088805885002,-1.14522204980244,312.00000000
36.7151305350217,-1.14522204980244,338.00000000
36.7567968451653,-1.14522204980244,397.00000000
36.7672134227011,-1.14522204980244,402.00000000
36.7692967382083,-1.14522204980244,396.00000000
36.7859632622658,-1.14522204980244,400.00000000
36.7880465777729,-1.14522204980244,400.00000000
36.7963798398016,-1.14522204980244,436.00000000
36.8026297863232,-1.14522204980244,383.00000000
36.8297128879165,-1.14522204980244,443.00000000
36.8547126740026,-1.14522204980244,516.00000000
36.8630459360314,-1.14522204980244,528.00000000
36.8838790911031,-1.14522204980244,464.00000000
36.9088788771893,-1.14522204980244,805.00000000
36.9734616579118,-1.14522204980244,685.00000000
36.9797116044333,-1.14522204980244,739.00000000
36.9859615509549,-1.14522204980244,748.00000000
37.0192945990697,-1.14522204980244,865.00000000
37.056794278199,-1.14522204980244,925.00000000
37.0984605883425,-1.14522204980244,802.00000000
37.1088771658784,-1.14522204980244,804.00000000
37.127627005443,-1.14522204980244,705.00000000
37.1338769519646,-1.14522204980244,684.00000000
37.1442935295004,-1.14522204980244,702.00000000
36.5401320324187,-1.14730540383891,786.00000000
36.5422153479259,-1.14730540383891,793.00000000
36.5484652944474,-1.14730540383891,828.00000000
36.5505486099546,-1.14730540383891,809.00000000
36.5526319254618,-1.14730540383891,789.00000000
36.5547152409689,-1.14730540383891,803.00000000
36.5588818719833,-1.14730540383891,819.00000000
36.5630485029977,-1.14730540383891,756.00000000
36.567215134012,-1.14730540383891,793.00000000
36.590131604591,-1.14730540383891,661.00000000
36.6213813371987,-1.14730540383891,495.00000000
36.6297145992274,-1.14730540383891,510.00000000
36.648464438792,-1.14730540383891,393.00000000
36.6713809093709,-1.14730540383891,411.00000000
36.6734642248781,-1.14730540383891,401.00000000
36.6901307489355,-1.14730540383891,345.00000000
36.7026306419786,-1.14730540383891,360.00000000
36.7213804815432,-1.14730540383891,334.00000000
36.7713800537155,-1.14730540383891,354.00000000
36.777630000237,-1.14730540383891,371.00000000
36.7838799467586,-1.14730540383891,419.00000000
36.7880465777729,-1.14730540383891,423.00000000
36.7901298932801,-1.14730540383891,459.00000000
36.800546470816,-1.14730540383891,393.00000000
36.8026297863232,-1.14730540383891,381.00000000
36.8192963103806,-1.14730540383891,407.00000000
36.8338795189309,-1.14730540383891,447.00000000
36.8463794119739,-1.14730540383891,509.00000000
36.894295668639,-1.14730540383891,448.00000000
36.9088788771893,-1.14730540383891,846.00000000
36.9151288237108,-1.14730540383891,651.00000000
36.9505451873328,-1.14730540383891,726.00000000
36.9547118183472,-1.14730540383891,692.00000000
36.9692950268975,-1.14730540383891,740.00000000
36.9713783424046,-1.14730540383891,744.00000000
37.0463777006631,-1.14730540383891,754.00000000
37.069294171242,-1.14730540383891,861.00000000
37.1109604813856,-1.14730540383891,723.00000000
37.1463768450076,-1.14730540383891,639.00000000
37.1526267915292,-1.14730540383891,653.00000000
37.1817932086297,-1.14730540383891,673.00000000
36.5380487169115,-1.14938875787539,847.00000000
36.5401320324187,-1.14938875787539,789.00000000
36.567215134012,-1.14938875787539,765.00000000
36.5713817650264,-1.14938875787539,780.00000000
36.6026314976341,-1.14938875787539,493.00000000
36.6151313906771,-1.14938875787539,479.00000000
36.6172147061843,-1.14938875787539,479.00000000
36.6297145992274,-1.14938875787539,568.00000000
36.6442978077776,-1.14938875787539,408.00000000
36.6567977008207,-1.14938875787539,409.00000000
36.6713809093709,-1.14938875787539,425.00000000
36.742213636615,-1.14938875787539,379.00000000
36.7463802676294,-1.14938875787539,398.00000000
36.7505468986437,-1.14938875787539,370.00000000
36.7692967382083,-1.14938875787539,403.00000000
36.7859632622658,-1.14938875787539,441.00000000
36.8672125670457,-1.14938875787539,486.00000000
36.8713791980601,-1.14938875787539,420.00000000
36.8984622996534,-1.14938875787539,529.00000000
36.9109621926965,-1.14938875787539,866.00000000
36.9192954547252,-1.14938875787539,790.00000000
36.9463785563185,-1.14938875787539,810.00000000
36.9505451873328,-1.14938875787539,800.00000000
37.0151279680554,-1.14938875787539,908.00000000
37.0942939573282,-1.14938875787539,829.00000000
37.1026272193569,-1.14938875787539,821.00000000
37.1317936364574,-1.14938875787539,694.00000000
37.1359602674717,-1.14938875787539,689.00000000
37.1422102139933,-1.14938875787539,688.00000000
37.1776265776153,-1.14938875787539,637.00000000
36.5838816580694,-1.15147211191186,670.00000000
36.6234646527058,-1.15147211191186,482.00000000
36.6401311767633,-1.15147211191186,411.00000000
36.6526310698063,-1.15147211191186,416.00000000
36.6588810163279,-1.15147211191186,424.00000000
36.6776308558925,-1.15147211191186,358.00000000
36.6942973799499,-1.15147211191186,373.00000000
36.7297137435719,-1.15147211191186,332.00000000
36.7317970590791,-1.15147211191186,339.00000000
36.7484635831365,-1.15147211191186,371.00000000
36.7630467916868,-1.15147211191186,343.00000000
36.765130107194,-1.15147211191186,356.00000000
36.800546470816,-1.15147211191186,396.00000000
36.8109630483519,-1.15147211191186,417.00000000
36.917212139218,-1.15147211191186,767.00000000
36.9276287167539,-1.15147211191186,665.00000000
36.9484618718257,-1.15147211191186,824.00000000
36.9672117113903,-1.15147211191186,781.00000000
37.0255445455913,-1.15147211191186,827.00000000
37.0526276471846,-1.15147211191186,882.00000000
37.056794278199,-1.15147211191186,804.00000000
37.0588775937061,-1.15147211191186,826.00000000
37.092210641821,-1.15147211191186,798.00000000
37.127627005443,-1.15147211191186,718.00000000
37.1380435829789,-1.15147211191186,709.00000000
37.1651266845722,-1.15147211191186,688.00000000
36.5692984495192,-1.15355546594833,865.00000000
36.6088814441556,-1.15355546594833,472.00000000
36.6130480751699,-1.15355546594833,516.00000000
36.6192980216915,-1.15355546594833,549.00000000
36.6442978077776,-1.15355546594833,423.00000000
36.648464438792,-1.15355546594833,422.00000000
36.660964331835,-1.15355546594833,419.00000000
36.6713809093709,-1.15355546594833,430.00000000
36.7234637970504,-1.15355546594833,359.00000000
36.7297137435719,-1.15355546594833,341.00000000
36.7401303211078,-1.15355546594833,384.00000000
36.7797133157442,-1.15355546594833,413.00000000
36.7817966312514,-1.15355546594833,461.00000000
36.823462941395,-1.15355546594833,502.00000000
36.8276295724093,-1.15355546594833,482.00000000
36.8797124600888,-1.15355546594833,437.00000000
36.9547118183472,-1.15355546594833,864.00000000
36.9692950268975,-1.15355546594833,784.00000000
36.9817949199405,-1.15355546594833,822.00000000
37.0297111766056,-1.15355546594833,765.00000000
37.0442943851559,-1.15355546594833,708.00000000
37.0547109626918,-1.15355546594833,834.00000000
37.0776274332707,-1.15355546594833,810.00000000
37.0859606952994,-1.15355546594833,714.00000000
37.1484601605148,-1.15355546594833,687.00000000
37.150543476022,-1.15355546594833,657.00000000
37.1797098931225,-1.15355546594833,696.00000000
36.5401320324187,-1.15563881998481,885.00000000
36.5422153479259,-1.15563881998481,798.00000000
36.5463819789402,-1.15563881998481,780.00000000
36.5567985564761,-1.15563881998481,769.00000000
36.567215134012,-1.15563881998481,780.00000000
36.5838816580694,-1.15563881998481,602.00000000
36.5963815511125,-1.15563881998481,554.00000000
36.625547968213,-1.15563881998481,502.00000000
36.6567977008207,-1.15563881998481,412.00000000
36.6651309628494,-1.15563881998481,431.00000000
36.683880802414,-1.15563881998481,360.00000000
36.6859641179212,-1.15563881998481,375.00000000
36.7026306419786,-1.15563881998481,344.00000000
36.7630467916868,-1.15563881998481,415.00000000
36.7713800537155,-1.15563881998481,332.00000000
36.7817966312514,-1.15563881998481,489.00000000
36.7922132087873,-1.15563881998481,435.00000000
36.8130463638591,-1.15563881998481,467.00000000
36.823462941395,-1.15563881998481,504.00000000
36.8547126740026,-1.15563881998481,498.00000000
36.8567959895098,-1.15563881998481,517.00000000
36.8692958825529,-1.15563881998481,441.00000000
36.9005456151606,-1.15563881998481,442.00000000
36.9026289306677,-1.15563881998481,441.00000000
36.9276287167539,-1.15563881998481,711.00000000
36.95262850284,-1.15563881998481,839.00000000
36.9672117113903,-1.15563881998481,815.00000000
36.9797116044333,-1.15563881998481,848.00000000
36.9901281819692,-1.15563881998481,813.00000000
37.0172112835626,-1.15563881998481,858.00000000
37.0297111766056,-1.15563881998481,792.00000000
37.0317944921128,-1.15563881998481,769.00000000
37.0380444386343,-1.15563881998481,700.00000000
37.0505443316774,-1.15563881998481,789.00000000
37.0734608022564,-1.15563881998481,720.00000000
37.0755441177636,-1.15563881998481,790.00000000
37.0817940642851,-1.15563881998481,722.00000000
37.0984605883425,-1.15563881998481,762.00000000
37.1026272193569,-1.15563881998481,800.00000000
37.1067938503712,-1.15563881998481,775.00000000
37.1359602674717,-1.15563881998481,723.00000000
37.1630433690651,-1.15563881998481,723.00000000
37.1776265776153,-1.15563881998481,661.00000000
36.5567985564761,-1.15772217402128,801.00000000
36.5630485029977,-1.15772217402128,714.00000000
36.6026314976341,-1.15772217402128,492.00000000
36.6276312837202,-1.15772217402128,530.00000000
36.6297145992274,-1.15772217402128,572.00000000
36.6401311767633,-1.15772217402128,462.00000000
36.648464438792,-1.15772217402128,447.00000000
36.660964331835,-1.15772217402128,431.00000000
36.6776308558925,-1.15772217402128,407.00000000
36.6797141713997,-1.15772217402128,387.00000000
36.6817974869068,-1.15772217402128,373.00000000
36.7005473264714,-1.15772217402128,342.00000000
36.7047139574858,-1.15772217402128,357.00000000
36.706797272993,-1.15772217402128,360.00000000
36.7276304280648,-1.15772217402128,350.00000000
36.742213636615,-1.15772217402128,384.00000000
36.7567968451653,-1.15772217402128,409.00000000
36.8213796258878,-1.15772217402128,527.00000000
36.8734625135672,-1.15772217402128,414.00000000
36.8901290376247,-1.15772217402128,460.00000000
36.9047122461749,-1.15772217402128,428.00000000
36.9213787702324,-1.15772217402128,663.00000000
36.9547118183472,-1.15772217402128,853.00000000
37.0442943851559,-1.15772217402128,759.00000000
37.0463777006631,-1.15772217402128,791.00000000
37.1026272193569,-1.15772217402128,800.00000000
37.1297103209502,-1.15772217402128,744.00000000
37.1526267915292,-1.15772217402128,687.00000000
37.1567934225435,-1.15772217402128,704.00000000
37.1713766310938,-1.15772217402128,713.00000000
36.5463819789402,-1.15980552805776,789.00000000
36.5505486099546,-1.15980552805776,772.00000000
36.5588818719833,-1.15980552805776,763.00000000
36.5755483960407,-1.15980552805776,712.00000000
36.6172147061843,-1.15980552805776,475.00000000
36.6359645457489,-1.15980552805776,464.00000000
36.6422144922704,-1.15980552805776,467.00000000
36.6547143853135,-1.15980552805776,452.00000000
36.6588810163279,-1.15980552805776,428.00000000
36.6630476473422,-1.15980552805776,465.00000000
36.6734642248781,-1.15980552805776,405.00000000
36.6880474334284,-1.15980552805776,386.00000000
36.7026306419786,-1.15980552805776,348.00000000
36.7047139574858,-1.15980552805776,357.00000000
36.7172138505289,-1.15980552805776,338.00000000
36.7213804815432,-1.15980552805776,333.00000000
36.7234637970504,-1.15980552805776,335.00000000
36.7359636900935,-1.15980552805776,383.00000000
36.7526302141509,-1.15980552805776,405.00000000
36.7838799467586,-1.15980552805776,417.00000000
36.7880465777729,-1.15980552805776,418.00000000
36.8463794119739,-1.15980552805776,472.00000000
36.8692958825529,-1.15980552805776,416.00000000
36.917212139218,-1.15980552805776,599.00000000
36.9692950268975,-1.15980552805776,902.00000000
36.9797116044333,-1.15980552805776,763.00000000
37.0005447595051,-1.15980552805776,929.00000000
37.0130446525482,-1.15980552805776,886.00000000
37.0192945990697,-1.15980552805776,853.00000000
37.0255445455913,-1.15980552805776,846.00000000
37.0463777006631,-1.15980552805776,815.00000000
37.0755441177636,-1.15980552805776,767.00000000
37.092210641821,-1.15980552805776,785.00000000
37.0942939573282,-1.15980552805776,786.00000000
37.1192937434143,-1.15980552805776,738.00000000
37.1297103209502,-1.15980552805776,776.00000000
37.1401268984861,-1.15980552805776,721.00000000
37.1776265776153,-1.15980552805776,680.00000000
36.5609651874905,-1.16188888209423,771.00000000
36.6130480751699,-1.16188888209423,476.00000000
36.6692975938638,-1.16188888209423,421.00000000
36.6797141713997,-1.16188888209423,430.00000000
36.7026306419786,-1.16188888209423,355.00000000
36.7047139574858,-1.16188888209423,351.00000000
36.7859632622658,-1.16188888209423,426.00000000
36.7880465777729,-1.16188888209423,427.00000000
36.8026297863232,-1.16188888209423,480.00000000
36.8172129948734,-1.16188888209423,526.00000000
36.8442960964667,-1.16188888209423,483.00000000
36.9047122461749,-1.16188888209423,459.00000000
36.9130455082036,-1.16188888209423,543.00000000
36.9463785563185,-1.16188888209423,773.00000000
36.9547118183472,-1.16188888209423,831.00000000
36.9797116044333,-1.16188888209423,794.00000000
36.9942948129836,-1.16188888209423,775.00000000
37.010961337041,-1.16188888209423,879.00000000
37.0276278610985,-1.16188888209423,812.00000000
37.0672108557348,-1.16188888209423,674.00000000
37.0776274332707,-1.16188888209423,721.00000000
37.1047105348641,-1.16188888209423,895.00000000
37.1317936364574,-1.16188888209423,751.00000000
36.5505486099546,-1.1639722361307,794.00000000
36.5526319254618,-1.1639722361307,820.00000000
36.567215134012,-1.1639722361307,772.00000000
36.5755483960407,-1.1639722361307,688.00000000
36.5984648666197,-1.1639722361307,470.00000000
36.6213813371987,-1.1639722361307,463.00000000
36.6734642248781,-1.1639722361307,406.00000000
36.6901307489355,-1.1639722361307,386.00000000
36.7297137435719,-1.1639722361307,377.00000000
36.7317970590791,-1.1639722361307,393.00000000
36.7734633692227,-1.1639722361307,430.00000000
36.7901298932801,-1.1639722361307,398.00000000
36.7922132087873,-1.1639722361307,374.00000000
36.7984631553088,-1.1639722361307,435.00000000
36.823462941395,-1.1639722361307,562.00000000
36.8297128879165,-1.1639722361307,562.00000000
36.8401294654524,-1.1639722361307,549.00000000
36.8505460429883,-1.1639722361307,555.00000000
36.8651292515385,-1.1639722361307,465.00000000
36.9026289306677,-1.1639722361307,461.00000000
36.9192954547252,-1.1639722361307,654.00000000
36.9234620857395,-1.1639722361307,652.00000000
36.9463785563185,-1.1639722361307,775.00000000
36.95262850284,-1.1639722361307,753.00000000
36.998461443998,-1.1639722361307,774.00000000
37.0151279680554,-1.1639722361307,893.00000000
37.0588775937061,-1.1639722361307,684.00000000
37.0672108557348,-1.1639722361307,677.00000000
37.1151271123999,-1.1639722361307,794.00000000
37.1338769519646,-1.1639722361307,716.00000000
37.150543476022,-1.1639722361307,707.00000000
37.1692933155866,-1.1639722361307,702.00000000
37.1713766310938,-1.1639722361307,711.00000000
36.5338820858972,-1.16605559016718,827.00000000
36.5651318185048,-1.16605559016718,814.00000000
36.5797150270551,-1.16605559016718,627.00000000
36.5963815511125,-1.16605559016718,479.00000000
36.6067981286484,-1.16605559016718,484.00000000
36.6192980216915,-1.16605559016718,479.00000000
36.6505477542992,-1.16605559016718,468.00000000
36.6672142783566,-1.16605559016718,449.00000000
36.6963806954571,-1.16605559016718,364.00000000
36.7109639040073,-1.16605559016718,349.00000000
36.7255471125576,-1.16605559016718,346.00000000
36.7442969521222,-1.16605559016718,408.00000000
36.7526302141509,-1.16605559016718,412.00000000
36.7609634761796,-1.16605559016718,502.00000000
36.7963798398016,-1.16605559016718,410.00000000
36.8026297863232,-1.16605559016718,504.00000000
36.8172129948734,-1.16605559016718,556.00000000
36.8213796258878,-1.16605559016718,560.00000000
36.823462941395,-1.16605559016718,579.00000000
36.8442960964667,-1.16605559016718,536.00000000
36.8901290376247,-1.16605559016718,566.00000000
36.917212139218,-1.16605559016718,692.00000000
36.95262850284,-1.16605559016718,739.00000000
36.9588784493616,-1.16605559016718,834.00000000
37.0630442247205,-1.16605559016718,755.00000000
37.0880440108066,-1.16605559016718,717.00000000
37.1005439038497,-1.16605559016718,827.00000000
37.1234603744287,-1.16605559016718,807.00000000
37.1567934225435,-1.16605559016718,710.00000000
37.1672100000794,-1.16605559016718,690.00000000
37.1713766310938,-1.16605559016718,718.00000000
36.5359654014043,-1.16813894420365,859.00000000
36.5526319254618,-1.16813894420365,818.00000000
36.5651318185048,-1.16813894420365,808.00000000
36.5817983425623,-1.16813894420365,690.00000000
36.5984648666197,-1.16813894420365,504.00000000
36.660964331835,-1.16813894420365,447.00000000
36.6755475403853,-1.16813894420365,422.00000000
36.6901307489355,-1.16813894420365,402.00000000
36.6984640109643,-1.16813894420365,347.00000000
36.7317970590791,-1.16813894420365,399.00000000
36.7442969521222,-1.16813894420365,402.00000000
36.7609634761796,-1.16813894420365,458.00000000
36.765130107194,-1.16813894420365,475.00000000
36.7734633692227,-1.16813894420365,462.00000000
36.7755466847299,-1.16813894420365,440.00000000
36.7880465777729,-1.16813894420365,434.00000000
36.8484627274811,-1.16813894420365,532.00000000
36.8567959895098,-1.16813894420365,625.00000000
36.8713791980601,-1.16813894420365,550.00000000
36.9151288237108,-1.16813894420365,729.00000000
36.9192954547252,-1.16813894420365,852.00000000
36.9276287167539,-1.16813894420365,852.00000000
36.9422119253041,-1.16813894420365,754.00000000
36.9838782354477,-1.16813894420365,720.00000000
36.9901281819692,-1.16813894420365,793.00000000
37.0192945990697,-1.16813894420365,847.00000000
37.0234612300841,-1.16813894420365,852.00000000
37.0505443316774,-1.16813894420365,716.00000000
37.0734608022564,-1.16813894420365,712.00000000
37.1172104279071,-1.16813894420365,822.00000000
37.1442935295004,-1.16813894420365,753.00000000
37.150543476022,-1.16813894420365,732.00000000
37.1588767380507,-1.16813894420365,712.00000000
37.1651266845722,-1.16813894420365,683.00000000
36.5588818719833,-1.17022229824013,771.00000000
36.5880482890838,-1.17022229824013,599.00000000
36.6026314976341,-1.17022229824013,543.00000000
36.6192980216915,-1.17022229824013,501.00000000
36.6213813371987,-1.17022229824013,497.00000000
36.6526310698063,-1.17022229824013,485.00000000
36.6963806954571,-1.17022229824013,360.00000000
36.7255471125576,-1.17022229824013,349.00000000
36.7276304280648,-1.17022229824013,378.00000000
36.7338803745863,-1.17022229824013,437.00000000
36.7442969521222,-1.17022229824013,437.00000000
36.7567968451653,-1.17022229824013,442.00000000
36.7713800537155,-1.17022229824013,495.00000000
36.7817966312514,-1.17022229824013,420.00000000
36.7838799467586,-1.17022229824013,420.00000000
36.7963798398016,-1.17022229824013,397.00000000
36.8026297863232,-1.17022229824013,504.00000000
36.8067964173375,-1.17022229824013,533.00000000
36.8130463638591,-1.17022229824013,544.00000000
36.8151296793663,-1.17022229824013,543.00000000
36.8213796258878,-1.17022229824013,556.00000000
36.8380461499452,-1.17022229824013,505.00000000
36.8630459360314,-1.17022229824013,483.00000000
36.8692958825529,-1.17022229824013,446.00000000
36.8984622996534,-1.17022229824013,672.00000000
36.9088788771893,-1.17022229824013,705.00000000
36.975544973419,-1.17022229824013,795.00000000
36.9859615509549,-1.17022229824013,766.00000000
36.9880448664621,-1.17022229824013,792.00000000
36.998461443998,-1.17022229824013,868.00000000
37.0026280750123,-1.17022229824013,770.00000000
37.0151279680554,-1.17022229824013,853.00000000
37.0192945990697,-1.17022229824013,848.00000000
37.0359611231272,-1.17022229824013,792.00000000
37.0547109626918,-1.17022229824013,752.00000000
37.0672108557348,-1.17022229824013,736.00000000
37.127627005443,-1.17022229824013,830.00000000
37.1734599466009,-1.17022229824013,733.00000000
36.5380487169115,-1.1723056522766,919.00000000
36.5463819789402,-1.1723056522766,856.00000000
36.5484652944474,-1.1723056522766,827.00000000
36.5505486099546,-1.1723056522766,775.00000000
36.5713817650264,-1.1723056522766,695.00000000
36.5859649735766,-1.1723056522766,626.00000000
36.5963815511125,-1.1723056522766,517.00000000
36.6317979147345,-1.1723056522766,497.00000000
36.6442978077776,-1.1723056522766,471.00000000
36.648464438792,-1.1723056522766,454.00000000
36.6755475403853,-1.1723056522766,431.00000000
36.683880802414,-1.1723056522766,431.00000000
36.7380470056006,-1.1723056522766,403.00000000
36.7797133157442,-1.1723056522766,463.00000000
36.8130463638591,-1.1723056522766,563.00000000
36.8151296793663,-1.1723056522766,570.00000000
36.8172129948734,-1.1723056522766,563.00000000
36.8192963103806,-1.1723056522766,572.00000000
36.8442960964667,-1.1723056522766,499.00000000
36.8484627274811,-1.1723056522766,451.00000000
36.8630459360314,-1.1723056522766,478.00000000
36.8838790911031,-1.1723056522766,452.00000000
36.8901290376247,-1.1723056522766,496.00000000
36.9151288237108,-1.1723056522766,811.00000000
36.9317953477682,-1.1723056522766,843.00000000
36.95262850284,-1.1723056522766,701.00000000
36.9547118183472,-1.1723056522766,721.00000000
37.0067947060267,-1.1723056522766,805.00000000
37.0317944921128,-1.1723056522766,774.00000000
37.0463777006631,-1.1723056522766,783.00000000
37.1192937434143,-1.1723056522766,852.00000000
36.5338820858972,-1.17438900631308,862.00000000
36.5359654014043,-1.17438900631308,904.00000000
36.567215134012,-1.17438900631308,729.00000000
36.5734650805336,-1.17438900631308,698.00000000
36.6234646527058,-1.17438900631308,522.00000000
36.6567977008207,-1.17438900631308,459.00000000
36.660964331835,-1.17438900631308,496.00000000
36.6776308558925,-1.17438900631308,446.00000000
36.7380470056006,-1.17438900631308,416.00000000
36.7547135296581,-1.17438900631308,470.00000000
36.7672134227011,-1.17438900631308,491.00000000
36.7755466847299,-1.17438900631308,473.00000000
36.7817966312514,-1.17438900631308,468.00000000
36.7922132087873,-1.17438900631308,419.00000000
36.823462941395,-1.17438900631308,566.00000000
36.8630459360314,-1.17438900631308,506.00000000
36.8797124600888,-1.17438900631308,459.00000000
36.9609617648687,-1.17438900631308,740.00000000
36.9859615509549,-1.17438900631308,785.00000000
37.03387780762,-1.17438900631308,737.00000000
37.0630442247205,-1.17438900631308,750.00000000
37.1088771658784,-1.17438900631308,814.00000000
37.1151271123999,-1.17438900631308,828.00000000
37.1255436899358,-1.17438900631308,865.00000000
37.1630433690651,-1.17438900631308,703.00000000
37.1713766310938,-1.17438900631308,755.00000000
36.5609651874905,-1.17647236034955,913.00000000
36.5776317115479,-1.17647236034955,686.00000000
36.5859649735766,-1.17647236034955,613.00000000
36.6192980216915,-1.17647236034955,500.00000000
36.6213813371987,-1.17647236034955,516.00000000
36.6442978077776,-1.17647236034955,498.00000000
36.6651309628494,-1.17647236034955,471.00000000
36.6692975938638,-1.17647236034955,455.00000000
36.6734642248781,-1.17647236034955,444.00000000
36.6859641179212,-1.17647236034955,427.00000000
36.7130472195145,-1.17647236034955,390.00000000
36.7588801606724,-1.17647236034955,474.00000000
36.7963798398016,-1.17647236034955,413.00000000
36.835962834438,-1.17647236034955,509.00000000
36.8380461499452,-1.17647236034955,506.00000000
36.8859624066103,-1.17647236034955,613.00000000
36.9213787702324,-1.17647236034955,822.00000000
36.9567951338544,-1.17647236034955,702.00000000
36.9817949199405,-1.17647236034955,810.00000000
37.0047113905195,-1.17647236034955,786.00000000
37.0213779145769,-1.17647236034955,714.00000000
37.0401277541415,-1.17647236034955,766.00000000
37.0484610161702,-1.17647236034955,759.00000000
37.0942939573282,-1.17647236034955,735.00000000
37.1067938503712,-1.17647236034955,809.00000000
37.1338769519646,-1.17647236034955,793.00000000
37.1380435829789,-1.17647236034955,753.00000000
37.1422102139933,-1.17647236034955,769.00000000
36.5380487169115,-1.17855571438602,876.00000000
36.6130480751699,-1.17855571438602,494.00000000
36.6380478612561,-1.17855571438602,542.00000000
36.6588810163279,-1.17855571438602,491.00000000
36.6672142783566,-1.17855571438602,468.00000000
36.6713809093709,-1.17855571438602,442.00000000
36.6734642248781,-1.17855571438602,449.00000000
36.6859641179212,-1.17855571438602,433.00000000
36.706797272993,-1.17855571438602,397.00000000
36.7359636900935,-1.17855571438602,468.00000000
36.8172129948734,-1.17855571438602,498.00000000
36.8317962034237,-1.17855571438602,509.00000000
36.8505460429883,-1.17855571438602,468.00000000
36.8672125670457,-1.17855571438602,422.00000000
36.881795775596,-1.17855571438602,538.00000000
36.9901281819692,-1.17855571438602,767.00000000
36.9942948129836,-1.17855571438602,794.00000000
37.056794278199,-1.17855571438602,831.00000000
37.0609609092133,-1.17855571438602,817.00000000
37.0630442247205,-1.17855571438602,809.00000000
37.069294171242,-1.17855571438602,675.00000000
37.1005439038497,-1.17855571438602,757.00000000
37.1213770589215,-1.17855571438602,762.00000000
37.1567934225435,-1.17855571438602,757.00000000
36.5338820858972,-1.1806390684225,809.00000000
36.5526319254618,-1.1806390684225,842.00000000
36.5567985564761,-1.1806390684225,768.00000000
36.5588818719833,-1.1806390684225,842.00000000
36.5776317115479,-1.1806390684225,672.00000000
36.6234646527058,-1.1806390684225,522.00000000
36.6422144922704,-1.1806390684225,528.00000000
36.6567977008207,-1.1806390684225,501.00000000
36.6880474334284,-1.1806390684225,435.00000000
36.7088805885002,-1.1806390684225,405.00000000
36.7172138505289,-1.1806390684225,433.00000000
36.7317970590791,-1.1806390684225,460.00000000
36.8192963103806,-1.1806390684225,448.00000000
36.8276295724093,-1.1806390684225,498.00000000
36.8484627274811,-1.1806390684225,487.00000000
36.8505460429883,-1.1806390684225,470.00000000
36.8651292515385,-1.1806390684225,413.00000000
36.881795775596,-1.1806390684225,541.00000000
36.894295668639,-1.1806390684225,740.00000000
36.8963789841462,-1.1806390684225,770.00000000
36.9317953477682,-1.1806390684225,797.00000000
36.940128609797,-1.1806390684225,752.00000000
36.9442952408113,-1.1806390684225,725.00000000
36.9963781284908,-1.1806390684225,793.00000000
37.0859606952994,-1.1806390684225,826.00000000
37.1172104279071,-1.1806390684225,780.00000000
37.1401268984861,-1.1806390684225,755.00000000
37.1609600535579,-1.1806390684225,682.00000000
36.5547152409689,-1.18272242245897,851.00000000
36.6005481821269,-1.18272242245897,476.00000000
36.6567977008207,-1.18272242245897,552.00000000
36.6672142783566,-1.18272242245897,432.00000000
36.6692975938638,-1.18272242245897,467.00000000
36.706797272993,-1.18272242245897,394.00000000
36.7130472195145,-1.18272242245897,413.00000000
36.7713800537155,-1.18272242245897,467.00000000
36.8026297863232,-1.18272242245897,433.00000000
36.8297128879165,-1.18272242245897,464.00000000
36.8380461499452,-1.18272242245897,481.00000000
36.8463794119739,-1.18272242245897,498.00000000
36.8692958825529,-1.18272242245897,460.00000000
36.8797124600888,-1.18272242245897,505.00000000
36.9088788771893,-1.18272242245897,836.00000000
36.9297120322611,-1.18272242245897,812.00000000
36.9838782354477,-1.18272242245897,758.00000000
36.9859615509549,-1.18272242245897,762.00000000
36.9880448664621,-1.18272242245897,770.00000000
36.9922114974764,-1.18272242245897,777.00000000
37.0213779145769,-1.18272242245897,766.00000000
37.0317944921128,-1.18272242245897,797.00000000
37.0463777006631,-1.18272242245897,849.00000000
37.0713774867492,-1.18272242245897,755.00000000
37.0942939573282,-1.18272242245897,782.00000000
37.1067938503712,-1.18272242245897,736.00000000
37.1401268984861,-1.18272242245897,741.00000000
37.1442935295004,-1.18272242245897,718.00000000
36.5422153479259,-1.18480577649545,853.00000000
36.5797150270551,-1.18480577649545,659.00000000
36.5838816580694,-1.18480577649545,634.00000000
36.5984648666197,-1.18480577649545,537.00000000
36.6317979147345,-1.18480577649545,531.00000000
36.6380478612561,-1.18480577649545,514.00000000
36.6442978077776,-1.18480577649545,496.00000000
36.6505477542992,-1.18480577649545,464.00000000
36.6588810163279,-1.18480577649545,514.00000000
36.6817974869068,-1.18480577649545,448.00000000
36.6859641179212,-1.18480577649545,440.00000000
36.7213804815432,-1.18480577649545,424.00000000
36.7463802676294,-1.18480577649545,474.00000000
36.7713800537155,-1.18480577649545,469.00000000
36.7755466847299,-1.18480577649545,505.00000000
36.7797133157442,-1.18480577649545,521.00000000
36.800546470816,-1.18480577649545,504.00000000
36.8047131018304,-1.18480577649545,450.00000000
36.8067964173375,-1.18480577649545,426.00000000
36.8172129948734,-1.18480577649545,391.00000000
36.8672125670457,-1.18480577649545,439.00000000
36.8797124600888,-1.18480577649545,478.00000000
36.9067955616821,-1.18480577649545,773.00000000
36.9213787702324,-1.18480577649545,968.00000000
36.9672117113903,-1.18480577649545,801.00000000
37.0130446525482,-1.18480577649545,765.00000000
37.03387780762,-1.18480577649545,801.00000000
37.0359611231272,-1.18480577649545,843.00000000
37.0838773797923,-1.18480577649545,859.00000000
37.0859606952994,-1.18480577649545,890.00000000
37.0880440108066,-1.18480577649545,918.00000000
37.1130437968928,-1.18480577649545,774.00000000
37.1422102139933,-1.18480577649545,716.00000000
37.1526267915292,-1.18480577649545,746.00000000
37.1588767380507,-1.18480577649545,715.00000000
36.5401320324187,-1.18688913053192,870.00000000
36.5692984495192,-1.18688913053192,660.00000000
36.6151313906771,-1.18688913053192,458.00000000
36.6192980216915,-1.18688913053192,485.00000000
36.6234646527058,-1.18688913053192,515.00000000
36.6297145992274,-1.18688913053192,518.00000000
36.6713809093709,-1.18688913053192,439.00000000
36.6797141713997,-1.18688913053192,454.00000000
36.706797272993,-1.18688913053192,385.00000000
36.7276304280648,-1.18688913053192,493.00000000
36.742213636615,-1.18688913053192,450.00000000
36.7880465777729,-1.18688913053192,532.00000000
36.7901298932801,-1.18688913053192,484.00000000
36.8255462569021,-1.18688913053192,558.00000000
36.8401294654524,-1.18688913053192,589.00000000
36.8567959895098,-1.18688913053192,501.00000000
36.858879305017,-1.18688913053192,487.00000000
36.8630459360314,-1.18688913053192,430.00000000
36.8692958825529,-1.18688913053192,436.00000000
36.9047122461749,-1.18688913053192,810.00000000
36.9734616579118,-1.18688913053192,782.00000000
36.9776282889262,-1.18688913053192,771.00000000
37.0359611231272,-1.18688913053192,844.00000000
37.056794278199,-1.18688913053192,766.00000000
37.0963772728353,-1.18688913053192,767.00000000
37.1130437968928,-1.18688913053192,782.00000000
37.1213770589215,-1.18688913053192,721.00000000
37.1234603744287,-1.18688913053192,721.00000000
37.1255436899358,-1.18688913053192,776.00000000
37.1526267915292,-1.18688913053192,743.00000000
37.1651266845722,-1.18688913053192,711.00000000
36.5338820858972,-1.1889724845684,896.00000000
36.5547152409689,-1.1889724845684,826.00000000
36.5567985564761,-1.1889724845684,777.00000000
36.5797150270551,-1.1889724845684,656.00000000
36.5817983425623,-1.1889724845684,664.00000000
36.5838816580694,-1.1889724845684,638.00000000
36.5859649735766,-1.1889724845684,600.00000000
36.6172147061843,-1.1889724845684,473.00000000
36.6234646527058,-1.1889724845684,488.00000000
36.6797141713997,-1.1889724845684,452.00000000
36.6859641179212,-1.1889724845684,446.00000000
36.6901307489355,-1.1889724845684,419.00000000
36.6963806954571,-1.1889724845684,406.00000000
36.7047139574858,-1.1889724845684,403.00000000
36.7609634761796,-1.1889724845684,453.00000000
36.7755466847299,-1.1889724845684,523.00000000
36.800546470816,-1.1889724845684,496.00000000
36.8130463638591,-1.1889724845684,445.00000000
36.8380461499452,-1.1889724845684,560.00000000
36.8672125670457,-1.1889724845684,429.00000000
36.8880457221175,-1.1889724845684,675.00000000
36.9484618718257,-1.1889724845684,727.00000000
36.9547118183472,-1.1889724845684,674.00000000
36.9713783424046,-1.1889724845684,777.00000000
36.9776282889262,-1.1889724845684,784.00000000
37.0005447595051,-1.1889724845684,836.00000000
37.0047113905195,-1.1889724845684,802.00000000
37.0172112835626,-1.1889724845684,811.00000000
37.0422110696487,-1.1889724845684,813.00000000
37.056794278199,-1.1889724845684,761.00000000
37.0588775937061,-1.1889724845684,774.00000000
37.0713774867492,-1.1889724845684,833.00000000
37.0880440108066,-1.1889724845684,885.00000000
37.1026272193569,-1.1889724845684,715.00000000
37.1047105348641,-1.1889724845684,718.00000000
37.1213770589215,-1.1889724845684,707.00000000
37.1234603744287,-1.1889724845684,726.00000000
37.1297103209502,-1.1889724845684,781.00000000
37.1588767380507,-1.1889724845684,724.00000000
36.590131604591,-1.19105583860487,574.00000000
36.6276312837202,-1.19105583860487,520.00000000
36.6442978077776,-1.19105583860487,424.00000000
36.6588810163279,-1.19105583860487,413.00000000
36.683880802414,-1.19105583860487,444.00000000
36.6984640109643,-1.19105583860487,413.00000000
36.7026306419786,-1.19105583860487,411.00000000
36.7588801606724,-1.19105583860487,440.00000000
36.777630000237,-1.19105583860487,519.00000000
36.7817966312514,-1.19105583860487,512.00000000
36.8047131018304,-1.19105583860487,496.00000000
36.8109630483519,-1.19105583860487,525.00000000
36.8213796258878,-1.19105583860487,534.00000000
36.8672125670457,-1.19105583860487,465.00000000
36.8692958825529,-1.19105583860487,439.00000000
36.8734625135672,-1.19105583860487,439.00000000
36.8755458290744,-1.19105583860487,442.00000000
36.8922123531319,-1.19105583860487,815.00000000
36.8984622996534,-1.19105583860487,933.00000000
36.9109621926965,-1.19105583860487,878.00000000
36.9380452942898,-1.19105583860487,724.00000000
36.9734616579118,-1.19105583860487,768.00000000
36.9963781284908,-1.19105583860487,894.00000000
37.0380444386343,-1.19105583860487,888.00000000
37.0463777006631,-1.19105583860487,820.00000000
37.0901273263138,-1.19105583860487,849.00000000
37.1359602674717,-1.19105583860487,731.00000000
37.1401268984861,-1.19105583860487,752.00000000
37.1484601605148,-1.19105583860487,739.00000000
36.5630485029977,-1.19313919264134,777.00000000
36.5692984495192,-1.19313919264134,698.00000000
36.5734650805336,-1.19313919264134,691.00000000
36.5797150270551,-1.19313919264134,658.00000000
36.6880474334284,-1.19313919264134,459.00000000
36.7130472195145,-1.19313919264134,433.00000000
36.7297137435719,-1.19313919264134,511.00000000
36.7505468986437,-1.19313919264134,455.00000000
36.7547135296581,-1.19313919264134,457.00000000
36.7588801606724,-1.19313919264134,451.00000000
36.7797133157442,-1.19313919264134,519.00000000
36.7880465777729,-1.19313919264134,548.00000000
36.7901298932801,-1.19313919264134,495.00000000
36.8338795189309,-1.19313919264134,583.00000000
36.8901290376247,-1.19313919264134,625.00000000
36.8984622996534,-1.19313919264134,840.00000000
36.9213787702324,-1.19313919264134,770.00000000
36.9567951338544,-1.19313919264134,678.00000000
36.9776282889262,-1.19313919264134,792.00000000
36.9797116044333,-1.19313919264134,790.00000000
36.9838782354477,-1.19313919264134,799.00000000
36.9942948129836,-1.19313919264134,807.00000000
36.9963781284908,-1.19313919264134,891.00000000
37.0088780215338,-1.19313919264134,867.00000000
37.0234612300841,-1.19313919264134,966.00000000
37.0380444386343,-1.19313919264134,864.00000000
37.0588775937061,-1.19313919264134,785.00000000
37.0630442247205,-1.19313919264134,793.00000000
37.1109604813856,-1.19313919264134,699.00000000
36.5401320324187,-1.19522254667782,871.00000000
36.5442986634331,-1.19522254667782,827.00000000
36.5567985564761,-1.19522254667782,743.00000000
36.5588818719833,-1.19522254667782,717.00000000
36.567215134012,-1.19522254667782,773.00000000
36.5713817650264,-1.19522254667782,675.00000000
36.5755483960407,-1.19522254667782,700.00000000
36.5838816580694,-1.19522254667782,583.00000000
36.590131604591,-1.19522254667782,596.00000000
36.5922149200982,-1.19522254667782,733.00000000
36.6047148131412,-1.19522254667782,473.00000000
36.6192980216915,-1.19522254667782,551.00000000
36.6630476473422,-1.19522254667782,463.00000000
36.6859641179212,-1.19522254667782,429.00000000
36.7026306419786,-1.19522254667782,390.00000000
36.7255471125576,-1.19522254667782,508.00000000
36.7297137435719,-1.19522254667782,525.00000000
36.7338803745863,-1.19522254667782,481.00000000
36.7442969521222,-1.19522254667782,449.00000000
36.7942965242945,-1.19522254667782,503.00000000
36.8213796258878,-1.19522254667782,505.00000000
36.8255462569021,-1.19522254667782,487.00000000
36.8442960964667,-1.19522254667782,600.00000000
36.8463794119739,-1.19522254667782,572.00000000
36.8713791980601,-1.19522254667782,477.00000000
36.8922123531319,-1.19522254667782,763.00000000
36.9359619787826,-1.19522254667782,746.00000000
36.9505451873328,-1.19522254667782,736.00000000
36.9713783424046,-1.19522254667782,718.00000000
36.9797116044333,-1.19522254667782,795.00000000
36.9901281819692,-1.19522254667782,814.00000000
37.0172112835626,-1.19522254667782,868.00000000
37.0463777006631,-1.19522254667782,874.00000000
37.0484610161702,-1.19522254667782,877.00000000
37.0505443316774,-1.19522254667782,873.00000000
37.069294171242,-1.19522254667782,804.00000000
37.0713774867492,-1.19522254667782,817.00000000
37.127627005443,-1.19522254667782,710.00000000
37.1359602674717,-1.19522254667782,717.00000000
36.5338820858972,-1.19730590071429,900.00000000
36.5963815511125,-1.19730590071429,448.00000000
36.6109647596628,-1.19730590071429,455.00000000
36.6213813371987,-1.19730590071429,584.00000000
36.648464438792,-1.19730590071429,473.00000000
36.6505477542992,-1.19730590071429,474.00000000
36.6797141713997,-1.19730590071429,443.00000000
36.6859641179212,-1.19730590071429,438.00000000
36.7359636900935,-1.19730590071429,446.00000000
36.7880465777729,-1.19730590071429,503.00000000
36.8026297863232,-1.19730590071429,478.00000000
36.8713791980601,-1.19730590071429,474.00000000
36.8734625135672,-1.19730590071429,496.00000000
36.8755458290744,-1.19730590071429,514.00000000
36.9109621926965,-1.19730590071429,654.00000000
36.9130455082036,-1.19730590071429,703.00000000
36.9651283958831,-1.19730590071429,747.00000000
37.0151279680554,-1.19730590071429,852.00000000
37.0172112835626,-1.19730590071429,904.00000000
37.0234612300841,-1.19730590071429,857.00000000
37.0317944921128,-1.19730590071429,818.00000000
37.0713774867492,-1.19730590071429,788.00000000
37.0817940642851,-1.19730590071429,777.00000000
37.127627005443,-1.19730590071429,718.00000000
37.1359602674717,-1.19730590071429,683.00000000
36.5359654014043,-1.19938925475077,870.00000000
36.5692984495192,-1.19938925475077,643.00000000
36.5713817650264,-1.19938925475077,652.00000000
36.5859649735766,-1.19938925475077,557.00000000
36.6672142783566,-1.19938925475077,425.00000000
36.6859641179212,-1.19938925475077,458.00000000
36.7109639040073,-1.19938925475077,430.00000000
36.719297166036,-1.19938925475077,433.00000000
36.7317970590791,-1.19938925475077,480.00000000
36.7380470056006,-1.19938925475077,454.00000000
36.7672134227011,-1.19938925475077,438.00000000
36.7942965242945,-1.19938925475077,500.00000000
36.8317962034237,-1.19938925475077,466.00000000
36.8442960964667,-1.19938925475077,577.00000000
36.8859624066103,-1.19938925475077,673.00000000
36.9109621926965,-1.19938925475077,750.00000000
36.9380452942898,-1.19938925475077,764.00000000
36.9422119253041,-1.19938925475077,737.00000000
37.0005447595051,-1.19938925475077,838.00000000
37.0026280750123,-1.19938925475077,853.00000000
37.0151279680554,-1.19938925475077,885.00000000
37.0172112835626,-1.19938925475077,921.00000000
37.0276278610985,-1.19938925475077,837.00000000
37.0776274332707,-1.19938925475077,754.00000000
37.0797107487779,-1.19938925475077,737.00000000
37.0838773797923,-1.19938925475077,760.00000000
37.0880440108066,-1.19938925475077,803.00000000
37.1088771658784,-1.19938925475077,715.00000000
37.1213770589215,-1.19938925475077,741.00000000
36.5401320324187,-1.20147260878724,836.00000000
36.5422153479259,-1.20147260878724,824.00000000
36.5442986634331,-1.20147260878724,842.00000000
36.5463819789402,-1.20147260878724,821.00000000
36.5713817650264,-1.20147260878724,638.00000000
36.5776317115479,-1.20147260878724,651.00000000
36.6234646527058,-1.20147260878724,445.00000000
36.6422144922704,-1.20147260878724,517.00000000
36.6630476473422,-1.20147260878724,495.00000000
36.6963806954571,-1.20147260878724,418.00000000
36.706797272993,-1.20147260878724,416.00000000
36.7172138505289,-1.20147260878724,449.00000000
36.7276304280648,-1.20147260878724,441.00000000
36.742213636615,-1.20147260878724,486.00000000
36.7526302141509,-1.20147260878724,451.00000000
36.7609634761796,-1.20147260878724,447.00000000
36.7817966312514,-1.20147260878724,507.00000000
36.8192963103806,-1.20147260878724,485.00000000
36.835962834438,-1.20147260878724,541.00000000
36.8442960964667,-1.20147260878724,529.00000000
36.8484627274811,-1.20147260878724,469.00000000
36.8567959895098,-1.20147260878724,537.00000000
36.8651292515385,-1.20147260878724,486.00000000
36.8692958825529,-1.20147260878724,477.00000000
36.8713791980601,-1.20147260878724,489.00000000
36.8755458290744,-1.20147260878724,503.00000000
36.8963789841462,-1.20147260878724,792.00000000
36.9338786632754,-1.20147260878724,834.00000000
36.9797116044333,-1.20147260878724,725.00000000
37.0067947060267,-1.20147260878724,773.00000000
37.010961337041,-1.20147260878724,807.00000000
37.0213779145769,-1.20147260878724,845.00000000
37.0776274332707,-1.20147260878724,745.00000000
37.0817940642851,-1.20147260878724,729.00000000
37.0963772728353,-1.20147260878724,729.00000000
37.1005439038497,-1.20147260878724,688.00000000
37.1130437968928,-1.20147260878724,787.00000000
37.1380435829789,-1.20147260878724,774.00000000
36.53179877039,-1.20355596282371,853.00000000
36.5588818719833,-1.20355596282371,778.00000000
36.5859649735766,-1.20355596282371,567.00000000
36.6317979147345,-1.20355596282371,482.00000000
36.6442978077776,-1.20355596282371,460.00000000
36.6505477542992,-1.20355596282371,467.00000000
36.6588810163279,-1.20355596282371,476.00000000
36.6672142783566,-1.20355596282371,510.00000000
36.706797272993,-1.20355596282371,415.00000000
36.7172138505289,-1.20355596282371,465.00000000
36.719297166036,-1.20355596282371,462.00000000
36.7380470056006,-1.20355596282371,492.00000000
36.7442969521222,-1.20355596282371,477.00000000
36.7838799467586,-1.20355596282371,501.00000000
36.8463794119739,-1.20355596282371,506.00000000
36.9130455082036,-1.20355596282371,779.00000000
36.9213787702324,-1.20355596282371,825.00000000
36.9505451873328,-1.20355596282371,726.00000000
36.9692950268975,-1.20355596282371,872.00000000
37.010961337041,-1.20355596282371,805.00000000
37.03387780762,-1.20355596282371,926.00000000
37.0505443316774,-1.20355596282371,847.00000000
37.069294171242,-1.20355596282371,694.00000000
37.1130437968928,-1.20355596282371,778.00000000
36.5817983425623,-1.20563931686019,585.00000000
36.5838816580694,-1.20563931686019,558.00000000
36.5859649735766,-1.20563931686019,525.00000000
36.6088814441556,-1.20563931686019,464.00000000
36.6151313906771,-1.20563931686019,477.00000000
36.6234646527058,-1.20563931686019,441.00000000
36.6276312837202,-1.20563931686019,436.00000000
36.6317979147345,-1.20563931686019,498.00000000
36.648464438792,-1.20563931686019,441.00000000
36.6505477542992,-1.20563931686019,449.00000000
36.7130472195145,-1.20563931686019,481.00000000
36.7213804815432,-1.20563931686019,463.00000000
36.7317970590791,-1.20563931686019,461.00000000
36.7838799467586,-1.20563931686019,506.00000000
36.7963798398016,-1.20563931686019,521.00000000
36.8172129948734,-1.20563931686019,508.00000000
36.8442960964667,-1.20563931686019,497.00000000
36.8692958825529,-1.20563931686019,514.00000000
36.8713791980601,-1.20563931686019,553.00000000
36.8838790911031,-1.20563931686019,652.00000000
36.894295668639,-1.20563931686019,721.00000000
36.9588784493616,-1.20563931686019,749.00000000
36.9734616579118,-1.20563931686019,930.00000000
36.9776282889262,-1.20563931686019,790.00000000
36.9942948129836,-1.20563931686019,817.00000000
37.0276278610985,-1.20563931686019,865.00000000
37.0317944921128,-1.20563931686019,928.00000000
37.0380444386343,-1.20563931686019,884.00000000
37.0442943851559,-1.20563931686019,904.00000000
37.0901273263138,-1.20563931686019,794.00000000
37.1151271123999,-1.20563931686019,764.00000000
37.1317936364574,-1.20563931686019,757.00000000
37.1338769519646,-1.20563931686019,739.00000000
37.1380435829789,-1.20563931686019,706.00000000
36.5442986634331,-1.20772267089666,820.00000000
36.5484652944474,-1.20772267089666,822.00000000
36.5547152409689,-1.20772267089666,832.00000000
36.5817983425623,-1.20772267089666,594.00000000
36.5859649735766,-1.20772267089666,518.00000000
36.6172147061843,-1.20772267089666,445.00000000
36.6505477542992,-1.20772267089666,440.00000000
36.6776308558925,-1.20772267089666,462.00000000
36.7005473264714,-1.20772267089666,428.00000000
36.719297166036,-1.20772267089666,455.00000000
36.7234637970504,-1.20772267089666,463.00000000
36.7463802676294,-1.20772267089666,501.00000000
36.7526302141509,-1.20772267089666,488.00000000
36.7547135296581,-1.20772267089666,491.00000000
36.7797133157442,-1.20772267089666,502.00000000
36.8026297863232,-1.20772267089666,431.00000000
36.8088797328447,-1.20772267089666,458.00000000
36.8401294654524,-1.20772267089666,508.00000000
36.8567959895098,-1.20772267089666,486.00000000
36.881795775596,-1.20772267089666,548.00000000
36.8963789841462,-1.20772267089666,770.00000000
36.9026289306677,-1.20772267089666,709.00000000
36.9338786632754,-1.20772267089666,905.00000000
36.9380452942898,-1.20772267089666,914.00000000
36.940128609797,-1.20772267089666,898.00000000
36.9734616579118,-1.20772267089666,843.00000000
36.9797116044333,-1.20772267089666,790.00000000
37.0213779145769,-1.20772267089666,822.00000000
37.069294171242,-1.20772267089666,736.00000000
36.5213821928541,-1.20980602493314,835.00000000
36.5234655083613,-1.20980602493314,803.00000000
36.5401320324187,-1.20980602493314,871.00000000
36.567215134012,-1.20980602493314,706.00000000
36.5692984495192,-1.20980602493314,703.00000000
36.5817983425623,-1.20980602493314,548.00000000
36.6172147061843,-1.20980602493314,513.00000000
36.6401311767633,-1.20980602493314,436.00000000
36.6463811232848,-1.20980602493314,436.00000000
36.648464438792,-1.20980602493314,434.00000000
36.6692975938638,-1.20980602493314,500.00000000
36.6880474334284,-1.20980602493314,426.00000000
36.6984640109643,-1.20980602493314,385.00000000
36.7026306419786,-1.20980602493314,401.00000000
36.7151305350217,-1.20980602493314,426.00000000
36.7567968451653,-1.20980602493314,496.00000000
36.7734633692227,-1.20980602493314,472.00000000
36.7838799467586,-1.20980602493314,535.00000000
36.7901298932801,-1.20980602493314,574.00000000
36.7942965242945,-1.20980602493314,497.00000000
36.8109630483519,-1.20980602493314,486.00000000
36.8151296793663,-1.20980602493314,452.00000000
36.835962834438,-1.20980602493314,513.00000000
36.858879305017,-1.20980602493314,501.00000000
36.9297120322611,-1.20980602493314,789.00000000
36.9630450803759,-1.20980602493314,815.00000000
36.9672117113903,-1.20980602493314,782.00000000
36.9713783424046,-1.20980602493314,854.00000000
36.9880448664621,-1.20980602493314,858.00000000
37.0151279680554,-1.20980602493314,811.00000000
37.0255445455913,-1.20980602493314,799.00000000
37.056794278199,-1.20980602493314,734.00000000
37.0880440108066,-1.20980602493314,827.00000000
36.5359654014043,-1.21188937896961,892.00000000
36.5505486099546,-1.21188937896961,894.00000000
36.5713817650264,-1.21188937896961,701.00000000
36.5942982356053,-1.21188937896961,496.00000000
36.6192980216915,-1.21188937896961,506.00000000
36.6317979147345,-1.21188937896961,485.00000000
36.6359645457489,-1.21188937896961,459.00000000
36.6567977008207,-1.21188937896961,427.00000000
36.6713809093709,-1.21188937896961,485.00000000
36.706797272993,-1.21188937896961,415.00000000
36.7713800537155,-1.21188937896961,482.00000000
36.800546470816,-1.21188937896961,494.00000000
36.8026297863232,-1.21188937896961,463.00000000
36.8047131018304,-1.21188937896961,458.00000000
36.8213796258878,-1.21188937896961,549.00000000
36.8630459360314,-1.21188937896961,487.00000000
36.8797124600888,-1.21188937896961,546.00000000
36.9130455082036,-1.21188937896961,890.00000000
36.9192954547252,-1.21188937896961,828.00000000
36.9276287167539,-1.21188937896961,784.00000000
36.9338786632754,-1.21188937896961,822.00000000
36.9422119253041,-1.21188937896961,864.00000000
36.9505451873328,-1.21188937896961,956.00000000
36.9692950268975,-1.21188937896961,788.00000000
36.9734616579118,-1.21188937896961,781.00000000
36.9901281819692,-1.21188937896961,1008.00000000
37.0088780215338,-1.21188937896961,859.00000000
37.0130446525482,-1.21188937896961,798.00000000
37.0172112835626,-1.21188937896961,797.00000000
37.0859606952994,-1.21188937896961,807.00000000
37.1234603744287,-1.21188937896961,749.00000000
37.1317936364574,-1.21188937896961,699.00000000
37.1338769519646,-1.21188937896961,686.00000000
37.1484601605148,-1.21188937896961,720.00000000
36.5276321393756,-1.21397273300609,913.00000000
36.5859649735766,-1.21397273300609,421.00000000
36.5942982356053,-1.21397273300609,456.00000000
36.6172147061843,-1.21397273300609,556.00000000
36.6359645457489,-1.21397273300609,479.00000000
36.6880474334284,-1.21397273300609,386.00000000
36.7047139574858,-1.21397273300609,415.00000000
36.7172138505289,-1.21397273300609,457.00000000
36.742213636615,-1.21397273300609,507.00000000
36.7838799467586,-1.21397273300609,546.00000000
36.7984631553088,-1.21397273300609,550.00000000
36.8047131018304,-1.21397273300609,450.00000000
36.8276295724093,-1.21397273300609,595.00000000
36.8317962034237,-1.21397273300609,544.00000000
36.8401294654524,-1.21397273300609,508.00000000
36.8526293584955,-1.21397273300609,485.00000000
36.8838790911031,-1.21397273300609,538.00000000
36.9213787702324,-1.21397273300609,801.00000000
36.9963781284908,-1.21397273300609,794.00000000
37.0047113905195,-1.21397273300609,750.00000000
37.0442943851559,-1.21397273300609,783.00000000
37.0547109626918,-1.21397273300609,829.00000000
37.0609609092133,-1.21397273300609,814.00000000
37.0838773797923,-1.21397273300609,810.00000000
37.1088771658784,-1.21397273300609,764.00000000
37.127627005443,-1.21397273300609,733.00000000
36.5297154548828,-1.21605608704256,942.00000000
36.53179877039,-1.21605608704256,923.00000000
36.5505486099546,-1.21605608704256,820.00000000
36.567215134012,-1.21605608704256,725.00000000
36.5776317115479,-1.21605608704256,636.00000000
36.5797150270551,-1.21605608704256,593.00000000
36.6047148131412,-1.21605608704256,471.00000000
36.6276312837202,-1.21605608704256,533.00000000
36.6567977008207,-1.21605608704256,418.00000000
36.6734642248781,-1.21605608704256,511.00000000
36.683880802414,-1.21605608704256,422.00000000
36.6859641179212,-1.21605608704256,401.00000000
36.6963806954571,-1.21605608704256,440.00000000
36.7109639040073,-1.21605608704256,403.00000000
36.7297137435719,-1.21605608704256,479.00000000
36.7505468986437,-1.21605608704256,513.00000000
36.777630000237,-1.21605608704256,492.00000000
36.8401294654524,-1.21605608704256,527.00000000
36.9797116044333,-1.21605608704256,850.00000000
36.9838782354477,-1.21605608704256,908.00000000
36.9963781284908,-1.21605608704256,806.00000000
37.0067947060267,-1.21605608704256,727.00000000
37.0526276471846,-1.21605608704256,800.00000000
37.0817940642851,-1.21605608704256,841.00000000
37.1172104279071,-1.21605608704256,798.00000000
37.150543476022,-1.21605608704256,743.00000000
36.5234655083613,-1.21813944107903,859.00000000
36.5380487169115,-1.21813944107903,960.00000000
36.5505486099546,-1.21813944107903,830.00000000
36.5567985564761,-1.21813944107903,795.00000000
36.5734650805336,-1.21813944107903,690.00000000
36.5776317115479,-1.21813944107903,625.00000000
36.6067981286484,-1.21813944107903,516.00000000
36.6151313906771,-1.21813944107903,533.00000000
36.6192980216915,-1.21813944107903,570.00000000
36.6338812302417,-1.21813944107903,539.00000000
36.6422144922704,-1.21813944107903,453.00000000
36.6526310698063,-1.21813944107903,464.00000000
36.6630476473422,-1.21813944107903,457.00000000
36.6755475403853,-1.21813944107903,515.00000000
36.6984640109643,-1.21813944107903,442.00000000
36.7109639040073,-1.21813944107903,421.00000000
36.7151305350217,-1.21813944107903,410.00000000
36.7609634761796,-1.21813944107903,523.00000000
36.777630000237,-1.21813944107903,525.00000000
36.8276295724093,-1.21813944107903,552.00000000
36.8442960964667,-1.21813944107903,488.00000000
36.8505460429883,-1.21813944107903,461.00000000
36.8609626205242,-1.21813944107903,472.00000000
36.8838790911031,-1.21813944107903,548.00000000
36.9130455082036,-1.21813944107903,894.00000000
36.9338786632754,-1.21813944107903,783.00000000
36.940128609797,-1.21813944107903,930.00000000
36.9442952408113,-1.21813944107903,911.00000000
36.9692950268975,-1.21813944107903,779.00000000
36.9817949199405,-1.21813944107903,886.00000000
37.0255445455913,-1.21813944107903,867.00000000
37.0672108557348,-1.21813944107903,823.00000000
37.0755441177636,-1.21813944107903,814.00000000
37.0797107487779,-1.21813944107903,865.00000000
37.0838773797923,-1.21813944107903,856.00000000
37.0942939573282,-1.21813944107903,946.00000000
37.0984605883425,-1.21813944107903,854.00000000
37.1067938503712,-1.21813944107903,793.00000000
37.1297103209502,-1.21813944107903,749.00000000
37.1338769519646,-1.21813944107903,772.00000000
37.1422102139933,-1.21813944107903,745.00000000
36.5276321393756,-1.22022279511551,905.00000000
36.5359654014043,-1.22022279511551,840.00000000
36.567215134012,-1.22022279511551,686.00000000
36.6005481821269,-1.22022279511551,450.00000000
36.6547143853135,-1.22022279511551,406.00000000
36.6672142783566,-1.22022279511551,491.00000000
36.6734642248781,-1.22022279511551,513.00000000
36.6922140644427,-1.22022279511551,431.00000000
36.6963806954571,-1.22022279511551,470.00000000
36.7109639040073,-1.22022279511551,437.00000000
36.7401303211078,-1.22022279511551,499.00000000
36.7505468986437,-1.22022279511551,513.00000000
36.7588801606724,-1.22022279511551,555.00000000
36.765130107194,-1.22022279511551,504.00000000
36.7734633692227,-1.22022279511551,531.00000000
36.8776291445816,-1.22022279511551,503.00000000
36.8963789841462,-1.22022279511551,750.00000000
36.9151288237108,-1.22022279511551,825.00000000
36.9505451873328,-1.22022279511551,806.00000000
36.95262850284,-1.22022279511551,798.00000000
36.9567951338544,-1.22022279511551,836.00000000
36.9817949199405,-1.22022279511551,880.00000000
36.9838782354477,-1.22022279511551,899.00000000
36.9859615509549,-1.22022279511551,882.00000000
36.9880448664621,-1.22022279511551,877.00000000
36.998461443998,-1.22022279511551,786.00000000
37.0588775937061,-1.22022279511551,797.00000000
37.1005439038497,-1.22022279511551,876.00000000
37.1109604813856,-1.22022279511551,809.00000000
37.1130437968928,-1.22022279511551,821.00000000
37.1338769519646,-1.22022279511551,761.00000000
37.1401268984861,-1.22022279511551,772.00000000
36.5192988773469,-1.22230614915198,809.00000000
36.5359654014043,-1.22230614915198,834.00000000
36.5422153479259,-1.22230614915198,839.00000000
36.5484652944474,-1.22230614915198,860.00000000
36.5588818719833,-1.22230614915198,733.00000000
36.567215134012,-1.22230614915198,658.00000000
36.5734650805336,-1.22230614915198,672.00000000
36.5942982356053,-1.22230614915198,445.00000000
36.6005481821269,-1.22230614915198,448.00000000
36.6088814441556,-1.22230614915198,469.00000000
36.6401311767633,-1.22230614915198,415.00000000
36.6567977008207,-1.22230614915198,411.00000000
36.683880802414,-1.22230614915198,425.00000000
36.6880474334284,-1.22230614915198,427.00000000
36.6942973799499,-1.22230614915198,482.00000000
36.7026306419786,-1.22230614915198,418.00000000
36.7172138505289,-1.22230614915198,417.00000000
36.7401303211078,-1.22230614915198,496.00000000
36.7526302141509,-1.22230614915198,537.00000000
36.7547135296581,-1.22230614915198,549.00000000
36.7692967382083,-1.22230614915198,584.00000000
36.777630000237,-1.22230614915198,527.00000000
36.8047131018304,-1.22230614915198,523.00000000
36.8067964173375,-1.22230614915198,524.00000000
36.8172129948734,-1.22230614915198,539.00000000
36.823462941395,-1.22230614915198,550.00000000
36.8255462569021,-1.22230614915198,539.00000000
36.8526293584955,-1.22230614915198,467.00000000
36.8713791980601,-1.22230614915198,532.00000000
36.8984622996534,-1.22230614915198,715.00000000
36.9484618718257,-1.22230614915198,765.00000000
36.9567951338544,-1.22230614915198,769.00000000
36.9609617648687,-1.22230614915198,851.00000000
36.9776282889262,-1.22230614915198,746.00000000
37.0213779145769,-1.22230614915198,737.00000000
37.0588775937061,-1.22230614915198,830.00000000
37.0630442247205,-1.22230614915198,842.00000000
37.0776274332707,-1.22230614915198,843.00000000
37.0817940642851,-1.22230614915198,860.00000000
37.1297103209502,-1.22230614915198,760.00000000
37.1338769519646,-1.22230614915198,749.00000000
37.1442935295004,-1.22230614915198,755.00000000
37.1484601605148,-1.22230614915198,724.00000000
37.150543476022,-1.22230614915198,763.00000000
36.5213821928541,-1.22438950318846,869.00000000
36.5442986634331,-1.22438950318846,862.00000000
36.590131604591,-1.22438950318846,522.00000000
36.6213813371987,-1.22438950318846,565.00000000
36.6422144922704,-1.22438950318846,444.00000000
36.660964331835,-1.22438950318846,450.00000000
36.6692975938638,-1.22438950318846,520.00000000
36.6880474334284,-1.22438950318846,430.00000000
36.7047139574858,-1.22438950318846,390.00000000
36.7109639040073,-1.22438950318846,403.00000000
36.7151305350217,-1.22438950318846,432.00000000
36.7213804815432,-1.22438950318846,438.00000000
36.7547135296581,-1.22438950318846,546.00000000
36.7672134227011,-1.22438950318846,571.00000000
36.7901298932801,-1.22438950318846,539.00000000
36.8192963103806,-1.22438950318846,549.00000000
36.8567959895098,-1.22438950318846,476.00000000
36.8651292515385,-1.22438950318846,529.00000000
36.8672125670457,-1.22438950318846,529.00000000
36.9109621926965,-1.22438950318846,812.00000000
36.9380452942898,-1.22438950318846,720.00000000
36.9442952408113,-1.22438950318846,710.00000000
36.9609617648687,-1.22438950318846,784.00000000
36.9713783424046,-1.22438950318846,745.00000000
36.9797116044333,-1.22438950318846,748.00000000
36.9922114974764,-1.22438950318846,752.00000000
37.0505443316774,-1.22438950318846,860.00000000
37.0630442247205,-1.22438950318846,862.00000000
37.0713774867492,-1.22438950318846,886.00000000
37.1005439038497,-1.22438950318846,886.00000000
36.5213821928541,-1.22647285722493,883.00000000
36.5338820858972,-1.22647285722493,873.00000000
36.5422153479259,-1.22647285722493,833.00000000
36.5588818719833,-1.22647285722493,705.00000000
36.6213813371987,-1.22647285722493,607.00000000
36.6276312837202,-1.22647285722493,504.00000000
36.648464438792,-1.22647285722493,483.00000000
36.6505477542992,-1.22647285722493,467.00000000
36.7172138505289,-1.22647285722493,442.00000000
36.7276304280648,-1.22647285722493,449.00000000
36.7359636900935,-1.22647285722493,405.00000000
36.742213636615,-1.22647285722493,444.00000000
36.7797133157442,-1.22647285722493,516.00000000
36.800546470816,-1.22647285722493,538.00000000
36.8547126740026,-1.22647285722493,506.00000000
36.8901290376247,-1.22647285722493,630.00000000
36.9026289306677,-1.22647285722493,770.00000000
36.9088788771893,-1.22647285722493,840.00000000
36.9151288237108,-1.22647285722493,796.00000000
36.917212139218,-1.22647285722493,835.00000000
36.9297120322611,-1.22647285722493,735.00000000
36.95262850284,-1.22647285722493,697.00000000
36.9567951338544,-1.22647285722493,729.00000000
36.9651283958831,-1.22647285722493,744.00000000
36.9942948129836,-1.22647285722493,798.00000000
37.0047113905195,-1.22647285722493,676.00000000
37.0130446525482,-1.22647285722493,631.00000000
37.0359611231272,-1.22647285722493,754.00000000
37.056794278199,-1.22647285722493,879.00000000
37.0734608022564,-1.22647285722493,962.00000000
37.0901273263138,-1.22647285722493,890.00000000
37.0942939573282,-1.22647285722493,1017.00000000
37.1109604813856,-1.22647285722493,831.00000000
37.1297103209502,-1.22647285722493,731.00000000
36.5192988773469,-1.22855621126141,845.00000000
36.5588818719833,-1.22855621126141,733.00000000
36.5942982356053,-1.22855621126141,437.00000000
36.6734642248781,-1.22855621126141,436.00000000
36.7297137435719,-1.22855621126141,414.00000000
36.7338803745863,-1.22855621126141,410.00000000
36.7401303211078,-1.22855621126141,456.00000000
36.7692967382083,-1.22855621126141,526.00000000
36.7734633692227,-1.22855621126141,538.00000000
36.7922132087873,-1.22855621126141,518.00000000
36.7984631553088,-1.22855621126141,525.00000000
36.8088797328447,-1.22855621126141,515.00000000
36.881795775596,-1.22855621126141,723.00000000
36.9026289306677,-1.22855621126141,752.00000000
36.9505451873328,-1.22855621126141,699.00000000
36.9922114974764,-1.22855621126141,802.00000000
37.0317944921128,-1.22855621126141,742.00000000
37.0359611231272,-1.22855621126141,752.00000000
37.0401277541415,-1.22855621126141,835.00000000
37.0588775937061,-1.22855621126141,881.00000000
37.0609609092133,-1.22855621126141,874.00000000
37.0713774867492,-1.22855621126141,910.00000000
37.0880440108066,-1.22855621126141,887.00000000
37.1088771658784,-1.22855621126141,843.00000000
37.1317936364574,-1.22855621126141,721.00000000
36.5755483960407,-1.23063956529788,681.00000000
36.590131604591,-1.23063956529788,564.00000000
36.5963815511125,-1.23063956529788,445.00000000
36.6088814441556,-1.23063956529788,492.00000000
36.6172147061843,-1.23063956529788,480.00000000
36.6234646527058,-1.23063956529788,555.00000000
36.6401311767633,-1.23063956529788,440.00000000
36.6526310698063,-1.23063956529788,491.00000000
36.6713809093709,-1.23063956529788,462.00000000
36.6817974869068,-1.23063956529788,432.00000000
36.6984640109643,-1.23063956529788,396.00000000
36.706797272993,-1.23063956529788,440.00000000
36.7234637970504,-1.23063956529788,492.00000000
36.7401303211078,-1.23063956529788,423.00000000
36.7505468986437,-1.23063956529788,435.00000000
36.7838799467586,-1.23063956529788,565.00000000
36.7880465777729,-1.23063956529788,553.00000000
36.7984631553088,-1.23063956529788,508.00000000
36.8484627274811,-1.23063956529788,505.00000000
36.8797124600888,-1.23063956529788,693.00000000
36.8922123531319,-1.23063956529788,745.00000000
36.9859615509549,-1.23063956529788,929.00000000
37.0047113905195,-1.23063956529788,682.00000000
37.03387780762,-1.23063956529788,731.00000000
37.1234603744287,-1.23063956529788,772.00000000
37.1359602674717,-1.23063956529788,743.00000000
36.5151322463326,-1.23272291933435,812.00000000
36.5380487169115,-1.23272291933435,941.00000000
36.5463819789402,-1.23272291933435,781.00000000
36.5630485029977,-1.23272291933435,751.00000000
36.5651318185048,-1.23272291933435,693.00000000
36.567215134012,-1.23272291933435,679.00000000
36.5692984495192,-1.23272291933435,697.00000000
36.5984648666197,-1.23272291933435,410.00000000
36.6359645457489,-1.23272291933435,489.00000000
36.7109639040073,-1.23272291933435,400.00000000
36.719297166036,-1.23272291933435,426.00000000
36.7609634761796,-1.23272291933435,518.00000000
36.7984631553088,-1.23272291933435,491.00000000
36.8109630483519,-1.23272291933435,533.00000000
36.8130463638591,-1.23272291933435,554.00000000
36.8192963103806,-1.23272291933435,555.00000000
36.8755458290744,-1.23272291933435,790.00000000
36.8880457221175,-1.23272291933435,716.00000000
36.8922123531319,-1.23272291933435,713.00000000
36.8963789841462,-1.23272291933435,763.00000000
36.9422119253041,-1.23272291933435,799.00000000
36.9672117113903,-1.23272291933435,787.00000000
36.9692950268975,-1.23272291933435,788.00000000
37.0047113905195,-1.23272291933435,689.00000000
37.010961337041,-1.23272291933435,609.00000000
37.03387780762,-1.23272291933435,724.00000000
37.0442943851559,-1.23272291933435,846.00000000
37.0547109626918,-1.23272291933435,971.00000000
37.0588775937061,-1.23272291933435,943.00000000
37.0672108557348,-1.23272291933435,894.00000000
37.0859606952994,-1.23272291933435,854.00000000
37.1005439038497,-1.23272291933435,872.00000000
37.1067938503712,-1.23272291933435,829.00000000
37.1109604813856,-1.23272291933435,811.00000000
36.5234655083613,-1.23480627337083,888.00000000
36.5463819789402,-1.23480627337083,748.00000000
36.5713817650264,-1.23480627337083,665.00000000
36.6317979147345,-1.23480627337083,451.00000000
36.6755475403853,-1.23480627337083,412.00000000
36.6880474334284,-1.23480627337083,402.00000000
36.6942973799499,-1.23480627337083,380.00000000
36.7109639040073,-1.23480627337083,444.00000000
36.7130472195145,-1.23480627337083,454.00000000
36.719297166036,-1.23480627337083,474.00000000
36.742213636615,-1.23480627337083,461.00000000
36.8401294654524,-1.23480627337083,471.00000000
36.8505460429883,-1.23480627337083,571.00000000
36.8547126740026,-1.23480627337083,592.00000000
36.858879305017,-1.23480627337083,584.00000000
36.8963789841462,-1.23480627337083,757.00000000
36.9338786632754,-1.23480627337083,796.00000000
36.95262850284,-1.23480627337083,775.00000000
37.0047113905195,-1.23480627337083,700.00000000
37.0276278610985,-1.23480627337083,816.00000000
37.0359611231272,-1.23480627337083,744.00000000
37.0505443316774,-1.23480627337083,937.00000000
37.056794278199,-1.23480627337083,957.00000000
37.0859606952994,-1.23480627337083,839.00000000
37.0901273263138,-1.23480627337083,847.00000000
36.5213821928541,-1.2368896274073,938.00000000
36.5526319254618,-1.2368896274073,664.00000000
36.5588818719833,-1.2368896274073,746.00000000
36.5734650805336,-1.2368896274073,676.00000000
36.5963815511125,-1.2368896274073,430.00000000
36.625547968213,-1.2368896274073,512.00000000
36.6401311767633,-1.2368896274073,482.00000000
36.6442978077776,-1.2368896274073,416.00000000
36.648464438792,-1.2368896274073,445.00000000
36.6526310698063,-1.2368896274073,500.00000000
36.6692975938638,-1.2368896274073,434.00000000
36.6755475403853,-1.2368896274073,400.00000000
36.6880474334284,-1.2368896274073,394.00000000
36.7005473264714,-1.2368896274073,399.00000000
36.7672134227011,-1.2368896274073,483.00000000
36.7942965242945,-1.2368896274073,505.00000000
36.7984631553088,-1.2368896274073,532.00000000
36.8130463638591,-1.2368896274073,498.00000000
36.8151296793663,-1.2368896274073,517.00000000
36.8276295724093,-1.2368896274073,439.00000000
36.8484627274811,-1.2368896274073,515.00000000
36.8567959895098,-1.2368896274073,586.00000000
36.8672125670457,-1.2368896274073,615.00000000
36.881795775596,-1.2368896274073,844.00000000
36.9047122461749,-1.2368896274073,855.00000000
36.917212139218,-1.2368896274073,821.00000000
36.9192954547252,-1.2368896274073,837.00000000
36.9505451873328,-1.2368896274073,775.00000000
36.9630450803759,-1.2368896274073,763.00000000
36.9692950268975,-1.2368896274073,817.00000000
36.9922114974764,-1.2368896274073,808.00000000
37.0130446525482,-1.2368896274073,590.00000000
37.0234612300841,-1.2368896274073,1033.00000000
37.0359611231272,-1.2368896274073,760.00000000
37.0380444386343,-1.2368896274073,802.00000000
37.1026272193569,-1.2368896274073,801.00000000
37.1088771658784,-1.2368896274073,819.00000000
36.5151322463326,-1.23897298144378,884.00000000
36.5255488238684,-1.23897298144378,1022.00000000
36.5484652944474,-1.23897298144378,722.00000000
36.5526319254618,-1.23897298144378,702.00000000
36.5609651874905,-1.23897298144378,737.00000000
36.5692984495192,-1.23897298144378,649.00000000
36.6088814441556,-1.23897298144378,428.00000000
36.6151313906771,-1.23897298144378,482.00000000
36.625547968213,-1.23897298144378,502.00000000
36.6297145992274,-1.23897298144378,474.00000000
36.6588810163279,-1.23897298144378,425.00000000
36.6880474334284,-1.23897298144378,398.00000000
36.7026306419786,-1.23897298144378,420.00000000
36.7109639040073,-1.23897298144378,478.00000000
36.7380470056006,-1.23897298144378,628.00000000
36.7672134227011,-1.23897298144378,473.00000000
36.7692967382083,-1.23897298144378,459.00000000
36.7755466847299,-1.23897298144378,461.00000000
36.7984631553088,-1.23897298144378,503.00000000
36.8130463638591,-1.23897298144378,486.00000000
36.8172129948734,-1.23897298144378,464.00000000
36.8297128879165,-1.23897298144378,455.00000000
36.8505460429883,-1.23897298144378,547.00000000
36.8838790911031,-1.23897298144378,854.00000000
36.894295668639,-1.23897298144378,771.00000000
36.9047122461749,-1.23897298144378,898.00000000
36.9276287167539,-1.23897298144378,803.00000000
36.9422119253041,-1.23897298144378,898.00000000
36.9547118183472,-1.23897298144378,832.00000000
36.9672117113903,-1.23897298144378,824.00000000
36.9797116044333,-1.23897298144378,924.00000000
36.998461443998,-1.23897298144378,861.00000000
37.1005439038497,-1.23897298144378,788.00000000
37.1088771658784,-1.23897298144378,812.00000000
36.5192988773469,-1.24105633548025,907.00000000
36.5505486099546,-1.24105633548025,735.00000000
36.5692984495192,-1.24105633548025,646.00000000
36.5734650805336,-1.24105633548025,668.00000000
36.5817983425623,-1.24105633548025,685.00000000
36.625547968213,-1.24105633548025,490.00000000
36.6442978077776,-1.24105633548025,467.00000000
36.6463811232848,-1.24105633548025,487.00000000
36.648464438792,-1.24105633548025,445.00000000
36.6567977008207,-1.24105633548025,470.00000000
36.6630476473422,-1.24105633548025,406.00000000
36.6734642248781,-1.24105633548025,423.00000000
36.6797141713997,-1.24105633548025,389.00000000
36.706797272993,-1.24105633548025,388.00000000
36.7317970590791,-1.24105633548025,380.00000000
36.7401303211078,-1.24105633548025,758.00000000
36.7505468986437,-1.24105633548025,682.00000000
36.7547135296581,-1.24105633548025,609.00000000
36.7755466847299,-1.24105633548025,458.00000000
36.7797133157442,-1.24105633548025,482.00000000
36.7963798398016,-1.24105633548025,493.00000000
36.8047131018304,-1.24105633548025,512.00000000
36.8297128879165,-1.24105633548025,447.00000000
36.9463785563185,-1.24105633548025,712.00000000
36.9484618718257,-1.24105633548025,843.00000000
37.0130446525482,-1.24105633548025,855.00000000
37.0422110696487,-1.24105633548025,935.00000000
37.0505443316774,-1.24105633548025,850.00000000
37.056794278199,-1.24105633548025,812.00000000
37.0588775937061,-1.24105633548025,895.00000000
37.0776274332707,-1.24105633548025,820.00000000
37.0901273263138,-1.24105633548025,780.00000000
37.1026272193569,-1.24105633548025,766.00000000
37.1088771658784,-1.24105633548025,777.00000000
36.5255488238684,-1.24313968951672,1097.00000000
36.5276321393756,-1.24313968951672,1069.00000000
36.5297154548828,-1.24313968951672,936.00000000
36.5484652944474,-1.24313968951672,744.00000000
36.5776317115479,-1.24313968951672,670.00000000
36.5922149200982,-1.24313968951672,612.00000000
36.6026314976341,-1.24313968951672,443.00000000
36.6109647596628,-1.24313968951672,440.00000000
36.6317979147345,-1.24313968951672,535.00000000
36.6422144922704,-1.24313968951672,488.00000000
36.6547143853135,-1.24313968951672,475.00000000
36.7026306419786,-1.24313968951672,391.00000000
36.7151305350217,-1.24313968951672,388.00000000
36.7213804815432,-1.24313968951672,452.00000000
36.7234637970504,-1.24313968951672,459.00000000
36.7484635831365,-1.24313968951672,657.00000000
36.7609634761796,-1.24313968951672,465.00000000
36.8547126740026,-1.24313968951672,499.00000000
36.8692958825529,-1.24313968951672,738.00000000
36.8734625135672,-1.24313968951672,782.00000000
36.8797124600888,-1.24313968951672,833.00000000
36.9026289306677,-1.24313968951672,1114.00000000
36.9109621926965,-1.24313968951672,965.00000000
36.9463785563185,-1.24313968951672,830.00000000
37.0067947060267,-1.24313968951672,995.00000000
37.0088780215338,-1.24313968951672,1055.00000000
37.0672108557348,-1.24313968951672,881.00000000
37.0838773797923,-1.24313968951672,843.00000000
37.0880440108066,-1.24313968951672,808.00000000
37.1172104279071,-1.24313968951672,747.00000000
36.5234655083613,-1.2452230435532,1068.00000000
36.53179877039,-1.2452230435532,797.00000000
36.5526319254618,-1.2452230435532,709.00000000
36.567215134012,-1.2452230435532,668.00000000
36.6276312837202,-1.2452230435532,469.00000000
36.6755475403853,-1.2452230435532,390.00000000
36.6817974869068,-1.2452230435532,400.00000000
36.6901307489355,-1.2452230435532,383.00000000
36.7588801606724,-1.2452230435532,561.00000000
36.7609634761796,-1.2452230435532,455.00000000
36.7797133157442,-1.2452230435532,439.00000000
36.800546470816,-1.2452230435532,483.00000000
36.8151296793663,-1.2452230435532,478.00000000
36.8297128879165,-1.2452230435532,454.00000000
36.8567959895098,-1.2452230435532,532.00000000
36.8651292515385,-1.2452230435532,602.00000000
36.8713791980601,-1.2452230435532,779.00000000
36.8755458290744,-1.2452230435532,791.00000000
36.8963789841462,-1.2452230435532,903.00000000
36.9234620857395,-1.2452230435532,879.00000000
36.940128609797,-1.2452230435532,707.00000000
36.9484618718257,-1.2452230435532,838.00000000
36.9505451873328,-1.2452230435532,817.00000000
36.9609617648687,-1.2452230435532,665.00000000
36.9651283958831,-1.2452230435532,714.00000000
37.0151279680554,-1.2452230435532,1124.00000000
37.0297111766056,-1.2452230435532,922.00000000
37.0317944921128,-1.2452230435532,779.00000000
37.03387780762,-1.2452230435532,777.00000000
37.0484610161702,-1.2452230435532,917.00000000
37.0942939573282,-1.2452230435532,755.00000000
37.1047105348641,-1.2452230435532,785.00000000
36.5151322463326,-1.24730639758967,914.00000000
36.5172155618397,-1.24730639758967,931.00000000
36.5359654014043,-1.24730639758967,708.00000000
36.5651318185048,-1.24730639758967,728.00000000
36.6005481821269,-1.24730639758967,578.00000000
36.6234646527058,-1.24730639758967,491.00000000
36.6317979147345,-1.24730639758967,490.00000000
36.6672142783566,-1.24730639758967,464.00000000
36.706797272993,-1.24730639758967,386.00000000
36.7130472195145,-1.24730639758967,378.00000000
36.7151305350217,-1.24730639758967,376.00000000
36.7317970590791,-1.24730639758967,456.00000000
36.7526302141509,-1.24730639758967,695.00000000
36.7817966312514,-1.24730639758967,441.00000000
36.8067964173375,-1.24730639758967,488.00000000
36.8213796258878,-1.24730639758967,519.00000000
36.8317962034237,-1.24730639758967,488.00000000
36.8380461499452,-1.24730639758967,491.00000000
36.8401294654524,-1.24730639758967,470.00000000
36.8547126740026,-1.24730639758967,557.00000000
36.881795775596,-1.24730639758967,940.00000000
36.8859624066103,-1.24730639758967,949.00000000
36.9692950268975,-1.24730639758967,779.00000000
36.9734616579118,-1.24730639758967,766.00000000
36.9817949199405,-1.24730639758967,842.00000000
36.9963781284908,-1.24730639758967,813.00000000
37.0047113905195,-1.24730639758967,855.00000000
37.0547109626918,-1.24730639758967,884.00000000
37.0713774867492,-1.24730639758967,823.00000000
37.1067938503712,-1.24730639758967,773.00000000
36.5067989843038,-1.24938975162615,883.00000000
36.5172155618397,-1.24938975162615,958.00000000
36.5359654014043,-1.24938975162615,770.00000000
36.5380487169115,-1.24938975162615,745.00000000
36.567215134012,-1.24938975162615,641.00000000
36.6401311767633,-1.24938975162615,418.00000000
36.6442978077776,-1.24938975162615,407.00000000
36.660964331835,-1.24938975162615,468.00000000
36.6651309628494,-1.24938975162615,448.00000000
36.6963806954571,-1.24938975162615,369.00000000
36.706797272993,-1.24938975162615,387.00000000
36.7526302141509,-1.24938975162615,719.00000000
36.7692967382083,-1.24938975162615,443.00000000
36.7797133157442,-1.24938975162615,448.00000000
36.7859632622658,-1.24938975162615,466.00000000
36.8380461499452,-1.24938975162615,499.00000000
36.8401294654524,-1.24938975162615,485.00000000
36.8672125670457,-1.24938975162615,710.00000000
36.8984622996534,-1.24938975162615,952.00000000
36.9151288237108,-1.24938975162615,854.00000000
36.940128609797,-1.24938975162615,901.00000000
36.9505451873328,-1.24938975162615,773.00000000
36.998461443998,-1.24938975162615,915.00000000
37.0234612300841,-1.24938975162615,878.00000000
37.0442943851559,-1.24938975162615,950.00000000
37.0609609092133,-1.24938975162615,812.00000000
37.0942939573282,-1.24938975162615,762.00000000
36.5213821928541,-1.25147310566262,888.00000000
36.53179877039,-1.25147310566262,683.00000000
36.5609651874905,-1.25147310566262,777.00000000
36.5817983425623,-1.25147310566262,677.00000000
36.6151313906771,-1.25147310566262,442.00000000
36.6234646527058,-1.25147310566262,470.00000000
36.6401311767633,-1.25147310566262,455.00000000
36.6526310698063,-1.25147310566262,454.00000000
36.7484635831365,-1.25147310566262,727.00000000
36.7713800537155,-1.25147310566262,446.00000000
36.7942965242945,-1.25147310566262,516.00000000
36.800546470816,-1.25147310566262,558.00000000
36.8338795189309,-1.25147310566262,463.00000000
36.8838790911031,-1.25147310566262,1073.00000000
36.9213787702324,-1.25147310566262,774.00000000
36.9505451873328,-1.25147310566262,756.00000000
36.9942948129836,-1.25147310566262,887.00000000
37.03387780762,-1.25147310566262,853.00000000
37.0359611231272,-1.25147310566262,868.00000000
37.0442943851559,-1.25147310566262,866.00000000
37.0734608022564,-1.25147310566262,783.00000000
37.0859606952994,-1.25147310566262,811.00000000
37.0984605883425,-1.25147310566262,740.00000000
37.1047105348641,-1.25147310566262,760.00000000
36.5192988773469,-1.2535564596991,851.00000000
36.5276321393756,-1.2535564596991,707.00000000
36.5338820858972,-1.2535564596991,762.00000000
36.5359654014043,-1.2535564596991,776.00000000
36.5755483960407,-1.2535564596991,680.00000000
36.5797150270551,-1.2535564596991,657.00000000
36.5942982356053,-1.2535564596991,595.00000000
36.6109647596628,-1.2535564596991,520.00000000
36.648464438792,-1.2535564596991,429.00000000
36.660964331835,-1.2535564596991,427.00000000
36.6797141713997,-1.2535564596991,368.00000000
36.6817974869068,-1.2535564596991,337.00000000
36.6942973799499,-1.2535564596991,483.00000000
36.7276304280648,-1.2535564596991,413.00000000
36.7297137435719,-1.2535564596991,415.00000000
36.7609634761796,-1.2535564596991,460.00000000
36.7630467916868,-1.2535564596991,481.00000000
36.765130107194,-1.2535564596991,491.00000000
36.7734633692227,-1.2535564596991,458.00000000
36.8088797328447,-1.2535564596991,564.00000000
36.8297128879165,-1.2535564596991,514.00000000
36.8338795189309,-1.2535564596991,493.00000000
36.8463794119739,-1.2535564596991,482.00000000
36.8651292515385,-1.2535564596991,889.00000000
36.8692958825529,-1.2535564596991,1016.00000000
36.8838790911031,-1.2535564596991,1058.00000000
36.8922123531319,-1.2535564596991,1108.00000000
36.9276287167539,-1.2535564596991,830.00000000
36.9297120322611,-1.2535564596991,864.00000000
36.9422119253041,-1.2535564596991,780.00000000
36.9588784493616,-1.2535564596991,786.00000000
36.9713783424046,-1.2535564596991,844.00000000
36.9817949199405,-1.2535564596991,839.00000000
36.9922114974764,-1.2535564596991,881.00000000
37.0192945990697,-1.2535564596991,807.00000000
37.0276278610985,-1.2535564596991,824.00000000
37.0380444386343,-1.2535564596991,919.00000000
37.056794278199,-1.2535564596991,787.00000000
37.0651275402277,-1.2535564596991,808.00000000
37.0880440108066,-1.2535564596991,820.00000000
37.1088771658784,-1.2535564596991,803.00000000
36.5026323532895,-1.25563981373557,1077.00000000
36.5776317115479,-1.25563981373557,644.00000000
36.648464438792,-1.25563981373557,471.00000000
36.6505477542992,-1.25563981373557,455.00000000
36.6963806954571,-1.25563981373557,465.00000000
36.719297166036,-1.25563981373557,465.00000000
36.7276304280648,-1.25563981373557,440.00000000
36.7442969521222,-1.25563981373557,722.00000000
36.7734633692227,-1.25563981373557,471.00000000
36.7859632622658,-1.25563981373557,590.00000000
36.8338795189309,-1.25563981373557,525.00000000
36.8609626205242,-1.25563981373557,705.00000000
36.8859624066103,-1.25563981373557,1029.00000000
36.8963789841462,-1.25563981373557,1042.00000000
36.9255454012467,-1.25563981373557,806.00000000
36.9547118183472,-1.25563981373557,767.00000000
36.9838782354477,-1.25563981373557,915.00000000
36.9922114974764,-1.25563981373557,861.00000000
37.0026280750123,-1.25563981373557,802.00000000
37.0088780215338,-1.25563981373557,753.00000000
37.03387780762,-1.25563981373557,820.00000000
37.0463777006631,-1.25563981373557,796.00000000
37.0630442247205,-1.25563981373557,748.00000000
37.0672108557348,-1.25563981373557,734.00000000
37.0776274332707,-1.25563981373557,788.00000000
37.0838773797923,-1.25563981373557,821.00000000
37.0901273263138,-1.25563981373557,864.00000000
37.1088771658784,-1.25563981373557,822.00000000
36.5151322463326,-1.25772316777204,778.00000000
36.53179877039,-1.25772316777204,738.00000000
36.5651318185048,-1.25772316777204,764.00000000
36.5963815511125,-1.25772316777204,571.00000000
36.6505477542992,-1.25772316777204,469.00000000
36.6901307489355,-1.25772316777204,384.00000000
36.7255471125576,-1.25772316777204,398.00000000
36.7442969521222,-1.25772316777204,733.00000000
36.7505468986437,-1.25772316777204,471.00000000
36.7609634761796,-1.25772316777204,469.00000000
36.765130107194,-1.25772316777204,466.00000000
36.7672134227011,-1.25772316777204,430.00000000
36.7692967382083,-1.25772316777204,438.00000000
36.7817966312514,-1.25772316777204,521.00000000
36.7880465777729,-1.25772316777204,592.00000000
36.8442960964667,-1.25772316777204,537.00000000
36.8984622996534,-1.25772316777204,948.00000000
36.9047122461749,-1.25772316777204,931.00000000
36.9359619787826,-1.25772316777204,832.00000000
36.9838782354477,-1.25772316777204,900.00000000
36.998461443998,-1.25772316777204,837.00000000
37.0005447595051,-1.25772316777204,825.00000000
37.0067947060267,-1.25772316777204,800.00000000
37.0192945990697,-1.25772316777204,844.00000000
37.0213779145769,-1.25772316777204,849.00000000
37.0255445455913,-1.25772316777204,838.00000000
37.0484610161702,-1.25772316777204,795.00000000
37.0817940642851,-1.25772316777204,806.00000000
36.5047156687967,-1.25980652180852,954.00000000
36.5234655083613,-1.25980652180852,758.00000000
36.53179877039,-1.25980652180852,753.00000000
36.5463819789402,-1.25980652180852,721.00000000
36.5630485029977,-1.25980652180852,680.00000000
36.5755483960407,-1.25980652180852,640.00000000
36.5797150270551,-1.25980652180852,632.00000000
36.6151313906771,-1.25980652180852,562.00000000
36.6359645457489,-1.25980652180852,607.00000000
36.6713809093709,-1.25980652180852,422.00000000
36.6901307489355,-1.25980652180852,396.00000000
36.7047139574858,-1.25980652180852,392.00000000
36.719297166036,-1.25980652180852,504.00000000
36.7213804815432,-1.25980652180852,495.00000000
36.7442969521222,-1.25980652180852,586.00000000
36.7505468986437,-1.25980652180852,483.00000000
36.7672134227011,-1.25980652180852,463.00000000
36.7692967382083,-1.25980652180852,455.00000000
36.8401294654524,-1.25980652180852,535.00000000
36.8838790911031,-1.25980652180852,975.00000000
36.9151288237108,-1.25980652180852,869.00000000
36.975544973419,-1.25980652180852,735.00000000
36.9817949199405,-1.25980652180852,761.00000000
37.0026280750123,-1.25980652180852,828.00000000
37.0630442247205,-1.25980652180852,732.00000000
37.0755441177636,-1.25980652180852,794.00000000
37.0797107487779,-1.25980652180852,809.00000000
36.5380487169115,-1.26188987584499,796.00000000
36.5630485029977,-1.26188987584499,653.00000000
36.590131604591,-1.26188987584499,694.00000000
36.6047148131412,-1.26188987584499,612.00000000
36.6172147061843,-1.26188987584499,530.00000000
36.6213813371987,-1.26188987584499,558.00000000
36.6317979147345,-1.26188987584499,585.00000000
36.6442978077776,-1.26188987584499,547.00000000
36.7005473264714,-1.26188987584499,389.00000000
36.706797272993,-1.26188987584499,380.00000000
36.7338803745863,-1.26188987584499,732.00000000
36.7380470056006,-1.26188987584499,663.00000000
36.7588801606724,-1.26188987584499,519.00000000
36.7630467916868,-1.26188987584499,521.00000000
36.7692967382083,-1.26188987584499,448.00000000
36.8651292515385,-1.26188987584499,1087.00000000
36.917212139218,-1.26188987584499,867.00000000
36.9317953477682,-1.26188987584499,875.00000000
36.9463785563185,-1.26188987584499,776.00000000
36.9630450803759,-1.26188987584499,916.00000000
36.9734616579118,-1.26188987584499,790.00000000
36.975544973419,-1.26188987584499,726.00000000
37.0317944921128,-1.26188987584499,905.00000000
37.0672108557348,-1.26188987584499,788.00000000
37.092210641821,-1.26188987584499,778.00000000
37.0942939573282,-1.26188987584499,819.00000000
36.5526319254618,-1.26397322988147,738.00000000
36.5838816580694,-1.26397322988147,611.00000000
36.5859649735766,-1.26397322988147,592.00000000
36.5984648666197,-1.26397322988147,593.00000000
36.6276312837202,-1.26397322988147,630.00000000
36.6401311767633,-1.26397322988147,540.00000000
36.6505477542992,-1.26397322988147,475.00000000
36.6672142783566,-1.26397322988147,417.00000000
36.6776308558925,-1.26397322988147,440.00000000
36.6963806954571,-1.26397322988147,409.00000000
36.7130472195145,-1.26397322988147,436.00000000
36.7234637970504,-1.26397322988147,414.00000000
36.7713800537155,-1.26397322988147,454.00000000
36.7755466847299,-1.26397322988147,510.00000000
36.8192963103806,-1.26397322988147,1031.00000000
36.8255462569021,-1.26397322988147,1014.00000000
36.835962834438,-1.26397322988147,861.00000000
36.8505460429883,-1.26397322988147,1027.00000000
36.8651292515385,-1.26397322988147,1036.00000000
36.881795775596,-1.26397322988147,1075.00000000
36.8901290376247,-1.26397322988147,846.00000000
36.8922123531319,-1.26397322988147,903.00000000
36.9047122461749,-1.26397322988147,910.00000000
36.9151288237108,-1.26397322988147,878.00000000
36.9567951338544,-1.26397322988147,827.00000000
36.9588784493616,-1.26397322988147,887.00000000
36.9630450803759,-1.26397322988147,949.00000000
37.0088780215338,-1.26397322988147,825.00000000
37.0172112835626,-1.26397322988147,795.00000000
37.0401277541415,-1.26397322988147,839.00000000
37.0505443316774,-1.26397322988147,850.00000000
37.0901273263138,-1.26397322988147,764.00000000
36.5130489308254,-1.26605658391794,830.00000000
36.5151322463326,-1.26605658391794,838.00000000
36.5213821928541,-1.26605658391794,739.00000000
36.6130480751699,-1.26605658391794,549.00000000
36.6359645457489,-1.26605658391794,552.00000000
36.706797272993,-1.26605658391794,414.00000000
36.7213804815432,-1.26605658391794,448.00000000
36.7255471125576,-1.26605658391794,429.00000000
36.7692967382083,-1.26605658391794,472.00000000
36.7901298932801,-1.26605658391794,546.00000000
36.7963798398016,-1.26605658391794,723.00000000
36.8047131018304,-1.26605658391794,1088.00000000
36.8797124600888,-1.26605658391794,1028.00000000
36.8859624066103,-1.26605658391794,932.00000000
36.8922123531319,-1.26605658391794,824.00000000
36.9047122461749,-1.26605658391794,876.00000000
36.9547118183472,-1.26605658391794,857.00000000
36.9672117113903,-1.26605658391794,826.00000000
36.9692950268975,-1.26605658391794,803.00000000
37.03387780762,-1.26605658391794,994.00000000
37.0401277541415,-1.26605658391794,813.00000000
37.0630442247205,-1.26605658391794,864.00000000
37.069294171242,-1.26605658391794,869.00000000
37.0713774867492,-1.26605658391794,837.00000000
37.0859606952994,-1.26605658391794,848.00000000
36.4922157757536,-1.26813993795441,784.00000000
36.4984657222751,-1.26813993795441,1000.00000000
36.5442986634331,-1.26813993795441,725.00000000
36.5609651874905,-1.26813993795441,666.00000000
36.5838816580694,-1.26813993795441,663.00000000
36.6047148131412,-1.26813993795441,514.00000000
36.6338812302417,-1.26813993795441,604.00000000
36.6984640109643,-1.26813993795441,507.00000000
36.706797272993,-1.26813993795441,481.00000000
36.7109639040073,-1.26813993795441,444.00000000
36.7255471125576,-1.26813993795441,411.00000000
36.7442969521222,-1.26813993795441,662.00000000
36.7588801606724,-1.26813993795441,677.00000000
36.7734633692227,-1.26813993795441,500.00000000
36.7901298932801,-1.26813993795441,534.00000000
36.7942965242945,-1.26813993795441,644.00000000
36.8151296793663,-1.26813993795441,1020.00000000
36.8317962034237,-1.26813993795441,1095.00000000
36.835962834438,-1.26813993795441,1119.00000000
36.858879305017,-1.26813993795441,934.00000000
36.8630459360314,-1.26813993795441,863.00000000
36.9026289306677,-1.26813993795441,856.00000000
36.9213787702324,-1.26813993795441,998.00000000
36.9255454012467,-1.26813993795441,985.00000000
36.9317953477682,-1.26813993795441,973.00000000
36.9734616579118,-1.26813993795441,759.00000000
36.9776282889262,-1.26813993795441,786.00000000
36.9817949199405,-1.26813993795441,783.00000000
36.9963781284908,-1.26813993795441,797.00000000
37.0255445455913,-1.26813993795441,858.00000000
37.0297111766056,-1.26813993795441,876.00000000
37.0442943851559,-1.26813993795441,823.00000000
37.0630442247205,-1.26813993795441,869.00000000
37.1005439038497,-1.26813993795441,771.00000000
36.5047156687967,-1.27022329199089,833.00000000
36.5422153479259,-1.27022329199089,766.00000000
36.5505486099546,-1.27022329199089,737.00000000
36.5588818719833,-1.27022329199089,757.00000000
36.5651318185048,-1.27022329199089,715.00000000
36.567215134012,-1.27022329199089,745.00000000
36.5692984495192,-1.27022329199089,750.00000000
36.5880482890838,-1.27022329199089,672.00000000
36.6026314976341,-1.27022329199089,553.00000000
36.6047148131412,-1.27022329199089,554.00000000
36.6109647596628,-1.27022329199089,513.00000000
36.6713809093709,-1.27022329199089,393.00000000
36.6797141713997,-1.27022329199089,385.00000000
36.6880474334284,-1.27022329199089,486.00000000
36.6984640109643,-1.27022329199089,499.00000000
36.7047139574858,-1.27022329199089,475.00000000
36.7130472195145,-1.27022329199089,437.00000000
36.719297166036,-1.27022329199089,410.00000000
36.7734633692227,-1.27022329199089,506.00000000
36.8380461499452,-1.27022329199089,1003.00000000
36.8734625135672,-1.27022329199089,910.00000000
36.9109621926965,-1.27022329199089,955.00000000
36.917212139218,-1.27022329199089,1040.00000000
36.9359619787826,-1.27022329199089,849.00000000
36.9922114974764,-1.27022329199089,785.00000000
37.0151279680554,-1.27022329199089,871.00000000
37.03387780762,-1.27022329199089,902.00000000
37.0526276471846,-1.27022329199089,840.00000000
36.6109647596628,-1.27230664602736,527.00000000
36.6151313906771,-1.27230664602736,533.00000000
36.6317979147345,-1.27230664602736,518.00000000
36.6442978077776,-1.27230664602736,520.00000000
36.706797272993,-1.27230664602736,437.00000000
36.7317970590791,-1.27230664602736,534.00000000
36.7380470056006,-1.27230664602736,515.00000000
36.7401303211078,-1.27230664602736,561.00000000
36.7463802676294,-1.27230664602736,751.00000000
36.765130107194,-1.27230664602736,546.00000000
36.8067964173375,-1.27230664602736,887.00000000
36.823462941395,-1.27230664602736,1071.00000000
36.8859624066103,-1.27230664602736,799.00000000
36.8922123531319,-1.27230664602736,788.00000000
36.9234620857395,-1.27230664602736,1004.00000000
36.9380452942898,-1.27230664602736,875.00000000
36.9567951338544,-1.27230664602736,907.00000000
36.9838782354477,-1.27230664602736,819.00000000
37.010961337041,-1.27230664602736,916.00000000
37.069294171242,-1.27230664602736,795.00000000
37.0838773797923,-1.27230664602736,756.00000000
36.5609651874905,-1.27439000006384,693.00000000
36.6172147061843,-1.27439000006384,533.00000000
36.6776308558925,-1.27439000006384,438.00000000
36.7317970590791,-1.27439000006384,536.00000000
36.7463802676294,-1.27439000006384,714.00000000
36.7484635831365,-1.27439000006384,740.00000000
36.7505468986437,-1.27439000006384,739.00000000
36.7797133157442,-1.27439000006384,480.00000000
36.8067964173375,-1.27439000006384,678.00000000
36.8692958825529,-1.27439000006384,974.00000000
36.881795775596,-1.27439000006384,856.00000000
36.8922123531319,-1.27439000006384,841.00000000
36.9067955616821,-1.27439000006384,813.00000000
36.9422119253041,-1.27439000006384,834.00000000
36.9713783424046,-1.27439000006384,885.00000000
37.0192945990697,-1.27439000006384,927.00000000
37.0588775937061,-1.27439000006384,838.00000000
37.0651275402277,-1.27439000006384,825.00000000
37.0817940642851,-1.27439000006384,754.00000000
36.5505486099546,-1.27647335410031,779.00000000
36.5817983425623,-1.27647335410031,662.00000000
36.6901307489355,-1.27647335410031,443.00000000
36.7026306419786,-1.27647335410031,465.00000000
36.7276304280648,-1.27647335410031,474.00000000
36.7880465777729,-1.27647335410031,539.00000000
36.7922132087873,-1.27647335410031,609.00000000
36.8151296793663,-1.27647335410031,993.00000000
36.8505460429883,-1.27647335410031,1085.00000000
36.9047122461749,-1.27647335410031,841.00000000
36.940128609797,-1.27647335410031,834.00000000
36.9817949199405,-1.27647335410031,833.00000000
36.9963781284908,-1.27647335410031,785.00000000
37.0005447595051,-1.27647335410031,832.00000000
37.0088780215338,-1.27647335410031,907.00000000
37.0130446525482,-1.27647335410031,915.00000000
37.0401277541415,-1.27647335410031,881.00000000
37.0651275402277,-1.27647335410031,823.00000000
36.5734650805336,-1.27855670813679,751.00000000
36.5838816580694,-1.27855670813679,684.00000000
36.6130480751699,-1.27855670813679,602.00000000
36.6234646527058,-1.27855670813679,502.00000000
36.625547968213,-1.27855670813679,493.00000000
36.6297145992274,-1.27855670813679,484.00000000
36.6380478612561,-1.27855670813679,522.00000000
36.660964331835,-1.27855670813679,463.00000000
36.6734642248781,-1.27855670813679,429.00000000
36.6963806954571,-1.27855670813679,440.00000000
36.7130472195145,-1.27855670813679,467.00000000
36.7151305350217,-1.27855670813679,467.00000000
36.7255471125576,-1.27855670813679,456.00000000
36.7442969521222,-1.27855670813679,697.00000000
36.7547135296581,-1.27855670813679,808.00000000
36.7901298932801,-1.27855670813679,574.00000000
36.8047131018304,-1.27855670813679,582.00000000
36.8151296793663,-1.27855670813679,987.00000000
36.8505460429883,-1.27855670813679,1080.00000000
36.8609626205242,-1.27855670813679,912.00000000
36.8755458290744,-1.27855670813679,1019.00000000
36.9317953477682,-1.27855670813679,845.00000000
36.9505451873328,-1.27855670813679,832.00000000
36.9609617648687,-1.27855670813679,799.00000000
37.0005447595051,-1.27855670813679,826.00000000
37.0505443316774,-1.27855670813679,815.00000000
36.5797150270551,-1.28064006217326,649.00000000
36.6047148131412,-1.28064006217326,665.00000000
36.6067981286484,-1.28064006217326,667.00000000
36.6088814441556,-1.28064006217326,647.00000000
36.6213813371987,-1.28064006217326,524.00000000
36.6317979147345,-1.28064006217326,526.00000000
36.6672142783566,-1.28064006217326,438.00000000
36.6901307489355,-1.28064006217326,468.00000000
36.6984640109643,-1.28064006217326,461.00000000
36.7463802676294,-1.28064006217326,757.00000000
36.8380461499452,-1.28064006217326,1046.00000000
36.8442960964667,-1.28064006217326,985.00000000
36.8484627274811,-1.28064006217326,1102.00000000
36.8526293584955,-1.28064006217326,944.00000000
36.9109621926965,-1.28064006217326,1054.00000000
36.9192954547252,-1.28064006217326,955.00000000
36.9234620857395,-1.28064006217326,892.00000000
36.9505451873328,-1.28064006217326,831.00000000
36.95262850284,-1.28064006217326,826.00000000
36.9776282889262,-1.28064006217326,872.00000000
36.9880448664621,-1.28064006217326,838.00000000
37.0255445455913,-1.28064006217326,828.00000000
37.0359611231272,-1.28064006217326,845.00000000
36.567215134012,-1.28272341620973,615.00000000
36.5776317115479,-1.28272341620973,669.00000000
36.6088814441556,-1.28272341620973,683.00000000
36.6192980216915,-1.28272341620973,475.00000000
36.6880474334284,-1.28272341620973,397.00000000
36.7005473264714,-1.28272341620973,431.00000000
36.7213804815432,-1.28272341620973,511.00000000
36.742213636615,-1.28272341620973,745.00000000
36.7505468986437,-1.28272341620973,906.00000000
36.7797133157442,-1.28272341620973,529.00000000
36.7880465777729,-1.28272341620973,564.00000000
36.7901298932801,-1.28272341620973,727.00000000
36.7942965242945,-1.28272341620973,479.00000000
36.8401294654524,-1.28272341620973,1078.00000000
36.9463785563185,-1.28272341620973,859.00000000
36.9567951338544,-1.28272341620973,862.00000000
36.9588784493616,-1.28272341620973,829.00000000
36.9609617648687,-1.28272341620973,801.00000000
36.9651283958831,-1.28272341620973,839.00000000
36.975544973419,-1.28272341620973,835.00000000
37.010961337041,-1.28272341620973,895.00000000
37.0276278610985,-1.28272341620973,816.00000000
37.0734608022564,-1.28272341620973,778.00000000
36.5838816580694,-1.28480677024621,679.00000000
36.5859649735766,-1.28480677024621,672.00000000
36.6005481821269,-1.28480677024621,674.00000000
36.6026314976341,-1.28480677024621,670.00000000
36.6151313906771,-1.28480677024621,575.00000000
36.6276312837202,-1.28480677024621,540.00000000
36.6442978077776,-1.28480677024621,437.00000000
36.6672142783566,-1.28480677024621,459.00000000
36.6713809093709,-1.28480677024621,425.00000000
36.6776308558925,-1.28480677024621,474.00000000
36.6797141713997,-1.28480677024621,464.00000000
36.6817974869068,-1.28480677024621,412.00000000
36.6859641179212,-1.28480677024621,398.00000000
36.6901307489355,-1.28480677024621,403.00000000
36.7130472195145,-1.28480677024621,438.00000000
36.7526302141509,-1.28480677024621,877.00000000
36.7734633692227,-1.28480677024621,536.00000000
36.7817966312514,-1.28480677024621,591.00000000
36.7963798398016,-1.28480677024621,567.00000000
36.800546470816,-1.28480677024621,560.00000000
36.9109621926965,-1.28480677024621,996.00000000
36.9338786632754,-1.28480677024621,860.00000000
36.9588784493616,-1.28480677024621,773.00000000
36.9713783424046,-1.28480677024621,922.00000000
37.0088780215338,-1.28480677024621,911.00000000
37.0213779145769,-1.28480677024621,939.00000000
37.0401277541415,-1.28480677024621,871.00000000
37.0505443316774,-1.28480677024621,887.00000000
36.590131604591,-1.28689012428268,725.00000000
36.5922149200982,-1.28689012428268,697.00000000
36.5942982356053,-1.28689012428268,678.00000000
36.6047148131412,-1.28689012428268,660.00000000
36.625547968213,-1.28689012428268,509.00000000
36.6817974869068,-1.28689012428268,409.00000000
36.6880474334284,-1.28689012428268,418.00000000
36.7109639040073,-1.28689012428268,420.00000000
36.7338803745863,-1.28689012428268,780.00000000
36.742213636615,-1.28689012428268,865.00000000
36.765130107194,-1.28689012428268,456.00000000
36.7672134227011,-1.28689012428268,478.00000000
36.8047131018304,-1.28689012428268,588.00000000
36.835962834438,-1.28689012428268,1173.00000000
36.858879305017,-1.28689012428268,1021.00000000
36.8630459360314,-1.28689012428268,1070.00000000
36.9047122461749,-1.28689012428268,964.00000000
36.9130455082036,-1.28689012428268,978.00000000
36.9297120322611,-1.28689012428268,874.00000000
36.9338786632754,-1.28689012428268,863.00000000
36.9422119253041,-1.28689012428268,787.00000000
36.95262850284,-1.28689012428268,848.00000000
36.9547118183472,-1.28689012428268,782.00000000
36.9672117113903,-1.28689012428268,807.00000000
36.9713783424046,-1.28689012428268,935.00000000
37.0026280750123,-1.28689012428268,828.00000000
37.0151279680554,-1.28689012428268,899.00000000
37.0172112835626,-1.28689012428268,897.00000000
37.0401277541415,-1.28689012428268,901.00000000
37.0588775937061,-1.28689012428268,828.00000000
36.6088814441556,-1.28897347831916,655.00000000
36.6192980216915,-1.28897347831916,610.00000000
36.6317979147345,-1.28897347831916,523.00000000
36.6567977008207,-1.28897347831916,498.00000000
36.6776308558925,-1.28897347831916,397.00000000
36.6922140644427,-1.28897347831916,440.00000000
36.7151305350217,-1.28897347831916,424.00000000
36.7172138505289,-1.28897347831916,492.00000000
36.7588801606724,-1.28897347831916,911.00000000
36.777630000237,-1.28897347831916,565.00000000
36.7880465777729,-1.28897347831916,896.00000000
36.7942965242945,-1.28897347831916,953.00000000
36.8067964173375,-1.28897347831916,640.00000000
36.8755458290744,-1.28897347831916,963.00000000
36.9005456151606,-1.28897347831916,916.00000000
36.9317953477682,-1.28897347831916,877.00000000
36.95262850284,-1.28897347831916,756.00000000
36.9588784493616,-1.28897347831916,711.00000000
36.9713783424046,-1.28897347831916,940.00000000
37.0505443316774,-1.28897347831916,893.00000000
37.0630442247205,-1.28897347831916,863.00000000
36.625547968213,-1.29105683235563,550.00000000
36.6359645457489,-1.29105683235563,519.00000000
36.6734642248781,-1.29105683235563,401.00000000
36.6817974869068,-1.29105683235563,382.00000000
36.6880474334284,-1.29105683235563,382.00000000
36.6901307489355,-1.29105683235563,396.00000000
36.7026306419786,-1.29105683235563,409.00000000
36.7213804815432,-1.29105683235563,488.00000000
36.7547135296581,-1.29105683235563,990.00000000
36.7817966312514,-1.29105683235563,724.00000000
36.7838799467586,-1.29105683235563,815.00000000
36.8067964173375,-1.29105683235563,802.00000000
36.8338795189309,-1.29105683235563,1096.00000000
36.8401294654524,-1.29105683235563,1094.00000000
36.8547126740026,-1.29105683235563,956.00000000
36.8567959895098,-1.29105683235563,972.00000000
36.858879305017,-1.29105683235563,992.00000000
36.8922123531319,-1.29105683235563,883.00000000
36.917212139218,-1.29105683235563,943.00000000
36.9713783424046,-1.29105683235563,836.00000000
37.0047113905195,-1.29105683235563,825.00000000
37.0380444386343,-1.29105683235563,957.00000000
36.6526310698063,-1.29314018639211,507.00000000
36.6651309628494,-1.29314018639211,458.00000000
36.6734642248781,-1.29314018639211,377.00000000
36.6755475403853,-1.29314018639211,371.00000000
36.7255471125576,-1.29314018639211,486.00000000
36.7317970590791,-1.29314018639211,599.00000000
36.7713800537155,-1.29314018639211,635.00000000
36.8651292515385,-1.29314018639211,1049.00000000
36.8672125670457,-1.29314018639211,1026.00000000
36.8734625135672,-1.29314018639211,1012.00000000
36.8755458290744,-1.29314018639211,945.00000000
36.8838790911031,-1.29314018639211,936.00000000
36.9067955616821,-1.29314018639211,885.00000000
36.9484618718257,-1.29314018639211,781.00000000
36.9547118183472,-1.29314018639211,712.00000000
37.0630442247205,-1.29314018639211,781.00000000
36.6380478612561,-1.29522354042858,497.00000000
36.6505477542992,-1.29522354042858,438.00000000
36.6942973799499,-1.29522354042858,383.00000000
36.7088805885002,-1.29522354042858,400.00000000
36.7172138505289,-1.29522354042858,423.00000000
36.7609634761796,-1.29522354042858,750.00000000
36.7817966312514,-1.29522354042858,846.00000000
36.7880465777729,-1.29522354042858,945.00000000
36.7963798398016,-1.29522354042858,1062.00000000
36.8422127809596,-1.29522354042858,1048.00000000
36.8984622996534,-1.29522354042858,852.00000000
36.9109621926965,-1.29522354042858,859.00000000
36.9130455082036,-1.29522354042858,896.00000000
36.9588784493616,-1.29522354042858,768.00000000
36.9630450803759,-1.29522354042858,824.00000000
37.0630442247205,-1.29522354042858,759.00000000
37.0651275402277,-1.29522354042858,751.00000000
37.0713774867492,-1.29522354042858,771.00000000
36.6442978077776,-1.29730689446505,428.00000000
36.6817974869068,-1.29730689446505,353.00000000
36.7276304280648,-1.29730689446505,452.00000000
36.7380470056006,-1.29730689446505,545.00000000
36.7401303211078,-1.29730689446505,576.00000000
36.7442969521222,-1.29730689446505,635.00000000
36.7505468986437,-1.29730689446505,771.00000000
36.7567968451653,-1.29730689446505,804.00000000
36.7901298932801,-1.29730689446505,988.00000000
36.8067964173375,-1.29730689446505,967.00000000
36.8130463638591,-1.29730689446505,1032.00000000
36.8484627274811,-1.29730689446505,906.00000000
36.8672125670457,-1.29730689446505,982.00000000
36.8838790911031,-1.29730689446505,894.00000000
36.8901290376247,-1.29730689446505,969.00000000
36.6588810163279,-1.29939024850153,389.00000000
36.6672142783566,-1.29939024850153,411.00000000
36.6692975938638,-1.29939024850153,391.00000000
36.6797141713997,-1.29939024850153,320.00000000
36.6901307489355,-1.29939024850153,349.00000000
36.7026306419786,-1.29939024850153,426.00000000
36.7047139574858,-1.29939024850153,434.00000000
36.7317970590791,-1.29939024850153,494.00000000
36.7672134227011,-1.29939024850153,781.00000000
36.8130463638591,-1.29939024850153,984.00000000
36.8172129948734,-1.29939024850153,933.00000000
36.8192963103806,-1.29939024850153,1041.00000000
36.9109621926965,-1.29939024850153,932.00000000
36.9192954547252,-1.29939024850153,867.00000000
36.9380452942898,-1.29939024850153,772.00000000
36.660964331835,-1.301473602538,385.00000000
36.6713809093709,-1.301473602538,348.00000000
36.7317970590791,-1.301473602538,456.00000000
36.7442969521222,-1.301473602538,534.00000000
36.7526302141509,-1.301473602538,589.00000000
36.7609634761796,-1.301473602538,554.00000000
36.765130107194,-1.301473602538,504.00000000
36.7797133157442,-1.301473602538,868.00000000
36.8026297863232,-1.301473602538,986.00000000
36.8797124600888,-1.301473602538,917.00000000
36.881795775596,-1.301473602538,923.00000000
36.8859624066103,-1.301473602538,1057.00000000
36.8984622996534,-1.301473602538,1038.00000000
36.9067955616821,-1.301473602538,909.00000000
36.9088788771893,-1.301473602538,921.00000000
36.9151288237108,-1.301473602538,920.00000000
36.9234620857395,-1.301473602538,891.00000000
36.9276287167539,-1.301473602538,811.00000000
36.9338786632754,-1.301473602538,791.00000000
36.9380452942898,-1.301473602538,758.00000000
36.9422119253041,-1.301473602538,796.00000000
36.9463785563185,-1.301473602538,807.00000000
36.9505451873328,-1.301473602538,775.00000000
36.9547118183472,-1.301473602538,845.00000000
36.975544973419,-1.301473602538,862.00000000
36.6942973799499,-1.30355695657448,384.00000000
36.7026306419786,-1.30355695657448,355.00000000
36.7359636900935,-1.30355695657448,436.00000000
36.7672134227011,-1.30355695657448,495.00000000
36.7838799467586,-1.30355695657448,942.00000000
36.7901298932801,-1.30355695657448,1007.00000000
36.7963798398016,-1.30355695657448,681.00000000
36.8755458290744,-1.30355695657448,968.00000000
36.8859624066103,-1.30355695657448,973.00000000
36.9088788771893,-1.30355695657448,912.00000000
36.9213787702324,-1.30355695657448,806.00000000
36.9234620857395,-1.30355695657448,852.00000000
36.9338786632754,-1.30355695657448,778.00000000
36.9422119253041,-1.30355695657448,781.00000000
36.7276304280648,-1.30564031061095,495.00000000
36.7359636900935,-1.30564031061095,447.00000000
36.7817966312514,-1.30564031061095,759.00000000
36.7901298932801,-1.30564031061095,889.00000000
36.8547126740026,-1.30564031061095,1074.00000000
36.894295668639,-1.30564031061095,1011.00000000
36.8984622996534,-1.30564031061095,926.00000000
36.9567951338544,-1.30564031061095,905.00000000
36.9734616579118,-1.30564031061095,892.00000000
36.7109639040073,-1.30772366464742,434.00000000
36.7276304280648,-1.30772366464742,488.00000000
36.7380470056006,-1.30772366464742,470.00000000
36.7463802676294,-1.30772366464742,477.00000000
36.7588801606724,-1.30772366464742,462.00000000
36.7713800537155,-1.30772366464742,628.00000000
36.7942965242945,-1.30772366464742,761.00000000
36.800546470816,-1.30772366464742,944.00000000
36.8047131018304,-1.30772366464742,857.00000000
36.8630459360314,-1.30772366464742,1056.00000000
36.894295668639,-1.30772366464742,877.00000000
36.8963789841462,-1.30772366464742,851.00000000
36.9109621926965,-1.30772366464742,925.00000000
36.9255454012467,-1.30772366464742,778.00000000
36.9338786632754,-1.30772366464742,768.00000000
36.940128609797,-1.30772366464742,751.00000000
36.9463785563185,-1.30772366464742,751.00000000
36.9672117113903,-1.30772366464742,946.00000000
36.9797116044333,-1.30772366464742,959.00000000
36.6776308558925,-1.3098070186839,396.00000000
36.706797272993,-1.3098070186839,374.00000000
36.7130472195145,-1.3098070186839,407.00000000
36.7213804815432,-1.3098070186839,426.00000000
36.7276304280648,-1.3098070186839,466.00000000
36.7380470056006,-1.3098070186839,407.00000000
36.7505468986437,-1.3098070186839,484.00000000
36.7630467916868,-1.3098070186839,521.00000000
36.7984631553088,-1.3098070186839,918.00000000
36.917212139218,-1.3098070186839,977.00000000
36.9484618718257,-1.3098070186839,726.00000000
36.9672117113903,-1.3098070186839,942.00000000
36.6692975938638,-1.31189037272037,410.00000000
36.6797141713997,-1.31189037272037,420.00000000
36.6817974869068,-1.31189037272037,405.00000000
36.7005473264714,-1.31189037272037,382.00000000
36.7026306419786,-1.31189037272037,381.00000000
36.7234637970504,-1.31189037272037,456.00000000
36.7255471125576,-1.31189037272037,480.00000000
36.7442969521222,-1.31189037272037,390.00000000
36.7713800537155,-1.31189037272037,535.00000000
36.7755466847299,-1.31189037272037,687.00000000
36.7880465777729,-1.31189037272037,1025.00000000
36.8213796258878,-1.31189037272037,1050.00000000
36.8422127809596,-1.31189037272037,1064.00000000
36.8567959895098,-1.31189037272037,1018.00000000
36.9151288237108,-1.31189037272037,941.00000000
36.9692950268975,-1.31189037272037,908.00000000
36.9713783424046,-1.31189037272037,922.00000000
36.6817974869068,-1.31397372675685,416.00000000
36.683880802414,-1.31397372675685,406.00000000
36.6942973799499,-1.31397372675685,369.00000000
36.6963806954571,-1.31397372675685,370.00000000
36.7026306419786,-1.31397372675685,386.00000000
36.7151305350217,-1.31397372675685,384.00000000
36.7255471125576,-1.31397372675685,468.00000000
36.7755466847299,-1.31397372675685,648.00000000
36.8213796258878,-1.31397372675685,989.00000000
36.8442960964667,-1.31397372675685,975.00000000
36.9338786632754,-1.31397372675685,790.00000000
36.6672142783566,-1.31605708079332,431.00000000
36.6880474334284,-1.31605708079332,419.00000000
36.7151305350217,-1.31605708079332,389.00000000
36.7505468986437,-1.31605708079332,391.00000000
36.7692967382083,-1.31605708079332,424.00000000
36.777630000237,-1.31605708079332,681.00000000
36.8297128879165,-1.31605708079332,1006.00000000
36.8401294654524,-1.31605708079332,886.00000000
36.8567959895098,-1.31605708079332,970.00000000
36.8797124600888,-1.31605708079332,1001.00000000
36.881795775596,-1.31605708079332,1065.00000000
36.8922123531319,-1.31605708079332,979.00000000
36.8963789841462,-1.31605708079332,980.00000000
36.9130455082036,-1.31605708079332,938.00000000
36.940128609797,-1.31605708079332,741.00000000
36.9713783424046,-1.31605708079332,768.00000000
36.9797116044333,-1.31605708079332,876.00000000
36.7463802676294,-1.3181404348298,402.00000000
36.7817966312514,-1.3181404348298,740.00000000
36.7922132087873,-1.3181404348298,896.00000000
36.8088797328447,-1.3181404348298,760.00000000
36.8776291445816,-1.3181404348298,964.00000000
36.8963789841462,-1.3181404348298,981.00000000
36.9422119253041,-1.3181404348298,751.00000000
36.9692950268975,-1.3181404348298,819.00000000
36.6797141713997,-1.32022378886627,423.00000000
36.6901307489355,-1.32022378886627,411.00000000
36.7088805885002,-1.32022378886627,406.00000000
36.7922132087873,-1.32022378886627,806.00000000
36.8067964173375,-1.32022378886627,844.00000000
36.8213796258878,-1.32022378886627,818.00000000
36.8567959895098,-1.32022378886627,821.00000000
36.8755458290744,-1.32022378886627,962.00000000
36.8984622996534,-1.32022378886627,954.00000000
36.9213787702324,-1.32022378886627,802.00000000
36.9422119253041,-1.32022378886627,792.00000000
36.9463785563185,-1.32022378886627,952.00000000
36.95262850284,-1.32022378886627,891.00000000
36.6817974869068,-1.32230714290274,436.00000000
36.7234637970504,-1.32230714290274,478.00000000
36.7505468986437,-1.32230714290274,404.00000000
36.7672134227011,-1.32230714290274,414.00000000
36.7817966312514,-1.32230714290274,570.00000000
36.7922132087873,-1.32230714290274,756.00000000
36.8067964173375,-1.32230714290274,901.00000000
36.8088797328447,-1.32230714290274,866.00000000
36.8109630483519,-1.32230714290274,812.00000000
36.823462941395,-1.32230714290274,783.00000000
36.8255462569021,-1.32230714290274,874.00000000
36.8692958825529,-1.32230714290274,991.00000000
36.8797124600888,-1.32230714290274,848.00000000
36.9484618718257,-1.32230714290274,948.00000000
36.6755475403853,-1.32439049693922,429.00000000
36.6817974869068,-1.32439049693922,442.00000000
36.683880802414,-1.32439049693922,440.00000000
36.7130472195145,-1.32439049693922,394.00000000
36.7380470056006,-1.32439049693922,501.00000000
36.7484635831365,-1.32439049693922,453.00000000
36.7505468986437,-1.32439049693922,435.00000000
36.7901298932801,-1.32439049693922,788.00000000
36.8401294654524,-1.32439049693922,849.00000000
36.8463794119739,-1.32439049693922,897.00000000
36.8526293584955,-1.32439049693922,889.00000000
36.858879305017,-1.32439049693922,805.00000000
36.8859624066103,-1.32439049693922,966.00000000
36.8901290376247,-1.32439049693922,934.00000000
36.6755475403853,-1.32647385097569,449.00000000
36.7026306419786,-1.32647385097569,448.00000000
36.7047139574858,-1.32647385097569,432.00000000
36.7151305350217,-1.32647385097569,389.00000000
36.7172138505289,-1.32647385097569,464.00000000
36.7317970590791,-1.32647385097569,512.00000000
36.7526302141509,-1.32647385097569,410.00000000
36.8130463638591,-1.32647385097569,811.00000000
36.8692958825529,-1.32647385097569,900.00000000
36.8880457221175,-1.32647385097569,912.00000000
36.9088788771893,-1.32647385097569,863.00000000
36.9442952408113,-1.32647385097569,847.00000000
36.95262850284,-1.32647385097569,754.00000000
36.975544973419,-1.32647385097569,849.00000000
36.6817974869068,-1.32855720501217,471.00000000
36.6922140644427,-1.32855720501217,421.00000000
36.7026306419786,-1.32855720501217,433.00000000
36.7151305350217,-1.32855720501217,408.00000000
36.7255471125576,-1.32855720501217,517.00000000
36.7297137435719,-1.32855720501217,490.00000000
36.7317970590791,-1.32855720501217,500.00000000
36.7547135296581,-1.32855720501217,412.00000000
36.777630000237,-1.32855720501217,513.00000000
36.7963798398016,-1.32855720501217,644.00000000
36.800546470816,-1.32855720501217,660.00000000
36.8151296793663,-1.32855720501217,761.00000000
36.8172129948734,-1.32855720501217,783.00000000
36.8255462569021,-1.32855720501217,841.00000000
36.8547126740026,-1.32855720501217,920.00000000
36.894295668639,-1.32855720501217,893.00000000
36.8963789841462,-1.32855720501217,857.00000000
36.8984622996534,-1.32855720501217,839.00000000
36.9234620857395,-1.32855720501217,1128.00000000
36.9422119253041,-1.32855720501217,855.00000000
36.95262850284,-1.32855720501217,798.00000000
36.9609617648687,-1.32855720501217,818.00000000
36.9692950268975,-1.32855720501217,857.00000000
36.706797272993,-1.33064055904864,361.00000000
36.7109639040073,-1.33064055904864,401.00000000
36.7755466847299,-1.33064055904864,429.00000000
36.7901298932801,-1.33064055904864,505.00000000
36.7984631553088,-1.33064055904864,528.00000000
36.8297128879165,-1.33064055904864,791.00000000
36.8567959895098,-1.33064055904864,883.00000000
36.8672125670457,-1.33064055904864,951.00000000
36.8755458290744,-1.33064055904864,1011.00000000
36.8859624066103,-1.33064055904864,947.00000000
36.8901290376247,-1.33064055904864,951.00000000
36.917212139218,-1.33064055904864,904.00000000
36.9192954547252,-1.33064055904864,961.00000000
36.9317953477682,-1.33064055904864,891.00000000
36.9547118183472,-1.33064055904864,858.00000000
36.9609617648687,-1.33064055904864,820.00000000
36.6859641179212,-1.33272391308511,431.00000000
36.7234637970504,-1.33272391308511,470.00000000
36.7526302141509,-1.33272391308511,437.00000000
36.8172129948734,-1.33272391308511,728.00000000
36.8505460429883,-1.33272391308511,765.00000000
36.9026289306677,-1.33272391308511,794.00000000
36.917212139218,-1.33272391308511,981.00000000
36.9359619787826,-1.33272391308511,840.00000000
36.9484618718257,-1.33272391308511,879.00000000
36.7151305350217,-1.33480726712159,447.00000000
36.7213804815432,-1.33480726712159,439.00000000
36.7463802676294,-1.33480726712159,442.00000000
36.823462941395,-1.33480726712159,724.00000000
36.8317962034237,-1.33480726712159,720.00000000
36.8692958825529,-1.33480726712159,939.00000000
36.9088788771893,-1.33480726712159,878.00000000
36.9338786632754,-1.33480726712159,816.00000000
36.9442952408113,-1.33480726712159,897.00000000
36.9588784493616,-1.33480726712159,819.00000000
36.706797272993,-1.33689062115806,403.00000000
36.7088805885002,-1.33689062115806,402.00000000
36.7234637970504,-1.33689062115806,445.00000000
36.7297137435719,-1.33689062115806,448.00000000
36.742213636615,-1.33689062115806,460.00000000
36.7588801606724,-1.33689062115806,422.00000000
36.7880465777729,-1.33689062115806,414.00000000
36.800546470816,-1.33689062115806,468.00000000
36.8026297863232,-1.33689062115806,483.00000000
36.8276295724093,-1.33689062115806,713.00000000
36.8317962034237,-1.33689062115806,699.00000000
36.8463794119739,-1.33689062115806,742.00000000
36.8567959895098,-1.33689062115806,701.00000000
36.8713791980601,-1.33689062115806,917.00000000
36.8797124600888,-1.33689062115806,947.00000000
36.9088788771893,-1.33689062115806,860.00000000
36.9317953477682,-1.33689062115806,851.00000000
36.9672117113903,-1.33689062115806,861.00000000
36.9713783424046,-1.33689062115806,844.00000000
36.6942973799499,-1.33897397519454,389.00000000
36.7734633692227,-1.33897397519454,525.00000000
36.7901298932801,-1.33897397519454,386.00000000
36.7922132087873,-1.33897397519454,387.00000000
36.8067964173375,-1.33897397519454,523.00000000
36.823462941395,-1.33897397519454,671.00000000
36.8276295724093,-1.33897397519454,696.00000000
36.8484627274811,-1.33897397519454,723.00000000
36.8692958825529,-1.33897397519454,837.00000000
36.8963789841462,-1.33897397519454,835.00000000
36.9067955616821,-1.33897397519454,833.00000000
36.9109621926965,-1.33897397519454,921.00000000
36.9484618718257,-1.33897397519454,880.00000000
36.7234637970504,-1.34105732923101,421.00000000
36.7276304280648,-1.34105732923101,412.00000000
36.7713800537155,-1.34105732923101,452.00000000
36.800546470816,-1.34105732923101,434.00000000
36.8734625135672,-1.34105732923101,858.00000000
36.8755458290744,-1.34105732923101,841.00000000
36.9213787702324,-1.34105732923101,874.00000000
36.9505451873328,-1.34105732923101,861.00000000
36.6942973799499,-1.34314068326749,404.00000000
36.7234637970504,-1.34314068326749,380.00000000
36.7276304280648,-1.34314068326749,423.00000000
36.7338803745863,-1.34314068326749,462.00000000
36.7401303211078,-1.34314068326749,470.00000000
36.7922132087873,-1.34314068326749,396.00000000
36.8276295724093,-1.34314068326749,659.00000000
36.8338795189309,-1.34314068326749,701.00000000
36.8526293584955,-1.34314068326749,673.00000000
36.8609626205242,-1.34314068326749,656.00000000
36.894295668639,-1.34314068326749,873.00000000
36.9088788771893,-1.34314068326749,946.00000000
36.9213787702324,-1.34314068326749,892.00000000
36.9234620857395,-1.34314068326749,928.00000000
36.6942973799499,-1.34522403730396,401.00000000
36.7755466847299,-1.34522403730396,450.00000000
36.8297128879165,-1.34522403730396,667.00000000
36.8380461499452,-1.34522403730396,709.00000000
36.8630459360314,-1.34522403730396,661.00000000
36.881795775596,-1.34522403730396,711.00000000
36.9192954547252,-1.34522403730396,926.00000000
36.706797272993,-1.34730739134043,367.00000000
36.7109639040073,-1.34730739134043,346.00000000
36.719297166036,-1.34730739134043,335.00000000
36.7526302141509,-1.34730739134043,453.00000000
36.7901298932801,-1.34730739134043,397.00000000
36.7942965242945,-1.34730739134043,443.00000000
36.8026297863232,-1.34730739134043,448.00000000
36.8130463638591,-1.34730739134043,589.00000000
36.8192963103806,-1.34730739134043,625.00000000
36.8442960964667,-1.34730739134043,677.00000000
36.8630459360314,-1.34730739134043,640.00000000
36.8713791980601,-1.34730739134043,659.00000000
36.9047122461749,-1.34730739134043,920.00000000
36.9088788771893,-1.34730739134043,960.00000000
36.6922140644427,-1.34939074537691,466.00000000
36.706797272993,-1.34939074537691,350.00000000
36.7338803745863,-1.34939074537691,475.00000000
36.742213636615,-1.34939074537691,454.00000000
36.7692967382083,-1.34939074537691,472.00000000
36.7713800537155,-1.34939074537691,443.00000000
36.7859632622658,-1.34939074537691,382.00000000
36.7901298932801,-1.34939074537691,427.00000000
36.8047131018304,-1.34939074537691,515.00000000
36.823462941395,-1.34939074537691,615.00000000
36.8380461499452,-1.34939074537691,671.00000000
36.8422127809596,-1.34939074537691,679.00000000
36.858879305017,-1.34939074537691,626.00000000
36.8880457221175,-1.34939074537691,856.00000000
36.9130455082036,-1.34939074537691,875.00000000
36.7526302141509,-1.35147409941338,439.00000000
36.7942965242945,-1.35147409941338,436.00000000
36.823462941395,-1.35147409941338,618.00000000
36.8276295724093,-1.35147409941338,622.00000000
36.8609626205242,-1.35147409941338,641.00000000
36.719297166036,-1.35355745344986,330.00000000
36.777630000237,-1.35355745344986,369.00000000
36.7817966312514,-1.35355745344986,364.00000000
36.7859632622658,-1.35355745344986,372.00000000
36.8297128879165,-1.35355745344986,607.00000000
36.8422127809596,-1.35355745344986,647.00000000
36.8672125670457,-1.35355745344986,620.00000000
36.881795775596,-1.35355745344986,643.00000000
36.8859624066103,-1.35355745344986,731.00000000
36.7130472195145,-1.35564080748633,387.00000000
36.7484635831365,-1.35564080748633,464.00000000
36.7630467916868,-1.35564080748633,461.00000000
36.765130107194,-1.35564080748633,479.00000000
36.8067964173375,-1.35564080748633,534.00000000
36.8151296793663,-1.35564080748633,594.00000000
36.8255462569021,-1.35564080748633,579.00000000
36.8380461499452,-1.35564080748633,623.00000000
36.8526293584955,-1.35564080748633,601.00000000
36.8755458290744,-1.35564080748633,655.00000000
36.8797124600888,-1.35564080748633,623.00000000
36.8880457221175,-1.35564080748633,730.00000000
36.9109621926965,-1.35564080748633,800.00000000
36.7276304280648,-1.35772416152281,391.00000000
36.7297137435719,-1.35772416152281,414.00000000
36.742213636615,-1.35772416152281,470.00000000
36.7755466847299,-1.35772416152281,387.00000000
36.8047131018304,-1.35772416152281,511.00000000
36.8151296793663,-1.35772416152281,599.00000000
36.8422127809596,-1.35772416152281,595.00000000
36.8442960964667,-1.35772416152281,600.00000000
36.8463794119739,-1.35772416152281,596.00000000
36.8609626205242,-1.35772416152281,600.00000000
36.7151305350217,-1.35980751555928,364.00000000
36.7442969521222,-1.35980751555928,437.00000000
36.7463802676294,-1.35980751555928,435.00000000
36.7526302141509,-1.35980751555928,436.00000000
36.7901298932801,-1.35980751555928,412.00000000
36.7963798398016,-1.35980751555928,391.00000000
36.8422127809596,-1.35980751555928,562.00000000
36.8880457221175,-1.35980751555928,693.00000000
36.8901290376247,-1.35980751555928,693.00000000
36.7317970590791,-1.36189086959575,392.00000000
36.7505468986437,-1.36189086959575,431.00000000
36.858879305017,-1.36189086959575,571.00000000
36.9026289306677,-1.36189086959575,909.00000000
36.7276304280648,-1.36397422363223,377.00000000
36.7297137435719,-1.36397422363223,371.00000000
36.7713800537155,-1.36397422363223,437.00000000
36.7817966312514,-1.36397422363223,361.00000000
36.8338795189309,-1.36397422363223,586.00000000
36.8463794119739,-1.36397422363223,602.00000000
36.8692958825529,-1.36397422363223,666.00000000
36.8797124600888,-1.36397422363223,652.00000000
36.9026289306677,-1.36397422363223,873.00000000
36.7338803745863,-1.3660575776687,356.00000000
36.7817966312514,-1.3660575776687,365.00000000
36.7880465777729,-1.3660575776687,372.00000000
36.7922132087873,-1.3660575776687,373.00000000
36.823462941395,-1.3660575776687,601.00000000
36.8317962034237,-1.3660575776687,568.00000000
36.8630459360314,-1.3660575776687,564.00000000
36.8692958825529,-1.3660575776687,646.00000000
36.881795775596,-1.3660575776687,620.00000000
36.8859624066103,-1.3660575776687,667.00000000
36.7380470056006,-1.36814093170518,376.00000000
36.742213636615,-1.36814093170518,381.00000000
36.7817966312514,-1.36814093170518,356.00000000
36.8151296793663,-1.36814093170518,530.00000000
36.8192963103806,-1.36814093170518,566.00000000
36.8317962034237,-1.36814093170518,530.00000000
36.8422127809596,-1.36814093170518,524.00000000
36.858879305017,-1.36814093170518,540.00000000
36.8797124600888,-1.36814093170518,614.00000000
36.881795775596,-1.36814093170518,631.00000000
36.8922123531319,-1.36814093170518,627.00000000
36.7484635831365,-1.37022428574165,413.00000000
36.7505468986437,-1.37022428574165,402.00000000
36.7567968451653,-1.37022428574165,400.00000000
36.8088797328447,-1.37022428574165,574.00000000
36.8255462569021,-1.37022428574165,550.00000000
36.8567959895098,-1.37022428574165,521.00000000
36.8713791980601,-1.37022428574165,663.00000000
36.9088788771893,-1.37022428574165,831.00000000
36.7630467916868,-1.37230763977812,424.00000000
36.7880465777729,-1.37230763977812,405.00000000
36.7984631553088,-1.37230763977812,537.00000000
36.8172129948734,-1.37230763977812,540.00000000
36.8192963103806,-1.37230763977812,512.00000000
36.8672125670457,-1.37230763977812,577.00000000
36.881795775596,-1.37230763977812,610.00000000
36.8901290376247,-1.37230763977812,654.00000000
36.9047122461749,-1.37230763977812,645.00000000
36.7338803745863,-1.3743909938146,458.00000000
36.7526302141509,-1.3743909938146,395.00000000
36.7609634761796,-1.3743909938146,449.00000000
36.7692967382083,-1.3743909938146,463.00000000
36.7963798398016,-1.3743909938146,521.00000000
36.8484627274811,-1.3743909938146,537.00000000
36.8713791980601,-1.3743909938146,648.00000000
36.881795775596,-1.3743909938146,598.00000000
36.7401303211078,-1.37647434785107,444.00000000
36.8067964173375,-1.37647434785107,553.00000000
36.8109630483519,-1.37647434785107,540.00000000
36.8151296793663,-1.37647434785107,529.00000000
36.8505460429883,-1.37647434785107,522.00000000
36.8567959895098,-1.37647434785107,578.00000000
36.8901290376247,-1.37647434785107,637.00000000
36.894295668639,-1.37647434785107,659.00000000
36.9005456151606,-1.37647434785107,618.00000000
36.9130455082036,-1.37647434785107,719.00000000
36.7484635831365,-1.37855770188755,511.00000000
36.7734633692227,-1.37855770188755,397.00000000
36.8047131018304,-1.37855770188755,527.00000000
36.8192963103806,-1.37855770188755,433.00000000
36.8463794119739,-1.37855770188755,572.00000000
36.9026289306677,-1.37855770188755,633.00000000
36.7547135296581,-1.38064105592402,460.00000000
36.765130107194,-1.38064105592402,413.00000000
36.7797133157442,-1.38064105592402,395.00000000
36.8067964173375,-1.38064105592402,528.00000000
36.8380461499452,-1.38064105592402,485.00000000
36.8880457221175,-1.38064105592402,630.00000000
36.894295668639,-1.38064105592402,652.00000000
36.765130107194,-1.3827244099605,404.00000000
36.7901298932801,-1.3827244099605,559.00000000
36.7942965242945,-1.3827244099605,577.00000000
36.8047131018304,-1.3827244099605,509.00000000
36.823462941395,-1.3827244099605,465.00000000
36.8255462569021,-1.3827244099605,477.00000000
36.9192954547252,-1.3827244099605,708.00000000
36.7984631553088,-1.38480776399697,566.00000000
36.8526293584955,-1.38480776399697,581.00000000
36.8755458290744,-1.38480776399697,566.00000000
36.8922123531319,-1.38480776399697,643.00000000
36.9047122461749,-1.38480776399697,627.00000000
36.8463794119739,-1.38689111803344,583.00000000
36.8963789841462,-1.38689111803344,620.00000000
36.9067955616821,-1.38689111803344,605.00000000
36.8484627274811,-1.38897447206992,565.00000000
36.8672125670457,-1.38897447206992,641.00000000
36.8692958825529,-1.38897447206992,629.00000000
36.9067955616821,-1.38897447206992,595.00000000
36.8484627274811,-1.39105782610639,621.00000000
36.8609626205242,-1.39105782610639,580.00000000
36.8672125670457,-1.39105782610639,639.00000000
36.8713791980601,-1.39105782610639,578.00000000
36.8901290376247,-1.39105782610639,598.00000000
36.9088788771893,-1.39105782610639,579.00000000
36.8547126740026,-1.39314118014287,606.00000000
36.8797124600888,-1.39314118014287,553.00000000
36.9067955616821,-1.39314118014287,654.00000000
36.8672125670457,-1.39522453417934,617.00000000
36.881795775596,-1.39522453417934,598.00000000
36.8859624066103,-1.39522453417934,616.00000000
36.8963789841462,-1.39522453417934,578.00000000
36.9297120322611,-1.39522453417934,729.00000000
36.8734625135672,-1.39730788821581,548.00000000
36.8755458290744,-1.39730788821581,540.00000000
36.881795775596,-1.39730788821581,587.00000000
36.8901290376247,-1.39730788821581,613.00000000
36.9130455082036,-1.39730788821581,626.00000000
36.917212139218,-1.39730788821581,649.00000000
36.9276287167539,-1.39730788821581,645.00000000
36.9338786632754,-1.39730788821581,730.00000000
36.8734625135672,-1.39939124225229,581.00000000
36.8755458290744,-1.39939124225229,554.00000000
36.881795775596,-1.39939124225229,544.00000000
36.9047122461749,-1.39939124225229,734.00000000
36.917212139218,-1.39939124225229,622.00000000
36.8755458290744,-1.40147459628876,559.00000000
36.8859624066103,-1.40147459628876,630.00000000
36.894295668639,-1.40147459628876,610.00000000
36.9067955616821,-1.40147459628876,722.00000000
36.9088788771893,-1.40147459628876,678.00000000
36.9297120322611,-1.40147459628876,697.00000000
36.9380452942898,-1.40147459628876,719.00000000
36.8859624066103,-1.40355795032524,634.00000000
36.9088788771893,-1.40355795032524,647.00000000
36.9192954547252,-1.40355795032524,661.00000000
36.9255454012467,-1.40355795032524,664.00000000
36.9422119253041,-1.40355795032524,759.00000000
36.894295668639,-1.40564130436171,582.00000000
36.9088788771893,-1.40772465839819,593.00000000
36.917212139218,-1.40772465839819,642.00000000
36.9234620857395,-1.40772465839819,706.00000000
36.9359619787826,-1.40772465839819,742.00000000
36.9380452942898,-1.40772465839819,760.00000000
36.9067955616821,-1.40980801243466,644.00000000
36.9255454012467,-1.40980801243466,705.00000000
36.9276287167539,-1.40980801243466,727.00000000
36.894295668639,-1.41189136647113,577.00000000
36.9213787702324,-1.41189136647113,699.00000000
36.9380452942898,-1.41397472050761,801.00000000
36.9067955616821,-1.41605807454408,719.00000000
36.9213787702324,-1.41605807454408,691.00000000
36.940128609797,-1.41605807454408,815.00000000
36.9442952408113,-1.41605807454408,829.00000000
36.9463785563185,-1.41605807454408,836.00000000
36.9297120322611,-1.41814142858056,790.00000000
36.9463785563185,-1.41814142858056,761.00000000
36.9255454012467,-1.42022478261703,762.00000000
36.9297120322611,-1.42022478261703,775.00000000
36.9213787702324,-1.42439149068998,708.00000000
36.9297120322611,-1.42439149068998,760.00000000
36.9317953477682,-1.42439149068998,771.00000000
36.9338786632754,-1.42439149068998,766.00000000
36.9463785563185,-1.42439149068998,733.00000000
36.9463785563185,-1.42855819876293,750.00000000
36.9505451873328,-1.42855819876293,746.00000000
