"annual_precip","occ","ph20","tree_cover","X","Y","mg"
1821.35168457031,32,58,13,36.6547143853135,-0.76396826112766,366
1845.66821289062,36,58,20,36.6651309628494,-0.76396826112766,359
1845.66821289062,36,58,20,36.6672142783566,-0.76396826112766,382
1876.22729492188,46,59,25,36.6734642248781,-0.76396826112766,310
1961.96130371094,59,59,12,36.683880802414,-0.766051615164134,269
1969.1123046875,62,54,57,36.6901307489355,-0.766051615164134,226
1876.42614746094,37,60,43,36.6567977008207,-0.768134969200608,361
1896.49816894531,45,59,47,36.6630476473422,-0.768134969200608,389
1969.1123046875,62,54,57,36.6880474334284,-0.768134969200608,228
1876.42614746094,37,60,43,36.6526310698063,-0.770218323237082,408
1876.42614746094,37,60,43,36.6547143853135,-0.770218323237082,374
1876.42614746094,37,60,43,36.6567977008207,-0.770218323237082,363
1896.49816894531,45,59,47,36.660964331835,-0.770218323237082,390
1896.49816894531,45,59,47,36.6672142783566,-0.770218323237082,383
1969.1123046875,62,54,57,36.6922140644427,-0.770218323237082,207
1884.14611816406,64,53,43,36.6942973799499,-0.770218323237082,208
1925.89526367188,48,58,57,36.6713809093709,-0.772301677273556,330
1964.70007324219,74,53,51,36.6963806954571,-0.774385031310031,195
1998.57580566406,56,56,56,36.6776308558925,-0.776468385346505,312
1998.57580566406,56,56,56,36.6817974869068,-0.776468385346505,281
2025.41931152344,55,54,63,36.6880474334284,-0.776468385346505,208
1998.57580566406,56,56,56,36.6797141713997,-0.780635093419453,268
1964.70007324219,74,53,51,36.6984640109643,-0.780635093419453,199
1989.34338378906,45,58,85,36.6692975938638,-0.782718447455927,315
1925.11779785156,57,52,81,36.7026306419786,-0.782718447455927,183
2022.98913574219,49,57,85,36.683880802414,-0.784801801492402,228
2059.2392578125,59,53,59,36.6922140644427,-0.786885155528876,185
1925.11779785156,57,52,81,36.706797272993,-0.786885155528876,224
1975.43103027344,40,58,34,36.660964331835,-0.78896850956535,309
1999.3896484375,44,58,18,36.6588810163279,-0.791051863601824,309
2012.52673339844,43,56,64,36.6755475403853,-0.793135217638298,215
2039.61181640625,44,58,55,36.6817974869068,-0.793135217638298,222
1892.31884765625,43,50,94,36.7109639040073,-0.793135217638298,189
2012.52673339844,43,56,64,36.6755475403853,-0.795218571674773,219
2039.61181640625,44,58,55,36.6797141713997,-0.795218571674773,220
2000.82043457031,55,52,50,36.7026306419786,-0.795218571674773,158
1892.31884765625,43,50,94,36.7130472195145,-0.795218571674773,194
2000.82043457031,55,52,50,36.7088805885002,-0.797301925711247,173
2023.39514160156,46,58,36,36.6588810163279,-0.799385279747721,298
2028.00646972656,43,57,90,36.6651309628494,-0.799385279747721,256
2065.36376953125,75,53,69,36.7047139574858,-0.799385279747721,165
1969.84948730469,52,50,69,36.7151305350217,-0.799385279747721,180
2028.00646972656,43,57,90,36.6672142783566,-0.801468633784195,228
2105.892578125,73,52,52,36.6942973799499,-0.801468633784195,164
2023.39514160156,46,58,36,36.6567977008207,-0.803551987820669,271
2028.00646972656,43,57,90,36.6651309628494,-0.803551987820669,242
2088.53735351562,63,54,77,36.6859641179212,-0.803551987820669,200
2065.36376953125,75,53,69,36.7026306419786,-0.803551987820669,180
2011.29211425781,42,57,45,36.6463811232848,-0.805635341857144,352
2023.39514160156,46,58,36,36.6588810163279,-0.805635341857144,275
2034.21020507812,42,54,94,36.6692975938638,-0.805635341857144,249
2065.36376953125,75,53,69,36.7047139574858,-0.805635341857144,210
2030.07470703125,46,58,40,36.648464438792,-0.807718695893618,301
2108.39624023438,59,52,65,36.7026306419786,-0.807718695893618,182
2108.39624023438,59,52,65,36.7047139574858,-0.807718695893618,224
2108.39624023438,59,52,65,36.706797272993,-0.807718695893618,178
2094.02734375,62,52,43,36.6859641179212,-0.809802049930092,184
2108.39624023438,59,52,65,36.7047139574858,-0.809802049930092,171
2014.04443359375,42,58,21,36.6401311767633,-0.811885403966566,370
2042.34692382812,48,54,37,36.6672142783566,-0.811885403966566,225
2049.64331054688,41,55,93,36.6734642248781,-0.811885403966566,212
2049.64331054688,41,55,93,36.6755475403853,-0.811885403966566,210
2113.49926757812,60,52,76,36.7005473264714,-0.811885403966566,212
2030.07470703125,46,58,40,36.6505477542992,-0.81396875800304,293
2039.71667480469,56,58,15,36.6526310698063,-0.81396875800304,300
2039.71667480469,56,58,15,36.6547143853135,-0.81396875800304,290
2042.34692382812,48,54,37,36.6630476473422,-0.81396875800304,261
2113.49926757812,60,52,76,36.6984640109643,-0.81396875800304,171
2065.16357421875,61,51,69,36.7109639040073,-0.81396875800304,162
1997.97534179688,52,50,61,36.7297137435719,-0.81396875800304,229
1997.97534179688,52,50,61,36.7317970590791,-0.81396875800304,227
2028.65319824219,47,59,16,36.6422144922704,-0.816052112039515,349
2052.11010742188,55,58,21,36.6672142783566,-0.816052112039515,254
1992.98388671875,59,51,61,36.7401303211078,-0.816052112039515,233
2052.41064453125,46,59,18,36.6547143853135,-0.818135466075989,302
2078.05151367188,54,53,43,36.6797141713997,-0.818135466075989,204
2125.51879882812,61,52,70,36.706797272993,-0.818135466075989,166
2028.65319824219,47,59,16,36.6380478612561,-0.820218820112463,314
2028.65319824219,47,59,16,36.6422144922704,-0.820218820112463,313
2059.212890625,53,54,53,36.6713809093709,-0.820218820112463,255
2118.15771484375,61,50,62,36.7130472195145,-0.820218820112463,206
2050.49755859375,53,50,90,36.7338803745863,-0.820218820112463,219
2045.42529296875,49,59,15,36.6442978077776,-0.822302174148937,300
2045.42529296875,49,59,15,36.6463811232848,-0.822302174148937,289
2052.41064453125,46,59,18,36.6588810163279,-0.822302174148937,288
2116.43090820312,62,52,54,36.7005473264714,-0.822302174148937,189
2093.58032226562,64,52,60,36.7255471125576,-0.822302174148937,187
2050.49755859375,53,50,90,36.7317970590791,-0.822302174148937,217
2039.8525390625,47,58,96,36.6422144922704,-0.824385528185411,283
2056.283203125,51,59,11,36.6442978077776,-0.824385528185411,282
2062.58471679688,47,59,17,36.6567977008207,-0.824385528185411,299
2062.2607421875,46,58,15,36.660964331835,-0.824385528185411,311
2069.35424804688,46,59,15,36.6755475403853,-0.824385528185411,267
2086.27807617188,48,55,15,36.6817974869068,-0.824385528185411,239
2128.48974609375,62,52,59,36.7026306419786,-0.824385528185411,192
2130.93701171875,60,53,61,36.7130472195145,-0.824385528185411,218
2094.28002929688,41,50,62,36.7297137435719,-0.824385528185411,200
1865.01391601562,29,60,1,36.590131604591,-0.826468882221886,434
1973.4677734375,36,58,14,36.625547968213,-0.826468882221886,338
2056.283203125,51,59,11,36.648464438792,-0.826468882221886,287
2062.2607421875,46,58,15,36.6651309628494,-0.826468882221886,326
2069.35424804688,46,59,15,36.6713809093709,-0.826468882221886,296
2086.27807617188,48,55,15,36.6776308558925,-0.826468882221886,280
2123.32690429688,50,51,57,36.7213804815432,-0.826468882221886,203
2094.28002929688,41,50,62,36.7276304280648,-0.826468882221886,193
2011.38024902344,50,60,82,36.6297145992274,-0.82855223625836,240
2056.283203125,51,59,11,36.6505477542992,-0.82855223625836,296
1927.71569824219,46,58,46,36.6088814441556,-0.830635590294834,369
2011.38024902344,50,60,82,36.6297145992274,-0.830635590294834,252
2039.8525390625,47,58,96,36.6380478612561,-0.830635590294834,290
2062.58471679688,47,59,17,36.6567977008207,-0.830635590294834,303
2062.2607421875,46,58,15,36.660964331835,-0.830635590294834,322
2069.35424804688,46,59,15,36.6692975938638,-0.830635590294834,287
2103.26953125,48,54,56,36.6880474334284,-0.830635590294834,222
2123.32690429688,50,51,57,36.719297166036,-0.830635590294834,209
2033.31726074219,49,50,70,36.7359636900935,-0.830635590294834,201
2033.31726074219,49,50,70,36.7401303211078,-0.830635590294834,201
1987.56970214844,37,60,73,36.6213813371987,-0.832718944331308,321
2047.7099609375,49,59,78,36.6359645457489,-0.832718944331308,264
2047.7099609375,49,59,78,36.6422144922704,-0.832718944331308,316
2064.61694335938,53,60,13,36.648464438792,-0.832718944331308,284
2071.83764648438,48,59,54,36.6588810163279,-0.832718944331308,301
2092.9384765625,47,55,41,36.683880802414,-0.832718944331308,262
2116.00805664062,56,52,48,36.6942973799499,-0.832718944331308,185
2126.19873046875,46,52,76,36.7317970590791,-0.832718944331308,192
2100.83544921875,47,50,77,36.7401303211078,-0.832718944331308,202
2063.90966796875,57,51,97,36.7463802676294,-0.832718944331308,214
2063.90966796875,57,51,97,36.7484635831365,-0.832718944331308,206
2041.45959472656,58,51,97,36.7547135296581,-0.832718944331308,201
2018.6396484375,55,51,78,36.7692967382083,-0.832718944331308,232
1964.88330078125,34,60,25,36.6109647596628,-0.834802298367782,358
2047.7099609375,49,59,78,36.6380478612561,-0.834802298367782,264
2047.7099609375,49,59,78,36.6422144922704,-0.834802298367782,260
2072.53271484375,48,59,36,36.660964331835,-0.834802298367782,269
2105.03149414062,47,55,59,36.6922140644427,-0.834802298367782,199
2129.01025390625,57,50,62,36.7109639040073,-0.834802298367782,170
2129.01025390625,57,50,62,36.7172138505289,-0.834802298367782,183
2041.45959472656,58,51,97,36.7526302141509,-0.834802298367782,213
2033.43603515625,55,50,73,36.7609634761796,-0.834802298367782,215
1987.56970214844,37,60,73,36.6213813371987,-0.836885652404256,337
2047.7099609375,49,59,78,36.6422144922704,-0.836885652404256,250
2064.61694335938,53,60,13,36.6463811232848,-0.836885652404256,250
2071.83764648438,48,59,54,36.6547143853135,-0.836885652404256,222
2071.83764648438,48,59,54,36.6567977008207,-0.836885652404256,234
2072.53271484375,48,59,36,36.6651309628494,-0.836885652404256,279
2072.53271484375,48,59,36,36.6672142783566,-0.836885652404256,285
2092.9384765625,47,55,41,36.6776308558925,-0.836885652404256,258
2116.00805664062,56,52,48,36.7005473264714,-0.836885652404256,174
2129.01025390625,57,50,62,36.7130472195145,-0.836885652404256,172
2131.68212890625,52,51,61,36.7234637970504,-0.836885652404256,185
2126.19873046875,46,52,76,36.7297137435719,-0.836885652404256,208
2100.83544921875,47,50,77,36.7401303211078,-0.836885652404256,213
2041.45959472656,58,51,97,36.7567968451653,-0.836885652404256,245
2033.43603515625,55,50,73,36.7630467916868,-0.836885652404256,186
1891.29431152344,26,61,11,36.5922149200982,-0.838969006440731,444
2047.7099609375,49,59,78,36.6380478612561,-0.838969006440731,274
2079.41479492188,44,57,29,36.6713809093709,-0.838969006440731,268
2079.41479492188,44,57,29,36.6755475403853,-0.838969006440731,257
2105.03149414062,47,55,59,36.6922140644427,-0.838969006440731,222
2124.4130859375,55,52,69,36.7026306419786,-0.838969006440731,167
2100.83544921875,47,50,77,36.7401303211078,-0.838969006440731,211
2033.43603515625,55,50,73,36.765130107194,-0.838969006440731,177
2079.369140625,51,57,62,36.6588810163279,-0.841052360477205,228
2080.0048828125,53,56,78,36.660964331835,-0.841052360477205,241
2084.90234375,51,57,52,36.6692975938638,-0.841052360477205,252
2084.90234375,51,57,52,36.6734642248781,-0.841052360477205,243
2109.66552734375,53,54,59,36.6963806954571,-0.841052360477205,193
2114.8857421875,51,53,54,36.7088805885002,-0.841052360477205,182
2136.14331054688,38,51,77,36.7276304280648,-0.841052360477205,199
2130.3193359375,42,50,82,36.742213636615,-0.841052360477205,203
2104.638671875,49,50,92,36.7567968451653,-0.841052360477205,185
2063.87036132812,56,52,83,36.7734633692227,-0.841052360477205,200
1979.03381347656,32,61,15,36.6109647596628,-0.843135714513679,362
2084.90234375,51,57,52,36.6755475403853,-0.843135714513679,236
2102.93237304688,45,54,58,36.6859641179212,-0.843135714513679,238
2114.8857421875,51,53,54,36.7026306419786,-0.843135714513679,192
2121.0693359375,41,53,56,36.7151305350217,-0.843135714513679,163
2130.3193359375,42,50,82,36.7401303211078,-0.843135714513679,218
2104.638671875,49,50,92,36.7588801606724,-0.843135714513679,183
1944.17224121094,30,60,18,36.5942982356053,-0.845219068550153,410
2102.93237304688,45,54,58,36.6901307489355,-0.845219068550153,223
2121.0693359375,41,53,56,36.7151305350217,-0.845219068550153,175
2130.63623046875,44,53,71,36.719297166036,-0.845219068550153,165
1998.94555664062,41,60,14,36.6234646527058,-0.847302422586627,351
2070.3740234375,53,56,82,36.648464438792,-0.847302422586627,230
2094.85888671875,53,56,25,36.6797141713997,-0.847302422586627,234
2130.63623046875,44,53,71,36.7234637970504,-0.847302422586627,175
2118.5380859375,45,50,97,36.7484635831365,-0.847302422586627,208
1947.47521972656,60,52,30,36.7963798398016,-0.847302422586627,229
1937.94421386719,29,61,26,36.5942982356053,-0.849385776623102,421
2003.36584472656,34,60,14,36.6192980216915,-0.849385776623102,362
2027.87219238281,48,59,18,36.6297145992274,-0.849385776623102,310
2075.47680664062,53,57,60,36.6505477542992,-0.849385776623102,224
2094.953125,59,57,69,36.6797141713997,-0.849385776623102,237
2112.49682617188,46,50,70,36.7463802676294,-0.849385776623102,207
2111.58447265625,50,50,97,36.7547135296581,-0.849385776623102,187
2104.72241210938,50,51,96,36.7630467916868,-0.849385776623102,166
2089.142578125,51,52,84,36.7734633692227,-0.849385776623102,168
2018.62670898438,55,50,42,36.7880465777729,-0.849385776623102,181
1975.24304199219,57,52,32,36.800546470816,-0.849385776623102,211
2027.87219238281,48,59,18,36.6297145992274,-0.851469130659576,374
2027.87219238281,48,59,18,36.6317979147345,-0.851469130659576,310
2054.7119140625,53,60,48,36.6401311767633,-0.851469130659576,247
2104.17456054688,55,55,62,36.6963806954571,-0.851469130659576,220
2114.3662109375,47,53,60,36.7130472195145,-0.851469130659576,216
2119.16674804688,50,50,81,36.7380470056006,-0.851469130659576,207
1943.38317871094,47,53,53,36.8026297863232,-0.851469130659576,248
1964.08178710938,32,63,9,36.6088814441556,-0.85355248469605,389
2094.953125,59,57,69,36.6797141713997,-0.85355248469605,252
2100.5595703125,53,55,54,36.6922140644427,-0.85355248469605,238
2127.67626953125,40,50,68,36.7276304280648,-0.85355248469605,233
2119.16674804688,50,50,81,36.742213636615,-0.85355248469605,207
2112.49682617188,46,50,70,36.7505468986437,-0.85355248469605,207
2111.58447265625,50,50,97,36.7526302141509,-0.85355248469605,205
2104.72241210938,50,51,96,36.765130107194,-0.85355248469605,166
2060.93896484375,54,54,38,36.7797133157442,-0.85355248469605,160
2060.93896484375,54,54,38,36.7817966312514,-0.85355248469605,167
1975.24304199219,57,52,32,36.7963798398016,-0.85355248469605,217
1975.24304199219,57,52,32,36.800546470816,-0.85355248469605,231
1937.94421386719,29,61,26,36.5984648666197,-0.855635838732524,397
2003.36584472656,34,60,14,36.6192980216915,-0.855635838732524,359
2075.47680664062,53,57,60,36.6442978077776,-0.855635838732524,257
2100.5595703125,53,55,54,36.6901307489355,-0.855635838732524,216
2107.34692382812,50,54,54,36.706797272993,-0.855635838732524,197
2114.3662109375,47,53,60,36.7130472195145,-0.855635838732524,202
2089.142578125,51,52,84,36.7692967382083,-0.855635838732524,161
2060.93896484375,54,54,38,36.7838799467586,-0.855635838732524,169
1943.38317871094,47,53,53,36.8067964173375,-0.855635838732524,270
2089.19360351562,59,58,30,36.6588810163279,-0.857719192768998,240
2100.49780273438,60,58,45,36.6817974869068,-0.857719192768998,214
2100.49780273438,60,58,45,36.683880802414,-0.857719192768998,236
2100.205078125,48,54,70,36.6942973799499,-0.857719192768998,228
2100.205078125,48,54,70,36.6963806954571,-0.857719192768998,230
2119.40502929688,44,52,67,36.7213804815432,-0.857719192768998,177
2091.12768554688,48,49,95,36.7672134227011,-0.857719192768998,179
2081.23168945312,54,52,92,36.7713800537155,-0.857719192768998,176
2006.13330078125,41,55,31,36.7942965242945,-0.857719192768998,227
1970.90258789062,48,52,28,36.8026297863232,-0.857719192768998,214
2085.55395507812,61,57,57,36.6442978077776,-0.859802546805473,283
2085.55395507812,61,57,57,36.6463811232848,-0.859802546805473,250
2085.55395507812,61,57,57,36.6505477542992,-0.859802546805473,222
2089.19360351562,59,58,30,36.6526310698063,-0.859802546805473,199
2094.78247070312,47,60,49,36.6734642248781,-0.859802546805473,229
2094.78247070312,47,60,49,36.6755475403853,-0.859802546805473,245
2108.33422851562,44,51,81,36.7359636900935,-0.859802546805473,174
2091.12768554688,48,49,95,36.7672134227011,-0.859802546805473,180
1981.3095703125,34,61,16,36.6172147061843,-0.861885900841947,397
2085.55395507812,61,57,57,36.6505477542992,-0.861885900841947,241
2094.78247070312,47,60,49,36.6713809093709,-0.861885900841947,209
2100.32641601562,57,54,67,36.6922140644427,-0.861885900841947,195
2112.19458007812,48,52,46,36.7172138505289,-0.861885900841947,179
2118.99145507812,40,50,65,36.7317970590791,-0.861885900841947,227
2108.33422851562,44,51,81,36.7380470056006,-0.861885900841947,173
2108.33422851562,44,51,81,36.7401303211078,-0.861885900841947,177
2098.53588867188,47,51,84,36.7463802676294,-0.861885900841947,195
2098.53588867188,47,51,84,36.7505468986437,-0.861885900841947,193
2091.12768554688,48,49,95,36.765130107194,-0.861885900841947,181
2064.24975585938,46,54,92,36.7838799467586,-0.861885900841947,204
1929.61926269531,31,63,8,36.6005481821269,-0.863969254878421,394
1959.24963378906,32,62,10,36.6026314976341,-0.863969254878421,393
2028.81494140625,48,60,29,36.6276312837202,-0.863969254878421,397
2028.81494140625,48,60,29,36.6317979147345,-0.863969254878421,332
2089.19360351562,59,58,30,36.6526310698063,-0.863969254878421,246
2089.19360351562,59,58,30,36.6547143853135,-0.863969254878421,242
2088.62646484375,61,60,78,36.660964331835,-0.863969254878421,215
2100.205078125,48,54,70,36.6942973799499,-0.863969254878421,204
2104.12817382812,43,53,49,36.7026306419786,-0.863969254878421,191
2108.33422851562,44,51,81,36.7401303211078,-0.863969254878421,176
2098.53588867188,47,51,84,36.7442969521222,-0.863969254878421,205
2098.53588867188,47,51,84,36.7463802676294,-0.863969254878421,197
2037.73022460938,52,51,50,36.7901298932801,-0.863969254878421,197
1970.90258789062,48,52,28,36.8067964173375,-0.863969254878421,242
1937.822265625,42,53,44,36.823462941395,-0.863969254878421,343
1975.76538085938,37,59,34,36.6130480751699,-0.866052608914895,364
1989.83898925781,39,59,24,36.625547968213,-0.866052608914895,439
2101.17456054688,55,55,82,36.6651309628494,-0.866052608914895,199
2098.93969726562,56,55,71,36.6880474334284,-0.866052608914895,200
2107.869140625,39,50,64,36.7130472195145,-0.866052608914895,196
2115.36840820312,39,51,59,36.7234637970504,-0.866052608914895,180
2115.36840820312,39,51,59,36.7255471125576,-0.866052608914895,177
2067.50463867188,46,51,93,36.7692967382083,-0.866052608914895,196
2012.18286132812,45,52,55,36.7963798398016,-0.866052608914895,219
2012.18286132812,45,52,55,36.800546470816,-0.866052608914895,255
2020.31506347656,44,60,19,36.6276312837202,-0.868135962951369,383
2020.31506347656,44,60,19,36.6338812302417,-0.868135962951369,272
2093.08422851562,58,59,16,36.6463811232848,-0.868135962951369,239
2098.4248046875,57,58,42,36.6588810163279,-0.868135962951369,235
2107.869140625,39,50,64,36.7151305350217,-0.868135962951369,195
2067.50463867188,46,51,93,36.7734633692227,-0.868135962951369,190
1949.18823242188,52,54,45,36.8255462569021,-0.868135962951369,336
2101.17456054688,55,55,82,36.6651309628494,-0.870219316987844,183
2109.07739257812,61,54,53,36.683880802414,-0.870219316987844,170
2098.93969726562,56,55,71,36.6922140644427,-0.870219316987844,195
2107.869140625,39,50,64,36.7109639040073,-0.870219316987844,194
2101.2841796875,43,51,77,36.7442969521222,-0.870219316987844,209
2067.50463867188,46,51,93,36.7734633692227,-0.870219316987844,194
1931.79467773438,37,60,14,36.6005481821269,-0.872302671024318,441
2020.31506347656,44,60,19,36.6297145992274,-0.872302671024318,381
2101.17456054688,55,55,82,36.660964331835,-0.872302671024318,202
2097.36865234375,42,51,67,36.7047139574858,-0.872302671024318,182
2109.20581054688,40,51,97,36.7380470056006,-0.872302671024318,182
2101.2841796875,43,51,77,36.7463802676294,-0.872302671024318,192
2101.2841796875,43,51,77,36.7505468986437,-0.872302671024318,189
2052.34692382812,50,52,74,36.777630000237,-0.872302671024318,181
2052.34692382812,50,52,74,36.7838799467586,-0.872302671024318,189
1989.54821777344,41,55,13,36.8047131018304,-0.872302671024318,292
1965.92468261719,36,59,26,36.6047148131412,-0.874386025060792,439
1966.8154296875,42,60,17,36.6192980216915,-0.874386025060792,428
2091.60131835938,57,57,78,36.6442978077776,-0.874386025060792,249
2091.60131835938,57,57,78,36.6505477542992,-0.874386025060792,253
2107.8837890625,67,55,65,36.6797141713997,-0.874386025060792,183
2086.28271484375,38,52,84,36.7088805885002,-0.874386025060792,195
2110.57739257812,43,50,69,36.7338803745863,-0.874386025060792,170
2098.13305664062,51,51,79,36.7484635831365,-0.874386025060792,184
2098.13305664062,51,51,79,36.7505468986437,-0.874386025060792,178
2087.47241210938,51,52,80,36.7526302141509,-0.874386025060792,172
2087.47241210938,51,52,80,36.7567968451653,-0.874386025060792,174
1956.9365234375,42,52,19,36.8255462569021,-0.874386025060792,327
1944.86657714844,35,63,18,36.6005481821269,-0.876469379097266,498
1965.451171875,41,60,34,36.6130480751699,-0.876469379097266,461
2091.60131835938,57,57,78,36.6442978077776,-0.876469379097266,235
2102.08764648438,56,57,72,36.6526310698063,-0.876469379097266,221
2107.8837890625,67,55,65,36.6797141713997,-0.876469379097266,167
2106.08129882812,45,51,93,36.7401303211078,-0.876469379097266,179
2045.57373046875,57,53,60,36.7817966312514,-0.876469379097266,173
2028.23840332031,52,52,54,36.7880465777729,-0.876469379097266,215
1956.9365234375,42,52,19,36.8213796258878,-0.876469379097266,315
1926.11926269531,53,53,61,36.835962834438,-0.876469379097266,339
1965.451171875,41,60,34,36.6109647596628,-0.87855273313374,453
2111.61938476562,59,56,67,36.6734642248781,-0.87855273313374,160
2086.28271484375,38,52,84,36.7026306419786,-0.87855273313374,217
2097.51513671875,45,51,79,36.7130472195145,-0.87855273313374,199
2107.54467773438,40,50,85,36.719297166036,-0.87855273313374,205
2110.57739257812,43,50,69,36.7317970590791,-0.87855273313374,216
2106.08129882812,45,51,93,36.7380470056006,-0.87855273313374,168
2072.75415039062,54,54,50,36.765130107194,-0.87855273313374,171
1990.80981445312,41,51,40,36.8088797328447,-0.87855273313374,286
1939.70336914062,52,51,32,36.8317962034237,-0.87855273313374,301
1939.70336914062,52,51,32,36.8338795189309,-0.87855273313374,322
1944.86657714844,35,63,18,36.5942982356053,-0.880636087170215,470
1965.451171875,41,60,34,36.6109647596628,-0.880636087170215,452
1965.451171875,41,60,34,36.6172147061843,-0.880636087170215,455
1998.80029296875,44,60,75,36.6297145992274,-0.880636087170215,325
2106.23168945312,57,55,50,36.660964331835,-0.880636087170215,194
2107.8837890625,67,55,65,36.6776308558925,-0.880636087170215,170
2107.8837890625,67,55,65,36.683880802414,-0.880636087170215,175
2094.1826171875,54,56,67,36.6901307489355,-0.880636087170215,187
2086.28271484375,38,52,84,36.706797272993,-0.880636087170215,202
2107.54467773438,40,50,85,36.719297166036,-0.880636087170215,226
2107.54467773438,40,50,85,36.7213804815432,-0.880636087170215,211
2087.47241210938,51,52,80,36.7526302141509,-0.880636087170215,178
2058.81396484375,48,55,44,36.7713800537155,-0.880636087170215,189
2045.57373046875,57,53,60,36.7838799467586,-0.880636087170215,210
2008.41369628906,47,51,76,36.7942965242945,-0.880636087170215,234
1956.9365234375,42,52,19,36.8192963103806,-0.880636087170215,289
1978.71411132812,42,58,21,36.6276312837202,-0.882719441206689,339
2043.68725585938,49,58,29,36.6359645457489,-0.882719441206689,288
2101.89453125,60,55,91,36.660964331835,-0.882719441206689,190
2101.89453125,60,55,91,36.6651309628494,-0.882719441206689,174
2078.04833984375,48,53,83,36.6942973799499,-0.882719441206689,196
2078.71044921875,47,54,80,36.7088805885002,-0.882719441206689,197
2096.62133789062,42,51,91,36.7213804815432,-0.882719441206689,221
2100.92407226562,43,52,75,36.7317970590791,-0.882719441206689,197
2097.34423828125,43,52,95,36.7401303211078,-0.882719441206689,194
2087.27563476562,58,51,89,36.7484635831365,-0.882719441206689,181
2087.27563476562,58,51,89,36.7505468986437,-0.882719441206689,178
1989.57470703125,43,54,41,36.8088797328447,-0.882719441206689,311
1970.90478515625,39,54,22,36.8109630483519,-0.882719441206689,312
1916.02368164062,41,52,30,36.8380461499452,-0.882719441206689,322
1880.41943359375,43,56,28,36.8526293584955,-0.882719441206689,307
2101.89453125,60,55,91,36.660964331835,-0.884802795243163,199
1916.02368164062,41,52,30,36.8401294654524,-0.884802795243163,306
1899.82922363281,36,53,27,36.8484627274811,-0.884802795243163,293
1964.42846679688,38,60,19,36.6047148131412,-0.886886149279637,413
2101.89453125,60,55,91,36.6672142783566,-0.886886149279637,162
2098.29907226562,62,55,70,36.6734642248781,-0.886886149279637,175
2078.71044921875,47,54,80,36.7088805885002,-0.886886149279637,208
2096.62133789062,42,51,91,36.719297166036,-0.886886149279637,184
2097.34423828125,43,52,95,36.7401303211078,-0.886886149279637,198
2087.27563476562,58,51,89,36.7442969521222,-0.886886149279637,205
2087.27563476562,58,51,89,36.7484635831365,-0.886886149279637,185
2055.06225585938,52,53,82,36.7609634761796,-0.886886149279637,164
2043.45141601562,49,52,51,36.7755466847299,-0.886886149279637,211
2020.98205566406,46,52,48,36.7922132087873,-0.886886149279637,243
1989.57470703125,43,54,41,36.8088797328447,-0.886886149279637,330
1970.90478515625,39,54,22,36.8109630483519,-0.886886149279637,307
1952.71459960938,42,52,33,36.8192963103806,-0.886886149279637,316
1916.02368164062,41,52,30,36.8401294654524,-0.886886149279637,316
1899.82922363281,36,53,27,36.8505460429883,-0.886886149279637,285
1950.16101074219,36,61,15,36.5984648666197,-0.888969503316111,380
2043.68725585938,49,58,29,36.6380478612561,-0.888969503316111,302
2043.68725585938,49,58,29,36.6422144922704,-0.888969503316111,278
2098.29907226562,62,55,70,36.6734642248781,-0.888969503316111,180
2078.04833984375,48,53,83,36.6984640109643,-0.888969503316111,200
2096.62133789062,42,51,91,36.7255471125576,-0.888969503316111,198
2097.34423828125,43,52,95,36.7380470056006,-0.888969503316111,198
2005.29858398438,42,52,38,36.7942965242945,-0.888969503316111,285
1746.94262695312,43,59,11,36.5817983425623,-0.891052857352586,362
2040.11669921875,39,58,16,36.6422144922704,-0.891052857352586,300
2073.8203125,40,51,69,36.7026306419786,-0.891052857352586,191
2080.6103515625,42,51,73,36.7130472195145,-0.891052857352586,193
2088.20141601562,41,51,90,36.7317970590791,-0.891052857352586,195
2016.69653320312,46,54,47,36.777630000237,-0.891052857352586,202
2007.65380859375,39,55,47,36.7901298932801,-0.891052857352586,261
1932.88977050781,46,52,51,36.8297128879165,-0.891052857352586,328
1822.39245605469,41,57,42,36.8755458290744,-0.891052857352586,352
1746.94262695312,43,59,11,36.5838816580694,-0.89313621138906,347
1838.115234375,40,61,54,36.5922149200982,-0.89313621138906,385
2096.5693359375,60,56,69,36.660964331835,-0.89313621138906,177
2084.19702148438,56,55,69,36.6755475403853,-0.89313621138906,198
2078.64477539062,54,55,74,36.6776308558925,-0.89313621138906,187
2073.8203125,40,51,69,36.7047139574858,-0.89313621138906,181
2075.80322265625,48,52,77,36.7442969521222,-0.89313621138906,188
2039.51635742188,55,52,53,36.7672134227011,-0.89313621138906,194
2007.65380859375,39,55,47,36.7880465777729,-0.89313621138906,231
1982.15576171875,52,51,30,36.8067964173375,-0.89313621138906,290
1964.07836914062,41,52,60,36.8172129948734,-0.89313621138906,347
1913.3232421875,37,54,75,36.8380461499452,-0.89313621138906,331
1860.31164550781,38,54,22,36.8630459360314,-0.89313621138906,328
1822.39245605469,41,57,42,36.8713791980601,-0.89313621138906,356
1838.115234375,40,61,54,36.5859649735766,-0.895219565425534,369
1900.91528320312,38,59,15,36.5963815511125,-0.895219565425534,366
1935.57141113281,39,60,22,36.6088814441556,-0.895219565425534,376
2040.11669921875,39,58,16,36.6380478612561,-0.895219565425534,306
2095.37255859375,51,59,30,36.6463811232848,-0.895219565425534,264
2095.37255859375,51,59,30,36.6505477542992,-0.895219565425534,237
2096.5693359375,60,56,69,36.6672142783566,-0.895219565425534,183
2073.8203125,40,51,69,36.706797272993,-0.895219565425534,179
2086.1337890625,45,52,91,36.719297166036,-0.895219565425534,198
2088.20141601562,41,51,90,36.7317970590791,-0.895219565425534,191
2075.80322265625,48,52,77,36.7505468986437,-0.895219565425534,172
1898.74194335938,38,52,31,36.8505460429883,-0.895219565425534,366
1884.57385253906,38,54,34,36.8547126740026,-0.895219565425534,366
1884.57385253906,38,54,34,36.858879305017,-0.895219565425534,351
1822.39245605469,41,57,42,36.8755458290744,-0.895219565425534,343
1838.115234375,40,61,54,36.5859649735766,-0.897302919462008,368
1935.57141113281,39,60,22,36.6026314976341,-0.897302919462008,328
1934.77624511719,41,60,17,36.6192980216915,-0.897302919462008,419
2095.37255859375,51,59,30,36.648464438792,-0.897302919462008,236
2096.5693359375,60,56,69,36.6651309628494,-0.897302919462008,183
2074.37109375,53,54,88,36.6859641179212,-0.897302919462008,188
2071.18994140625,46,53,95,36.6984640109643,-0.897302919462008,192
2086.1337890625,45,52,91,36.7255471125576,-0.897302919462008,212
2059.21020507812,51,52,85,36.7547135296581,-0.897302919462008,169
1884.57385253906,38,54,34,36.8526293584955,-0.897302919462008,357
1884.57385253906,38,54,34,36.858879305017,-0.897302919462008,367
1472.58850097656,53,60,34,36.5797150270551,-0.899386273498482,355
1920.01928710938,35,62,24,36.6172147061843,-0.899386273498482,404
1976.77697753906,43,60,23,36.6338812302417,-0.899386273498482,328
2040.77502441406,39,58,17,36.6401311767633,-0.899386273498482,305
2096.86572265625,58,58,58,36.6505477542992,-0.899386273498482,222
2110.54028320312,66,58,74,36.6526310698063,-0.899386273498482,218
2079.38061523438,55,56,86,36.6755475403853,-0.899386273498482,203
2070.49877929688,57,56,66,36.683880802414,-0.899386273498482,211
2063.72192382812,51,54,66,36.6859641179212,-0.899386273498482,196
2061.05444335938,47,53,76,36.6963806954571,-0.899386273498482,194
2061.05444335938,47,53,76,36.6984640109643,-0.899386273498482,188
2071.3369140625,39,50,83,36.7109639040073,-0.899386273498482,188
2073.876953125,46,51,92,36.7338803745863,-0.899386273498482,197
2056.66870117188,48,54,81,36.7484635831365,-0.899386273498482,192
2045.77172851562,48,52,78,36.7588801606724,-0.899386273498482,183
2015.23950195312,57,53,28,36.7734633692227,-0.899386273498482,193
1994.53454589844,39,51,47,36.7880465777729,-0.899386273498482,241
1967.10705566406,47,52,48,36.8047131018304,-0.899386273498482,314
1967.10705566406,47,52,48,36.8088797328447,-0.899386273498482,337
1951.03576660156,41,56,15,36.8172129948734,-0.899386273498482,317
1939.36767578125,36,56,52,36.8255462569021,-0.899386273498482,331
1904.779296875,40,52,30,36.835962834438,-0.899386273498482,327
1883.56176757812,42,52,38,36.8547126740026,-0.899386273498482,354
1851.34216308594,33,53,45,36.8734625135672,-0.899386273498482,321
1793.34484863281,37,55,37,36.8880457221175,-0.899386273498482,379
1472.58850097656,53,60,34,36.5797150270551,-0.901469627534957,386
2040.77502441406,39,58,17,36.6359645457489,-0.901469627534957,329
2061.05444335938,47,53,76,36.7005473264714,-0.901469627534957,186
2071.3369140625,39,50,83,36.7172138505289,-0.901469627534957,198
2074.83422851562,43,50,89,36.719297166036,-0.901469627534957,199
2045.77172851562,48,52,78,36.7547135296581,-0.901469627534957,214
2003.56188964844,40,52,20,36.777630000237,-0.901469627534957,209
1939.36767578125,36,56,52,36.8192963103806,-0.901469627534957,350
1925.50183105469,39,53,34,36.8317962034237,-0.901469627534957,359
1904.779296875,40,52,30,36.8380461499452,-0.901469627534957,337
1883.56176757812,42,52,38,36.8567959895098,-0.901469627534957,361
1851.34216308594,33,53,45,36.8713791980601,-0.901469627534957,327
1815.90124511719,45,54,30,36.8776291445816,-0.901469627534957,348
1399.2626953125,26,62,18,36.5651318185048,-0.903552981571431,520
1412.14636230469,44,62,45,36.5692984495192,-0.903552981571431,508
1472.58850097656,53,60,34,36.5776317115479,-0.903552981571431,426
1598.46423339844,47,62,56,36.5922149200982,-0.903552981571431,363
2040.77502441406,39,58,17,36.6422144922704,-0.903552981571431,297
2064.93139648438,41,50,59,36.7047139574858,-0.903552981571431,187
2073.876953125,46,51,92,36.7338803745863,-0.903552981571431,194
2056.66870117188,48,54,81,36.7463802676294,-0.903552981571431,193
2030.51220703125,46,55,88,36.765130107194,-0.903552981571431,176
2003.56188964844,40,52,20,36.777630000237,-0.903552981571431,209
1983.16796875,38,54,39,36.7984631553088,-0.903552981571431,311
1939.36767578125,36,56,52,36.8213796258878,-0.903552981571431,350
1904.779296875,40,52,30,36.8401294654524,-0.903552981571431,344
1890.45727539062,35,55,51,36.8442960964667,-0.903552981571431,371
1890.45727539062,35,55,51,36.8505460429883,-0.903552981571431,357
1883.56176757812,42,52,38,36.8526293584955,-0.903552981571431,355
1851.34216308594,33,53,45,36.8755458290744,-0.903552981571431,334
1598.46423339844,47,62,56,36.5922149200982,-0.905636335607905,371
1942.08251953125,37,62,25,36.625547968213,-0.905636335607905,386
2079.38061523438,55,56,86,36.6734642248781,-0.905636335607905,198
2070.49877929688,57,56,66,36.6817974869068,-0.905636335607905,240
2071.3369140625,39,50,83,36.7151305350217,-0.905636335607905,193
2015.23950195312,57,53,28,36.7713800537155,-0.905636335607905,218
1890.45727539062,35,55,51,36.8442960964667,-0.905636335607905,356
1851.34216308594,33,53,45,36.8692958825529,-0.905636335607905,370
1441.84948730469,59,56,45,36.5942982356053,-0.907719689644379,334
1441.84948730469,59,56,45,36.5984648666197,-0.907719689644379,328
2095.25244140625,58,57,60,36.6505477542992,-0.907719689644379,231
2060.486328125,51,54,84,36.683880802414,-0.907719689644379,231
2031.18115234375,51,52,47,36.7463802676294,-0.907719689644379,212
2031.18115234375,51,52,47,36.7484635831365,-0.907719689644379,215
2026.13232421875,51,55,72,36.7588801606724,-0.907719689644379,212
2010.5458984375,45,51,27,36.7755466847299,-0.907719689644379,232
1924.646484375,43,53,63,36.8213796258878,-0.907719689644379,359
1924.646484375,43,53,63,36.8255462569021,-0.907719689644379,346
1910.0537109375,34,54,34,36.8297128879165,-0.907719689644379,367
1910.0537109375,34,54,34,36.8338795189309,-0.907719689644379,346
1876.8154296875,33,55,28,36.8505460429883,-0.907719689644379,364
1873.55676269531,40,54,59,36.8567959895098,-0.907719689644379,369
1873.02282714844,38,55,22,36.8651292515385,-0.907719689644379,370
1820.73828125,37,54,35,36.8922123531319,-0.907719689644379,444
1704.5654296875,44,56,51,36.6067981286484,-0.909803043680853,311
2106.95239257812,56,56,70,36.6567977008207,-0.909803043680853,190
2106.95239257812,56,56,70,36.6588810163279,-0.909803043680853,197
2052.51123046875,56,54,79,36.6859641179212,-0.909803043680853,188
2055.64770507812,44,51,65,36.7026306419786,-0.909803043680853,198
2059.865234375,43,52,60,36.7109639040073,-0.909803043680853,186
2021.14025878906,47,53,85,36.7609634761796,-0.909803043680853,204
1989.58666992188,36,54,34,36.7859632622658,-0.909803043680853,263
1989.58666992188,36,54,34,36.7901298932801,-0.909803043680853,288
1974.51647949219,48,55,54,36.7942965242945,-0.909803043680853,293
1953.93933105469,45,54,49,36.8067964173375,-0.909803043680853,377
1924.646484375,43,53,63,36.8255462569021,-0.909803043680853,360
1910.0537109375,34,54,34,36.8317962034237,-0.909803043680853,376
1889.78210449219,33,54,51,36.8422127809596,-0.909803043680853,355
1876.8154296875,33,55,28,36.8442960964667,-0.909803043680853,360
1876.8154296875,33,55,28,36.8484627274811,-0.909803043680853,354
1845.35888671875,42,54,60,36.881795775596,-0.909803043680853,384
1250.6884765625,52,59,27,36.5859649735766,-0.911886397717327,499
1250.6884765625,52,59,27,36.590131604591,-0.911886397717327,384
1955.68957519531,36,62,16,36.625547968213,-0.911886397717327,316
2072.83032226562,62,55,76,36.6692975938638,-0.911886397717327,169
2072.83032226562,62,55,76,36.6755475403853,-0.911886397717327,196
2052.51123046875,56,54,79,36.6922140644427,-0.911886397717327,198
2052.00244140625,53,54,55,36.6942973799499,-0.911886397717327,196
2059.865234375,43,52,60,36.7109639040073,-0.911886397717327,205
2062.74731445312,46,51,60,36.7213804815432,-0.911886397717327,201
2060.13427734375,47,51,70,36.7317970590791,-0.911886397717327,189
2045.97680664062,48,54,65,36.7401303211078,-0.911886397717327,209
2010.5458984375,45,51,27,36.7734633692227,-0.911886397717327,225
1989.58666992188,36,54,34,36.7901298932801,-0.911886397717327,289
1873.02282714844,38,55,22,36.8630459360314,-0.911886397717327,352
1164.96716308594,38,63,24,36.5755483960407,-0.913969751753802,661
1704.5654296875,44,56,51,36.6026314976341,-0.913969751753802,318
1886.59533691406,37,59,22,36.6172147061843,-0.913969751753802,274
1955.68957519531,36,62,16,36.625547968213,-0.913969751753802,288
2095.25244140625,58,57,60,36.6442978077776,-0.913969751753802,248
2106.95239257812,56,56,70,36.6588810163279,-0.913969751753802,207
2055.64770507812,44,51,65,36.7047139574858,-0.913969751753802,215
2059.865234375,43,52,60,36.7109639040073,-0.913969751753802,207
2059.865234375,43,52,60,36.7130472195145,-0.913969751753802,196
2060.13427734375,47,51,70,36.7297137435719,-0.913969751753802,181
1974.51647949219,48,55,54,36.7984631553088,-0.913969751753802,301
1953.93933105469,45,54,49,36.8047131018304,-0.913969751753802,372
1889.78210449219,33,54,51,36.8401294654524,-0.913969751753802,353
1873.55676269531,40,54,59,36.8567959895098,-0.913969751753802,364
1873.02282714844,38,55,22,36.8672125670457,-0.913969751753802,359
1820.73828125,37,54,35,36.8859624066103,-0.913969751753802,405
1790.4833984375,28,54,35,36.9026289306677,-0.913969751753802,445
930.938659667969,32,61,27,36.5797150270551,-0.916053105790276,478
1205.49975585938,29,56,45,36.5942982356053,-0.916053105790276,425
2053.306640625,58,59,23,36.6380478612561,-0.916053105790276,231
2092.30419921875,63,55,70,36.6442978077776,-0.916053105790276,235
2092.30419921875,63,55,70,36.6505477542992,-0.916053105790276,212
2076.35375976562,66,54,71,36.660964331835,-0.916053105790276,208
2053.0048828125,43,53,61,36.7130472195145,-0.916053105790276,206
2053.24658203125,47,50,72,36.7317970590791,-0.916053105790276,194
2034.20703125,53,53,53,36.7380470056006,-0.916053105790276,195
2014.34936523438,45,52,47,36.7484635831365,-0.916053105790276,187
1930.28747558594,38,52,53,36.8151296793663,-0.916053105790276,359
1915.07385253906,40,55,35,36.8192963103806,-0.916053105790276,344
1871.2939453125,36,54,38,36.8401294654524,-0.916053105790276,359
1856.12133789062,34,55,41,36.858879305017,-0.916053105790276,363
1855.48828125,30,56,26,36.8713791980601,-0.916053105790276,388
1816.23498535156,27,57,36,36.8963789841462,-0.916053105790276,384
1816.23498535156,27,57,36,36.9005456151606,-0.916053105790276,399
930.938659667969,32,61,27,36.5817983425623,-0.91813645982675,542
1205.49975585938,29,56,45,36.5942982356053,-0.91813645982675,437
2004.34399414062,44,58,80,36.6276312837202,-0.91813645982675,257
2095.97314453125,72,55,70,36.6567977008207,-0.91813645982675,204
2058.07861328125,60,56,61,36.6734642248781,-0.91813645982675,196
2053.0048828125,43,53,61,36.7172138505289,-0.91813645982675,192
2053.24658203125,47,50,72,36.7297137435719,-0.91813645982675,201
2034.20703125,53,53,53,36.7401303211078,-0.91813645982675,203
2014.34936523438,45,52,47,36.7442969521222,-0.91813645982675,210
1994.40087890625,43,54,33,36.7838799467586,-0.91813645982675,315
1985.1318359375,37,54,47,36.7880465777729,-0.91813645982675,304
1968.92297363281,37,54,56,36.800546470816,-0.91813645982675,344
1930.28747558594,38,52,53,36.8151296793663,-0.91813645982675,362
1915.07385253906,40,55,35,36.823462941395,-0.91813645982675,347
1856.12133789062,34,55,41,36.8526293584955,-0.91813645982675,369
1857.82604980469,32,55,39,36.8672125670457,-0.91813645982675,376
981.539611816406,30,62,17,36.5692984495192,-0.920219813863224,492
1205.49975585938,29,56,45,36.5942982356053,-0.920219813863224,462
1205.49975585938,29,56,45,36.5984648666197,-0.920219813863224,460
1954.97326660156,47,58,87,36.625547968213,-0.920219813863224,271
2053.306640625,58,59,23,36.6422144922704,-0.920219813863224,241
2038.62512207031,50,54,67,36.6922140644427,-0.920219813863224,204
2047.61181640625,45,52,79,36.7047139574858,-0.920219813863224,233
2034.20703125,53,53,53,36.7401303211078,-0.920219813863224,207
2001.78601074219,40,54,31,36.7734633692227,-0.920219813863224,302
2001.78601074219,40,54,31,36.7755466847299,-0.920219813863224,299
1930.28747558594,38,52,53,36.8151296793663,-0.920219813863224,366
1857.82604980469,32,55,39,36.8672125670457,-0.920219813863224,358
1855.48828125,30,56,26,36.8713791980601,-0.920219813863224,392
1843.16101074219,33,54,35,36.8838790911031,-0.920219813863224,388
1828.01623535156,32,55,16,36.8859624066103,-0.920219813863224,388
1241.60778808594,23,62,5,36.5567985564761,-0.922303167899698,518
1838.30322265625,44,59,44,36.6109647596628,-0.922303167899698,266
1838.30322265625,44,59,44,36.6130480751699,-0.922303167899698,243
1838.30322265625,44,59,44,36.6151313906771,-0.922303167899698,254
2092.30419921875,63,55,70,36.6442978077776,-0.922303167899698,226
2045.72131347656,57,55,70,36.683880802414,-0.922303167899698,200
2057.01806640625,52,50,64,36.7234637970504,-0.922303167899698,186
2053.24658203125,47,50,72,36.7338803745863,-0.922303167899698,193
2014.34936523438,45,52,47,36.7505468986437,-0.922303167899698,230
2007.91760253906,39,52,51,36.7609634761796,-0.922303167899698,257
1895.30114746094,42,54,30,36.8317962034237,-0.922303167899698,367
1871.2939453125,36,54,38,36.8401294654524,-0.922303167899698,373
1843.16101074219,33,54,35,36.8838790911031,-0.922303167899698,385
1816.23498535156,27,57,36,36.894295668639,-0.922303167899698,374
1802.2275390625,30,55,27,36.9067955616821,-0.922303167899698,409
878.862731933594,19,63,0,36.5692984495192,-0.924386521936173,559
882.377075195312,26,56,42,36.5922149200982,-0.924386521936173,499
1076.74450683594,29,57,39,36.5984648666197,-0.924386521936173,436
2086.6337890625,67,55,74,36.6463811232848,-0.924386521936173,196
2038.01354980469,57,55,72,36.6713809093709,-0.924386521936173,197
2026.21240234375,54,54,63,36.6880474334284,-0.924386521936173,203
2046.87280273438,43,51,83,36.7109639040073,-0.924386521936173,191
2046.87280273438,43,51,83,36.7151305350217,-0.924386521936173,247
2055.2080078125,47,53,87,36.7255471125576,-0.924386521936173,177
2036.43811035156,47,52,27,36.7359636900935,-0.924386521936173,202
2000.19873046875,46,53,31,36.7526302141509,-0.924386521936173,250
1834.7783203125,32,56,21,36.858879305017,-0.924386521936173,374
840.265502929688,24,62,18,36.5817983425623,-0.926469875972647,576
882.377075195312,26,56,42,36.5859649735766,-0.926469875972647,531
1076.74450683594,29,57,39,36.5942982356053,-0.926469875972647,490
1076.74450683594,29,57,39,36.6005481821269,-0.926469875972647,385
1439.48156738281,29,54,93,36.6067981286484,-0.926469875972647,350
2026.21240234375,54,54,63,36.6922140644427,-0.926469875972647,206
2055.2080078125,47,53,87,36.719297166036,-0.926469875972647,205
1993.509765625,42,52,28,36.7609634761796,-0.926469875972647,268
1976.29931640625,37,54,62,36.7922132087873,-0.926469875972647,352
1913.85705566406,38,53,17,36.8255462569021,-0.926469875972647,372
1857.28820800781,34,55,41,36.835962834438,-0.926469875972647,353
1838.28967285156,33,54,47,36.8463794119739,-0.926469875972647,365
1838.28967285156,33,54,47,36.8505460429883,-0.926469875972647,349
1838.59790039062,31,58,24,36.8672125670457,-0.926469875972647,396
1823.05090332031,29,57,20,36.8984622996534,-0.926469875972647,408
878.862731933594,19,63,0,36.5755483960407,-0.928553230009121,569
840.265502929688,24,62,18,36.5797150270551,-0.928553230009121,551
1761.03369140625,33,55,40,36.6172147061843,-0.928553230009121,249
1922.26843261719,42,55,89,36.6234646527058,-0.928553230009121,305
2054.28735351562,54,59,71,36.6359645457489,-0.928553230009121,251
2054.48046875,59,54,81,36.660964331835,-0.928553230009121,186
2030.88537597656,51,55,75,36.6817974869068,-0.928553230009121,172
2026.21240234375,54,54,63,36.6859641179212,-0.928553230009121,178
2028.29296875,48,53,66,36.6942973799499,-0.928553230009121,210
2036.43811035156,47,52,27,36.7359636900935,-0.928553230009121,192
2000.19873046875,46,53,31,36.7588801606724,-0.928553230009121,253
1943.51904296875,36,56,26,36.8088797328447,-0.928553230009121,348
1913.85705566406,38,53,17,36.8213796258878,-0.928553230009121,337
1838.66345214844,30,55,25,36.8692958825529,-0.928553230009121,415
840.265502929688,24,62,18,36.5776317115479,-0.930636584045595,557
840.265502929688,24,62,18,36.5797150270551,-0.930636584045595,518
1439.48156738281,29,54,93,36.6026314976341,-0.930636584045595,379
1439.48156738281,29,54,93,36.6088814441556,-0.930636584045595,283
2086.6337890625,67,55,74,36.6463811232848,-0.930636584045595,188
2030.88537597656,51,55,75,36.683880802414,-0.930636584045595,168
2026.21240234375,54,54,63,36.6922140644427,-0.930636584045595,205
2055.2080078125,47,53,87,36.7255471125576,-0.930636584045595,182
1993.509765625,42,52,28,36.765130107194,-0.930636584045595,284
1987.986328125,41,55,24,36.7713800537155,-0.930636584045595,269
1987.986328125,41,55,24,36.7734633692227,-0.930636584045595,260
1976.29931640625,37,54,62,36.7880465777729,-0.930636584045595,361
1913.85705566406,38,53,17,36.8192963103806,-0.930636584045595,340
1815.15209960938,25,57,32,36.9067955616821,-0.930636584045595,414
1795.0361328125,23,57,30,36.917212139218,-0.930636584045595,427
1780.36828613281,30,58,23,36.9192954547252,-0.930636584045595,434
834.993957519531,24,60,54,36.5859649735766,-0.932719938082069,619
1619.21264648438,44,58,30,36.6151313906771,-0.932719938082069,271
1844.31359863281,31,56,70,36.6213813371987,-0.932719938082069,265
2070.73583984375,63,56,57,36.6463811232848,-0.932719938082069,211
2013.84912109375,60,53,73,36.6734642248781,-0.932719938082069,186
2015.86303710938,52,53,72,36.6901307489355,-0.932719938082069,198
2037.498046875,44,52,82,36.7172138505289,-0.932719938082069,196
2051.716796875,49,51,78,36.7276304280648,-0.932719938082069,179
2051.716796875,49,51,78,36.7317970590791,-0.932719938082069,213
1983.32666015625,47,55,22,36.7630467916868,-0.932719938082069,320
1977.20434570312,43,54,35,36.7817966312514,-0.932719938082069,317
1970.87878417969,39,51,49,36.7922132087873,-0.932719938082069,356
1849.73986816406,37,53,20,36.8380461499452,-0.932719938082069,374
1849.73986816406,37,53,20,36.8401294654524,-0.932719938082069,375
1822.91809082031,38,52,43,36.8484627274811,-0.932719938082069,355
1821.99914550781,30,55,18,36.8922123531319,-0.932719938082069,393
1797.57788085938,24,57,16,36.9130455082036,-0.932719938082069,417
806.450317382812,22,62,5,36.5838816580694,-0.934803292118544,615
2013.84912109375,60,53,73,36.6734642248781,-0.934803292118544,182
2014.1728515625,61,54,60,36.6797141713997,-0.934803292118544,186
2051.716796875,49,51,78,36.7276304280648,-0.934803292118544,184
2051.716796875,49,51,78,36.7338803745863,-0.934803292118544,267
1970.87878417969,39,51,49,36.7859632622658,-0.934803292118544,319
1970.87878417969,39,51,49,36.7922132087873,-0.934803292118544,348
1911.65368652344,36,52,60,36.8192963103806,-0.934803292118544,320
1883.65307617188,30,55,25,36.8317962034237,-0.934803292118544,345
1849.73986816406,37,53,20,36.8401294654524,-0.934803292118544,357
1816.17150878906,31,55,26,36.8547126740026,-0.934803292118544,369
1816.17150878906,31,55,26,36.858879305017,-0.934803292118544,383
1827.66540527344,31,57,36,36.8692958825529,-0.934803292118544,406
1827.66540527344,31,57,36,36.8755458290744,-0.934803292118544,402
1821.99914550781,30,55,18,36.8901290376247,-0.934803292118544,408
1822.9814453125,30,57,33,36.8963789841462,-0.934803292118544,400
1822.9814453125,30,57,33,36.8984622996534,-0.934803292118544,400
1817.75231933594,23,56,44,36.9047122461749,-0.934803292118544,412
1797.57788085938,24,57,16,36.9130455082036,-0.934803292118544,404
1773.11657714844,23,56,46,36.9213787702324,-0.934803292118544,466
806.450317382812,22,62,5,36.5776317115479,-0.936886646155018,556
806.450317382812,22,62,5,36.5797150270551,-0.936886646155018,632
981.080200195312,26,59,39,36.5942982356053,-0.936886646155018,515
1285.46899414062,30,56,70,36.6047148131412,-0.936886646155018,383
1285.46899414062,30,56,70,36.6067981286484,-0.936886646155018,339
1844.31359863281,31,56,70,36.6192980216915,-0.936886646155018,304
1966.76586914062,37,57,95,36.6297145992274,-0.936886646155018,298
2057.29931640625,67,55,72,36.6567977008207,-0.936886646155018,237
2014.1728515625,61,54,60,36.6797141713997,-0.936886646155018,177
2015.86303710938,52,53,72,36.6880474334284,-0.936886646155018,199
2025.40991210938,51,51,77,36.7047139574858,-0.936886646155018,201
1911.65368652344,36,52,60,36.8213796258878,-0.936886646155018,344
1822.91809082031,38,52,43,36.8463794119739,-0.936886646155018,362
1816.17150878906,31,55,26,36.8567959895098,-0.936886646155018,361
1822.91271972656,30,55,17,36.8651292515385,-0.936886646155018,400
1825.353515625,29,56,25,36.8838790911031,-0.936886646155018,415
1821.99914550781,30,55,18,36.8922123531319,-0.936886646155018,403
1966.76586914062,37,57,95,36.6276312837202,-0.938970000191492,302
2070.73583984375,63,56,57,36.6505477542992,-0.938970000191492,239
2028.4287109375,49,53,93,36.6672142783566,-0.938970000191492,202
2013.84912109375,60,53,73,36.6692975938638,-0.938970000191492,186
2017.8994140625,48,53,78,36.7005473264714,-0.938970000191492,196
2037.498046875,44,52,82,36.7130472195145,-0.938970000191492,190
2037.498046875,44,52,82,36.7151305350217,-0.938970000191492,191
2037.498046875,44,52,82,36.7172138505289,-0.938970000191492,196
2051.716796875,49,51,78,36.7317970590791,-0.938970000191492,189
2051.716796875,49,51,78,36.7338803745863,-0.938970000191492,187
1994.90380859375,36,54,42,36.7567968451653,-0.938970000191492,325
1977.20434570312,43,54,35,36.7797133157442,-0.938970000191492,307
1970.87878417969,39,51,49,36.7880465777729,-0.938970000191492,353
1928.25231933594,36,54,37,36.8172129948734,-0.938970000191492,333
1822.91809082031,38,52,43,36.8505460429883,-0.938970000191492,360
1827.66540527344,31,57,36,36.8755458290744,-0.938970000191492,407
1825.353515625,29,56,25,36.8797124600888,-0.938970000191492,406
1822.9814453125,30,57,33,36.8963789841462,-0.938970000191492,408
1817.75231933594,23,56,44,36.9026289306677,-0.938970000191492,407
894.684692382812,27,60,9,36.6005481821269,-0.941053354227966,499
1109.51123046875,30,56,79,36.6067981286484,-0.941053354227966,386
1904.81860351562,39,57,91,36.6338812302417,-0.941053354227966,255
2047.36987304688,78,59,49,36.6505477542992,-0.941053354227966,246
1996.10009765625,51,54,79,36.6797141713997,-0.941053354227966,175
2003.29504394531,51,54,54,36.6901307489355,-0.941053354227966,184
2009.00805664062,53,51,87,36.6942973799499,-0.941053354227966,178
2025.27587890625,45,50,92,36.7109639040073,-0.941053354227966,175
2008.64013671875,41,53,38,36.7463802676294,-0.941053354227966,217
1987.22570800781,50,52,41,36.7526302141509,-0.941053354227966,295
1966.51025390625,39,54,38,36.7817966312514,-0.941053354227966,301
1962.51794433594,40,54,16,36.7922132087873,-0.941053354227966,367
1952.56225585938,39,52,26,36.7963798398016,-0.941053354227966,339
1882.099609375,33,54,20,36.8297128879165,-0.941053354227966,342
1825.5224609375,31,56,38,36.894295668639,-0.941053354227966,405
1816.28430175781,28,57,24,36.9047122461749,-0.941053354227966,405
1717.5654296875,25,57,36,36.9359619787826,-0.941053354227966,449
803.384216308594,30,62,51,36.5922149200982,-0.94313670826444,629
1420.41467285156,35,59,34,36.6172147061843,-0.94313670826444,338
2008.8974609375,53,55,88,36.660964331835,-0.94313670826444,213
2003.29504394531,51,54,54,36.6880474334284,-0.94313670826444,191
2003.29504394531,51,54,54,36.6901307489355,-0.94313670826444,176
2025.27587890625,45,50,92,36.7151305350217,-0.94313670826444,190
2036.26342773438,46,52,66,36.7317970590791,-0.94313670826444,191
1975.34753417969,44,52,36,36.7609634761796,-0.94313670826444,310
1970.19763183594,38,51,46,36.7692967382083,-0.94313670826444,297
1966.51025390625,39,54,38,36.777630000237,-0.94313670826444,311
1952.56225585938,39,52,26,36.7942965242945,-0.94313670826444,360
1939.9560546875,41,53,48,36.8088797328447,-0.94313670826444,350
1803.88989257812,43,54,22,36.8547126740026,-0.94313670826444,368
1825.81579589844,29,56,41,36.8776291445816,-0.94313670826444,410
1825.81579589844,29,56,41,36.8797124600888,-0.94313670826444,407
1825.81982421875,28,55,47,36.8859624066103,-0.94313670826444,405
1825.81982421875,28,55,47,36.8880457221175,-0.94313670826444,411
894.684692382812,27,60,9,36.5942982356053,-0.945220062300915,567
894.684692382812,27,60,9,36.5984648666197,-0.945220062300915,540
1712.65881347656,34,61,14,36.6213813371987,-0.945220062300915,324
2047.36987304688,78,59,49,36.6505477542992,-0.945220062300915,256
2003.29504394531,51,54,54,36.6901307489355,-0.945220062300915,180
2009.00805664062,53,51,87,36.6984640109643,-0.945220062300915,170
2016.01086425781,48,53,69,36.706797272993,-0.945220062300915,182
2036.26342773438,46,52,66,36.7338803745863,-0.945220062300915,195
2008.64013671875,41,53,38,36.7484635831365,-0.945220062300915,236
1962.51794433594,40,54,16,36.7922132087873,-0.945220062300915,375
1952.56225585938,39,52,26,36.7963798398016,-0.945220062300915,374
1952.56225585938,39,52,26,36.800546470816,-0.945220062300915,365
1814.95812988281,41,53,28,36.8463794119739,-0.945220062300915,377
1816.28430175781,28,57,24,36.9088788771893,-0.945220062300915,399
1794.8037109375,28,57,45,36.9151288237108,-0.945220062300915,420
1741.85607910156,30,56,24,36.9276287167539,-0.945220062300915,424
1717.5654296875,25,57,36,36.940128609797,-0.945220062300915,455
803.384216308594,30,62,51,36.5859649735766,-0.947303416337389,685
803.384216308594,30,62,51,36.5880482890838,-0.947303416337389,645
803.384216308594,30,62,51,36.590131604591,-0.947303416337389,650
1420.41467285156,35,59,34,36.6172147061843,-0.947303416337389,373
1712.65881347656,34,61,14,36.6192980216915,-0.947303416337389,367
1712.65881347656,34,61,14,36.6213813371987,-0.947303416337389,348
2007.54138183594,64,58,88,36.6401311767633,-0.947303416337389,267
2047.36987304688,78,59,49,36.6463811232848,-0.947303416337389,276
2047.36987304688,78,59,49,36.648464438792,-0.947303416337389,266
2008.8974609375,53,55,88,36.6672142783566,-0.947303416337389,198
2016.01086425781,48,53,69,36.7047139574858,-0.947303416337389,181
2025.27587890625,45,50,92,36.7109639040073,-0.947303416337389,188
2025.27587890625,45,50,92,36.7130472195145,-0.947303416337389,194
2033.40673828125,55,52,69,36.7213804815432,-0.947303416337389,176
2036.26342773438,46,52,66,36.7276304280648,-0.947303416337389,186
2036.26342773438,46,52,66,36.7317970590791,-0.947303416337389,188
2008.64013671875,41,53,38,36.7442969521222,-0.947303416337389,223
1970.19763183594,38,51,46,36.7755466847299,-0.947303416337389,312
1952.56225585938,39,52,26,36.800546470816,-0.947303416337389,367
1925.63488769531,34,54,37,36.8151296793663,-0.947303416337389,341
1803.88989257812,43,54,22,36.8547126740026,-0.947303416337389,381
1803.88989257812,43,54,22,36.858879305017,-0.947303416337389,371
1813.39538574219,29,56,19,36.8651292515385,-0.947303416337389,409
1825.5224609375,31,56,38,36.894295668639,-0.947303416337389,413
1816.28430175781,28,57,24,36.9088788771893,-0.947303416337389,411
1768.38720703125,27,56,52,36.9234620857395,-0.947303416337389,426
836.563232421875,26,62,2,36.5984648666197,-0.949386770373863,563
972.943237304688,31,59,34,36.6067981286484,-0.949386770373863,509
1224.2421875,38,59,30,36.6130480751699,-0.949386770373863,395
2027.69140625,76,59,19,36.6463811232848,-0.949386770373863,264
2002.90148925781,50,55,90,36.6651309628494,-0.949386770373863,192
1984.66162109375,50,53,69,36.6776308558925,-0.949386770373863,223
2011.29895019531,47,54,78,36.7130472195145,-0.949386770373863,188
2011.29895019531,47,54,78,36.7151305350217,-0.949386770373863,191
2011.29895019531,47,54,78,36.7172138505289,-0.949386770373863,190
1993.99499511719,41,53,32,36.7505468986437,-0.949386770373863,273
1917.66198730469,38,52,47,36.8151296793663,-0.949386770373863,359
1901.4560546875,34,55,28,36.8192963103806,-0.949386770373863,365
1852.51452636719,42,53,38,36.835962834438,-0.949386770373863,355
1852.51452636719,42,53,38,36.8401294654524,-0.949386770373863,379
1818.12280273438,29,55,47,36.8442960964667,-0.949386770373863,384
1823.30871582031,30,57,52,36.8692958825529,-0.949386770373863,424
1825.43188476562,27,56,18,36.8984622996534,-0.949386770373863,429
1715.1064453125,25,58,28,36.9422119253041,-0.949386770373863,453
972.943237304688,31,59,34,36.6088814441556,-0.951470124410337,500
1541.64477539062,32,58,17,36.625547968213,-0.951470124410337,375
1807.66223144531,46,59,32,36.6276312837202,-0.951470124410337,344
1807.66223144531,46,59,32,36.6338812302417,-0.951470124410337,265
2002.90148925781,50,55,90,36.6672142783566,-0.951470124410337,186
1984.66162109375,50,53,69,36.683880802414,-0.951470124410337,185
1989.0771484375,53,53,65,36.6859641179212,-0.951470124410337,219
1996.54992675781,47,51,79,36.7005473264714,-0.951470124410337,200
2011.29895019531,47,54,78,36.7151305350217,-0.951470124410337,184
1945.52819824219,42,52,39,36.7859632622658,-0.951470124410337,331
1940.20385742188,39,53,61,36.7963798398016,-0.951470124410337,343
1917.66198730469,38,52,47,36.8172129948734,-0.951470124410337,373
1901.4560546875,34,55,28,36.8192963103806,-0.951470124410337,374
1881.41760253906,42,53,31,36.8276295724093,-0.951470124410337,367
1881.41760253906,42,53,31,36.8317962034237,-0.951470124410337,368
1802.62121582031,38,54,43,36.8547126740026,-0.951470124410337,393
1811.18151855469,30,57,33,36.8651292515385,-0.951470124410337,403
1811.18151855469,30,57,33,36.8672125670457,-0.951470124410337,422
1825.43188476562,27,56,18,36.894295668639,-0.951470124410337,423
1787.66186523438,30,56,48,36.9130455082036,-0.951470124410337,422
1758.38049316406,23,57,58,36.9234620857395,-0.951470124410337,429
781.223999023438,31,65,42,36.5922149200982,-0.953553478446811,556
836.563232421875,26,62,2,36.6005481821269,-0.953553478446811,605
1541.64477539062,32,58,17,36.6213813371987,-0.953553478446811,441
2027.69140625,76,59,19,36.6442978077776,-0.953553478446811,255
2002.90148925781,50,55,90,36.6651309628494,-0.953553478446811,189
1996.54992675781,47,51,79,36.6942973799499,-0.953553478446811,216
2004.69519042969,48,54,68,36.7026306419786,-0.953553478446811,197
2011.29895019531,47,54,78,36.7109639040073,-0.953553478446811,168
2015.49633789062,48,55,58,36.719297166036,-0.953553478446811,183
1950.34228515625,46,53,34,36.7838799467586,-0.953553478446811,321
1852.51452636719,42,53,38,36.8380461499452,-0.953553478446811,377
1852.51452636719,42,53,38,36.8422127809596,-0.953553478446811,392
1811.18151855469,30,57,33,36.8651292515385,-0.953553478446811,406
1826.34387207031,30,56,23,36.881795775596,-0.953553478446811,447
1758.38049316406,23,57,58,36.9192954547252,-0.953553478446811,429
1758.38049316406,23,57,58,36.9213787702324,-0.953553478446811,443
836.563232421875,26,62,2,36.5984648666197,-0.955636832483286,620
1807.66223144531,46,59,32,36.6317979147345,-0.955636832483286,315
1996.54992675781,47,51,79,36.6963806954571,-0.955636832483286,204
2004.69519042969,48,54,68,36.7047139574858,-0.955636832483286,204
2016.00207519531,44,52,59,36.7297137435719,-0.955636832483286,197
2009.82800292969,45,52,50,36.7359636900935,-0.955636832483286,202
2009.82800292969,45,52,50,36.7380470056006,-0.955636832483286,224
1963.03625488281,37,54,21,36.765130107194,-0.955636832483286,353
1957.35412597656,53,53,20,36.7713800537155,-0.955636832483286,347
1950.34228515625,46,53,34,36.7838799467586,-0.955636832483286,323
1940.20385742188,39,53,61,36.7963798398016,-0.955636832483286,351
1917.66198730469,38,52,47,36.8151296793663,-0.955636832483286,368
1881.41760253906,42,53,31,36.8317962034237,-0.955636832483286,394
1802.62121582031,38,54,43,36.8547126740026,-0.955636832483286,392
1823.30871582031,30,57,52,36.8755458290744,-0.955636832483286,449
1826.34387207031,30,56,23,36.8776291445816,-0.955636832483286,450
1826.03662109375,29,56,38,36.8880457221175,-0.955636832483286,439
1813.775390625,27,55,31,36.9026289306677,-0.955636832483286,429
1715.1064453125,25,58,28,36.9359619787826,-0.955636832483286,450
891.768981933594,30,62,13,36.6026314976341,-0.95772018651976,555
1368.77880859375,36,59,35,36.6213813371987,-0.95772018651976,439
2006.14025878906,62,56,71,36.648464438792,-0.95772018651976,258
1997.49182128906,56,55,58,36.6651309628494,-0.95772018651976,184
1978.82763671875,52,52,72,36.6922140644427,-0.95772018651976,200
2000.55395507812,48,52,39,36.7213804815432,-0.95772018651976,169
1980.67785644531,49,51,36,36.7484635831365,-0.95772018651976,299
1947.60900878906,39,52,55,36.7672134227011,-0.95772018651976,363
1941.01696777344,41,53,37,36.7713800537155,-0.95772018651976,341
1918.0478515625,38,54,30,36.7942965242945,-0.95772018651976,323
1892.56811523438,38,53,22,36.8151296793663,-0.95772018651976,368
1884.09008789062,34,54,40,36.8255462569021,-0.95772018651976,368
1851.13049316406,33,56,43,36.8422127809596,-0.95772018651976,380
1825.90637207031,29,57,59,36.8463794119739,-0.95772018651976,372
1825.90637207031,29,57,59,36.8505460429883,-0.95772018651976,388
1822.37585449219,33,55,31,36.8755458290744,-0.95772018651976,426
1819.45275878906,32,57,55,36.8963789841462,-0.95772018651976,432
1810.80700683594,24,57,18,36.9088788771893,-0.95772018651976,430
1725.26831054688,24,58,23,36.9276287167539,-0.95772018651976,444
1662.33081054688,21,57,40,36.95262850284,-0.95772018651976,458
1073.55261230469,37,61,14,36.6172147061843,-0.959803540556234,500
1368.77880859375,36,59,35,36.6234646527058,-0.959803540556234,432
1692.71166992188,33,59,32,36.6338812302417,-0.959803540556234,356
2006.14025878906,62,56,71,36.6442978077776,-0.959803540556234,262
1986.66650390625,50,55,54,36.6734642248781,-0.959803540556234,190
1982.73388671875,48,50,93,36.6984640109643,-0.959803540556234,200
1892.56811523438,38,53,22,36.8172129948734,-0.959803540556234,383
1825.90637207031,29,57,59,36.8442960964667,-0.959803540556234,386
1819.45275878906,32,57,55,36.8963789841462,-0.959803540556234,434
1783.92639160156,25,57,42,36.9109621926965,-0.959803540556234,435
1749.18701171875,22,57,24,36.9255454012467,-0.959803540556234,438
1711.56481933594,20,60,44,36.9380452942898,-0.959803540556234,466
1693.06774902344,21,59,36,36.9463785563185,-0.959803540556234,441
1368.77880859375,36,59,35,36.6192980216915,-0.961886894592708,536
1915.94982910156,45,57,21,36.6380478612561,-0.961886894592708,322
1997.49182128906,56,55,58,36.6672142783566,-0.961886894592708,174
1986.66650390625,50,55,54,36.6713809093709,-0.961886894592708,187
1981.16198730469,50,54,74,36.6776308558925,-0.961886894592708,210
1982.73388671875,48,50,93,36.6984640109643,-0.961886894592708,195
1997.43725585938,45,54,75,36.7172138505289,-0.961886894592708,193
2000.31005859375,41,53,33,36.7338803745863,-0.961886894592708,226
1994.2294921875,43,52,44,36.7401303211078,-0.961886894592708,268
1811.17846679688,33,57,33,36.8567959895098,-0.961886894592708,380
1814.25170898438,32,56,31,36.8672125670457,-0.961886894592708,403
1819.45275878906,32,57,55,36.8963789841462,-0.961886894592708,434
1810.80700683594,24,57,18,36.9088788771893,-0.961886894592708,443
1725.26831054688,24,58,23,36.9297120322611,-0.961886894592708,434
1725.26831054688,24,58,23,36.9317953477682,-0.961886894592708,435
1662.33081054688,21,57,40,36.95262850284,-0.961886894592708,437
804.83056640625,30,62,28,36.6005481821269,-0.963970248629182,719
1073.55261230469,37,61,14,36.6151313906771,-0.963970248629182,539
1997.49182128906,56,55,58,36.660964331835,-0.963970248629182,220
1981.16198730469,50,54,74,36.683880802414,-0.963970248629182,204
1978.82763671875,52,52,72,36.6880474334284,-0.963970248629182,191
1991.06799316406,43,54,87,36.7088805885002,-0.963970248629182,218
1997.43725585938,45,54,75,36.7172138505289,-0.963970248629182,203
1947.60900878906,39,52,55,36.7609634761796,-0.963970248629182,248
1941.01696777344,41,53,37,36.7755466847299,-0.963970248629182,336
1934.79846191406,38,54,26,36.7797133157442,-0.963970248629182,303
1904.82885742188,44,53,38,36.8026297863232,-0.963970248629182,376
1825.90637207031,29,57,59,36.8442960964667,-0.963970248629182,392
1825.90637207031,29,57,59,36.8463794119739,-0.963970248629182,391
1814.25170898438,32,56,31,36.8672125670457,-0.963970248629182,413
1820.12573242188,36,54,25,36.8922123531319,-0.963970248629182,434
1810.80700683594,24,57,18,36.9026289306677,-0.963970248629182,425
1810.80700683594,24,57,18,36.9088788771893,-0.963970248629182,431
1225.59240722656,31,60,23,36.6192980216915,-0.966053602665657,547
1855.24584960938,62,58,36,36.6359645457489,-0.966053602665657,340
1977.94946289062,47,54,79,36.7047139574858,-0.966053602665657,195
1986.90686035156,46,54,22,36.7213804815432,-0.966053602665657,244
1987.8935546875,42,54,25,36.7338803745863,-0.966053602665657,246
1913.05004882812,34,56,17,36.7922132087873,-0.966053602665657,329
1880.64099121094,43,56,37,36.8088797328447,-0.966053602665657,414
1824.17041015625,34,56,32,36.8442960964667,-0.966053602665657,388
1824.17041015625,34,56,32,36.8484627274811,-0.966053602665657,412
1824.17041015625,34,56,32,36.8505460429883,-0.966053602665657,419
1815.27282714844,30,56,34,36.881795775596,-0.966053602665657,406
1815.27282714844,30,56,34,36.8838790911031,-0.966053602665657,412
1806.41564941406,27,58,30,36.8984622996534,-0.966053602665657,435
1800.2412109375,22,57,39,36.9047122461749,-0.966053602665657,428
1657.87744140625,23,58,29,36.9547118183472,-0.966053602665657,451
842.858459472656,27,62,7,36.6047148131412,-0.968136956702131,629
1580.14196777344,33,59,56,36.6317979147345,-0.968136956702131,348
1855.24584960938,62,58,36,36.6380478612561,-0.968136956702131,351
1855.24584960938,62,58,36,36.6422144922704,-0.968136956702131,340
1966.8701171875,70,55,62,36.6442978077776,-0.968136956702131,315
1983.24731445312,51,54,57,36.6651309628494,-0.968136956702131,190
1973.91735839844,48,53,85,36.6880474334284,-0.968136956702131,219
1972.37072753906,45,52,97,36.6984640109643,-0.968136956702131,189
1977.94946289062,47,54,79,36.7088805885002,-0.968136956702131,201
1986.90686035156,46,54,22,36.7234637970504,-0.968136956702131,242
1986.90686035156,46,54,22,36.7255471125576,-0.968136956702131,251
1983.92712402344,40,52,34,36.7359636900935,-0.968136956702131,283
1954.66320800781,45,51,64,36.7547135296581,-0.968136956702131,300
1954.66320800781,45,51,64,36.7567968451653,-0.968136956702131,305
1918.3525390625,38,53,26,36.7797133157442,-0.968136956702131,293
1913.05004882812,34,56,17,36.7922132087873,-0.968136956702131,324
1837.87573242188,31,54,25,36.8380461499452,-0.968136956702131,361
1815.33715820312,32,56,41,36.8526293584955,-0.968136956702131,431
1819.03051757812,30,56,61,36.8692958825529,-0.968136956702131,410
1815.27282714844,30,56,34,36.8797124600888,-0.968136956702131,402
1806.41564941406,27,58,30,36.894295668639,-0.968136956702131,438
1806.41564941406,27,58,30,36.9005456151606,-0.968136956702131,428
784.37548828125,24,63,4,36.5984648666197,-0.970220310738605,635
842.858459472656,27,62,7,36.6026314976341,-0.970220310738605,635
1225.59240722656,31,60,23,36.625547968213,-0.970220310738605,479
1966.8701171875,70,55,62,36.648464438792,-0.970220310738605,262
1981.21936035156,49,54,56,36.6734642248781,-0.970220310738605,188
1978.8671875,50,53,63,36.6817974869068,-0.970220310738605,197
1986.90686035156,46,54,22,36.7234637970504,-0.970220310738605,266
1983.92712402344,40,52,34,36.7401303211078,-0.970220310738605,316
1815.88635253906,32,56,34,36.8630459360314,-0.970220310738605,427
1713.55444335938,23,56,45,36.9276287167539,-0.970220310738605,450
1713.55444335938,23,56,45,36.9297120322611,-0.970220310738605,448
1685.9951171875,24,57,53,36.9463785563185,-0.970220310738605,443
784.37548828125,24,63,4,36.5942982356053,-0.972303664775079,927
784.37548828125,24,63,4,36.6005481821269,-0.972303664775079,581
1225.59240722656,31,60,23,36.625547968213,-0.972303664775079,475
1855.24584960938,62,58,36,36.6380478612561,-0.972303664775079,370
1978.8671875,50,53,63,36.683880802414,-0.972303664775079,213
1987.8935546875,42,54,25,36.7317970590791,-0.972303664775079,290
1987.8935546875,42,54,25,36.7338803745863,-0.972303664775079,303
1983.92712402344,40,52,34,36.742213636615,-0.972303664775079,331
1935.27014160156,36,53,34,36.7609634761796,-0.972303664775079,303
1935.27014160156,36,53,34,36.7672134227011,-0.972303664775079,290
1918.3525390625,38,53,26,36.7797133157442,-0.972303664775079,291
1913.05004882812,34,56,17,36.7922132087873,-0.972303664775079,327
1864.279296875,36,54,33,36.8172129948734,-0.972303664775079,424
1824.17041015625,34,56,32,36.8463794119739,-0.972303664775079,417
1824.17041015625,34,56,32,36.8484627274811,-0.972303664775079,416
1819.03051757812,30,56,61,36.8755458290744,-0.972303664775079,407
1815.27282714844,30,56,34,36.8838790911031,-0.972303664775079,402
1800.2412109375,22,57,39,36.9026289306677,-0.972303664775079,430
1739.81494140625,24,58,22,36.9255454012467,-0.972303664775079,454
1657.87744140625,23,58,29,36.9567951338544,-0.972303664775079,448
1126.81994628906,28,60,17,36.625547968213,-0.974387018811553,481
1481.55810546875,30,58,11,36.6276312837202,-0.974387018811553,406
1481.55810546875,30,58,11,36.6317979147345,-0.974387018811553,374
1785.17810058594,47,58,20,36.6422144922704,-0.974387018811553,390
1968.16467285156,47,56,85,36.6651309628494,-0.974387018811553,206
1974.68408203125,46,54,55,36.6713809093709,-0.974387018811553,201
1975.23217773438,48,54,77,36.6776308558925,-0.974387018811553,205
1972.83312988281,42,51,30,36.7255471125576,-0.974387018811553,287
1962.77685546875,44,52,17,36.7484635831365,-0.974387018811553,313
1898.87292480469,46,53,36,36.7838799467586,-0.974387018811553,325
1830.30285644531,35,58,21,36.8297128879165,-0.974387018811553,375
1830.30285644531,35,58,21,36.8338795189309,-0.974387018811553,399
1821.20166015625,34,55,29,36.8401294654524,-0.974387018811553,387
1812.08471679688,31,55,58,36.8442960964667,-0.974387018811553,399
1806.94140625,34,56,49,36.8526293584955,-0.974387018811553,416
1809.71459960938,29,56,28,36.8630459360314,-0.974387018811553,439
1807.00671386719,33,57,19,36.8838790911031,-0.974387018811553,407
1753.10900878906,22,58,58,36.9109621926965,-0.974387018811553,451
1724.92431640625,21,57,37,36.9213787702324,-0.974387018811553,435
1667.91784667969,26,58,38,36.9505451873328,-0.974387018811553,457
769.885070800781,24,64,9,36.5942982356053,-0.976470372848028,937
769.885070800781,24,64,9,36.5963815511125,-0.976470372848028,871
769.885070800781,24,64,9,36.6005481821269,-0.976470372848028,542
1481.55810546875,30,58,11,36.6317979147345,-0.976470372848028,369
1785.17810058594,47,58,20,36.6401311767633,-0.976470372848028,358
1917.21337890625,55,56,95,36.6463811232848,-0.976470372848028,346
1917.21337890625,55,56,95,36.648464438792,-0.976470372848028,325
1917.21337890625,55,56,95,36.6505477542992,-0.976470372848028,298
1974.68408203125,46,54,55,36.6692975938638,-0.976470372848028,209
1969.79602050781,48,55,83,36.6880474334284,-0.976470372848028,205
1972.83312988281,42,51,30,36.7234637970504,-0.976470372848028,287
1975.55163574219,51,52,42,36.7297137435719,-0.976470372848028,284
1975.55163574219,51,52,42,36.7317970590791,-0.976470372848028,292
1972.66418457031,39,54,56,36.7401303211078,-0.976470372848028,318
1924.87707519531,40,54,51,36.7672134227011,-0.976470372848028,336
1888.57141113281,35,56,22,36.7942965242945,-0.976470372848028,323
1870.98913574219,33,55,42,36.8026297863232,-0.976470372848028,367
1870.98913574219,33,55,42,36.8067964173375,-0.976470372848028,367
1809.71459960938,29,56,28,36.8672125670457,-0.976470372848028,418
1724.92431640625,21,57,37,36.9234620857395,-0.976470372848028,443
1622.86975097656,18,57,14,36.9609617648687,-0.976470372848028,482
1126.81994628906,28,60,17,36.6192980216915,-0.978553726884502,545
1956.10803222656,63,57,82,36.6567977008207,-0.978553726884502,223
1968.16467285156,47,56,85,36.6651309628494,-0.978553726884502,195
1969.79602050781,48,55,83,36.6859641179212,-0.978553726884502,223
1975.55163574219,51,52,42,36.7276304280648,-0.978553726884502,280
1975.55163574219,51,52,42,36.7317970590791,-0.978553726884502,296
1962.77685546875,44,52,17,36.7463802676294,-0.978553726884502,292
1962.77685546875,44,52,17,36.7484635831365,-0.978553726884502,303
1907.32824707031,37,52,36,36.7692967382083,-0.978553726884502,330
1907.32824707031,37,52,36,36.7713800537155,-0.978553726884502,311
1870.98913574219,33,55,42,36.8088797328447,-0.978553726884502,362
1839.36145019531,29,55,18,36.8213796258878,-0.978553726884502,390
1830.30285644531,35,58,21,36.8317962034237,-0.978553726884502,395
1821.20166015625,34,55,29,36.835962834438,-0.978553726884502,398
1812.08471679688,31,55,58,36.8463794119739,-0.978553726884502,398
1812.08471679688,31,55,58,36.8484627274811,-0.978553726884502,403
1812.08471679688,31,55,58,36.8505460429883,-0.978553726884502,395
1809.71459960938,29,56,28,36.8672125670457,-0.978553726884502,431
1807.00671386719,33,57,19,36.881795775596,-0.978553726884502,409
1807.00671386719,33,57,19,36.8838790911031,-0.978553726884502,402
1724.92431640625,21,57,37,36.9192954547252,-0.978553726884502,426
1604.40576171875,20,58,37,36.9713783424046,-0.978553726884502,466
1585.89758300781,21,58,29,36.9776282889262,-0.978553726884502,472
1585.89758300781,21,58,29,36.9797116044333,-0.978553726884502,475
769.885070800781,24,64,9,36.6005481821269,-0.980637080920976,532
1126.81994628906,28,60,17,36.6234646527058,-0.980637080920976,544
1917.21337890625,55,56,95,36.6442978077776,-0.980637080920976,328
1917.21337890625,55,56,95,36.6463811232848,-0.980637080920976,344
1974.68408203125,46,54,55,36.6713809093709,-0.980637080920976,212
1975.23217773438,48,54,77,36.6817974869068,-0.980637080920976,206
1969.79602050781,48,55,83,36.6859641179212,-0.980637080920976,202
1969.36560058594,38,53,44,36.7151305350217,-0.980637080920976,294
1972.83312988281,42,51,30,36.7255471125576,-0.980637080920976,277
1975.55163574219,51,52,42,36.7338803745863,-0.980637080920976,271
1898.87292480469,46,53,36,36.7817966312514,-0.980637080920976,362
1851.87377929688,32,54,37,36.8109630483519,-0.980637080920976,387
1812.08471679688,31,55,58,36.8484627274811,-0.980637080920976,393
1785.25317382812,30,57,27,36.8984622996534,-0.980637080920976,443
1724.92431640625,21,57,37,36.9255454012467,-0.980637080920976,457
1667.91784667969,26,58,38,36.9442952408113,-0.980637080920976,471
1667.91784667969,26,58,38,36.9463785563185,-0.980637080920976,481
1647.06286621094,22,58,29,36.9547118183472,-0.980637080920976,465
1604.40576171875,20,58,37,36.975544973419,-0.980637080920976,476
885.1376953125,28,62,18,36.6172147061843,-0.98272043495745,480
1080.095703125,27,61,17,36.625547968213,-0.98272043495745,531
1883.06909179688,37,59,18,36.6463811232848,-0.98272043495745,308
1933.42797851562,45,60,43,36.6567977008207,-0.98272043495745,262
1933.42797851562,45,60,43,36.6588810163279,-0.98272043495745,213
1956.62243652344,56,57,63,36.6672142783566,-0.98272043495745,206
1968.35888671875,52,53,66,36.6776308558925,-0.98272043495745,206
1968.35888671875,52,53,66,36.6817974869068,-0.98272043495745,200
1949.09484863281,41,55,62,36.7026306419786,-0.98272043495745,247
1957.19140625,41,53,45,36.7255471125576,-0.98272043495745,285
1931.39086914062,42,52,25,36.7547135296581,-0.98272043495745,331
1882.11962890625,35,55,50,36.7817966312514,-0.98272043495745,326
1862.9951171875,32,55,31,36.8047131018304,-0.98272043495745,379
1846.42602539062,33,55,48,36.8172129948734,-0.98272043495745,391
1811.48376464844,34,55,61,36.835962834438,-0.98272043495745,382
1762.02612304688,24,56,44,36.8963789841462,-0.98272043495745,421
1668.58959960938,22,58,31,36.940128609797,-0.98272043495745,483
1651.01098632812,20,59,40,36.9484618718257,-0.98272043495745,477
1577.24609375,17,58,28,36.9797116044333,-0.98272043495745,470
1577.24609375,17,58,28,36.9817949199405,-0.98272043495745,477
799.892700195312,25,61,6,36.6088814441556,-0.984803788993924,631
885.1376953125,28,62,18,36.6172147061843,-0.984803788993924,482
1734.99670410156,31,58,21,36.6401311767633,-0.984803788993924,358
1933.42797851562,45,60,43,36.6547143853135,-0.984803788993924,303
1961.24951171875,53,54,72,36.6880474334284,-0.984803788993924,191
1953.02392578125,42,53,26,36.7151305350217,-0.984803788993924,284
1955.83532714844,38,53,37,36.7359636900935,-0.984803788993924,307
1912.5234375,35,52,41,36.7609634761796,-0.984803788993924,336
1862.9951171875,32,55,31,36.8047131018304,-0.984803788993924,378
1846.42602539062,33,55,48,36.8151296793663,-0.984803788993924,372
1811.48376464844,34,55,61,36.8380461499452,-0.984803788993924,387
1796.97790527344,31,56,39,36.8630459360314,-0.984803788993924,424
1796.97790527344,31,56,39,36.8651292515385,-0.984803788993924,435
1800.87585449219,33,57,41,36.8734625135672,-0.984803788993924,423
1794.20104980469,31,57,27,36.8797124600888,-0.984803788993924,409
1762.02612304688,24,56,44,36.894295668639,-0.984803788993924,451
1651.01098632812,20,59,40,36.9484618718257,-0.984803788993924,480
1883.06909179688,37,59,18,36.6463811232848,-0.986887143030398,345
1949.09484863281,41,55,62,36.706797272993,-0.986887143030398,276
1957.19140625,41,53,45,36.7255471125576,-0.986887143030398,294
1959.8857421875,42,53,37,36.7276304280648,-0.986887143030398,282
1945.52734375,40,53,39,36.7484635831365,-0.986887143030398,337
1931.39086914062,42,52,25,36.7526302141509,-0.986887143030398,324
1893.86181640625,39,53,29,36.7713800537155,-0.986887143030398,356
1882.11962890625,35,55,50,36.777630000237,-0.986887143030398,322
1862.9951171875,32,55,31,36.8047131018304,-0.986887143030398,375
1862.9951171875,32,55,31,36.8067964173375,-0.986887143030398,373
1821.01574707031,32,58,33,36.8297128879165,-0.986887143030398,403
1796.97790527344,31,56,39,36.8630459360314,-0.986887143030398,397
1794.20104980469,31,57,27,36.881795775596,-0.986887143030398,401
1777.00988769531,29,58,35,36.8859624066103,-0.986887143030398,419
1777.00988769531,29,58,35,36.8901290376247,-0.986887143030398,446
1703.58422851562,22,58,22,36.9255454012467,-0.986887143030398,449
1687.05908203125,22,58,27,36.9297120322611,-0.986887143030398,449
1638.58996582031,21,58,25,36.95262850284,-0.986887143030398,472
1638.58996582031,21,58,25,36.9547118183472,-0.986887143030398,478
1622.58532714844,16,58,20,36.9630450803759,-0.986887143030398,461
799.892700195312,25,61,6,36.6067981286484,-0.988970497066873,619
1967.72314453125,53,56,49,36.6734642248781,-0.988970497066873,253
1968.35888671875,52,53,66,36.6817974869068,-0.988970497066873,192
1968.35888671875,52,53,66,36.683880802414,-0.988970497066873,201
1912.5234375,35,52,41,36.7609634761796,-0.988970497066873,330
1882.11962890625,35,55,50,36.7797133157442,-0.988970497066873,342
1878.62866210938,32,54,44,36.7880465777729,-0.988970497066873,373
1846.42602539062,33,55,48,36.8109630483519,-0.988970497066873,372
1801.40795898438,30,55,48,36.8442960964667,-0.988970497066873,387
1801.40795898438,30,55,48,36.8463794119739,-0.988970497066873,385
1801.40795898438,30,55,48,36.8505460429883,-0.988970497066873,399
1794.20104980469,31,57,27,36.8776291445816,-0.988970497066873,418
1794.20104980469,31,57,27,36.8838790911031,-0.988970497066873,427
1668.58959960938,22,58,31,36.940128609797,-0.988970497066873,498
1622.58532714844,16,58,20,36.9609617648687,-0.988970497066873,463
1622.58532714844,16,58,20,36.9630450803759,-0.988970497066873,454
1577.24609375,17,58,28,36.9776282889262,-0.988970497066873,493
1553.99340820312,18,56,46,36.9859615509549,-0.988970497066873,458
885.535583496094,39,61,48,36.6130480751699,-0.991053851103347,496
1082.4951171875,29,62,12,36.6213813371987,-0.991053851103347,454
1925.30651855469,36,58,9,36.6547143853135,-0.991053851103347,329
1954.30310058594,51,55,79,36.6817974869068,-0.991053851103347,208
1946.39831542969,52,53,67,36.6922140644427,-0.991053851103347,230
1937.29125976562,50,52,16,36.7005473264714,-0.991053851103347,263
1919.06384277344,38,55,18,36.7547135296581,-0.991053851103347,318
1902.80017089844,40,52,20,36.7630467916868,-0.991053851103347,326
1842.20361328125,33,55,41,36.8109630483519,-0.991053851103347,382
1817.83288574219,37,54,50,36.8297128879165,-0.991053851103347,396
1806.77722167969,36,56,28,36.8401294654524,-0.991053851103347,395
1728.26745605469,21,58,44,36.9088788771893,-0.991053851103347,429
1639.59497070312,18,59,21,36.9484618718257,-0.991053851103347,473
1576.70092773438,17,61,31,36.9838782354477,-0.991053851103347,463
1552.28527832031,16,57,31,36.9922114974764,-0.991053851103347,484
1536.51647949219,17,56,62,36.9942948129836,-0.991053851103347,485
1082.4951171875,29,62,12,36.6213813371987,-0.993137205139821,471
1934.02453613281,42,52,15,36.7047139574858,-0.993137205139821,291
1934.02453613281,42,52,15,36.706797272993,-0.993137205139821,282
1876.00512695312,37,55,32,36.777630000237,-0.993137205139821,388
1854.74987792969,35,55,32,36.8047131018304,-0.993137205139821,400
1854.74987792969,35,55,32,36.8067964173375,-0.993137205139821,393
1828.57836914062,35,56,36,36.8213796258878,-0.993137205139821,370
1806.77722167969,36,56,28,36.8422127809596,-0.993137205139821,385
1653.91821289062,21,58,17,36.940128609797,-0.993137205139821,459
1604.78186035156,17,58,17,36.975544973419,-0.993137205139821,484
751.468566894531,19,64,11,36.6005481821269,-0.995220559176295,870
1420.90710449219,25,60,15,36.6317979147345,-0.995220559176295,446
1937.29125976562,50,52,16,36.6963806954571,-0.995220559176295,255
1937.29125976562,50,52,16,36.7005473264714,-0.995220559176295,272
1938.82922363281,48,51,19,36.7380470056006,-0.995220559176295,308
1869.25170898438,36,55,18,36.7880465777729,-0.995220559176295,377
1828.57836914062,35,56,36,36.8192963103806,-0.995220559176295,370
1817.83288574219,37,54,50,36.8317962034237,-0.995220559176295,394
1788.32946777344,32,57,30,36.8547126740026,-0.995220559176295,387
1743.22497558594,25,58,40,36.8984622996534,-0.995220559176295,434
1576.70092773438,17,61,31,36.9817949199405,-0.995220559176295,489
1552.28527832031,16,57,31,36.9901281819692,-0.995220559176295,428
1082.4951171875,29,62,12,36.6192980216915,-0.997303913212769,430
1082.4951171875,29,62,12,36.6234646527058,-0.997303913212769,445
1727.12646484375,31,59,15,36.6401311767633,-0.997303913212769,417
1948.98706054688,58,58,46,36.660964331835,-0.997303913212769,291
1934.02453613281,42,52,15,36.7088805885002,-0.997303913212769,290
1876.00512695312,37,55,32,36.7817966312514,-0.997303913212769,379
1842.20361328125,33,55,41,36.8130463638591,-0.997303913212769,394
1785.01208496094,30,55,38,36.8672125670457,-0.997303913212769,407
1773.75561523438,26,57,17,36.8797124600888,-0.997303913212769,416
1773.75561523438,26,57,17,36.881795775596,-0.997303913212769,427
1604.78186035156,17,58,17,36.9692950268975,-0.997303913212769,457
1604.78186035156,17,58,17,36.975544973419,-0.997303913212769,471
1576.70092773438,17,61,31,36.9797116044333,-0.997303913212769,493
1116.3271484375,29,61,8,36.6192980216915,-0.999387267249244,401
1867.56860351562,42,56,17,36.6442978077776,-0.999387267249244,396
1929.77905273438,40,55,41,36.7005473264714,-0.999387267249244,288
1931.37243652344,37,55,47,36.7317970590791,-0.999387267249244,286
1931.37243652344,37,55,47,36.7338803745863,-0.999387267249244,269
1929.86157226562,44,53,45,36.7401303211078,-0.999387267249244,294
1913.68273925781,40,53,61,36.7526302141509,-0.999387267249244,335
1913.68273925781,40,53,61,36.7547135296581,-0.999387267249244,341
1874.25561523438,35,55,42,36.7797133157442,-0.999387267249244,383
1827.83251953125,34,54,44,36.823462941395,-0.999387267249244,378
1827.83251953125,34,54,44,36.8255462569021,-0.999387267249244,375
1792.82849121094,34,56,43,36.8463794119739,-0.999387267249244,395
1785.25964355469,32,56,56,36.8526293584955,-0.999387267249244,401
1753.498046875,27,58,19,36.8797124600888,-0.999387267249244,414
1715.25708007812,23,58,27,36.9067955616821,-0.999387267249244,417
1671.91455078125,20,58,58,36.9192954547252,-0.999387267249244,414
1671.91455078125,20,58,58,36.9255454012467,-0.999387267249244,436
1655.20080566406,21,58,41,36.9338786632754,-0.999387267249244,443
1623.95629882812,19,58,30,36.9609617648687,-0.999387267249244,490
1568.01245117188,16,59,18,36.9797116044333,-0.999387267249244,508
1515.05493164062,22,56,41,37.0026280750123,-0.999387267249244,451
1515.05493164062,22,56,41,37.0047113905195,-0.999387267249244,462
1461.43151855469,28,59,12,36.6338812302417,-1.00147062128572,410
1924.05114746094,66,58,31,36.6526310698063,-1.00147062128572,281
1947.35961914062,55,55,26,36.6755475403853,-1.00147062128572,237
1924.81787109375,39,57,54,36.7484635831365,-1.00147062128572,347
1913.68273925781,40,53,61,36.7547135296581,-1.00147062128572,336
1897.34899902344,36,55,18,36.7630467916868,-1.00147062128572,354
1883.68835449219,36,54,58,36.7734633692227,-1.00147062128572,376
1874.25561523438,35,55,42,36.7817966312514,-1.00147062128572,392
1803.28430175781,35,56,51,36.8401294654524,-1.00147062128572,412
1792.82849121094,34,56,43,36.8442960964667,-1.00147062128572,402
1778.37707519531,32,55,28,36.8630459360314,-1.00147062128572,406
1768.25073242188,34,56,38,36.8734625135672,-1.00147062128572,417
1753.498046875,27,58,19,36.8797124600888,-1.00147062128572,418
1738.44396972656,24,58,21,36.8901290376247,-1.00147062128572,419
1629.68469238281,19,59,25,36.9484618718257,-1.00147062128572,455
1629.0390625,17,58,29,36.9567951338544,-1.00147062128572,477
1547.04345703125,17,59,22,36.9880448664621,-1.00147062128572,465
1534.33703613281,17,56,33,36.9942948129836,-1.00147062128572,428
1744.37109375,30,57,14,36.6422144922704,-1.00355397532219,401
1946.2001953125,57,58,76,36.6651309628494,-1.00355397532219,275
1947.35961914062,55,55,26,36.6734642248781,-1.00355397532219,244
1935.40832519531,48,54,18,36.6901307489355,-1.00355397532219,267
1929.77905273438,40,55,41,36.7005473264714,-1.00355397532219,307
1930.31115722656,40,54,16,36.7234637970504,-1.00355397532219,303
1931.37243652344,37,55,47,36.7317970590791,-1.00355397532219,304
1874.25561523438,35,55,42,36.7838799467586,-1.00355397532219,380
1866.16760253906,33,55,15,36.7880465777729,-1.00355397532219,376
1840.08666992188,38,54,30,36.8151296793663,-1.00355397532219,373
1827.83251953125,34,54,44,36.8192963103806,-1.00355397532219,355
1753.498046875,27,58,19,36.8776291445816,-1.00355397532219,413
1753.498046875,27,58,19,36.8797124600888,-1.00355397532219,422
1738.44396972656,24,58,21,36.8922123531319,-1.00355397532219,420
1671.91455078125,20,58,58,36.9192954547252,-1.00355397532219,432
1655.20080566406,21,58,41,36.9338786632754,-1.00355397532219,423
1623.95629882812,19,58,30,36.9609617648687,-1.00355397532219,462
1600.09057617188,19,60,33,36.9734616579118,-1.00355397532219,481
1568.01245117188,16,59,18,36.9797116044333,-1.00355397532219,475
1568.01245117188,16,59,18,36.9817949199405,-1.00355397532219,481
1547.04345703125,17,59,22,36.9880448664621,-1.00355397532219,480
1534.33703613281,17,56,33,36.998461443998,-1.00355397532219,427
902.572692871094,32,62,55,36.6109647596628,-1.00563732935867,528
1116.3271484375,29,61,8,36.6234646527058,-1.00563732935867,453
1744.37109375,30,57,14,36.6380478612561,-1.00563732935867,393
1744.37109375,30,57,14,36.6422144922704,-1.00563732935867,397
1867.56860351562,42,56,17,36.6505477542992,-1.00563732935867,306
1947.35961914062,55,55,26,36.6713809093709,-1.00563732935867,240
1941.48046875,55,56,70,36.6797141713997,-1.00563732935867,219
1941.48046875,55,56,70,36.683880802414,-1.00563732935867,214
1926.61389160156,39,53,29,36.7026306419786,-1.00563732935867,310
1927.88000488281,38,54,37,36.7151305350217,-1.00563732935867,320
1929.86157226562,44,53,45,36.7380470056006,-1.00563732935867,276
1924.81787109375,39,57,54,36.7463802676294,-1.00563732935867,315
1858.14978027344,34,54,34,36.800546470816,-1.00563732935867,375
1827.83251953125,34,54,44,36.823462941395,-1.00563732935867,368
1803.28430175781,35,56,51,36.8422127809596,-1.00563732935867,410
1768.25073242188,34,56,38,36.8755458290744,-1.00563732935867,416
1738.44396972656,24,58,21,36.8880457221175,-1.00563732935867,424
1738.44396972656,24,58,21,36.8901290376247,-1.00563732935867,405
1695.23657226562,23,59,54,36.917212139218,-1.00563732935867,432
1547.04345703125,17,59,22,36.9859615509549,-1.00563732935867,479
1547.04345703125,17,59,22,36.9880448664621,-1.00563732935867,481
1515.05493164062,22,56,41,37.0047113905195,-1.00563732935867,450
926.919128417969,30,60,11,36.6109647596628,-1.00772068339514,529
926.919128417969,30,60,11,36.6151313906771,-1.00772068339514,408
1758.22082519531,34,57,14,36.6359645457489,-1.00772068339514,363
1758.22082519531,34,57,14,36.6401311767633,-1.00772068339514,398
1859.69775390625,34,57,36,36.6505477542992,-1.00772068339514,312
1920.83056640625,53,58,47,36.6567977008207,-1.00772068339514,309
1941.93896484375,48,54,65,36.683880802414,-1.00772068339514,215
1933.81555175781,38,55,61,36.6942973799499,-1.00772068339514,256
1929.36010742188,42,54,16,36.706797272993,-1.00772068339514,299
1926.77258300781,40,55,21,36.7130472195145,-1.00772068339514,308
1926.1962890625,39,55,39,36.7213804815432,-1.00772068339514,298
1926.1962890625,39,55,39,36.7234637970504,-1.00772068339514,297
1852.79016113281,36,56,36,36.7984631553088,-1.00772068339514,370
1821.7529296875,36,55,22,36.8255462569021,-1.00772068339514,388
1812.24194335938,37,56,43,36.8317962034237,-1.00772068339514,382
1792.1474609375,33,56,29,36.8484627274811,-1.00772068339514,408
1781.18237304688,32,55,39,36.858879305017,-1.00772068339514,413
1770.76672363281,32,56,22,36.8630459360314,-1.00772068339514,417
1770.76672363281,32,56,22,36.8672125670457,-1.00772068339514,423
1759.16076660156,29,57,49,36.8692958825529,-1.00772068339514,424
1723.15478515625,24,59,24,36.8880457221175,-1.00772068339514,415
1687.33679199219,24,59,44,36.917212139218,-1.00772068339514,423
1551.51611328125,17,58,23,36.9776282889262,-1.00772068339514,479
1525.0419921875,17,59,29,37.0005447595051,-1.00772068339514,451
809.979736328125,27,63,41,36.6047148131412,-1.00980403743161,631
809.979736328125,27,63,41,36.6088814441556,-1.00980403743161,528
926.919128417969,30,60,11,36.6109647596628,-1.00980403743161,496
1159.31958007812,31,61,17,36.6234646527058,-1.00980403743161,444
1504.85778808594,28,60,11,36.6297145992274,-1.00980403743161,384
1758.22082519531,34,57,14,36.6359645457489,-1.00980403743161,360
1920.83056640625,53,58,47,36.6547143853135,-1.00980403743161,303
1933.81555175781,38,55,61,36.7005473264714,-1.00980403743161,286
1926.77258300781,40,55,21,36.7172138505289,-1.00980403743161,301
1926.1962890625,39,55,39,36.7255471125576,-1.00980403743161,326
1925.09045410156,44,55,29,36.7380470056006,-1.00980403743161,263
1877.63879394531,40,55,42,36.7734633692227,-1.00980403743161,371
1842.90319824219,40,55,37,36.8067964173375,-1.00980403743161,375
1842.90319824219,40,55,37,36.8088797328447,-1.00980403743161,411
1802.94543457031,39,56,34,36.835962834438,-1.00980403743161,393
1759.16076660156,29,57,49,36.8755458290744,-1.00980403743161,428
1723.15478515625,24,59,24,36.8859624066103,-1.00980403743161,419
1723.15478515625,24,59,24,36.8901290376247,-1.00980403743161,428
1670.17443847656,22,59,25,36.9255454012467,-1.00980403743161,442
1525.0419921875,17,59,29,36.9963781284908,-1.00980403743161,465
1509.94018554688,18,57,22,37.0047113905195,-1.00980403743161,456
1487.95373535156,19,56,27,37.010961337041,-1.00980403743161,429
809.979736328125,27,63,41,36.6047148131412,-1.01188739146809,626
1758.22082519531,34,57,14,36.6359645457489,-1.01188739146809,358
1947.45153808594,55,56,74,36.6630476473422,-1.01188739146809,254
1941.93896484375,48,54,65,36.683880802414,-1.01188739146809,220
1926.77258300781,40,55,21,36.7130472195145,-1.01188739146809,318
1926.1962890625,39,55,39,36.7255471125576,-1.01188739146809,324
1926.07312011719,39,54,23,36.7297137435719,-1.01188739146809,299
1926.07312011719,39,54,23,36.7338803745863,-1.01188739146809,278
1908.87097167969,39,52,43,36.7567968451653,-1.01188739146809,392
1792.1474609375,33,56,29,36.8505460429883,-1.01188739146809,412
1770.76672363281,32,56,22,36.8609626205242,-1.01188739146809,441
1759.16076660156,29,57,49,36.8734625135672,-1.01188739146809,438
1723.15478515625,24,59,24,36.8901290376247,-1.01188739146809,425
1702.71411132812,19,59,40,36.9047122461749,-1.01188739146809,445
1687.33679199219,24,59,44,36.9109621926965,-1.01188739146809,414
1617.30041503906,20,58,26,36.9505451873328,-1.01188739146809,457
1525.0419921875,17,59,29,36.998461443998,-1.01188739146809,503
1509.94018554688,18,57,22,37.0026280750123,-1.01188739146809,503
1421.30798339844,11,57,27,37.0630442247205,-1.01188739146809,452
748.724853515625,23,64,5,36.5984648666197,-1.01397074550456,983
809.979736328125,27,63,41,36.6067981286484,-1.01397074550456,492
1947.58630371094,56,57,24,36.6692975938638,-1.01397074550456,203
1941.93896484375,48,54,65,36.6776308558925,-1.01397074550456,201
1926.77258300781,40,55,21,36.7109639040073,-1.01397074550456,305
1926.07312011719,39,54,23,36.7297137435719,-1.01397074550456,302
1925.09045410156,44,55,29,36.7380470056006,-1.01397074550456,291
1861.81811523438,36,58,23,36.7880465777729,-1.01397074550456,362
1852.79016113281,36,56,36,36.7984631553088,-1.01397074550456,390
1832.53002929688,34,55,29,36.8172129948734,-1.01397074550456,399
1712.45385742188,22,59,48,36.8963789841462,-1.01397074550456,432
1702.71411132812,19,59,40,36.9067955616821,-1.01397074550456,445
1612.35327148438,19,58,20,36.9567951338544,-1.01397074550456,459
1525.0419921875,17,59,29,36.998461443998,-1.01397074550456,480
1487.95373535156,19,56,27,37.010961337041,-1.01397074550456,438
1487.95373535156,19,56,27,37.0172112835626,-1.01397074550456,439
1480.68591308594,16,58,16,37.0234612300841,-1.01397074550456,473
818.614562988281,35,61,36,36.6047148131412,-1.01605409954104,624
946.068603515625,27,60,10,36.6172147061843,-1.01605409954104,443
1510.17956542969,29,60,13,36.6297145992274,-1.01605409954104,362
1510.17956542969,29,60,13,36.6338812302417,-1.01605409954104,351
1947.63098144531,48,54,29,36.6922140644427,-1.01605409954104,249
1941.92797851562,46,54,30,36.6963806954571,-1.01605409954104,273
1934.2001953125,45,53,21,36.7088805885002,-1.01605409954104,309
1925.15905761719,42,53,29,36.719297166036,-1.01605409954104,324
1902.91784667969,39,52,29,36.7567968451653,-1.01605409954104,371
1879.32531738281,41,54,35,36.7609634761796,-1.01605409954104,378
1858.1201171875,38,56,20,36.777630000237,-1.01605409954104,392
1828.02490234375,35,55,50,36.8047131018304,-1.01605409954104,412
1816.6865234375,33,55,20,36.8151296793663,-1.01605409954104,388
1756.36645507812,29,56,47,36.8630459360314,-1.01605409954104,433
1745.89135742188,30,57,33,36.8713791980601,-1.01605409954104,430
1700.27526855469,23,59,35,36.8984622996534,-1.01605409954104,424
1688.95849609375,22,57,34,36.9067955616821,-1.01605409954104,458
1674.94152832031,23,60,39,36.917212139218,-1.01605409954104,447
1600.12341308594,20,59,17,36.9484618718257,-1.01605409954104,451
1520.33850097656,19,57,9,36.9880448664621,-1.01605409954104,499
1499.57348632812,16,59,15,37.0026280750123,-1.01605409954104,557
752.199462890625,25,64,5,36.5963815511125,-1.01813745357751,845
946.068603515625,27,60,10,36.6109647596628,-1.01813745357751,453
1185.89038085938,30,58,91,36.6213813371987,-1.01813745357751,474
1733.58862304688,30,58,17,36.6359645457489,-1.01813745357751,388
1908.54296875,36,58,19,36.6547143853135,-1.01813745357751,274
1908.54296875,36,58,19,36.6588810163279,-1.01813745357751,265
1951.32775878906,54,54,71,36.6797141713997,-1.01813745357751,199
1951.32775878906,54,54,71,36.6817974869068,-1.01813745357751,173
1951.32775878906,54,54,71,36.683880802414,-1.01813745357751,173
1947.63098144531,48,54,29,36.6859641179212,-1.01813745357751,171
1934.2001953125,45,53,21,36.7088805885002,-1.01813745357751,304
1921.81176757812,49,54,21,36.7359636900935,-1.01813745357751,327
1863.25769042969,38,55,39,36.7692967382083,-1.01813745357751,360
1756.36645507812,29,56,47,36.8672125670457,-1.01813745357751,418
1700.27526855469,23,59,35,36.8984622996534,-1.01813745357751,434
1539.65222167969,16,60,22,36.9838782354477,-1.01813745357751,490
1520.33850097656,19,57,9,36.9880448664621,-1.01813745357751,495
1509.35595703125,16,58,18,37.0005447595051,-1.01813745357751,506
1399.4853515625,11,57,13,37.0672108557348,-1.01813745357751,399
1348.3203125,12,56,42,37.2567925668881,-1.01813745357751,456
1947.63098144531,48,54,29,36.6859641179212,-1.02022080761399,159
1947.63098144531,48,54,29,36.6880474334284,-1.02022080761399,185
1947.63098144531,48,54,29,36.6901307489355,-1.02022080761399,203
1941.92797851562,46,54,30,36.6942973799499,-1.02022080761399,251
1941.92797851562,46,54,30,36.6984640109643,-1.02022080761399,266
1928.01147460938,44,55,26,36.7172138505289,-1.02022080761399,305
1917.59130859375,38,52,22,36.7484635831365,-1.02022080761399,321
1858.1201171875,38,56,20,36.7817966312514,-1.02022080761399,389
1852.05139160156,37,57,46,36.7901298932801,-1.02022080761399,390
1798.34545898438,33,56,64,36.835962834438,-1.02022080761399,426
1798.34545898438,33,56,64,36.8401294654524,-1.02022080761399,403
1625.06188964844,22,59,23,36.9422119253041,-1.02022080761399,438
1520.33850097656,19,57,9,36.9922114974764,-1.02022080761399,528
1509.35595703125,16,58,18,36.998461443998,-1.02022080761399,526
1499.57348632812,16,59,15,37.0067947060267,-1.02022080761399,483
1399.4853515625,11,57,13,37.0630442247205,-1.02022080761399,433
818.614562988281,35,61,36,36.6067981286484,-1.02230416165046,584
818.614562988281,35,61,36,36.6088814441556,-1.02230416165046,452
1831.86047363281,39,58,56,36.648464438792,-1.02230416165046,361
1948.37487792969,56,56,93,36.6651309628494,-1.02230416165046,234
1928.01147460938,44,55,26,36.7109639040073,-1.02230416165046,298
1917.59130859375,38,52,22,36.7463802676294,-1.02230416165046,335
1917.59130859375,38,52,22,36.7484635831365,-1.02230416165046,331
1879.32531738281,41,54,35,36.7609634761796,-1.02230416165046,371
1879.32531738281,41,54,35,36.765130107194,-1.02230416165046,354
1863.25769042969,38,55,39,36.7734633692227,-1.02230416165046,387
1863.25769042969,38,55,39,36.7755466847299,-1.02230416165046,388
1858.1201171875,38,56,20,36.777630000237,-1.02230416165046,381
1852.05139160156,37,57,46,36.7901298932801,-1.02230416165046,394
1803.38989257812,37,57,24,36.8297128879165,-1.02230416165046,427
1713.7529296875,25,58,36,36.8922123531319,-1.02230416165046,437
1700.27526855469,23,59,35,36.9005456151606,-1.02230416165046,438
1688.95849609375,22,57,34,36.9026289306677,-1.02230416165046,420
1664.08923339844,22,58,27,36.9234620857395,-1.02230416165046,484
1600.12341308594,20,59,17,36.9463785563185,-1.02230416165046,463
1579.212890625,18,59,17,36.9609617648687,-1.02230416165046,446
1579.212890625,18,59,17,36.9630450803759,-1.02230416165046,455
1539.65222167969,16,60,22,36.9797116044333,-1.02230416165046,412
1520.33850097656,19,57,9,36.9859615509549,-1.02230416165046,518
1499.57348632812,16,59,15,37.0026280750123,-1.02230416165046,536
1499.57348632812,16,59,15,37.0047113905195,-1.02230416165046,528
1477.58435058594,16,58,50,37.0192945990697,-1.02230416165046,507
1332.79431152344,11,57,27,37.2359594118163,-1.02230416165046,474
1348.3203125,12,56,42,37.2547092513809,-1.02230416165046,466
1300.86608886719,12,57,55,37.2609591979024,-1.02230416165046,441
759.527893066406,25,63,41,36.5942982356053,-1.02438751568693,919
1198.42224121094,28,60,20,36.6213813371987,-1.02438751568693,423
1479.33605957031,29,61,13,36.6338812302417,-1.02438751568693,399
1670.17993164062,36,57,14,36.6359645457489,-1.02438751568693,401
1952.37390136719,61,54,62,36.6817974869068,-1.02438751568693,186
1950.17321777344,56,52,44,36.6922140644427,-1.02438751568693,217
1941.49133300781,47,53,43,36.6984640109643,-1.02438751568693,272
1914.35412597656,53,52,49,36.719297166036,-1.02438751568693,302
1839.67346191406,41,55,47,36.7713800537155,-1.02438751568693,353
1836.25915527344,37,54,40,36.777630000237,-1.02438751568693,377
1833.11157226562,35,57,23,36.7880465777729,-1.02438751568693,390
1820.17541503906,34,56,60,36.7963798398016,-1.02438751568693,407
1690.74230957031,23,60,36,36.9005456151606,-1.02438751568693,437
1661.41235351562,22,57,31,36.9109621926965,-1.02438751568693,439
1638.04431152344,21,59,17,36.9317953477682,-1.02438751568693,463
1583.88195800781,19,59,14,36.9442952408113,-1.02438751568693,464
1569.00463867188,19,60,16,36.9547118183472,-1.02438751568693,479
1549.87780761719,16,59,25,36.9692950268975,-1.02438751568693,469
1517.58081054688,17,58,24,36.9922114974764,-1.02438751568693,632
1500.59045410156,15,58,11,36.9942948129836,-1.02438751568693,594
1381.67614746094,11,58,50,37.0713774867492,-1.02438751568693,469
717.122619628906,15,69,1,36.5922149200982,-1.02647086972341,857
829.676208496094,41,59,35,36.6026314976341,-1.02647086972341,646
829.676208496094,41,59,35,36.6067981286484,-1.02647086972341,547
965.143127441406,30,61,8,36.6151313906771,-1.02647086972341,406
1777.4765625,36,58,23,36.6463811232848,-1.02647086972341,370
1877.02709960938,33,57,20,36.6547143853135,-1.02647086972341,351
1950.17321777344,56,52,44,36.6880474334284,-1.02647086972341,202
1941.49133300781,47,53,43,36.6942973799499,-1.02647086972341,229
1915.38635253906,41,51,23,36.7317970590791,-1.02647086972341,289
1916.01403808594,42,54,36,36.7359636900935,-1.02647086972341,293
1839.67346191406,41,55,47,36.7713800537155,-1.02647086972341,341
1839.67346191406,41,55,47,36.7755466847299,-1.02647086972341,364
1833.11157226562,35,57,23,36.7922132087873,-1.02647086972341,413
1805.93212890625,36,57,44,36.8088797328447,-1.02647086972341,402
1776.60559082031,33,57,49,36.8505460429883,-1.02647086972341,429
1638.04431152344,21,59,17,36.9317953477682,-1.02647086972341,464
1612.10119628906,21,59,18,36.9422119253041,-1.02647086972341,487
1583.88195800781,19,59,14,36.9484618718257,-1.02647086972341,509
1569.00463867188,19,60,16,36.9588784493616,-1.02647086972341,457
1549.87780761719,16,59,25,36.9713783424046,-1.02647086972341,527
1549.87780761719,16,59,25,36.9734616579118,-1.02647086972341,520
1517.58081054688,17,58,24,36.9859615509549,-1.02647086972341,456
1517.58081054688,17,58,24,36.9901281819692,-1.02647086972341,469
1500.59045410156,15,58,11,36.9963781284908,-1.02647086972341,540
1489.87622070312,16,58,12,37.0026280750123,-1.02647086972341,531
1486.28820800781,12,62,8,37.010961337041,-1.02647086972341,480
1481.556640625,13,59,11,37.0192945990697,-1.02647086972341,494
1381.67614746094,11,58,50,37.0713774867492,-1.02647086972341,484
1351.02478027344,9,58,16,37.2359594118163,-1.02647086972341,415
1670.17993164062,36,57,14,36.6359645457489,-1.02855422375988,398
1670.17993164062,36,57,14,36.6422144922704,-1.02855422375988,392
1941.49133300781,47,53,43,36.6942973799499,-1.02855422375988,238
1916.79992675781,40,53,16,36.7151305350217,-1.02855422375988,288
1805.93212890625,36,57,44,36.8047131018304,-1.02855422375988,415
1791.79943847656,30,55,18,36.823462941395,-1.02855422375988,427
1760.21704101562,32,55,15,36.8567959895098,-1.02855422375988,434
1730.42272949219,31,57,22,36.8734625135672,-1.02855422375988,439
1720.98291015625,29,57,41,36.8776291445816,-1.02855422375988,425
1705.37939453125,24,58,24,36.8859624066103,-1.02855422375988,439
1650.89392089844,22,60,21,36.9213787702324,-1.02855422375988,452
1583.88195800781,19,59,14,36.9484618718257,-1.02855422375988,475
1562.13525390625,20,60,17,36.9672117113903,-1.02855422375988,464
1489.87622070312,16,58,12,37.0067947060267,-1.02855422375988,495
1473.98059082031,15,56,15,37.0297111766056,-1.02855422375988,456
1390.89025878906,16,58,12,37.0672108557348,-1.02855422375988,446
1328.11962890625,12,58,29,37.2276261497876,-1.02855422375988,512
1365.90234375,12,58,9,37.2505426203665,-1.02855422375988,568
1357.55432128906,10,58,19,37.2630425134096,-1.02855422375988,520
1479.33605957031,29,61,13,36.6338812302417,-1.03063757779636,384
1936.39904785156,55,56,19,36.6651309628494,-1.03063757779636,238
1950.17321777344,56,52,44,36.6901307489355,-1.03063757779636,185
1916.01403808594,42,54,36,36.7401303211078,-1.03063757779636,301
1912.93981933594,42,55,16,36.7484635831365,-1.03063757779636,292
1833.11157226562,35,57,23,36.7859632622658,-1.03063757779636,401
1796.31799316406,32,55,49,36.8151296793663,-1.03063757779636,421
1776.60559082031,33,57,49,36.8484627274811,-1.03063757779636,416
1741.78393554688,31,56,29,36.8672125670457,-1.03063757779636,442
1730.42272949219,31,57,22,36.8755458290744,-1.03063757779636,433
1705.37939453125,24,58,24,36.8859624066103,-1.03063757779636,435
1705.37939453125,24,58,24,36.8901290376247,-1.03063757779636,469
1677.21765136719,22,59,30,36.9067955616821,-1.03063757779636,441
1677.21765136719,22,59,30,36.9088788771893,-1.03063757779636,437
1661.41235351562,22,57,31,36.917212139218,-1.03063757779636,461
1638.04431152344,21,59,17,36.9338786632754,-1.03063757779636,467
1583.88195800781,19,59,14,36.9484618718257,-1.03063757779636,448
1569.00463867188,19,60,16,36.9588784493616,-1.03063757779636,489
1517.58081054688,17,58,24,36.9859615509549,-1.03063757779636,433
1500.59045410156,15,58,11,37.0005447595051,-1.03063757779636,529
1489.87622070312,16,58,12,37.0026280750123,-1.03063757779636,531
1411.283203125,9,58,1,37.056794278199,-1.03063757779636,439
1381.67614746094,11,58,50,37.0734608022564,-1.03063757779636,451
1377.06628417969,12,56,5,37.0838773797923,-1.03063757779636,484
849.890502929688,40,60,47,36.6026314976341,-1.03272093183283,594
1929.40380859375,51,53,54,36.6942973799499,-1.03272093183283,179
1888.73034667969,42,52,49,36.7297137435719,-1.03272093183283,307
1774.03015136719,37,56,21,36.8151296793663,-1.03272093183283,401
1771.20703125,33,55,40,36.8213796258878,-1.03272093183283,425
1758.79809570312,32,55,37,36.8442960964667,-1.03272093183283,419
1758.79809570312,32,55,37,36.8505460429883,-1.03272093183283,415
1729.48864746094,32,57,31,36.8609626205242,-1.03272093183283,430
1710.02062988281,28,58,35,36.8797124600888,-1.03272093183283,435
1637.94250488281,21,58,18,36.9255454012467,-1.03272093183283,486
1477.501953125,13,62,10,37.0255445455913,-1.03272093183283,489
1421.36145019531,14,60,20,37.0484610161702,-1.03272093183283,438
1405.42590332031,11,63,10,37.069294171242,-1.03272093183283,400
1359.21789550781,10,56,38,37.0901273263138,-1.03272093183283,494
1324.626953125,11,59,13,37.0942939573282,-1.03272093183283,486
1306.82397460938,11,56,29,37.1026272193569,-1.03272093183283,530
1368.38500976562,10,59,15,37.2317927808019,-1.03272093183283,394
1409.67395019531,10,60,23,37.2380427273235,-1.03272093183283,404
1417.64978027344,11,57,16,37.2484593048594,-1.03272093183283,455
725.386535644531,19,66,6,36.590131604591,-1.0348042858693,884
1008.828125,29,60,10,36.6151313906771,-1.0348042858693,421
1506.43542480469,28,62,14,36.6276312837202,-1.0348042858693,360
1753.37109375,33,57,14,36.648464438792,-1.0348042858693,352
1850.11315917969,40,57,24,36.6567977008207,-1.0348042858693,280
1938.85424804688,60,53,58,36.6922140644427,-1.0348042858693,180
1908.330078125,44,54,20,36.7088805885002,-1.0348042858693,294
1889.23266601562,40,54,20,36.7109639040073,-1.0348042858693,299
1822.71484375,34,56,26,36.7859632622658,-1.0348042858693,387
1822.71484375,34,56,26,36.7901298932801,-1.0348042858693,418
1786.44958496094,35,56,49,36.8047131018304,-1.0348042858693,428
1774.03015136719,37,56,21,36.8151296793663,-1.0348042858693,401
1771.20703125,33,55,40,36.8192963103806,-1.0348042858693,436
1772.35998535156,37,57,44,36.8297128879165,-1.0348042858693,419
1744.63171386719,29,55,23,36.8567959895098,-1.0348042858693,417
1680.70141601562,24,59,49,36.894295668639,-1.0348042858693,433
1542.69177246094,19,59,60,36.9692950268975,-1.0348042858693,468
1486.81848144531,14,60,50,37.0151279680554,-1.0348042858693,457
1477.501953125,13,62,10,37.0255445455913,-1.0348042858693,466
1460.67211914062,12,57,8,37.0276278610985,-1.0348042858693,485
1460.67211914062,12,57,8,37.0317944921128,-1.0348042858693,487
1368.38500976562,10,59,15,37.2338760963091,-1.0348042858693,409
1409.67395019531,10,60,23,37.2380427273235,-1.0348042858693,429
1416.18090820312,12,56,15,37.2526259358737,-1.0348042858693,554
1408.84252929688,14,56,11,37.267209144424,-1.0348042858693,588
1936.21374511719,55,56,75,36.6692975938638,-1.03688763990578,225
1908.330078125,44,54,20,36.7088805885002,-1.03688763990578,301
1889.23266601562,40,54,20,36.7172138505289,-1.03688763990578,333
1884.75830078125,46,52,42,36.719297166036,-1.03688763990578,340
1888.73034667969,42,52,49,36.7297137435719,-1.03688763990578,318
1891.4111328125,43,52,52,36.7359636900935,-1.03688763990578,305
1891.4111328125,43,52,52,36.742213636615,-1.03688763990578,308
1830.66259765625,41,53,17,36.7734633692227,-1.03688763990578,350
1786.44958496094,35,56,49,36.8026297863232,-1.03688763990578,427
1772.35998535156,37,57,44,36.8317962034237,-1.03688763990578,419
1772.35998535156,37,57,44,36.8338795189309,-1.03688763990578,421
1744.63171386719,29,55,23,36.858879305017,-1.03688763990578,422
1718.80358886719,39,55,54,36.8734625135672,-1.03688763990578,423
1665.12561035156,21,62,24,36.9026289306677,-1.03688763990578,434
1602.59130859375,17,58,14,36.9359619787826,-1.03688763990578,479
1542.69177246094,19,59,60,36.975544973419,-1.03688763990578,509
1500.05322265625,15,60,12,36.9942948129836,-1.03688763990578,466
1500.05322265625,15,60,12,36.998461443998,-1.03688763990578,495
1477.501953125,13,62,10,37.0192945990697,-1.03688763990578,435
1477.501953125,13,62,10,37.0213779145769,-1.03688763990578,429
1409.25756835938,12,60,6,37.0547109626918,-1.03688763990578,537
1390.41845703125,12,60,14,37.0817940642851,-1.03688763990578,621
1263.46423339844,13,60,15,37.2130429412373,-1.03688763990578,455
1263.46423339844,13,60,15,37.2151262567445,-1.03688763990578,460
1308.57409667969,11,61,13,37.2234595187732,-1.03688763990578,391
1409.67395019531,10,60,23,37.2422093583378,-1.03688763990578,546
1008.828125,29,60,10,36.6151313906771,-1.03897099394225,415
1506.43542480469,28,62,14,36.6317979147345,-1.03897099394225,367
1753.37109375,33,57,14,36.648464438792,-1.03897099394225,307
1936.21374511719,55,56,75,36.6692975938638,-1.03897099394225,244
1936.21374511719,55,56,75,36.6713809093709,-1.03897099394225,233
1929.40380859375,51,53,54,36.6984640109643,-1.03897099394225,213
1889.23266601562,40,54,20,36.7130472195145,-1.03897099394225,323
1889.23266601562,40,54,20,36.7151305350217,-1.03897099394225,333
1884.75830078125,46,52,42,36.7255471125576,-1.03897099394225,336
1891.4111328125,43,52,52,36.7401303211078,-1.03897099394225,309
1889.69274902344,44,54,30,36.7463802676294,-1.03897099394225,319
1875.80920410156,46,52,36,36.7547135296581,-1.03897099394225,306
1848.86975097656,38,53,38,36.7609634761796,-1.03897099394225,296
1848.86975097656,38,53,38,36.765130107194,-1.03897099394225,318
1848.86975097656,38,53,38,36.7672134227011,-1.03897099394225,309
1774.03015136719,37,56,21,36.8172129948734,-1.03897099394225,429
1772.35998535156,37,57,44,36.8317962034237,-1.03897099394225,420
1696.46130371094,27,59,25,36.8901290376247,-1.03897099394225,439
1680.70141601562,24,59,49,36.8963789841462,-1.03897099394225,436
1665.12561035156,21,62,24,36.9088788771893,-1.03897099394225,436
1649.10595703125,23,59,25,36.9151288237108,-1.03897099394225,447
1542.69177246094,19,59,60,36.975544973419,-1.03897099394225,510
1477.501953125,13,62,10,37.0192945990697,-1.03897099394225,427
1477.501953125,13,62,10,37.0255445455913,-1.03897099394225,409
1421.36145019531,14,60,20,37.0484610161702,-1.03897099394225,475
1390.41845703125,12,60,14,37.0776274332707,-1.03897099394225,924
1306.82397460938,11,56,29,37.1026272193569,-1.03897099394225,497
1417.64978027344,11,57,16,37.2463759893522,-1.03897099394225,497
1416.18090820312,12,56,15,37.2526259358737,-1.03897099394225,625
1364.92431640625,16,57,23,37.2692924599312,-1.03897099394225,585
1364.92431640625,16,57,23,37.2755424064527,-1.03897099394225,580
876.55419921875,33,59,54,36.6067981286484,-1.04105434797873,445
1364.34252929688,27,59,13,36.6192980216915,-1.04105434797873,430
1722.11694335938,36,56,10,36.6380478612561,-1.04105434797873,381
1722.11694335938,36,56,10,36.6401311767633,-1.04105434797873,383
1722.11694335938,36,56,10,36.6422144922704,-1.04105434797873,380
1778.66418457031,38,55,52,36.648464438792,-1.04105434797873,302
1927.97485351562,55,53,88,36.6776308558925,-1.04105434797873,221
1927.78186035156,50,53,58,36.6880474334284,-1.04105434797873,174
1918.20153808594,51,52,58,36.6942973799499,-1.04105434797873,207
1867.931640625,42,53,40,36.7130472195145,-1.04105434797873,330
1861.78430175781,44,52,40,36.7213804815432,-1.04105434797873,334
1840.591796875,36,55,27,36.7901298932801,-1.04105434797873,409
1818.13098144531,35,56,15,36.800546470816,-1.04105434797873,429
1745.95837402344,35,56,35,36.8297128879165,-1.04105434797873,433
1744.65063476562,31,55,46,36.8422127809596,-1.04105434797873,423
1739.02404785156,31,56,42,36.8484627274811,-1.04105434797873,406
1701.669921875,28,58,26,36.8776291445816,-1.04105434797873,433
1625.95068359375,21,58,25,36.9234620857395,-1.04105434797873,472
1512.34851074219,19,60,15,36.9817949199405,-1.04105434797873,493
1499.90795898438,16,58,18,36.9922114974764,-1.04105434797873,552
1491.61437988281,14,59,7,36.998461443998,-1.04105434797873,489
1491.61437988281,14,59,7,37.0005447595051,-1.04105434797873,466
1374.99719238281,7,63,4,37.0901273263138,-1.04105434797873,696
1340.88110351562,9,64,9,37.1005439038497,-1.04105434797873,511
1320.61706542969,7,61,7,37.1047105348641,-1.04105434797873,505
1180.787109375,12,62,17,37.1942931016727,-1.04105434797873,507
1441.30297851562,13,57,23,37.2359594118163,-1.04105434797873,531
1453.63415527344,14,56,7,37.2484593048594,-1.04105434797873,512
1438.212890625,13,57,16,37.2588758823953,-1.04105434797873,608
727.501708984375,20,61,16,36.5922149200982,-1.0431377020152,882
1364.34252929688,27,59,13,36.6213813371987,-1.0431377020152,412
1778.66418457031,38,55,52,36.648464438792,-1.0431377020152,318
1846.94201660156,48,58,65,36.6526310698063,-1.0431377020152,293
1927.20361328125,53,54,82,36.6755475403853,-1.0431377020152,221
1927.78186035156,50,53,58,36.6880474334284,-1.0431377020152,206
1918.20153808594,51,52,58,36.6984640109643,-1.0431377020152,216
1918.20153808594,51,52,58,36.7005473264714,-1.0431377020152,214
1867.931640625,42,53,40,36.7130472195145,-1.0431377020152,314
1861.78430175781,44,52,40,36.719297166036,-1.0431377020152,332
1861.78430175781,44,52,40,36.7234637970504,-1.0431377020152,320
1848.33703613281,43,53,45,36.765130107194,-1.0431377020152,301
1852.03515625,42,54,16,36.777630000237,-1.0431377020152,313
1840.591796875,36,55,27,36.7922132087873,-1.0431377020152,404
1818.13098144531,35,56,15,36.7963798398016,-1.0431377020152,433
1790.796875,35,54,28,36.8067964173375,-1.0431377020152,442
1744.65063476562,31,55,46,36.8380461499452,-1.0431377020152,418
1717.37719726562,28,57,40,36.8630459360314,-1.0431377020152,420
1709.27722167969,29,58,21,36.8713791980601,-1.0431377020152,428
1689.08911132812,26,59,15,36.8859624066103,-1.0431377020152,447
1650.78527832031,23,59,23,36.9047122461749,-1.0431377020152,428
1613.74755859375,19,61,27,36.9297120322611,-1.0431377020152,490
1512.34851074219,19,60,15,36.9776282889262,-1.0431377020152,454
1481.8642578125,13,60,19,37.0130446525482,-1.0431377020152,428
1427.32409667969,11,63,2,37.0359611231272,-1.0431377020152,456
1413.73474121094,11,66,8,37.0484610161702,-1.0431377020152,517
1412.07897949219,10,68,8,37.056794278199,-1.0431377020152,647
1231.22412109375,11,63,15,37.208876310223,-1.0431377020152,504
1274.06652832031,15,63,26,37.2109596257302,-1.0431377020152,499
1382.6767578125,14,58,13,37.2317927808019,-1.0431377020152,440
1453.63415527344,14,56,7,37.2484593048594,-1.0431377020152,499
1438.212890625,13,57,16,37.2526259358737,-1.0431377020152,570
1438.212890625,13,57,16,37.2547092513809,-1.0431377020152,647
1438.212890625,13,57,16,37.2567925668881,-1.0431377020152,576
1354.78515625,10,57,26,37.2817923529742,-1.0431377020152,471
876.55419921875,33,59,54,36.6026314976341,-1.04522105605168,591
1846.94201660156,48,58,65,36.6547143853135,-1.04522105605168,270
1927.97485351562,55,53,88,36.6776308558925,-1.04522105605168,218
1892.91040039062,50,52,30,36.7026306419786,-1.04522105605168,220
1867.931640625,42,53,40,36.7109639040073,-1.04522105605168,293
1853.52355957031,41,52,17,36.7505468986437,-1.04522105605168,301
1850.58557128906,40,54,45,36.7567968451653,-1.04522105605168,325
1790.796875,35,54,28,36.8067964173375,-1.04522105605168,440
1763.80187988281,32,55,47,36.8109630483519,-1.04522105605168,453
1763.80187988281,32,55,47,36.8130463638591,-1.04522105605168,456
1748.95776367188,34,56,28,36.8255462569021,-1.04522105605168,424
1739.02404785156,31,56,42,36.8505460429883,-1.04522105605168,418
1701.669921875,28,58,26,36.8838790911031,-1.04522105605168,451
1625.95068359375,21,58,25,36.9234620857395,-1.04522105605168,487
1625.95068359375,21,58,25,36.9255454012467,-1.04522105605168,491
1594.23388671875,22,58,38,36.9422119253041,-1.04522105605168,510
1571.52709960938,21,57,32,36.9442952408113,-1.04522105605168,526
1571.52709960938,21,57,32,36.9463785563185,-1.04522105605168,539
1529.23120117188,20,58,17,36.9692950268975,-1.04522105605168,450
1486.32592773438,14,59,27,37.0026280750123,-1.04522105605168,507
1481.8642578125,13,60,19,37.0151279680554,-1.04522105605168,442
1408.9853515625,6,62,5,37.0797107487779,-1.04522105605168,752
1340.88110351562,9,64,9,37.0942939573282,-1.04522105605168,841
1139.19396972656,11,62,16,37.185959839644,-1.04522105605168,425
1180.787109375,12,62,17,37.1984597326871,-1.04522105605168,449
1274.06652832031,15,63,26,37.2109596257302,-1.04522105605168,524
1274.06652832031,15,63,26,37.2172095722517,-1.04522105605168,492
1438.212890625,13,57,16,37.2567925668881,-1.04522105605168,610
1438.212890625,13,57,16,37.2588758823953,-1.04522105605168,600
1422.052734375,12,58,22,37.2630425134096,-1.04522105605168,565
775.503112792969,24,62,7,36.5984648666197,-1.04730441008815,668
876.55419921875,33,59,54,36.6026314976341,-1.04730441008815,542
1076.33935546875,25,58,11,36.6109647596628,-1.04730441008815,385
1927.20361328125,53,54,82,36.6734642248781,-1.04730441008815,220
1918.20153808594,51,52,58,36.6963806954571,-1.04730441008815,185
1867.931640625,42,53,40,36.7109639040073,-1.04730441008815,290
1859.81958007812,45,52,40,36.7359636900935,-1.04730441008815,315
1850.58557128906,40,54,45,36.7588801606724,-1.04730441008815,311
1745.95837402344,35,56,35,36.8297128879165,-1.04730441008815,427
1739.02404785156,31,56,42,36.8505460429883,-1.04730441008815,407
1689.08911132812,26,59,15,36.8922123531319,-1.04730441008815,452
1670.90466308594,24,59,29,36.894295668639,-1.04730441008815,453
1635.10913085938,22,58,19,36.9109621926965,-1.04730441008815,432
1542.89685058594,20,58,47,36.9630450803759,-1.04730441008815,480
1512.34851074219,19,60,15,36.9838782354477,-1.04730441008815,441
1491.61437988281,14,59,7,37.0005447595051,-1.04730441008815,514
1486.32592773438,14,59,27,37.0026280750123,-1.04730441008815,500
1481.8642578125,13,60,19,37.010961337041,-1.04730441008815,485
1427.32409667969,11,63,2,37.0401277541415,-1.04730441008815,509
1340.88110351562,9,64,9,37.0984605883425,-1.04730441008815,779
1320.61706542969,7,61,7,37.1067938503712,-1.04730441008815,681
1311.36352539062,12,63,13,37.1130437968928,-1.04730441008815,799
1180.787109375,12,62,17,37.1942931016727,-1.04730441008815,475
1274.06652832031,15,63,26,37.2130429412373,-1.04730441008815,492
1441.30297851562,13,57,23,37.2380427273235,-1.04730441008815,383
1453.63415527344,14,56,7,37.2484593048594,-1.04730441008815,472
1126.0419921875,22,58,7,36.6130480751699,-1.04938776412462,388
1126.0419921875,22,58,7,36.6172147061843,-1.04938776412462,404
1441.80310058594,27,59,22,36.6192980216915,-1.04938776412462,421
1441.80310058594,27,59,22,36.625547968213,-1.04938776412462,378
1679.98889160156,26,59,15,36.6276312837202,-1.04938776412462,380
1935.15417480469,48,52,41,36.6859641179212,-1.04938776412462,191
1923.87182617188,44,51,49,36.6963806954571,-1.04938776412462,190
1863.20068359375,39,54,14,36.7609634761796,-1.04938776412462,297
1806.96459960938,48,57,30,36.8026297863232,-1.04938776412462,431
1766.67736816406,33,56,69,36.8151296793663,-1.04938776412462,415
1723.41748046875,33,56,27,36.8276295724093,-1.04938776412462,423
1720.84643554688,32,56,55,36.8505460429883,-1.04938776412462,410
1705.68969726562,31,57,33,36.8630459360314,-1.04938776412462,427
1705.68969726562,31,57,33,36.8651292515385,-1.04938776412462,432
1705.68969726562,31,57,33,36.8672125670457,-1.04938776412462,446
1690.42736816406,27,59,43,36.8797124600888,-1.04938776412462,436
1662.43688964844,23,60,12,36.8963789841462,-1.04938776412462,435
1607.23107910156,22,59,20,36.9192954547252,-1.04938776412462,548
1573.13305664062,20,57,31,36.9359619787826,-1.04938776412462,480
1537.14282226562,19,58,17,36.95262850284,-1.04938776412462,519
1537.14282226562,19,58,17,36.9547118183472,-1.04938776412462,490
1494.55432128906,17,58,16,36.9838782354477,-1.04938776412462,444
1377.97509765625,10,65,9,37.0901273263138,-1.04938776412462,753
1325.32629394531,9,68,6,37.1109604813856,-1.04938776412462,686
1267.18225097656,11,72,13,37.1338769519646,-1.04938776412462,449
1204.24304199219,9,65,15,37.1484601605148,-1.04938776412462,460
1131.90576171875,10,64,15,37.1630433690651,-1.04938776412462,494
1139.005859375,11,66,16,37.1713766310938,-1.04938776412462,418
1139.005859375,11,66,16,37.1755432621081,-1.04938776412462,418
1199.96472167969,13,68,10,37.1984597326871,-1.04938776412462,462
1769.6328125,28,57,13,36.6380478612561,-1.0514711181611,366
1898.93933105469,46,57,37,36.660964331835,-1.0514711181611,277
1928.50061035156,59,53,27,36.6755475403853,-1.0514711181611,224
1935.27380371094,57,53,70,36.6817974869068,-1.0514711181611,206
1897.57470703125,46,51,46,36.7026306419786,-1.0514711181611,233
1856.71142578125,42,51,86,36.7359636900935,-1.0514711181611,324
1856.71142578125,42,51,86,36.742213636615,-1.0514711181611,321
1849.66064453125,37,52,57,36.7588801606724,-1.0514711181611,250
1874.31713867188,44,53,21,36.7817966312514,-1.0514711181611,343
1721.45812988281,31,56,41,36.8380461499452,-1.0514711181611,426
1715.357421875,32,57,22,36.8547126740026,-1.0514711181611,421
1680.62719726562,28,59,30,36.8880457221175,-1.0514711181611,426
1662.43688964844,23,60,12,36.9005456151606,-1.0514711181611,444
1619.41613769531,23,59,27,36.9130455082036,-1.0514711181611,489
1591.83142089844,22,59,25,36.9276287167539,-1.0514711181611,488
1573.13305664062,20,57,31,36.9422119253041,-1.0514711181611,564
1520.45959472656,19,56,35,36.9672117113903,-1.0514711181611,489
1505.26892089844,20,58,47,36.9692950268975,-1.0514711181611,454
1472.67724609375,14,60,9,36.9963781284908,-1.0514711181611,559
1460.87512207031,11,64,7,37.0172112835626,-1.0514711181611,617
1410.49658203125,11,66,11,37.0526276471846,-1.0514711181611,532
1343.39038085938,8,67,4,37.1026272193569,-1.0514711181611,730
1325.32629394531,9,68,6,37.1130437968928,-1.0514711181611,682
1325.32629394531,9,68,6,37.1151271123999,-1.0514711181611,774
1156.55810546875,11,62,12,37.1526267915292,-1.0514711181611,507
1131.90576171875,10,64,15,37.1609600535579,-1.0514711181611,499
1154.52722167969,9,68,6,37.1797098931225,-1.0514711181611,466
1440.90173339844,10,58,12,37.2505426203665,-1.0514711181611,461
1429.19323730469,12,59,16,37.2588758823953,-1.0514711181611,497
1404.19152832031,11,58,13,37.2630425134096,-1.0514711181611,444
1388.69226074219,9,58,14,37.2734590909455,-1.0514711181611,452
1126.0419921875,22,58,7,36.6130480751699,-1.05355447219757,378
1126.0419921875,22,58,7,36.6151313906771,-1.05355447219757,394
1898.93933105469,46,57,37,36.6672142783566,-1.05355447219757,196
1935.15417480469,48,52,41,36.6880474334284,-1.05355447219757,214
1875.5009765625,44,51,35,36.7109639040073,-1.05355447219757,314
1871.84716796875,40,52,38,36.7276304280648,-1.05355447219757,307
1856.71142578125,42,51,86,36.7380470056006,-1.05355447219757,300
1844.759765625,37,53,42,36.7484635831365,-1.05355447219757,307
1849.66064453125,37,52,57,36.7588801606724,-1.05355447219757,258
1874.31713867188,44,53,21,36.7817966312514,-1.05355447219757,345
1735.58337402344,34,57,45,36.8213796258878,-1.05355447219757,433
1723.41748046875,33,56,27,36.8317962034237,-1.05355447219757,420
1721.45812988281,31,56,41,36.8422127809596,-1.05355447219757,410
1697.11743164062,30,57,34,36.8755458290744,-1.05355447219757,419
1619.41613769531,23,59,27,36.9109621926965,-1.05355447219757,493
1591.83142089844,22,59,25,36.9276287167539,-1.05355447219757,504
1554.39489746094,20,58,11,36.9505451873328,-1.05355447219757,528
1485.14685058594,20,58,24,36.9880448664621,-1.05355447219757,452
1460.87512207031,11,64,7,37.010961337041,-1.05355447219757,516
1461.07580566406,12,61,6,37.0192945990697,-1.05355447219757,681
1451.90270996094,15,60,10,37.03387780762,-1.05355447219757,465
1436.02795410156,13,62,11,37.0401277541415,-1.05355447219757,547
1410.49658203125,11,66,11,37.0526276471846,-1.05355447219757,484
1377.97509765625,10,65,9,37.0901273263138,-1.05355447219757,846
1343.39038085938,8,67,4,37.1088771658784,-1.05355447219757,690
1294.48583984375,10,68,16,37.1213770589215,-1.05355447219757,612
1244.23229980469,10,68,17,37.1359602674717,-1.05355447219757,469
1156.55810546875,11,62,12,37.1588767380507,-1.05355447219757,487
1154.52722167969,9,68,6,37.1817932086297,-1.05355447219757,485
1199.96472167969,13,68,10,37.1942931016727,-1.05355447219757,543
1244.49816894531,12,66,26,37.208876310223,-1.05355447219757,510
1273.97521972656,13,65,23,37.2109596257302,-1.05355447219757,511
1343.36413574219,12,60,14,37.2317927808019,-1.05355447219757,485
1440.90173339844,10,58,12,37.244292673845,-1.05355447219757,426
1404.19152832031,11,58,13,37.2651258289168,-1.05355447219757,459
1441.80310058594,27,59,22,36.625547968213,-1.05563782623405,372
1769.6328125,28,57,13,36.6380478612561,-1.05563782623405,405
1798.33483886719,36,55,39,36.648464438792,-1.05563782623405,304
1928.50061035156,59,53,27,36.6692975938638,-1.05563782623405,221
1935.27380371094,57,53,70,36.6776308558925,-1.05563782623405,223
1935.15417480469,48,52,41,36.6880474334284,-1.05563782623405,210
1923.87182617188,44,51,49,36.6963806954571,-1.05563782623405,245
1897.57470703125,46,51,46,36.7047139574858,-1.05563782623405,275
1872.91101074219,44,54,46,36.719297166036,-1.05563782623405,294
1856.71142578125,42,51,86,36.7359636900935,-1.05563782623405,295
1874.91247558594,39,53,50,36.7734633692227,-1.05563782623405,332
1859.18103027344,34,54,18,36.7922132087873,-1.05563782623405,414
1735.58337402344,34,57,45,36.8192963103806,-1.05563782623405,422
1723.41748046875,33,56,27,36.8276295724093,-1.05563782623405,419
1720.84643554688,32,56,55,36.8505460429883,-1.05563782623405,415
1715.357421875,32,57,22,36.8526293584955,-1.05563782623405,422
1705.68969726562,31,57,33,36.8609626205242,-1.05563782623405,429
1690.42736816406,27,59,43,36.8838790911031,-1.05563782623405,426
1680.62719726562,28,59,30,36.8880457221175,-1.05563782623405,430
1638.41638183594,24,57,18,36.9026289306677,-1.05563782623405,491
1573.13305664062,20,57,31,36.940128609797,-1.05563782623405,535
1554.39489746094,20,58,11,36.9442952408113,-1.05563782623405,482
1554.39489746094,20,58,11,36.9505451873328,-1.05563782623405,535
1537.14282226562,19,58,17,36.9567951338544,-1.05563782623405,462
1537.14282226562,19,58,17,36.9588784493616,-1.05563782623405,476
1520.45959472656,19,56,35,36.9672117113903,-1.05563782623405,449
1505.26892089844,20,58,47,36.9692950268975,-1.05563782623405,453
1494.55432128906,17,58,16,36.9776282889262,-1.05563782623405,443
1485.14685058594,20,58,24,36.9901281819692,-1.05563782623405,445
1451.90270996094,15,60,10,37.03387780762,-1.05563782623405,487
1413.38830566406,9,68,6,37.0630442247205,-1.05563782623405,609
1415.92395019531,12,65,1,37.069294171242,-1.05563782623405,659
1415.92395019531,12,65,1,37.0755441177636,-1.05563782623405,804
1402.75317382812,9,64,0,37.0838773797923,-1.05563782623405,683
1325.32629394531,9,68,6,37.1172104279071,-1.05563782623405,744
1294.48583984375,10,68,16,37.1255436899358,-1.05563782623405,588
1204.24304199219,9,65,15,37.1484601605148,-1.05563782623405,445
1154.52722167969,9,68,6,37.1838765241368,-1.05563782623405,511
1244.49816894531,12,66,26,37.2026263637014,-1.05563782623405,525
1343.36413574219,12,60,14,37.2297094652948,-1.05563782623405,595
1404.19152832031,11,58,13,37.2630425134096,-1.05563782623405,457
1464.1943359375,27,58,13,36.6213813371987,-1.05772118027052,425
1819.44104003906,51,55,53,36.6526310698063,-1.05772118027052,287
1915.88891601562,49,52,52,36.6713809093709,-1.05772118027052,232
1937.55187988281,51,56,13,36.6776308558925,-1.05772118027052,227
1937.55187988281,51,56,13,36.6817974869068,-1.05772118027052,225
1945.93103027344,51,53,34,36.6880474334284,-1.05772118027052,228
1916.78686523438,41,53,58,36.7047139574858,-1.05772118027052,286
1871.77221679688,35,54,52,36.742213636615,-1.05772118027052,293
1865.27734375,42,52,29,36.7567968451653,-1.05772118027052,269
1865.27734375,42,52,29,36.7588801606724,-1.05772118027052,283
1870.4072265625,34,54,16,36.7817966312514,-1.05772118027052,358
1854.56884765625,45,54,19,36.7880465777729,-1.05772118027052,372
1715.919921875,33,56,23,36.8338795189309,-1.05772118027052,435
1707.19970703125,34,56,35,36.8401294654524,-1.05772118027052,415
1707.19970703125,34,56,35,36.8422127809596,-1.05772118027052,418
1673.50732421875,28,59,31,36.8838790911031,-1.05772118027052,440
1664.96984863281,27,57,32,36.8880457221175,-1.05772118027052,431
1626.11828613281,20,57,19,36.9088788771893,-1.05772118027052,477
1519.07458496094,16,59,33,36.95262850284,-1.05772118027052,476
1519.07458496094,16,59,33,36.9547118183472,-1.05772118027052,467
1473.64282226562,15,58,24,36.9901281819692,-1.05772118027052,453
1438.64135742188,14,60,14,37.0026280750123,-1.05772118027052,466
1429.07482910156,13,60,22,37.0130446525482,-1.05772118027052,503
1451.74353027344,11,66,5,37.0297111766056,-1.05772118027052,569
1434.75415039062,13,68,7,37.0442943851559,-1.05772118027052,462
1383.57104492188,9,68,1,37.069294171242,-1.05772118027052,637
1383.57104492188,9,68,1,37.0755441177636,-1.05772118027052,695
1371.79541015625,11,71,3,37.0776274332707,-1.05772118027052,695
1292.28503417969,9,73,1,37.1234603744287,-1.05772118027052,765
1181.71362304688,8,74,8,37.1692933155866,-1.05772118027052,489
1224.71911621094,11,69,4,37.1984597326871,-1.05772118027052,584
1258.41479492188,10,64,17,37.2026263637014,-1.05772118027052,612
1269.80236816406,11,62,17,37.2172095722517,-1.05772118027052,518
1280.36938476562,10,61,13,37.2276261497876,-1.05772118027052,623
1335.64184570312,13,58,17,37.2401260428307,-1.05772118027052,522
1337.04125976562,8,59,11,37.2651258289168,-1.05772118027052,450
1323.29260253906,8,59,5,37.2755424064527,-1.05772118027052,517
1337.45361328125,7,59,11,37.279709037467,-1.05772118027052,507
921.279418945312,28,59,47,36.6026314976341,-1.059804534307,617
921.279418945312,28,59,47,36.6067981286484,-1.059804534307,431
1464.1943359375,27,58,13,36.625547968213,-1.059804534307,386
1819.44104003906,51,55,53,36.6547143853135,-1.059804534307,300
1819.44104003906,51,55,53,36.6567977008207,-1.059804534307,299
1897.45251464844,39,54,36,36.7213804815432,-1.059804534307,298
1897.45251464844,39,54,36,36.7255471125576,-1.059804534307,309
1889.88500976562,46,54,23,36.7297137435719,-1.059804534307,297
1860.91333007812,34,53,22,36.7484635831365,-1.059804534307,280
1877.66271972656,30,56,11,36.7755466847299,-1.059804534307,324
1854.56884765625,45,54,19,36.7859632622658,-1.059804534307,376
1836.90454101562,36,54,31,36.800546470816,-1.059804534307,417
1736.19714355469,33,54,48,36.8192963103806,-1.059804534307,448
1715.919921875,33,56,23,36.8297128879165,-1.059804534307,417
1411.69775390625,10,65,5,37.0526276471846,-1.059804534307,648
1411.69775390625,10,65,5,37.0588775937061,-1.059804534307,698
1383.57104492188,9,68,1,37.0755441177636,-1.059804534307,617
1292.28503417969,9,73,1,37.1234603744287,-1.059804534307,782
1269.80236816406,11,62,17,37.2130429412373,-1.059804534307,590
1280.36938476562,10,61,13,37.2276261497876,-1.059804534307,487
1335.64184570312,13,58,17,37.2359594118163,-1.059804534307,522
1368.19482421875,8,61,12,37.2567925668881,-1.059804534307,458
1368.19482421875,8,61,12,37.2588758823953,-1.059804534307,456
1337.04125976562,8,59,11,37.2651258289168,-1.059804534307,437
1337.04125976562,8,59,11,37.267209144424,-1.059804534307,447
921.279418945312,28,59,47,36.6067981286484,-1.06188788834347,436
1152.86254882812,26,59,11,36.6130480751699,-1.06188788834347,380
1152.86254882812,26,59,11,36.6151313906771,-1.06188788834347,379
1693.42016601562,22,59,11,36.6297145992274,-1.06188788834347,381
1789.52575683594,48,55,15,36.6442978077776,-1.06188788834347,322
1872.83312988281,44,53,34,36.6672142783566,-1.06188788834347,264
1938.88537597656,52,52,44,36.6942973799499,-1.06188788834347,259
1938.88537597656,52,52,44,36.6984640109643,-1.06188788834347,278
1916.78686523438,41,53,58,36.7088805885002,-1.06188788834347,289
1900.28662109375,42,52,69,36.7130472195145,-1.06188788834347,276
1900.28662109375,42,52,69,36.7172138505289,-1.06188788834347,281
1871.77221679688,35,54,52,36.742213636615,-1.06188788834347,294
1865.27734375,42,52,29,36.7526302141509,-1.06188788834347,270
1877.66271972656,30,56,11,36.7755466847299,-1.06188788834347,330
1854.56884765625,45,54,19,36.7922132087873,-1.06188788834347,416
1736.19714355469,33,54,48,36.8213796258878,-1.06188788834347,446
1715.919921875,33,56,23,36.8276295724093,-1.06188788834347,422
1715.919921875,33,56,23,36.8338795189309,-1.06188788834347,439
1664.96984863281,27,57,32,36.8880457221175,-1.06188788834347,453
1586.57299804688,23,58,18,36.9234620857395,-1.06188788834347,523
1551.27868652344,23,58,18,36.9422119253041,-1.06188788834347,448
1474.57788085938,18,57,41,36.9797116044333,-1.06188788834347,430
1473.64282226562,15,58,24,36.9880448664621,-1.06188788834347,470
1429.07482910156,13,60,22,37.0130446525482,-1.06188788834347,538
1441.13659667969,14,62,15,37.0234612300841,-1.06188788834347,476
1448.10485839844,10,65,4,37.0401277541415,-1.06188788834347,555
1340.64038085938,10,78,1,37.1088771658784,-1.06188788834347,836
1237.28686523438,10,75,4,37.1422102139933,-1.06188788834347,662
1211.79797363281,8,71,4,37.1463768450076,-1.06188788834347,590
1173.49462890625,10,72,6,37.1609600535579,-1.06188788834347,560
1173.49462890625,10,72,6,37.1651266845722,-1.06188788834347,567
1181.71362304688,8,74,8,37.1692933155866,-1.06188788834347,624
1258.41479492188,10,64,17,37.2067929947158,-1.06188788834347,585
1258.41479492188,10,64,17,37.208876310223,-1.06188788834347,586
1337.45361328125,7,59,11,37.2776257219599,-1.06188788834347,473
1338.30517578125,10,59,10,37.3005421925388,-1.06188788834347,452
800.277954101562,24,63,3,36.5963815511125,-1.06397124237994,791
921.279418945312,28,59,47,36.6026314976341,-1.06397124237994,611
1464.1943359375,27,58,13,36.6234646527058,-1.06397124237994,405
1773.82202148438,34,56,18,36.6422144922704,-1.06397124237994,342
1789.52575683594,48,55,15,36.6463811232848,-1.06397124237994,323
1819.44104003906,51,55,53,36.6567977008207,-1.06397124237994,314
1945.93103027344,51,53,34,36.6901307489355,-1.06397124237994,267
1938.88537597656,52,52,44,36.7005473264714,-1.06397124237994,271
1897.45251464844,39,54,36,36.7255471125576,-1.06397124237994,295
1865.27734375,42,52,29,36.7526302141509,-1.06397124237994,281
1854.56884765625,45,54,19,36.7880465777729,-1.06397124237994,395
1812.43798828125,38,56,38,36.8047131018304,-1.06397124237994,373
1772.87109375,33,57,47,36.8109630483519,-1.06397124237994,402
1715.919921875,33,56,23,36.8338795189309,-1.06397124237994,433
1694.2001953125,36,56,32,36.8651292515385,-1.06397124237994,440
1682.97375488281,30,57,44,36.8692958825529,-1.06397124237994,442
1673.50732421875,28,59,31,36.8776291445816,-1.06397124237994,433
1673.50732421875,28,59,31,36.8838790911031,-1.06397124237994,447
1664.96984863281,27,57,32,36.8859624066103,-1.06397124237994,448
1586.57299804688,23,58,18,36.9234620857395,-1.06397124237994,536
1533.99133300781,20,60,17,36.9442952408113,-1.06397124237994,467
1484.22802734375,19,58,25,36.9692950268975,-1.06397124237994,506
1474.57788085938,18,57,41,36.9797116044333,-1.06397124237994,419
1429.07482910156,13,60,22,37.0151279680554,-1.06397124237994,473
1429.07482910156,13,60,22,37.0172112835626,-1.06397124237994,467
1441.13659667969,14,62,15,37.0192945990697,-1.06397124237994,494
1441.13659667969,14,62,15,37.0255445455913,-1.06397124237994,473
1411.69775390625,10,65,5,37.0547109626918,-1.06397124237994,614
1340.64038085938,10,78,1,37.1026272193569,-1.06397124237994,642
1324.30126953125,10,78,0,37.1109604813856,-1.06397124237994,766
1324.30126953125,10,78,0,37.1151271123999,-1.06397124237994,748
1224.71911621094,11,69,4,37.1942931016727,-1.06397124237994,471
1269.80236816406,11,62,17,37.2172095722517,-1.06397124237994,486
1323.29260253906,8,59,5,37.2734590909455,-1.06397124237994,440
1337.45361328125,7,59,11,37.2776257219599,-1.06397124237994,460
1353.27502441406,8,59,7,37.2859589839886,-1.06397124237994,522
1195.56628417969,26,58,13,36.6151313906771,-1.06605459641642,378
1490.21472167969,23,59,15,36.6234646527058,-1.06605459641642,391
1490.21472167969,23,59,15,36.625547968213,-1.06605459641642,380
1835.91748046875,50,52,61,36.6630476473422,-1.06605459641642,274
1835.91748046875,50,52,61,36.6672142783566,-1.06605459641642,285
1930.38647460938,41,53,18,36.6901307489355,-1.06605459641642,270
1939.25085449219,40,53,24,36.6963806954571,-1.06605459641642,273
1939.25085449219,40,53,24,36.6984640109643,-1.06605459641642,263
1910.0947265625,51,53,18,36.7255471125576,-1.06605459641642,289
1897.7861328125,65,53,39,36.7297137435719,-1.06605459641642,288
1884.19311523438,42,54,17,36.7359636900935,-1.06605459641642,295
1876.73608398438,37,52,17,36.7588801606724,-1.06605459641642,282
1864.52368164062,36,54,26,36.7692967382083,-1.06605459641642,314
1864.52368164062,36,54,26,36.7755466847299,-1.06605459641642,334
1799.81237792969,32,56,30,36.8067964173375,-1.06605459641642,391
1688.14086914062,34,59,22,36.858879305017,-1.06605459641642,425
1680.92150878906,30,57,21,36.8651292515385,-1.06605459641642,432
1669.90649414062,30,57,19,36.8734625135672,-1.06605459641642,457
1656.20666503906,28,57,26,36.8838790911031,-1.06605459641642,449
1573.51330566406,22,59,10,36.9192954547252,-1.06605459641642,510
1573.51330566406,22,59,10,36.9255454012467,-1.06605459641642,468
1524.01025390625,21,57,60,36.9463785563185,-1.06605459641642,494
1475.84851074219,17,58,19,36.9692950268975,-1.06605459641642,497
1459.01611328125,16,58,17,36.998461443998,-1.06605459641642,486
1434.24475097656,15,59,3,37.0026280750123,-1.06605459641642,496
1407.88989257812,12,60,9,37.0192945990697,-1.06605459641642,508
1420.51159667969,10,64,8,37.03387780762,-1.06605459641642,569
1392.71472167969,10,70,1,37.0672108557348,-1.06605459641642,625
1360.18383789062,11,68,11,37.0734608022564,-1.06605459641642,623
1335.91320800781,9,71,4,37.0817940642851,-1.06605459641642,685
1247.14892578125,9,72,0,37.1297103209502,-1.06605459641642,688
1247.14892578125,9,72,0,37.1317936364574,-1.06605459641642,692
1196.07446289062,9,72,0,37.1651266845722,-1.06605459641642,510
1197.04382324219,9,72,1,37.1692933155866,-1.06605459641642,563
1221.74731445312,11,72,17,37.1922097861655,-1.06605459641642,465
1243.75158691406,10,73,6,37.1942931016727,-1.06605459641642,485
1255.3427734375,13,70,10,37.2047096792086,-1.06605459641642,541
1251.2646484375,9,61,3,37.2359594118163,-1.06605459641642,479
1295.10290527344,10,59,8,37.2567925668881,-1.06605459641642,463
1280.31286621094,16,58,18,37.2630425134096,-1.06605459641642,526
1356.23596191406,10,58,4,37.2984588770316,-1.06605459641642,429
1700.83264160156,22,58,17,36.6338812302417,-1.06813795045289,399
1835.91748046875,50,52,61,36.6651309628494,-1.06813795045289,342
1875.55187988281,43,52,52,36.6734642248781,-1.06813795045289,276
1907.33154296875,46,52,24,36.683880802414,-1.06813795045289,258
1884.19311523438,42,54,17,36.7401303211078,-1.06813795045289,299
1877.77099609375,38,53,15,36.7484635831365,-1.06813795045289,304
1873.08557128906,34,54,19,36.7609634761796,-1.06813795045289,300
1864.52368164062,36,54,26,36.7713800537155,-1.06813795045289,319
1850.67236328125,41,54,15,36.777630000237,-1.06813795045289,316
1818.38610839844,38,56,21,36.800546470816,-1.06813795045289,396
1799.81237792969,32,56,30,36.8067964173375,-1.06813795045289,394
1799.81237792969,32,56,30,36.8088797328447,-1.06813795045289,416
1703.63720703125,32,57,22,36.8401294654524,-1.06813795045289,421
1694.32177734375,31,55,34,36.8505460429883,-1.06813795045289,432
1608.69653320312,23,57,31,36.9047122461749,-1.06813795045289,477
1557.75305175781,24,58,34,36.9276287167539,-1.06813795045289,473
1524.01025390625,21,57,60,36.9463785563185,-1.06813795045289,450
1508.64868164062,18,58,5,36.9547118183472,-1.06813795045289,536
1508.64868164062,18,58,5,36.9588784493616,-1.06813795045289,458
1495.13073730469,17,61,19,36.9672117113903,-1.06813795045289,447
1459.01611328125,16,58,17,36.9942948129836,-1.06813795045289,493
1459.01611328125,16,58,17,36.9963781284908,-1.06813795045289,476
1459.01611328125,16,58,17,36.998461443998,-1.06813795045289,470
1408.79943847656,13,58,23,37.0172112835626,-1.06813795045289,527
1420.51159667969,10,64,8,37.03387780762,-1.06813795045289,505
1360.18383789062,11,68,11,37.069294171242,-1.06813795045289,637
1335.91320800781,9,71,4,37.0797107487779,-1.06813795045289,686
1316.33056640625,10,72,3,37.1026272193569,-1.06813795045289,650
1271.61682128906,10,70,0,37.1192937434143,-1.06813795045289,681
1271.61682128906,10,70,0,37.1213770589215,-1.06813795045289,776
1196.07446289062,9,72,0,37.1672100000794,-1.06813795045289,545
1293.96142578125,9,59,2,37.2505426203665,-1.06813795045289,500
1348.06530761719,8,59,4,37.2922089305101,-1.06813795045289,502
1335.78466796875,9,58,14,37.302625508046,-1.06813795045289,425
1312.64709472656,10,59,24,37.3151254010891,-1.06813795045289,475
846.504455566406,27,62,28,36.6005481821269,-1.07022130448937,543
1490.21472167969,23,59,15,36.6234646527058,-1.07022130448937,398
1700.83264160156,22,58,17,36.6276312837202,-1.07022130448937,397
1775.02648925781,26,59,29,36.6401311767633,-1.07022130448937,389
1785.41845703125,40,56,12,36.6442978077776,-1.07022130448937,387
1850.67236328125,41,54,15,36.7797133157442,-1.07022130448937,304
1818.38610839844,38,56,21,36.7942965242945,-1.07022130448937,372
1694.32177734375,31,55,34,36.8442960964667,-1.07022130448937,446
1669.90649414062,30,57,19,36.8692958825529,-1.07022130448937,446
1656.20666503906,28,57,26,36.8797124600888,-1.07022130448937,472
1629.02795410156,27,58,21,36.9005456151606,-1.07022130448937,474
1588.63134765625,21,60,13,36.9130455082036,-1.07022130448937,634
1557.75305175781,24,58,34,36.9317953477682,-1.07022130448937,526
1540.6640625,25,55,46,36.9422119253041,-1.07022130448937,443
1508.64868164062,18,58,5,36.9588784493616,-1.07022130448937,452
1475.84851074219,17,58,19,36.975544973419,-1.07022130448937,445
1434.24475097656,15,59,3,37.0088780215338,-1.07022130448937,575
1408.79943847656,13,58,23,37.0130446525482,-1.07022130448937,621
1392.71472167969,10,70,1,37.0609609092133,-1.07022130448937,573
1392.71472167969,10,70,1,37.0630442247205,-1.07022130448937,569
1360.18383789062,11,68,11,37.0734608022564,-1.07022130448937,624
1335.91320800781,9,71,4,37.0797107487779,-1.07022130448937,687
1318.9775390625,10,73,0,37.0984605883425,-1.07022130448937,622
1218.89916992188,9,73,0,37.150543476022,-1.07022130448937,642
1205.5625,10,71,1,37.1526267915292,-1.07022130448937,598
1210.73217773438,10,63,24,37.221376203266,-1.07022130448937,429
1210.73217773438,10,63,24,37.2255428342804,-1.07022130448937,358
1207.03784179688,11,65,9,37.2317927808019,-1.07022130448937,386
1293.96142578125,9,59,2,37.2484593048594,-1.07022130448937,508
777.58203125,19,62,0,36.5880482890838,-1.07230465852584,933
777.58203125,19,62,0,36.5922149200982,-1.07230465852584,880
1775.02648925781,26,59,29,36.6380478612561,-1.07230465852584,397
1875.55187988281,43,52,52,36.6755475403853,-1.07230465852584,245
1918.560546875,37,54,19,36.7109639040073,-1.07230465852584,327
1876.73608398438,37,52,17,36.7547135296581,-1.07230465852584,310
1818.38610839844,38,56,21,36.800546470816,-1.07230465852584,377
1770.76635742188,38,56,27,36.8109630483519,-1.07230465852584,437
1703.63720703125,32,57,22,36.8380461499452,-1.07230465852584,446
1688.14086914062,34,59,22,36.858879305017,-1.07230465852584,432
1680.92150878906,30,57,21,36.8651292515385,-1.07230465852584,457
1643.34191894531,26,56,39,36.8922123531319,-1.07230465852584,502
1608.69653320312,23,57,31,36.9047122461749,-1.07230465852584,470
1588.63134765625,21,60,13,36.9151288237108,-1.07230465852584,599
1540.6640625,25,55,46,36.9380452942898,-1.07230465852584,472
1540.6640625,25,55,46,36.9422119253041,-1.07230465852584,438
1524.01025390625,21,57,60,36.9484618718257,-1.07230465852584,435
1475.84851074219,17,58,19,36.9692950268975,-1.07230465852584,484
1459.01611328125,16,58,17,37.0005447595051,-1.07230465852584,533
1434.24475097656,15,59,3,37.0067947060267,-1.07230465852584,581
1407.88989257812,12,60,9,37.0234612300841,-1.07230465852584,497
1433.73315429688,12,66,16,37.0422110696487,-1.07230465852584,497
1443.40844726562,9,73,11,37.0505443316774,-1.07230465852584,519
1392.71472167969,10,70,1,37.0609609092133,-1.07230465852584,542
1360.18383789062,11,68,11,37.0755441177636,-1.07230465852584,708
1321.54711914062,10,74,2,37.0880440108066,-1.07230465852584,667
1298.97985839844,13,72,12,37.1172104279071,-1.07230465852584,640
1271.61682128906,10,70,0,37.1213770589215,-1.07230465852584,758
1231.16735839844,10,73,11,37.1401268984861,-1.07230465852584,731
1218.89916992188,9,73,0,37.1484601605148,-1.07230465852584,682
1197.04382324219,9,72,1,37.1755432621081,-1.07230465852584,597
1221.74731445312,11,72,17,37.185959839644,-1.07230465852584,604
1356.23596191406,10,58,4,37.3005421925388,-1.07230465852584,454
940.631042480469,23,62,27,36.5942982356053,-1.07438801256231,680
1835.81018066406,46,51,60,36.6692975938638,-1.07438801256231,342
1835.81018066406,46,51,60,36.6734642248781,-1.07438801256231,308
1865.87365722656,37,52,38,36.6817974869068,-1.07438801256231,248
1923.54113769531,48,53,32,36.6984640109643,-1.07438801256231,242
1923.54113769531,48,53,32,36.7005473264714,-1.07438801256231,244
1929.3642578125,51,53,31,36.706797272993,-1.07438801256231,277
1922.94226074219,48,53,49,36.7109639040073,-1.07438801256231,294
1870.5478515625,36,54,42,36.765130107194,-1.07438801256231,335
1688.76635742188,32,58,26,36.8463794119739,-1.07438801256231,438
1677.080078125,31,58,21,36.8567959895098,-1.07438801256231,441
1658.44860839844,30,58,17,36.8755458290744,-1.07438801256231,482
1605.51147460938,27,56,26,36.894295668639,-1.07438801256231,487
1571.50561523438,22,60,13,36.9130455082036,-1.07438801256231,573
1502.74584960938,23,57,21,36.9567951338544,-1.07438801256231,436
1490.12097167969,18,59,17,36.9630450803759,-1.07438801256231,471
1471.84521484375,17,62,12,36.975544973419,-1.07438801256231,453
1449.81433105469,16,62,13,36.9838782354477,-1.07438801256231,473
1443.22375488281,13,64,8,36.9963781284908,-1.07438801256231,452
1443.22375488281,13,64,8,37.0005447595051,-1.07438801256231,480
1435.59533691406,11,64,21,37.0047113905195,-1.07438801256231,545
1412.80859375,13,66,11,37.0151279680554,-1.07438801256231,616
1390.92907714844,13,60,10,37.0192945990697,-1.07438801256231,603
1416.13122558594,10,72,5,37.0609609092133,-1.07438801256231,522
1370.12805175781,8,73,2,37.0713774867492,-1.07438801256231,658
1271.26281738281,10,71,9,37.092210641821,-1.07438801256231,586
1257.78454589844,8,70,1,37.1088771658784,-1.07438801256231,648
1216.86853027344,9,72,16,37.1255436899358,-1.07438801256231,728
1210.30834960938,10,72,1,37.127627005443,-1.07438801256231,691
1200.19140625,9,70,0,37.1547101070363,-1.07438801256231,617
1200.19140625,9,70,0,37.1588767380507,-1.07438801256231,597
1228.02624511719,9,74,9,37.1901264706584,-1.07438801256231,560
1217.06762695312,10,70,9,37.1963764171799,-1.07438801256231,478
1187.63659667969,26,64,0,37.2047096792086,-1.07438801256231,618
1283.21716308594,10,59,18,37.2526259358737,-1.07438801256231,481
1331.32470703125,13,59,10,37.3213753476106,-1.07438801256231,494
1251.96447753906,25,58,12,36.6109647596628,-1.07647136659879,382
1528.02917480469,24,60,11,36.6192980216915,-1.07647136659879,378
1528.02917480469,24,60,11,36.6234646527058,-1.07647136659879,391
1794.98864746094,38,52,19,36.6463811232848,-1.07647136659879,395
1794.98864746094,38,52,19,36.6505477542992,-1.07647136659879,381
1865.87365722656,37,52,38,36.6817974869068,-1.07647136659879,257
1929.3642578125,51,53,31,36.7047139574858,-1.07647136659879,234
1898.28295898438,37,54,30,36.7359636900935,-1.07647136659879,306
1894.04345703125,28,54,28,36.7463802676294,-1.07647136659879,339
1870.5478515625,36,54,42,36.765130107194,-1.07647136659879,327
1850.35888671875,35,55,34,36.7713800537155,-1.07647136659879,320
1805.21936035156,35,56,30,36.7901298932801,-1.07647136659879,332
1805.21936035156,35,56,30,36.7922132087873,-1.07647136659879,346
1785.48620605469,36,56,28,36.7984631553088,-1.07647136659879,392
1750.83776855469,38,57,43,36.8172129948734,-1.07647136659879,434
1731.63598632812,34,59,17,36.8192963103806,-1.07647136659879,433
1731.63598632812,34,59,17,36.8213796258878,-1.07647136659879,422
1731.63598632812,34,59,17,36.823462941395,-1.07647136659879,419
1731.63598632812,34,59,17,36.8255462569021,-1.07647136659879,433
1715.32360839844,32,55,33,36.8276295724093,-1.07647136659879,435
1701.77868652344,32,55,22,36.8401294654524,-1.07647136659879,425
1677.080078125,31,58,21,36.8567959895098,-1.07647136659879,469
1658.44860839844,30,58,17,36.8755458290744,-1.07647136659879,481
1571.50561523438,22,60,13,36.9109621926965,-1.07647136659879,488
1571.50561523438,22,60,13,36.917212139218,-1.07647136659879,482
1562.59875488281,23,56,21,36.9255454012467,-1.07647136659879,578
1440.44555664062,15,59,22,36.9859615509549,-1.07647136659879,463
1440.44555664062,15,59,22,36.9922114974764,-1.07647136659879,474
1443.22375488281,13,64,8,36.9963781284908,-1.07647136659879,456
1444.9375,10,72,8,37.0526276471846,-1.07647136659879,491
1416.13122558594,10,72,5,37.0651275402277,-1.07647136659879,579
1416.13122558594,10,72,5,37.0672108557348,-1.07647136659879,589
1271.26281738281,10,71,9,37.0859606952994,-1.07647136659879,660
1240.32739257812,9,70,3,37.1151271123999,-1.07647136659879,719
1240.32739257812,9,70,3,37.1172104279071,-1.07647136659879,739
1216.86853027344,9,72,16,37.1213770589215,-1.07647136659879,628
1216.86853027344,9,72,16,37.1255436899358,-1.07647136659879,734
1206.99719238281,11,73,2,37.150543476022,-1.07647136659879,667
1194.00561523438,10,70,1,37.1609600535579,-1.07647136659879,633
1216.64685058594,9,73,4,37.1797098931225,-1.07647136659879,606
1228.02624511719,9,74,9,37.1901264706584,-1.07647136659879,514
1217.06762695312,10,70,9,37.2005430481943,-1.07647136659879,724
1154.96643066406,13,63,14,37.2130429412373,-1.07647136659879,482
1363.52514648438,9,59,10,37.3047088235532,-1.07647136659879,478
1363.52514648438,9,59,10,37.3088754545675,-1.07647136659879,475
1039.53784179688,30,57,56,36.6047148131412,-1.07855472063526,469
1251.96447753906,25,58,12,36.6172147061843,-1.07855472063526,378
1814.73547363281,38,51,54,36.660964331835,-1.07855472063526,324
1835.81018066406,46,51,60,36.6734642248781,-1.07855472063526,317
1865.87365722656,37,52,38,36.6817974869068,-1.07855472063526,276
1898.5361328125,45,52,27,36.6859641179212,-1.07855472063526,248
1898.5361328125,45,52,27,36.6922140644427,-1.07855472063526,251
1898.28295898438,37,54,30,36.7359636900935,-1.07855472063526,292
1898.28295898438,37,54,30,36.742213636615,-1.07855472063526,329
1870.5478515625,36,54,42,36.765130107194,-1.07855472063526,336
1850.35888671875,35,55,34,36.7755466847299,-1.07855472063526,328
1750.83776855469,38,57,43,36.8109630483519,-1.07855472063526,418
1731.63598632812,34,59,17,36.8192963103806,-1.07855472063526,432
1643.41967773438,27,58,29,36.8776291445816,-1.07855472063526,490
1643.41967773438,27,58,29,36.8797124600888,-1.07855472063526,489
1585.78869628906,25,58,33,36.9088788771893,-1.07855472063526,460
1562.59875488281,23,56,21,36.9234620857395,-1.07855472063526,477
1514.86376953125,21,56,19,36.9442952408113,-1.07855472063526,449
1490.12097167969,18,59,17,36.9672117113903,-1.07855472063526,457
1471.84521484375,17,62,12,36.9692950268975,-1.07855472063526,483
1440.44555664062,15,59,22,36.9859615509549,-1.07855472063526,460
1412.80859375,13,66,11,37.0130446525482,-1.07855472063526,516
1412.80859375,13,66,11,37.0172112835626,-1.07855472063526,514
1378.4404296875,14,68,17,37.0317944921128,-1.07855472063526,562
1392.71459960938,11,74,7,37.0401277541415,-1.07855472063526,533
1255.54760742188,8,72,2,37.1005439038497,-1.07855472063526,603
1206.99719238281,11,73,2,37.1463768450076,-1.07855472063526,787
1216.64685058594,9,73,4,37.1797098931225,-1.07855472063526,646
1217.06762695312,10,70,9,37.2005430481943,-1.07855472063526,755
853.27880859375,22,60,8,36.5859649735766,-1.08063807467174,915
1039.53784179688,30,57,56,36.6047148131412,-1.08063807467174,488
1251.96447753906,25,58,12,36.6109647596628,-1.08063807467174,411
1528.02917480469,24,60,11,36.6213813371987,-1.08063807467174,377
1781.24194335938,23,58,24,36.6422144922704,-1.08063807467174,394
1801.07238769531,42,52,71,36.6547143853135,-1.08063807467174,357
1814.73547363281,38,51,54,36.6651309628494,-1.08063807467174,338
1835.81018066406,46,51,60,36.6755475403853,-1.08063807467174,322
1865.87365722656,37,52,38,36.6776308558925,-1.08063807467174,308
1929.3642578125,51,53,31,36.7047139574858,-1.08063807467174,235
1922.94226074219,48,53,49,36.7130472195145,-1.08063807467174,232
1904.63171386719,36,52,56,36.7317970590791,-1.08063807467174,284
1898.28295898438,37,54,30,36.7359636900935,-1.08063807467174,331
1898.28295898438,37,54,30,36.742213636615,-1.08063807467174,333
1886.03430175781,32,54,36,36.7588801606724,-1.08063807467174,349
1827.73059082031,34,57,30,36.777630000237,-1.08063807467174,318
1785.48620605469,36,56,28,36.7984631553088,-1.08063807467174,376
1750.83776855469,38,57,43,36.8151296793663,-1.08063807467174,431
1701.77868652344,32,55,22,36.8401294654524,-1.08063807467174,427
1514.86376953125,21,56,19,36.9463785563185,-1.08063807467174,453
1514.86376953125,21,56,19,36.9484618718257,-1.08063807467174,443
1490.12097167969,18,59,17,36.9609617648687,-1.08063807467174,412
1471.84521484375,17,62,12,36.975544973419,-1.08063807467174,486
1443.22375488281,13,64,8,36.9942948129836,-1.08063807467174,475
1390.92907714844,13,60,10,37.0213779145769,-1.08063807467174,497
1390.92907714844,13,60,10,37.0255445455913,-1.08063807467174,624
1444.9375,10,72,8,37.0526276471846,-1.08063807467174,610
1416.13122558594,10,72,5,37.0630442247205,-1.08063807467174,544
1255.54760742188,8,72,2,37.0942939573282,-1.08063807467174,587
1257.78454589844,8,70,1,37.1088771658784,-1.08063807467174,635
1343.70837402344,11,59,15,37.3151254010891,-1.08063807467174,459
1531.01989746094,25,58,13,36.6213813371987,-1.08272142870821,371
1802.80810546875,43,52,54,36.6526310698063,-1.08272142870821,370
1802.80810546875,43,52,54,36.6567977008207,-1.08272142870821,352
1849.05297851562,43,53,62,36.683880802414,-1.08272142870821,280
1917.0078125,51,51,25,36.7109639040073,-1.08272142870821,229
1882.20251464844,35,54,21,36.7547135296581,-1.08272142870821,319
1836.17211914062,35,56,16,36.7755466847299,-1.08272142870821,316
1809.53479003906,39,55,26,36.7838799467586,-1.08272142870821,337
1681.45446777344,31,58,43,36.8505460429883,-1.08272142870821,437
1658.6796875,28,55,25,36.8672125670457,-1.08272142870821,489
1648.814453125,28,56,27,36.8734625135672,-1.08272142870821,468
1533.29418945312,21,58,11,36.9317953477682,-1.08272142870821,613
1497.54565429688,21,61,12,36.9463785563185,-1.08272142870821,456
1481.90600585938,18,61,12,36.9672117113903,-1.08272142870821,445
1466.88525390625,19,59,12,36.9692950268975,-1.08272142870821,453
1466.88525390625,19,59,12,36.9734616579118,-1.08272142870821,475
1441.59545898438,15,62,3,36.9817949199405,-1.08272142870821,433
1250.97412109375,10,72,2,37.092210641821,-1.08272142870821,668
1141.38012695312,9,72,2,37.1255436899358,-1.08272142870821,662
1196.05810546875,9,70,0,37.1672100000794,-1.08272142870821,689
1217.79150390625,10,74,10,37.1817932086297,-1.08272142870821,670
1345.99169921875,14,60,11,37.3276252941321,-1.08272142870821,461
1327.50744628906,10,58,7,37.3359585561609,-1.08272142870821,370
833.487060546875,19,66,6,36.5838816580694,-1.08480478274469,999
991.675415039062,18,63,5,36.590131604591,-1.08480478274469,501
1085.90051269531,20,62,7,36.5963815511125,-1.08480478274469,431
1285.87475585938,26,59,12,36.6151313906771,-1.08480478274469,414
1531.01989746094,25,58,13,36.625547968213,-1.08480478274469,381
1785.63220214844,43,54,22,36.6505477542992,-1.08480478274469,372
1802.80810546875,43,52,54,36.6526310698063,-1.08480478274469,359
1802.80810546875,43,52,54,36.6588810163279,-1.08480478274469,365
1826.65441894531,40,52,60,36.6734642248781,-1.08480478274469,319
1879.1337890625,42,51,48,36.6859641179212,-1.08480478274469,278
1882.20251464844,35,54,21,36.7526302141509,-1.08480478274469,350
1836.17211914062,35,56,16,36.7692967382083,-1.08480478274469,333
1783.76831054688,37,57,23,36.7859632622658,-1.08480478274469,357
1745.22521972656,32,58,18,36.8067964173375,-1.08480478274469,416
1703.91564941406,34,58,28,36.8276295724093,-1.08480478274469,434
1692.37719726562,33,58,40,36.8380461499452,-1.08480478274469,431
1669.38073730469,30,58,44,36.8526293584955,-1.08480478274469,442
1658.6796875,28,55,25,36.8630459360314,-1.08480478274469,480
1559.96374511719,23,58,25,36.9067955616821,-1.08480478274469,494
1497.54565429688,21,61,12,36.9484618718257,-1.08480478274469,440
1497.54565429688,21,61,12,36.9505451873328,-1.08480478274469,436
1481.90600585938,18,61,12,36.9651283958831,-1.08480478274469,420
1416.51245117188,13,66,7,36.998461443998,-1.08480478274469,500
1421.90808105469,12,76,11,37.0172112835626,-1.08480478274469,523
1403.98266601562,12,71,8,37.0192945990697,-1.08480478274469,534
1398.90759277344,13,72,11,37.0442943851559,-1.08480478274469,698
1323.90209960938,9,74,7,37.0797107487779,-1.08480478274469,679
1250.97412109375,10,72,2,37.0859606952994,-1.08480478274469,712
1184.75061035156,9,72,6,37.1047105348641,-1.08480478274469,599
1141.38012695312,9,72,2,37.1234603744287,-1.08480478274469,680
1186.32202148438,11,73,6,37.1463768450076,-1.08480478274469,863
1186.32202148438,11,73,6,37.150543476022,-1.08480478274469,762
1362.74243164062,10,58,4,37.3130420855819,-1.08480478274469,514
1353.57739257812,8,58,4,37.3192920321034,-1.08480478274469,483
833.487060546875,19,66,6,36.5817983425623,-1.08688813678116,1044
1122.953125,25,56,34,36.6047148131412,-1.08688813678116,556
1285.87475585938,26,59,12,36.6151313906771,-1.08688813678116,410
1531.01989746094,25,58,13,36.6192980216915,-1.08688813678116,396
1849.05297851562,43,53,62,36.6817974869068,-1.08688813678116,307
1879.1337890625,42,51,48,36.6859641179212,-1.08688813678116,285
1879.1337890625,42,51,48,36.6880474334284,-1.08688813678116,277
1907.56762695312,46,52,75,36.6984640109643,-1.08688813678116,305
1909.25561523438,38,52,20,36.719297166036,-1.08688813678116,254
1836.17211914062,35,56,16,36.7692967382083,-1.08688813678116,343
1703.91564941406,34,58,28,36.8297128879165,-1.08688813678116,462
1692.37719726562,33,58,40,36.8401294654524,-1.08688813678116,424
1669.38073730469,30,58,44,36.858879305017,-1.08688813678116,497
1633.28845214844,24,58,20,36.8776291445816,-1.08688813678116,471
1559.96374511719,23,58,25,36.9088788771893,-1.08688813678116,478
1497.54565429688,21,61,12,36.9505451873328,-1.08688813678116,456
1466.88525390625,19,59,12,36.975544973419,-1.08688813678116,453
1441.59545898438,15,62,3,36.9776282889262,-1.08688813678116,459
1420.13671875,15,61,14,36.9859615509549,-1.08688813678116,468
1160.82373046875,9,71,6,37.1130437968928,-1.08688813678116,754
1154.0595703125,9,69,0,37.1297103209502,-1.08688813678116,676
1190.01135253906,11,70,2,37.1588767380507,-1.08688813678116,694
1209.99853515625,10,68,1,37.1692933155866,-1.08688813678116,645
1531.01989746094,25,58,13,36.6192980216915,-1.08897149081763,397
1531.01989746094,25,58,13,36.6213813371987,-1.08897149081763,400
1694.84228515625,20,58,10,36.6297145992274,-1.08897149081763,376
1826.65441894531,40,52,60,36.6755475403853,-1.08897149081763,305
1849.05297851562,43,53,62,36.6776308558925,-1.08897149081763,291
1907.56762695312,46,52,75,36.6963806954571,-1.08897149081763,296
1917.0078125,51,51,25,36.7130472195145,-1.08897149081763,300
1861.412109375,33,55,31,36.7672134227011,-1.08897149081763,317
1584.84228515625,25,55,24,36.894295668639,-1.08897149081763,446
1584.84228515625,25,55,24,36.8963789841462,-1.08897149081763,424
1584.84228515625,25,55,24,36.8984622996534,-1.08897149081763,435
1533.29418945312,21,58,11,36.9297120322611,-1.08897149081763,461
1420.13671875,15,61,14,36.9859615509549,-1.08897149081763,471
1416.51245117188,13,66,7,36.9963781284908,-1.08897149081763,543
1416.51245117188,13,66,7,36.998461443998,-1.08897149081763,515
1422.7724609375,12,72,6,37.0026280750123,-1.08897149081763,513
1422.7724609375,12,72,6,37.0088780215338,-1.08897149081763,547
1403.98266601562,12,71,8,37.0192945990697,-1.08897149081763,663
1403.98266601562,12,71,8,37.0234612300841,-1.08897149081763,604
1371.59533691406,12,68,21,37.0317944921128,-1.08897149081763,581
1362.41650390625,13,75,20,37.0401277541415,-1.08897149081763,563
1423.71044921875,12,74,7,37.0588775937061,-1.08897149081763,726
1415.92333984375,10,71,4,37.0630442247205,-1.08897149081763,724
1160.82373046875,9,71,6,37.1151271123999,-1.08897149081763,976
1154.0595703125,9,69,0,37.1338769519646,-1.08897149081763,792
1174.7431640625,10,72,4,37.1359602674717,-1.08897149081763,842
1190.01135253906,11,70,2,37.1588767380507,-1.08897149081763,675
1196.05810546875,9,70,0,37.1609600535579,-1.08897149081763,656
1327.50744628906,10,58,7,37.3422085026824,-1.08897149081763,343
1225.802734375,18,62,7,36.5963815511125,-1.09105484485411,452
1869.91052246094,36,54,20,36.7463802676294,-1.09105484485411,334
1855.17907714844,33,55,15,36.7526302141509,-1.09105484485411,304
1855.17907714844,33,55,15,36.7567968451653,-1.09105484485411,319
1777.37072753906,29,56,40,36.7901298932801,-1.09105484485411,361
1747.85266113281,30,56,19,36.8026297863232,-1.09105484485411,398
1747.85266113281,30,56,19,36.8047131018304,-1.09105484485411,411
1672.45092773438,31,59,33,36.8505460429883,-1.09105484485411,444
1637.41955566406,26,56,36,36.8692958825529,-1.09105484485411,432
1520.96594238281,21,56,15,36.9255454012467,-1.09105484485411,451
1472.27233886719,17,62,13,36.9609617648687,-1.09105484485411,457
1400.419921875,11,75,1,37.0026280750123,-1.09105484485411,502
1412.71313476562,14,77,9,37.0130446525482,-1.09105484485411,524
1362.11633300781,15,74,12,37.0380444386343,-1.09105484485411,716
1350.77026367188,11,74,9,37.0609609092133,-1.09105484485411,832
1290.49584960938,9,72,8,37.092210641821,-1.09105484485411,557
1139.54528808594,9,72,1,37.1463768450076,-1.09105484485411,797
1139.54528808594,9,72,1,37.1484601605148,-1.09105484485411,842
1344.73803710938,8,57,6,37.3297086096393,-1.09105484485411,458
1293.38464355469,7,58,16,37.3526250802183,-1.09105484485411,357
1297.92822265625,28,58,61,36.6109647596628,-1.09313819889058,510
1297.92822265625,28,58,61,36.6130480751699,-1.09313819889058,480
1297.92822265625,28,58,61,36.6172147061843,-1.09313819889058,388
1753.98181152344,31,54,25,36.6463811232848,-1.09313819889058,373
1824.5107421875,34,53,51,36.6630476473422,-1.09313819889058,352
1869.41149902344,40,51,66,36.6859641179212,-1.09313819889058,278
1905.92590332031,43,55,37,36.7109639040073,-1.09313819889058,269
1905.92590332031,43,55,37,36.7151305350217,-1.09313819889058,259
1883.27270507812,47,53,43,36.7297137435719,-1.09313819889058,291
1794.22766113281,30,56,29,36.7838799467586,-1.09313819889058,365
1761.91357421875,28,56,37,36.7963798398016,-1.09313819889058,378
1747.85266113281,30,56,19,36.8067964173375,-1.09313819889058,408
1733.18493652344,35,57,35,36.8130463638591,-1.09313819889058,433
1672.45092773438,31,59,33,36.8463794119739,-1.09313819889058,469
1659.50134277344,31,62,27,36.8567959895098,-1.09313819889058,438
1647.65380859375,27,57,27,36.8609626205242,-1.09313819889058,462
1621.11450195312,25,58,45,36.881795775596,-1.09313819889058,492
1568.67211914062,22,57,22,36.8963789841462,-1.09313819889058,443
1568.67211914062,22,57,22,36.8984622996534,-1.09313819889058,442
1568.67211914062,22,57,22,36.9005456151606,-1.09313819889058,430
1540.74792480469,23,56,20,36.9088788771893,-1.09313819889058,464
1522.27612304688,21,57,33,36.9151288237108,-1.09313819889058,433
1481.86730957031,0,0,6,36.9463785563185,-1.09313819889058,596
1463.55310058594,15,63,15,36.9734616579118,-1.09313819889058,458
1439.89318847656,15,62,42,36.9817949199405,-1.09313819889058,511
1413.95336914062,13,75,7,37.0213779145769,-1.09313819889058,591
1344.15270996094,11,75,0,37.056794278199,-1.09313819889058,871
1353.89318847656,8,72,5,37.0713774867492,-1.09313819889058,639
1335.93786621094,10,71,9,37.0797107487779,-1.09313819889058,651
1145.20776367188,16,68,9,37.1130437968928,-1.09313819889058,699
1096.54846191406,9,70,1,37.1317936364574,-1.09313819889058,720
1113.47644042969,9,71,6,37.1401268984861,-1.09313819889058,765
1210.86437988281,10,71,8,37.1734599466009,-1.09313819889058,715
1332.89367675781,10,58,13,37.3192920321034,-1.09313819889058,484
1332.89367675781,10,58,13,37.3213753476106,-1.09313819889058,460
1344.73803710938,8,57,6,37.3317919251465,-1.09313819889058,451
1344.73803710938,8,57,6,37.3338752406537,-1.09313819889058,463
1345.69848632812,9,58,12,37.338041871668,-1.09313819889058,353
1345.69848632812,9,58,12,37.3422085026824,-1.09313819889058,335
1225.802734375,18,62,7,36.5984648666197,-1.09522155292706,476
1838.169921875,36,56,36,36.6692975938638,-1.09522155292706,293
1869.41149902344,40,51,66,36.6859641179212,-1.09522155292706,273
1869.41149902344,40,51,66,36.6901307489355,-1.09522155292706,286
1890.56115722656,44,52,63,36.6963806954571,-1.09522155292706,306
1894.88098144531,43,53,21,36.7255471125576,-1.09522155292706,297
1883.27270507812,47,53,43,36.7297137435719,-1.09522155292706,279
1883.27270507812,47,53,43,36.7317970590791,-1.09522155292706,281
1869.91052246094,36,54,20,36.7442969521222,-1.09522155292706,334
1777.37072753906,29,56,40,36.7859632622658,-1.09522155292706,367
1761.91357421875,28,56,37,36.7984631553088,-1.09522155292706,384
1747.85266113281,30,56,19,36.8067964173375,-1.09522155292706,420
1733.18493652344,35,57,35,36.8172129948734,-1.09522155292706,477
1684.91101074219,32,58,23,36.8380461499452,-1.09522155292706,473
1672.45092773438,31,59,33,36.8463794119739,-1.09522155292706,439
1637.41955566406,26,56,36,36.8734625135672,-1.09522155292706,443
1637.41955566406,26,56,36,36.8755458290744,-1.09522155292706,442
1522.27612304688,21,57,33,36.9151288237108,-1.09522155292706,502
1520.96594238281,21,56,15,36.9234620857395,-1.09522155292706,450
1481.86730957031,0,0,6,36.9484618718257,-1.09522155292706,732
1474.52502441406,18,61,15,36.95262850284,-1.09522155292706,583
1474.52502441406,18,61,15,36.9567951338544,-1.09522155292706,450
1439.89318847656,15,62,42,36.9797116044333,-1.09522155292706,454
1412.92077636719,14,66,4,36.9880448664621,-1.09522155292706,605
1398.18835449219,13,66,22,36.9963781284908,-1.09522155292706,498
1412.71313476562,14,77,9,37.0130446525482,-1.09522155292706,588
1390.91552734375,13,76,1,37.03387780762,-1.09522155292706,669
1348.68432617188,11,74,1,37.0484610161702,-1.09522155292706,566
1290.49584960938,9,72,8,37.0880440108066,-1.09522155292706,639
1232.90100097656,9,72,12,37.1005439038497,-1.09522155292706,712
1108.01171875,9,70,1,37.1192937434143,-1.09522155292706,587
1096.54846191406,9,70,1,37.127627005443,-1.09522155292706,756
1096.54846191406,9,70,1,37.1297103209502,-1.09522155292706,730
1164.64892578125,11,71,3,37.1588767380507,-1.09522155292706,642
1210.86437988281,10,71,8,37.1734599466009,-1.09522155292706,710
1344.73803710938,8,57,6,37.3338752406537,-1.09522155292706,462
1321.45922851562,8,59,6,37.3505417647111,-1.09522155292706,344
1137.85778808594,18,62,14,36.5922149200982,-1.09730490696353,443
1652.75634765625,23,58,13,36.6317979147345,-1.09730490696353,395
1793.19458007812,36,54,39,36.6567977008207,-1.09730490696353,349
1869.41149902344,40,51,66,36.6922140644427,-1.09730490696353,265
1905.92590332031,43,55,37,36.7151305350217,-1.09730490696353,270
1894.88098144531,43,53,21,36.719297166036,-1.09730490696353,299
1883.27270507812,47,53,43,36.7297137435719,-1.09730490696353,259
1877.04052734375,36,52,14,36.7359636900935,-1.09730490696353,259
1877.04052734375,36,52,14,36.7401303211078,-1.09730490696353,287
1869.91052246094,36,54,20,36.7463802676294,-1.09730490696353,344
1812.27172851562,30,57,21,36.7692967382083,-1.09730490696353,313
1672.45092773438,31,59,33,36.8463794119739,-1.09730490696353,434
1621.11450195312,25,58,45,36.8776291445816,-1.09730490696353,456
1596.28674316406,24,60,11,36.8901290376247,-1.09730490696353,462
1515.46350097656,19,58,21,36.9276287167539,-1.09730490696353,495
1481.86730957031,0,0,6,36.9442952408113,-1.09730490696353,482
1474.52502441406,18,61,15,36.9588784493616,-1.09730490696353,500
1390.91552734375,13,76,1,37.0297111766056,-1.09730490696353,585
1344.15270996094,11,75,0,37.056794278199,-1.09730490696353,872
1335.93786621094,10,71,9,37.0776274332707,-1.09730490696353,651
1232.90100097656,9,72,12,37.1005439038497,-1.09730490696353,703
1164.64892578125,11,71,3,37.1567934225435,-1.09730490696353,616
1210.86437988281,10,71,8,37.1692933155866,-1.09730490696353,713
720.518615722656,13,68,0,36.567215134012,-1.099388261,742
770.730407714844,15,67,2,36.5713817650264,-1.099388261,813
936.199584960938,17,66,3,36.5797150270551,-1.099388261,730
1182.63732910156,17,65,4,36.5922149200982,-1.099388261,441
1238.63415527344,22,61,7,36.6026314976341,-1.099388261,504
1492.69299316406,21,60,10,36.625547968213,-1.099388261,379
1632.90979003906,19,58,32,36.6276312837202,-1.099388261,407
1693.60009765625,22,60,21,36.6359645457489,-1.099388261,433
1827.09631347656,39,52,82,36.660964331835,-1.099388261,359
1845.17333984375,39,54,14,36.6734642248781,-1.099388261,317
1845.17333984375,39,54,14,36.6755475403853,-1.099388261,306
1864.60510253906,49,54,65,36.6963806954571,-1.099388261,259
1878.02111816406,45,52,42,36.7213804815432,-1.099388261,303
1878.02111816406,45,52,42,36.7255471125576,-1.099388261,295
1862.49682617188,45,51,40,36.7317970590791,-1.099388261,265
1852.44213867188,36,54,36,36.7380470056006,-1.099388261,278
1842.90246582031,35,53,20,36.7442969521222,-1.099388261,329
1842.90246582031,35,53,20,36.7484635831365,-1.099388261,326
1824.25952148438,32,54,35,36.7567968451653,-1.099388261,332
1723.28637695312,35,58,27,36.8192963103806,-1.099388261,404
1723.28637695312,35,58,27,36.8213796258878,-1.099388261,423
1605.41186523438,26,57,20,36.8776291445816,-1.099388261,467
1605.41186523438,26,57,20,36.8797124600888,-1.099388261,471
1605.41186523438,26,57,20,36.8838790911031,-1.099388261,429
1561.63427734375,25,56,15,36.894295668639,-1.099388261,522
1535.57373046875,26,57,33,36.9067955616821,-1.099388261,506
1512.51220703125,24,56,30,36.9151288237108,-1.099388261,536
1459.03381347656,16,60,12,36.9630450803759,-1.099388261,473
1459.03381347656,16,60,12,36.9672117113903,-1.099388261,478
1405.80029296875,15,67,12,36.9859615509549,-1.099388261,519
1381.03076171875,13,74,13,37.0088780215338,-1.099388261,629
1398.201171875,13,75,0,37.0297111766056,-1.099388261,553
1398.201171875,13,75,0,37.0317944921128,-1.099388261,541
1371.99377441406,11,74,6,37.0380444386343,-1.099388261,573
1294.14953613281,9,72,5,37.0713774867492,-1.099388261,692
1293.58337402344,10,71,11,37.0942939573282,-1.099388261,717
1055.78955078125,8,71,10,37.1401268984861,-1.099388261,740
1151.048828125,12,73,7,37.1672100000794,-1.099388261,687
1155.55151367188,10,73,15,37.1692933155866,-1.099388261,734
936.199584960938,17,66,3,36.5817983425623,-1.10147161503648,643
1182.63732910156,17,65,4,36.590131604591,-1.10147161503648,474
1492.69299316406,21,60,10,36.6192980216915,-1.10147161503648,361
1632.90979003906,19,58,32,36.6317979147345,-1.10147161503648,428
1827.09631347656,39,52,82,36.6651309628494,-1.10147161503648,339
1854.49401855469,40,53,64,36.6922140644427,-1.10147161503648,253
1852.44213867188,36,54,36,36.7359636900935,-1.10147161503648,252
1852.44213867188,36,54,36,36.7380470056006,-1.10147161503648,277
1852.44213867188,36,54,36,36.7401303211078,-1.10147161503648,273
1781.84143066406,29,58,27,36.7713800537155,-1.10147161503648,323
1773.84704589844,29,57,19,36.7797133157442,-1.10147161503648,364
1745.29418945312,30,56,17,36.8088797328447,-1.10147161503648,368
1734.59545898438,33,56,20,36.8109630483519,-1.10147161503648,384
1633.49267578125,27,58,17,36.8609626205242,-1.10147161503648,458
1633.49267578125,27,58,17,36.8630459360314,-1.10147161503648,478
1605.41186523438,26,57,20,36.8838790911031,-1.10147161503648,411
1584.83044433594,26,57,17,36.8859624066103,-1.10147161503648,408
1584.83044433594,26,57,17,36.8880457221175,-1.10147161503648,426
1561.63427734375,25,56,15,36.894295668639,-1.10147161503648,431
1490.98364257812,18,58,17,36.9297120322611,-1.10147161503648,486
1453.73608398438,17,66,12,36.9734616579118,-1.10147161503648,469
1432.51416015625,17,67,8,36.9817949199405,-1.10147161503648,473
1405.80029296875,15,67,12,36.9880448664621,-1.10147161503648,468
1405.80029296875,15,67,12,36.9922114974764,-1.10147161503648,492
1387.50634765625,15,67,13,36.9963781284908,-1.10147161503648,447
1381.03076171875,13,74,13,37.0067947060267,-1.10147161503648,559
1389.93713378906,14,76,2,37.0172112835626,-1.10147161503648,611
1398.201171875,13,75,0,37.0276278610985,-1.10147161503648,742
1277.62243652344,9,73,8,37.0630442247205,-1.10147161503648,825
1312.62329101562,10,74,7,37.0776274332707,-1.10147161503648,730
1220.38391113281,10,72,8,37.1151271123999,-1.10147161503648,695
1149.47094726562,9,71,1,37.1234603744287,-1.10147161503648,655
1149.47094726562,9,71,1,37.1255436899358,-1.10147161503648,666
1104.615234375,9,73,5,37.1567934225435,-1.10147161503648,606
1155.55151367188,10,73,15,37.1755432621081,-1.10147161503648,812
1093.9482421875,9,74,9,37.1776265776153,-1.10147161503648,817
1320.85852050781,9,58,10,37.3338752406537,-1.10147161503648,463
1331.50964355469,8,57,7,37.3505417647111,-1.10147161503648,329
1308.92358398438,22,58,60,36.6109647596628,-1.10355496907295,575
1308.92358398438,22,58,60,36.6130480751699,-1.10355496907295,541
1492.69299316406,21,60,10,36.6192980216915,-1.10355496907295,382
1492.69299316406,21,60,10,36.625547968213,-1.10355496907295,460
1827.09631347656,39,52,82,36.6672142783566,-1.10355496907295,313
1854.49401855469,40,53,64,36.6859641179212,-1.10355496907295,272
1773.84704589844,29,57,19,36.777630000237,-1.10355496907295,373
1766.33837890625,31,56,25,36.7922132087873,-1.10355496907295,350
1755.81396484375,27,54,27,36.7984631553088,-1.10355496907295,381
1745.29418945312,30,56,17,36.8026297863232,-1.10355496907295,392
1692.37536621094,31,56,33,36.8422127809596,-1.10355496907295,434
1650.81018066406,30,57,22,36.8547126740026,-1.10355496907295,470
1633.49267578125,27,58,17,36.8651292515385,-1.10355496907295,435
1561.63427734375,25,56,15,36.8984622996534,-1.10355496907295,417
1512.51220703125,24,56,30,36.9109621926965,-1.10355496907295,450
1501.06384277344,20,59,9,36.9213787702324,-1.10355496907295,413
1490.98364257812,18,58,17,36.9276287167539,-1.10355496907295,457
1474.619140625,19,62,11,36.9422119253041,-1.10355496907295,507
1463.76989746094,18,62,8,36.9505451873328,-1.10355496907295,503
1459.03381347656,16,60,12,36.9672117113903,-1.10355496907295,465
1453.73608398438,17,66,12,36.9734616579118,-1.10355496907295,471
1432.51416015625,17,67,8,36.9797116044333,-1.10355496907295,496
1402.41809082031,15,74,1,37.0255445455913,-1.10355496907295,741
1398.201171875,13,75,0,37.0297111766056,-1.10355496907295,704
1283.74829101562,12,73,10,37.0526276471846,-1.10355496907295,875
1277.62243652344,9,73,8,37.0672108557348,-1.10355496907295,807
1315.61865234375,9,72,11,37.0901273263138,-1.10355496907295,736
1261.77270507812,10,72,6,37.1088771658784,-1.10355496907295,702
1149.47094726562,9,71,1,37.1192937434143,-1.10355496907295,728
1055.78955078125,8,71,10,37.1422102139933,-1.10355496907295,664
1155.55151367188,10,73,15,37.1734599466009,-1.10355496907295,767
1093.9482421875,9,74,9,37.1817932086297,-1.10355496907295,579
1020.52978515625,9,74,12,37.185959839644,-1.10355496907295,512
770.730407714844,15,67,2,36.5692984495192,-1.10563832310943,770
770.730407714844,15,67,2,36.5734650805336,-1.10563832310943,784
936.199584960938,17,66,3,36.5817983425623,-1.10563832310943,727
1182.63732910156,17,65,4,36.5880482890838,-1.10563832310943,478
1308.92358398438,22,58,60,36.6109647596628,-1.10563832310943,580
1693.60009765625,22,60,21,36.6422144922704,-1.10563832310943,439
1827.09631347656,39,52,82,36.6651309628494,-1.10563832310943,308
1850.80700683594,37,51,89,36.6817974869068,-1.10563832310943,291
1854.49401855469,40,53,64,36.6901307489355,-1.10563832310943,260
1864.60510253906,49,54,65,36.6942973799499,-1.10563832310943,262
1881.21838378906,47,53,64,36.706797272993,-1.10563832310943,310
1888.05139160156,46,53,46,36.7172138505289,-1.10563832310943,334
1852.44213867188,36,54,36,36.742213636615,-1.10563832310943,279
1842.90246582031,35,53,20,36.7484635831365,-1.10563832310943,321
1824.25952148438,32,54,35,36.7547135296581,-1.10563832310943,328
1799.36328125,34,57,39,36.7630467916868,-1.10563832310943,345
1755.81396484375,27,54,27,36.7942965242945,-1.10563832310943,366
1709.54174804688,33,57,33,36.8317962034237,-1.10563832310943,432
1692.37536621094,31,56,33,36.835962834438,-1.10563832310943,447
1620.49035644531,27,58,21,36.8713791980601,-1.10563832310943,491
1620.49035644531,27,58,21,36.8755458290744,-1.10563832310943,471
1501.06384277344,20,59,9,36.9234620857395,-1.10563832310943,428
1501.06384277344,20,59,9,36.9255454012467,-1.10563832310943,449
1474.619140625,19,62,11,36.9359619787826,-1.10563832310943,478
1459.03381347656,16,60,12,36.9672117113903,-1.10563832310943,486
1453.73608398438,17,66,12,36.9692950268975,-1.10563832310943,477
1453.73608398438,17,66,12,36.9713783424046,-1.10563832310943,480
1387.50634765625,15,67,13,36.9942948129836,-1.10563832310943,510
1402.41809082031,15,74,1,37.0234612300841,-1.10563832310943,587
1398.201171875,13,75,0,37.03387780762,-1.10563832310943,732
1283.74829101562,12,73,10,37.0547109626918,-1.10563832310943,914
1283.74829101562,12,73,10,37.056794278199,-1.10563832310943,888
1294.14953613281,9,72,5,37.0755441177636,-1.10563832310943,823
1315.61865234375,9,72,11,37.092210641821,-1.10563832310943,787
1072.09619140625,9,71,11,37.150543476022,-1.10563832310943,591
1104.615234375,9,73,5,37.1526267915292,-1.10563832310943,608
1104.615234375,9,73,5,37.1588767380507,-1.10563832310943,641
1337.10363769531,8,58,3,37.3401251871752,-1.10563832310943,353
1312.07263183594,19,58,30,36.6172147061843,-1.1077216771459,477
1477.61975097656,21,60,9,36.6234646527058,-1.1077216771459,431
1627.46032714844,17,61,1,36.6297145992274,-1.1077216771459,490
1627.46032714844,17,61,1,36.6338812302417,-1.1077216771459,491
1786.45422363281,31,54,53,36.6588810163279,-1.1077216771459,369
1818.83666992188,37,54,32,36.6630476473422,-1.1077216771459,335
1834.11840820312,39,52,61,36.6755475403853,-1.1077216771459,324
1835.70007324219,38,52,69,36.6797141713997,-1.1077216771459,287
1863.52478027344,44,53,41,36.7109639040073,-1.1077216771459,323
1790.66247558594,38,52,19,36.765130107194,-1.1077216771459,346
1751.1728515625,31,55,63,36.7901298932801,-1.1077216771459,389
1733.4013671875,34,57,34,36.7984631553088,-1.1077216771459,393
1716.48205566406,34,57,22,36.8172129948734,-1.1077216771459,383
1701.48498535156,30,57,19,36.835962834438,-1.1077216771459,425
1676.77099609375,32,57,38,36.8442960964667,-1.1077216771459,460
1646.84228515625,29,57,30,36.858879305017,-1.1077216771459,454
1574.01599121094,24,57,21,36.8859624066103,-1.1077216771459,419
1574.01599121094,24,57,21,36.8880457221175,-1.1077216771459,410
1554.32141113281,29,56,15,36.894295668639,-1.1077216771459,408
1554.32141113281,29,56,15,36.8984622996534,-1.1077216771459,400
1509.80639648438,24,60,18,36.917212139218,-1.1077216771459,408
1492.57189941406,22,59,20,36.9234620857395,-1.1077216771459,440
1435.61193847656,18,65,15,36.9734616579118,-1.1077216771459,517
1392.42639160156,18,64,14,36.9859615509549,-1.1077216771459,494
1370.60107421875,11,74,5,37.0172112835626,-1.1077216771459,603
1348.84301757812,11,72,3,37.0484610161702,-1.1077216771459,783
1270.89453125,13,69,11,37.0630442247205,-1.1077216771459,816
1250.55041503906,11,72,0,37.069294171242,-1.1077216771459,786
1267.7490234375,9,73,4,37.0880440108066,-1.1077216771459,791
1259.47436523438,9,70,1,37.1088771658784,-1.1077216771459,745
1067.47045898438,9,70,10,37.1380435829789,-1.1077216771459,679
1051.44006347656,11,70,14,37.1484601605148,-1.1077216771459,604
1049.33032226562,11,71,7,37.1567934225435,-1.1077216771459,616
994.580444335938,10,75,6,37.1797098931225,-1.1077216771459,561
725.770385742188,14,68,2,36.5609651874905,-1.10980503118238,793
777.29931640625,12,68,0,36.5734650805336,-1.10980503118238,811
938.434448242188,18,66,8,36.5817983425623,-1.10980503118238,738
1477.61975097656,21,60,9,36.6192980216915,-1.10980503118238,435
1627.46032714844,17,61,1,36.6317979147345,-1.10980503118238,472
1705.37145996094,18,58,35,36.6380478612561,-1.10980503118238,451
1786.45422363281,31,54,53,36.6547143853135,-1.10980503118238,556
1818.83666992188,37,54,32,36.6630476473422,-1.10980503118238,349
1818.83666992188,37,54,32,36.6672142783566,-1.10980503118238,342
1835.70007324219,38,52,69,36.683880802414,-1.10980503118238,296
1831.12255859375,47,53,48,36.6880474334284,-1.10980503118238,319
1850.38635253906,45,51,46,36.706797272993,-1.10980503118238,313
1863.52478027344,44,53,41,36.7172138505289,-1.10980503118238,308
1839.97302246094,37,53,42,36.742213636615,-1.10980503118238,281
1831.80615234375,36,54,39,36.7463802676294,-1.10980503118238,304
1831.80615234375,36,54,39,36.7505468986437,-1.10980503118238,357
1790.66247558594,38,52,19,36.7630467916868,-1.10980503118238,346
1772.23706054688,36,52,28,36.7734633692227,-1.10980503118238,341
1676.77099609375,32,57,38,36.8484627274811,-1.10980503118238,445
1604.73327636719,32,55,16,36.8692958825529,-1.10980503118238,517
1492.57189941406,22,59,20,36.9192954547252,-1.10980503118238,426
1441.72912597656,16,61,2,36.9442952408113,-1.10980503118238,561
1441.72912597656,16,61,2,36.9463785563185,-1.10980503118238,576
1415.94689941406,15,73,8,36.9797116044333,-1.10980503118238,551
1259.47436523438,9,70,1,37.1088771658784,-1.10980503118238,686
1067.47045898438,9,70,10,37.1422102139933,-1.10980503118238,676
1049.33032226562,11,71,7,37.1567934225435,-1.10980503118238,615
994.580444335938,10,75,6,37.1776265776153,-1.10980503118238,569
1320.96911621094,9,57,6,37.3463751336968,-1.10980503118238,398
1320.96911621094,9,57,6,37.3484584492039,-1.10980503118238,368
725.770385742188,14,68,2,36.5609651874905,-1.11188838521885,816
938.434448242188,18,66,8,36.5817983425623,-1.11188838521885,675
1169.90051269531,17,63,5,36.5880482890838,-1.11188838521885,593
1248.13195800781,18,60,6,36.6026314976341,-1.11188838521885,483
1312.07263183594,19,58,30,36.6151313906771,-1.11188838521885,520
1786.45422363281,31,54,53,36.6588810163279,-1.11188838521885,387
1831.12255859375,47,53,48,36.6922140644427,-1.11188838521885,313
1850.36608886719,47,53,32,36.7276304280648,-1.11188838521885,295
1720.12890625,33,55,38,36.8047131018304,-1.11188838521885,410
1713.07214355469,31,59,35,36.8338795189309,-1.11188838521885,414
1676.77099609375,32,57,38,36.8484627274811,-1.11188838521885,452
1621.53857421875,28,57,20,36.8609626205242,-1.11188838521885,445
1531.69665527344,24,58,19,36.9067955616821,-1.11188838521885,497
1442.6015625,16,64,6,36.9547118183472,-1.11188838521885,620
1442.34631347656,16,62,28,36.9630450803759,-1.11188838521885,534
1435.61193847656,18,65,15,36.975544973419,-1.11188838521885,490
1380.37377929688,13,74,7,37.0234612300841,-1.11188838521885,492
1387.06823730469,12,75,1,37.0317944921128,-1.11188838521885,696
1270.89453125,13,69,11,37.0630442247205,-1.11188838521885,692
1250.55041503906,11,72,0,37.069294171242,-1.11188838521885,855
1254.8134765625,10,71,2,37.0797107487779,-1.11188838521885,710
1267.7490234375,9,73,4,37.092210641821,-1.11188838521885,764
1267.23608398438,9,73,4,37.0984605883425,-1.11188838521885,810
1259.47436523438,9,70,1,37.1088771658784,-1.11188838521885,704
1239.96325683594,9,71,0,37.1130437968928,-1.11188838521885,744
1239.96325683594,9,71,0,37.1172104279071,-1.11188838521885,768
1068.37683105469,10,73,8,37.1651266845722,-1.11188838521885,490
725.770385742188,14,68,2,36.5609651874905,-1.11397173925532,805
777.29931640625,12,68,0,36.5692984495192,-1.11397173925532,706
777.29931640625,12,68,0,36.5755483960407,-1.11397173925532,829
938.434448242188,18,66,8,36.5838816580694,-1.11397173925532,582
1169.90051269531,17,63,5,36.590131604591,-1.11397173925532,611
1312.07263183594,19,58,30,36.6130480751699,-1.11397173925532,466
1627.46032714844,17,61,1,36.6338812302417,-1.11397173925532,476
1786.45422363281,31,54,53,36.6588810163279,-1.11397173925532,375
1834.11840820312,39,52,61,36.6734642248781,-1.11397173925532,339
1835.70007324219,38,52,69,36.6776308558925,-1.11397173925532,311
1831.12255859375,47,53,48,36.6901307489355,-1.11397173925532,291
1834.03381347656,41,51,33,36.7005473264714,-1.11397173925532,292
1850.38635253906,45,51,46,36.7047139574858,-1.11397173925532,286
1863.52478027344,44,53,41,36.7109639040073,-1.11397173925532,280
1790.66247558594,38,52,19,36.7609634761796,-1.11397173925532,416
1772.23706054688,36,52,28,36.7713800537155,-1.11397173925532,369
1772.23706054688,36,52,28,36.7755466847299,-1.11397173925532,363
1751.1728515625,31,55,63,36.7922132087873,-1.11397173925532,356
1733.4013671875,34,57,34,36.7963798398016,-1.11397173925532,354
1621.53857421875,28,57,20,36.8630459360314,-1.11397173925532,404
1590.91857910156,26,57,21,36.8838790911031,-1.11397173925532,437
1509.80639648438,24,60,18,36.9151288237108,-1.11397173925532,444
1492.57189941406,22,59,20,36.9192954547252,-1.11397173925532,559
1492.57189941406,22,59,20,36.9213787702324,-1.11397173925532,446
1473.50024414062,21,60,9,36.9317953477682,-1.11397173925532,472
1451.36840820312,19,59,11,36.940128609797,-1.11397173925532,450
1392.42639160156,18,64,14,36.9859615509549,-1.11397173925532,576
1378.22924804688,13,71,9,36.998461443998,-1.11397173925532,557
1370.55285644531,14,74,7,37.0067947060267,-1.11397173925532,474
1380.37377929688,13,74,7,37.0192945990697,-1.11397173925532,472
1380.37377929688,13,74,7,37.0255445455913,-1.11397173925532,568
1306.72485351562,12,72,3,37.0526276471846,-1.11397173925532,845
1270.89453125,13,69,11,37.0630442247205,-1.11397173925532,703
1250.55041503906,11,72,0,37.069294171242,-1.11397173925532,761
1267.23608398438,9,73,4,37.0984605883425,-1.11397173925532,748
1259.47436523438,9,70,1,37.1047105348641,-1.11397173925532,742
1067.47045898438,9,70,10,37.1380435829789,-1.11397173925532,698
1067.47045898438,9,70,10,37.1422102139933,-1.11397173925532,748
1049.33032226562,11,71,7,37.1588767380507,-1.11397173925532,621
1068.37683105469,10,73,8,37.1609600535579,-1.11397173925532,644
1068.37683105469,10,73,8,37.1672100000794,-1.11397173925532,506
785.14892578125,14,67,0,36.5692984495192,-1.1160550932918,742
785.14892578125,14,67,0,36.5755483960407,-1.1160550932918,847
1192.29907226562,13,65,0,36.5859649735766,-1.1160550932918,603
1192.29907226562,13,65,0,36.5922149200982,-1.1160550932918,597
1772.93835449219,20,58,8,36.6463811232848,-1.1160550932918,524
1795.60668945312,23,58,13,36.6526310698063,-1.1160550932918,498
1813.11938476562,46,52,50,36.6797141713997,-1.1160550932918,301
1806.76110839844,38,53,50,36.6859641179212,-1.1160550932918,294
1806.76110839844,38,53,50,36.6922140644427,-1.1160550932918,309
1806.28796386719,41,54,50,36.6984640109643,-1.1160550932918,329
1839.48779296875,36,54,48,36.719297166036,-1.1160550932918,286
1839.48779296875,36,54,48,36.7213804815432,-1.1160550932918,275
1829.47985839844,39,53,50,36.7380470056006,-1.1160550932918,298
1823.52526855469,44,56,23,36.7484635831365,-1.1160550932918,321
1778.58935546875,41,52,35,36.7755466847299,-1.1160550932918,395
1748.51037597656,33,55,39,36.7901298932801,-1.1160550932918,357
1707.75317382812,33,54,49,36.8026297863232,-1.1160550932918,365
1709.56909179688,32,55,29,36.8213796258878,-1.1160550932918,473
1702.60607910156,36,56,27,36.835962834438,-1.1160550932918,442
1678.43005371094,29,56,37,36.8442960964667,-1.1160550932918,448
1643.54614257812,29,58,25,36.858879305017,-1.1160550932918,508
1562.49658203125,25,57,8,36.8901290376247,-1.1160550932918,466
1483.97192382812,24,59,17,36.9192954547252,-1.1160550932918,561
1465.77307128906,20,57,17,36.9297120322611,-1.1160550932918,474
1443.01904296875,20,57,25,36.9359619787826,-1.1160550932918,453
1443.01904296875,20,57,25,36.940128609797,-1.1160550932918,446
1427.91442871094,15,65,8,36.9672117113903,-1.1160550932918,759
1370.91467285156,13,75,10,37.0005447595051,-1.1160550932918,551
1361.18054199219,12,74,1,37.0151279680554,-1.1160550932918,538
1366.53210449219,12,75,5,37.0380444386343,-1.1160550932918,710
1296.1865234375,12,72,1,37.0651275402277,-1.1160550932918,759
1213.80639648438,11,70,12,37.0776274332707,-1.1160550932918,725
1213.80639648438,11,70,12,37.0797107487779,-1.1160550932918,743
1184.69848632812,10,73,0,37.0880440108066,-1.1160550932918,743
1158.25219726562,9,72,0,37.0984605883425,-1.1160550932918,795
1049.22985839844,9,72,11,37.150543476022,-1.1160550932918,752
785.14892578125,14,67,0,36.5755483960407,-1.11813844732827,902
1192.29907226562,13,65,0,36.5880482890838,-1.11813844732827,614
1192.29907226562,13,65,0,36.590131604591,-1.11813844732827,636
1282.71643066406,17,62,3,36.5984648666197,-1.11813844732827,502
1268.51379394531,18,59,6,36.6088814441556,-1.11813844732827,465
1305.55859375,22,59,12,36.6130480751699,-1.11813844732827,475
1305.55859375,22,59,12,36.6151313906771,-1.11813844732827,468
1720.87084960938,21,57,16,36.6401311767633,-1.11813844732827,430
1813.05834960938,43,52,58,36.6692975938638,-1.11813844732827,352
1813.11938476562,46,52,50,36.683880802414,-1.11813844732827,295
1806.76110839844,38,53,50,36.6880474334284,-1.11813844732827,306
1823.52526855469,44,56,23,36.7463802676294,-1.11813844732827,316
1766.39916992188,34,54,54,36.777630000237,-1.11813844732827,404
1766.39916992188,34,54,54,36.7838799467586,-1.11813844732827,377
1748.51037597656,33,55,39,36.7859632622658,-1.11813844732827,391
1748.51037597656,33,55,39,36.7922132087873,-1.11813844732827,362
1724.103515625,36,55,38,36.7984631553088,-1.11813844732827,354
1702.60607910156,36,56,27,36.8380461499452,-1.11813844732827,438
1578.56677246094,25,56,58,36.881795775596,-1.11813844732827,551
1542.93383789062,25,55,23,36.8984622996534,-1.11813844732827,468
1542.93383789062,25,55,23,36.9005456151606,-1.11813844732827,493
1500.77709960938,27,56,19,36.9109621926965,-1.11813844732827,508
1428.16638183594,16,68,3,36.9588784493616,-1.11813844732827,707
1421.76574707031,16,68,0,36.9734616579118,-1.11813844732827,726
1406.82861328125,0,0,0,36.9776282889262,-1.11813844732827,1023
1385.27563476562,15,70,10,36.9859615509549,-1.11813844732827,803
1213.80639648438,11,70,12,37.0838773797923,-1.11813844732827,716
1162.74755859375,10,71,1,37.1130437968928,-1.11813844732827,678
1121.26513671875,10,69,0,37.1317936364574,-1.11813844732827,666
998.634826660156,10,70,13,37.1630433690651,-1.11813844732827,611
710.382446289062,14,68,0,36.5567985564761,-1.12022180136475,819
785.14892578125,14,67,0,36.5713817650264,-1.12022180136475,723
1192.29907226562,13,65,0,36.5922149200982,-1.12022180136475,653
1282.71643066406,17,62,3,36.6005481821269,-1.12022180136475,505
1305.55859375,22,59,12,36.6130480751699,-1.12022180136475,487
1795.60668945312,23,58,13,36.6526310698063,-1.12022180136475,427
1795.60668945312,23,58,13,36.6547143853135,-1.12022180136475,477
1795.60668945312,23,58,13,36.6567977008207,-1.12022180136475,596
1795.60668945312,23,58,13,36.6588810163279,-1.12022180136475,372
1813.05834960938,43,52,58,36.6734642248781,-1.12022180136475,329
1806.76110839844,38,53,50,36.6901307489355,-1.12022180136475,297
1836.79992675781,46,54,44,36.7276304280648,-1.12022180136475,333
1748.51037597656,33,55,39,36.7922132087873,-1.12022180136475,366
1707.75317382812,33,54,49,36.8047131018304,-1.12022180136475,379
1706.16943359375,31,56,34,36.8172129948734,-1.12022180136475,444
1678.43005371094,29,56,37,36.8463794119739,-1.12022180136475,495
1678.43005371094,29,56,37,36.8484627274811,-1.12022180136475,469
1562.49658203125,25,57,8,36.8880457221175,-1.12022180136475,564
1562.49658203125,25,57,8,36.8922123531319,-1.12022180136475,444
1483.97192382812,24,59,17,36.9213787702324,-1.12022180136475,544
1465.77307128906,20,57,17,36.9297120322611,-1.12022180136475,438
1428.24987792969,19,62,8,36.9463785563185,-1.12022180136475,545
1366.04772949219,12,72,5,37.0088780215338,-1.12022180136475,670
1361.18054199219,12,74,1,37.010961337041,-1.12022180136475,704
1359.88732910156,12,73,4,37.0505443316774,-1.12022180136475,851
1153.0068359375,8,72,5,37.1088771658784,-1.12022180136475,714
1121.26513671875,10,69,0,37.1317936364574,-1.12022180136475,674
703.903991699219,14,69,0,36.5484652944474,-1.12230515540122,837
703.903991699219,14,69,0,36.5505486099546,-1.12230515540122,914
785.14892578125,14,67,0,36.5734650805336,-1.12230515540122,826
1268.51379394531,18,59,6,36.6067981286484,-1.12230515540122,481
1305.55859375,22,59,12,36.6130480751699,-1.12230515540122,484
1433.998046875,20,58,11,36.6213813371987,-1.12230515540122,526
1600.82946777344,17,59,10,36.6297145992274,-1.12230515540122,481
1806.76110839844,38,53,50,36.6922140644427,-1.12230515540122,338
1817.68432617188,39,52,7,36.7047139574858,-1.12230515540122,303
1817.68432617188,39,52,7,36.706797272993,-1.12230515540122,297
1836.79992675781,46,54,44,36.7338803745863,-1.12230515540122,316
1829.47985839844,39,53,50,36.7359636900935,-1.12230515540122,298
1829.47985839844,39,53,50,36.7401303211078,-1.12230515540122,291
1823.52526855469,44,56,23,36.7505468986437,-1.12230515540122,345
1812.60815429688,34,55,42,36.7526302141509,-1.12230515540122,342
1794.28039550781,34,54,20,36.7630467916868,-1.12230515540122,338
1724.103515625,36,55,38,36.7984631553088,-1.12230515540122,358
1706.16943359375,31,56,34,36.8130463638591,-1.12230515540122,409
1709.56909179688,32,55,29,36.8192963103806,-1.12230515540122,480
1709.56909179688,32,55,29,36.823462941395,-1.12230515540122,446
1562.49658203125,25,57,8,36.8922123531319,-1.12230515540122,443
1521.44812011719,26,55,28,36.9047122461749,-1.12230515540122,605
1443.01904296875,20,57,25,36.9359619787826,-1.12230515540122,461
1421.76574707031,16,68,0,36.9692950268975,-1.12230515540122,785
1359.18383789062,12,74,5,37.0234612300841,-1.12230515540122,573
1296.1865234375,12,72,1,37.0630442247205,-1.12230515540122,747
1247.88354492188,12,68,11,37.0713774867492,-1.12230515540122,658
1162.74755859375,10,71,1,37.1130437968928,-1.12230515540122,684
998.634826660156,10,70,13,37.1672100000794,-1.12230515540122,580
707.126342773438,12,70,0,36.5588818719833,-1.1243885094377,841
726.4921875,13,68,0,36.5630485029977,-1.1243885094377,867
1327.02661132812,18,62,9,36.5942982356053,-1.1243885094377,650
1303.73449707031,18,59,8,36.6026314976341,-1.1243885094377,490
1303.73449707031,18,59,8,36.6067981286484,-1.1243885094377,470
1547.28527832031,19,58,17,36.6276312837202,-1.1243885094377,473
1547.28527832031,19,58,17,36.6297145992274,-1.1243885094377,476
1714.845703125,22,58,15,36.6422144922704,-1.1243885094377,422
1785.31384277344,43,52,41,36.6859641179212,-1.1243885094377,322
1808.1123046875,40,57,17,36.7317970590791,-1.1243885094377,327
1806.54235839844,37,55,30,36.7401303211078,-1.1243885094377,302
1795.46520996094,31,55,22,36.7526302141509,-1.1243885094377,345
1795.46520996094,31,55,22,36.7547135296581,-1.1243885094377,345
1784.15808105469,30,56,34,36.7630467916868,-1.1243885094377,323
1784.15808105469,30,56,34,36.765130107194,-1.1243885094377,327
1729.8837890625,30,55,43,36.800546470816,-1.1243885094377,354
1719.83093261719,35,57,33,36.8276295724093,-1.1243885094377,451
1490.25378417969,25,58,19,36.917212139218,-1.1243885094377,515
1419.49353027344,18,59,32,36.9442952408113,-1.1243885094377,462
1410.77416992188,15,72,7,36.9692950268975,-1.1243885094377,741
1356.04016113281,13,74,7,37.0067947060267,-1.1243885094377,619
1350.08764648438,15,73,2,37.0172112835626,-1.1243885094377,669
1339.73937988281,14,74,9,37.0213779145769,-1.1243885094377,607
1339.73937988281,14,74,9,37.0234612300841,-1.1243885094377,597
1336.70764160156,11,74,3,37.03387780762,-1.1243885094377,634
1054.23425292969,10,72,2,37.1338769519646,-1.1243885094377,638
1011.71990966797,9,70,1,37.1380435829789,-1.1243885094377,660
1011.71990966797,9,70,1,37.1401268984861,-1.1243885094377,669
962.838928222656,11,72,2,37.1713766310938,-1.1243885094377,639
726.4921875,13,68,0,36.567215134012,-1.12647186347417,797
1228.61315917969,14,65,0,36.5880482890838,-1.12647186347417,673
1375.4453125,22,58,13,36.6234646527058,-1.12647186347417,571
1714.845703125,22,58,15,36.6380478612561,-1.12647186347417,499
1802.46948242188,38,55,36,36.6567977008207,-1.12647186347417,390
1785.31384277344,43,52,41,36.6859641179212,-1.12647186347417,289
1802.32263183594,35,55,28,36.7442969521222,-1.12647186347417,340
1784.15808105469,30,56,34,36.7609634761796,-1.12647186347417,330
1729.8837890625,30,55,43,36.7963798398016,-1.12647186347417,351
1729.8837890625,30,55,43,36.7984631553088,-1.12647186347417,355
1719.94018554688,35,56,27,36.823462941395,-1.12647186347417,423
1687.92126464844,37,56,37,36.8484627274811,-1.12647186347417,488
1532.30187988281,26,55,22,36.894295668639,-1.12647186347417,472
1437.37976074219,19,59,8,36.9422119253041,-1.12647186347417,450
1385.58764648438,16,74,6,36.9901281819692,-1.12647186347417,631
1356.04016113281,13,74,7,37.0047113905195,-1.12647186347417,657
1350.08764648438,15,73,2,37.0172112835626,-1.12647186347417,719
1311.919921875,12,72,3,37.0672108557348,-1.12647186347417,738
1276.35070800781,11,71,1,37.069294171242,-1.12647186347417,737
1163.716796875,11,72,22,37.0901273263138,-1.12647186347417,733
1093.31665039062,12,71,0,37.1109604813856,-1.12647186347417,671
1011.71990966797,9,70,1,37.1401268984861,-1.12647186347417,636
963.755920410156,12,69,6,37.1526267915292,-1.12647186347417,607
703.214660644531,14,70,0,36.5463819789402,-1.12855521751064,818
1228.61315917969,14,65,0,36.5859649735766,-1.12855521751064,706
1802.46948242188,38,55,36,36.6567977008207,-1.12855521751064,379
1783.29174804688,39,52,53,36.7026306419786,-1.12855521751064,335
1783.29174804688,39,52,53,36.7047139574858,-1.12855521751064,329
1808.1123046875,40,57,17,36.7297137435719,-1.12855521751064,296
1802.32263183594,35,55,28,36.7442969521222,-1.12855521751064,336
1749.49340820312,30,55,35,36.7880465777729,-1.12855521751064,374
1729.8837890625,30,55,43,36.7963798398016,-1.12855521751064,369
1729.8837890625,30,55,43,36.800546470816,-1.12855521751064,366
1719.94018554688,35,56,27,36.8255462569021,-1.12855521751064,432
1511.70678710938,25,56,25,36.9026289306677,-1.12855521751064,457
1511.70678710938,25,56,25,36.9088788771893,-1.12855521751064,466
1364.03625488281,14,74,17,36.9942948129836,-1.12855521751064,696
1338.40185546875,12,74,1,37.0359611231272,-1.12855521751064,737
1339.45874023438,12,74,5,37.0442943851559,-1.12855521751064,817
1339.45874023438,12,74,5,37.0484610161702,-1.12855521751064,866
1332.72094726562,11,72,5,37.0526276471846,-1.12855521751064,869
1332.72094726562,11,72,5,37.0588775937061,-1.12855521751064,761
1084.67944335938,10,71,13,37.1067938503712,-1.12855521751064,774
1089.69274902344,9,71,1,37.1192937434143,-1.12855521751064,648
1054.23425292969,10,72,2,37.127627005443,-1.12855521751064,649
1054.23425292969,10,72,2,37.1317936364574,-1.12855521751064,592
963.755920410156,12,69,6,37.1526267915292,-1.12855521751064,664
962.838928222656,11,72,2,37.1692933155866,-1.12855521751064,677
962.838928222656,11,72,2,37.1734599466009,-1.12855521751064,716
795.637268066406,13,67,0,36.5713817650264,-1.13063857154712,731
1228.61315917969,14,65,0,36.5859649735766,-1.13063857154712,689
1547.28527832031,19,58,17,36.6276312837202,-1.13063857154712,601
1789.12109375,34,56,18,36.6463811232848,-1.13063857154712,446
1808.1123046875,40,57,17,36.7297137435719,-1.13063857154712,268
1806.54235839844,37,55,30,36.742213636615,-1.13063857154712,341
1795.46520996094,31,55,22,36.7547135296581,-1.13063857154712,317
1795.46520996094,31,55,22,36.7567968451653,-1.13063857154712,314
1784.15808105469,30,56,34,36.7672134227011,-1.13063857154712,296
1764.58825683594,31,53,40,36.7797133157442,-1.13063857154712,354
1729.8837890625,30,55,43,36.800546470816,-1.13063857154712,363
1710.46594238281,34,57,41,36.835962834438,-1.13063857154712,459
1710.46594238281,34,57,41,36.8380461499452,-1.13063857154712,441
1710.46594238281,34,57,41,36.8422127809596,-1.13063857154712,408
1419.49353027344,18,59,32,36.9505451873328,-1.13063857154712,692
1385.58764648438,16,74,6,36.9859615509549,-1.13063857154712,769
1350.08764648438,15,73,2,37.010961337041,-1.13063857154712,816
1339.45874023438,12,74,5,37.0505443316774,-1.13063857154712,816
1311.919921875,12,72,3,37.0609609092133,-1.13063857154712,773
1276.35070800781,11,71,1,37.069294171242,-1.13063857154712,767
1228.2841796875,10,68,0,37.0776274332707,-1.13063857154712,776
1228.2841796875,10,68,0,37.0838773797923,-1.13063857154712,709
1163.716796875,11,72,22,37.092210641821,-1.13063857154712,784
1105.16271972656,14,72,15,37.0984605883425,-1.13063857154712,775
1084.67944335938,10,71,13,37.1088771658784,-1.13063857154712,736
1054.23425292969,10,72,2,37.1297103209502,-1.13063857154712,658
978.748413085938,9,71,10,37.150543476022,-1.13063857154712,656
730.32861328125,14,67,0,36.567215134012,-1.13272192558359,778
1236.92065429688,16,64,2,36.5922149200982,-1.13272192558359,638
1337.71728515625,18,60,8,36.6026314976341,-1.13272192558359,622
1300.39477539062,20,60,11,36.6130480751699,-1.13272192558359,489
1476.39892578125,23,58,22,36.6276312837202,-1.13272192558359,633
1476.39892578125,23,58,22,36.6297145992274,-1.13272192558359,605
1682.48999023438,22,58,16,36.6359645457489,-1.13272192558359,524
1784.47192382812,37,54,35,36.6713809093709,-1.13272192558359,347
1769.10852050781,31,54,31,36.6880474334284,-1.13272192558359,290
1753.03479003906,36,54,15,36.7047139574858,-1.13272192558359,296
1756.11206054688,35,55,27,36.7276304280648,-1.13272192558359,279
1766.34008789062,33,56,12,36.7713800537155,-1.13272192558359,326
1729.58776855469,33,57,17,36.8213796258878,-1.13272192558359,420
1728.81787109375,35,56,18,36.8338795189309,-1.13272192558359,457
1720.01916503906,40,58,14,36.8380461499452,-1.13272192558359,461
1699.78503417969,30,58,18,36.8442960964667,-1.13272192558359,422
1606.79284667969,30,58,13,36.8672125670457,-1.13272192558359,459
1564.26818847656,29,56,16,36.8755458290744,-1.13272192558359,608
1516.37109375,24,56,15,36.9005456151606,-1.13272192558359,421
1459.99670410156,21,63,22,36.9255454012467,-1.13272192558359,414
1446.38195800781,20,64,11,36.9276287167539,-1.13272192558359,448
1388.66979980469,13,70,3,36.975544973419,-1.13272192558359,827
1302.86669921875,11,73,3,37.0630442247205,-1.13272192558359,772
1207.39013671875,11,71,1,37.0859606952994,-1.13272192558359,727
1158.04711914062,11,72,1,37.0963772728353,-1.13272192558359,811
1067.42114257812,10,72,0,37.1213770589215,-1.13272192558359,698
996.003356933594,9,73,14,37.127627005443,-1.13272192558359,616
942.937133789062,10,71,10,37.1401268984861,-1.13272192558359,669
953.779052734375,11,73,13,37.1588767380507,-1.13272192558359,633
996.344421386719,11,72,4,37.1755432621081,-1.13272192558359,701
704.957824707031,14,70,3,36.5526319254618,-1.13480527962007,831
810.634338378906,14,66,5,36.5713817650264,-1.13480527962007,784
996.325500488281,16,65,1,36.5797150270551,-1.13480527962007,789
1300.39477539062,20,60,11,36.6151313906771,-1.13480527962007,549
1792.52600097656,39,54,20,36.6630476473422,-1.13480527962007,365
1778.54809570312,38,55,23,36.6776308558925,-1.13480527962007,319
1760.72131347656,36,53,12,36.7005473264714,-1.13480527962007,316
1756.11206054688,35,55,27,36.7338803745863,-1.13480527962007,337
1776.85327148438,38,55,20,36.7442969521222,-1.13480527962007,340
1730.7568359375,38,55,41,36.7963798398016,-1.13480527962007,366
1699.78503417969,30,58,18,36.8505460429883,-1.13480527962007,458
1660.5244140625,32,57,16,36.8567959895098,-1.13480527962007,477
1564.26818847656,29,56,16,36.8734625135672,-1.13480527962007,530
1564.26818847656,29,56,16,36.8755458290744,-1.13480527962007,550
1543.6123046875,27,59,15,36.8797124600888,-1.13480527962007,461
1516.37109375,24,56,15,36.8963789841462,-1.13480527962007,575
1477.16015625,24,60,12,36.9151288237108,-1.13480527962007,420
1446.38195800781,20,64,11,36.9338786632754,-1.13480527962007,493
1414.41857910156,18,66,9,36.9505451873328,-1.13480527962007,523
1384.47985839844,16,73,5,36.9630450803759,-1.13480527962007,686
1337.328125,14,73,3,37.0151279680554,-1.13480527962007,796
1307.31628417969,12,75,0,37.0442943851559,-1.13480527962007,804
1302.86669921875,11,73,3,37.0651275402277,-1.13480527962007,814
1129.94323730469,10,72,4,37.1088771658784,-1.13480527962007,768
1111.14562988281,9,73,9,37.1109604813856,-1.13480527962007,722
1067.42114257812,10,72,0,37.1255436899358,-1.13480527962007,655
942.937133789062,10,71,10,37.1422102139933,-1.13480527962007,700
930.378662109375,8,73,7,37.1463768450076,-1.13480527962007,711
930.378662109375,8,73,7,37.1484601605148,-1.13480527962007,675
930.378662109375,8,73,7,37.150543476022,-1.13480527962007,662
953.779052734375,11,73,13,37.1547101070363,-1.13480527962007,666
989.118957519531,10,72,5,37.1630433690651,-1.13480527962007,736
952.613403320312,10,71,20,37.1838765241368,-1.13480527962007,758
701.120361328125,15,70,0,36.5442986634331,-1.13688863365654,855
704.957824707031,14,70,3,36.5588818719833,-1.13688863365654,850
730.32861328125,14,67,0,36.5609651874905,-1.13688863365654,909
810.634338378906,14,66,5,36.5713817650264,-1.13688863365654,776
1319.89599609375,20,60,20,36.6192980216915,-1.13688863365654,545
1682.48999023438,22,58,16,36.6422144922704,-1.13688863365654,446
1792.52600097656,39,54,20,36.6630476473422,-1.13688863365654,364
1784.47192382812,37,54,35,36.6734642248781,-1.13688863365654,348
1784.47192382812,37,54,35,36.6755475403853,-1.13688863365654,340
1778.54809570312,38,55,23,36.683880802414,-1.13688863365654,288
1753.03479003906,36,54,15,36.7047139574858,-1.13688863365654,318
1753.03479003906,36,54,15,36.7088805885002,-1.13688863365654,338
1747.00793457031,37,56,44,36.7255471125576,-1.13688863365654,330
1756.11206054688,35,55,27,36.7338803745863,-1.13688863365654,371
1766.42272949219,32,54,27,36.7401303211078,-1.13688863365654,306
1781.662109375,30,57,19,36.7526302141509,-1.13688863365654,310
1776.15686035156,28,58,22,36.765130107194,-1.13688863365654,343
1755.67846679688,34,57,24,36.7838799467586,-1.13688863365654,347
1726.67504882812,34,55,39,36.8151296793663,-1.13688863365654,409
1729.58776855469,33,57,17,36.8255462569021,-1.13688863365654,452
1728.81787109375,35,56,18,36.8317962034237,-1.13688863365654,446
1699.78503417969,30,58,18,36.8463794119739,-1.13688863365654,430
1660.5244140625,32,57,16,36.8547126740026,-1.13688863365654,476
1660.5244140625,32,57,16,36.858879305017,-1.13688863365654,492
1530.77587890625,29,61,8,36.8859624066103,-1.13688863365654,538
1530.77587890625,29,61,8,36.8880457221175,-1.13688863365654,552
1516.37109375,24,56,15,36.8963789841462,-1.13688863365654,443
1498.03601074219,23,57,17,36.9047122461749,-1.13688863365654,542
1477.16015625,24,60,12,36.9109621926965,-1.13688863365654,425
1459.99670410156,21,63,22,36.9255454012467,-1.13688863365654,496
1432.92297363281,21,64,18,36.9422119253041,-1.13688863365654,500
1384.47985839844,16,73,5,36.9672117113903,-1.13688863365654,735
1388.66979980469,13,70,3,36.9713783424046,-1.13688863365654,769
1323.99890136719,14,74,8,37.0192945990697,-1.13688863365654,753
1307.31628417969,12,75,0,37.0484610161702,-1.13688863365654,850
1307.28784179688,11,73,5,37.056794278199,-1.13688863365654,848
1307.28784179688,11,73,5,37.0588775937061,-1.13688863365654,808
1256.89172363281,11,70,1,37.0776274332707,-1.13688863365654,789
1256.89172363281,11,70,1,37.0838773797923,-1.13688863365654,734
1207.39013671875,11,71,1,37.0880440108066,-1.13688863365654,717
1111.14562988281,9,73,9,37.1172104279071,-1.13688863365654,657
942.937133789062,10,71,10,37.1401268984861,-1.13688863365654,669
930.378662109375,8,73,7,37.150543476022,-1.13688863365654,686
952.613403320312,10,71,20,37.1817932086297,-1.13688863365654,715
952.613403320312,10,71,20,37.1838765241368,-1.13688863365654,726
921.231323242188,10,72,2,37.185959839644,-1.13688863365654,735
701.120361328125,15,70,0,36.5484652944474,-1.13897198769301,800
996.325500488281,16,65,1,36.5797150270551,-1.13897198769301,694
1236.92065429688,16,64,2,36.5880482890838,-1.13897198769301,677
1790.02099609375,37,56,19,36.6442978077776,-1.13897198769301,424
1792.52600097656,39,54,20,36.660964331835,-1.13897198769301,385
1769.10852050781,31,54,31,36.6859641179212,-1.13897198769301,283
1753.03479003906,36,54,15,36.7088805885002,-1.13897198769301,374
1729.58776855469,33,57,17,36.8192963103806,-1.13897198769301,404
1728.81787109375,35,56,18,36.8297128879165,-1.13897198769301,445
1728.81787109375,35,56,18,36.8317962034237,-1.13897198769301,435
1720.01916503906,40,58,14,36.8422127809596,-1.13897198769301,459
1699.78503417969,30,58,18,36.8505460429883,-1.13897198769301,481
1606.79284667969,30,58,13,36.8630459360314,-1.13897198769301,479
1606.79284667969,30,58,13,36.8651292515385,-1.13897198769301,577
1543.6123046875,27,59,15,36.8776291445816,-1.13897198769301,421
1530.77587890625,29,61,8,36.8880457221175,-1.13897198769301,575
1498.03601074219,23,57,17,36.9088788771893,-1.13897198769301,521
1377.89489746094,14,74,5,36.9880448664621,-1.13897198769301,758
1343.39831542969,13,71,2,37.0026280750123,-1.13897198769301,707
1306.53784179688,12,73,3,37.0359611231272,-1.13897198769301,768
1287.91943359375,12,71,3,37.069294171242,-1.13897198769301,831
1256.89172363281,11,70,1,37.0817940642851,-1.13897198769301,791
1207.39013671875,11,71,1,37.092210641821,-1.13897198769301,741
1158.04711914062,11,72,1,37.1005439038497,-1.13897198769301,691
1129.94323730469,10,72,4,37.1067938503712,-1.13897198769301,749
1111.14562988281,9,73,9,37.1172104279071,-1.13897198769301,704
952.613403320312,10,71,20,37.1776265776153,-1.13897198769301,805
690.985595703125,14,68,0,36.5401320324187,-1.14105534172949,806
690.985595703125,14,68,0,36.5422153479259,-1.14105534172949,806
826.47607421875,16,66,0,36.5713817650264,-1.14105534172949,767
826.47607421875,16,66,0,36.5755483960407,-1.14105534172949,731
1345.9462890625,15,64,4,36.5963815511125,-1.14105534172949,604
1345.9462890625,15,64,4,36.6005481821269,-1.14105534172949,628
1368.90783691406,17,59,9,36.6088814441556,-1.14105534172949,498
1319.85583496094,19,60,8,36.6109647596628,-1.14105534172949,509
1293.75341796875,20,59,13,36.625547968213,-1.14105534172949,491
1641.33020019531,25,58,19,36.6401311767633,-1.14105534172949,417
1780.822265625,30,58,35,36.6463811232848,-1.14105534172949,421
1728.38818359375,39,53,50,36.7047139574858,-1.14105534172949,326
1716.73559570312,32,57,14,36.742213636615,-1.14105534172949,331
1784.18640136719,30,56,14,36.7588801606724,-1.14105534172949,312
1784.5615234375,23,56,12,36.7609634761796,-1.14105534172949,312
1727.51538085938,36,55,28,36.8109630483519,-1.14105534172949,421
1730.76245117188,37,56,14,36.8213796258878,-1.14105534172949,382
1697.66967773438,33,58,25,36.8484627274811,-1.14105534172949,458
1697.66967773438,33,58,25,36.8505460429883,-1.14105534172949,483
1525.74841308594,27,57,15,36.8838790911031,-1.14105534172949,465
1473.37817382812,24,59,9,36.9026289306677,-1.14105534172949,527
1389.73889160156,17,74,11,36.9547118183472,-1.14105534172949,654
1363.06030273438,15,74,5,36.9692950268975,-1.14105534172949,776
1363.06030273438,15,74,5,36.975544973419,-1.14105534172949,671
1355.4072265625,14,74,6,36.9922114974764,-1.14105534172949,752
1338.28234863281,13,72,4,37.0047113905195,-1.14105534172949,747
1277.17895507812,11,72,2,37.0380444386343,-1.14105534172949,809
1268.66186523438,11,72,0,37.0526276471846,-1.14105534172949,823
1260.3046875,11,72,3,37.0672108557348,-1.14105534172949,895
1244.00756835938,11,72,2,37.0838773797923,-1.14105534172949,749
1085.09680175781,10,71,5,37.1192937434143,-1.14105534172949,700
1011.57843017578,10,71,7,37.1338769519646,-1.14105534172949,747
1036.79797363281,10,69,0,37.1630433690651,-1.14105534172949,650
1207.77307128906,15,63,6,36.5859649735766,-1.14313869576596,638
1345.9462890625,15,64,4,36.5942982356053,-1.14313869576596,610
1368.90783691406,17,59,9,36.6047148131412,-1.14313869576596,476
1793.63903808594,27,58,19,36.660964331835,-1.14313869576596,428
1793.63903808594,27,58,19,36.6630476473422,-1.14313869576596,425
1793.63903808594,27,58,19,36.6672142783566,-1.14313869576596,421
1745.19909667969,43,54,51,36.6963806954571,-1.14313869576596,340
1706.20849609375,33,55,24,36.7130472195145,-1.14313869576596,321
1706.20849609375,33,55,24,36.7172138505289,-1.14313869576596,325
1716.73559570312,32,57,14,36.742213636615,-1.14313869576596,364
1784.5615234375,23,56,12,36.7609634761796,-1.14313869576596,365
1784.5615234375,23,56,12,36.765130107194,-1.14313869576596,388
1720.45153808594,34,56,12,36.8026297863232,-1.14313869576596,382
1720.45153808594,34,56,12,36.8047131018304,-1.14313869576596,397
1697.66967773438,33,58,25,36.8505460429883,-1.14313869576596,501
1369.02795410156,14,74,6,36.9651283958831,-1.14313869576596,735
1338.28234863281,13,72,4,37.0088780215338,-1.14313869576596,830
1317.30505371094,13,74,4,37.0255445455913,-1.14313869576596,834
1277.17895507812,11,72,2,37.0422110696487,-1.14313869576596,813
1268.66186523438,11,72,0,37.0526276471846,-1.14313869576596,840
1268.66186523438,11,72,0,37.056794278199,-1.14313869576596,849
1260.3046875,11,72,3,37.0609609092133,-1.14313869576596,961
1249.6494140625,11,72,0,37.0755441177636,-1.14313869576596,829
1244.00756835938,11,72,2,37.0817940642851,-1.14313869576596,810
1231.51000976562,10,69,1,37.0859606952994,-1.14313869576596,777
1147.12231445312,10,71,4,37.1151271123999,-1.14313869576596,690
1085.09680175781,10,71,5,37.1234603744287,-1.14313869576596,706
1004.25042724609,10,70,0,37.1567934225435,-1.14313869576596,665
697.271057128906,14,70,3,36.5442986634331,-1.14522204980244,810
735.9423828125,14,67,0,36.567215134012,-1.14522204980244,814
826.47607421875,16,66,0,36.5692984495192,-1.14522204980244,770
826.47607421875,16,66,0,36.5713817650264,-1.14522204980244,718
1368.90783691406,17,59,9,36.6026314976341,-1.14522204980244,495
1780.822265625,30,58,35,36.6442978077776,-1.14522204980244,427
1804.57019042969,35,57,34,36.6547143853135,-1.14522204980244,376
1793.63903808594,27,58,19,36.6630476473422,-1.14522204980244,455
1776.00305175781,37,54,54,36.6817974869068,-1.14522204980244,332
1761.39685058594,35,54,34,36.6922140644427,-1.14522204980244,320
1745.19909667969,43,54,51,36.6942973799499,-1.14522204980244,316
1728.38818359375,39,53,50,36.7088805885002,-1.14522204980244,312
1706.20849609375,33,55,24,36.7151305350217,-1.14522204980244,338
1784.18640136719,30,56,14,36.7567968451653,-1.14522204980244,397
1784.5615234375,23,56,12,36.7672134227011,-1.14522204980244,402
1771.29504394531,35,55,35,36.7692967382083,-1.14522204980244,396
1728.64416503906,28,56,24,36.7859632622658,-1.14522204980244,400
1728.64416503906,28,56,24,36.7880465777729,-1.14522204980244,400
1716.59741210938,28,58,11,36.7963798398016,-1.14522204980244,436
1720.45153808594,34,56,12,36.8026297863232,-1.14522204980244,383
1727.82788085938,34,56,34,36.8297128879165,-1.14522204980244,443
1662.53662109375,36,58,12,36.8547126740026,-1.14522204980244,516
1609.912109375,36,58,11,36.8630459360314,-1.14522204980244,528
1525.74841308594,27,57,15,36.8838790911031,-1.14522204980244,464
1473.37817382812,24,59,9,36.9088788771893,-1.14522204980244,805
1363.06030273438,15,74,5,36.9734616579118,-1.14522204980244,685
1362.69458007812,14,74,9,36.9797116044333,-1.14522204980244,739
1355.4072265625,14,74,6,36.9859615509549,-1.14522204980244,748
1317.30505371094,13,74,4,37.0192945990697,-1.14522204980244,865
1268.66186523438,11,72,0,37.056794278199,-1.14522204980244,925
1208.31140136719,14,72,4,37.0984605883425,-1.14522204980244,802
1182.93884277344,11,72,5,37.1088771658784,-1.14522204980244,804
1011.57843017578,10,71,7,37.127627005443,-1.14522204980244,705
1011.57843017578,10,71,7,37.1338769519646,-1.14522204980244,684
968.581298828125,9,71,1,37.1442935295004,-1.14522204980244,702
690.985595703125,14,68,0,36.5401320324187,-1.14730540383891,786
690.985595703125,14,68,0,36.5422153479259,-1.14730540383891,793
697.271057128906,14,70,3,36.5484652944474,-1.14730540383891,828
697.271057128906,14,70,3,36.5505486099546,-1.14730540383891,809
704.074951171875,16,68,1,36.5526319254618,-1.14730540383891,789
704.074951171875,16,68,1,36.5547152409689,-1.14730540383891,803
704.074951171875,16,68,1,36.5588818719833,-1.14730540383891,819
735.9423828125,14,67,0,36.5630485029977,-1.14730540383891,756
735.9423828125,14,67,0,36.567215134012,-1.14730540383891,793
1207.77307128906,15,63,6,36.590131604591,-1.14730540383891,661
1293.75341796875,20,59,13,36.6213813371987,-1.14730540383891,495
1418.7587890625,20,58,16,36.6297145992274,-1.14730540383891,510
1780.822265625,30,58,35,36.648464438792,-1.14730540383891,393
1784.83666992188,30,55,26,36.6713809093709,-1.14730540383891,411
1784.83666992188,30,55,26,36.6734642248781,-1.14730540383891,401
1761.39685058594,35,54,34,36.6901307489355,-1.14730540383891,345
1728.38818359375,39,53,50,36.7026306419786,-1.14730540383891,360
1685.81994628906,34,55,26,36.7213804815432,-1.14730540383891,334
1771.29504394531,35,55,35,36.7713800537155,-1.14730540383891,354
1750.69506835938,38,54,37,36.777630000237,-1.14730540383891,371
1750.69506835938,38,54,37,36.7838799467586,-1.14730540383891,419
1728.64416503906,28,56,24,36.7880465777729,-1.14730540383891,423
1728.64416503906,28,56,24,36.7901298932801,-1.14730540383891,459
1716.59741210938,28,58,11,36.800546470816,-1.14730540383891,393
1720.45153808594,34,56,12,36.8026297863232,-1.14730540383891,381
1730.76245117188,37,56,14,36.8192963103806,-1.14730540383891,407
1727.82788085938,34,56,34,36.8338795189309,-1.14730540383891,447
1697.66967773438,33,58,25,36.8463794119739,-1.14730540383891,509
1493.21911621094,23,58,15,36.894295668639,-1.14730540383891,448
1473.37817382812,24,59,9,36.9088788771893,-1.14730540383891,846
1449.35131835938,21,65,2,36.9151288237108,-1.14730540383891,651
1413.51611328125,17,73,10,36.9505451873328,-1.14730540383891,726
1389.73889160156,17,74,11,36.9547118183472,-1.14730540383891,692
1363.06030273438,15,74,5,36.9692950268975,-1.14730540383891,740
1363.06030273438,15,74,5,36.9713783424046,-1.14730540383891,744
1271.33764648438,11,71,3,37.0463777006631,-1.14730540383891,754
1249.6494140625,11,72,0,37.069294171242,-1.14730540383891,861
1147.12231445312,10,71,4,37.1109604813856,-1.14730540383891,723
968.581298828125,9,71,1,37.1463768450076,-1.14730540383891,639
1004.25042724609,10,70,0,37.1526267915292,-1.14730540383891,653
964.314697265625,10,70,0,37.1817932086297,-1.14730540383891,673
672.700622558594,12,69,3,36.5380487169115,-1.14938875787539,847
672.700622558594,12,69,3,36.5401320324187,-1.14938875787539,789
745.169799804688,14,67,1,36.567215134012,-1.14938875787539,765
845.730895996094,16,66,2,36.5713817650264,-1.14938875787539,780
1394.82702636719,19,61,6,36.6026314976341,-1.14938875787539,493
1363.53125,19,62,13,36.6151313906771,-1.14938875787539,479
1363.53125,19,62,13,36.6172147061843,-1.14938875787539,479
1410.97277832031,20,58,13,36.6297145992274,-1.14938875787539,568
1767.46276855469,29,58,18,36.6442978077776,-1.14938875787539,408
1799.87915039062,34,59,15,36.6567977008207,-1.14938875787539,409
1784.02770996094,32,55,33,36.6713809093709,-1.14938875787539,425
1673.07580566406,31,56,17,36.742213636615,-1.14938875787539,379
1747.97961425781,27,57,35,36.7463802676294,-1.14938875787539,398
1747.97961425781,27,57,35,36.7505468986437,-1.14938875787539,370
1783.00207519531,33,56,6,36.7692967382083,-1.14938875787539,403
1722.87902832031,34,57,52,36.7859632622658,-1.14938875787539,441
1598.0634765625,29,57,26,36.8672125670457,-1.14938875787539,486
1549.5859375,26,56,15,36.8713791980601,-1.14938875787539,420
1471.71081542969,26,59,26,36.8984622996534,-1.14938875787539,529
1416.07360839844,23,65,6,36.9109621926965,-1.14938875787539,866
1399.89868164062,19,64,8,36.9192954547252,-1.14938875787539,790
1401.63439941406,16,76,0,36.9463785563185,-1.14938875787539,810
1401.63439941406,16,76,0,36.9505451873328,-1.14938875787539,800
1330.80187988281,13,73,9,37.0151279680554,-1.14938875787539,908
1200.27416992188,12,72,6,37.0942939573282,-1.14938875787539,829
1178.92333984375,11,72,4,37.1026272193569,-1.14938875787539,821
1047.38146972656,9,72,5,37.1317936364574,-1.14938875787539,694
1016.39324951172,9,71,0,37.1359602674717,-1.14938875787539,689
1016.39324951172,9,71,0,37.1422102139933,-1.14938875787539,688
961.085205078125,10,68,0,37.1776265776153,-1.14938875787539,637
994.308166503906,15,67,1,36.5838816580694,-1.15147211191186,670
1320.76184082031,22,61,24,36.6234646527058,-1.15147211191186,482
1618.05627441406,21,58,8,36.6401311767633,-1.15147211191186,411
1799.87915039062,34,59,15,36.6526310698063,-1.15147211191186,416
1799.87915039062,34,59,15,36.6588810163279,-1.15147211191186,424
1774.48095703125,28,55,37,36.6776308558925,-1.15147211191186,358
1735.37841796875,40,54,60,36.6942973799499,-1.15147211191186,373
1617.14172363281,32,54,19,36.7297137435719,-1.15147211191186,332
1617.14172363281,32,54,19,36.7317970590791,-1.15147211191186,339
1747.97961425781,27,57,35,36.7484635831365,-1.15147211191186,371
1794.00219726562,32,57,18,36.7630467916868,-1.15147211191186,343
1794.00219726562,32,57,18,36.765130107194,-1.15147211191186,356
1701.18823242188,34,57,30,36.800546470816,-1.15147211191186,396
1716.89758300781,31,58,18,36.8109630483519,-1.15147211191186,417
1416.07360839844,23,65,6,36.917212139218,-1.15147211191186,767
1398.61633300781,18,71,9,36.9276287167539,-1.15147211191186,665
1401.63439941406,16,76,0,36.9484618718257,-1.15147211191186,824
1371.81762695312,15,74,6,36.9672117113903,-1.15147211191186,781
1315.8447265625,13,74,4,37.0255445455913,-1.15147211191186,827
1224.34326171875,11,72,1,37.0526276471846,-1.15147211191186,882
1224.34326171875,11,72,1,37.056794278199,-1.15147211191186,804
1224.34326171875,11,72,1,37.0588775937061,-1.15147211191186,826
1204.49157714844,11,73,6,37.092210641821,-1.15147211191186,798
1047.38146972656,9,72,5,37.127627005443,-1.15147211191186,718
1016.39324951172,9,71,0,37.1380435829789,-1.15147211191186,709
1068.77575683594,11,67,1,37.1651266845722,-1.15147211191186,688
845.730895996094,16,66,2,36.5692984495192,-1.15355546594833,865
1394.82702636719,19,61,6,36.6088814441556,-1.15355546594833,472
1363.53125,19,62,13,36.6130480751699,-1.15355546594833,516
1320.76184082031,22,61,24,36.6192980216915,-1.15355546594833,549
1767.46276855469,29,58,18,36.6442978077776,-1.15355546594833,423
1767.46276855469,29,58,18,36.648464438792,-1.15355546594833,422
1792.5126953125,27,58,8,36.660964331835,-1.15355546594833,419
1784.02770996094,32,55,33,36.6713809093709,-1.15355546594833,430
1627.84545898438,36,55,39,36.7234637970504,-1.15355546594833,359
1617.14172363281,32,54,19,36.7297137435719,-1.15355546594833,341
1673.07580566406,31,56,17,36.7401303211078,-1.15355546594833,384
1757.63940429688,34,59,13,36.7797133157442,-1.15355546594833,413
1757.63940429688,34,59,13,36.7817966312514,-1.15355546594833,461
1718.24450683594,29,57,20,36.823462941395,-1.15355546594833,502
1711.46069335938,31,56,14,36.8276295724093,-1.15355546594833,482
1514.02416992188,27,57,13,36.8797124600888,-1.15355546594833,437
1391.16723632812,14,76,1,36.9547118183472,-1.15355546594833,864
1355.748046875,14,74,4,36.9692950268975,-1.15355546594833,784
1344.03930664062,13,73,13,36.9817949199405,-1.15355546594833,822
1288.4296875,15,76,0,37.0297111766056,-1.15355546594833,765
1243.58081054688,11,70,1,37.0442943851559,-1.15355546594833,708
1224.34326171875,11,72,1,37.0547109626918,-1.15355546594833,834
1187.3759765625,12,73,5,37.0776274332707,-1.15355546594833,810
1204.49157714844,11,73,6,37.0859606952994,-1.15355546594833,714
1022.12603759766,11,68,0,37.1484601605148,-1.15355546594833,687
1022.12603759766,11,68,0,37.150543476022,-1.15355546594833,657
961.085205078125,10,68,0,37.1797098931225,-1.15355546594833,696
672.700622558594,12,69,3,36.5401320324187,-1.15563881998481,885
672.700622558594,12,69,3,36.5422153479259,-1.15563881998481,798
690.372741699219,14,69,1,36.5463819789402,-1.15563881998481,780
704.235229492188,14,68,0,36.5567985564761,-1.15563881998481,769
745.169799804688,14,67,1,36.567215134012,-1.15563881998481,780
994.308166503906,15,67,1,36.5838816580694,-1.15563881998481,602
1318.92016601562,16,60,4,36.5963815511125,-1.15563881998481,554
1320.76184082031,22,61,24,36.625547968213,-1.15563881998481,502
1799.87915039062,34,59,15,36.6567977008207,-1.15563881998481,412
1792.5126953125,27,58,8,36.6651309628494,-1.15563881998481,431
1774.48095703125,28,55,37,36.683880802414,-1.15563881998481,360
1757.47351074219,36,53,29,36.6859641179212,-1.15563881998481,375
1710.48022460938,38,53,48,36.7026306419786,-1.15563881998481,344
1794.00219726562,32,57,18,36.7630467916868,-1.15563881998481,415
1783.00207519531,33,56,6,36.7713800537155,-1.15563881998481,332
1757.63940429688,34,59,13,36.7817966312514,-1.15563881998481,489
1722.87902832031,34,57,52,36.7922132087873,-1.15563881998481,435
1716.89758300781,31,58,18,36.8130463638591,-1.15563881998481,467
1718.24450683594,29,57,20,36.823462941395,-1.15563881998481,504
1645.294921875,28,58,11,36.8547126740026,-1.15563881998481,498
1645.294921875,28,58,11,36.8567959895098,-1.15563881998481,517
1549.5859375,26,56,15,36.8692958825529,-1.15563881998481,441
1471.71081542969,26,59,26,36.9005456151606,-1.15563881998481,442
1446.06982421875,22,63,12,36.9026289306677,-1.15563881998481,441
1398.61633300781,18,71,9,36.9276287167539,-1.15563881998481,711
1391.16723632812,14,76,1,36.95262850284,-1.15563881998481,839
1371.81762695312,15,74,6,36.9672117113903,-1.15563881998481,815
1344.03930664062,13,73,13,36.9797116044333,-1.15563881998481,848
1333.216796875,14,74,1,36.9901281819692,-1.15563881998481,813
1330.80187988281,13,73,9,37.0172112835626,-1.15563881998481,858
1288.4296875,15,76,0,37.0297111766056,-1.15563881998481,792
1288.4296875,15,76,0,37.0317944921128,-1.15563881998481,769
1262.26123046875,11,71,0,37.0380444386343,-1.15563881998481,700
1243.58081054688,11,70,1,37.0505443316774,-1.15563881998481,789
1175.63049316406,10,72,1,37.0734608022564,-1.15563881998481,720
1175.63049316406,10,72,1,37.0755441177636,-1.15563881998481,790
1187.3759765625,12,73,5,37.0817940642851,-1.15563881998481,722
1200.27416992188,12,72,6,37.0984605883425,-1.15563881998481,762
1178.92333984375,11,72,4,37.1026272193569,-1.15563881998481,800
1178.92333984375,11,72,4,37.1067938503712,-1.15563881998481,775
1016.39324951172,9,71,0,37.1359602674717,-1.15563881998481,723
1068.77575683594,11,67,1,37.1630433690651,-1.15563881998481,723
961.085205078125,10,68,0,37.1776265776153,-1.15563881998481,661
705.334411621094,14,68,0,36.5567985564761,-1.15772217402128,801
759.1953125,17,67,0,36.5630485029977,-1.15772217402128,714
1412.92053222656,17,61,11,36.6026314976341,-1.15772217402128,492
1442.87902832031,23,60,15,36.6276312837202,-1.15772217402128,530
1442.87902832031,23,60,15,36.6297145992274,-1.15772217402128,572
1611.83081054688,27,60,14,36.6401311767633,-1.15772217402128,462
1748.01049804688,27,58,17,36.648464438792,-1.15772217402128,447
1780.35437011719,27,59,18,36.660964331835,-1.15772217402128,431
1765.57531738281,31,53,46,36.6776308558925,-1.15772217402128,407
1765.57531738281,31,53,46,36.6797141713997,-1.15772217402128,387
1765.57531738281,31,53,46,36.6817974869068,-1.15772217402128,373
1736.32092285156,36,53,54,36.7005473264714,-1.15772217402128,342
1712.07922363281,40,55,82,36.7047139574858,-1.15772217402128,357
1712.07922363281,40,55,82,36.706797272993,-1.15772217402128,360
1576.96215820312,42,54,57,36.7276304280648,-1.15772217402128,350
1649.16748046875,30,56,23,36.742213636615,-1.15772217402128,384
1781.47216796875,28,60,33,36.7567968451653,-1.15772217402128,409
1684.16394042969,24,56,17,36.8213796258878,-1.15772217402128,527
1528.44885253906,24,58,23,36.8734625135672,-1.15772217402128,414
1478.14953613281,24,57,6,36.8901290376247,-1.15772217402128,460
1431.1806640625,23,66,32,36.9047122461749,-1.15772217402128,428
1385.80700683594,19,66,7,36.9213787702324,-1.15772217402128,663
1382.9013671875,16,75,4,36.9547118183472,-1.15772217402128,853
1217.99487304688,12,73,6,37.0442943851559,-1.15772217402128,759
1217.99487304688,12,73,6,37.0463777006631,-1.15772217402128,791
1144.87744140625,12,73,7,37.1026272193569,-1.15772217402128,800
1065.02856445312,11,73,5,37.1297103209502,-1.15772217402128,744
1070.81372070312,11,69,2,37.1526267915292,-1.15772217402128,687
1070.81372070312,11,69,2,37.1567934225435,-1.15772217402128,704
1017.27136230469,10,69,2,37.1713766310938,-1.15772217402128,713
681.929016113281,14,69,0,36.5463819789402,-1.15980552805776,789
681.929016113281,14,69,0,36.5505486099546,-1.15980552805776,772
705.334411621094,14,68,0,36.5588818719833,-1.15980552805776,763
868.853149414062,17,68,1,36.5755483960407,-1.15980552805776,712
1414.76049804688,17,62,12,36.6172147061843,-1.15980552805776,475
1611.83081054688,27,60,14,36.6359645457489,-1.15980552805776,464
1611.83081054688,27,60,14,36.6422144922704,-1.15980552805776,467
1783.40222167969,35,58,11,36.6547143853135,-1.15980552805776,452
1783.40222167969,35,58,11,36.6588810163279,-1.15980552805776,428
1780.35437011719,27,59,18,36.6630476473422,-1.15980552805776,465
1773.78649902344,30,56,15,36.6734642248781,-1.15980552805776,405
1752.85498046875,34,55,29,36.6880474334284,-1.15980552805776,386
1712.07922363281,40,55,82,36.7026306419786,-1.15980552805776,348
1712.07922363281,40,55,82,36.7047139574858,-1.15980552805776,357
1664.49267578125,33,56,18,36.7172138505289,-1.15980552805776,338
1597.25830078125,31,54,49,36.7213804815432,-1.15980552805776,333
1597.25830078125,31,54,49,36.7234637970504,-1.15980552805776,335
1649.16748046875,30,56,23,36.7359636900935,-1.15980552805776,383
1781.47216796875,28,60,33,36.7526302141509,-1.15980552805776,405
1766.38195800781,31,57,18,36.7838799467586,-1.15980552805776,417
1730.65258789062,36,57,17,36.7880465777729,-1.15980552805776,418
1639.64782714844,27,57,24,36.8463794119739,-1.15980552805776,472
1528.44885253906,24,58,23,36.8692958825529,-1.15980552805776,416
1403.8642578125,24,70,13,36.917212139218,-1.15980552805776,599
1363.04260253906,15,73,8,36.9692950268975,-1.15980552805776,902
1346.421875,14,73,8,36.9797116044333,-1.15980552805776,763
1310.04187011719,14,74,4,37.0005447595051,-1.15980552805776,929
1314.48059082031,15,74,7,37.0130446525482,-1.15980552805776,886
1305.31066894531,15,74,11,37.0192945990697,-1.15980552805776,853
1305.31066894531,15,74,11,37.0255445455913,-1.15980552805776,846
1217.99487304688,12,73,6,37.0463777006631,-1.15980552805776,815
1099.86572265625,12,69,2,37.0755441177636,-1.15980552805776,767
1135.26733398438,10,73,8,37.092210641821,-1.15980552805776,785
1150.22473144531,12,73,5,37.0942939573282,-1.15980552805776,786
1094.55895996094,11,73,6,37.1192937434143,-1.15980552805776,738
1065.02856445312,11,73,5,37.1297103209502,-1.15980552805776,776
1045.48559570312,10,72,3,37.1401268984861,-1.15980552805776,721
945.315979003906,9,72,14,37.1776265776153,-1.15980552805776,680
759.1953125,17,67,0,36.5609651874905,-1.16188888209423,771
1414.76049804688,17,62,12,36.6130480751699,-1.16188888209423,476
1773.78649902344,30,56,15,36.6692975938638,-1.16188888209423,421
1765.57531738281,31,53,46,36.6797141713997,-1.16188888209423,430
1712.07922363281,40,55,82,36.7026306419786,-1.16188888209423,355
1712.07922363281,40,55,82,36.7047139574858,-1.16188888209423,351
1730.65258789062,36,57,17,36.7859632622658,-1.16188888209423,426
1730.65258789062,36,57,17,36.7880465777729,-1.16188888209423,427
1684.72961425781,32,58,20,36.8026297863232,-1.16188888209423,480
1685.962890625,32,57,20,36.8172129948734,-1.16188888209423,526
1639.64782714844,27,57,24,36.8442960964667,-1.16188888209423,483
1431.1806640625,23,66,32,36.9047122461749,-1.16188888209423,459
1403.8642578125,24,70,13,36.9130455082036,-1.16188888209423,543
1377.64489746094,17,73,4,36.9463785563185,-1.16188888209423,773
1382.9013671875,16,75,4,36.9547118183472,-1.16188888209423,831
1346.421875,14,73,8,36.9797116044333,-1.16188888209423,794
1310.04187011719,14,74,4,36.9942948129836,-1.16188888209423,775
1314.48059082031,15,74,7,37.010961337041,-1.16188888209423,879
1281.20727539062,14,74,9,37.0276278610985,-1.16188888209423,812
1132.77062988281,12,71,9,37.0672108557348,-1.16188888209423,674
1107.75720214844,10,73,7,37.0776274332707,-1.16188888209423,721
1144.87744140625,12,73,7,37.1047105348641,-1.16188888209423,895
1065.02856445312,11,73,5,37.1317936364574,-1.16188888209423,751
681.929016113281,14,69,0,36.5505486099546,-1.1639722361307,794
705.334411621094,14,68,0,36.5526319254618,-1.1639722361307,820
759.1953125,17,67,0,36.567215134012,-1.1639722361307,772
868.853149414062,17,68,1,36.5755483960407,-1.1639722361307,688
1288.50732421875,17,61,5,36.5984648666197,-1.1639722361307,470
1380.96203613281,22,61,12,36.6213813371987,-1.1639722361307,463
1773.78649902344,30,56,15,36.6734642248781,-1.1639722361307,406
1752.85498046875,34,55,29,36.6901307489355,-1.1639722361307,386
1576.96215820312,42,54,57,36.7297137435719,-1.1639722361307,377
1576.96215820312,42,54,57,36.7317970590791,-1.1639722361307,393
1784.64001464844,31,57,15,36.7734633692227,-1.1639722361307,430
1730.65258789062,36,57,17,36.7901298932801,-1.1639722361307,398
1730.65258789062,36,57,17,36.7922132087873,-1.1639722361307,374
1695.74060058594,31,58,15,36.7984631553088,-1.1639722361307,435
1684.16394042969,24,56,17,36.823462941395,-1.1639722361307,562
1676.244140625,29,58,18,36.8297128879165,-1.1639722361307,562
1660.45532226562,27,56,12,36.8401294654524,-1.1639722361307,549
1639.64782714844,27,57,24,36.8505460429883,-1.1639722361307,555
1565.10009765625,25,56,26,36.8651292515385,-1.1639722361307,465
1431.1806640625,23,66,32,36.9026289306677,-1.1639722361307,461
1385.80700683594,19,66,7,36.9192954547252,-1.1639722361307,654
1385.80700683594,19,66,7,36.9234620857395,-1.1639722361307,652
1377.64489746094,17,73,4,36.9463785563185,-1.1639722361307,775
1382.9013671875,16,75,4,36.95262850284,-1.1639722361307,753
1310.04187011719,14,74,4,36.998461443998,-1.1639722361307,774
1314.48059082031,15,74,7,37.0151279680554,-1.1639722361307,893
1177.9521484375,11,71,3,37.0588775937061,-1.1639722361307,684
1132.77062988281,12,71,9,37.0672108557348,-1.1639722361307,677
1122.95642089844,11,73,7,37.1151271123999,-1.1639722361307,794
1065.02856445312,11,73,5,37.1338769519646,-1.1639722361307,716
1050.58544921875,10,71,1,37.150543476022,-1.1639722361307,707
1017.27136230469,10,69,2,37.1692933155866,-1.1639722361307,702
1017.27136230469,10,69,2,37.1713766310938,-1.1639722361307,711
615.690063476562,12,70,0,36.5338820858972,-1.16605559016718,827
770.11328125,15,67,0,36.5651318185048,-1.16605559016718,814
978.753967285156,17,68,9,36.5797150270551,-1.16605559016718,627
1263.86572265625,18,63,6,36.5963815511125,-1.16605559016718,479
1424.30615234375,18,62,9,36.6067981286484,-1.16605559016718,484
1438.91711425781,21,61,10,36.6192980216915,-1.16605559016718,479
1719.13012695312,40,56,16,36.6505477542992,-1.16605559016718,468
1756.72888183594,25,57,31,36.6672142783566,-1.16605559016718,449
1740.49328613281,26,55,25,36.6963806954571,-1.16605559016718,364
1678.08312988281,38,53,41,36.7109639040073,-1.16605559016718,349
1603.36804199219,32,55,66,36.7255471125576,-1.16605559016718,346
1722.76892089844,32,58,22,36.7442969521222,-1.16605559016718,408
1762.54406738281,28,57,21,36.7526302141509,-1.16605559016718,412
1768.2724609375,31,58,25,36.7609634761796,-1.16605559016718,502
1683.57214355469,32,56,34,36.7963798398016,-1.16605559016718,410
1656.65563964844,32,58,19,36.8026297863232,-1.16605559016718,504
1649.00305175781,28,57,16,36.8172129948734,-1.16605559016718,556
1646.14660644531,23,56,23,36.8213796258878,-1.16605559016718,560
1646.14660644531,23,56,23,36.823462941395,-1.16605559016718,579
1603.21057128906,26,56,21,36.8442960964667,-1.16605559016718,536
1461.25720214844,23,59,18,36.8901290376247,-1.16605559016718,566
1405.90405273438,20,70,5,36.917212139218,-1.16605559016718,692
1367.69458007812,16,73,0,36.95262850284,-1.16605559016718,739
1367.69458007812,16,73,0,36.9588784493616,-1.16605559016718,834
1119.48779296875,10,72,5,37.0630442247205,-1.16605559016718,755
1077.46545410156,12,70,7,37.0880440108066,-1.16605559016718,717
1090.59362792969,11,72,6,37.1005439038497,-1.16605559016718,827
1082.03112792969,11,74,4,37.1234603744287,-1.16605559016718,807
1066.4609375,12,72,5,37.1567934225435,-1.16605559016718,710
1044.28918457031,10,69,2,37.1672100000794,-1.16605559016718,690
986.916137695312,10,70,2,37.1713766310938,-1.16605559016718,718
634.015563964844,16,72,0,36.5359654014043,-1.16813894420365,859
705.028564453125,15,67,0,36.5526319254618,-1.16813894420365,818
770.11328125,15,67,0,36.5651318185048,-1.16813894420365,808
978.753967285156,17,68,9,36.5817983425623,-1.16813894420365,690
1263.86572265625,18,63,6,36.5984648666197,-1.16813894420365,504
1756.72888183594,25,57,31,36.660964331835,-1.16813894420365,447
1753.86962890625,27,59,16,36.6755475403853,-1.16813894420365,422
1742.30529785156,27,56,22,36.6901307489355,-1.16813894420365,402
1740.49328613281,26,55,25,36.6984640109643,-1.16813894420365,347
1572.23461914062,37,56,62,36.7317970590791,-1.16813894420365,399
1722.76892089844,32,58,22,36.7442969521222,-1.16813894420365,402
1768.2724609375,31,58,25,36.7609634761796,-1.16813894420365,458
1768.2724609375,31,58,25,36.765130107194,-1.16813894420365,475
1763.90991210938,33,57,15,36.7734633692227,-1.16813894420365,462
1763.90991210938,33,57,15,36.7755466847299,-1.16813894420365,440
1721.7236328125,34,57,24,36.7880465777729,-1.16813894420365,434
1603.21057128906,26,56,21,36.8484627274811,-1.16813894420365,532
1575.77453613281,27,57,31,36.8567959895098,-1.16813894420365,625
1516.65600585938,24,58,16,36.8713791980601,-1.16813894420365,550
1405.90405273438,20,70,5,36.9151288237108,-1.16813894420365,729
1393.04553222656,20,70,11,36.9192954547252,-1.16813894420365,852
1378.38195800781,18,70,3,36.9276287167539,-1.16813894420365,852
1364.00158691406,18,70,7,36.9422119253041,-1.16813894420365,754
1348.20129394531,15,72,6,36.9838782354477,-1.16813894420365,720
1324.30346679688,15,73,6,36.9901281819692,-1.16813894420365,793
1271.48999023438,14,74,7,37.0192945990697,-1.16813894420365,847
1271.48999023438,14,74,7,37.0234612300841,-1.16813894420365,852
1184.4189453125,13,71,3,37.0505443316774,-1.16813894420365,716
1088.68347167969,12,69,9,37.0734608022564,-1.16813894420365,712
1095.17211914062,11,74,10,37.1172104279071,-1.16813894420365,822
1062.27551269531,11,73,5,37.1442935295004,-1.16813894420365,753
1062.27551269531,11,73,5,37.150543476022,-1.16813894420365,732
1066.4609375,12,72,5,37.1588767380507,-1.16813894420365,712
1044.28918457031,10,69,2,37.1651266845722,-1.16813894420365,683
705.028564453125,15,67,0,36.5588818719833,-1.17022229824013,771
1070.79968261719,19,63,7,36.5880482890838,-1.17022229824013,599
1424.30615234375,18,62,9,36.6026314976341,-1.17022229824013,543
1438.91711425781,21,61,10,36.6192980216915,-1.17022229824013,501
1438.91711425781,21,61,10,36.6213813371987,-1.17022229824013,497
1754.93347167969,29,58,21,36.6526310698063,-1.17022229824013,485
1740.49328613281,26,55,25,36.6963806954571,-1.17022229824013,360
1603.36804199219,32,55,66,36.7255471125576,-1.17022229824013,349
1572.23461914062,37,56,62,36.7276304280648,-1.17022229824013,378
1572.23461914062,37,56,62,36.7338803745863,-1.17022229824013,437
1722.76892089844,32,58,22,36.7442969521222,-1.17022229824013,437
1762.54406738281,28,57,21,36.7567968451653,-1.17022229824013,442
1763.90991210938,33,57,15,36.7713800537155,-1.17022229824013,495
1750.09826660156,38,57,17,36.7817966312514,-1.17022229824013,420
1750.09826660156,38,57,17,36.7838799467586,-1.17022229824013,420
1683.57214355469,32,56,34,36.7963798398016,-1.17022229824013,397
1656.65563964844,32,58,19,36.8026297863232,-1.17022229824013,504
1656.65563964844,32,58,19,36.8067964173375,-1.17022229824013,533
1649.00305175781,28,57,16,36.8130463638591,-1.17022229824013,544
1649.00305175781,28,57,16,36.8151296793663,-1.17022229824013,543
1646.14660644531,23,56,23,36.8213796258878,-1.17022229824013,556
1622.99060058594,26,56,15,36.8380461499452,-1.17022229824013,505
1544.01452636719,25,56,19,36.8630459360314,-1.17022229824013,483
1516.65600585938,24,58,16,36.8692958825529,-1.17022229824013,446
1439.32312011719,24,64,15,36.8984622996534,-1.17022229824013,672
1421.73510742188,23,69,8,36.9088788771893,-1.17022229824013,705
1360.99621582031,16,73,7,36.975544973419,-1.17022229824013,795
1324.30346679688,15,73,6,36.9859615509549,-1.17022229824013,766
1324.30346679688,15,73,6,36.9880448664621,-1.17022229824013,792
1299.427734375,15,70,12,36.998461443998,-1.17022229824013,868
1287.48303222656,14,73,8,37.0026280750123,-1.17022229824013,770
1283.10217285156,14,74,7,37.0151279680554,-1.17022229824013,853
1271.48999023438,14,74,7,37.0192945990697,-1.17022229824013,848
1217.49658203125,13,73,8,37.0359611231272,-1.17022229824013,792
1151.61401367188,11,72,1,37.0547109626918,-1.17022229824013,752
1119.48779296875,10,72,5,37.0672108557348,-1.17022229824013,736
1067.35876464844,11,73,6,37.127627005443,-1.17022229824013,830
986.916137695312,10,70,2,37.1734599466009,-1.17022229824013,733
634.015563964844,16,72,0,36.5380487169115,-1.1723056522766,919
670.580932617188,14,69,2,36.5463819789402,-1.1723056522766,856
670.580932617188,14,69,2,36.5484652944474,-1.1723056522766,827
670.580932617188,14,69,2,36.5505486099546,-1.1723056522766,775
881.319396972656,16,67,2,36.5713817650264,-1.1723056522766,695
1070.79968261719,19,63,7,36.5859649735766,-1.1723056522766,626
1263.86572265625,18,63,6,36.5963815511125,-1.1723056522766,517
1474.81848144531,21,60,20,36.6317979147345,-1.1723056522766,497
1719.13012695312,40,56,16,36.6442978077776,-1.1723056522766,471
1719.13012695312,40,56,16,36.648464438792,-1.1723056522766,454
1753.86962890625,27,59,16,36.6755475403853,-1.1723056522766,431
1747.1591796875,23,58,15,36.683880802414,-1.1723056522766,431
1636.02014160156,34,58,19,36.7380470056006,-1.1723056522766,403
1750.09826660156,38,57,17,36.7797133157442,-1.1723056522766,463
1649.00305175781,28,57,16,36.8130463638591,-1.1723056522766,563
1649.00305175781,28,57,16,36.8151296793663,-1.1723056522766,570
1649.00305175781,28,57,16,36.8172129948734,-1.1723056522766,563
1646.14660644531,23,56,23,36.8192963103806,-1.1723056522766,572
1603.21057128906,26,56,21,36.8442960964667,-1.1723056522766,499
1603.21057128906,26,56,21,36.8484627274811,-1.1723056522766,451
1544.01452636719,25,56,19,36.8630459360314,-1.1723056522766,478
1489.60681152344,23,56,11,36.8838790911031,-1.1723056522766,452
1461.25720214844,23,59,18,36.8901290376247,-1.1723056522766,496
1405.90405273438,20,70,5,36.9151288237108,-1.1723056522766,811
1378.38195800781,18,70,3,36.9317953477682,-1.1723056522766,843
1367.69458007812,16,73,0,36.95262850284,-1.1723056522766,701
1367.69458007812,16,73,0,36.9547118183472,-1.1723056522766,721
1287.48303222656,14,73,8,37.0067947060267,-1.1723056522766,805
1247.8291015625,13,73,8,37.0317944921128,-1.1723056522766,774
1184.4189453125,13,71,3,37.0463777006631,-1.1723056522766,783
1082.03112792969,11,74,4,37.1192937434143,-1.1723056522766,852
605.700561523438,14,69,0,36.5338820858972,-1.17438900631308,862
622.188049316406,15,71,1,36.5359654014043,-1.17438900631308,904
770.575500488281,16,67,4,36.567215134012,-1.17438900631308,729
876.737182617188,15,67,2,36.5734650805336,-1.17438900631308,698
1478.83032226562,22,60,18,36.6234646527058,-1.17438900631308,522
1724.47741699219,23,58,15,36.6567977008207,-1.17438900631308,459
1727.96667480469,24,59,22,36.660964331835,-1.17438900631308,496
1718.59497070312,21,58,19,36.6776308558925,-1.17438900631308,446
1619.86328125,32,56,17,36.7380470056006,-1.17438900631308,416
1719.72399902344,23,57,13,36.7547135296581,-1.17438900631308,470
1729.88818359375,34,56,17,36.7672134227011,-1.17438900631308,491
1723.28796386719,32,56,24,36.7755466847299,-1.17438900631308,473
1705.21374511719,38,57,31,36.7817966312514,-1.17438900631308,468
1682.32788085938,32,57,15,36.7922132087873,-1.17438900631308,419
1625.00158691406,24,57,19,36.823462941395,-1.17438900631308,566
1548.94348144531,25,59,16,36.8630459360314,-1.17438900631308,506
1487.7001953125,25,58,12,36.8797124600888,-1.17438900631308,459
1344.51623535156,19,74,9,36.9609617648687,-1.17438900631308,740
1315.60375976562,16,72,1,36.9859615509549,-1.17438900631308,785
1202.86645507812,11,71,11,37.03387780762,-1.17438900631308,737
1148.27648925781,12,70,7,37.0630442247205,-1.17438900631308,750
1056.22290039062,11,72,5,37.1088771658784,-1.17438900631308,814
1057.25146484375,11,73,4,37.1151271123999,-1.17438900631308,828
1058.91772460938,12,74,7,37.1255436899358,-1.17438900631308,865
1004.80529785156,10,69,5,37.1630433690651,-1.17438900631308,703
956.474609375,14,69,14,37.1713766310938,-1.17438900631308,755
770.575500488281,16,67,4,36.5609651874905,-1.17647236034955,913
964.521362304688,16,66,4,36.5776317115479,-1.17647236034955,686
1062.22705078125,20,64,4,36.5859649735766,-1.17647236034955,613
1478.83032226562,22,60,18,36.6192980216915,-1.17647236034955,500
1478.83032226562,22,60,18,36.6213813371987,-1.17647236034955,516
1687.68249511719,22,58,15,36.6442978077776,-1.17647236034955,498
1727.96667480469,24,59,22,36.6651309628494,-1.17647236034955,471
1725.49572753906,23,59,17,36.6692975938638,-1.17647236034955,455
1725.49572753906,23,59,17,36.6734642248781,-1.17647236034955,444
1719.990234375,25,57,17,36.6859641179212,-1.17647236034955,427
1687.90808105469,31,57,27,36.7130472195145,-1.17647236034955,390
1719.72399902344,23,57,13,36.7588801606724,-1.17647236034955,474
1652.70825195312,29,56,30,36.7963798398016,-1.17647236034955,413
1598.75537109375,23,56,21,36.835962834438,-1.17647236034955,509
1598.75537109375,23,56,21,36.8380461499452,-1.17647236034955,506
1443.07702636719,22,60,9,36.8859624066103,-1.17647236034955,613
1392.31799316406,19,73,3,36.9213787702324,-1.17647236034955,822
1349.59130859375,17,70,5,36.9567951338544,-1.17647236034955,702
1330.7763671875,15,69,3,36.9817949199405,-1.17647236034955,810
1273.56127929688,15,70,7,37.0047113905195,-1.17647236034955,786
1226.47033691406,12,71,13,37.0213779145769,-1.17647236034955,714
1180.376953125,12,70,5,37.0401277541415,-1.17647236034955,766
1162.70031738281,12,71,13,37.0484610161702,-1.17647236034955,759
1065.91381835938,11,70,5,37.0942939573282,-1.17647236034955,735
1056.22290039062,11,72,5,37.1067938503712,-1.17647236034955,809
1059.12426757812,12,73,7,37.1338769519646,-1.17647236034955,793
1059.84838867188,12,74,9,37.1380435829789,-1.17647236034955,753
1059.84838867188,12,74,9,37.1422102139933,-1.17647236034955,769
622.188049316406,15,71,1,36.5380487169115,-1.17855571438602,876
1496.42529296875,20,62,9,36.6130480751699,-1.17855571438602,494
1583.01635742188,20,58,40,36.6380478612561,-1.17855571438602,542
1724.47741699219,23,58,15,36.6588810163279,-1.17855571438602,491
1727.96667480469,24,59,22,36.6672142783566,-1.17855571438602,468
1725.49572753906,23,59,17,36.6713809093709,-1.17855571438602,442
1725.49572753906,23,59,17,36.6734642248781,-1.17855571438602,449
1719.990234375,25,57,17,36.6859641179212,-1.17855571438602,433
1724.94311523438,54,54,32,36.706797272993,-1.17855571438602,397
1619.86328125,32,56,17,36.7359636900935,-1.17855571438602,468
1625.19030761719,24,56,35,36.8172129948734,-1.17855571438602,498
1615.583984375,25,57,16,36.8317962034237,-1.17855571438602,509
1581.74719238281,23,56,8,36.8505460429883,-1.17855571438602,468
1548.94348144531,25,59,16,36.8672125670457,-1.17855571438602,422
1487.7001953125,25,58,12,36.881795775596,-1.17855571438602,538
1315.60375976562,16,72,1,36.9901281819692,-1.17855571438602,767
1295.03234863281,16,72,4,36.9942948129836,-1.17855571438602,794
1154.80310058594,14,71,5,37.056794278199,-1.17855571438602,831
1148.27648925781,12,70,7,37.0609609092133,-1.17855571438602,817
1148.27648925781,12,70,7,37.0630442247205,-1.17855571438602,809
1136.42797851562,10,71,5,37.069294171242,-1.17855571438602,675
1065.91381835938,11,70,5,37.1005439038497,-1.17855571438602,757
1058.91772460938,12,74,7,37.1213770589215,-1.17855571438602,762
1045.20935058594,10,70,5,37.1567934225435,-1.17855571438602,757
605.700561523438,14,69,0,36.5338820858972,-1.1806390684225,809
701.548645019531,15,68,0,36.5526319254618,-1.1806390684225,842
701.548645019531,15,68,0,36.5567985564761,-1.1806390684225,768
701.548645019531,15,68,0,36.5588818719833,-1.1806390684225,842
964.521362304688,16,66,4,36.5776317115479,-1.1806390684225,672
1478.83032226562,22,60,18,36.6234646527058,-1.1806390684225,522
1583.01635742188,20,58,40,36.6422144922704,-1.1806390684225,528
1724.47741699219,23,58,15,36.6567977008207,-1.1806390684225,501
1719.990234375,25,57,17,36.6880474334284,-1.1806390684225,435
1724.94311523438,54,54,32,36.7088805885002,-1.1806390684225,405
1687.90808105469,31,57,27,36.7172138505289,-1.1806390684225,433
1588.650390625,31,57,30,36.7317970590791,-1.1806390684225,460
1625.00158691406,24,57,19,36.8192963103806,-1.1806390684225,448
1615.583984375,25,57,16,36.8276295724093,-1.1806390684225,498
1581.74719238281,23,56,8,36.8484627274811,-1.1806390684225,487
1581.74719238281,23,56,8,36.8505460429883,-1.1806390684225,470
1548.94348144531,25,59,16,36.8651292515385,-1.1806390684225,413
1487.7001953125,25,58,12,36.881795775596,-1.1806390684225,541
1413.70971679688,22,66,6,36.894295668639,-1.1806390684225,740
1413.70971679688,22,66,6,36.8963789841462,-1.1806390684225,770
1385.38708496094,18,71,4,36.9317953477682,-1.1806390684225,797
1370.66162109375,18,72,1,36.940128609797,-1.1806390684225,752
1355.93579101562,21,71,10,36.9442952408113,-1.1806390684225,725
1295.03234863281,16,72,4,36.9963781284908,-1.1806390684225,793
1089.8583984375,12,68,8,37.0859606952994,-1.1806390684225,826
1057.25146484375,11,73,4,37.1172104279071,-1.1806390684225,780
1059.84838867188,12,74,9,37.1401268984861,-1.1806390684225,755
1004.80529785156,10,69,5,37.1609600535579,-1.1806390684225,682
697.339111328125,14,67,0,36.5547152409689,-1.18272242245897,851
1323.20532226562,16,64,8,36.6005481821269,-1.18272242245897,476
1702.07788085938,20,58,28,36.6567977008207,-1.18272242245897,552
1706.72802734375,20,58,26,36.6672142783566,-1.18272242245897,432
1698.73937988281,22,57,38,36.6692975938638,-1.18272242245897,467
1708.07983398438,33,55,14,36.706797272993,-1.18272242245897,394
1685.181640625,33,56,19,36.7130472195145,-1.18272242245897,413
1672.54016113281,26,57,16,36.7713800537155,-1.18272242245897,467
1608.13830566406,24,57,12,36.8026297863232,-1.18272242245897,433
1604.71875,24,57,12,36.8297128879165,-1.18272242245897,464
1583.24816894531,22,58,15,36.8380461499452,-1.18272242245897,481
1564.19567871094,23,57,10,36.8463794119739,-1.18272242245897,498
1519.57141113281,24,58,12,36.8692958825529,-1.18272242245897,460
1477.19287109375,26,59,11,36.8797124600888,-1.18272242245897,505
1362.01647949219,19,73,1,36.9088788771893,-1.18272242245897,836
1369.39624023438,18,72,10,36.9297120322611,-1.18272242245897,812
1300.84997558594,18,70,10,36.9838782354477,-1.18272242245897,758
1294.45227050781,16,71,5,36.9859615509549,-1.18272242245897,762
1294.45227050781,16,71,5,36.9880448664621,-1.18272242245897,770
1294.45227050781,16,71,5,36.9922114974764,-1.18272242245897,777
1207.4873046875,15,71,3,37.0213779145769,-1.18272242245897,766
1184.16357421875,15,72,2,37.0317944921128,-1.18272242245897,797
1158.34997558594,13,71,5,37.0463777006631,-1.18272242245897,849
1162.0732421875,13,70,3,37.0713774867492,-1.18272242245897,755
1073.05627441406,10,71,6,37.0942939573282,-1.18272242245897,782
1026.48181152344,12,69,6,37.1067938503712,-1.18272242245897,736
1035.59826660156,11,70,7,37.1401268984861,-1.18272242245897,741
1032.81982421875,12,70,7,37.1442935295004,-1.18272242245897,718
616.714050292969,15,69,2,36.5422153479259,-1.18480577649545,853
960.437133789062,18,67,4,36.5797150270551,-1.18480577649545,659
960.437133789062,18,67,4,36.5838816580694,-1.18480577649545,634
1323.20532226562,16,64,8,36.5984648666197,-1.18480577649545,537
1478.45727539062,22,62,20,36.6317979147345,-1.18480577649545,531
1551.416015625,21,60,17,36.6380478612561,-1.18480577649545,514
1654.82189941406,19,58,9,36.6442978077776,-1.18480577649545,496
1654.82189941406,19,58,9,36.6505477542992,-1.18480577649545,464
1702.07788085938,20,58,28,36.6588810163279,-1.18480577649545,514
1687.99255371094,26,56,10,36.6817974869068,-1.18480577649545,448
1691.16613769531,25,58,21,36.6859641179212,-1.18480577649545,440
1648.306640625,30,57,19,36.7213804815432,-1.18480577649545,424
1635.52624511719,34,58,13,36.7463802676294,-1.18480577649545,474
1672.54016113281,26,57,16,36.7713800537155,-1.18480577649545,469
1672.54016113281,26,57,16,36.7755466847299,-1.18480577649545,505
1655.29943847656,29,58,23,36.7797133157442,-1.18480577649545,521
1618.3486328125,30,58,24,36.800546470816,-1.18480577649545,504
1608.13830566406,24,57,12,36.8047131018304,-1.18480577649545,450
1608.13830566406,24,57,12,36.8067964173375,-1.18480577649545,426
1613.98974609375,22,57,14,36.8172129948734,-1.18480577649545,391
1539.55786132812,25,60,11,36.8672125670457,-1.18480577649545,439
1477.19287109375,26,59,11,36.8797124600888,-1.18480577649545,478
1362.01647949219,19,73,1,36.9067955616821,-1.18480577649545,773
1366.88000488281,19,74,30,36.9213787702324,-1.18480577649545,968
1315.07568359375,19,74,15,36.9672117113903,-1.18480577649545,801
1237.51733398438,14,72,5,37.0130446525482,-1.18480577649545,765
1184.16357421875,15,72,2,37.03387780762,-1.18480577649545,801
1167.45581054688,15,72,6,37.0359611231272,-1.18480577649545,843
1154.41735839844,13,72,9,37.0838773797923,-1.18480577649545,859
1125.1572265625,12,73,6,37.0859606952994,-1.18480577649545,890
1125.1572265625,12,73,6,37.0880440108066,-1.18480577649545,918
1011.15808105469,11,70,11,37.1130437968928,-1.18480577649545,774
1035.59826660156,11,70,7,37.1422102139933,-1.18480577649545,716
1004.42071533203,10,70,2,37.1526267915292,-1.18480577649545,746
1004.42071533203,10,70,2,37.1588767380507,-1.18480577649545,715
616.714050292969,15,69,2,36.5401320324187,-1.18688913053192,870
866.075073242188,15,65,0,36.5692984495192,-1.18688913053192,660
1522.12036132812,19,62,8,36.6151313906771,-1.18688913053192,458
1490.32543945312,20,58,15,36.6192980216915,-1.18688913053192,485
1490.32543945312,20,58,15,36.6234646527058,-1.18688913053192,515
1478.45727539062,22,62,20,36.6297145992274,-1.18688913053192,518
1698.73937988281,22,57,38,36.6713809093709,-1.18688913053192,439
1687.99255371094,26,56,10,36.6797141713997,-1.18688913053192,454
1708.07983398438,33,55,14,36.706797272993,-1.18688913053192,385
1615.302734375,26,60,50,36.7276304280648,-1.18688913053192,493
1612.33984375,28,58,24,36.742213636615,-1.18688913053192,450
1636.71936035156,27,59,15,36.7880465777729,-1.18688913053192,532
1636.71936035156,27,59,15,36.7901298932801,-1.18688913053192,484
1617.23022460938,26,56,33,36.8255462569021,-1.18688913053192,558
1583.24816894531,22,58,15,36.8401294654524,-1.18688913053192,589
1550.33508300781,26,55,21,36.8567959895098,-1.18688913053192,501
1550.33508300781,26,55,21,36.858879305017,-1.18688913053192,487
1539.55786132812,25,60,11,36.8630459360314,-1.18688913053192,430
1519.57141113281,24,58,12,36.8692958825529,-1.18688913053192,436
1362.01647949219,19,73,1,36.9047122461749,-1.18688913053192,810
1306.20129394531,18,72,7,36.9734616579118,-1.18688913053192,782
1300.84997558594,18,70,10,36.9776282889262,-1.18688913053192,771
1167.45581054688,15,72,6,37.0359611231272,-1.18688913053192,844
1157.94140625,13,72,5,37.056794278199,-1.18688913053192,766
1073.05627441406,10,71,6,37.0963772728353,-1.18688913053192,767
1011.15808105469,11,70,11,37.1130437968928,-1.18688913053192,782
1017.42663574219,11,71,1,37.1213770589215,-1.18688913053192,721
1017.42663574219,11,71,1,37.1234603744287,-1.18688913053192,721
1017.42663574219,11,71,1,37.1255436899358,-1.18688913053192,776
1004.42071533203,10,70,2,37.1526267915292,-1.18688913053192,743
961.885925292969,11,67,4,37.1651266845722,-1.18688913053192,711
599.336669921875,13,70,0,36.5338820858972,-1.1889724845684,896
697.339111328125,14,67,0,36.5547152409689,-1.1889724845684,826
697.339111328125,14,67,0,36.5567985564761,-1.1889724845684,777
960.437133789062,18,67,4,36.5797150270551,-1.1889724845684,656
960.437133789062,18,67,4,36.5817983425623,-1.1889724845684,664
960.437133789062,18,67,4,36.5838816580694,-1.1889724845684,638
1088.77526855469,19,64,3,36.5859649735766,-1.1889724845684,600
1522.12036132812,19,62,8,36.6172147061843,-1.1889724845684,473
1490.32543945312,20,58,15,36.6234646527058,-1.1889724845684,488
1687.99255371094,26,56,10,36.6797141713997,-1.1889724845684,452
1691.16613769531,25,58,21,36.6859641179212,-1.1889724845684,446
1691.16613769531,25,58,21,36.6901307489355,-1.1889724845684,419
1707.23193359375,27,57,17,36.6963806954571,-1.1889724845684,406
1708.07983398438,33,55,14,36.7047139574858,-1.1889724845684,403
1673.96264648438,25,57,23,36.7609634761796,-1.1889724845684,453
1672.54016113281,26,57,16,36.7755466847299,-1.1889724845684,523
1618.3486328125,30,58,24,36.800546470816,-1.1889724845684,496
1613.98974609375,22,57,14,36.8130463638591,-1.1889724845684,445
1583.24816894531,22,58,15,36.8380461499452,-1.1889724845684,560
1539.55786132812,25,60,11,36.8672125670457,-1.1889724845684,429
1422.26782226562,21,61,5,36.8880457221175,-1.1889724845684,675
1347.59362792969,20,72,14,36.9484618718257,-1.1889724845684,727
1330.3046875,24,71,7,36.9547118183472,-1.1889724845684,674
1306.20129394531,18,72,7,36.9713783424046,-1.1889724845684,777
1300.84997558594,18,70,10,36.9776282889262,-1.1889724845684,784
1284.89965820312,15,72,6,37.0005447595051,-1.1889724845684,836
1266.3798828125,13,71,3,37.0047113905195,-1.1889724845684,802
1237.51733398438,14,72,5,37.0172112835626,-1.1889724845684,811
1167.45581054688,15,72,6,37.0422110696487,-1.1889724845684,813
1157.94140625,13,72,5,37.056794278199,-1.1889724845684,761
1157.94140625,13,72,5,37.0588775937061,-1.1889724845684,774
1162.0732421875,13,70,3,37.0713774867492,-1.1889724845684,833
1125.1572265625,12,73,6,37.0880440108066,-1.1889724845684,885
1026.48181152344,12,69,6,37.1026272193569,-1.1889724845684,715
1026.48181152344,12,69,6,37.1047105348641,-1.1889724845684,718
1017.42663574219,11,71,1,37.1213770589215,-1.1889724845684,707
1017.42663574219,11,71,1,37.1234603744287,-1.1889724845684,726
1027.490234375,10,70,5,37.1297103209502,-1.1889724845684,781
1004.42071533203,10,70,2,37.1588767380507,-1.1889724845684,724
1133.08862304688,28,62,81,36.590131604591,-1.19105583860487,574
1443.08984375,19,60,16,36.6276312837202,-1.19105583860487,520
1610.16918945312,20,59,14,36.6442978077776,-1.19105583860487,424
1684.49072265625,19,58,6,36.6588810163279,-1.19105583860487,413
1670.49963378906,26,56,13,36.683880802414,-1.19105583860487,444
1682.302734375,23,57,20,36.6984640109643,-1.19105583860487,413
1687.41906738281,26,60,26,36.7026306419786,-1.19105583860487,411
1618.44360351562,25,62,24,36.7588801606724,-1.19105583860487,440
1618.58117675781,23,57,8,36.777630000237,-1.19105583860487,519
1618.58117675781,23,57,8,36.7817966312514,-1.19105583860487,512
1595.78918457031,23,58,17,36.8047131018304,-1.19105583860487,496
1607.07629394531,23,56,16,36.8109630483519,-1.19105583860487,525
1611.09069824219,22,59,11,36.8213796258878,-1.19105583860487,534
1507.12622070312,23,56,14,36.8672125670457,-1.19105583860487,465
1482.3720703125,24,53,22,36.8692958825529,-1.19105583860487,439
1482.3720703125,24,53,22,36.8734625135672,-1.19105583860487,439
1482.3720703125,24,53,22,36.8755458290744,-1.19105583860487,442
1399.90698242188,21,58,11,36.8922123531319,-1.19105583860487,815
1352.36755371094,23,64,28,36.8984622996534,-1.19105583860487,933
1313.57043457031,23,71,26,36.9109621926965,-1.19105583860487,878
1341.10595703125,17,72,5,36.9380452942898,-1.19105583860487,724
1290.3291015625,19,73,7,36.9734616579118,-1.19105583860487,768
1267.1328125,15,71,4,36.9963781284908,-1.19105583860487,894
1157.81567382812,16,73,5,37.0380444386343,-1.19105583860487,888
1145.77453613281,17,74,1,37.0463777006631,-1.19105583860487,820
1115.63244628906,12,72,5,37.0901273263138,-1.19105583860487,849
988.722534179688,10,69,3,37.1359602674717,-1.19105583860487,731
988.722534179688,10,69,3,37.1401268984861,-1.19105583860487,752
984.647094726562,11,70,2,37.1484601605148,-1.19105583860487,739
762.021179199219,18,68,1,36.5630485029977,-1.19313919264134,777
863.7294921875,16,67,4,36.5692984495192,-1.19313919264134,698
863.7294921875,16,67,4,36.5734650805336,-1.19313919264134,691
971.177917480469,16,67,3,36.5797150270551,-1.19313919264134,658
1668.50524902344,24,57,16,36.6880474334284,-1.19313919264134,459
1677.18005371094,29,59,45,36.7130472195145,-1.19313919264134,433
1638.06066894531,22,56,11,36.7297137435719,-1.19313919264134,511
1615.37109375,17,58,6,36.7505468986437,-1.19313919264134,455
1618.44360351562,25,62,24,36.7547135296581,-1.19313919264134,457
1618.44360351562,25,62,24,36.7588801606724,-1.19313919264134,451
1618.58117675781,23,57,8,36.7797133157442,-1.19313919264134,519
1605.77661132812,28,58,19,36.7880465777729,-1.19313919264134,548
1605.77661132812,28,58,19,36.7901298932801,-1.19313919264134,495
1597.33422851562,26,57,6,36.8338795189309,-1.19313919264134,583
1399.90698242188,21,58,11,36.8901290376247,-1.19313919264134,625
1352.36755371094,23,64,28,36.8984622996534,-1.19313919264134,840
1321.34240722656,17,74,4,36.9213787702324,-1.19313919264134,770
1319.57629394531,16,73,6,36.9567951338544,-1.19313919264134,678
1279.43298339844,17,72,5,36.9776282889262,-1.19313919264134,792
1279.43298339844,17,72,5,36.9797116044333,-1.19313919264134,790
1279.43298339844,17,72,5,36.9838782354477,-1.19313919264134,799
1267.1328125,15,71,4,36.9942948129836,-1.19313919264134,807
1267.1328125,15,71,4,36.9963781284908,-1.19313919264134,891
1255.11486816406,15,72,5,37.0088780215338,-1.19313919264134,867
1206.09521484375,14,72,5,37.0234612300841,-1.19313919264134,966
1157.81567382812,16,73,5,37.0380444386343,-1.19313919264134,864
1139.6630859375,13,71,0,37.0588775937061,-1.19313919264134,785
1137.51879882812,12,69,1,37.0630442247205,-1.19313919264134,793
981.319152832031,10,70,6,37.1109604813856,-1.19313919264134,699
616.931030273438,15,70,2,36.5401320324187,-1.19522254667782,871
652.628601074219,13,69,1,36.5442986634331,-1.19522254667782,827
697.029724121094,14,67,0,36.5567985564761,-1.19522254667782,743
697.029724121094,14,67,0,36.5588818719833,-1.19522254667782,717
762.021179199219,18,68,1,36.567215134012,-1.19522254667782,773
863.7294921875,16,67,4,36.5713817650264,-1.19522254667782,675
863.7294921875,16,67,4,36.5755483960407,-1.19522254667782,700
971.177917480469,16,67,3,36.5838816580694,-1.19522254667782,583
1133.08862304688,28,62,81,36.590131604591,-1.19522254667782,596
1133.08862304688,28,62,81,36.5922149200982,-1.19522254667782,733
1530.10559082031,16,61,7,36.6047148131412,-1.19522254667782,473
1475.19348144531,24,58,14,36.6192980216915,-1.19522254667782,551
1700.45629882812,19,57,17,36.6630476473422,-1.19522254667782,463
1668.50524902344,24,57,16,36.6859641179212,-1.19522254667782,429
1687.41906738281,26,60,26,36.7026306419786,-1.19522254667782,390
1660.00830078125,27,59,36,36.7255471125576,-1.19522254667782,508
1638.06066894531,22,56,11,36.7297137435719,-1.19522254667782,525
1638.06066894531,22,56,11,36.7338803745863,-1.19522254667782,481
1615.37109375,17,58,6,36.7442969521222,-1.19522254667782,449
1595.40466308594,26,58,13,36.7942965242945,-1.19522254667782,503
1611.09069824219,22,59,11,36.8213796258878,-1.19522254667782,505
1611.09069824219,22,59,11,36.8255462569021,-1.19522254667782,487
1547.27966308594,22,57,20,36.8442960964667,-1.19522254667782,600
1547.27966308594,22,57,20,36.8463794119739,-1.19522254667782,572
1482.3720703125,24,53,22,36.8713791980601,-1.19522254667782,477
1399.90698242188,21,58,11,36.8922123531319,-1.19522254667782,763
1341.10595703125,17,72,5,36.9359619787826,-1.19522254667782,746
1335.22314453125,16,74,8,36.9505451873328,-1.19522254667782,736
1290.3291015625,19,73,7,36.9713783424046,-1.19522254667782,718
1279.43298339844,17,72,5,36.9797116044333,-1.19522254667782,795
1272.21655273438,17,73,4,36.9901281819692,-1.19522254667782,814
1233.79248046875,14,70,3,37.0172112835626,-1.19522254667782,868
1145.77453613281,17,74,1,37.0463777006631,-1.19522254667782,874
1145.77453613281,17,74,1,37.0484610161702,-1.19522254667782,877
1145.77453613281,17,74,1,37.0505443316774,-1.19522254667782,873
1136.61828613281,14,70,1,37.069294171242,-1.19522254667782,804
1136.61828613281,14,70,1,37.0713774867492,-1.19522254667782,817
978.909118652344,10,70,3,37.127627005443,-1.19522254667782,710
988.722534179688,10,69,3,37.1359602674717,-1.19522254667782,717
593.557373046875,15,70,0,36.5338820858972,-1.19730590071429,900
1390.06201171875,17,62,5,36.5963815511125,-1.19730590071429,448
1529.15991210938,18,60,12,36.6109647596628,-1.19730590071429,455
1475.19348144531,24,58,14,36.6213813371987,-1.19730590071429,584
1610.16918945312,20,59,14,36.648464438792,-1.19730590071429,473
1610.16918945312,20,59,14,36.6505477542992,-1.19730590071429,474
1670.49963378906,26,56,13,36.6797141713997,-1.19730590071429,443
1668.50524902344,24,57,16,36.6859641179212,-1.19730590071429,438
1620.2939453125,24,58,25,36.7359636900935,-1.19730590071429,446
1605.77661132812,28,58,19,36.7880465777729,-1.19730590071429,503
1595.78918457031,23,58,17,36.8026297863232,-1.19730590071429,478
1482.3720703125,24,53,22,36.8713791980601,-1.19730590071429,474
1482.3720703125,24,53,22,36.8734625135672,-1.19730590071429,496
1482.3720703125,24,53,22,36.8755458290744,-1.19730590071429,514
1313.57043457031,23,71,26,36.9109621926965,-1.19730590071429,654
1313.57043457031,23,71,26,36.9130455082036,-1.19730590071429,703
1303.15466308594,19,74,18,36.9651283958831,-1.19730590071429,747
1233.79248046875,14,70,3,37.0151279680554,-1.19730590071429,852
1233.79248046875,14,70,3,37.0172112835626,-1.19730590071429,904
1206.09521484375,14,72,5,37.0234612300841,-1.19730590071429,857
1178.455078125,14,73,3,37.0317944921128,-1.19730590071429,818
1136.61828613281,14,70,1,37.0713774867492,-1.19730590071429,788
1133.63977050781,13,71,0,37.0817940642851,-1.19730590071429,777
978.909118652344,10,70,3,37.127627005443,-1.19730590071429,718
988.722534179688,10,69,3,37.1359602674717,-1.19730590071429,683
620.143920898438,14,70,2,36.5359654014043,-1.19938925475077,870
886.950073242188,15,66,2,36.5692984495192,-1.19938925475077,643
886.950073242188,15,66,2,36.5713817650264,-1.19938925475077,652
1182.47546386719,20,63,6,36.5859649735766,-1.19938925475077,557
1700.5908203125,21,59,18,36.6672142783566,-1.19938925475077,425
1658.46325683594,21,59,19,36.6859641179212,-1.19938925475077,458
1665.19384765625,26,59,24,36.7109639040073,-1.19938925475077,430
1657.08459472656,21,59,16,36.719297166036,-1.19938925475077,433
1642.76989746094,24,57,57,36.7317970590791,-1.19938925475077,480
1625.03662109375,22,59,34,36.7380470056006,-1.19938925475077,454
1605.57922363281,18,59,17,36.7672134227011,-1.19938925475077,438
1581.01989746094,25,60,8,36.7942965242945,-1.19938925475077,500
1589.45104980469,23,57,16,36.8317962034237,-1.19938925475077,466
1541.89807128906,24,57,18,36.8442960964667,-1.19938925475077,577
1402.63159179688,22,63,1,36.8859624066103,-1.19938925475077,673
1299.84045410156,18,75,0,36.9109621926965,-1.19938925475077,750
1322.69873046875,18,71,6,36.9380452942898,-1.19938925475077,764
1322.69873046875,18,71,6,36.9422119253041,-1.19938925475077,737
1242.49096679688,18,70,2,37.0005447595051,-1.19938925475077,838
1226.80200195312,15,68,5,37.0026280750123,-1.19938925475077,853
1211.94641113281,15,67,0,37.0151279680554,-1.19938925475077,885
1211.94641113281,15,67,0,37.0172112835626,-1.19938925475077,921
1160.08581542969,16,71,1,37.0276278610985,-1.19938925475077,837
1091.0380859375,12,70,6,37.0776274332707,-1.19938925475077,754
1091.0380859375,12,70,6,37.0797107487779,-1.19938925475077,737
1091.0380859375,12,70,6,37.0838773797923,-1.19938925475077,760
1080.97595214844,9,69,1,37.0880440108066,-1.19938925475077,803
1028.40661621094,10,71,3,37.1088771658784,-1.19938925475077,715
979.515014648438,11,72,4,37.1213770589215,-1.19938925475077,741
620.143920898438,14,70,2,36.5401320324187,-1.20147260878724,836
620.143920898438,14,70,2,36.5422153479259,-1.20147260878724,824
660.526550292969,14,69,0,36.5442986634331,-1.20147260878724,842
660.526550292969,14,69,0,36.5463819789402,-1.20147260878724,821
886.950073242188,15,66,2,36.5713817650264,-1.20147260878724,638
1007.54235839844,16,66,5,36.5776317115479,-1.20147260878724,651
1465.75622558594,23,61,7,36.6234646527058,-1.20147260878724,445
1459.65625,23,59,22,36.6422144922704,-1.20147260878724,517
1700.5908203125,21,59,18,36.6630476473422,-1.20147260878724,495
1663.25769042969,22,56,17,36.6963806954571,-1.20147260878724,418
1668.17956542969,22,58,17,36.706797272993,-1.20147260878724,416
1665.19384765625,26,59,24,36.7172138505289,-1.20147260878724,449
1642.76989746094,24,57,57,36.7276304280648,-1.20147260878724,441
1625.03662109375,22,59,34,36.742213636615,-1.20147260878724,486
1607.8408203125,19,62,26,36.7526302141509,-1.20147260878724,451
1605.57922363281,18,59,17,36.7609634761796,-1.20147260878724,447
1600.20520019531,24,57,24,36.7817966312514,-1.20147260878724,507
1599.24426269531,21,59,14,36.8192963103806,-1.20147260878724,485
1568.18627929688,22,56,7,36.835962834438,-1.20147260878724,541
1541.89807128906,24,57,18,36.8442960964667,-1.20147260878724,529
1541.89807128906,24,57,18,36.8484627274811,-1.20147260878724,469
1514.38647460938,26,55,29,36.8567959895098,-1.20147260878724,537
1485.49816894531,24,57,41,36.8651292515385,-1.20147260878724,486
1459.24157714844,24,59,12,36.8692958825529,-1.20147260878724,477
1459.24157714844,24,59,12,36.8713791980601,-1.20147260878724,489
1459.24157714844,24,59,12,36.8755458290744,-1.20147260878724,503
1360.23315429688,18,62,5,36.8963789841462,-1.20147260878724,792
1308.13916015625,17,71,5,36.9338786632754,-1.20147260878724,834
1283.35888671875,16,68,9,36.9797116044333,-1.20147260878724,725
1226.80200195312,15,68,5,37.0067947060267,-1.20147260878724,773
1211.94641113281,15,67,0,37.010961337041,-1.20147260878724,807
1189.52612304688,14,69,0,37.0213779145769,-1.20147260878724,845
1091.0380859375,12,70,6,37.0776274332707,-1.20147260878724,745
1091.0380859375,12,70,6,37.0817940642851,-1.20147260878724,729
1059.01281738281,10,71,12,37.0963772728353,-1.20147260878724,729
1059.01281738281,10,71,12,37.1005439038497,-1.20147260878724,688
999.832336425781,10,72,14,37.1130437968928,-1.20147260878724,787
969.347473144531,11,73,7,37.1380435829789,-1.20147260878724,774
587.621887207031,14,70,0,36.53179877039,-1.20355596282371,853
703.6259765625,18,68,0,36.5588818719833,-1.20355596282371,778
1182.47546386719,20,63,6,36.5859649735766,-1.20355596282371,567
1424.45153808594,23,58,60,36.6317979147345,-1.20355596282371,482
1566.193359375,21,58,19,36.6442978077776,-1.20355596282371,460
1566.193359375,21,58,19,36.6505477542992,-1.20355596282371,467
1664.5751953125,19,59,6,36.6588810163279,-1.20355596282371,476
1700.5908203125,21,59,18,36.6672142783566,-1.20355596282371,510
1668.17956542969,22,58,17,36.706797272993,-1.20355596282371,415
1665.19384765625,26,59,24,36.7172138505289,-1.20355596282371,465
1657.08459472656,21,59,16,36.719297166036,-1.20355596282371,462
1625.03662109375,22,59,34,36.7380470056006,-1.20355596282371,492
1613.32666015625,19,60,31,36.7442969521222,-1.20355596282371,477
1600.20520019531,24,57,24,36.7838799467586,-1.20355596282371,501
1541.89807128906,24,57,18,36.8463794119739,-1.20355596282371,506
1299.84045410156,18,75,0,36.9130455082036,-1.20355596282371,779
1295.33349609375,18,71,6,36.9213787702324,-1.20355596282371,825
1322.70727539062,17,72,14,36.9505451873328,-1.20355596282371,726
1303.63330078125,16,72,5,36.9692950268975,-1.20355596282371,872
1211.94641113281,15,67,0,37.010961337041,-1.20355596282371,805
1160.08581542969,16,71,1,37.03387780762,-1.20355596282371,926
1120.47277832031,18,72,4,37.0505443316774,-1.20355596282371,847
1096.82189941406,14,70,18,37.069294171242,-1.20355596282371,694
999.832336425781,10,72,14,37.1130437968928,-1.20355596282371,778
1007.54235839844,16,66,5,36.5817983425623,-1.20563931686019,585
1007.54235839844,16,66,5,36.5838816580694,-1.20563931686019,558
1182.47546386719,20,63,6,36.5859649735766,-1.20563931686019,525
1549.57006835938,16,63,10,36.6088814441556,-1.20563931686019,464
1528.99938964844,20,62,8,36.6151313906771,-1.20563931686019,477
1465.75622558594,23,61,7,36.6234646527058,-1.20563931686019,441
1424.45153808594,23,58,60,36.6276312837202,-1.20563931686019,436
1424.45153808594,23,58,60,36.6317979147345,-1.20563931686019,498
1566.193359375,21,58,19,36.648464438792,-1.20563931686019,441
1566.193359375,21,58,19,36.6505477542992,-1.20563931686019,449
1665.19384765625,26,59,24,36.7130472195145,-1.20563931686019,481
1657.08459472656,21,59,16,36.7213804815432,-1.20563931686019,463
1642.76989746094,24,57,57,36.7317970590791,-1.20563931686019,461
1600.20520019531,24,57,24,36.7838799467586,-1.20563931686019,506
1581.01989746094,25,60,8,36.7963798398016,-1.20563931686019,521
1596.19775390625,21,58,8,36.8172129948734,-1.20563931686019,508
1541.89807128906,24,57,18,36.8442960964667,-1.20563931686019,497
1459.24157714844,24,59,12,36.8692958825529,-1.20563931686019,514
1459.24157714844,24,59,12,36.8713791980601,-1.20563931686019,553
1435.08032226562,21,57,1,36.8838790911031,-1.20563931686019,652
1360.23315429688,18,62,5,36.894295668639,-1.20563931686019,721
1316.29931640625,16,70,11,36.9588784493616,-1.20563931686019,749
1303.63330078125,16,72,5,36.9734616579118,-1.20563931686019,930
1283.35888671875,16,68,9,36.9776282889262,-1.20563931686019,790
1242.49096679688,18,70,2,36.9942948129836,-1.20563931686019,817
1160.08581542969,16,71,1,37.0276278610985,-1.20563931686019,865
1160.08581542969,16,71,1,37.0317944921128,-1.20563931686019,928
1135.80737304688,17,73,3,37.0380444386343,-1.20563931686019,884
1120.47277832031,18,72,4,37.0442943851559,-1.20563931686019,904
1080.97595214844,9,69,1,37.0901273263138,-1.20563931686019,794
999.832336425781,10,72,14,37.1151271123999,-1.20563931686019,764
970.63720703125,10,72,14,37.1317936364574,-1.20563931686019,757
970.63720703125,10,72,14,37.1338769519646,-1.20563931686019,739
969.347473144531,11,73,7,37.1380435829789,-1.20563931686019,706
672.370544433594,15,68,0,36.5442986634331,-1.20772267089666,820
672.370544433594,15,68,0,36.5484652944474,-1.20772267089666,822
717.471496582031,15,68,1,36.5547152409689,-1.20772267089666,832
1067.47216796875,19,64,17,36.5817983425623,-1.20772267089666,594
1232.51538085938,19,61,10,36.5859649735766,-1.20772267089666,518
1537.24938964844,18,61,8,36.6172147061843,-1.20772267089666,445
1550.78125,22,58,61,36.6505477542992,-1.20772267089666,440
1671.26647949219,20,59,16,36.6776308558925,-1.20772267089666,462
1651.82641601562,22,58,15,36.7005473264714,-1.20772267089666,428
1646.59448242188,20,58,20,36.719297166036,-1.20772267089666,455
1646.59448242188,20,58,20,36.7234637970504,-1.20772267089666,463
1612.38696289062,18,59,15,36.7463802676294,-1.20772267089666,501
1608.05163574219,22,61,17,36.7526302141509,-1.20772267089666,488
1608.05163574219,22,61,17,36.7547135296581,-1.20772267089666,491
1593.00415039062,22,58,15,36.7797133157442,-1.20772267089666,502
1569.15100097656,19,57,12,36.8026297863232,-1.20772267089666,431
1569.15100097656,19,57,12,36.8088797328447,-1.20772267089666,458
1564.796875,22,57,11,36.8401294654524,-1.20772267089666,508
1511.99755859375,22,56,21,36.8567959895098,-1.20772267089666,486
1461.52941894531,21,59,4,36.881795775596,-1.20772267089666,548
1405.19836425781,18,68,0,36.8963789841462,-1.20772267089666,770
1371.18286132812,17,73,2,36.9026289306677,-1.20772267089666,709
1312.31420898438,19,74,0,36.9338786632754,-1.20772267089666,905
1314.38134765625,19,74,3,36.9380452942898,-1.20772267089666,914
1314.38134765625,19,74,3,36.940128609797,-1.20772267089666,898
1317.29284667969,16,70,3,36.9734616579118,-1.20772267089666,843
1295.29455566406,15,69,2,36.9797116044333,-1.20772267089666,790
1156.84484863281,16,70,0,37.0213779145769,-1.20772267089666,822
1088.76135253906,11,68,0,37.069294171242,-1.20772267089666,736
568.216125488281,13,70,0,36.5213821928541,-1.20980602493314,835
568.216125488281,13,70,0,36.5234655083613,-1.20980602493314,803
628.598999023438,14,69,5,36.5401320324187,-1.20980602493314,871
807.302124023438,18,67,11,36.567215134012,-1.20980602493314,706
940.030456542969,16,66,4,36.5692984495192,-1.20980602493314,703
1067.47216796875,19,64,17,36.5817983425623,-1.20980602493314,548
1537.24938964844,18,61,8,36.6172147061843,-1.20980602493314,513
1474.81848144531,28,56,46,36.6401311767633,-1.20980602493314,436
1550.78125,22,58,61,36.6463811232848,-1.20980602493314,436
1550.78125,22,58,61,36.648464438792,-1.20980602493314,434
1694.45385742188,20,58,16,36.6692975938638,-1.20980602493314,500
1654.50170898438,20,58,29,36.6880474334284,-1.20980602493314,426
1651.82641601562,22,58,15,36.6984640109643,-1.20980602493314,385
1654.46667480469,24,59,32,36.7026306419786,-1.20980602493314,401
1654.18920898438,21,58,21,36.7151305350217,-1.20980602493314,426
1608.05163574219,22,61,17,36.7567968451653,-1.20980602493314,496
1598.08740234375,21,59,19,36.7734633692227,-1.20980602493314,472
1593.00415039062,22,58,15,36.7838799467586,-1.20980602493314,535
1580.82751464844,22,57,10,36.7901298932801,-1.20980602493314,574
1569.47473144531,23,58,15,36.7942965242945,-1.20980602493314,497
1575.12426757812,22,57,10,36.8109630483519,-1.20980602493314,486
1575.12426757812,22,57,10,36.8151296793663,-1.20980602493314,452
1564.796875,22,57,11,36.835962834438,-1.20980602493314,513
1511.99755859375,22,56,21,36.858879305017,-1.20980602493314,501
1312.31420898438,19,74,0,36.9297120322611,-1.20980602493314,789
1320.76599121094,18,71,3,36.9630450803759,-1.20980602493314,815
1320.76599121094,18,71,3,36.9672117113903,-1.20980602493314,782
1317.29284667969,16,70,3,36.9713783424046,-1.20980602493314,854
1260.82482910156,16,68,3,36.9880448664621,-1.20980602493314,858
1175.45043945312,16,70,1,37.0151279680554,-1.20980602493314,811
1156.84484863281,16,70,0,37.0255445455913,-1.20980602493314,799
1095.77185058594,14,70,1,37.056794278199,-1.20980602493314,734
1080.0380859375,12,72,1,37.0880440108066,-1.20980602493314,827
628.598999023438,14,69,5,36.5359654014043,-1.21188937896961,892
672.370544433594,15,68,0,36.5505486099546,-1.21188937896961,894
940.030456542969,16,66,4,36.5713817650264,-1.21188937896961,701
1455.33288574219,16,64,7,36.5942982356053,-1.21188937896961,496
1483.61730957031,23,61,8,36.6192980216915,-1.21188937896961,506
1454.21594238281,26,56,15,36.6317979147345,-1.21188937896961,485
1474.81848144531,28,56,46,36.6359645457489,-1.21188937896961,459
1645.04565429688,20,59,10,36.6567977008207,-1.21188937896961,427
1694.45385742188,20,58,16,36.6713809093709,-1.21188937896961,485
1654.46667480469,24,59,32,36.706797272993,-1.21188937896961,415
1598.08740234375,21,59,19,36.7713800537155,-1.21188937896961,482
1569.47473144531,23,58,15,36.800546470816,-1.21188937896961,494
1569.15100097656,19,57,12,36.8026297863232,-1.21188937896961,463
1569.15100097656,19,57,12,36.8047131018304,-1.21188937896961,458
1578.64294433594,23,56,9,36.8213796258878,-1.21188937896961,549
1485.81457519531,21,56,13,36.8630459360314,-1.21188937896961,487
1461.52941894531,21,59,4,36.8797124600888,-1.21188937896961,546
1345.833984375,17,74,0,36.9130455082036,-1.21188937896961,890
1323.92724609375,19,77,0,36.9192954547252,-1.21188937896961,828
1312.31420898438,19,74,0,36.9276287167539,-1.21188937896961,784
1312.31420898438,19,74,0,36.9338786632754,-1.21188937896961,822
1314.38134765625,19,74,3,36.9422119253041,-1.21188937896961,864
1314.61462402344,18,68,0,36.9505451873328,-1.21188937896961,956
1317.29284667969,16,70,3,36.9692950268975,-1.21188937896961,788
1317.29284667969,16,70,3,36.9734616579118,-1.21188937896961,781
1260.82482910156,16,68,3,36.9901281819692,-1.21188937896961,1008
1193.64733886719,14,69,2,37.0088780215338,-1.21188937896961,859
1175.45043945312,16,70,1,37.0130446525482,-1.21188937896961,798
1175.45043945312,16,70,1,37.0172112835626,-1.21188937896961,797
1080.0380859375,12,72,1,37.0859606952994,-1.21188937896961,807
1029.21801757812,10,70,3,37.1234603744287,-1.21188937896961,749
1009.69104003906,10,69,1,37.1317936364574,-1.21188937896961,699
1009.69104003906,10,69,1,37.1338769519646,-1.21188937896961,686
959.529113769531,10,70,0,37.1484601605148,-1.21188937896961,720
587.636291503906,13,70,0,36.5276321393756,-1.21397273300609,913
1232.51538085938,19,61,10,36.5859649735766,-1.21397273300609,421
1455.33288574219,16,64,7,36.5942982356053,-1.21397273300609,456
1537.24938964844,18,61,8,36.6172147061843,-1.21397273300609,556
1474.81848144531,28,56,46,36.6359645457489,-1.21397273300609,479
1654.50170898438,20,58,29,36.6880474334284,-1.21397273300609,386
1654.46667480469,24,59,32,36.7047139574858,-1.21397273300609,415
1654.18920898438,21,58,21,36.7172138505289,-1.21397273300609,457
1619.474609375,21,61,34,36.742213636615,-1.21397273300609,507
1593.00415039062,22,58,15,36.7838799467586,-1.21397273300609,546
1569.47473144531,23,58,15,36.7984631553088,-1.21397273300609,550
1569.15100097656,19,57,12,36.8047131018304,-1.21397273300609,450
1576.73425292969,22,56,18,36.8276295724093,-1.21397273300609,595
1576.73425292969,22,56,18,36.8317962034237,-1.21397273300609,544
1564.796875,22,57,11,36.8401294654524,-1.21397273300609,508
1511.99755859375,22,56,21,36.8526293584955,-1.21397273300609,485
1461.52941894531,21,59,4,36.8838790911031,-1.21397273300609,538
1323.92724609375,19,77,0,36.9213787702324,-1.21397273300609,801
1223.09484863281,18,68,5,36.9963781284908,-1.21397273300609,794
1193.64733886719,14,69,2,37.0047113905195,-1.21397273300609,750
1101.47778320312,15,68,2,37.0442943851559,-1.21397273300609,783
1095.77185058594,14,70,1,37.0547109626918,-1.21397273300609,829
1094.04077148438,12,70,1,37.0609609092133,-1.21397273300609,814
1083.01733398438,11,70,3,37.0838773797923,-1.21397273300609,810
1072.16613769531,11,66,1,37.1088771658784,-1.21397273300609,764
1009.69104003906,10,69,1,37.127627005443,-1.21397273300609,733
597.192810058594,14,69,3,36.5297154548828,-1.21605608704256,942
597.192810058594,14,69,3,36.53179877039,-1.21605608704256,923
684.20849609375,15,68,2,36.5505486099546,-1.21605608704256,820
842.357238769531,15,68,5,36.567215134012,-1.21605608704256,725
1098.38525390625,19,65,6,36.5776317115479,-1.21605608704256,636
1098.38525390625,19,65,6,36.5797150270551,-1.21605608704256,593
1552.23156738281,16,66,5,36.6047148131412,-1.21605608704256,471
1492.36279296875,23,57,29,36.6276312837202,-1.21605608704256,533
1627.30078125,20,58,2,36.6567977008207,-1.21605608704256,418
1684.54296875,20,58,18,36.6734642248781,-1.21605608704256,511
1663.95776367188,18,58,14,36.683880802414,-1.21605608704256,422
1648.64562988281,21,58,18,36.6859641179212,-1.21605608704256,401
1643.49584960938,22,58,16,36.6963806954571,-1.21605608704256,440
1645.52282714844,14,60,5,36.7109639040073,-1.21605608704256,403
1620.01232910156,17,59,21,36.7297137435719,-1.21605608704256,479
1606.37670898438,19,59,19,36.7505468986437,-1.21605608704256,513
1583.52478027344,20,57,18,36.777630000237,-1.21605608704256,492
1553.04577636719,22,56,40,36.8401294654524,-1.21605608704256,527
1294.02648925781,16,70,6,36.9797116044333,-1.21605608704256,850
1294.02648925781,16,70,6,36.9838782354477,-1.21605608704256,908
1215.69738769531,17,70,6,36.9963781284908,-1.21605608704256,806
1176.66748046875,23,63,18,37.0067947060267,-1.21605608704256,727
1100.86547851562,12,69,1,37.0526276471846,-1.21605608704256,800
1099.22290039062,12,72,3,37.0817940642851,-1.21605608704256,841
1101.46057128906,11,70,2,37.1172104279071,-1.21605608704256,798
950.333251953125,12,69,0,37.150543476022,-1.21605608704256,743
567.572570800781,14,70,0,36.5234655083613,-1.21813944107903,859
642.885620117188,15,68,5,36.5380487169115,-1.21813944107903,960
684.20849609375,15,68,2,36.5505486099546,-1.21813944107903,830
735.314331054688,16,68,3,36.5567985564761,-1.21813944107903,795
981.793640136719,18,68,4,36.5734650805336,-1.21813944107903,690
1098.38525390625,19,65,6,36.5776317115479,-1.21813944107903,625
1552.23156738281,16,66,5,36.6067981286484,-1.21813944107903,516
1539.77026367188,18,62,7,36.6151313906771,-1.21813944107903,533
1500.79077148438,22,62,10,36.6192980216915,-1.21813944107903,570
1492.36279296875,23,57,29,36.6338812302417,-1.21813944107903,539
1511.35827636719,26,56,75,36.6422144922704,-1.21813944107903,453
1627.30078125,20,58,2,36.6526310698063,-1.21813944107903,464
1681.49987792969,23,57,8,36.6630476473422,-1.21813944107903,457
1684.54296875,20,58,18,36.6755475403853,-1.21813944107903,515
1643.49584960938,22,58,16,36.6984640109643,-1.21813944107903,442
1645.52282714844,14,60,5,36.7109639040073,-1.21813944107903,421
1645.52282714844,14,60,5,36.7151305350217,-1.21813944107903,410
1593.30981445312,18,58,5,36.7609634761796,-1.21813944107903,523
1583.52478027344,20,57,18,36.777630000237,-1.21813944107903,525
1556.75024414062,22,58,17,36.8276295724093,-1.21813944107903,552
1533.99572753906,23,56,19,36.8442960964667,-1.21813944107903,488
1533.99572753906,23,56,19,36.8505460429883,-1.21813944107903,461
1479.51208496094,22,59,18,36.8609626205242,-1.21813944107903,472
1476.58813476562,19,66,7,36.8838790911031,-1.21813944107903,548
1403.21594238281,17,72,8,36.9130455082036,-1.21813944107903,894
1323.03955078125,18,70,0,36.9338786632754,-1.21813944107903,783
1305.005859375,18,72,0,36.940128609797,-1.21813944107903,930
1302.26257324219,17,68,2,36.9442952408113,-1.21813944107903,911
1309.97937011719,15,70,3,36.9692950268975,-1.21813944107903,779
1294.02648925781,16,70,6,36.9817949199405,-1.21813944107903,886
1133.06420898438,15,70,0,37.0255445455913,-1.21813944107903,867
1101.25952148438,12,71,3,37.0672108557348,-1.21813944107903,823
1100.60510253906,12,69,0,37.0755441177636,-1.21813944107903,814
1099.22290039062,12,72,3,37.0797107487779,-1.21813944107903,865
1099.22290039062,12,72,3,37.0838773797923,-1.21813944107903,856
1114.63684082031,11,71,5,37.0942939573282,-1.21813944107903,946
1114.63684082031,11,71,5,37.0984605883425,-1.21813944107903,854
1120.55065917969,10,68,5,37.1067938503712,-1.21813944107903,793
1022.60668945312,10,71,0,37.1297103209502,-1.21813944107903,749
1022.60668945312,10,71,0,37.1338769519646,-1.21813944107903,772
988.335876464844,10,71,2,37.1422102139933,-1.21813944107903,745
597.192810058594,14,69,3,36.5276321393756,-1.22022279511551,905
642.885620117188,15,68,5,36.5359654014043,-1.22022279511551,840
842.357238769531,15,68,5,36.567215134012,-1.22022279511551,686
1459.93249511719,19,62,7,36.6005481821269,-1.22022279511551,450
1627.30078125,20,58,2,36.6547143853135,-1.22022279511551,406
1681.49987792969,23,57,8,36.6672142783566,-1.22022279511551,491
1684.54296875,20,58,18,36.6734642248781,-1.22022279511551,513
1648.64562988281,21,58,18,36.6922140644427,-1.22022279511551,431
1643.49584960938,22,58,16,36.6963806954571,-1.22022279511551,470
1645.52282714844,14,60,5,36.7109639040073,-1.22022279511551,437
1609.83203125,17,58,11,36.7401303211078,-1.22022279511551,499
1606.37670898438,19,59,19,36.7505468986437,-1.22022279511551,513
1602.07482910156,19,57,17,36.7588801606724,-1.22022279511551,555
1593.30981445312,18,58,5,36.765130107194,-1.22022279511551,504
1587.11145019531,16,57,10,36.7734633692227,-1.22022279511551,531
1476.58813476562,19,66,7,36.8776291445816,-1.22022279511551,503
1445.55029296875,19,75,0,36.8963789841462,-1.22022279511551,750
1403.21594238281,17,72,8,36.9151288237108,-1.22022279511551,825
1302.26257324219,17,68,2,36.9505451873328,-1.22022279511551,806
1304.63330078125,15,68,4,36.95262850284,-1.22022279511551,798
1304.63330078125,15,68,4,36.9567951338544,-1.22022279511551,836
1294.02648925781,16,70,6,36.9817949199405,-1.22022279511551,880
1294.02648925781,16,70,6,36.9838782354477,-1.22022279511551,899
1260.45617675781,16,70,3,36.9859615509549,-1.22022279511551,882
1260.45617675781,16,70,3,36.9880448664621,-1.22022279511551,877
1215.69738769531,17,70,6,36.998461443998,-1.22022279511551,786
1100.86547851562,12,69,1,37.0588775937061,-1.22022279511551,797
1114.63684082031,11,71,5,37.1005439038497,-1.22022279511551,876
1101.46057128906,11,70,2,37.1109604813856,-1.22022279511551,809
1101.46057128906,11,70,2,37.1130437968928,-1.22022279511551,821
1022.60668945312,10,71,0,37.1338769519646,-1.22022279511551,761
988.335876464844,10,71,2,37.1401268984861,-1.22022279511551,772
567.572570800781,14,70,0,36.5192988773469,-1.22230614915198,809
642.885620117188,15,68,5,36.5359654014043,-1.22230614915198,834
642.885620117188,15,68,5,36.5422153479259,-1.22230614915198,839
684.20849609375,15,68,2,36.5484652944474,-1.22230614915198,860
735.314331054688,16,68,3,36.5588818719833,-1.22230614915198,733
842.357238769531,15,68,5,36.567215134012,-1.22230614915198,658
981.793640136719,18,68,4,36.5734650805336,-1.22230614915198,672
1459.93249511719,19,62,7,36.5942982356053,-1.22230614915198,445
1459.93249511719,19,62,7,36.6005481821269,-1.22230614915198,448
1552.23156738281,16,66,5,36.6088814441556,-1.22230614915198,469
1511.35827636719,26,56,75,36.6401311767633,-1.22230614915198,415
1627.30078125,20,58,2,36.6567977008207,-1.22230614915198,411
1663.95776367188,18,58,14,36.683880802414,-1.22230614915198,425
1648.64562988281,21,58,18,36.6880474334284,-1.22230614915198,427
1643.49584960938,22,58,16,36.6942973799499,-1.22230614915198,482
1644.83251953125,16,57,22,36.7026306419786,-1.22230614915198,418
1645.52282714844,14,60,5,36.7172138505289,-1.22230614915198,417
1609.83203125,17,58,11,36.7401303211078,-1.22230614915198,496
1602.07482910156,19,57,17,36.7526302141509,-1.22230614915198,537
1602.07482910156,19,57,17,36.7547135296581,-1.22230614915198,549
1587.11145019531,16,57,10,36.7692967382083,-1.22230614915198,584
1583.52478027344,20,57,18,36.777630000237,-1.22230614915198,527
1552.77624511719,24,56,24,36.8047131018304,-1.22230614915198,523
1552.77624511719,24,56,24,36.8067964173375,-1.22230614915198,524
1550.0244140625,21,56,33,36.8172129948734,-1.22230614915198,539
1552.43664550781,20,58,2,36.823462941395,-1.22230614915198,550
1552.43664550781,20,58,2,36.8255462569021,-1.22230614915198,539
1503.59191894531,21,57,16,36.8526293584955,-1.22230614915198,467
1474.13330078125,20,64,8,36.8713791980601,-1.22230614915198,532
1445.55029296875,19,75,0,36.8984622996534,-1.22230614915198,715
1302.26257324219,17,68,2,36.9484618718257,-1.22230614915198,765
1304.63330078125,15,68,4,36.9567951338544,-1.22230614915198,769
1310.30395507812,15,71,3,36.9609617648687,-1.22230614915198,851
1294.02648925781,16,70,6,36.9776282889262,-1.22230614915198,746
1133.06420898438,15,70,0,37.0213779145769,-1.22230614915198,737
1100.86547851562,12,69,1,37.0588775937061,-1.22230614915198,830
1101.25952148438,12,71,3,37.0630442247205,-1.22230614915198,842
1099.22290039062,12,72,3,37.0776274332707,-1.22230614915198,843
1099.22290039062,12,72,3,37.0817940642851,-1.22230614915198,860
1022.60668945312,10,71,0,37.1297103209502,-1.22230614915198,760
1022.60668945312,10,71,0,37.1338769519646,-1.22230614915198,749
950.333251953125,12,69,0,37.1442935295004,-1.22230614915198,755
950.333251953125,12,69,0,37.1484601605148,-1.22230614915198,724
950.333251953125,12,69,0,37.150543476022,-1.22230614915198,763
581.4013671875,14,70,0,36.5213821928541,-1.22438950318846,869
700.378051757812,15,68,0,36.5442986634331,-1.22438950318846,862
1233.05712890625,20,61,8,36.590131604591,-1.22438950318846,522
1477.98388671875,19,66,5,36.6213813371987,-1.22438950318846,565
1509.74877929688,21,59,15,36.6422144922704,-1.22438950318846,444
1663.57458496094,24,57,36,36.660964331835,-1.22438950318846,450
1671.53430175781,20,58,33,36.6692975938638,-1.22438950318846,520
1642.69567871094,21,59,46,36.6880474334284,-1.22438950318846,430
1633.26062011719,13,58,6,36.7047139574858,-1.22438950318846,390
1630.884765625,16,61,20,36.7109639040073,-1.22438950318846,403
1630.884765625,16,61,20,36.7151305350217,-1.22438950318846,432
1617.63708496094,16,57,13,36.7213804815432,-1.22438950318846,438
1588.94934082031,17,59,23,36.7547135296581,-1.22438950318846,546
1579.97900390625,19,59,20,36.7672134227011,-1.22438950318846,571
1562.84240722656,18,56,15,36.7901298932801,-1.22438950318846,539
1530.97521972656,25,58,38,36.8192963103806,-1.22438950318846,549
1485.57800292969,20,56,24,36.8567959895098,-1.22438950318846,476
1456.43615722656,20,58,10,36.8651292515385,-1.22438950318846,529
1456.43615722656,20,58,10,36.8672125670457,-1.22438950318846,529
1401.83032226562,19,74,3,36.9109621926965,-1.22438950318846,812
1296.11474609375,17,70,4,36.9380452942898,-1.22438950318846,720
1287.39343261719,16,69,7,36.9442952408113,-1.22438950318846,710
1290.7294921875,15,68,6,36.9609617648687,-1.22438950318846,784
1292.68872070312,14,69,0,36.9713783424046,-1.22438950318846,745
1282.29772949219,15,69,5,36.9797116044333,-1.22438950318846,748
1253.39050292969,14,71,0,36.9922114974764,-1.22438950318846,752
1121.31457519531,14,73,3,37.0505443316774,-1.22438950318846,860
1112.96752929688,14,74,3,37.0630442247205,-1.22438950318846,862
1115.89587402344,13,74,0,37.0713774867492,-1.22438950318846,886
1142.66040039062,13,76,0,37.1005439038497,-1.22438950318846,886
581.4013671875,14,70,0,36.5213821928541,-1.22647285722493,883
624.331420898438,13,70,3,36.5338820858972,-1.22647285722493,873
668.102355957031,14,68,5,36.5422153479259,-1.22647285722493,833
752.340026855469,17,68,8,36.5588818719833,-1.22647285722493,705
1477.98388671875,19,66,5,36.6213813371987,-1.22647285722493,607
1482.24914550781,24,60,7,36.6276312837202,-1.22647285722493,504
1543.341796875,21,59,25,36.648464438792,-1.22647285722493,483
1543.341796875,21,59,25,36.6505477542992,-1.22647285722493,467
1630.884765625,16,61,20,36.7172138505289,-1.22647285722493,442
1599.33325195312,15,58,15,36.7276304280648,-1.22647285722493,449
1591.35461425781,18,59,18,36.7359636900935,-1.22647285722493,405
1591.35461425781,18,59,18,36.742213636615,-1.22647285722493,444
1567.02783203125,17,57,16,36.7797133157442,-1.22647285722493,516
1554.11376953125,19,58,13,36.800546470816,-1.22647285722493,538
1485.57800292969,20,56,24,36.8547126740026,-1.22647285722493,506
1445.79748535156,21,71,14,36.8901290376247,-1.22647285722493,630
1415.00427246094,18,72,4,36.9026289306677,-1.22647285722493,770
1415.00427246094,18,72,4,36.9088788771893,-1.22647285722493,840
1401.83032226562,19,74,3,36.9151288237108,-1.22647285722493,796
1401.83032226562,19,74,3,36.917212139218,-1.22647285722493,835
1319.53503417969,17,70,2,36.9297120322611,-1.22647285722493,735
1286.0078125,16,68,0,36.95262850284,-1.22647285722493,697
1286.0078125,16,68,0,36.9567951338544,-1.22647285722493,729
1290.7294921875,15,68,6,36.9651283958831,-1.22647285722493,744
1209.00830078125,25,68,22,36.9942948129836,-1.22647285722493,798
1165.99279785156,20,68,16,37.0047113905195,-1.22647285722493,676
1134.82495117188,16,67,6,37.0130446525482,-1.22647285722493,631
1121.69506835938,14,71,0,37.0359611231272,-1.22647285722493,754
1115.08752441406,14,78,1,37.056794278199,-1.22647285722493,879
1115.89587402344,13,74,0,37.0734608022564,-1.22647285722493,962
1126.81298828125,15,77,0,37.0901273263138,-1.22647285722493,890
1142.66040039062,13,76,0,37.0942939573282,-1.22647285722493,1017
1114.79064941406,10,69,2,37.1109604813856,-1.22647285722493,831
979.78955078125,0,0,2,37.1297103209502,-1.22647285722493,731
581.4013671875,14,70,0,36.5192988773469,-1.22855621126141,845
752.340026855469,17,68,8,36.5588818719833,-1.22855621126141,733
1438.18041992188,20,61,7,36.5942982356053,-1.22855621126141,437
1671.53430175781,20,58,33,36.6734642248781,-1.22855621126141,436
1599.33325195312,15,58,15,36.7297137435719,-1.22855621126141,414
1599.33325195312,15,58,15,36.7338803745863,-1.22855621126141,410
1591.35461425781,18,59,18,36.7401303211078,-1.22855621126141,456
1571.08544921875,20,57,15,36.7692967382083,-1.22855621126141,526
1571.08544921875,20,57,15,36.7734633692227,-1.22855621126141,538
1562.84240722656,18,56,15,36.7922132087873,-1.22855621126141,518
1554.11376953125,19,58,13,36.7984631553088,-1.22855621126141,525
1543.18188476562,21,57,29,36.8088797328447,-1.22855621126141,515
1450.05529785156,20,67,8,36.881795775596,-1.22855621126141,723
1415.00427246094,18,72,4,36.9026289306677,-1.22855621126141,752
1287.39343261719,16,69,7,36.9505451873328,-1.22855621126141,699
1253.39050292969,14,71,0,36.9922114974764,-1.22855621126141,802
1113.85375976562,16,71,1,37.0317944921128,-1.22855621126141,742
1121.69506835938,14,71,0,37.0359611231272,-1.22855621126141,752
1121.69506835938,14,71,0,37.0401277541415,-1.22855621126141,835
1115.08752441406,14,78,1,37.0588775937061,-1.22855621126141,881
1112.96752929688,14,74,3,37.0609609092133,-1.22855621126141,874
1115.89587402344,13,74,0,37.0713774867492,-1.22855621126141,910
1126.81298828125,15,77,0,37.0880440108066,-1.22855621126141,887
1149.71313476562,14,74,0,37.1088771658784,-1.22855621126141,843
979.78955078125,0,0,2,37.1317936364574,-1.22855621126141,721
966.119018554688,16,68,1,36.5755483960407,-1.23063956529788,681
1233.05712890625,20,61,8,36.590131604591,-1.23063956529788,564
1438.18041992188,20,61,7,36.5963815511125,-1.23063956529788,445
1525.77868652344,17,63,6,36.6088814441556,-1.23063956529788,492
1512.40783691406,17,62,6,36.6172147061843,-1.23063956529788,480
1477.98388671875,19,66,5,36.6234646527058,-1.23063956529788,555
1509.74877929688,21,59,15,36.6401311767633,-1.23063956529788,440
1606.06604003906,22,59,18,36.6526310698063,-1.23063956529788,491
1671.53430175781,20,58,33,36.6713809093709,-1.23063956529788,462
1655.64904785156,22,58,23,36.6817974869068,-1.23063956529788,432
1635.48486328125,19,58,13,36.6984640109643,-1.23063956529788,396
1633.26062011719,13,58,6,36.706797272993,-1.23063956529788,440
1617.63708496094,16,57,13,36.7234637970504,-1.23063956529788,492
1591.35461425781,18,59,18,36.7401303211078,-1.23063956529788,423
1591.48278808594,18,60,41,36.7505468986437,-1.23063956529788,435
1567.02783203125,17,57,16,36.7838799467586,-1.23063956529788,565
1562.84240722656,18,56,15,36.7880465777729,-1.23063956529788,553
1554.11376953125,19,58,13,36.7984631553088,-1.23063956529788,508
1515.68347167969,22,56,20,36.8484627274811,-1.23063956529788,505
1450.05529785156,20,67,8,36.8797124600888,-1.23063956529788,693
1445.79748535156,21,71,14,36.8922123531319,-1.23063956529788,745
1253.39050292969,14,71,0,36.9859615509549,-1.23063956529788,929
1165.99279785156,20,68,16,37.0047113905195,-1.23063956529788,682
1113.85375976562,16,71,1,37.03387780762,-1.23063956529788,731
1043.92419433594,10,68,1,37.1234603744287,-1.23063956529788,772
943.086303710938,10,70,2,37.1359602674717,-1.23063956529788,743
579.061279296875,13,70,0,36.5151322463326,-1.23272291933435,812
701.0185546875,16,68,2,36.5380487169115,-1.23272291933435,941
723.388610839844,13,69,1,36.5463819789402,-1.23272291933435,781
842.201599121094,15,68,1,36.5630485029977,-1.23272291933435,751
842.201599121094,15,68,1,36.5651318185048,-1.23272291933435,693
842.201599121094,15,68,1,36.567215134012,-1.23272291933435,679
915.403198242188,16,68,0,36.5692984495192,-1.23272291933435,697
1380.99182128906,18,62,12,36.5984648666197,-1.23272291933435,410
1467.79248046875,25,60,6,36.6359645457489,-1.23272291933435,489
1610.95910644531,18,58,14,36.7109639040073,-1.23272291933435,400
1592.57299804688,17,59,20,36.719297166036,-1.23272291933435,426
1567.59716796875,17,55,41,36.7609634761796,-1.23272291933435,518
1545.07983398438,18,56,25,36.7984631553088,-1.23272291933435,491
1520.31372070312,23,56,9,36.8109630483519,-1.23272291933435,533
1520.31372070312,23,56,9,36.8130463638591,-1.23272291933435,554
1513.92004394531,28,54,72,36.8192963103806,-1.23272291933435,555
1404.40051269531,20,61,1,36.8755458290744,-1.23272291933435,790
1383.89208984375,19,69,5,36.8880457221175,-1.23272291933435,716
1383.89208984375,19,69,5,36.8922123531319,-1.23272291933435,713
1365.50500488281,18,72,5,36.8963789841462,-1.23272291933435,763
1276.43444824219,16,74,1,36.9422119253041,-1.23272291933435,799
1259.20068359375,14,69,5,36.9672117113903,-1.23272291933435,787
1262.72302246094,14,68,3,36.9692950268975,-1.23272291933435,788
1142.69128417969,19,67,2,37.0047113905195,-1.23272291933435,689
1108.875,20,66,2,37.010961337041,-1.23272291933435,609
1109.05419921875,15,72,3,37.03387780762,-1.23272291933435,724
1134.25634765625,15,74,0,37.0442943851559,-1.23272291933435,846
1128.93005371094,14,79,0,37.0547109626918,-1.23272291933435,971
1128.93005371094,14,79,0,37.0588775937061,-1.23272291933435,943
1128.01403808594,14,78,1,37.0672108557348,-1.23272291933435,894
1138.22473144531,13,73,1,37.0859606952994,-1.23272291933435,854
1147.11193847656,14,71,0,37.1005439038497,-1.23272291933435,872
1139.67260742188,12,70,1,37.1067938503712,-1.23272291933435,829
1079.98645019531,11,70,0,37.1109604813856,-1.23272291933435,811
620.131286621094,14,70,1,36.5234655083613,-1.23480627337083,888
723.388610839844,13,69,1,36.5463819789402,-1.23480627337083,748
915.403198242188,16,68,0,36.5713817650264,-1.23480627337083,665
1412.71984863281,21,62,2,36.6317979147345,-1.23480627337083,451
1655.75366210938,16,57,11,36.6755475403853,-1.23480627337083,412
1634.88439941406,23,58,25,36.6880474334284,-1.23480627337083,402
1626.6220703125,24,59,25,36.6942973799499,-1.23480627337083,380
1610.95910644531,18,58,14,36.7109639040073,-1.23480627337083,444
1610.95910644531,18,58,14,36.7130472195145,-1.23480627337083,454
1592.57299804688,17,59,20,36.719297166036,-1.23480627337083,474
1568.89880371094,14,59,14,36.742213636615,-1.23480627337083,461
1504.70458984375,24,56,52,36.8401294654524,-1.23480627337083,471
1490.99487304688,24,56,13,36.8505460429883,-1.23480627337083,571
1463.34545898438,21,56,10,36.8547126740026,-1.23480627337083,592
1463.34545898438,21,56,10,36.858879305017,-1.23480627337083,584
1365.50500488281,18,72,5,36.8963789841462,-1.23480627337083,757
1295.72216796875,20,77,0,36.9338786632754,-1.23480627337083,796
1251.98498535156,15,72,6,36.95262850284,-1.23480627337083,775
1142.69128417969,19,67,2,37.0047113905195,-1.23480627337083,700
1109.05419921875,15,72,3,37.0276278610985,-1.23480627337083,816
1130.46179199219,15,73,1,37.0359611231272,-1.23480627337083,744
1134.25634765625,15,74,0,37.0505443316774,-1.23480627337083,937
1128.93005371094,14,79,0,37.056794278199,-1.23480627337083,957
1138.22473144531,13,73,1,37.0859606952994,-1.23480627337083,839
1138.22473144531,13,73,1,37.0901273263138,-1.23480627337083,847
620.131286621094,14,70,1,36.5213821928541,-1.2368896274073,938
764.804138183594,13,68,0,36.5526319254618,-1.2368896274073,664
764.804138183594,13,68,0,36.5588818719833,-1.2368896274073,746
915.403198242188,16,68,0,36.5734650805336,-1.2368896274073,676
1380.99182128906,18,62,12,36.5963815511125,-1.2368896274073,430
1399.67517089844,19,64,9,36.625547968213,-1.2368896274073,512
1467.79248046875,25,60,6,36.6401311767633,-1.2368896274073,482
1521.3916015625,26,59,33,36.6442978077776,-1.2368896274073,416
1521.3916015625,26,59,33,36.648464438792,-1.2368896274073,445
1586.40649414062,21,59,14,36.6526310698063,-1.2368896274073,500
1655.75366210938,16,57,11,36.6692975938638,-1.2368896274073,434
1655.75366210938,16,57,11,36.6755475403853,-1.2368896274073,400
1634.88439941406,23,58,25,36.6880474334284,-1.2368896274073,394
1626.6220703125,24,59,25,36.7005473264714,-1.2368896274073,399
1567.59716796875,17,55,41,36.7672134227011,-1.2368896274073,483
1545.07983398438,18,56,25,36.7942965242945,-1.2368896274073,505
1545.07983398438,18,56,25,36.7984631553088,-1.2368896274073,532
1520.31372070312,23,56,9,36.8130463638591,-1.2368896274073,498
1520.31372070312,23,56,9,36.8151296793663,-1.2368896274073,517
1510.58117675781,24,54,59,36.8276295724093,-1.2368896274073,439
1490.99487304688,24,56,13,36.8484627274811,-1.2368896274073,515
1463.34545898438,21,56,10,36.8567959895098,-1.2368896274073,586
1427.8212890625,20,57,12,36.8672125670457,-1.2368896274073,615
1395.99365234375,19,67,9,36.881795775596,-1.2368896274073,844
1356.36010742188,18,72,6,36.9047122461749,-1.2368896274073,855
1350.80236816406,19,73,0,36.917212139218,-1.2368896274073,821
1327.14929199219,17,74,3,36.9192954547252,-1.2368896274073,837
1259.11657714844,16,75,1,36.9505451873328,-1.2368896274073,775
1259.20068359375,14,69,5,36.9630450803759,-1.2368896274073,763
1262.72302246094,14,68,3,36.9692950268975,-1.2368896274073,817
1223.13732910156,16,74,0,36.9922114974764,-1.2368896274073,808
1108.875,20,66,2,37.0130446525482,-1.2368896274073,590
1094.38354492188,17,71,2,37.0234612300841,-1.2368896274073,1033
1130.46179199219,15,73,1,37.0359611231272,-1.2368896274073,760
1130.46179199219,15,73,1,37.0380444386343,-1.2368896274073,802
1139.67260742188,12,70,1,37.1026272193569,-1.2368896274073,801
1139.67260742188,12,70,1,37.1088771658784,-1.2368896274073,819
579.061279296875,13,70,0,36.5151322463326,-1.23897298144378,884
620.131286621094,14,70,1,36.5255488238684,-1.23897298144378,1022
723.388610839844,13,69,1,36.5484652944474,-1.23897298144378,722
764.804138183594,13,68,0,36.5526319254618,-1.23897298144378,702
842.201599121094,15,68,1,36.5609651874905,-1.23897298144378,737
915.403198242188,16,68,0,36.5692984495192,-1.23897298144378,649
1467.20678710938,18,62,9,36.6088814441556,-1.23897298144378,428
1443.845703125,18,62,7,36.6151313906771,-1.23897298144378,482
1399.67517089844,19,64,9,36.625547968213,-1.23897298144378,502
1412.71984863281,21,62,2,36.6297145992274,-1.23897298144378,474
1586.40649414062,21,59,14,36.6588810163279,-1.23897298144378,425
1634.88439941406,23,58,25,36.6880474334284,-1.23897298144378,398
1619.69567871094,22,59,15,36.7026306419786,-1.23897298144378,420
1610.95910644531,18,58,14,36.7109639040073,-1.23897298144378,478
1568.89880371094,14,59,14,36.7380470056006,-1.23897298144378,628
1567.59716796875,17,55,41,36.7672134227011,-1.23897298144378,473
1560.74365234375,17,58,25,36.7692967382083,-1.23897298144378,459
1560.74365234375,17,58,25,36.7755466847299,-1.23897298144378,461
1545.07983398438,18,56,25,36.7984631553088,-1.23897298144378,503
1520.31372070312,23,56,9,36.8130463638591,-1.23897298144378,486
1520.31372070312,23,56,9,36.8172129948734,-1.23897298144378,464
1510.58117675781,24,54,59,36.8297128879165,-1.23897298144378,455
1490.99487304688,24,56,13,36.8505460429883,-1.23897298144378,547
1395.99365234375,19,67,9,36.8838790911031,-1.23897298144378,854
1365.50500488281,18,72,5,36.894295668639,-1.23897298144378,771
1356.36010742188,18,72,6,36.9047122461749,-1.23897298144378,898
1295.72216796875,20,77,0,36.9276287167539,-1.23897298144378,803
1276.43444824219,16,74,1,36.9422119253041,-1.23897298144378,898
1251.98498535156,15,72,6,36.9547118183472,-1.23897298144378,832
1259.20068359375,14,69,5,36.9672117113903,-1.23897298144378,824
1250.75402832031,16,74,4,36.9797116044333,-1.23897298144378,924
1183.82946777344,19,69,32,36.998461443998,-1.23897298144378,861
1147.11193847656,14,71,0,37.1005439038497,-1.23897298144378,788
1139.67260742188,12,70,1,37.1088771658784,-1.23897298144378,812
671.684326171875,16,67,5,36.5192988773469,-1.24105633548025,907
744.538452148438,14,69,5,36.5505486099546,-1.24105633548025,735
876.7802734375,13,67,1,36.5692984495192,-1.24105633548025,646
876.7802734375,13,67,1,36.5734650805336,-1.24105633548025,668
933.150756835938,16,68,2,36.5817983425623,-1.24105633548025,685
1296.87451171875,19,59,15,36.625547968213,-1.24105633548025,490
1507.80090332031,20,60,11,36.6442978077776,-1.24105633548025,467
1507.80090332031,20,60,11,36.6463811232848,-1.24105633548025,487
1507.80090332031,20,60,11,36.648464438792,-1.24105633548025,445
1577.8125,21,58,21,36.6567977008207,-1.24105633548025,470
1627.20581054688,14,62,8,36.6630476473422,-1.24105633548025,406
1638.46728515625,17,56,9,36.6734642248781,-1.24105633548025,423
1630.51940917969,17,57,25,36.6797141713997,-1.24105633548025,389
1614.80151367188,18,59,14,36.706797272993,-1.24105633548025,388
1574.00036621094,15,57,15,36.7317970590791,-1.24105633548025,380
1575.05432128906,25,59,38,36.7401303211078,-1.24105633548025,758
1580.12463378906,17,56,57,36.7505468986437,-1.24105633548025,682
1579.09875488281,16,59,14,36.7547135296581,-1.24105633548025,609
1568.67272949219,15,56,40,36.7755466847299,-1.24105633548025,458
1558.31433105469,16,57,19,36.7797133157442,-1.24105633548025,482
1537.3134765625,18,53,91,36.7963798398016,-1.24105633548025,493
1522.55236816406,20,53,46,36.8047131018304,-1.24105633548025,512
1490.36071777344,22,54,53,36.8297128879165,-1.24105633548025,447
1239.89709472656,15,72,15,36.9463785563185,-1.24105633548025,712
1239.89709472656,15,72,15,36.9484618718257,-1.24105633548025,843
1094.74975585938,0,0,3,37.0130446525482,-1.24105633548025,855
1134.09729003906,15,76,1,37.0422110696487,-1.24105633548025,935
1139.80383300781,15,78,1,37.0505443316774,-1.24105633548025,850
1138.16186523438,14,77,3,37.056794278199,-1.24105633548025,812
1138.16186523438,14,77,3,37.0588775937061,-1.24105633548025,895
1123.80944824219,11,69,4,37.0776274332707,-1.24105633548025,820
1109.92236328125,11,68,0,37.0901273263138,-1.24105633548025,780
1072.25854492188,11,68,0,37.1026272193569,-1.24105633548025,766
1072.25854492188,11,68,0,37.1088771658784,-1.24105633548025,777
671.684326171875,16,67,5,36.5255488238684,-1.24313968951672,1097
712.84716796875,15,66,3,36.5276321393756,-1.24313968951672,1069
712.84716796875,15,66,3,36.5297154548828,-1.24313968951672,936
744.538452148438,14,69,5,36.5484652944474,-1.24313968951672,744
933.150756835938,16,68,2,36.5776317115479,-1.24313968951672,670
1091.80737304688,20,64,5,36.5922149200982,-1.24313968951672,612
1389.99035644531,19,62,8,36.6026314976341,-1.24313968951672,443
1357.87243652344,20,60,7,36.6109647596628,-1.24313968951672,440
1318.08703613281,21,60,10,36.6317979147345,-1.24313968951672,535
1416.24670410156,20,62,9,36.6422144922704,-1.24313968951672,488
1577.8125,21,58,21,36.6547143853135,-1.24313968951672,475
1614.80151367188,18,59,14,36.7026306419786,-1.24313968951672,391
1604.990234375,19,61,15,36.7151305350217,-1.24313968951672,388
1588.42126464844,21,59,15,36.7213804815432,-1.24313968951672,452
1588.42126464844,21,59,15,36.7234637970504,-1.24313968951672,459
1580.12463378906,17,56,57,36.7484635831365,-1.24313968951672,657
1575.39245605469,15,56,20,36.7609634761796,-1.24313968951672,465
1439.43432617188,19,58,7,36.8547126740026,-1.24313968951672,499
1369.80529785156,18,63,8,36.8692958825529,-1.24313968951672,738
1369.80529785156,18,63,8,36.8734625135672,-1.24313968951672,782
1348.08618164062,19,71,0,36.8797124600888,-1.24313968951672,833
1315.81359863281,20,77,0,36.9026289306677,-1.24313968951672,1114
1313.98083496094,18,78,0,36.9109621926965,-1.24313968951672,965
1239.89709472656,15,72,15,36.9463785563185,-1.24313968951672,830
1122.96398925781,0,0,2,37.0067947060267,-1.24313968951672,995
1122.96398925781,0,0,2,37.0088780215338,-1.24313968951672,1055
1138.00854492188,11,77,0,37.0672108557348,-1.24313968951672,881
1123.80944824219,11,69,4,37.0838773797923,-1.24313968951672,843
1109.92236328125,11,68,0,37.0880440108066,-1.24313968951672,808
1006.15789794922,11,69,0,37.1172104279071,-1.24313968951672,747
671.684326171875,16,67,5,36.5234655083613,-1.2452230435532,1068
712.84716796875,15,66,3,36.53179877039,-1.2452230435532,797
770.718017578125,12,69,1,36.5526319254618,-1.2452230435532,709
826.586364746094,14,68,0,36.567215134012,-1.2452230435532,668
1318.08703613281,21,60,10,36.6276312837202,-1.2452230435532,469
1638.46728515625,17,56,9,36.6755475403853,-1.2452230435532,390
1630.51940917969,17,57,25,36.6817974869068,-1.2452230435532,400
1623.99353027344,20,56,23,36.6901307489355,-1.2452230435532,383
1579.09875488281,16,59,14,36.7588801606724,-1.2452230435532,561
1575.39245605469,15,56,20,36.7609634761796,-1.2452230435532,455
1558.31433105469,16,57,19,36.7797133157442,-1.2452230435532,439
1537.3134765625,18,53,91,36.800546470816,-1.2452230435532,483
1507.21118164062,25,54,57,36.8151296793663,-1.2452230435532,478
1490.36071777344,22,54,53,36.8297128879165,-1.2452230435532,454
1439.43432617188,19,58,7,36.8567959895098,-1.2452230435532,532
1402.90148925781,21,56,41,36.8651292515385,-1.2452230435532,602
1369.80529785156,18,63,8,36.8713791980601,-1.2452230435532,779
1369.80529785156,18,63,8,36.8755458290744,-1.2452230435532,791
1316.02758789062,16,74,3,36.8963789841462,-1.2452230435532,903
1295.96362304688,19,77,0,36.9234620857395,-1.2452230435532,879
1261.56958007812,18,73,1,36.940128609797,-1.2452230435532,707
1239.89709472656,15,72,15,36.9484618718257,-1.2452230435532,838
1239.89709472656,15,72,15,36.9505451873328,-1.2452230435532,817
1225.33312988281,17,63,7,36.9609617648687,-1.2452230435532,665
1225.33312988281,17,63,7,36.9651283958831,-1.2452230435532,714
1094.74975585938,0,0,3,37.0151279680554,-1.2452230435532,1124
1111.38293457031,18,75,2,37.0297111766056,-1.2452230435532,922
1111.38293457031,18,75,2,37.0317944921128,-1.2452230435532,779
1111.38293457031,18,75,2,37.03387780762,-1.2452230435532,777
1139.80383300781,15,78,1,37.0484610161702,-1.2452230435532,917
1099.47082519531,14,68,0,37.0942939573282,-1.2452230435532,755
1072.25854492188,11,68,0,37.1047105348641,-1.2452230435532,785
626.801635742188,13,70,5,36.5151322463326,-1.24730639758967,914
626.801635742188,13,70,5,36.5172155618397,-1.24730639758967,931
735.830871582031,15,70,0,36.5359654014043,-1.24730639758967,708
826.586364746094,14,68,0,36.5651318185048,-1.24730639758967,728
1300.9228515625,20,64,3,36.6005481821269,-1.24730639758967,578
1296.87451171875,19,59,15,36.6234646527058,-1.24730639758967,491
1318.08703613281,21,60,10,36.6317979147345,-1.24730639758967,490
1627.20581054688,14,62,8,36.6672142783566,-1.24730639758967,464
1614.80151367188,18,59,14,36.706797272993,-1.24730639758967,386
1604.990234375,19,61,15,36.7130472195145,-1.24730639758967,378
1604.990234375,19,61,15,36.7151305350217,-1.24730639758967,376
1574.00036621094,15,57,15,36.7317970590791,-1.24730639758967,456
1579.09875488281,16,59,14,36.7526302141509,-1.24730639758967,695
1558.31433105469,16,57,19,36.7817966312514,-1.24730639758967,441
1522.55236816406,20,53,46,36.8067964173375,-1.24730639758967,488
1497.86987304688,25,53,81,36.8213796258878,-1.24730639758967,519
1490.36071777344,22,54,53,36.8317962034237,-1.24730639758967,488
1480.40161132812,19,55,55,36.8380461499452,-1.24730639758967,491
1480.40161132812,19,55,55,36.8401294654524,-1.24730639758967,470
1439.43432617188,19,58,7,36.8547126740026,-1.24730639758967,557
1348.08618164062,19,71,0,36.881795775596,-1.24730639758967,940
1329.32141113281,19,77,2,36.8859624066103,-1.24730639758967,949
1215.43322753906,15,64,1,36.9692950268975,-1.24730639758967,779
1215.43322753906,15,64,1,36.9734616579118,-1.24730639758967,766
1191.72241210938,15,70,4,36.9817949199405,-1.24730639758967,842
1149.26977539062,15,65,10,36.9963781284908,-1.24730639758967,813
1122.96398925781,0,0,2,37.0047113905195,-1.24730639758967,855
1138.16186523438,14,77,3,37.0547109626918,-1.24730639758967,884
1135.57495117188,11,73,0,37.0713774867492,-1.24730639758967,823
1072.25854492188,11,68,0,37.1067938503712,-1.24730639758967,773
623.509643554688,14,70,0,36.5067989843038,-1.24938975162615,883
675.808227539062,18,66,10,36.5172155618397,-1.24938975162615,958
760.78857421875,14,68,2,36.5359654014043,-1.24938975162615,770
760.78857421875,14,68,2,36.5380487169115,-1.24938975162615,745
822.757141113281,13,69,0,36.567215134012,-1.24938975162615,641
1391.10302734375,20,60,19,36.6401311767633,-1.24938975162615,418
1506.11499023438,21,60,14,36.6442978077776,-1.24938975162615,407
1616.29211425781,23,56,23,36.660964331835,-1.24938975162615,468
1616.29211425781,23,56,23,36.6651309628494,-1.24938975162615,448
1601.26831054688,20,57,10,36.6963806954571,-1.24938975162615,369
1607.27087402344,17,56,13,36.706797272993,-1.24938975162615,387
1603.67553710938,16,59,20,36.7526302141509,-1.24938975162615,719
1584.07763671875,15,58,25,36.7692967382083,-1.24938975162615,443
1563.57238769531,15,59,26,36.7797133157442,-1.24938975162615,448
1545.92407226562,14,58,13,36.7859632622658,-1.24938975162615,466
1455.68981933594,20,56,41,36.8380461499452,-1.24938975162615,499
1455.68981933594,20,56,41,36.8401294654524,-1.24938975162615,485
1376.59875488281,19,64,3,36.8672125670457,-1.24938975162615,710
1295.56079101562,20,78,0,36.8984622996534,-1.24938975162615,952
1301.98168945312,18,76,0,36.9151288237108,-1.24938975162615,854
1268.732421875,18,78,0,36.940128609797,-1.24938975162615,901
1255.26965332031,17,74,5,36.9505451873328,-1.24938975162615,773
1155.13916015625,16,70,4,36.998461443998,-1.24938975162615,915
1110.40100097656,18,73,0,37.0234612300841,-1.24938975162615,878
1149.43981933594,13,73,1,37.0442943851559,-1.24938975162615,950
1142.93408203125,11,72,0,37.0609609092133,-1.24938975162615,812
1022.51745605469,11,69,4,37.0942939573282,-1.24938975162615,762
721.906127929688,14,67,0,36.5213821928541,-1.25147310566262,888
754.696594238281,14,68,1,36.53179877039,-1.25147310566262,683
822.757141113281,13,69,0,36.5609651874905,-1.25147310566262,777
909.6015625,17,68,0,36.5817983425623,-1.25147310566262,677
1294.06274414062,21,64,6,36.6151313906771,-1.25147310566262,442
1237.49670410156,17,65,5,36.6234646527058,-1.25147310566262,470
1391.10302734375,20,60,19,36.6401311767633,-1.25147310566262,455
1577.02392578125,23,58,15,36.6526310698063,-1.25147310566262,454
1606.36279296875,15,60,17,36.7484635831365,-1.25147310566262,727
1584.07763671875,15,58,25,36.7713800537155,-1.25147310566262,446
1531.53295898438,17,59,6,36.7942965242945,-1.25147310566262,516
1531.53295898438,17,59,6,36.800546470816,-1.25147310566262,558
1470.92236328125,18,56,22,36.8338795189309,-1.25147310566262,463
1313.51770019531,19,77,1,36.8838790911031,-1.25147310566262,1073
1289.00427246094,22,77,0,36.9213787702324,-1.25147310566262,774
1255.26965332031,17,74,5,36.9505451873328,-1.25147310566262,756
1155.13916015625,16,70,4,36.9942948129836,-1.25147310566262,887
1127.03540039062,15,74,4,37.03387780762,-1.25147310566262,853
1142.69909667969,14,75,1,37.0359611231272,-1.25147310566262,868
1149.43981933594,13,73,1,37.0442943851559,-1.25147310566262,866
1128.23120117188,11,70,1,37.0734608022564,-1.25147310566262,783
1064.18383789062,10,68,0,37.0859606952994,-1.25147310566262,811
1022.51745605469,11,69,4,37.0984605883425,-1.25147310566262,740
978.024475097656,12,68,0,37.1047105348641,-1.25147310566262,760
721.906127929688,14,67,0,36.5192988773469,-1.2535564596991,851
754.696594238281,14,68,1,36.5276321393756,-1.2535564596991,707
754.696594238281,14,68,1,36.5338820858972,-1.2535564596991,762
760.78857421875,14,68,2,36.5359654014043,-1.2535564596991,776
869.50732421875,14,67,2,36.5755483960407,-1.2535564596991,680
909.6015625,17,68,0,36.5797150270551,-1.2535564596991,657
1218.67358398438,18,66,2,36.5942982356053,-1.2535564596991,595
1294.06274414062,21,64,6,36.6109647596628,-1.2535564596991,520
1506.11499023438,21,60,14,36.648464438792,-1.2535564596991,429
1616.29211425781,23,56,23,36.660964331835,-1.2535564596991,427
1608.19323730469,22,58,17,36.6797141713997,-1.2535564596991,368
1608.19323730469,22,58,17,36.6817974869068,-1.2535564596991,337
1601.26831054688,20,57,10,36.6942973799499,-1.2535564596991,483
1602.05346679688,18,59,12,36.7276304280648,-1.2535564596991,413
1602.05346679688,18,59,12,36.7297137435719,-1.2535564596991,415
1597.73547363281,17,58,16,36.7609634761796,-1.2535564596991,460
1597.73547363281,17,58,16,36.7630467916868,-1.2535564596991,481
1597.73547363281,17,58,16,36.765130107194,-1.2535564596991,491
1584.07763671875,15,58,25,36.7734633692227,-1.2535564596991,458
1514.78552246094,18,60,27,36.8088797328447,-1.2535564596991,564
1470.92236328125,18,56,22,36.8297128879165,-1.2535564596991,514
1470.92236328125,18,56,22,36.8338795189309,-1.2535564596991,493
1437.17236328125,20,59,13,36.8463794119739,-1.2535564596991,482
1376.59875488281,19,64,3,36.8651292515385,-1.2535564596991,889
1340.50500488281,18,69,0,36.8692958825529,-1.2535564596991,1016
1313.51770019531,19,77,1,36.8838790911031,-1.2535564596991,1058
1298.02209472656,18,78,0,36.8922123531319,-1.2535564596991,1108
1276.75903320312,17,78,14,36.9276287167539,-1.2535564596991,830
1276.75903320312,17,78,14,36.9297120322611,-1.2535564596991,864
1268.732421875,18,78,0,36.9422119253041,-1.2535564596991,780
1245.13879394531,16,64,2,36.9588784493616,-1.2535564596991,786
1210.60095214844,14,66,11,36.9713783424046,-1.2535564596991,844
1167.25085449219,15,67,6,36.9817949199405,-1.2535564596991,839
1152.892578125,15,68,1,36.9922114974764,-1.2535564596991,881
1110.40100097656,18,73,0,37.0192945990697,-1.2535564596991,807
1127.03540039062,15,74,4,37.0276278610985,-1.2535564596991,824
1142.69909667969,14,75,1,37.0380444386343,-1.2535564596991,919
1148.99279785156,11,72,6,37.056794278199,-1.2535564596991,787
1142.93408203125,11,72,0,37.0651275402277,-1.2535564596991,808
1064.18383789062,10,68,0,37.0880440108066,-1.2535564596991,820
978.024475097656,12,68,0,37.1088771658784,-1.2535564596991,803
623.509643554688,14,70,0,36.5026323532895,-1.25563981373557,1077
909.6015625,17,68,0,36.5776317115479,-1.25563981373557,644
1506.11499023438,21,60,14,36.648464438792,-1.25563981373557,471
1506.11499023438,21,60,14,36.6505477542992,-1.25563981373557,455
1601.26831054688,20,57,10,36.6963806954571,-1.25563981373557,465
1605.43090820312,18,59,15,36.719297166036,-1.25563981373557,465
1602.05346679688,18,59,12,36.7276304280648,-1.25563981373557,440
1606.36279296875,15,60,17,36.7442969521222,-1.25563981373557,722
1584.07763671875,15,58,25,36.7734633692227,-1.25563981373557,471
1545.92407226562,14,58,13,36.7859632622658,-1.25563981373557,590
1470.92236328125,18,56,22,36.8338795189309,-1.25563981373557,525
1376.59875488281,19,64,3,36.8609626205242,-1.25563981373557,705
1298.02209472656,18,78,0,36.8859624066103,-1.25563981373557,1029
1295.56079101562,20,78,0,36.8963789841462,-1.25563981373557,1042
1289.00427246094,22,77,0,36.9255454012467,-1.25563981373557,806
1245.13879394531,16,64,2,36.9547118183472,-1.25563981373557,767
1167.25085449219,15,67,6,36.9838782354477,-1.25563981373557,915
1152.892578125,15,68,1,36.9922114974764,-1.25563981373557,861
1142.10571289062,19,74,1,37.0026280750123,-1.25563981373557,802
1142.10571289062,19,74,1,37.0088780215338,-1.25563981373557,753
1127.03540039062,15,74,4,37.03387780762,-1.25563981373557,820
1149.43981933594,13,73,1,37.0463777006631,-1.25563981373557,796
1142.93408203125,11,72,0,37.0630442247205,-1.25563981373557,748
1142.93408203125,11,72,0,37.0672108557348,-1.25563981373557,734
1100.84753417969,10,67,0,37.0776274332707,-1.25563981373557,788
1100.84753417969,10,67,0,37.0838773797923,-1.25563981373557,821
1064.18383789062,10,68,0,37.0901273263138,-1.25563981373557,864
978.024475097656,12,68,0,37.1088771658784,-1.25563981373557,822
708.47216796875,14,66,2,36.5151322463326,-1.25772316777204,778
790.692260742188,14,69,4,36.53179877039,-1.25772316777204,738
836.216674804688,13,68,0,36.5651318185048,-1.25772316777204,764
1148.3681640625,18,65,5,36.5963815511125,-1.25772316777204,571
1525.48620605469,19,59,22,36.6505477542992,-1.25772316777204,469
1562.22448730469,23,56,19,36.6901307489355,-1.25772316777204,384
1599.70861816406,12,58,5,36.7255471125576,-1.25772316777204,398
1614.16772460938,14,59,15,36.7442969521222,-1.25772316777204,733
1614.16772460938,14,59,15,36.7505468986437,-1.25772316777204,471
1598.48596191406,13,59,13,36.7609634761796,-1.25772316777204,469
1598.48596191406,13,59,13,36.765130107194,-1.25772316777204,466
1598.48596191406,13,59,13,36.7672134227011,-1.25772316777204,430
1581.13049316406,14,59,21,36.7692967382083,-1.25772316777204,438
1556.68994140625,13,58,14,36.7817966312514,-1.25772316777204,521
1535.70532226562,13,60,7,36.7880465777729,-1.25772316777204,592
1413.49877929688,17,63,8,36.8442960964667,-1.25772316777204,537
1287.61169433594,16,75,5,36.8984622996534,-1.25772316777204,948
1295.61840820312,18,75,5,36.9047122461749,-1.25772316777204,931
1283.23217773438,16,76,0,36.9359619787826,-1.25772316777204,832
1210.26428222656,14,69,1,36.9838782354477,-1.25772316777204,900
1218.66857910156,13,73,7,36.998461443998,-1.25772316777204,837
1218.66857910156,13,73,7,37.0005447595051,-1.25772316777204,825
1199.98388671875,13,73,7,37.0067947060267,-1.25772316777204,800
1142.40832519531,15,74,2,37.0192945990697,-1.25772316777204,844
1142.40832519531,15,74,2,37.0213779145769,-1.25772316777204,849
1142.40832519531,15,74,2,37.0255445455913,-1.25772316777204,838
1158.26086425781,12,72,5,37.0484610161702,-1.25772316777204,795
1083.59692382812,10,68,1,37.0817940642851,-1.25772316777204,806
654.524291992188,15,68,1,36.5047156687967,-1.25980652180852,954
766.077026367188,14,67,2,36.5234655083613,-1.25980652180852,758
790.692260742188,14,69,4,36.53179877039,-1.25980652180852,753
755.523742675781,15,68,1,36.5463819789402,-1.25980652180852,721
836.216674804688,13,68,0,36.5630485029977,-1.25980652180852,680
901.816223144531,14,68,0,36.5755483960407,-1.25980652180852,640
933.07568359375,13,67,1,36.5797150270551,-1.25980652180852,632
1258.84704589844,22,66,3,36.6151313906771,-1.25980652180852,562
1431.36083984375,21,60,15,36.6359645457489,-1.25980652180852,607
1612.2607421875,21,58,14,36.6713809093709,-1.25980652180852,422
1562.22448730469,23,56,19,36.6901307489355,-1.25980652180852,396
1573.94458007812,16,59,15,36.7047139574858,-1.25980652180852,392
1599.70861816406,12,58,5,36.719297166036,-1.25980652180852,504
1599.70861816406,12,58,5,36.7213804815432,-1.25980652180852,495
1614.16772460938,14,59,15,36.7442969521222,-1.25980652180852,586
1614.16772460938,14,59,15,36.7505468986437,-1.25980652180852,483
1598.48596191406,13,59,13,36.7672134227011,-1.25980652180852,463
1581.13049316406,14,59,21,36.7692967382083,-1.25980652180852,455
1433.20727539062,18,59,29,36.8401294654524,-1.25980652180852,535
1283.68640136719,21,77,0,36.8838790911031,-1.25980652180852,975
1294.15014648438,19,77,1,36.9151288237108,-1.25980652180852,869
1252.35241699219,16,68,2,36.975544973419,-1.25980652180852,735
1210.26428222656,14,69,1,36.9817949199405,-1.25980652180852,761
1199.98388671875,13,73,7,37.0026280750123,-1.25980652180852,828
1145.78112792969,10,68,0,37.0630442247205,-1.25980652180852,732
1121.14501953125,10,67,0,37.0755441177636,-1.25980652180852,794
1083.59692382812,10,68,1,37.0797107487779,-1.25980652180852,809
772.653198242188,14,68,4,36.5380487169115,-1.26188987584499,796
836.216674804688,13,68,0,36.5630485029977,-1.26188987584499,653
1008.76995849609,17,66,4,36.590131604591,-1.26188987584499,694
1236.27294921875,17,66,5,36.6047148131412,-1.26188987584499,612
1258.84704589844,22,66,3,36.6172147061843,-1.26188987584499,530
1267.03259277344,19,65,0,36.6213813371987,-1.26188987584499,558
1324.80444335938,20,65,6,36.6317979147345,-1.26188987584499,585
1525.48620605469,19,59,22,36.6442978077776,-1.26188987584499,547
1560.51843261719,20,57,26,36.7005473264714,-1.26188987584499,389
1573.94458007812,16,59,15,36.706797272993,-1.26188987584499,380
1606.84838867188,17,57,10,36.7338803745863,-1.26188987584499,732
1613.3154296875,14,57,11,36.7380470056006,-1.26188987584499,663
1608.29431152344,11,59,21,36.7588801606724,-1.26188987584499,519
1598.48596191406,13,59,13,36.7630467916868,-1.26188987584499,521
1581.13049316406,14,59,21,36.7692967382083,-1.26188987584499,448
1346.5283203125,19,70,0,36.8651292515385,-1.26188987584499,1087
1294.15014648438,19,77,1,36.917212139218,-1.26188987584499,867
1282.94970703125,18,73,1,36.9317953477682,-1.26188987584499,875
1281.92932128906,15,72,1,36.9463785563185,-1.26188987584499,776
1283.9755859375,15,72,0,36.9630450803759,-1.26188987584499,916
1252.35241699219,16,68,2,36.9734616579118,-1.26188987584499,790
1252.35241699219,16,68,2,36.975544973419,-1.26188987584499,726
1143.95092773438,16,74,0,37.0317944921128,-1.26188987584499,905
1145.78112792969,10,68,0,37.0672108557348,-1.26188987584499,788
1029.50537109375,11,71,0,37.092210641821,-1.26188987584499,778
963.516418457031,11,70,1,37.0942939573282,-1.26188987584499,819
773.260803222656,13,69,1,36.5526319254618,-1.26397322988147,738
933.07568359375,13,67,1,36.5838816580694,-1.26397322988147,611
1008.76995849609,17,66,4,36.5859649735766,-1.26397322988147,592
1148.3681640625,18,65,5,36.5984648666197,-1.26397322988147,593
1324.80444335938,20,65,6,36.6276312837202,-1.26397322988147,630
1431.36083984375,21,60,15,36.6401311767633,-1.26397322988147,540
1525.48620605469,19,59,22,36.6505477542992,-1.26397322988147,475
1611.15795898438,22,58,39,36.6672142783566,-1.26397322988147,417
1587.18640136719,26,58,53,36.6776308558925,-1.26397322988147,440
1560.51843261719,20,57,26,36.6963806954571,-1.26397322988147,409
1588.41687011719,11,60,11,36.7130472195145,-1.26397322988147,436
1599.70861816406,12,58,5,36.7234637970504,-1.26397322988147,414
1581.13049316406,14,59,21,36.7713800537155,-1.26397322988147,454
1581.13049316406,14,59,21,36.7755466847299,-1.26397322988147,510
1467.49987792969,18,61,5,36.8192963103806,-1.26397322988147,1031
1467.49987792969,18,61,5,36.8255462569021,-1.26397322988147,1014
1433.20727539062,18,59,29,36.835962834438,-1.26397322988147,861
1413.49877929688,17,63,8,36.8505460429883,-1.26397322988147,1027
1346.5283203125,19,70,0,36.8651292515385,-1.26397322988147,1036
1283.68640136719,21,77,0,36.881795775596,-1.26397322988147,1075
1279.90161132812,16,75,0,36.8901290376247,-1.26397322988147,846
1279.90161132812,16,75,0,36.8922123531319,-1.26397322988147,903
1295.61840820312,18,75,5,36.9047122461749,-1.26397322988147,910
1294.15014648438,19,77,1,36.9151288237108,-1.26397322988147,878
1283.55053710938,15,72,0,36.9567951338544,-1.26397322988147,827
1283.55053710938,15,72,0,36.9588784493616,-1.26397322988147,887
1283.9755859375,15,72,0,36.9630450803759,-1.26397322988147,949
1199.98388671875,13,73,7,37.0088780215338,-1.26397322988147,825
1163.01257324219,15,74,5,37.0172112835626,-1.26397322988147,795
1151.09912109375,16,73,3,37.0401277541415,-1.26397322988147,839
1158.26086425781,12,72,5,37.0505443316774,-1.26397322988147,850
1029.50537109375,11,71,0,37.0901273263138,-1.26397322988147,764
719.840454101562,14,67,0,36.5130489308254,-1.26605658391794,830
719.840454101562,14,67,0,36.5151322463326,-1.26605658391794,838
784.762268066406,14,69,0,36.5213821928541,-1.26605658391794,739
1222.9716796875,17,64,6,36.6130480751699,-1.26605658391794,549
1496.50891113281,20,62,15,36.6359645457489,-1.26605658391794,552
1531.00659179688,19,60,39,36.706797272993,-1.26605658391794,414
1562.833984375,13,58,12,36.7213804815432,-1.26605658391794,448
1562.833984375,13,58,12,36.7255471125576,-1.26605658391794,429
1564.509765625,14,58,33,36.7692967382083,-1.26605658391794,472
1528.06762695312,15,58,21,36.7901298932801,-1.26605658391794,546
1514.62512207031,14,61,10,36.7963798398016,-1.26605658391794,723
1497.60400390625,16,61,10,36.8047131018304,-1.26605658391794,1088
1267.05847167969,17,76,6,36.8797124600888,-1.26605658391794,1028
1276.67883300781,17,75,0,36.8859624066103,-1.26605658391794,932
1276.67883300781,17,75,0,36.8922123531319,-1.26605658391794,824
1292.1396484375,20,78,3,36.9047122461749,-1.26605658391794,876
1306.28088378906,14,68,0,36.9547118183472,-1.26605658391794,857
1311.33752441406,15,67,0,36.9672117113903,-1.26605658391794,826
1295.00659179688,13,71,0,36.9692950268975,-1.26605658391794,803
1154.12707519531,15,76,2,37.03387780762,-1.26605658391794,994
1153.21374511719,13,74,5,37.0401277541415,-1.26605658391794,813
1135.31787109375,12,73,5,37.0630442247205,-1.26605658391794,864
1093.7734375,13,72,2,37.069294171242,-1.26605658391794,869
1093.7734375,13,72,2,37.0713774867492,-1.26605658391794,837
977.200744628906,11,71,5,37.0859606952994,-1.26605658391794,848
582.884338378906,13,71,0,36.4922157757536,-1.26813993795441,784
619.29052734375,14,70,1,36.4984657222751,-1.26813993795441,1000
749.721374511719,13,68,0,36.5442986634331,-1.26813993795441,725
846.503356933594,13,69,3,36.5609651874905,-1.26813993795441,666
988.160705566406,14,68,0,36.5838816580694,-1.26813993795441,663
1137.08447265625,18,63,6,36.6047148131412,-1.26813993795441,514
1428.0751953125,20,65,11,36.6338812302417,-1.26813993795441,604
1521.53344726562,20,58,20,36.6984640109643,-1.26813993795441,507
1531.00659179688,19,60,39,36.706797272993,-1.26813993795441,481
1547.51000976562,16,57,20,36.7109639040073,-1.26813993795441,444
1562.833984375,13,58,12,36.7255471125576,-1.26813993795441,411
1587.21752929688,11,62,1,36.7442969521222,-1.26813993795441,662
1583.62426757812,10,62,0,36.7588801606724,-1.26813993795441,677
1564.509765625,14,58,33,36.7734633692227,-1.26813993795441,500
1528.06762695312,15,58,21,36.7901298932801,-1.26813993795441,534
1514.62512207031,14,61,10,36.7942965242945,-1.26813993795441,644
1472.05041503906,16,61,3,36.8151296793663,-1.26813993795441,1020
1427.89636230469,17,64,2,36.8317962034237,-1.26813993795441,1095
1413.38415527344,19,65,4,36.835962834438,-1.26813993795441,1119
1364.02172851562,15,65,4,36.858879305017,-1.26813993795441,934
1320.27612304688,15,69,5,36.8630459360314,-1.26813993795441,863
1292.1396484375,20,78,3,36.9026289306677,-1.26813993795441,856
1279.10864257812,20,76,0,36.9213787702324,-1.26813993795441,998
1279.10864257812,20,76,0,36.9255454012467,-1.26813993795441,985
1289.03601074219,23,73,0,36.9317953477682,-1.26813993795441,973
1295.00659179688,13,71,0,36.9734616579118,-1.26813993795441,759
1275.75573730469,13,70,1,36.9776282889262,-1.26813993795441,786
1275.75573730469,13,70,1,36.9817949199405,-1.26813993795441,783
1295.89294433594,13,73,7,36.9963781284908,-1.26813993795441,797
1167.41650390625,14,74,5,37.0255445455913,-1.26813993795441,858
1154.12707519531,15,76,2,37.0297111766056,-1.26813993795441,876
1157.27697753906,14,74,5,37.0442943851559,-1.26813993795441,823
1135.31787109375,12,73,5,37.0630442247205,-1.26813993795441,869
920.230590820312,11,73,3,37.1005439038497,-1.26813993795441,771
667.658508300781,14,69,1,36.5047156687967,-1.27022329199089,833
773.59130859375,17,68,3,36.5422153479259,-1.27022329199089,766
749.721374511719,13,68,0,36.5505486099546,-1.27022329199089,737
768.501220703125,13,68,0,36.5588818719833,-1.27022329199089,757
846.503356933594,13,69,3,36.5651318185048,-1.27022329199089,715
846.503356933594,13,69,3,36.567215134012,-1.27022329199089,745
944.575256347656,14,68,1,36.5692984495192,-1.27022329199089,750
1013.84942626953,16,68,2,36.5880482890838,-1.27022329199089,672
1137.08447265625,18,63,6,36.6026314976341,-1.27022329199089,553
1137.08447265625,18,63,6,36.6047148131412,-1.27022329199089,554
1222.9716796875,17,64,6,36.6109647596628,-1.27022329199089,513
1609.57934570312,21,57,11,36.6713809093709,-1.27022329199089,393
1578.49877929688,25,57,11,36.6797141713997,-1.27022329199089,385
1536.84252929688,20,58,14,36.6880474334284,-1.27022329199089,486
1521.53344726562,20,58,20,36.6984640109643,-1.27022329199089,499
1531.00659179688,19,60,39,36.7047139574858,-1.27022329199089,475
1547.51000976562,16,57,20,36.7130472195145,-1.27022329199089,437
1562.833984375,13,58,12,36.719297166036,-1.27022329199089,410
1564.509765625,14,58,33,36.7734633692227,-1.27022329199089,506
1413.38415527344,19,65,4,36.8380461499452,-1.27022329199089,1003
1281.14282226562,18,74,14,36.8734625135672,-1.27022329199089,910
1283.44421386719,19,78,0,36.9109621926965,-1.27022329199089,955
1283.44421386719,19,78,0,36.917212139218,-1.27022329199089,1040
1296.54528808594,16,76,0,36.9359619787826,-1.27022329199089,849
1285.90380859375,13,70,2,36.9922114974764,-1.27022329199089,785
1207.07836914062,15,75,6,37.0151279680554,-1.27022329199089,871
1154.12707519531,15,76,2,37.03387780762,-1.27022329199089,902
1154.623046875,14,75,3,37.0526276471846,-1.27022329199089,840
1222.9716796875,17,64,6,36.6109647596628,-1.27230664602736,527
1222.9716796875,17,64,6,36.6151313906771,-1.27230664602736,533
1428.0751953125,20,65,11,36.6317979147345,-1.27230664602736,518
1547.11169433594,21,60,23,36.6442978077776,-1.27230664602736,520
1531.00659179688,19,60,39,36.706797272993,-1.27230664602736,437
1572.43835449219,15,58,17,36.7317970590791,-1.27230664602736,534
1582.20239257812,9,61,5,36.7380470056006,-1.27230664602736,515
1582.20239257812,9,61,5,36.7401303211078,-1.27230664602736,561
1587.21752929688,11,62,1,36.7463802676294,-1.27230664602736,751
1576.34814453125,13,59,1,36.765130107194,-1.27230664602736,546
1497.60400390625,16,61,10,36.8067964173375,-1.27230664602736,887
1446.70007324219,16,63,1,36.823462941395,-1.27230664602736,1071
1276.67883300781,17,75,0,36.8859624066103,-1.27230664602736,799
1276.67883300781,17,75,0,36.8922123531319,-1.27230664602736,788
1279.10864257812,20,76,0,36.9234620857395,-1.27230664602736,1004
1296.54528808594,16,76,0,36.9380452942898,-1.27230664602736,875
1306.28088378906,14,68,0,36.9567951338544,-1.27230664602736,907
1275.75573730469,13,70,1,36.9838782354477,-1.27230664602736,819
1207.07836914062,15,75,6,37.010961337041,-1.27230664602736,916
1093.7734375,13,72,2,37.069294171242,-1.27230664602736,795
1036.81127929688,12,71,5,37.0838773797923,-1.27230664602736,756
837.582824707031,16,69,6,36.5609651874905,-1.27439000006384,693
1170.14965820312,15,66,5,36.6172147061843,-1.27439000006384,533
1576.8603515625,19,59,18,36.6776308558925,-1.27439000006384,438
1536.80603027344,15,58,19,36.7317970590791,-1.27439000006384,536
1552.68530273438,11,61,13,36.7463802676294,-1.27439000006384,714
1552.68530273438,11,61,13,36.7484635831365,-1.27439000006384,740
1552.68530273438,11,61,13,36.7505468986437,-1.27439000006384,739
1543.5380859375,15,58,13,36.7797133157442,-1.27439000006384,480
1510.822265625,16,60,33,36.8067964173375,-1.27439000006384,678
1274.96899414062,16,77,0,36.8692958825529,-1.27439000006384,974
1271.01647949219,18,75,6,36.881795775596,-1.27439000006384,856
1285.041015625,20,77,0,36.8922123531319,-1.27439000006384,841
1284.09777832031,17,75,0,36.9067955616821,-1.27439000006384,813
1310.29162597656,14,70,3,36.9422119253041,-1.27439000006384,834
1323.73315429688,15,68,0,36.9713783424046,-1.27439000006384,885
1188.1826171875,13,74,4,37.0192945990697,-1.27439000006384,927
1144.90466308594,13,73,3,37.0588775937061,-1.27439000006384,838
1114.74194335938,11,72,3,37.0651275402277,-1.27439000006384,825
967.07177734375,11,70,4,37.0817940642851,-1.27439000006384,754
744.646850585938,13,70,0,36.5505486099546,-1.27647335410031,779
1021.12298583984,15,67,2,36.5817983425623,-1.27647335410031,662
1527.92749023438,17,56,19,36.6901307489355,-1.27647335410031,443
1512.03503417969,15,56,18,36.7026306419786,-1.27647335410031,465
1536.80603027344,15,58,19,36.7276304280648,-1.27647335410031,474
1534.42578125,15,61,18,36.7880465777729,-1.27647335410031,539
1534.42578125,15,61,18,36.7922132087873,-1.27647335410031,609
1473.70349121094,15,62,9,36.8151296793663,-1.27647335410031,993
1371.30249023438,15,67,6,36.8505460429883,-1.27647335410031,1085
1284.09777832031,17,75,0,36.9047122461749,-1.27647335410031,841
1310.29162597656,14,70,3,36.940128609797,-1.27647335410031,834
1326.62951660156,14,66,0,36.9817949199405,-1.27647335410031,833
1350.26049804688,12,69,1,36.9963781284908,-1.27647335410031,785
1350.26049804688,12,69,1,37.0005447595051,-1.27647335410031,832
1310.41687011719,12,72,2,37.0088780215338,-1.27647335410031,907
1241.39343261719,13,74,5,37.0130446525482,-1.27647335410031,915
1156.97668457031,13,74,2,37.0401277541415,-1.27647335410031,881
1114.74194335938,11,72,3,37.0651275402277,-1.27647335410031,823
955.426391601562,15,68,1,36.5734650805336,-1.27855670813679,751
1021.12298583984,15,67,2,36.5838816580694,-1.27855670813679,684
1170.14965820312,15,66,5,36.6130480751699,-1.27855670813679,602
1357.35021972656,22,63,9,36.6234646527058,-1.27855670813679,502
1357.35021972656,22,63,9,36.625547968213,-1.27855670813679,493
1478.56762695312,20,62,8,36.6297145992274,-1.27855670813679,484
1517.79443359375,17,62,24,36.6380478612561,-1.27855670813679,522
1598.69616699219,19,58,18,36.660964331835,-1.27855670813679,463
1606.26220703125,16,61,9,36.6734642248781,-1.27855670813679,429
1504.76220703125,17,57,19,36.6963806954571,-1.27855670813679,440
1525.65051269531,15,58,10,36.7130472195145,-1.27855670813679,467
1525.65051269531,15,58,10,36.7151305350217,-1.27855670813679,467
1534.61413574219,14,57,31,36.7255471125576,-1.27855670813679,456
1552.68530273438,11,61,13,36.7442969521222,-1.27855670813679,697
1559.17077636719,12,61,1,36.7547135296581,-1.27855670813679,808
1534.42578125,15,61,18,36.7901298932801,-1.27855670813679,574
1510.822265625,16,60,33,36.8047131018304,-1.27855670813679,582
1473.70349121094,15,62,9,36.8151296793663,-1.27855670813679,987
1371.30249023438,15,67,6,36.8505460429883,-1.27855670813679,1080
1303.03637695312,14,71,5,36.8609626205242,-1.27855670813679,912
1274.96899414062,16,77,0,36.8755458290744,-1.27855670813679,1019
1299.48999023438,15,70,2,36.9317953477682,-1.27855670813679,845
1314.30810546875,14,70,1,36.9505451873328,-1.27855670813679,832
1324.09997558594,14,69,0,36.9609617648687,-1.27855670813679,799
1350.26049804688,12,69,1,37.0005447595051,-1.27855670813679,826
1153.89672851562,14,74,1,37.0505443316774,-1.27855670813679,815
1021.12298583984,15,67,2,36.5797150270551,-1.28064006217326,649
1030.21911621094,15,65,6,36.6047148131412,-1.28064006217326,665
1030.21911621094,15,65,6,36.6067981286484,-1.28064006217326,667
1030.21911621094,15,65,6,36.6088814441556,-1.28064006217326,647
1357.35021972656,22,63,9,36.6213813371987,-1.28064006217326,524
1478.56762695312,20,62,8,36.6317979147345,-1.28064006217326,526
1598.69616699219,19,58,18,36.6672142783566,-1.28064006217326,438
1527.92749023438,17,56,19,36.6901307489355,-1.28064006217326,468
1504.76220703125,17,57,19,36.6984640109643,-1.28064006217326,461
1552.68530273438,11,61,13,36.7463802676294,-1.28064006217326,757
1390.28771972656,14,66,1,36.8380461499452,-1.28064006217326,1046
1371.30249023438,15,67,6,36.8442960964667,-1.28064006217326,985
1371.30249023438,15,67,6,36.8484627274811,-1.28064006217326,1102
1340.60620117188,13,67,14,36.8526293584955,-1.28064006217326,944
1269.21203613281,19,78,0,36.9109621926965,-1.28064006217326,1054
1276.22436523438,16,73,1,36.9192954547252,-1.28064006217326,955
1276.22436523438,16,73,1,36.9234620857395,-1.28064006217326,892
1314.30810546875,14,70,1,36.9505451873328,-1.28064006217326,831
1319.19970703125,14,70,6,36.95262850284,-1.28064006217326,826
1326.62951660156,14,66,0,36.9776282889262,-1.28064006217326,872
1344.04138183594,12,69,0,36.9880448664621,-1.28064006217326,838
1188.1826171875,13,74,4,37.0255445455913,-1.28064006217326,828
1156.97668457031,13,74,2,37.0359611231272,-1.28064006217326,845
827.467895507812,16,70,3,36.567215134012,-1.28272341620973,615
1018.21020507812,16,68,0,36.5776317115479,-1.28272341620973,669
951.605529785156,13,67,3,36.6088814441556,-1.28272341620973,683
1342.37829589844,18,63,6,36.6192980216915,-1.28272341620973,475
1521.06457519531,14,57,6,36.6880474334284,-1.28272341620973,397
1502.58020019531,14,57,16,36.7005473264714,-1.28272341620973,431
1529.43078613281,14,57,12,36.7213804815432,-1.28272341620973,511
1525.79760742188,9,62,5,36.742213636615,-1.28272341620973,745
1537.53869628906,14,62,1,36.7505468986437,-1.28272341620973,906
1545.13842773438,13,61,10,36.7797133157442,-1.28272341620973,529
1545.005859375,13,64,9,36.7880465777729,-1.28272341620973,564
1545.005859375,13,64,9,36.7901298932801,-1.28272341620973,727
1545.66687011719,13,59,7,36.7942965242945,-1.28272341620973,479
1368.94384765625,17,68,0,36.8401294654524,-1.28272341620973,1078
1325.73681640625,14,69,0,36.9463785563185,-1.28272341620973,859
1329.501953125,13,70,2,36.9567951338544,-1.28272341620973,862
1329.501953125,13,70,2,36.9588784493616,-1.28272341620973,829
1333.50341796875,14,69,0,36.9609617648687,-1.28272341620973,801
1333.50341796875,14,69,0,36.9651283958831,-1.28272341620973,839
1340.21533203125,14,71,0,36.975544973419,-1.28272341620973,835
1272.09985351562,12,72,4,37.010961337041,-1.28272341620973,895
1183.3427734375,13,74,4,37.0276278610985,-1.28272341620973,816
1004.14251708984,10,70,1,37.0734608022564,-1.28272341620973,778
1018.21020507812,16,68,0,36.5838816580694,-1.28480677024621,679
967.014038085938,14,68,3,36.5859649735766,-1.28480677024621,672
910.750244140625,13,69,3,36.6005481821269,-1.28480677024621,674
951.605529785156,13,67,3,36.6026314976341,-1.28480677024621,670
1120.61767578125,18,63,6,36.6151313906771,-1.28480677024621,575
1476.73876953125,19,60,12,36.6276312837202,-1.28480677024621,540
1518.63159179688,18,62,10,36.6442978077776,-1.28480677024621,437
1580.80212402344,25,58,22,36.6672142783566,-1.28480677024621,459
1592.74926757812,28,59,30,36.6713809093709,-1.28480677024621,425
1567.13586425781,19,58,17,36.6776308558925,-1.28480677024621,474
1567.13586425781,19,58,17,36.6797141713997,-1.28480677024621,464
1567.13586425781,19,58,17,36.6817974869068,-1.28480677024621,412
1521.06457519531,14,57,6,36.6859641179212,-1.28480677024621,398
1521.06457519531,14,57,6,36.6901307489355,-1.28480677024621,403
1528.38671875,15,60,13,36.7130472195145,-1.28480677024621,438
1550.794921875,10,61,1,36.7526302141509,-1.28480677024621,877
1551.36254882812,12,59,25,36.7734633692227,-1.28480677024621,536
1545.13842773438,13,61,10,36.7817966312514,-1.28480677024621,591
1545.66687011719,13,59,7,36.7963798398016,-1.28480677024621,567
1545.66687011719,13,59,7,36.800546470816,-1.28480677024621,560
1256.93444824219,19,77,0,36.9109621926965,-1.28480677024621,996
1307.8623046875,14,70,0,36.9338786632754,-1.28480677024621,860
1329.501953125,13,70,2,36.9588784493616,-1.28480677024621,773
1340.21533203125,14,71,0,36.9713783424046,-1.28480677024621,922
1337.38305664062,12,70,0,37.0088780215338,-1.28480677024621,911
1215.94653320312,13,75,3,37.0213779145769,-1.28480677024621,939
1165.15478515625,13,75,0,37.0401277541415,-1.28480677024621,871
1152.22570800781,14,76,2,37.0505443316774,-1.28480677024621,887
967.014038085938,14,68,3,36.590131604591,-1.28689012428268,725
967.014038085938,14,68,3,36.5922149200982,-1.28689012428268,697
910.750244140625,13,69,3,36.5942982356053,-1.28689012428268,678
951.605529785156,13,67,3,36.6047148131412,-1.28689012428268,660
1342.37829589844,18,63,6,36.625547968213,-1.28689012428268,509
1567.13586425781,19,58,17,36.6817974869068,-1.28689012428268,409
1521.06457519531,14,57,6,36.6880474334284,-1.28689012428268,418
1528.38671875,15,60,13,36.7109639040073,-1.28689012428268,420
1524.40515136719,9,61,5,36.7338803745863,-1.28689012428268,780
1525.79760742188,9,62,5,36.742213636615,-1.28689012428268,865
1555.64721679688,11,58,15,36.765130107194,-1.28689012428268,456
1555.64721679688,11,58,15,36.7672134227011,-1.28689012428268,478
1530.51525878906,16,58,32,36.8047131018304,-1.28689012428268,588
1368.94384765625,17,68,0,36.835962834438,-1.28689012428268,1173
1322.25708007812,12,67,0,36.858879305017,-1.28689012428268,1021
1299.52221679688,15,73,6,36.8630459360314,-1.28689012428268,1070
1266.14013671875,16,75,2,36.9047122461749,-1.28689012428268,964
1256.93444824219,19,77,0,36.9130455082036,-1.28689012428268,978
1307.8623046875,14,70,0,36.9297120322611,-1.28689012428268,874
1307.8623046875,14,70,0,36.9338786632754,-1.28689012428268,863
1319.91345214844,14,68,0,36.9422119253041,-1.28689012428268,787
1329.501953125,13,70,2,36.95262850284,-1.28689012428268,848
1329.501953125,13,70,2,36.9547118183472,-1.28689012428268,782
1333.50341796875,14,69,0,36.9672117113903,-1.28689012428268,807
1340.21533203125,14,71,0,36.9713783424046,-1.28689012428268,935
1337.38305664062,12,70,0,37.0026280750123,-1.28689012428268,828
1272.09985351562,12,72,4,37.0151279680554,-1.28689012428268,899
1272.09985351562,12,72,4,37.0172112835626,-1.28689012428268,897
1165.15478515625,13,75,0,37.0401277541415,-1.28689012428268,901
1136.81372070312,12,75,1,37.0588775937061,-1.28689012428268,828
951.605529785156,13,67,3,36.6088814441556,-1.28897347831916,655
1342.37829589844,18,63,6,36.6192980216915,-1.28897347831916,610
1476.73876953125,19,60,12,36.6317979147345,-1.28897347831916,523
1548.15356445312,27,58,15,36.6567977008207,-1.28897347831916,498
1567.13586425781,19,58,17,36.6776308558925,-1.28897347831916,397
1521.06457519531,14,57,6,36.6922140644427,-1.28897347831916,440
1528.38671875,15,60,13,36.7151305350217,-1.28897347831916,424
1528.38671875,15,60,13,36.7172138505289,-1.28897347831916,492
1550.794921875,10,61,1,36.7588801606724,-1.28897347831916,911
1545.13842773438,13,61,10,36.777630000237,-1.28897347831916,565
1545.005859375,13,64,9,36.7880465777729,-1.28897347831916,896
1545.66687011719,13,59,7,36.7942965242945,-1.28897347831916,953
1530.51525878906,16,58,32,36.8067964173375,-1.28897347831916,640
1285.89282226562,14,76,4,36.8755458290744,-1.28897347831916,963
1284.37866210938,18,73,0,36.9005456151606,-1.28897347831916,916
1307.8623046875,14,70,0,36.9317953477682,-1.28897347831916,877
1329.501953125,13,70,2,36.95262850284,-1.28897347831916,756
1329.501953125,13,70,2,36.9588784493616,-1.28897347831916,711
1340.21533203125,14,71,0,36.9713783424046,-1.28897347831916,940
1152.22570800781,14,76,2,37.0505443316774,-1.28897347831916,893
1094.24340820312,10,70,2,37.0630442247205,-1.28897347831916,863
1326.80114746094,15,63,6,36.625547968213,-1.29105683235563,550
1508.3046875,19,61,9,36.6359645457489,-1.29105683235563,519
1556.05383300781,33,57,83,36.6734642248781,-1.29105683235563,401
1532.55688476562,32,55,35,36.6817974869068,-1.29105683235563,382
1502.60070800781,17,59,23,36.6880474334284,-1.29105683235563,382
1502.60070800781,17,59,23,36.6901307489355,-1.29105683235563,396
1520.40026855469,17,59,15,36.7026306419786,-1.29105683235563,409
1527.60803222656,15,58,10,36.7213804815432,-1.29105683235563,488
1549.13220214844,12,59,12,36.7547135296581,-1.29105683235563,990
1544.10278320312,11,61,17,36.7817966312514,-1.29105683235563,724
1544.10278320312,11,61,17,36.7838799467586,-1.29105683235563,815
1536.31774902344,16,62,16,36.8067964173375,-1.29105683235563,802
1379.59582519531,17,68,7,36.8338795189309,-1.29105683235563,1096
1353.52001953125,18,69,2,36.8401294654524,-1.29105683235563,1094
1318.10949707031,13,68,6,36.8547126740026,-1.29105683235563,956
1318.10949707031,13,68,6,36.8567959895098,-1.29105683235563,972
1318.10949707031,13,68,6,36.858879305017,-1.29105683235563,992
1270.7080078125,16,78,1,36.8922123531319,-1.29105683235563,883
1258.96313476562,13,74,6,36.917212139218,-1.29105683235563,943
1346.17822265625,15,72,0,36.9713783424046,-1.29105683235563,836
1352.40905761719,12,66,0,37.0047113905195,-1.29105683235563,825
1169.11083984375,13,77,2,37.0380444386343,-1.29105683235563,957
1543.20495605469,27,58,5,36.6526310698063,-1.29314018639211,507
1556.66491699219,31,57,77,36.6651309628494,-1.29314018639211,458
1556.05383300781,33,57,83,36.6734642248781,-1.29314018639211,377
1556.05383300781,33,57,83,36.6755475403853,-1.29314018639211,371
1527.60803222656,15,58,10,36.7255471125576,-1.29314018639211,486
1522.40966796875,10,62,4,36.7317970590791,-1.29314018639211,599
1547.98950195312,13,60,14,36.7713800537155,-1.29314018639211,635
1301.83776855469,14,71,3,36.8651292515385,-1.29314018639211,1049
1301.83776855469,14,71,3,36.8672125670457,-1.29314018639211,1026
1290.26477050781,18,78,5,36.8734625135672,-1.29314018639211,1012
1290.26477050781,18,78,5,36.8755458290744,-1.29314018639211,945
1279.6552734375,15,77,0,36.8838790911031,-1.29314018639211,936
1251.01428222656,14,73,0,36.9067955616821,-1.29314018639211,885
1332.04663085938,13,69,0,36.9484618718257,-1.29314018639211,781
1336.42980957031,14,71,4,36.9547118183472,-1.29314018639211,712
1074.58520507812,11,71,3,37.0630442247205,-1.29314018639211,781
1508.3046875,19,61,9,36.6380478612561,-1.29522354042858,497
1523.90112304688,16,61,9,36.6505477542992,-1.29522354042858,438
1500.74377441406,20,61,9,36.6942973799499,-1.29522354042858,383
1520.40026855469,17,59,15,36.7088805885002,-1.29522354042858,400
1530.87255859375,18,59,17,36.7172138505289,-1.29522354042858,423
1552.525390625,11,59,21,36.7609634761796,-1.29522354042858,750
1544.10278320312,11,61,17,36.7817966312514,-1.29522354042858,846
1546.25061035156,14,62,0,36.7880465777729,-1.29522354042858,945
1548.28674316406,13,61,9,36.7963798398016,-1.29522354042858,1062
1353.52001953125,18,69,2,36.8422127809596,-1.29522354042858,1048
1260.42822265625,18,74,2,36.8984622996534,-1.29522354042858,852
1258.96313476562,13,74,6,36.9109621926965,-1.29522354042858,859
1258.96313476562,13,74,6,36.9130455082036,-1.29522354042858,896
1336.42980957031,14,71,4,36.9588784493616,-1.29522354042858,768
1339.99853515625,14,72,0,36.9630450803759,-1.29522354042858,824
1074.58520507812,11,71,3,37.0630442247205,-1.29522354042858,759
1074.58520507812,11,71,3,37.0651275402277,-1.29522354042858,751
965.683166503906,11,70,6,37.0713774867492,-1.29522354042858,771
1523.90112304688,16,61,9,36.6442978077776,-1.29730689446505,428
1532.55688476562,32,55,35,36.6817974869068,-1.29730689446505,353
1522.40966796875,10,62,4,36.7276304280648,-1.29730689446505,452
1525.09716796875,10,62,4,36.7380470056006,-1.29730689446505,545
1525.09716796875,10,62,4,36.7401303211078,-1.29730689446505,576
1536.72412109375,9,62,1,36.7442969521222,-1.29730689446505,635
1536.72412109375,9,62,1,36.7505468986437,-1.29730689446505,771
1549.13220214844,12,59,12,36.7567968451653,-1.29730689446505,804
1546.25061035156,14,62,0,36.7901298932801,-1.29730689446505,988
1536.31774902344,16,62,16,36.8067964173375,-1.29730689446505,967
1495.90478515625,15,62,3,36.8130463638591,-1.29730689446505,1032
1337.49291992188,13,68,1,36.8484627274811,-1.29730689446505,906
1301.83776855469,14,71,3,36.8672125670457,-1.29730689446505,982
1279.6552734375,15,77,0,36.8838790911031,-1.29730689446505,894
1270.7080078125,16,78,1,36.8901290376247,-1.29730689446505,969
1544.81127929688,35,59,31,36.6588810163279,-1.29939024850153,389
1521.97192382812,30,58,67,36.6672142783566,-1.29939024850153,411
1495.44665527344,24,57,35,36.6692975938638,-1.29939024850153,391
1476.97290039062,20,59,13,36.6797141713997,-1.29939024850153,320
1474.74389648438,18,58,24,36.6901307489355,-1.29939024850153,349
1517.71875,23,60,23,36.7026306419786,-1.29939024850153,426
1517.71875,23,60,23,36.7047139574858,-1.29939024850153,434
1518.44921875,16,64,19,36.7317970590791,-1.29939024850153,494
1549.4482421875,15,59,12,36.7672134227011,-1.29939024850153,781
1472.62451171875,15,63,5,36.8130463638591,-1.29939024850153,984
1472.62451171875,15,63,5,36.8172129948734,-1.29939024850153,933
1411.11669921875,16,66,16,36.8192963103806,-1.29939024850153,1041
1276.77648925781,15,76,0,36.9109621926965,-1.29939024850153,932
1300.11755371094,15,71,0,36.9192954547252,-1.29939024850153,867
1329.64831542969,15,70,0,36.9380452942898,-1.29939024850153,772
1521.97192382812,30,58,67,36.660964331835,-1.301473602538,385
1495.44665527344,24,57,35,36.6713809093709,-1.301473602538,348
1518.44921875,16,64,19,36.7317970590791,-1.301473602538,456
1537.3330078125,13,66,1,36.7442969521222,-1.301473602538,534
1547.224609375,13,60,4,36.7526302141509,-1.301473602538,589
1549.4482421875,15,59,12,36.7609634761796,-1.301473602538,554
1549.4482421875,15,59,12,36.765130107194,-1.301473602538,504
1538.49890136719,11,63,4,36.7797133157442,-1.301473602538,868
1512.927734375,14,63,4,36.8026297863232,-1.301473602538,986
1248.9404296875,17,79,4,36.8797124600888,-1.301473602538,917
1248.9404296875,17,79,4,36.881795775596,-1.301473602538,923
1239.68786621094,17,79,0,36.8859624066103,-1.301473602538,1057
1242.55261230469,14,75,1,36.8984622996534,-1.301473602538,1038
1255.86315917969,18,79,0,36.9067955616821,-1.301473602538,909
1255.86315917969,18,79,0,36.9088788771893,-1.301473602538,921
1276.77648925781,15,76,0,36.9151288237108,-1.301473602538,920
1300.11755371094,15,71,0,36.9234620857395,-1.301473602538,891
1318.3095703125,15,71,4,36.9276287167539,-1.301473602538,811
1318.3095703125,15,71,4,36.9338786632754,-1.301473602538,791
1329.64831542969,15,70,0,36.9380452942898,-1.301473602538,758
1329.64831542969,15,70,0,36.9422119253041,-1.301473602538,796
1336.7451171875,15,70,0,36.9463785563185,-1.301473602538,807
1336.7451171875,15,70,0,36.9505451873328,-1.301473602538,775
1340.43334960938,15,71,2,36.9547118183472,-1.301473602538,845
1342.72375488281,14,69,1,36.975544973419,-1.301473602538,862
1494.71838378906,19,60,35,36.6942973799499,-1.30355695657448,384
1517.71875,23,60,23,36.7026306419786,-1.30355695657448,355
1525.39660644531,15,64,7,36.7359636900935,-1.30355695657448,436
1549.4482421875,15,59,12,36.7672134227011,-1.30355695657448,495
1538.49890136719,11,63,4,36.7838799467586,-1.30355695657448,942
1532.83581542969,12,62,5,36.7901298932801,-1.30355695657448,1007
1527.48840332031,13,62,16,36.7963798398016,-1.30355695657448,681
1266.15466308594,17,78,1,36.8755458290744,-1.30355695657448,968
1239.68786621094,17,79,0,36.8859624066103,-1.30355695657448,973
1255.86315917969,18,79,0,36.9088788771893,-1.30355695657448,912
1300.11755371094,15,71,0,36.9213787702324,-1.30355695657448,806
1300.11755371094,15,71,0,36.9234620857395,-1.30355695657448,852
1318.3095703125,15,71,4,36.9338786632754,-1.30355695657448,778
1329.64831542969,15,70,0,36.9422119253041,-1.30355695657448,781
1518.44921875,16,64,19,36.7276304280648,-1.30564031061095,495
1525.39660644531,15,64,7,36.7359636900935,-1.30564031061095,447
1538.49890136719,11,63,4,36.7817966312514,-1.30564031061095,759
1532.83581542969,12,62,5,36.7901298932801,-1.30564031061095,889
1307.7177734375,16,73,0,36.8547126740026,-1.30564031061095,1074
1242.55261230469,14,75,1,36.894295668639,-1.30564031061095,1011
1242.55261230469,14,75,1,36.8984622996534,-1.30564031061095,926
1340.43334960938,15,71,2,36.9567951338544,-1.30564031061095,905
1342.72375488281,14,69,1,36.9734616579118,-1.30564031061095,892
1514.86547851562,22,60,29,36.7109639040073,-1.30772366464742,434
1510.04125976562,19,61,55,36.7276304280648,-1.30772366464742,488
1519.81298828125,13,61,55,36.7380470056006,-1.30772366464742,470
1531.77392578125,20,61,10,36.7463802676294,-1.30772366464742,477
1541.09533691406,16,59,15,36.7588801606724,-1.30772366464742,462
1545.55444335938,14,64,18,36.7713800537155,-1.30772366464742,628
1494.27478027344,15,66,14,36.7942965242945,-1.30772366464742,761
1494.27478027344,15,66,14,36.800546470816,-1.30772366464742,944
1468.31872558594,12,68,8,36.8047131018304,-1.30772366464742,857
1259.87707519531,16,78,0,36.8630459360314,-1.30772366464742,1056
1248.03454589844,16,79,0,36.894295668639,-1.30772366464742,877
1248.03454589844,16,79,0,36.8963789841462,-1.30772366464742,851
1292.97888183594,15,77,1,36.9109621926965,-1.30772366464742,925
1308.8857421875,13,76,2,36.9255454012467,-1.30772366464742,778
1322.50463867188,14,72,2,36.9338786632754,-1.30772366464742,768
1331.23828125,14,74,0,36.940128609797,-1.30772366464742,751
1336.20532226562,15,72,2,36.9463785563185,-1.30772366464742,751
1335.51635742188,13,74,1,36.9672117113903,-1.30772366464742,946
1335.79455566406,14,74,0,36.9797116044333,-1.30772366464742,959
1433.60607910156,19,58,24,36.6776308558925,-1.3098070186839,396
1509.70373535156,18,62,31,36.706797272993,-1.3098070186839,374
1514.86547851562,22,60,29,36.7130472195145,-1.3098070186839,407
1509.39599609375,19,61,38,36.7213804815432,-1.3098070186839,426
1510.04125976562,19,61,55,36.7276304280648,-1.3098070186839,466
1519.81298828125,13,61,55,36.7380470056006,-1.3098070186839,407
1531.77392578125,20,61,10,36.7505468986437,-1.3098070186839,484
1546.54711914062,17,59,13,36.7630467916868,-1.3098070186839,521
1494.27478027344,15,66,14,36.7984631553088,-1.3098070186839,918
1292.97888183594,15,77,1,36.917212139218,-1.3098070186839,977
1336.20532226562,15,72,2,36.9484618718257,-1.3098070186839,726
1335.51635742188,13,74,1,36.9672117113903,-1.3098070186839,942
1441.95495605469,18,57,16,36.6692975938638,-1.31189037272037,410
1433.60607910156,19,58,24,36.6797141713997,-1.31189037272037,420
1433.60607910156,19,58,24,36.6817974869068,-1.31189037272037,405
1484.25805664062,16,59,9,36.7005473264714,-1.31189037272037,382
1509.70373535156,18,62,31,36.7026306419786,-1.31189037272037,381
1509.39599609375,19,61,38,36.7234637970504,-1.31189037272037,456
1509.39599609375,19,61,38,36.7255471125576,-1.31189037272037,480
1531.77392578125,20,61,10,36.7442969521222,-1.31189037272037,390
1545.55444335938,14,64,18,36.7713800537155,-1.31189037272037,535
1545.55444335938,14,64,18,36.7755466847299,-1.31189037272037,687
1514.71520996094,13,70,0,36.7880465777729,-1.31189037272037,1025
1375.74353027344,14,66,6,36.8213796258878,-1.31189037272037,1050
1321.52624511719,16,69,4,36.8422127809596,-1.31189037272037,1064
1285.56665039062,15,78,3,36.8567959895098,-1.31189037272037,1018
1292.97888183594,15,77,1,36.9151288237108,-1.31189037272037,941
1332.77453613281,14,74,1,36.9692950268975,-1.31189037272037,908
1332.77453613281,14,74,1,36.9713783424046,-1.31189037272037,922
1433.60607910156,19,58,24,36.6817974869068,-1.31397372675685,416
1433.60607910156,19,58,24,36.683880802414,-1.31397372675685,406
1484.25805664062,16,59,9,36.6942973799499,-1.31397372675685,369
1484.25805664062,16,59,9,36.6963806954571,-1.31397372675685,370
1509.70373535156,18,62,31,36.7026306419786,-1.31397372675685,386
1514.86547851562,22,60,29,36.7151305350217,-1.31397372675685,384
1509.39599609375,19,61,38,36.7255471125576,-1.31397372675685,468
1545.55444335938,14,64,18,36.7755466847299,-1.31397372675685,648
1375.74353027344,14,66,6,36.8213796258878,-1.31397372675685,989
1305.75659179688,16,70,0,36.8442960964667,-1.31397372675685,975
1322.50463867188,14,72,2,36.9338786632754,-1.31397372675685,790
1466.55395507812,16,58,7,36.6672142783566,-1.31605708079332,431
1443.0888671875,18,56,33,36.6880474334284,-1.31605708079332,419
1501.58276367188,15,58,17,36.7151305350217,-1.31605708079332,389
1521.53198242188,22,56,53,36.7505468986437,-1.31605708079332,391
1549.65014648438,14,63,28,36.7692967382083,-1.31605708079332,424
1539.69396972656,13,66,0,36.777630000237,-1.31605708079332,681
1330.82421875,14,68,1,36.8297128879165,-1.31605708079332,1006
1313.97973632812,14,67,1,36.8401294654524,-1.31605708079332,886
1273.57592773438,13,75,0,36.8567959895098,-1.31605708079332,970
1224.61706542969,13,75,0,36.8797124600888,-1.31605708079332,1001
1224.61706542969,13,75,0,36.881795775596,-1.31605708079332,1065
1236.82080078125,19,79,0,36.8922123531319,-1.31605708079332,979
1265.68310546875,17,79,0,36.8963789841462,-1.31605708079332,980
1298.87121582031,15,73,1,36.9130455082036,-1.31605708079332,938
1320.78002929688,15,72,0,36.940128609797,-1.31605708079332,741
1324.50476074219,12,68,0,36.9713783424046,-1.31605708079332,768
1326.28344726562,13,71,0,36.9797116044333,-1.31605708079332,876
1521.53198242188,22,56,53,36.7463802676294,-1.3181404348298,402
1539.69396972656,13,66,0,36.7817966312514,-1.3181404348298,740
1513.33935546875,15,70,0,36.7922132087873,-1.3181404348298,896
1435.18347167969,19,74,46,36.8088797328447,-1.3181404348298,760
1224.61706542969,13,75,0,36.8776291445816,-1.3181404348298,964
1265.68310546875,17,79,0,36.8963789841462,-1.3181404348298,981
1320.78002929688,15,72,0,36.9422119253041,-1.3181404348298,751
1324.50476074219,12,68,0,36.9692950268975,-1.3181404348298,819
1422.62524414062,22,57,17,36.6797141713997,-1.32022378886627,423
1443.0888671875,18,56,33,36.6901307489355,-1.32022378886627,411
1495.69580078125,18,58,36,36.7088805885002,-1.32022378886627,406
1513.33935546875,15,70,0,36.7922132087873,-1.32022378886627,806
1435.18347167969,19,74,46,36.8067964173375,-1.32022378886627,844
1352.57006835938,14,72,6,36.8213796258878,-1.32022378886627,818
1273.57592773438,13,75,0,36.8567959895098,-1.32022378886627,821
1235.11706542969,13,74,0,36.8755458290744,-1.32022378886627,962
1265.68310546875,17,79,0,36.8984622996534,-1.32022378886627,954
1308.19177246094,14,74,1,36.9213787702324,-1.32022378886627,802
1320.78002929688,15,72,0,36.9422119253041,-1.32022378886627,792
1323.37268066406,15,76,0,36.9463785563185,-1.32022378886627,952
1325.71374511719,13,72,1,36.95262850284,-1.32022378886627,891
1422.62524414062,22,57,17,36.6817974869068,-1.32230714290274,436
1498.71594238281,18,60,12,36.7234637970504,-1.32230714290274,478
1521.53198242188,22,56,53,36.7505468986437,-1.32230714290274,404
1542.22155761719,20,58,52,36.7672134227011,-1.32230714290274,414
1539.69396972656,13,66,0,36.7817966312514,-1.32230714290274,570
1513.33935546875,15,70,0,36.7922132087873,-1.32230714290274,756
1435.18347167969,19,74,46,36.8067964173375,-1.32230714290274,901
1435.18347167969,19,74,46,36.8088797328447,-1.32230714290274,866
1390.27282714844,12,73,2,36.8109630483519,-1.32230714290274,812
1352.57006835938,14,72,6,36.823462941395,-1.32230714290274,783
1352.57006835938,14,72,6,36.8255462569021,-1.32230714290274,874
1235.11706542969,13,74,0,36.8692958825529,-1.32230714290274,991
1224.61706542969,13,75,0,36.8797124600888,-1.32230714290274,848
1323.37268066406,15,76,0,36.9484618718257,-1.32230714290274,948
1424.400390625,17,60,7,36.6755475403853,-1.32439049693922,429
1423.54553222656,14,56,9,36.6817974869068,-1.32439049693922,442
1423.54553222656,14,56,9,36.683880802414,-1.32439049693922,440
1491.29284667969,16,58,11,36.7130472195145,-1.32439049693922,394
1506.80346679688,15,59,7,36.7380470056006,-1.32439049693922,501
1514.13134765625,15,58,13,36.7484635831365,-1.32439049693922,453
1514.13134765625,15,58,13,36.7505468986437,-1.32439049693922,435
1526.45251464844,13,67,1,36.7901298932801,-1.32439049693922,788
1307.62036132812,15,72,0,36.8401294654524,-1.32439049693922,849
1281.41662597656,13,73,2,36.8463794119739,-1.32439049693922,897
1264.38513183594,17,76,0,36.8526293584955,-1.32439049693922,889
1264.38513183594,17,76,0,36.858879305017,-1.32439049693922,805
1262.04357910156,14,78,0,36.8859624066103,-1.32439049693922,966
1262.04357910156,14,78,0,36.8901290376247,-1.32439049693922,934
1424.400390625,17,60,7,36.6755475403853,-1.32647385097569,449
1478.28149414062,17,58,42,36.7026306419786,-1.32647385097569,448
1478.28149414062,17,58,42,36.7047139574858,-1.32647385097569,432
1491.29284667969,16,58,11,36.7151305350217,-1.32647385097569,389
1491.29284667969,16,58,11,36.7172138505289,-1.32647385097569,464
1500.80908203125,15,60,5,36.7317970590791,-1.32647385097569,512
1523.73815917969,17,59,9,36.7526302141509,-1.32647385097569,410
1373.24401855469,12,71,1,36.8130463638591,-1.32647385097569,811
1255.45812988281,14,77,0,36.8692958825529,-1.32647385097569,900
1262.04357910156,14,78,0,36.8880457221175,-1.32647385097569,912
1295.57287597656,15,72,1,36.9088788771893,-1.32647385097569,863
1306.62963867188,13,69,0,36.9442952408113,-1.32647385097569,847
1312.94482421875,13,69,4,36.95262850284,-1.32647385097569,754
1320.43542480469,13,70,0,36.975544973419,-1.32647385097569,849
1423.54553222656,14,56,9,36.6817974869068,-1.32855720501217,471
1436.01306152344,19,56,30,36.6922140644427,-1.32855720501217,421
1478.28149414062,17,58,42,36.7026306419786,-1.32855720501217,433
1491.29284667969,16,58,11,36.7151305350217,-1.32855720501217,408
1496.19543457031,14,60,0,36.7255471125576,-1.32855720501217,517
1500.80908203125,15,60,5,36.7297137435719,-1.32855720501217,490
1500.80908203125,15,60,5,36.7317970590791,-1.32855720501217,500
1523.73815917969,17,59,9,36.7547135296581,-1.32855720501217,412
1550.0615234375,13,65,5,36.777630000237,-1.32855720501217,513
1481.94055175781,15,69,7,36.7963798398016,-1.32855720501217,644
1481.94055175781,15,69,7,36.800546470816,-1.32855720501217,660
1373.24401855469,12,71,1,36.8151296793663,-1.32855720501217,761
1373.24401855469,12,71,1,36.8172129948734,-1.32855720501217,783
1340.81225585938,13,74,0,36.8255462569021,-1.32855720501217,841
1264.38513183594,17,76,0,36.8547126740026,-1.32855720501217,920
1281.00024414062,17,77,1,36.894295668639,-1.32855720501217,893
1281.00024414062,17,77,1,36.8963789841462,-1.32855720501217,857
1281.00024414062,17,77,1,36.8984622996534,-1.32855720501217,839
1302.17687988281,17,77,0,36.9234620857395,-1.32855720501217,1128
1303.15063476562,15,75,2,36.9422119253041,-1.32855720501217,855
1312.94482421875,13,69,4,36.95262850284,-1.32855720501217,798
1318.19482421875,14,69,1,36.9609617648687,-1.32855720501217,818
1320.43542480469,13,70,0,36.9692950268975,-1.32855720501217,857
1478.28149414062,17,58,42,36.706797272993,-1.33064055904864,361
1491.29284667969,16,58,11,36.7109639040073,-1.33064055904864,401
1552.86962890625,17,60,16,36.7755466847299,-1.33064055904864,429
1526.45251464844,13,67,1,36.7901298932801,-1.33064055904864,505
1481.94055175781,15,69,7,36.7984631553088,-1.33064055904864,528
1325.5244140625,14,71,0,36.8297128879165,-1.33064055904864,791
1264.38513183594,17,76,0,36.8567959895098,-1.33064055904864,883
1259.17236328125,15,76,3,36.8672125670457,-1.33064055904864,951
1255.45812988281,14,77,0,36.8755458290744,-1.33064055904864,1011
1262.04357910156,14,78,0,36.8859624066103,-1.33064055904864,947
1262.04357910156,14,78,0,36.8901290376247,-1.33064055904864,951
1300.59741210938,14,72,2,36.917212139218,-1.33064055904864,904
1302.17687988281,17,77,0,36.9192954547252,-1.33064055904864,961
1302.93981933594,14,73,1,36.9317953477682,-1.33064055904864,891
1312.94482421875,13,69,4,36.9547118183472,-1.33064055904864,858
1318.19482421875,14,69,1,36.9609617648687,-1.33064055904864,820
1424.03308105469,16,55,17,36.6859641179212,-1.33272391308511,431
1502.19372558594,18,58,9,36.7234637970504,-1.33272391308511,470
1523.75732421875,15,57,32,36.7526302141509,-1.33272391308511,437
1359.87353515625,16,71,2,36.8172129948734,-1.33272391308511,728
1271.25158691406,16,72,6,36.8505460429883,-1.33272391308511,765
1302.37756347656,14,72,0,36.9026289306677,-1.33272391308511,794
1302.95568847656,13,74,0,36.917212139218,-1.33272391308511,981
1294.42028808594,13,71,0,36.9359619787826,-1.33272391308511,840
1301.00231933594,13,74,0,36.9484618718257,-1.33272391308511,879
1488.87817382812,18,58,11,36.7151305350217,-1.33480726712159,447
1502.19372558594,18,58,9,36.7213804815432,-1.33480726712159,439
1514.47131347656,13,59,17,36.7463802676294,-1.33480726712159,442
1331.08154296875,17,71,5,36.823462941395,-1.33480726712159,724
1319.7119140625,17,71,5,36.8317962034237,-1.33480726712159,720
1262.76135253906,15,76,0,36.8692958825529,-1.33480726712159,939
1302.37756347656,14,72,0,36.9088788771893,-1.33480726712159,878
1293.17529296875,14,71,2,36.9338786632754,-1.33480726712159,816
1301.00231933594,13,74,0,36.9442952408113,-1.33480726712159,897
1308.2373046875,12,71,3,36.9588784493616,-1.33480726712159,819
1464.50842285156,21,61,49,36.706797272993,-1.33689062115806,403
1464.50842285156,21,61,49,36.7088805885002,-1.33689062115806,402
1502.19372558594,18,58,9,36.7234637970504,-1.33689062115806,445
1506.57214355469,16,57,18,36.7297137435719,-1.33689062115806,448
1508.77197265625,15,59,10,36.742213636615,-1.33689062115806,460
1523.75732421875,15,57,32,36.7588801606724,-1.33689062115806,422
1530.63098144531,21,62,6,36.7880465777729,-1.33689062115806,414
1481.39672851562,17,64,11,36.800546470816,-1.33689062115806,468
1414.56640625,18,68,7,36.8026297863232,-1.33689062115806,483
1319.7119140625,17,71,5,36.8276295724093,-1.33689062115806,713
1319.7119140625,17,71,5,36.8317962034237,-1.33689062115806,699
1271.25158691406,16,72,6,36.8463794119739,-1.33689062115806,742
1252.28186035156,15,73,8,36.8567959895098,-1.33689062115806,701
1262.76135253906,15,76,0,36.8713791980601,-1.33689062115806,917
1267.55432128906,14,77,0,36.8797124600888,-1.33689062115806,947
1302.37756347656,14,72,0,36.9088788771893,-1.33689062115806,860
1293.17529296875,14,71,2,36.9317953477682,-1.33689062115806,851
1313.01159667969,12,71,0,36.9672117113903,-1.33689062115806,861
1314.83996582031,12,70,0,36.9713783424046,-1.33689062115806,844
1436.20349121094,20,56,58,36.6942973799499,-1.33897397519454,389
1550.66394042969,18,58,31,36.7734633692227,-1.33897397519454,525
1530.63098144531,21,62,6,36.7901298932801,-1.33897397519454,386
1530.63098144531,21,62,6,36.7922132087873,-1.33897397519454,387
1414.56640625,18,68,7,36.8067964173375,-1.33897397519454,523
1331.08154296875,17,71,5,36.823462941395,-1.33897397519454,671
1319.7119140625,17,71,5,36.8276295724093,-1.33897397519454,696
1271.25158691406,16,72,6,36.8484627274811,-1.33897397519454,723
1262.76135253906,15,76,0,36.8692958825529,-1.33897397519454,837
1291.32934570312,13,71,0,36.8963789841462,-1.33897397519454,835
1302.37756347656,14,72,0,36.9067955616821,-1.33897397519454,833
1302.95568847656,13,74,0,36.9109621926965,-1.33897397519454,921
1301.00231933594,13,74,0,36.9484618718257,-1.33897397519454,880
1503.81262207031,18,60,30,36.7234637970504,-1.34105732923101,421
1509.22204589844,16,63,5,36.7276304280648,-1.34105732923101,412
1545.61645507812,21,60,12,36.7713800537155,-1.34105732923101,452
1468.2890625,20,66,7,36.800546470816,-1.34105732923101,434
1260.46313476562,13,73,6,36.8734625135672,-1.34105732923101,858
1260.46313476562,13,73,6,36.8755458290744,-1.34105732923101,841
1297.20251464844,15,72,1,36.9213787702324,-1.34105732923101,874
1302.14562988281,16,74,1,36.9505451873328,-1.34105732923101,861
1427.43615722656,17,58,7,36.6942973799499,-1.34314068326749,404
1503.81262207031,18,60,30,36.7234637970504,-1.34314068326749,380
1509.22204589844,16,63,5,36.7276304280648,-1.34314068326749,423
1509.22204589844,16,63,5,36.7338803745863,-1.34314068326749,462
1512.29724121094,14,65,5,36.7401303211078,-1.34314068326749,470
1520.95361328125,19,63,19,36.7922132087873,-1.34314068326749,396
1314.43481445312,19,70,2,36.8276295724093,-1.34314068326749,659
1314.43481445312,19,70,2,36.8338795189309,-1.34314068326749,701
1251.28540039062,15,72,5,36.8526293584955,-1.34314068326749,673
1252.30932617188,16,72,5,36.8609626205242,-1.34314068326749,656
1296.86010742188,15,76,0,36.894295668639,-1.34314068326749,873
1309.64721679688,16,76,1,36.9088788771893,-1.34314068326749,946
1297.20251464844,15,72,1,36.9213787702324,-1.34314068326749,892
1297.20251464844,15,72,1,36.9234620857395,-1.34314068326749,928
1427.43615722656,17,58,7,36.6942973799499,-1.34522403730396,401
1545.61645507812,21,60,12,36.7755466847299,-1.34522403730396,450
1314.43481445312,19,70,2,36.8297128879165,-1.34522403730396,667
1300.74426269531,18,71,5,36.8380461499452,-1.34522403730396,709
1252.30932617188,16,72,5,36.8630459360314,-1.34522403730396,661
1264.88562011719,14,71,0,36.881795775596,-1.34522403730396,711
1297.20251464844,15,72,1,36.9192954547252,-1.34522403730396,926
1456.8095703125,18,62,16,36.706797272993,-1.34730739134043,367
1486.83227539062,18,62,6,36.7109639040073,-1.34730739134043,346
1503.81262207031,18,60,30,36.719297166036,-1.34730739134043,335
1527.4736328125,13,65,7,36.7526302141509,-1.34730739134043,453
1520.95361328125,19,63,19,36.7901298932801,-1.34730739134043,397
1468.2890625,20,66,7,36.7942965242945,-1.34730739134043,443
1402.11657714844,21,68,4,36.8026297863232,-1.34730739134043,448
1351.64929199219,21,69,9,36.8130463638591,-1.34730739134043,589
1325.19665527344,20,70,6,36.8192963103806,-1.34730739134043,625
1273.46472167969,14,71,6,36.8442960964667,-1.34730739134043,677
1252.30932617188,16,72,5,36.8630459360314,-1.34730739134043,640
1260.46313476562,13,73,6,36.8713791980601,-1.34730739134043,659
1309.64721679688,16,76,1,36.9047122461749,-1.34730739134043,920
1309.64721679688,16,76,1,36.9088788771893,-1.34730739134043,960
1432.78259277344,17,58,9,36.6922140644427,-1.34939074537691,466
1450.75305175781,23,57,33,36.706797272993,-1.34939074537691,350
1500.28479003906,18,64,7,36.7338803745863,-1.34939074537691,475
1510.01696777344,17,65,10,36.742213636615,-1.34939074537691,454
1538.93823242188,20,58,43,36.7692967382083,-1.34939074537691,472
1538.93823242188,20,58,43,36.7713800537155,-1.34939074537691,443
1502.51574707031,22,63,27,36.7859632622658,-1.34939074537691,382
1502.51574707031,22,63,27,36.7901298932801,-1.34939074537691,427
1396.01611328125,20,67,7,36.8047131018304,-1.34939074537691,515
1322.36450195312,17,70,8,36.823462941395,-1.34939074537691,615
1293.78845214844,16,71,5,36.8380461499452,-1.34939074537691,671
1293.78845214844,16,71,5,36.8422127809596,-1.34939074537691,679
1248.79797363281,14,68,0,36.858879305017,-1.34939074537691,626
1269.70178222656,17,74,1,36.8880457221175,-1.34939074537691,856
1310.64001464844,14,75,5,36.9130455082036,-1.34939074537691,875
1530.2119140625,14,61,13,36.7526302141509,-1.35147409941338,439
1452.46337890625,17,67,10,36.7942965242945,-1.35147409941338,436
1322.36450195312,17,70,8,36.823462941395,-1.35147409941338,618
1306.21752929688,17,71,5,36.8276295724093,-1.35147409941338,622
1246.20153808594,16,73,6,36.8609626205242,-1.35147409941338,641
1488.38586425781,16,60,37,36.719297166036,-1.35355745344986,330
1529.80651855469,19,60,36,36.777630000237,-1.35355745344986,369
1529.80651855469,19,60,36,36.7817966312514,-1.35355745344986,364
1502.51574707031,22,63,27,36.7859632622658,-1.35355745344986,372
1306.21752929688,17,71,5,36.8297128879165,-1.35355745344986,607
1293.78845214844,16,71,5,36.8422127809596,-1.35355745344986,647
1246.20153808594,16,73,6,36.8672125670457,-1.35355745344986,620
1255.95922851562,16,73,5,36.881795775596,-1.35355745344986,643
1269.70178222656,17,74,1,36.8859624066103,-1.35355745344986,731
1472.34826660156,21,60,28,36.7130472195145,-1.35564080748633,387
1519.88037109375,15,65,5,36.7484635831365,-1.35564080748633,464
1537.54272460938,18,59,22,36.7630467916868,-1.35564080748633,461
1537.54272460938,18,59,22,36.765130107194,-1.35564080748633,479
1396.01611328125,20,67,7,36.8067964173375,-1.35564080748633,534
1352.01293945312,19,69,6,36.8151296793663,-1.35564080748633,594
1322.36450195312,17,70,8,36.8255462569021,-1.35564080748633,579
1293.78845214844,16,71,5,36.8380461499452,-1.35564080748633,623
1248.79797363281,14,68,0,36.8526293584955,-1.35564080748633,601
1253.35180664062,15,72,6,36.8755458290744,-1.35564080748633,655
1255.95922851562,16,73,5,36.8797124600888,-1.35564080748633,623
1269.70178222656,17,74,1,36.8880457221175,-1.35564080748633,730
1310.64001464844,14,75,5,36.9109621926965,-1.35564080748633,800
1473.30505371094,18,59,11,36.7276304280648,-1.35772416152281,391
1473.30505371094,18,59,11,36.7297137435719,-1.35772416152281,414
1491.3125,16,64,10,36.742213636615,-1.35772416152281,470
1526.74670410156,20,58,23,36.7755466847299,-1.35772416152281,387
1391.75634765625,19,67,6,36.8047131018304,-1.35772416152281,511
1355.39074707031,16,66,8,36.8151296793663,-1.35772416152281,599
1272.689453125,16,70,1,36.8422127809596,-1.35772416152281,595
1249.99475097656,17,69,2,36.8442960964667,-1.35772416152281,600
1249.99475097656,17,69,2,36.8463794119739,-1.35772416152281,596
1224.4580078125,14,72,4,36.8609626205242,-1.35772416152281,600
1450.39392089844,22,57,53,36.7151305350217,-1.35980751555928,364
1507.53088378906,14,63,8,36.7442969521222,-1.35980751555928,437
1507.53088378906,14,63,8,36.7463802676294,-1.35980751555928,435
1524.37854003906,19,61,9,36.7526302141509,-1.35980751555928,436
1470.21447753906,19,62,28,36.7901298932801,-1.35980751555928,412
1430.22827148438,19,66,7,36.7963798398016,-1.35980751555928,391
1272.689453125,16,70,1,36.8422127809596,-1.35980751555928,562
1260.28198242188,16,73,5,36.8880457221175,-1.35980751555928,693
1260.28198242188,16,73,5,36.8901290376247,-1.35980751555928,693
1473.30505371094,18,59,11,36.7317970590791,-1.36189086959575,392
1507.53088378906,14,63,8,36.7505468986437,-1.36189086959575,431
1227.30822753906,13,68,3,36.858879305017,-1.36189086959575,571
1309.48779296875,15,75,0,36.9026289306677,-1.36189086959575,909
1473.30505371094,18,59,11,36.7276304280648,-1.36397422363223,377
1473.30505371094,18,59,11,36.7297137435719,-1.36397422363223,371
1526.74670410156,20,58,23,36.7713800537155,-1.36397422363223,437
1503.95336914062,18,60,39,36.7817966312514,-1.36397422363223,361
1292.43334960938,15,68,12,36.8338795189309,-1.36397422363223,586
1249.99475097656,17,69,2,36.8463794119739,-1.36397422363223,602
1236.92443847656,16,72,6,36.8692958825529,-1.36397422363223,666
1245.32104492188,16,73,6,36.8797124600888,-1.36397422363223,652
1309.48779296875,15,75,0,36.9026289306677,-1.36397422363223,873
1433.08581542969,19,58,12,36.7338803745863,-1.3660575776687,356
1465.59045410156,19,60,14,36.7817966312514,-1.3660575776687,365
1427.92590332031,18,64,6,36.7880465777729,-1.3660575776687,372
1427.92590332031,18,64,6,36.7922132087873,-1.3660575776687,373
1312.50561523438,17,66,6,36.823462941395,-1.3660575776687,601
1279.8662109375,17,65,5,36.8317962034237,-1.3660575776687,568
1198.18884277344,14,69,6,36.8630459360314,-1.3660575776687,564
1218.63195800781,15,72,6,36.8692958825529,-1.3660575776687,646
1235.46313476562,16,72,6,36.881795775596,-1.3660575776687,620
1249.23425292969,16,73,6,36.8859624066103,-1.3660575776687,667
1450.28833007812,21,59,21,36.7380470056006,-1.36814093170518,376
1450.28833007812,21,59,21,36.742213636615,-1.36814093170518,381
1465.59045410156,19,60,14,36.7817966312514,-1.36814093170518,356
1353.01684570312,16,66,7,36.8151296793663,-1.36814093170518,530
1312.50561523438,17,66,6,36.8192963103806,-1.36814093170518,566
1279.8662109375,17,65,5,36.8317962034237,-1.36814093170518,530
1253.64587402344,15,65,6,36.8422127809596,-1.36814093170518,524
1201.11535644531,16,68,3,36.858879305017,-1.36814093170518,540
1235.46313476562,16,72,6,36.8797124600888,-1.36814093170518,614
1235.46313476562,16,72,6,36.881795775596,-1.36814093170518,631
1249.23425292969,16,73,6,36.8922123531319,-1.36814093170518,627
1471.32287597656,17,59,21,36.7484635831365,-1.37022428574165,413
1471.32287597656,17,59,21,36.7505468986437,-1.37022428574165,402
1497.73461914062,17,58,10,36.7567968451653,-1.37022428574165,400
1381.91284179688,16,67,5,36.8088797328447,-1.37022428574165,574
1312.50561523438,17,66,6,36.8255462569021,-1.37022428574165,550
1201.11535644531,16,68,3,36.8567959895098,-1.37022428574165,521
1218.63195800781,15,72,6,36.8713791980601,-1.37022428574165,663
1297.98388671875,15,73,1,36.9088788771893,-1.37022428574165,831
1511.92529296875,17,59,8,36.7630467916868,-1.37230763977812,424
1427.92590332031,18,64,6,36.7880465777729,-1.37230763977812,405
1401.68115234375,18,68,5,36.7984631553088,-1.37230763977812,537
1353.01684570312,16,66,7,36.8172129948734,-1.37230763977812,540
1312.50561523438,17,66,6,36.8192963103806,-1.37230763977812,512
1198.18884277344,14,69,6,36.8672125670457,-1.37230763977812,577
1235.46313476562,16,72,6,36.881795775596,-1.37230763977812,610
1249.23425292969,16,73,6,36.8901290376247,-1.37230763977812,654
1297.98388671875,15,73,1,36.9047122461749,-1.37230763977812,645
1400.26489257812,17,59,16,36.7338803745863,-1.3743909938146,458
1450.25842285156,18,58,18,36.7526302141509,-1.3743909938146,395
1462.28369140625,17,57,34,36.7609634761796,-1.3743909938146,449
1449.12072753906,17,57,20,36.7692967382083,-1.3743909938146,463
1373.25756835938,16,64,2,36.7963798398016,-1.3743909938146,521
1224.50512695312,18,66,8,36.8484627274811,-1.3743909938146,537
1214.3359375,15,69,1,36.8713791980601,-1.3743909938146,648
1228.98461914062,14,71,4,36.881795775596,-1.3743909938146,598
1410.47839355469,19,57,25,36.7401303211078,-1.37647434785107,444
1364.45190429688,15,64,8,36.8067964173375,-1.37647434785107,553
1340.28381347656,15,64,11,36.8109630483519,-1.37647434785107,540
1340.28381347656,15,64,11,36.8151296793663,-1.37647434785107,529
1224.50512695312,18,66,8,36.8505460429883,-1.37647434785107,522
1198.59509277344,16,66,9,36.8567959895098,-1.37647434785107,578
1232.1259765625,14,73,6,36.8901290376247,-1.37647434785107,637
1251.73779296875,16,73,6,36.894295668639,-1.37647434785107,659
1251.73779296875,16,73,6,36.9005456151606,-1.37647434785107,618
1290.9306640625,14,72,6,36.9130455082036,-1.37647434785107,719
1426.8427734375,16,58,23,36.7484635831365,-1.37855770188755,511
1449.12072753906,17,57,20,36.7734633692227,-1.37855770188755,397
1364.45190429688,15,64,8,36.8047131018304,-1.37855770188755,527
1300.74682617188,18,65,10,36.8192963103806,-1.37855770188755,433
1224.50512695312,18,66,8,36.8463794119739,-1.37855770188755,572
1276.90209960938,14,73,6,36.9026289306677,-1.37855770188755,633
1450.25842285156,18,58,18,36.7547135296581,-1.38064105592402,460
1462.28369140625,17,57,34,36.765130107194,-1.38064105592402,413
1416.43041992188,19,62,7,36.7797133157442,-1.38064105592402,395
1364.45190429688,15,64,8,36.8067964173375,-1.38064105592402,528
1249.05725097656,16,66,8,36.8380461499452,-1.38064105592402,485
1232.1259765625,14,73,6,36.8880457221175,-1.38064105592402,630
1251.73779296875,16,73,6,36.894295668639,-1.38064105592402,652
1406.240234375,17,60,17,36.765130107194,-1.3827244099605,404
1355.74243164062,17,62,6,36.7901298932801,-1.3827244099605,559
1352.46887207031,15,64,5,36.7942965242945,-1.3827244099605,577
1348.45227050781,15,64,6,36.8047131018304,-1.3827244099605,509
1298.32019042969,14,64,9,36.823462941395,-1.3827244099605,465
1298.32019042969,14,64,9,36.8255462569021,-1.3827244099605,477
1271.17712402344,13,73,4,36.9192954547252,-1.3827244099605,708
1352.46887207031,15,64,5,36.7984631553088,-1.38480776399697,566
1221.05981445312,16,69,9,36.8526293584955,-1.38480776399697,581
1223.52697753906,15,69,3,36.8755458290744,-1.38480776399697,566
1206.18884277344,14,71,6,36.8922123531319,-1.38480776399697,643
1231.51013183594,14,72,4,36.9047122461749,-1.38480776399697,627
1242.61865234375,14,69,10,36.8463794119739,-1.38689111803344,583
1210.34777832031,13,72,2,36.8963789841462,-1.38689111803344,620
1231.51013183594,14,72,4,36.9067955616821,-1.38689111803344,605
1242.61865234375,14,69,10,36.8484627274811,-1.38897447206992,565
1214.21887207031,15,69,6,36.8672125670457,-1.38897447206992,641
1223.52697753906,15,69,3,36.8692958825529,-1.38897447206992,629
1231.51013183594,14,72,4,36.9067955616821,-1.38897447206992,595
1271.36108398438,13,66,10,36.8484627274811,-1.39105782610639,621
1239.41967773438,15,68,5,36.8609626205242,-1.39105782610639,580
1239.41967773438,15,68,5,36.8672125670457,-1.39105782610639,639
1222.35339355469,14,70,5,36.8713791980601,-1.39105782610639,578
1163.91967773438,17,69,5,36.8901290376247,-1.39105782610639,598
1152.5673828125,13,69,4,36.9088788771893,-1.39105782610639,579
1253.37963867188,13,68,5,36.8547126740026,-1.39314118014287,606
1194.19555664062,15,67,4,36.8797124600888,-1.39314118014287,553
1152.5673828125,13,69,4,36.9067955616821,-1.39314118014287,654
1239.41967773438,15,68,5,36.8672125670457,-1.39522453417934,617
1194.19555664062,15,67,4,36.881795775596,-1.39522453417934,598
1163.91967773438,17,69,5,36.8859624066103,-1.39522453417934,616
1149.5419921875,13,68,2,36.8963789841462,-1.39522453417934,578
1205.94152832031,13,72,7,36.9297120322611,-1.39522453417934,729
1222.35339355469,14,70,5,36.8734625135672,-1.39730788821581,548
1222.35339355469,14,70,5,36.8755458290744,-1.39730788821581,540
1194.19555664062,15,67,4,36.881795775596,-1.39730788821581,587
1163.91967773438,17,69,5,36.8901290376247,-1.39730788821581,613
1170.41564941406,12,72,1,36.9130455082036,-1.39730788821581,626
1170.41564941406,12,72,1,36.917212139218,-1.39730788821581,649
1205.94152832031,13,72,7,36.9276287167539,-1.39730788821581,645
1205.94152832031,13,72,7,36.9338786632754,-1.39730788821581,730
1205.09313964844,16,65,7,36.8734625135672,-1.39939124225229,581
1205.09313964844,16,65,7,36.8755458290744,-1.39939124225229,554
1142.88024902344,15,67,1,36.881795775596,-1.39939124225229,544
1054.14868164062,13,69,6,36.9047122461749,-1.39939124225229,734
1051.87023925781,14,71,5,36.917212139218,-1.39939124225229,622
1205.09313964844,16,65,7,36.8755458290744,-1.40147459628876,559
1099.80712890625,13,68,6,36.8859624066103,-1.40147459628876,630
1073.64379882812,14,68,0,36.894295668639,-1.40147459628876,610
1054.14868164062,13,69,6,36.9067955616821,-1.40147459628876,722
1054.14868164062,13,69,6,36.9088788771893,-1.40147459628876,678
1087.51354980469,14,72,3,36.9297120322611,-1.40147459628876,697
1109.99389648438,11,72,1,36.9380452942898,-1.40147459628876,719
1099.80712890625,13,68,6,36.8859624066103,-1.40355795032524,634
1054.14868164062,13,69,6,36.9088788771893,-1.40355795032524,647
1069.98559570312,14,71,1,36.9192954547252,-1.40355795032524,661
1069.98559570312,14,71,1,36.9255454012467,-1.40355795032524,664
1109.99389648438,11,72,1,36.9422119253041,-1.40355795032524,759
1073.64379882812,14,68,0,36.894295668639,-1.40564130436171,582
1023.39166259766,15,72,6,36.9088788771893,-1.40772465839819,593
981.213745117188,14,71,2,36.917212139218,-1.40772465839819,642
967.978576660156,13,71,1,36.9234620857395,-1.40772465839819,706
1006.84564208984,14,71,1,36.9359619787826,-1.40772465839819,742
1006.84564208984,14,71,1,36.9380452942898,-1.40772465839819,760
1023.39166259766,15,72,6,36.9067955616821,-1.40980801243466,644
967.978576660156,13,71,1,36.9255454012467,-1.40980801243466,705
974.919921875,14,72,1,36.9276287167539,-1.40980801243466,727
1068.2451171875,12,70,0,36.894295668639,-1.41189136647113,577
967.978576660156,13,71,1,36.9213787702324,-1.41189136647113,699
1006.84564208984,14,71,1,36.9380452942898,-1.41397472050761,801
1091.44982910156,12,71,4,36.9067955616821,-1.41605807454408,719
951.266357421875,13,72,13,36.9213787702324,-1.41605807454408,691
947.505920410156,12,70,0,36.940128609797,-1.41605807454408,815
993.3427734375,11,74,0,36.9442952408113,-1.41605807454408,829
993.3427734375,11,74,0,36.9463785563185,-1.41605807454408,836
928.964965820312,14,72,0,36.9297120322611,-1.41814142858056,790
993.3427734375,11,74,0,36.9463785563185,-1.41814142858056,761
951.266357421875,13,72,13,36.9255454012467,-1.42022478261703,762
928.964965820312,14,72,0,36.9297120322611,-1.42022478261703,775
1022.0244140625,10,67,0,36.9213787702324,-1.42439149068998,708
979.742126464844,13,72,13,36.9297120322611,-1.42439149068998,760
979.742126464844,13,72,13,36.9317953477682,-1.42439149068998,771
979.742126464844,13,72,13,36.9338786632754,-1.42439149068998,766
965.161743164062,11,69,0,36.9463785563185,-1.42439149068998,733
965.161743164062,11,69,0,36.9463785563185,-1.42855819876293,750
965.161743164062,11,69,0,36.9505451873328,-1.42855819876293,746
