"X","Y","k","annual_precip","clay","h20_cap","land_cover","land_elevation","occ","ph20","sand","silt","temp_annual_range","terrain_slope","topo_pst_index","tree_cover","valley_depth","wet_index"
36.6755475403853,-0.761884907091186,465,1876.22729492188,36,30,10,2517,46,59,27,37,18.2446784973145,4,65,25,4894,109
36.6713809093709,-0.76396826112766,535,1876.22729492188,36,30,10,2517,46,59,27,37,18.2446784973145,4,65,25,4894,109
36.6797141713997,-0.76396826112766,461,1899.4208984375,35,29,10,2486,47,60,30,36,18.2325496673584,3,-15,0,5199,103
36.6692975938638,-0.766051615164134,538,1925.89526367188,36,30,10,2496,48,58,27,37,18.2535076141357,4,-57,57,5274,109
36.6630476473422,-0.768134969200608,503,1896.49816894531,37,29,10,2514,45,59,27,37,18.2656764984131,3,13,47,5023,110
36.6651309628494,-0.768134969200608,521,1896.49816894531,37,29,10,2514,45,59,27,37,18.2656764984131,3,13,47,5023,110
36.6922140644427,-0.768134969200608,390,1969.1123046875,31,29,10,2478,62,54,31,38,18.2295169830322,9,61,57,5474,105
36.6755475403853,-0.770218323237082,541,1925.89526367188,36,30,10,2496,48,58,27,37,18.2535076141357,4,-57,57,5274,109
36.6859641179212,-0.770218323237082,415,1969.1123046875,31,29,10,2478,62,54,31,38,18.2295169830322,9,61,57,5474,105
36.6880474334284,-0.770218323237082,372,1969.1123046875,31,29,10,2478,62,54,31,38,18.2295169830322,9,61,57,5474,105
36.6630476473422,-0.772301677273556,529,1896.49816894531,37,29,10,2514,45,59,27,37,18.2656764984131,3,13,47,5023,110
36.6776308558925,-0.772301677273556,490,1961.96130371094,34,29,10,2509,59,59,28,38,18.242036819458,2,61,12,5256,112
36.6922140644427,-0.774385031310031,355,2025.41931152344,33,29,10,2491,55,54,30,37,18.2384128570557,6,114,63,5657,106
36.6963806954571,-0.774385031310031,432,1964.70007324219,29,28,10,2463,74,53,33,38,18.2221012115479,11,206,51,6322,97
36.6755475403853,-0.776468385346505,473,1960.9208984375,35,29,10,2494,44,58,27,38,18.2627429962158,3,-42,15,5507,108
36.6817974869068,-0.776468385346505,473,1998.57580566406,34,29,10,2475,56,56,28,38,18.2503509521484,8,-101,56,5523,108
36.6901307489355,-0.780635093419453,356,2025.41931152344,33,29,10,2491,55,54,30,37,18.2384128570557,6,114,63,5657,106
36.6922140644427,-0.780635093419453,337,2025.41931152344,33,29,10,2491,55,54,30,37,18.2384128570557,6,114,63,5657,106
36.6942973799499,-0.780635093419453,328,1964.70007324219,29,28,10,2463,74,53,33,38,18.2221012115479,11,206,51,6322,97
36.6672142783566,-0.782718447455927,504,1975.43103027344,36,30,10,2511,40,58,26,37,18.285680770874,3,-14,34,5346,106
36.6797141713997,-0.782718447455927,423,2022.98913574219,34,30,10,2488,49,57,28,39,18.2601642608643,3,8,85,5898,107
36.6922140644427,-0.782718447455927,333,2059.2392578125,31,29,10,2461,59,53,31,38,18.2475147247314,6,-82,59,6397,108
36.6984640109643,-0.782718447455927,390,2032.67321777344,28,28,50,2459,68,53,33,39,18.2312316894531,3,21,70,6598,106
36.6734642248781,-0.784801801492402,473,1989.34338378906,35,30,10,2506,45,58,27,38,18.2725200653076,2,24,85,5607,106
36.6880474334284,-0.784801801492402,356,2059.2392578125,31,29,10,2461,59,53,31,38,18.2475147247314,6,-82,59,6397,108
36.6713809093709,-0.786885155528876,462,1989.34338378906,35,30,10,2506,45,58,27,38,18.2725200653076,2,24,85,5607,106
36.6922140644427,-0.786885155528876,309,2059.2392578125,31,29,10,2461,59,53,31,38,18.2475147247314,6,-82,59,6397,108
36.6984640109643,-0.786885155528876,297,2032.67321777344,28,28,50,2459,68,53,33,39,18.2312316894531,3,21,70,6598,106
36.7005473264714,-0.786885155528876,303,2032.67321777344,28,28,50,2459,68,53,33,39,18.2312316894531,3,21,70,6598,106
36.6672142783566,-0.78896850956535,450,1975.43103027344,36,30,10,2511,40,58,26,37,18.285680770874,3,-14,34,5346,106
36.6797141713997,-0.78896850956535,398,2022.98913574219,34,30,10,2488,49,57,28,39,18.2601642608643,3,8,85,5898,107
36.7047139574858,-0.78896850956535,708,1925.11779785156,29,28,90,2347,57,52,34,37,18.2105369567871,29,-135,81,7580,104
36.6755475403853,-0.793135217638298,401,2012.52673339844,33,29,12,2497,43,56,30,37,18.2821826934814,2,-16,64,5897,105
36.6797141713997,-0.795218571674773,319,2039.61181640625,30,28,10,2479,44,58,32,38,18.2692337036133,1,-29,55,6364,106
36.6922140644427,-0.795218571674773,299,2079.0390625,28,28,10,2491,60,53,33,39,18.2572269439697,3,115,56,6307,107
36.6630476473422,-0.797301925711247,422,2004.32727050781,34,29,10,2518,42,58,27,39,18.2960186004639,3,20,87,5521,105
36.6817974869068,-0.797301925711247,272,2039.61181640625,30,28,10,2479,44,58,32,38,18.2692337036133,1,-29,55,6364,106
36.6859641179212,-0.797301925711247,282,2079.0390625,28,28,10,2491,60,53,33,39,18.2572269439697,3,115,56,6307,107
36.6880474334284,-0.797301925711247,285,2079.0390625,28,28,10,2491,60,53,33,39,18.2572269439697,3,115,56,6307,107
36.6922140644427,-0.797301925711247,299,2079.0390625,28,28,10,2491,60,53,33,39,18.2572269439697,3,115,56,6307,107
36.7088805885002,-0.797301925711247,404,2000.82043457031,30,29,10,2432,55,52,32,38,18.2220993041992,11,100,50,6805,103
36.6526310698063,-0.799385279747721,414,2023.39514160156,36,29,12,2540,46,58,26,38,18.3204574584961,4,-6,36,5203,104
36.6588810163279,-0.799385279747721,406,2023.39514160156,36,29,12,2540,46,58,26,38,18.3204574584961,4,-6,36,5203,104
36.6672142783566,-0.799385279747721,423,2028.00646972656,34,29,12,2524,43,57,28,38,18.3067245483398,1,17,90,5495,104
36.6942973799499,-0.799385279747721,280,2105.892578125,28,28,10,2464,73,52,33,40,18.2516574859619,3,1,52,7030,104
36.7109639040073,-0.799385279747721,416,1969.84948730469,31,29,50,2292,52,50,32,38,18.2148017883301,12,-387,69,7702,101
36.6588810163279,-0.801468633784195,459,2023.39514160156,36,29,12,2540,46,58,26,38,18.3204574584961,4,-6,36,5203,104
36.6630476473422,-0.801468633784195,440,2028.00646972656,34,29,12,2524,43,57,28,38,18.3067245483398,1,17,90,5495,104
36.6922140644427,-0.803551987820669,279,2088.53735351562,26,27,50,2489,63,54,36,38,18.2661666870117,5,57,77,6719,105
36.6651309628494,-0.805635341857144,370,2028.00646972656,34,29,12,2524,43,57,28,38,18.3067245483398,1,17,90,5495,104
36.6755475403853,-0.805635341857144,289,2034.21020507812,32,28,50,2516,42,54,33,35,18.2929458618164,6,16,94,6018,103
36.7130472195145,-0.805635341857144,296,1969.84948730469,31,29,50,2292,52,50,32,38,18.2148017883301,12,-387,69,7702,101
36.6755475403853,-0.807718695893618,297,2049.64331054688,31,28,50,2516,41,55,32,37,18.3029689788818,6,65,93,6050,103
36.6817974869068,-0.807718695893618,270,2068.52368164062,28,27,12,2504,46,53,36,37,18.2897548675537,4,45,60,6667,106
36.683880802414,-0.807718695893618,279,2068.52368164062,28,27,12,2504,46,53,36,37,18.2897548675537,4,45,60,6667,106
36.6922140644427,-0.807718695893618,282,2094.02734375,27,28,10,2472,62,52,34,39,18.2758502960205,7,-5,43,7119,105
36.6963806954571,-0.809802049930092,275,2113.49926757812,28,28,10,2449,60,52,32,40,18.2609024047852,3,-33,76,7546,105
36.7130472195145,-0.809802049930092,281,2065.16357421875,30,28,50,2400,61,51,33,38,18.2274551391602,8,187,69,7336,101
36.7151305350217,-0.809802049930092,291,2065.16357421875,30,28,50,2400,61,51,33,38,18.2274551391602,8,187,69,7336,101
36.6526310698063,-0.811885403966566,468,2039.71667480469,34,29,10,2547,56,58,27,39,18.3308620452881,3,3,15,5339,103
36.6942973799499,-0.811885403966566,286,2113.49926757812,28,28,10,2449,60,52,32,40,18.2609024047852,3,-33,76,7546,105
36.6963806954571,-0.811885403966566,288,2113.49926757812,28,28,10,2449,60,52,32,40,18.2609024047852,3,-33,76,7546,105
36.706797272993,-0.811885403966566,278,2108.39624023438,29,28,10,2421,59,52,32,39,18.2446250915527,5,-83,65,7396,103
36.7234637970504,-0.811885403966566,378,2015.07653808594,31,28,50,2298,59,50,33,37,18.2169513702393,31,3,75,7791,91
36.7317970590791,-0.811885403966566,693,1997.97534179688,31,28,50,2251,52,50,34,35,18.2157344818115,5,-545,61,7811,91
36.6359645457489,-0.81396875800304,496,2014.04443359375,37,30,10,2584,42,58,25,38,18.3511657714844,2,-8,21,4323,103
36.6797141713997,-0.81396875800304,298,2068.52368164062,28,27,12,2504,46,53,36,37,18.2897548675537,4,45,60,6667,106
36.7130472195145,-0.81396875800304,282,2065.16357421875,30,28,50,2400,61,51,33,38,18.2274551391602,8,187,69,7336,101
36.6463811232848,-0.816052112039515,507,2045.42529296875,34,28,10,2580,49,59,28,39,18.3538570404053,2,33,15,4829,103
36.6692975938638,-0.816052112039515,408,2059.212890625,32,29,10,2505,53,54,29,39,18.3122138977051,4,-34,53,6500,103
36.6817974869068,-0.816052112039515,309,2078.05151367188,29,29,10,2495,54,53,32,39,18.2991790771484,3,-60,43,6763,104
36.7047139574858,-0.816052112039515,277,2125.51879882812,29,29,10,2434,61,52,31,40,18.2547721862793,4,60,70,7661,102
36.7151305350217,-0.816052112039515,290,2118.15771484375,29,28,40,2379,61,50,32,39,18.2368125915527,6,-17,62,7710,102
36.7255471125576,-0.816052112039515,320,2093.58032226562,30,28,50,2396,64,52,33,37,18.2200756072998,5,256,60,7125,96
36.7338803745863,-0.816052112039515,699,2050.49755859375,30,28,50,2382,53,50,34,36,18.2135353088379,14,411,90,7223,93
36.7359636900935,-0.816052112039515,681,1992.98388671875,31,28,50,2218,59,51,34,35,18.2224712371826,13,-204,61,8313,83
36.6567977008207,-0.818135466075989,506,2052.41064453125,33,28,10,2545,46,59,29,38,18.3408756256104,3,-18,18,5411,102
36.6713809093709,-0.818135466075989,467,2059.212890625,32,29,10,2505,53,54,29,39,18.3122138977051,4,-34,53,6500,103
36.6734642248781,-0.818135466075989,435,2059.212890625,32,29,10,2505,53,54,29,39,18.3122138977051,4,-34,53,6500,103
36.6859641179212,-0.818135466075989,297,2098.96142578125,27,28,10,2482,53,52,34,40,18.2851333618164,6,37,60,7239,104
36.706797272993,-0.818135466075989,270,2125.51879882812,29,29,10,2434,61,52,31,40,18.2547721862793,4,60,70,7661,102
36.7213804815432,-0.818135466075989,300,2093.58032226562,30,28,50,2396,64,52,33,37,18.2200756072998,5,256,60,7125,96
36.7297137435719,-0.818135466075989,373,2050.49755859375,30,28,50,2382,53,50,34,36,18.2135353088379,14,411,90,7223,93
36.7338803745863,-0.818135466075989,697,2050.49755859375,30,28,50,2382,53,50,34,36,18.2135353088379,14,411,90,7223,93
36.6359645457489,-0.820218820112463,513,2028.65319824219,35,29,10,2603,47,59,27,38,18.3560523986816,2,26,16,4357,103
36.6380478612561,-0.820218820112463,508,2028.65319824219,35,29,10,2603,47,59,27,38,18.3560523986816,2,26,16,4357,103
36.6401311767633,-0.820218820112463,505,2028.65319824219,35,29,10,2603,47,59,27,38,18.3560523986816,2,26,16,4357,103
36.6547143853135,-0.820218820112463,508,2052.41064453125,33,28,10,2545,46,59,29,38,18.3408756256104,3,-18,18,5411,102
36.719297166036,-0.820218820112463,302,2093.58032226562,30,28,50,2396,64,52,33,37,18.2200756072998,5,256,60,7125,96
36.6276312837202,-0.822302174148937,553,2003.26611328125,37,29,10,2608,41,60,26,38,18.3536148071289,2,8,17,3808,102
36.6442978077776,-0.822302174148937,502,2045.42529296875,34,28,10,2580,49,59,28,39,18.3538570404053,2,33,15,4829,103
36.6713809093709,-0.822302174148937,521,2059.212890625,32,29,10,2505,53,54,29,39,18.3122138977051,4,-34,53,6500,103
36.6817974869068,-0.822302174148937,357,2078.05151367188,29,29,10,2495,54,53,32,39,18.2991790771484,3,-60,43,6763,104
36.7109639040073,-0.822302174148937,280,2118.15771484375,29,28,40,2379,61,50,32,39,18.2368125915527,6,-17,62,7710,102
36.7130472195145,-0.822302174148937,282,2118.15771484375,29,28,40,2379,61,50,32,39,18.2368125915527,6,-17,62,7710,102
36.7255471125576,-0.822302174148937,295,2093.58032226562,30,28,50,2396,64,52,33,37,18.2200756072998,5,256,60,7125,96
36.742213636615,-0.822302174148937,707,1992.98388671875,31,28,50,2218,59,51,34,35,18.2224712371826,13,-204,61,8313,83
36.6401311767633,-0.824385528185411,482,2039.8525390625,33,29,10,2597,47,58,28,40,18.3607273101807,4,14,96,4276,102
36.6859641179212,-0.824385528185411,359,2103.26953125,27,28,10,2487,48,54,33,40,18.2947273254395,3,30,56,7606,103
36.7172138505289,-0.824385528185411,288,2130.93701171875,28,28,10,2414,60,53,33,39,18.2471599578857,9,99,61,7826,101
36.7317970590791,-0.824385528185411,303,2094.28002929688,29,28,50,2247,41,50,34,37,18.2192420959473,5,-334,62,8276,100
36.590131604591,-0.826468882221886,656,1865.01391601562,38,29,10,2675,29,60,30,32,18.3612308502197,2,21,1,1124,105
36.6338812302417,-0.826468882221886,509,2011.38024902344,35,29,10,2623,50,60,27,38,18.3572769165039,5,44,82,3768,103
36.660964331835,-0.826468882221886,473,2062.2607421875,32,28,10,2535,46,58,29,39,18.3361110687256,2,10,15,5953,101
36.7130472195145,-0.826468882221886,305,2130.93701171875,28,28,10,2414,60,53,33,39,18.2471599578857,9,99,61,7826,101
36.719297166036,-0.826468882221886,286,2123.32690429688,29,28,40,2310,50,51,34,38,18.2292346954346,13,-190,57,8278,101
36.7380470056006,-0.826468882221886,307,2033.31726074219,32,28,50,2281,49,50,34,35,18.2318172454834,15,-39,70,7515,99
36.5984648666197,-0.82855223625836,600,1906.66687011719,38,29,10,2663,32,61,29,34,18.3584728240967,2,8,7,1703,102
36.6422144922704,-0.82855223625836,521,2039.8525390625,33,29,10,2597,47,58,28,40,18.3607273101807,4,14,96,4276,102
36.6651309628494,-0.82855223625836,519,2062.2607421875,32,28,10,2535,46,58,29,39,18.3361110687256,2,10,15,5953,101
36.7088805885002,-0.82855223625836,291,2128.48974609375,27,28,10,2427,62,52,33,40,18.2640266418457,2,-28,59,7927,102
36.7130472195145,-0.82855223625836,306,2130.93701171875,28,28,10,2414,60,53,33,39,18.2471599578857,9,99,61,7826,101
36.7255471125576,-0.82855223625836,297,2123.32690429688,29,28,40,2310,50,51,34,38,18.2292346954346,13,-190,57,8278,101
36.7317970590791,-0.82855223625836,278,2094.28002929688,29,28,50,2247,41,50,34,37,18.2192420959473,5,-334,62,8276,100
36.7338803745863,-0.82855223625836,275,2094.28002929688,29,28,50,2247,41,50,34,37,18.2192420959473,5,-334,62,8276,100
36.7380470056006,-0.82855223625836,308,2033.31726074219,32,28,50,2281,49,50,34,35,18.2318172454834,15,-39,70,7515,99
36.6297145992274,-0.830635590294834,535,2011.38024902344,35,29,10,2623,50,60,27,38,18.3572769165039,5,44,82,3768,103
36.6401311767633,-0.830635590294834,510,2039.8525390625,33,29,10,2597,47,58,28,40,18.3607273101807,4,14,96,4276,102
36.6422144922704,-0.830635590294834,503,2039.8525390625,33,29,10,2597,47,58,28,40,18.3607273101807,4,14,96,4276,102
36.7005473264714,-0.830635590294834,301,2118.05249023438,26,27,10,2460,59,52,34,40,18.2799777984619,6,32,63,8137,102
36.6130480751699,-0.832718944331308,550,1964.88330078125,41,30,10,2645,34,60,24,36,18.3644428253174,3,11,25,2658,102
36.6172147061843,-0.832718944331308,559,1964.88330078125,41,30,10,2645,34,60,24,36,18.3644428253174,3,11,25,2658,102
36.6297145992274,-0.832718944331308,504,2020.37719726562,35,29,60,2627,49,59,27,38,18.3628616333008,4,47,59,3601,108
36.6547143853135,-0.832718944331308,447,2071.83764648438,31,28,10,2559,48,59,30,39,18.3603496551514,4,-16,54,5554,99
36.6588810163279,-0.832718944331308,453,2071.83764648438,31,28,10,2559,48,59,30,39,18.3603496551514,4,-16,54,5554,99
36.7151305350217,-0.832718944331308,298,2129.01025390625,27,28,50,2399,57,50,34,40,18.2562885284424,4,50,62,8053,99
36.7401303211078,-0.832718944331308,297,2100.83544921875,31,28,50,2291,47,50,34,35,18.2165279388428,14,74,77,7701,89
36.7463802676294,-0.832718944331308,289,2063.90966796875,31,28,50,2241,57,51,35,34,18.2190265655518,30,105,97,7861,88
36.7484635831365,-0.832718944331308,382,2063.90966796875,31,28,50,2241,57,51,35,34,18.2190265655518,30,105,97,7861,88
36.7630467916868,-0.832718944331308,700,2033.43603515625,33,28,50,2139,55,50,34,33,18.2376842498779,17,-240,73,7939,94
36.6172147061843,-0.834802298367782,576,1964.88330078125,41,30,10,2645,34,60,24,36,18.3644428253174,3,11,25,2658,102
36.6192980216915,-0.834802298367782,594,1987.56970214844,39,30,10,2629,37,60,24,37,18.3655300140381,1,-29,73,3338,103
36.6672142783566,-0.834802298367782,487,2072.53271484375,32,28,10,2527,48,59,30,39,18.3452529907227,2,-29,36,6093,100
36.6942973799499,-0.834802298367782,321,2116.00805664062,26,27,10,2454,56,52,34,41,18.2881927490234,5,41,48,8345,100
36.706797272993,-0.834802298367782,308,2124.4130859375,25,27,10,2437,55,52,34,41,18.2729873657227,3,72,69,8074,100
36.7088805885002,-0.834802298367782,301,2124.4130859375,25,27,10,2437,55,52,34,41,18.2729873657227,3,72,69,8074,100
36.7151305350217,-0.834802298367782,288,2129.01025390625,27,28,50,2399,57,50,34,40,18.2562885284424,4,50,62,8053,99
36.7276304280648,-0.834802298367782,284,2126.19873046875,29,28,50,2363,46,52,33,37,18.2258987426758,5,199,76,7362,96
36.6109647596628,-0.836885652404256,532,1964.88330078125,41,30,10,2645,34,60,24,36,18.3644428253174,3,11,25,2658,102
36.6505477542992,-0.836885652404256,488,2064.61694335938,32,28,10,2575,53,60,30,39,18.3695697784424,3,-56,13,4873,100
36.660964331835,-0.836885652404256,454,2072.53271484375,32,28,10,2527,48,59,30,39,18.3452529907227,2,-29,36,6093,100
36.7130472195145,-0.836885652404256,292,2129.01025390625,27,28,50,2399,57,50,34,40,18.2562885284424,4,50,62,8053,99
36.7234637970504,-0.836885652404256,305,2131.68212890625,29,28,50,2396,52,51,33,38,18.2400360107422,4,168,61,7633,99
36.7255471125576,-0.836885652404256,298,2131.68212890625,29,28,50,2396,52,51,33,38,18.2400360107422,4,168,61,7633,99
36.7463802676294,-0.836885652404256,304,2063.90966796875,31,28,50,2241,57,51,35,34,18.2190265655518,30,105,97,7861,88
36.7713800537155,-0.836885652404256,732,2018.6396484375,35,28,50,2108,55,51,33,33,18.2365989685059,6,-263,78,7781,94
36.6234646527058,-0.838969006440731,537,1987.56970214844,39,30,10,2629,37,60,24,37,18.3655300140381,1,-29,73,3338,103
36.7109639040073,-0.838969006440731,302,2129.01025390625,27,28,50,2399,57,50,34,40,18.2562885284424,4,50,62,8053,99
36.742213636615,-0.838969006440731,285,2100.83544921875,31,28,50,2291,47,50,34,35,18.2165279388428,14,74,77,7701,89
36.7442969521222,-0.838969006440731,287,2063.90966796875,31,28,50,2241,57,51,35,34,18.2190265655518,30,105,97,7861,88
36.7484635831365,-0.838969006440731,316,2063.90966796875,31,28,50,2241,57,51,35,34,18.2190265655518,30,105,97,7861,88
36.7526302141509,-0.838969006440731,298,2041.45959472656,32,28,50,2139,58,51,34,34,18.2346019744873,24,-340,97,8370,90
36.7630467916868,-0.838969006440731,722,2033.43603515625,33,28,50,2139,55,50,34,33,18.2376842498779,17,-240,73,7939,94
36.6005481821269,-0.841052360477205,614,1944.17224121094,38,29,10,2686,30,60,29,32,18.3653507232666,2,54,18,1082,104
36.6026314976341,-0.841052360477205,599,1965.36511230469,40,29,10,2667,31,61,27,34,18.3670635223389,1,9,18,1778,101
36.6380478612561,-0.841052360477205,507,2051.0673828125,33,29,10,2598,51,58,30,38,18.3743324279785,4,-2,58,4214,102
36.6401311767633,-0.841052360477205,487,2051.0673828125,33,29,10,2598,51,58,30,38,18.3743324279785,4,-2,58,4214,102
36.6755475403853,-0.841052360477205,398,2084.90234375,30,28,50,2514,51,57,32,38,18.3403167724609,4,23,52,6852,100
36.6942973799499,-0.841052360477205,334,2109.66552734375,26,28,10,2439,53,54,33,42,18.2958278656006,4,-13,59,8495,98
36.6963806954571,-0.841052360477205,326,2109.66552734375,26,28,10,2439,53,54,33,42,18.2958278656006,4,-13,59,8495,98
36.7026306419786,-0.841052360477205,318,2114.8857421875,26,28,10,2409,51,53,33,41,18.2798824310303,2,-52,54,8208,98
36.7088805885002,-0.841052360477205,307,2114.8857421875,26,28,10,2409,51,53,33,41,18.2798824310303,2,-52,54,8208,98
36.7255471125576,-0.841052360477205,292,2130.63623046875,28,28,10,2361,44,53,33,38,18.247802734375,7,-3,71,8004,99
36.7317970590791,-0.841052360477205,317,2136.14331054688,28,28,50,2354,38,51,35,37,18.2321872711182,12,-50,77,7596,98
36.7338803745863,-0.841052360477205,319,2136.14331054688,28,28,50,2354,38,51,35,37,18.2321872711182,12,-50,77,7596,98
36.7609634761796,-0.841052360477205,664,2087.259765625,33,28,50,2206,49,51,35,33,18.2343292236328,6,15,91,6910,94
36.6067981286484,-0.843135714513679,565,1965.36511230469,40,29,10,2667,31,61,27,34,18.3670635223389,1,9,18,1778,101
36.6234646527058,-0.843135714513679,546,1998.94555664062,39,29,10,2631,41,60,25,36,18.3703842163086,4,-35,14,3253,103
36.6338812302417,-0.843135714513679,529,2025.56958007812,35,29,10,2621,43,58,27,38,18.3701915740967,2,4,90,3735,105
36.6630476473422,-0.843135714513679,420,2080.0048828125,31,28,50,2540,53,56,32,37,18.3550491333008,3,7,78,6160,99
36.6692975938638,-0.843135714513679,383,2084.90234375,30,28,50,2514,51,57,32,38,18.3403167724609,4,23,52,6852,100
36.6901307489355,-0.843135714513679,347,2102.93237304688,28,28,10,2467,45,54,32,41,18.311185836792,2,2,58,8076,98
36.6922140644427,-0.843135714513679,343,2102.93237304688,28,28,10,2467,45,54,32,41,18.311185836792,2,2,58,8076,98
36.6942973799499,-0.843135714513679,345,2109.66552734375,26,28,10,2439,53,54,33,42,18.2958278656006,4,-13,59,8495,98
36.7047139574858,-0.843135714513679,348,2114.8857421875,26,28,10,2409,51,53,33,41,18.2798824310303,2,-52,54,8208,98
36.7338803745863,-0.843135714513679,303,2136.14331054688,28,28,50,2354,38,51,35,37,18.2321872711182,12,-50,77,7596,98
36.7359636900935,-0.843135714513679,297,2130.3193359375,31,28,50,2337,42,50,35,34,18.2197208404541,9,154,82,7099,94
36.7672134227011,-0.843135714513679,744,2087.259765625,33,28,50,2206,49,51,35,33,18.2343292236328,6,15,91,6910,94
36.7797133157442,-0.843135714513679,730,2024.90771484375,34,28,10,2112,55,53,33,33,18.2392807006836,22,-12,85,7265,90
36.7859632622658,-0.843135714513679,726,1977.22900390625,33,28,10,2038,62,53,34,32,18.2448196411133,10,-465,89,7376,88
36.6005481821269,-0.845219068550153,568,1944.17224121094,38,29,10,2686,30,60,29,32,18.3653507232666,2,54,18,1082,104
36.6817974869068,-0.845219068550153,345,2094.85888671875,30,29,10,2501,53,56,31,39,18.3262615203857,4,61,25,7224,100
36.706797272993,-0.845219068550153,343,2114.8857421875,26,28,10,2409,51,53,33,41,18.2798824310303,2,-52,54,8208,98
36.7442969521222,-0.845219068550153,290,2118.5380859375,31,28,50,2315,45,50,35,34,18.2154674530029,5,224,97,6887,95
36.7526302141509,-0.845219068550153,296,2104.638671875,33,28,50,2268,49,50,34,33,18.227165222168,6,210,92,6798,91
36.7817966312514,-0.845219068550153,747,2024.90771484375,34,28,10,2112,55,53,33,33,18.2392807006836,22,-12,85,7265,90
36.7922132087873,-0.845219068550153,754,1977.22900390625,33,28,10,2038,62,53,34,32,18.2448196411133,10,-465,89,7376,88
36.6317979147345,-0.847302422586627,512,2025.56958007812,35,29,10,2621,43,58,27,38,18.3701915740967,2,4,90,3735,105
36.6359645457489,-0.847302422586627,492,2051.0673828125,33,29,10,2598,51,58,30,38,18.3743324279785,4,-2,58,4214,102
36.7297137435719,-0.847302422586627,270,2136.14331054688,28,28,50,2354,38,51,35,37,18.2321872711182,12,-50,77,7596,98
36.7484635831365,-0.847302422586627,320,2118.5380859375,31,28,50,2315,45,50,35,34,18.2154674530029,5,224,97,6887,95
36.7547135296581,-0.847302422586627,303,2104.638671875,33,28,50,2268,49,50,34,33,18.227165222168,6,210,92,6798,91
36.7567968451653,-0.847302422586627,299,2104.638671875,33,28,50,2268,49,50,34,33,18.227165222168,6,210,92,6798,91
36.7630467916868,-0.847302422586627,293,2087.259765625,33,28,50,2206,49,51,35,33,18.2343292236328,6,15,91,6910,94
36.777630000237,-0.847302422586627,713,2024.90771484375,34,28,10,2112,55,53,33,33,18.2392807006836,22,-12,85,7265,90
36.6109647596628,-0.849385776623102,545,1983.26501464844,39,30,10,2657,33,61,27,34,18.3756465911865,2,23,11,2370,104
36.6213813371987,-0.849385776623102,531,2003.36584472656,39,29,10,2645,34,60,25,36,18.3760280609131,3,11,14,3129,105
36.625547968213,-0.849385776623102,564,2003.36584472656,39,29,10,2645,34,60,25,36,18.3760280609131,3,11,14,3129,105
36.6380478612561,-0.849385776623102,478,2054.7119140625,32,28,10,2595,53,60,29,39,18.38258934021,6,-59,48,4289,102
36.6422144922704,-0.849385776623102,439,2054.7119140625,32,28,10,2595,53,60,29,39,18.38258934021,6,-59,48,4289,102
36.648464438792,-0.849385776623102,411,2075.47680664062,31,29,50,2573,53,57,30,38,18.3844947814941,3,-68,60,4902,101
36.6505477542992,-0.849385776623102,430,2075.47680664062,31,29,50,2573,53,57,30,38,18.3844947814941,3,-68,60,4902,101
36.7047139574858,-0.849385776623102,360,2107.34692382812,26,28,10,2408,50,54,33,41,18.287109375,2,-16,54,8432,98
36.719297166036,-0.849385776623102,296,2124.44799804688,27,28,50,2365,44,52,34,39,18.2554149627686,3,35,62,7742,100
36.7463802676294,-0.849385776623102,307,2112.49682617188,31,29,50,2291,46,50,35,34,18.2464351654053,4,67,70,7108,95
36.765130107194,-0.849385776623102,306,2104.72241210938,32,28,50,2215,50,51,35,33,18.2419033050537,8,96,96,6969,94
36.7963798398016,-0.849385776623102,760,1975.24304199219,37,29,10,2056,57,52,29,34,18.2473926544189,13,-16,32,6460,93
36.6172147061843,-0.851469130659576,567,1983.26501464844,39,30,10,2657,33,61,27,34,18.3756465911865,2,23,11,2370,104
36.6234646527058,-0.851469130659576,569,2003.36584472656,39,29,10,2645,34,60,25,36,18.3760280609131,3,11,14,3129,105
36.6276312837202,-0.851469130659576,563,2027.87219238281,34,29,10,2630,48,59,28,39,18.3773307800293,3,16,18,3709,103
36.6297145992274,-0.851469130659576,549,2027.87219238281,34,29,10,2630,48,59,28,39,18.3773307800293,3,16,18,3709,103
36.6463811232848,-0.851469130659576,453,2075.47680664062,31,29,50,2573,53,57,30,38,18.3844947814941,3,-68,60,4902,101
36.6672142783566,-0.851469130659576,402,2082.44873046875,30,28,90,2540,48,58,32,38,18.3637886047363,2,19,39,6065,98
36.6713809093709,-0.851469130659576,385,2086.72705078125,29,28,10,2501,50,58,33,38,18.3484764099121,3,-20,43,6788,99
36.6734642248781,-0.851469130659576,364,2086.72705078125,29,28,10,2501,50,58,33,38,18.3484764099121,3,-20,43,6788,99
36.6755475403853,-0.851469130659576,370,2086.72705078125,29,28,10,2501,50,58,33,38,18.3484764099121,3,-20,43,6788,99
36.6817974869068,-0.851469130659576,387,2094.953125,29,28,10,2486,59,57,33,39,18.3341293334961,6,9,69,7332,99
36.683880802414,-0.851469130659576,383,2094.953125,29,28,10,2486,59,57,33,39,18.3341293334961,6,9,69,7332,99
36.7109639040073,-0.851469130659576,334,2114.3662109375,26,28,10,2384,47,53,34,40,18.2710723876953,2,-16,60,8139,99
36.7484635831365,-0.851469130659576,310,2112.49682617188,31,29,50,2291,46,50,35,34,18.2464351654053,4,67,70,7108,95
36.7734633692227,-0.851469130659576,719,2089.142578125,32,28,50,2192,51,52,34,34,18.2423248291016,2,50,84,6714,97
36.7838799467586,-0.851469130659576,750,2060.93896484375,32,28,10,2162,54,54,33,35,18.2424621582031,4,74,38,6430,98
36.7942965242945,-0.851469130659576,758,1975.24304199219,37,29,10,2056,57,52,29,34,18.2473926544189,13,-16,32,6460,93
36.6213813371987,-0.85355248469605,555,2003.36584472656,39,29,10,2645,34,60,25,36,18.3760280609131,3,11,14,3129,105
36.6463811232848,-0.85355248469605,483,2075.47680664062,31,29,50,2573,53,57,30,38,18.3844947814941,3,-68,60,4902,101
36.6922140644427,-0.85355248469605,373,2100.5595703125,28,28,10,2452,53,55,32,40,18.3187446594238,2,-76,54,8045,98
36.6963806954571,-0.85355248469605,366,2104.17456054688,27,28,10,2430,55,55,32,41,18.3034362792969,3,-44,62,8595,98
36.7088805885002,-0.85355248469605,312,2107.34692382812,26,28,10,2408,50,54,33,41,18.287109375,2,-16,54,8432,98
36.7401303211078,-0.85355248469605,372,2119.16674804688,31,28,50,2241,50,50,35,34,18.2442760467529,9,-207,81,7933,97
36.742213636615,-0.85355248469605,344,2119.16674804688,31,28,50,2241,50,50,35,34,18.2442760467529,9,-207,81,7933,97
36.7547135296581,-0.85355248469605,346,2111.58447265625,33,29,50,2270,50,50,34,33,18.2408962249756,6,198,97,6863,97
36.7609634761796,-0.85355248469605,298,2104.72241210938,32,28,50,2215,50,51,35,33,18.2419033050537,8,96,96,6969,94
36.7692967382083,-0.85355248469605,329,2089.142578125,32,28,50,2192,51,52,34,34,18.2423248291016,2,50,84,6714,97
36.7713800537155,-0.85355248469605,453,2089.142578125,32,28,50,2192,51,52,34,34,18.2423248291016,2,50,84,6714,97
36.7838799467586,-0.85355248469605,745,2060.93896484375,32,28,10,2162,54,54,33,35,18.2424621582031,4,74,38,6430,98
36.7963798398016,-0.85355248469605,795,1975.24304199219,37,29,10,2056,57,52,29,34,18.2473926544189,13,-16,32,6460,93
36.6109647596628,-0.855635838732524,574,1983.26501464844,39,30,10,2657,33,61,27,34,18.3756465911865,2,23,11,2370,104
36.625547968213,-0.855635838732524,561,2003.36584472656,39,29,10,2645,34,60,25,36,18.3760280609131,3,11,14,3129,105
36.6276312837202,-0.855635838732524,542,2027.87219238281,34,29,10,2630,48,59,28,39,18.3773307800293,3,16,18,3709,103
36.6422144922704,-0.855635838732524,476,2054.7119140625,32,28,10,2595,53,60,29,39,18.38258934021,6,-59,48,4289,102
36.6651309628494,-0.855635838732524,368,2082.44873046875,30,28,90,2540,48,58,32,38,18.3637886047363,2,19,39,6065,98
36.6776308558925,-0.855635838732524,388,2094.953125,29,28,10,2486,59,57,33,39,18.3341293334961,6,9,69,7332,99
36.7047139574858,-0.855635838732524,288,2107.34692382812,26,28,10,2408,50,54,33,41,18.287109375,2,-16,54,8432,98
36.719297166036,-0.855635838732524,301,2124.44799804688,27,28,50,2365,44,52,34,39,18.2554149627686,3,35,62,7742,100
36.7234637970504,-0.855635838732524,267,2124.44799804688,27,28,50,2365,44,52,34,39,18.2554149627686,3,35,62,7742,100
36.7276304280648,-0.855635838732524,265,2127.67626953125,29,28,50,2356,40,50,36,36,18.2430515289307,5,135,68,7527,99
36.7484635831365,-0.855635838732524,310,2112.49682617188,31,29,50,2291,46,50,35,34,18.2464351654053,4,67,70,7108,95
36.765130107194,-0.855635838732524,322,2104.72241210938,32,28,50,2215,50,51,35,33,18.2419033050537,8,96,96,6969,94
36.7880465777729,-0.855635838732524,749,2018.62670898438,34,28,10,2121,55,50,33,33,18.2451248168945,7,113,42,6455,95
36.625547968213,-0.857719192768998,591,2001.37512207031,38,30,10,2645,35,60,26,36,18.3853073120117,1,7,21,3121,106
36.6297145992274,-0.857719192768998,538,2028.81494140625,34,29,20,2637,48,60,27,38,18.3844413757324,3,31,29,3680,106
36.6505477542992,-0.857719192768998,433,2085.55395507812,32,29,10,2605,61,57,31,38,18.3854446411133,11,113,57,4605,93
36.6755475403853,-0.857719192768998,341,2094.78247070312,29,28,10,2509,47,60,33,38,18.3575744628906,3,-45,49,6765,99
36.7047139574858,-0.857719192768998,283,2104.12817382812,26,28,50,2400,43,53,34,40,18.2955322265625,2,-12,49,8495,98
36.719297166036,-0.857719192768998,284,2119.40502929688,27,27,50,2338,44,52,37,37,18.2624320983887,4,-41,67,7924,99
36.7255471125576,-0.857719192768998,268,2119.40502929688,27,27,50,2338,44,52,37,37,18.2624320983887,4,-41,67,7924,99
36.7297137435719,-0.857719192768998,263,2118.99145507812,29,27,50,2325,40,50,36,35,18.2495460510254,5,29,65,7781,99
36.7338803745863,-0.857719192768998,277,2118.99145507812,29,27,50,2325,40,50,36,35,18.2495460510254,5,29,65,7781,99
36.7672134227011,-0.857719192768998,333,2091.12768554688,32,28,50,2216,48,49,34,33,18.2594661712646,5,47,95,6837,97
36.777630000237,-0.857719192768998,738,2064.24975585938,33,28,50,2169,46,54,33,34,18.2539863586426,9,89,92,6466,101
36.7963798398016,-0.857719192768998,772,2006.13330078125,36,30,20,2102,41,55,27,37,18.2525672912598,4,134,31,6262,102
36.6922140644427,-0.859802546805473,364,2100.32641601562,28,28,10,2462,57,54,33,39,18.3270454406738,7,52,67,8044,98
36.7047139574858,-0.859802546805473,285,2104.12817382812,26,28,50,2400,43,53,34,40,18.2955322265625,2,-12,49,8495,98
36.7130472195145,-0.859802546805473,276,2112.19458007812,27,28,50,2384,48,52,35,38,18.2797222137451,6,32,46,8194,99
36.7297137435719,-0.859802546805473,259,2118.99145507812,29,27,50,2325,40,50,36,35,18.2495460510254,5,29,65,7781,99
36.7401303211078,-0.859802546805473,269,2108.33422851562,31,28,50,2295,44,51,35,34,18.2557582855225,10,15,81,7420,98
36.7672134227011,-0.859802546805473,332,2091.12768554688,32,28,50,2216,48,49,34,33,18.2594661712646,5,47,95,6837,97
36.7859632622658,-0.859802546805473,727,2037.73022460938,33,28,10,2113,52,51,32,36,18.2541770935059,3,32,50,6653,99
36.7963798398016,-0.859802546805473,765,2006.13330078125,36,30,20,2102,41,55,27,37,18.2525672912598,4,134,31,6262,102
36.6067981286484,-0.861885900841947,595,1959.24963378906,38,28,10,2667,32,62,28,34,18.3877086639404,1,0,10,1551,106
36.6088814441556,-0.861885900841947,596,1959.24963378906,38,28,10,2667,32,62,28,34,18.3877086639404,1,0,10,1551,106
36.6338812302417,-0.861885900841947,514,2028.81494140625,34,29,20,2637,48,60,27,38,18.3844413757324,3,31,29,3680,106
36.7026306419786,-0.861885900841947,308,2104.12817382812,26,28,50,2400,43,53,34,40,18.2955322265625,2,-12,49,8495,98
36.719297166036,-0.861885900841947,276,2119.40502929688,27,27,50,2338,44,52,37,37,18.2624320983887,4,-41,67,7924,99
36.7276304280648,-0.861885900841947,265,2118.99145507812,29,27,50,2325,40,50,36,35,18.2495460510254,5,29,65,7781,99
36.7630467916868,-0.861885900841947,389,2091.12768554688,32,28,50,2216,48,49,34,33,18.2594661712646,5,47,95,6837,97
36.7713800537155,-0.861885900841947,316,2081.23168945312,33,28,50,2180,54,52,34,33,18.2551937103271,11,84,92,6796,97
36.7922132087873,-0.861885900841947,734,2037.73022460938,33,28,10,2113,52,51,32,36,18.2541770935059,3,32,50,6653,99
36.8047131018304,-0.861885900841947,816,1970.90258789062,38,30,10,2045,48,52,26,36,18.2546997070312,15,19,28,6491,94
36.8067964173375,-0.861885900841947,835,1970.90258789062,38,30,10,2045,48,52,26,36,18.2546997070312,15,19,28,6491,94
36.8088797328447,-0.861885900841947,867,1970.90258789062,38,30,10,2045,48,52,26,36,18.2546997070312,15,19,28,6491,94
36.6192980216915,-0.863969254878421,603,2001.37512207031,38,30,10,2645,35,60,26,36,18.3853073120117,1,7,21,3121,106
36.6380478612561,-0.863969254878421,505,2062.798828125,32,28,60,2612,58,59,29,39,18.3830661773682,5,17,39,4111,105
36.660964331835,-0.863969254878421,337,2088.62646484375,30,28,10,2536,61,60,33,37,18.3726100921631,4,-6,78,6234,98
36.6692975938638,-0.863969254878421,309,2094.78247070312,29,28,10,2509,47,60,33,38,18.3575744628906,3,-45,49,6765,99
36.6755475403853,-0.863969254878421,327,2094.78247070312,29,28,10,2509,47,60,33,38,18.3575744628906,3,-45,49,6765,99
36.6776308558925,-0.863969254878421,308,2100.49780273438,28,28,10,2496,60,58,34,39,18.3426418304443,6,9,45,7280,99
36.6901307489355,-0.863969254878421,333,2100.32641601562,28,28,10,2462,57,54,33,39,18.3270454406738,7,52,67,8044,98
36.6984640109643,-0.863969254878421,295,2100.205078125,27,28,50,2430,48,54,34,39,18.3115272521973,4,4,70,8515,99
36.7130472195145,-0.863969254878421,276,2112.19458007812,27,28,50,2384,48,52,35,38,18.2797222137451,6,32,46,8194,99
36.7151305350217,-0.863969254878421,277,2112.19458007812,27,28,50,2384,48,52,35,38,18.2797222137451,6,32,46,8194,99
36.7297137435719,-0.863969254878421,275,2118.99145507812,29,27,50,2325,40,50,36,35,18.2495460510254,5,29,65,7781,99
36.7567968451653,-0.863969254878421,324,2095.80541992188,32,28,50,2215,46,50,34,35,18.2627086639404,6,-158,95,7367,97
36.7692967382083,-0.863969254878421,330,2081.23168945312,33,28,50,2180,54,52,34,33,18.2551937103271,11,84,92,6796,97
36.777630000237,-0.863969254878421,310,2064.24975585938,33,28,50,2169,46,54,33,34,18.2539863586426,9,89,92,6466,101
36.7963798398016,-0.863969254878421,778,2006.13330078125,36,30,20,2102,41,55,27,37,18.2525672912598,4,134,31,6262,102
36.7984631553088,-0.863969254878421,799,2006.13330078125,36,30,20,2102,41,55,27,37,18.2525672912598,4,134,31,6262,102
36.6047148131412,-0.866052608914895,646,1960.04357910156,40,30,10,2662,33,61,26,34,18.3995685577393,1,-12,20,1558,106
36.6317979147345,-0.866052608914895,513,2020.31506347656,36,29,10,2629,44,60,27,39,18.3951549530029,0,-9,19,3712,106
36.6505477542992,-0.866052608914895,349,2093.08422851562,31,28,10,2618,58,59,31,39,18.389928817749,7,137,16,4599,96
36.6776308558925,-0.866052608914895,304,2109.07739257812,27,28,30,2485,61,54,35,38,18.3525333404541,9,78,53,7538,95
36.683880802414,-0.866052608914895,286,2109.07739257812,27,28,30,2485,61,54,35,38,18.3525333404541,9,78,53,7538,95
36.7817966312514,-0.866052608914895,405,2052.34692382812,33,28,50,2106,50,52,33,34,18.2689380645752,5,-117,74,6873,102
36.7880465777729,-0.866052608914895,703,2032.94592285156,33,28,10,2110,54,52,33,35,18.2678642272949,3,13,67,6852,102
36.7922132087873,-0.866052608914895,767,2032.94592285156,33,28,10,2110,54,52,33,35,18.2678642272949,3,13,67,6852,102
36.6047148131412,-0.868135962951369,669,1960.04357910156,40,30,10,2662,33,61,26,34,18.3995685577393,1,-12,20,1558,106
36.6088814441556,-0.868135962951369,616,1960.04357910156,40,30,10,2662,33,61,26,34,18.3995685577393,1,-12,20,1558,106
36.6567977008207,-0.868135962951369,338,2098.4248046875,30,28,10,2560,57,58,32,38,18.395299911499,6,-43,42,5535,91
36.7047139574858,-0.868135962951369,293,2097.36865234375,27,28,50,2400,42,51,34,39,18.3029632568359,3,52,67,8488,99
36.719297166036,-0.868135962951369,260,2115.36840820312,29,27,50,2352,39,51,37,35,18.2705955505371,8,57,59,8075,98
36.7276304280648,-0.868135962951369,267,2115.77563476562,29,27,50,2314,41,52,37,34,18.2578239440918,1,-50,85,7885,99
36.7359636900935,-0.868135962951369,274,2109.20581054688,30,28,50,2294,40,51,35,35,18.2642154693604,4,67,97,7648,101
36.7442969521222,-0.868135962951369,323,2101.2841796875,30,28,50,2260,43,51,35,35,18.2697982788086,2,86,77,7472,101
36.7609634761796,-0.868135962951369,307,2081.39331054688,31,29,10,2158,48,51,34,35,18.2710628509521,8,-111,90,7778,102
36.7630467916868,-0.868135962951369,314,2081.39331054688,31,29,10,2158,48,51,34,35,18.2710628509521,8,-111,90,7778,102
36.7692967382083,-0.868135962951369,324,2067.50463867188,32,28,50,2136,46,51,33,35,18.2705783843994,9,-180,93,6800,103
36.7984631553088,-0.868135962951369,798,2012.18286132812,36,30,10,2074,45,52,27,36,18.2637825012207,6,23,55,6724,102
36.8255462569021,-0.868135962951369,833,1949.18823242188,41,31,10,2001,52,54,24,35,18.2664985656738,9,110,45,5868,98
36.6067981286484,-0.870219316987844,664,1960.04357910156,40,30,10,2662,33,61,26,34,18.3995685577393,1,-12,20,1558,106
36.6317979147345,-0.870219316987844,535,2020.31506347656,36,29,10,2629,44,60,27,39,18.3951549530029,0,-9,19,3712,106
36.6338812302417,-0.870219316987844,523,2020.31506347656,36,29,10,2629,44,60,27,39,18.3951549530029,0,-9,19,3712,106
36.6442978077776,-0.870219316987844,482,2093.08422851562,31,28,10,2618,58,59,31,39,18.389928817749,7,137,16,4599,96
36.6630476473422,-0.870219316987844,290,2101.17456054688,29,28,10,2536,55,55,33,38,18.3837261199951,7,14,82,6200,94
36.6734642248781,-0.870219316987844,280,2108.95263671875,28,28,40,2511,54,54,34,39,18.3686008453369,4,18,74,6773,96
36.6797141713997,-0.870219316987844,281,2109.07739257812,27,28,30,2485,61,54,35,38,18.3525333404541,9,78,53,7538,95
36.6880474334284,-0.870219316987844,276,2098.93969726562,27,28,50,2422,56,55,35,38,18.3337574005127,11,-145,71,8244,98
36.6984640109643,-0.870219316987844,289,2092.470703125,27,28,50,2423,41,54,34,39,18.3178520202637,3,32,87,8595,99
36.7088805885002,-0.870219316987844,283,2097.36865234375,27,28,50,2400,42,51,34,39,18.3029632568359,3,52,67,8488,99
36.7109639040073,-0.870219316987844,288,2107.869140625,28,27,50,2378,39,50,36,36,18.2874774932861,4,54,64,8202,99
36.719297166036,-0.870219316987844,278,2115.36840820312,29,27,50,2352,39,51,37,35,18.2705955505371,8,57,59,8075,98
36.7380470056006,-0.870219316987844,292,2109.20581054688,30,28,50,2294,40,51,35,35,18.2642154693604,4,67,97,7648,101
36.7609634761796,-0.870219316987844,309,2081.39331054688,31,29,10,2158,48,51,34,35,18.2710628509521,8,-111,90,7778,102
36.7734633692227,-0.870219316987844,321,2067.50463867188,32,28,50,2136,46,51,33,35,18.2705783843994,9,-180,93,6800,103
36.8067964173375,-0.870219316987844,799,1989.54821777344,38,30,10,2065,41,55,27,36,18.2614765167236,6,13,13,6047,102
36.6422144922704,-0.872302671024318,502,2064.1806640625,31,28,10,2643,47,60,30,39,18.3882751464844,1,90,60,3993,108
36.6505477542992,-0.872302671024318,366,2093.08422851562,31,28,10,2618,58,59,31,39,18.389928817749,7,137,16,4599,96
36.6817974869068,-0.872302671024318,269,2109.07739257812,27,28,30,2485,61,54,35,38,18.3525333404541,9,78,53,7538,95
36.6963806954571,-0.872302671024318,295,2092.470703125,27,28,50,2423,41,54,34,39,18.3178520202637,3,32,87,8595,99
36.7026306419786,-0.872302671024318,294,2097.36865234375,27,28,50,2400,42,51,34,39,18.3029632568359,3,52,67,8488,99
36.7234637970504,-0.872302671024318,257,2115.36840820312,29,27,50,2352,39,51,37,35,18.2705955505371,8,57,59,8075,98
36.7567968451653,-0.872302671024318,319,2093.54809570312,30,28,50,2247,48,52,34,35,18.2693481445312,8,154,88,7115,99
36.7630467916868,-0.872302671024318,340,2081.39331054688,31,29,10,2158,48,51,34,35,18.2710628509521,8,-111,90,7778,102
36.7692967382083,-0.872302671024318,341,2067.50463867188,32,28,50,2136,46,51,33,35,18.2705783843994,9,-180,93,6800,103
36.8088797328447,-0.872302671024318,776,1989.54821777344,38,30,10,2065,41,55,27,36,18.2614765167236,6,13,13,6047,102
36.8255462569021,-0.872302671024318,821,1949.18823242188,41,31,10,2001,52,54,24,35,18.2664985656738,9,110,45,5868,98
36.8297128879165,-0.872302671024318,804,1944.68994140625,46,30,10,1981,48,53,24,30,18.248420715332,22,-240,63,5641,95
36.835962834438,-0.872302671024318,818,1949.77844238281,50,31,10,1993,42,53,23,27,18.2323722839355,7,111,50,4883,95
36.6109647596628,-0.874386025060792,654,1965.451171875,38,29,10,2640,41,60,27,36,18.4139728546143,4,5,34,2531,106
36.6317979147345,-0.874386025060792,522,1998.80029296875,34,29,10,2625,44,60,27,39,18.4120330810547,1,-9,75,3743,106
36.6380478612561,-0.874386025060792,511,2053.26733398438,32,28,10,2632,50,57,29,39,18.4041767120361,2,43,66,4096,106
36.6422144922704,-0.874386025060792,498,2053.26733398438,32,28,10,2632,50,57,29,39,18.4041767120361,2,43,66,4096,106
36.6442978077776,-0.874386025060792,489,2091.60131835938,32,28,50,2606,57,57,31,38,18.4051818847656,6,55,78,4534,96
36.6630476473422,-0.874386025060792,281,2106.23168945312,28,28,50,2555,57,55,34,38,18.3913440704346,3,110,50,5947,93
36.6713809093709,-0.874386025060792,277,2111.61938476562,28,28,50,2533,59,56,34,38,18.3770503997803,8,160,67,6460,95
36.6922140644427,-0.874386025060792,285,2094.1826171875,28,28,50,2441,54,56,34,38,18.3414916992188,7,-13,67,8373,92
36.7297137435719,-0.874386025060792,279,2110.57739257812,31,28,50,2309,43,50,35,34,18.2679328918457,5,28,69,7989,98
36.7901298932801,-0.874386025060792,788,2028.23840332031,35,29,10,2103,52,52,30,36,18.2758693695068,3,80,54,6810,100
36.7922132087873,-0.874386025060792,795,2028.23840332031,35,29,10,2103,52,52,30,36,18.2758693695068,3,80,54,6810,100
36.7984631553088,-0.874386025060792,801,2008.41369628906,37,30,10,2053,47,51,27,36,18.2759799957275,8,-155,76,6867,103
36.800546470816,-0.874386025060792,777,2008.41369628906,37,30,10,2053,47,51,27,36,18.2759799957275,8,-155,76,6867,103
36.6192980216915,-0.876469379097266,571,1966.8154296875,36,29,10,2630,42,60,26,38,18.4158821105957,2,-41,17,3191,106
36.6901307489355,-0.876469379097266,285,2094.1826171875,28,28,50,2441,54,56,34,38,18.3414916992188,7,-13,67,8373,92
36.7005473264714,-0.876469379097266,293,2083.57690429688,28,28,50,2412,41,52,35,37,18.3238105773926,8,-75,86,8985,98
36.7359636900935,-0.876469379097266,274,2106.08129882812,31,28,50,2273,45,51,35,35,18.2803115844727,5,-82,93,7812,99
36.8213796258878,-0.876469379097266,814,1956.9365234375,43,31,10,2008,42,52,24,33,18.2797546386719,3,109,19,5761,103
36.6172147061843,-0.87855273313374,608,1965.451171875,38,29,10,2640,41,60,27,36,18.4139728546143,4,5,34,2531,106
36.648464438792,-0.87855273313374,453,2091.60131835938,32,28,50,2606,57,57,31,38,18.4051818847656,6,55,78,4534,96
36.6630476473422,-0.87855273313374,294,2106.23168945312,28,28,50,2555,57,55,34,38,18.3913440704346,3,110,50,5947,93
36.6692975938638,-0.87855273313374,262,2111.61938476562,28,28,50,2533,59,56,34,38,18.3770503997803,8,160,67,6460,95
36.6984640109643,-0.87855273313374,281,2083.57690429688,28,28,50,2412,41,52,35,37,18.3238105773926,8,-75,86,8985,98
36.7505468986437,-0.87855273313374,334,2098.13305664062,30,28,50,2248,51,51,34,35,18.2853698730469,7,30,79,7648,100
36.7588801606724,-0.87855273313374,314,2087.47241210938,31,28,50,2225,51,52,34,35,18.2833576202393,5,78,80,7294,100
36.7797133157442,-0.87855273313374,366,2045.57373046875,34,29,10,2134,57,53,30,36,18.2772083282471,8,122,60,6868,102
36.7859632622658,-0.87855273313374,392,2028.23840332031,35,29,10,2103,52,52,30,36,18.2758693695068,3,80,54,6810,100
36.7984631553088,-0.87855273313374,789,2008.41369628906,37,30,10,2053,47,51,27,36,18.2759799957275,8,-155,76,6867,103
36.8109630483519,-0.87855273313374,819,1973.69287109375,42,31,10,1992,42,54,25,34,18.2859306335449,5,-88,68,6429,102
36.8172129948734,-0.87855273313374,806,1973.69287109375,42,31,10,1992,42,54,25,34,18.2859306335449,5,-88,68,6429,102
36.8213796258878,-0.87855273313374,815,1956.9365234375,43,31,10,2008,42,52,24,33,18.2797546386719,3,109,19,5761,103
36.823462941395,-0.87855273313374,791,1956.9365234375,43,31,10,2008,42,52,24,33,18.2797546386719,3,109,19,5761,103
36.8297128879165,-0.87855273313374,792,1939.70336914062,47,31,10,1964,52,51,23,30,18.2575645446777,11,40,32,5763,100
36.6109647596628,-0.880636087170215,640,1965.451171875,38,29,10,2640,41,60,27,36,18.4139728546143,4,5,34,2531,106
36.6151313906771,-0.880636087170215,656,1965.451171875,38,29,10,2640,41,60,27,36,18.4139728546143,4,5,34,2531,106
36.6359645457489,-0.880636087170215,530,2053.26733398438,32,28,10,2632,50,57,29,39,18.4041767120361,2,43,66,4096,106
36.648464438792,-0.880636087170215,458,2091.60131835938,32,28,50,2606,57,57,31,38,18.4051818847656,6,55,78,4534,96
36.7213804815432,-0.880636087170215,274,2107.54467773438,31,28,50,2335,40,50,35,34,18.2777252197266,6,24,85,8136,98
36.7317970590791,-0.880636087170215,271,2110.57739257812,31,28,50,2309,43,50,35,34,18.2679328918457,5,28,69,7989,98
36.7567968451653,-0.880636087170215,331,2087.47241210938,31,28,50,2225,51,52,34,35,18.2833576202393,5,78,80,7294,100
36.7609634761796,-0.880636087170215,320,2072.75415039062,32,28,50,2171,54,54,32,36,18.2813396453857,3,19,50,7136,98
36.7630467916868,-0.880636087170215,315,2072.75415039062,32,28,50,2171,54,54,32,36,18.2813396453857,3,19,50,7136,98
36.7755466847299,-0.880636087170215,329,2058.81396484375,32,29,20,2165,48,55,31,37,18.2802391052246,6,55,44,6962,101
36.7797133157442,-0.880636087170215,364,2045.57373046875,34,29,10,2134,57,53,30,36,18.2772083282471,8,122,60,6868,102
36.7880465777729,-0.880636087170215,375,2028.23840332031,35,29,10,2103,52,52,30,36,18.2758693695068,3,80,54,6810,100
36.7901298932801,-0.880636087170215,680,2028.23840332031,35,29,10,2103,52,52,30,36,18.2758693695068,3,80,54,6810,100
36.8067964173375,-0.880636087170215,767,1990.80981445312,40,30,10,2031,41,51,26,34,18.2767925262451,3,-9,40,6463,103
36.6234646527058,-0.882719441206689,556,1944.57678222656,36,30,10,2617,40,63,28,37,18.431884765625,1,-41,11,3332,106
36.6588810163279,-0.882719441206689,318,2104.8525390625,31,28,10,2571,48,57,32,37,18.4132194519043,4,43,59,5396,95
36.7255471125576,-0.882719441206689,279,2096.62133789062,32,28,50,2325,42,51,34,34,18.2859878540039,2,32,91,8225,100
36.7588801606724,-0.882719441206689,313,2071.82421875,31,29,50,2191,45,52,34,35,18.3005886077881,6,-52,75,7679,98
36.7692967382083,-0.882719441206689,315,2043.45141601562,32,29,10,2134,49,52,31,37,18.2947444915771,2,-39,51,7314,98
36.7817966312514,-0.882719441206689,356,2033.83447265625,34,30,20,2102,42,52,28,38,18.2907676696777,5,-2,57,7194,100
36.8151296793663,-0.882719441206689,805,1970.90478515625,42,30,10,1976,39,54,24,34,18.2975978851318,3,-140,22,6296,103
36.8317962034237,-0.882719441206689,818,1934.43859863281,48,32,10,1980,45,54,23,28,18.2551651000977,15,-32,38,5619,101
36.6088814441556,-0.884802795243163,644,1964.42846679688,36,29,10,2669,38,60,28,36,18.4198150634766,5,102,19,2052,100
36.6297145992274,-0.884802795243163,589,1978.71411132812,34,29,10,2608,42,58,27,39,18.4260101318359,3,-55,21,3947,107
36.6422144922704,-0.884802795243163,506,2043.68725585938,33,28,10,2614,49,58,28,39,18.4145374298096,7,-8,29,4380,104
36.6442978077776,-0.884802795243163,491,2092.044921875,32,29,10,2606,56,57,30,39,18.4133071899414,4,88,41,4858,100
36.648464438792,-0.884802795243163,496,2092.044921875,32,29,10,2606,56,57,30,39,18.4133071899414,4,88,41,4858,100
36.6984640109643,-0.884802795243163,271,2078.04833984375,28,28,50,2398,48,53,34,38,18.331672668457,2,2,83,8910,96
36.7088805885002,-0.884802795243163,289,2078.71044921875,28,27,50,2345,47,54,35,37,18.3150253295898,6,-121,80,9066,99
36.7172138505289,-0.884802795243163,254,2087.18579101562,30,28,50,2345,41,52,35,35,18.2993469238281,3,30,59,8415,99
36.719297166036,-0.884802795243163,263,2096.62133789062,32,28,50,2325,42,51,34,34,18.2859878540039,2,32,91,8225,100
36.7213804815432,-0.884802795243163,275,2096.62133789062,32,28,50,2325,42,51,34,34,18.2859878540039,2,32,91,8225,100
36.7401303211078,-0.884802795243163,298,2097.34423828125,31,28,50,2257,43,52,35,34,18.2951622009277,9,-42,95,7749,97
36.7442969521222,-0.884802795243163,312,2087.27563476562,31,28,50,2232,58,51,34,35,18.2990074157715,15,71,89,8179,97
36.7755466847299,-0.884802795243163,351,2043.45141601562,32,29,10,2134,49,52,31,37,18.2947444915771,2,-39,51,7314,98
36.7901298932801,-0.884802795243163,361,2020.98205566406,36,30,10,2085,46,52,26,38,18.2880821228027,5,15,48,6814,101
36.7942965242945,-0.884802795243163,762,2005.29858398438,39,30,20,2078,42,52,26,36,18.2855110168457,1,-13,38,6789,102
36.7963798398016,-0.884802795243163,771,2005.29858398438,39,30,20,2078,42,52,26,36,18.2855110168457,1,-13,38,6789,102
36.8047131018304,-0.884802795243163,757,1989.57470703125,41,30,10,2044,43,54,25,34,18.2860298156738,10,119,41,6837,106
36.8130463638591,-0.884802795243163,773,1970.90478515625,42,30,10,1976,39,54,24,34,18.2975978851318,3,-140,22,6296,103
36.835962834438,-0.884802795243163,836,1916.02368164062,50,32,10,1936,41,52,23,27,18.229808807373,4,-2,30,5268,103
36.8526293584955,-0.884802795243163,828,1880.41943359375,52,32,10,1897,43,56,21,27,18.1766777038574,6,51,28,5388,102
36.6151313906771,-0.886886149279637,587,1952.12915039062,36,29,10,2634,37,60,27,37,18.4288196563721,3,-11,17,2660,102
36.6526310698063,-0.886886149279637,428,2104.8525390625,31,28,10,2571,48,57,32,37,18.4132194519043,4,43,59,5396,95
36.706797272993,-0.886886149279637,273,2078.71044921875,28,27,50,2345,47,54,35,37,18.3150253295898,6,-121,80,9066,99
36.7109639040073,-0.886886149279637,317,2087.18579101562,30,28,50,2345,41,52,35,35,18.2993469238281,3,30,59,8415,99
36.719297166036,-0.886886149279637,264,2096.62133789062,32,28,50,2325,42,51,34,34,18.2859878540039,2,32,91,8225,100
36.7547135296581,-0.886886149279637,306,2071.82421875,31,29,50,2191,45,52,34,35,18.3005886077881,6,-52,75,7679,98
36.7713800537155,-0.886886149279637,322,2043.45141601562,32,29,10,2134,49,52,31,37,18.2947444915771,2,-39,51,7314,98
36.7797133157442,-0.886886149279637,336,2033.83447265625,34,30,20,2102,42,52,28,38,18.2907676696777,5,-2,57,7194,100
36.7922132087873,-0.886886149279637,631,2020.98205566406,36,30,10,2085,46,52,26,38,18.2880821228027,5,15,48,6814,101
36.8484627274811,-0.886886149279637,817,1899.82922363281,51,32,10,1925,36,53,22,28,18.2040252685547,8,74,27,5208,100
36.8609626205242,-0.886886149279637,830,1849.27160644531,53,32,10,1861,41,57,21,27,18.1479454040527,14,-197,62,5178,100
36.6047148131412,-0.888969503316111,586,1964.42846679688,36,29,10,2669,38,60,28,36,18.4198150634766,5,102,19,2052,100
36.625547968213,-0.888969503316111,577,1944.57678222656,36,30,10,2617,40,63,28,37,18.431884765625,1,-41,11,3332,106
36.6276312837202,-0.888969503316111,569,1978.71411132812,34,29,10,2608,42,58,27,39,18.4260101318359,3,-55,21,3947,107
36.6505477542992,-0.888969503316111,453,2092.044921875,32,29,10,2606,56,57,30,39,18.4133071899414,4,88,41,4858,100
36.6817974869068,-0.888969503316111,266,2093.65600585938,27,28,50,2455,57,55,34,39,18.3649120330811,4,-41,66,7534,92
36.6922140644427,-0.888969503316111,287,2085.51708984375,28,28,50,2420,51,54,34,38,18.3484172821045,3,-29,67,8472,94
36.7047139574858,-0.888969503316111,286,2078.71044921875,28,27,50,2345,47,54,35,37,18.3150253295898,6,-121,80,9066,99
36.7109639040073,-0.888969503316111,301,2087.18579101562,30,28,50,2345,41,52,35,35,18.2993469238281,3,30,59,8415,99
36.719297166036,-0.888969503316111,268,2096.62133789062,32,28,50,2325,42,51,34,34,18.2859878540039,2,32,91,8225,100
36.7609634761796,-0.888969503316111,304,2055.06225585938,32,29,10,2160,52,53,33,36,18.2976360321045,4,-23,82,7504,98
36.7755466847299,-0.888969503316111,342,2043.45141601562,32,29,10,2134,49,52,31,37,18.2947444915771,2,-39,51,7314,98
36.8192963103806,-0.888969503316111,796,1952.71459960938,45,31,10,1986,42,52,24,31,18.2825469970703,8,8,33,6220,103
36.5859649735766,-0.891052857352586,622,1838.115234375,37,29,61,2673,40,61,26,38,18.4443206787109,3,57,54,1402,101
36.6151313906771,-0.891052857352586,602,1937.43322753906,35,29,10,2624,37,60,27,38,18.4430274963379,2,-45,16,2902,100
36.6213813371987,-0.891052857352586,580,1934.77624511719,36,29,10,2612,41,60,27,37,18.444953918457,1,-30,17,3406,104
36.648464438792,-0.891052857352586,455,2095.37255859375,32,29,10,2603,51,59,29,39,18.4204406738281,4,69,30,4631,97
36.6547143853135,-0.891052857352586,331,2108.3671875,29,28,10,2564,58,59,31,39,18.4211082458496,8,5,37,5380,93
36.7088805885002,-0.891052857352586,261,2073.8203125,29,27,50,2368,40,51,34,37,18.3227100372314,1,61,69,8769,98
36.7172138505289,-0.891052857352586,272,2080.6103515625,31,28,50,2323,42,51,33,36,18.3075561523438,9,-10,73,8872,99
36.742213636615,-0.891052857352586,304,2084.970703125,30,28,50,2248,45,51,35,35,18.3105792999268,7,84,95,8047,98
36.7463802676294,-0.891052857352586,311,2075.80322265625,31,28,40,2217,48,52,34,35,18.3104190826416,12,93,77,8081,97
36.7588801606724,-0.891052857352586,301,2059.21020507812,30,29,10,2166,51,52,34,36,18.3123474121094,9,-39,85,8135,97
36.777630000237,-0.891052857352586,328,2016.69653320312,35,30,10,2091,46,54,27,38,18.303918838501,2,-25,47,7441,101
36.8192963103806,-0.891052857352586,783,1948.677734375,47,31,10,1978,40,52,23,30,18.289026260376,6,64,44,6093,103
36.8338795189309,-0.891052857352586,825,1932.88977050781,49,31,20,1982,46,52,24,27,18.2636642456055,4,113,51,5826,104
36.5922149200982,-0.89313621138906,577,1838.115234375,37,29,61,2673,40,61,26,38,18.4443206787109,3,57,54,1402,101
36.5942982356053,-0.89313621138906,588,1900.91528320312,36,29,61,2671,38,59,27,37,18.4390316009521,5,48,15,1792,99
36.6151313906771,-0.89313621138906,619,1937.43322753906,35,29,10,2624,37,60,27,38,18.4430274963379,2,-45,16,2902,100
36.6172147061843,-0.89313621138906,624,1937.43322753906,35,29,10,2624,37,60,27,38,18.4430274963379,2,-45,16,2902,100
36.6192980216915,-0.89313621138906,619,1934.77624511719,36,29,10,2612,41,60,27,37,18.444953918457,1,-30,17,3406,104
36.6338812302417,-0.89313621138906,546,1970.37255859375,36,29,10,2609,42,58,27,37,18.4384117126465,2,-29,25,3869,106
36.6359645457489,-0.89313621138906,528,2040.11669921875,35,29,10,2631,39,58,27,38,18.4238109588623,4,105,16,4083,103
36.6547143853135,-0.89313621138906,354,2108.3671875,29,28,10,2564,58,59,31,39,18.4211082458496,8,5,37,5380,93
36.6776308558925,-0.89313621138906,292,2078.64477539062,28,28,40,2454,54,55,35,38,18.3704872131348,5,29,74,7662,93
36.7255471125576,-0.89313621138906,294,2086.1337890625,31,28,50,2280,45,52,34,35,18.2996597290039,4,-143,91,8426,100
36.7338803745863,-0.89313621138906,344,2088.20141601562,31,28,50,2278,41,51,34,35,18.3067836761475,4,14,90,8174,99
36.7380470056006,-0.89313621138906,318,2084.970703125,30,28,50,2248,45,51,35,35,18.3105792999268,7,84,95,8047,98
36.7692967382083,-0.89313621138906,336,2025.83544921875,32,29,20,2126,43,52,30,38,18.308765411377,4,11,66,7556,99
36.7734633692227,-0.89313621138906,355,2025.83544921875,32,29,20,2126,43,52,30,38,18.308765411377,4,11,66,7556,99
36.7963798398016,-0.89313621138906,776,1996.55712890625,38,30,10,2031,41,52,25,37,18.298677444458,5,-65,34,6800,102
36.8213796258878,-0.89313621138906,803,1948.677734375,47,31,10,1978,40,52,23,30,18.289026260376,6,64,44,6093,103
36.8380461499452,-0.89313621138906,851,1913.3232421875,51,32,10,1896,37,54,23,26,18.2332649230957,4,-158,75,6128,104
36.8797124600888,-0.89313621138906,870,1781.73840332031,52,32,10,1800,38,54,21,27,18.0991630554199,9,-196,53,4547,101
36.5859649735766,-0.895219565425534,610,1838.115234375,37,29,61,2673,40,61,26,38,18.4443206787109,3,57,54,1402,101
36.6026314976341,-0.895219565425534,609,1935.57141113281,36,29,10,2644,39,60,27,38,18.4380645751953,4,-1,22,2307,98
36.6047148131412,-0.895219565425534,599,1935.57141113281,36,29,10,2644,39,60,27,38,18.4380645751953,4,-1,22,2307,98
36.625547968213,-0.895219565425534,562,1934.77624511719,36,29,10,2612,41,60,27,37,18.444953918457,1,-30,17,3406,104
36.6463811232848,-0.895219565425534,458,2095.37255859375,32,29,10,2603,51,59,29,39,18.4204406738281,4,69,30,4631,97
36.6547143853135,-0.895219565425534,338,2108.3671875,29,28,10,2564,58,59,31,39,18.4211082458496,8,5,37,5380,93
36.6567977008207,-0.895219565425534,312,2108.3671875,29,28,10,2564,58,59,31,39,18.4211082458496,8,5,37,5380,93
36.7692967382083,-0.895219565425534,346,2025.83544921875,32,29,20,2126,43,52,30,38,18.308765411377,4,11,66,7556,99
36.7755466847299,-0.895219565425534,385,2025.83544921875,32,29,20,2126,43,52,30,38,18.308765411377,4,11,66,7556,99
36.7859632622658,-0.895219565425534,354,2007.65380859375,36,30,20,2051,39,55,25,38,18.300365447998,9,-55,47,7153,101
36.8422127809596,-0.895219565425534,859,1913.3232421875,51,32,10,1896,37,54,23,26,18.2332649230957,4,-158,75,6128,104
36.8484627274811,-0.895219565425534,856,1898.74194335938,51,31,10,1919,38,52,23,26,18.2094841003418,6,85,31,5284,107
36.8567959895098,-0.895219565425534,840,1884.57385253906,52,32,10,1895,38,54,22,27,18.1841926574707,5,106,34,4980,106
36.8609626205242,-0.895219565425534,874,1860.31164550781,53,32,10,1884,38,54,21,26,18.1560840606689,14,25,22,4886,103
36.5776317115479,-0.897302919462008,626,1746.94262695312,40,30,62,2677,43,59,26,35,18.4519195556641,5,213,11,1129,95
36.6067981286484,-0.897302919462008,582,1935.57141113281,36,29,10,2644,39,60,27,38,18.4380645751953,4,-1,22,2307,98
36.6151313906771,-0.897302919462008,608,1937.43322753906,35,29,10,2624,37,60,27,38,18.4430274963379,2,-45,16,2902,100
36.6192980216915,-0.897302919462008,618,1934.77624511719,36,29,10,2612,41,60,27,37,18.444953918457,1,-30,17,3406,104
36.6588810163279,-0.897302919462008,321,2108.3671875,29,28,10,2564,58,59,31,39,18.4211082458496,8,5,37,5380,93
36.660964331835,-0.897302919462008,292,2096.5693359375,29,28,50,2516,60,56,34,37,18.4041233062744,9,-28,69,6369,89
36.6859641179212,-0.897302919462008,300,2074.37109375,28,27,40,2417,53,54,35,37,18.3548412322998,4,8,88,8391,94
36.6984640109643,-0.897302919462008,290,2071.18994140625,29,27,50,2392,46,53,35,37,18.3384990692139,4,42,95,8971,96
36.7172138505289,-0.897302919462008,266,2080.6103515625,31,28,50,2323,42,51,33,36,18.3075561523438,9,-10,73,8872,99
36.7713800537155,-0.897302919462008,355,2025.83544921875,32,29,20,2126,43,52,30,38,18.308765411377,4,11,66,7556,99
36.7734633692227,-0.897302919462008,363,2025.83544921875,32,29,20,2126,43,52,30,38,18.308765411377,4,11,66,7556,99
36.7922132087873,-0.897302919462008,374,2007.65380859375,36,30,20,2051,39,55,25,38,18.300365447998,9,-55,47,7153,101
36.7942965242945,-0.897302919462008,635,1996.55712890625,38,30,10,2031,41,52,25,37,18.298677444458,5,-65,34,6800,102
36.7963798398016,-0.897302919462008,787,1996.55712890625,38,30,10,2031,41,52,25,37,18.298677444458,5,-65,34,6800,102
36.8130463638591,-0.897302919462008,769,1964.07836914062,42,30,10,2001,41,52,24,34,18.3068218231201,7,85,60,6466,102
36.8255462569021,-0.897302919462008,834,1948.677734375,47,31,10,1978,40,52,23,30,18.289026260376,6,64,44,6093,103
36.8317962034237,-0.897302919462008,839,1932.88977050781,49,31,20,1982,46,52,24,27,18.2636642456055,4,113,51,5826,104
36.8630459360314,-0.897302919462008,853,1860.31164550781,53,32,10,1884,38,54,21,26,18.1560840606689,14,25,22,4886,103
36.8651292515385,-0.897302919462008,853,1860.31164550781,53,32,10,1884,38,54,21,26,18.1560840606689,14,25,22,4886,103
36.5713817650264,-0.899386273498482,672,1412.14636230469,41,30,62,2527,44,62,25,34,18.5085620880127,37,-194,45,2220,71
36.5838816580694,-0.899386273498482,640,1472.58850097656,37,30,61,2635,53,60,25,37,18.4969501495361,25,212,34,1310,76
36.5922149200982,-0.899386273498482,581,1598.46423339844,31,29,10,2660,47,62,26,42,18.4731597900391,4,380,56,1879,91
36.6109647596628,-0.899386273498482,628,1920.01928710938,35,29,10,2622,35,62,27,38,18.4531192779541,2,-12,24,3061,101
36.6442978077776,-0.899386273498482,508,2096.86572265625,32,29,10,2602,58,58,29,39,18.4274196624756,7,106,58,4725,100
36.7172138505289,-0.899386273498482,275,2071.3369140625,30,28,50,2326,39,50,34,36,18.3166007995605,5,100,83,8640,97
36.742213636615,-0.899386273498482,296,2066.42993164062,30,28,50,2228,44,54,34,36,18.3282737731934,7,41,71,8285,99
36.7755466847299,-0.899386273498482,342,2015.23950195312,34,29,10,2096,57,53,31,36,18.320556640625,8,-83,28,8010,99
36.8172129948734,-0.899386273498482,789,1951.03576660156,45,31,10,1985,41,56,23,32,18.3121471405029,1,-56,15,6546,101
36.8463794119739,-0.899386273498482,912,1890.45727539062,50,31,10,1884,35,55,24,26,18.2106189727783,8,-82,51,5385,106
36.8630459360314,-0.899386273498482,845,1873.91931152344,51,32,10,1863,34,53,22,27,18.1649513244629,2,-17,21,4981,104
36.8734625135672,-0.899386273498482,862,1851.34216308594,52,32,10,1846,33,53,21,27,18.1395168304443,3,5,45,4863,104
36.8776291445816,-0.899386273498482,839,1815.90124511719,52,32,10,1849,45,54,21,27,18.1124820709229,2,66,30,4725,103
36.881795775596,-0.899386273498482,888,1815.90124511719,52,32,10,1849,45,54,21,27,18.1124820709229,2,66,30,4725,103
36.6026314976341,-0.901469627534957,557,1852.87438964844,36,29,10,2641,37,60,28,37,18.4531002044678,3,66,20,2667,101
36.6047148131412,-0.901469627534957,583,1852.87438964844,36,29,10,2641,37,60,28,37,18.4531002044678,3,66,20,2667,101
36.648464438792,-0.901469627534957,447,2096.86572265625,32,29,10,2602,58,58,29,39,18.4274196624756,7,106,58,4725,100
36.6505477542992,-0.901469627534957,394,2096.86572265625,32,29,10,2602,58,58,29,39,18.4274196624756,7,106,58,4725,100
36.7255471125576,-0.901469627534957,293,2074.83422851562,30,28,50,2298,43,50,34,36,18.3155193328857,4,5,89,8487,98
36.7672134227011,-0.901469627534957,321,2030.51220703125,32,29,10,2116,46,55,34,35,18.3223247528076,8,-65,88,8133,99
36.7734633692227,-0.901469627534957,340,2015.23950195312,34,29,10,2096,57,53,31,36,18.320556640625,8,-83,28,8010,99
36.7817966312514,-0.901469627534957,350,2003.56188964844,35,30,20,2080,40,52,26,39,18.3178825378418,10,-56,20,7316,99
36.7838799467586,-0.901469627534957,343,2003.56188964844,35,30,20,2080,40,52,26,39,18.3178825378418,10,-56,20,7316,99
36.7859632622658,-0.901469627534957,352,1994.53454589844,35,30,10,2063,39,51,25,40,18.3144073486328,8,-3,47,7183,101
36.8338795189309,-0.901469627534957,885,1925.50183105469,51,31,10,1956,39,53,24,26,18.2646389007568,6,79,34,5992,105
36.5734650805336,-0.903552981571431,686,1412.14636230469,41,30,62,2527,44,62,25,34,18.5085620880127,37,-194,45,2220,71
36.5797150270551,-0.903552981571431,641,1472.58850097656,37,30,61,2635,53,60,25,37,18.4969501495361,25,212,34,1310,76
36.6067981286484,-0.903552981571431,537,1852.87438964844,36,29,10,2641,37,60,28,37,18.4531002044678,3,66,20,2667,101
36.6880474334284,-0.903552981571431,290,2063.72192382812,29,28,50,2376,51,54,35,36,18.3608837127686,6,-155,66,8580,94
36.7088805885002,-0.903552981571431,294,2064.93139648438,29,28,50,2340,41,50,35,36,18.3286209106445,3,-19,59,9062,96
36.7109639040073,-0.903552981571431,285,2071.3369140625,30,28,50,2326,39,50,34,36,18.3166007995605,5,100,83,8640,97
36.7213804815432,-0.903552981571431,297,2074.83422851562,30,28,50,2298,43,50,34,36,18.3155193328857,4,5,89,8487,98
36.8047131018304,-0.903552981571431,776,1967.10705566406,40,30,20,2004,47,52,25,34,18.3229808807373,6,0,48,6639,101
36.8213796258878,-0.903552981571431,837,1939.36767578125,50,31,10,1956,36,56,22,28,18.2886028289795,3,-75,52,6685,103
36.8380461499452,-0.903552981571431,881,1904.779296875,51,31,10,1911,40,52,24,25,18.2350883483887,7,-74,30,5898,104
36.8401294654524,-0.903552981571431,904,1904.779296875,51,31,10,1911,40,52,24,25,18.2350883483887,7,-74,30,5898,104
36.8776291445816,-0.903552981571431,862,1815.90124511719,52,32,10,1849,45,54,21,27,18.1124820709229,2,66,30,4725,103
36.5755483960407,-0.905636335607905,662,1412.14636230469,41,30,62,2527,44,62,25,34,18.5085620880127,37,-194,45,2220,71
36.6088814441556,-0.905636335607905,541,1852.87438964844,36,29,10,2641,37,60,28,37,18.4531002044678,3,66,20,2667,101
36.6151313906771,-0.905636335607905,565,1920.01928710938,35,29,10,2622,35,62,27,38,18.4531192779541,2,-12,24,3061,101
36.6276312837202,-0.905636335607905,603,1976.77697753906,36,29,10,2597,43,60,26,38,18.450174331665,3,-98,23,3990,105
36.6297145992274,-0.905636335607905,584,1976.77697753906,36,29,10,2597,43,60,26,38,18.450174331665,3,-98,23,3990,105
36.6401311767633,-0.905636335607905,501,2040.77502441406,35,29,10,2607,39,58,27,38,18.4391803741455,3,-27,17,4300,102
36.6776308558925,-0.905636335607905,287,2070.49877929688,30,28,50,2422,57,56,35,36,18.3782901763916,16,39,66,8181,93
36.6922140644427,-0.905636335607905,295,2063.72192382812,29,28,50,2376,51,54,35,36,18.3608837127686,6,-155,66,8580,94
36.7130472195145,-0.905636335607905,293,2071.3369140625,30,28,50,2326,39,50,34,36,18.3166007995605,5,100,83,8640,97
36.7172138505289,-0.905636335607905,287,2071.3369140625,30,28,50,2326,39,50,34,36,18.3166007995605,5,100,83,8640,97
36.7505468986437,-0.905636335607905,335,2056.66870117188,30,28,10,2189,48,54,34,37,18.3256416320801,8,25,81,8183,98
36.7713800537155,-0.905636335607905,336,2015.23950195312,34,29,10,2096,57,53,31,36,18.320556640625,8,-83,28,8010,99
36.7755466847299,-0.905636335607905,356,2015.23950195312,34,29,10,2096,57,53,31,36,18.320556640625,8,-83,28,8010,99
36.777630000237,-0.905636335607905,360,2003.56188964844,35,30,20,2080,40,52,26,39,18.3178825378418,10,-56,20,7316,99
36.800546470816,-0.905636335607905,775,1983.16796875,37,30,10,2049,38,54,26,37,18.3156414031982,6,114,39,6963,101
36.8047131018304,-0.905636335607905,801,1967.10705566406,40,30,20,2004,47,52,25,34,18.3229808807373,6,0,48,6639,101
36.8109630483519,-0.905636335607905,841,1951.03576660156,45,31,10,1985,41,56,23,32,18.3121471405029,1,-56,15,6546,101
36.8609626205242,-0.905636335607905,899,1873.91931152344,51,32,10,1863,34,53,22,27,18.1649513244629,2,-17,21,4981,104
36.8630459360314,-0.905636335607905,873,1873.91931152344,51,32,10,1863,34,53,22,27,18.1649513244629,2,-17,21,4981,104
36.8734625135672,-0.905636335607905,857,1851.34216308594,52,32,10,1846,33,53,21,27,18.1395168304443,3,5,45,4863,104
36.5984648666197,-0.907719689644379,543,1441.84948730469,33,29,60,2617,59,56,28,39,18.4918155670166,13,199,45,2144,93
36.6047148131412,-0.907719689644379,543,1704.5654296875,35,29,10,2637,44,56,30,36,18.4744777679443,5,171,51,2052,96
36.6505477542992,-0.907719689644379,413,2095.25244140625,33,29,10,2631,58,57,29,38,18.4391670227051,9,277,60,3962,100
36.6526310698063,-0.907719689644379,368,2106.95239257812,31,28,50,2550,56,56,32,37,18.4370403289795,6,38,70,5053,87
36.6817974869068,-0.907719689644379,278,2060.486328125,31,28,50,2423,51,54,34,35,18.3841285705566,8,56,84,7575,91
36.7630467916868,-0.907719689644379,339,2021.14025878906,33,29,10,2130,47,53,32,35,18.332633972168,3,22,85,7661,100
36.7963798398016,-0.907719689644379,639,1974.51647949219,39,30,10,2026,48,55,25,36,18.3296070098877,5,27,54,7200,100
36.8442960964667,-0.907719689644379,885,1876.8154296875,51,31,10,1888,33,55,24,25,18.2136096954346,9,-20,28,5643,106
36.8609626205242,-0.907719689644379,886,1873.02282714844,50,32,10,1882,38,55,23,27,18.1690406799316,7,135,22,4778,105
36.5692984495192,-0.909803043680853,837,1164.96716308594,43,30,62,2317,38,63,25,32,18.5234127044678,34,-349,24,3912,70
36.5859649735766,-0.909803043680853,591,1250.6884765625,38,30,62,2613,52,59,26,36,18.5009536743164,28,370,27,1466,78
36.5942982356053,-0.909803043680853,515,1441.84948730469,33,29,60,2617,59,56,28,39,18.4918155670166,13,199,45,2144,93
36.6109647596628,-0.909803043680853,458,1886.59533691406,35,29,10,2629,37,59,30,36,18.4643993377686,1,57,22,2398,105
36.6151313906771,-0.909803043680853,512,1886.59533691406,35,29,10,2629,37,59,30,36,18.4643993377686,1,57,22,2398,105
36.6588810163279,-0.909803043680853,302,2106.95239257812,31,28,50,2550,56,56,32,37,18.4370403289795,6,38,70,5053,87
36.6713809093709,-0.909803043680853,289,2072.83032226562,29,28,50,2445,62,55,34,37,18.401346206665,10,14,76,6844,89
36.6734642248781,-0.909803043680853,283,2072.83032226562,29,28,50,2445,62,55,34,37,18.401346206665,10,14,76,6844,89
36.6755475403853,-0.909803043680853,289,2072.83032226562,29,28,50,2445,62,55,34,37,18.401346206665,10,14,76,6844,89
36.683880802414,-0.909803043680853,293,2060.486328125,31,28,50,2423,51,54,34,35,18.3841285705566,8,56,84,7575,91
36.7172138505289,-0.909803043680853,287,2059.865234375,30,28,50,2299,43,52,34,36,18.3297271728516,7,-92,60,8651,97
36.719297166036,-0.909803043680853,284,2062.74731445312,31,28,50,2287,46,51,34,35,18.3385162353516,5,-10,60,8399,97
36.7359636900935,-0.909803043680853,295,2045.97680664062,30,28,10,2196,48,54,34,36,18.3422775268555,17,45,65,8636,97
36.7567968451653,-0.909803043680853,312,2026.13232421875,32,29,10,2160,51,55,32,36,18.3369598388672,6,30,72,7825,101
36.7838799467586,-0.909803043680853,372,1999.58264160156,34,30,10,2077,46,53,26,40,18.3265781402588,10,-88,46,7400,102
36.8047131018304,-0.909803043680853,793,1953.93933105469,42,31,10,1984,45,54,24,34,18.3318767547607,8,-129,49,7025,100
36.8130463638591,-0.909803043680853,855,1936.58178710938,48,31,10,1970,38,52,22,30,18.3137016296387,6,16,33,6699,101
36.835962834438,-0.909803043680853,847,1889.78210449219,51,31,10,1918,33,54,24,25,18.236930847168,3,10,51,5771,105
36.8422127809596,-0.909803043680853,879,1889.78210449219,51,31,10,1918,33,54,24,25,18.236930847168,3,10,51,5771,105
36.8484627274811,-0.909803043680853,893,1876.8154296875,51,31,10,1888,33,55,24,25,18.2136096954346,9,-20,28,5643,106
36.8567959895098,-0.909803043680853,891,1873.55676269531,50,31,10,1862,40,54,24,26,18.1911334991455,11,33,59,5636,105
36.8692958825529,-0.909803043680853,859,1865.9140625,51,31,10,1861,32,55,22,26,18.1478633880615,5,30,44,4579,107
36.8734625135672,-0.909803043680853,866,1865.9140625,51,31,10,1861,32,55,22,26,18.1478633880615,5,30,44,4579,107
36.5922149200982,-0.911886397717327,508,1250.6884765625,38,30,62,2613,52,59,26,36,18.5009536743164,28,370,27,1466,78
36.5942982356053,-0.911886397717327,520,1441.84948730469,33,29,60,2617,59,56,28,39,18.4918155670166,13,199,45,2144,93
36.5963815511125,-0.911886397717327,491,1441.84948730469,33,29,60,2617,59,56,28,39,18.4918155670166,13,199,45,2144,93
36.6380478612561,-0.911886397717327,487,2046.33386230469,35,29,10,2595,39,57,28,37,18.4532585144043,5,-80,18,3902,103
36.6713809093709,-0.911886397717327,297,2072.83032226562,29,28,50,2445,62,55,34,37,18.401346206665,10,14,76,6844,89
36.706797272993,-0.911886397717327,272,2055.64770507812,30,28,50,2302,44,51,34,37,18.3363189697266,6,-143,65,9224,96
36.7130472195145,-0.911886397717327,272,2059.865234375,30,28,50,2299,43,52,34,36,18.3297271728516,7,-92,60,8651,97
36.765130107194,-0.911886397717327,361,2021.14025878906,33,29,10,2130,47,53,32,35,18.332633972168,3,22,85,7661,100
36.7797133157442,-0.911886397717327,366,1999.58264160156,34,30,10,2077,46,53,26,40,18.3265781402588,10,-88,46,7400,102
36.8109630483519,-0.911886397717327,872,1936.58178710938,48,31,10,1970,38,52,22,30,18.3137016296387,6,16,33,6699,101
36.8255462569021,-0.911886397717327,899,1924.646484375,51,32,10,1948,43,53,23,27,18.2890281677246,7,20,63,6446,102
36.8297128879165,-0.911886397717327,876,1910.0537109375,50,31,10,1922,34,54,24,26,18.262243270874,9,-99,34,6040,102
36.858879305017,-0.911886397717327,890,1873.55676269531,50,31,10,1862,40,54,24,26,18.1911334991455,11,33,59,5636,105
36.8630459360314,-0.911886397717327,870,1873.02282714844,50,32,10,1882,38,55,23,27,18.1690406799316,7,135,22,4778,105
36.8963789841462,-0.911886397717327,521,1801.56262207031,50,31,10,1784,30,53,24,25,18.0670833587646,7,-231,21,4155,100
36.5817983425623,-0.913969751753802,609,1146.70532226562,42,30,60,2416,33,60,25,33,18.5133571624756,35,-281,26,3718,73
36.5942982356053,-0.913969751753802,531,1441.84948730469,33,29,60,2617,59,56,28,39,18.4918155670166,13,199,45,2144,93
36.6005481821269,-0.913969751753802,390,1441.84948730469,33,29,60,2617,59,56,28,39,18.4918155670166,13,199,45,2144,93
36.6463811232848,-0.913969751753802,445,2095.25244140625,33,29,10,2631,58,57,29,38,18.4391670227051,9,277,60,3962,100
36.6526310698063,-0.913969751753802,350,2106.95239257812,31,28,50,2550,56,56,32,37,18.4370403289795,6,38,70,5053,87
36.6963806954571,-0.913969751753802,302,2052.00244140625,30,28,40,2362,53,54,33,37,18.3519954681396,5,18,55,8986,95
36.7026306419786,-0.913969751753802,286,2055.64770507812,30,28,50,2302,44,51,34,37,18.3363189697266,6,-143,65,9224,96
36.706797272993,-0.913969751753802,280,2055.64770507812,30,28,50,2302,44,51,34,37,18.3363189697266,6,-143,65,9224,96
36.765130107194,-0.913969751753802,386,2021.14025878906,33,29,10,2130,47,53,32,35,18.332633972168,3,22,85,7661,100
36.7713800537155,-0.913969751753802,377,2010.5458984375,34,30,10,2097,45,51,29,37,18.329833984375,5,-21,27,7636,99
36.7901298932801,-0.913969751753802,390,1989.58666992188,36,30,10,2052,36,54,26,39,18.3242816925049,3,37,34,7264,100
36.8130463638591,-0.913969751753802,832,1936.58178710938,48,31,10,1970,38,52,22,30,18.3137016296387,6,16,33,6699,101
36.8255462569021,-0.913969751753802,888,1924.646484375,51,32,10,1948,43,53,23,27,18.2890281677246,7,20,63,6446,102
36.8276295724093,-0.913969751753802,874,1910.0537109375,50,31,10,1922,34,54,24,26,18.262243270874,9,-99,34,6040,102
36.8651292515385,-0.913969751753802,895,1873.02282714844,50,32,10,1882,38,55,23,27,18.1690406799316,7,135,22,4778,105
36.8692958825529,-0.913969751753802,852,1865.9140625,51,31,10,1861,32,55,22,26,18.1478633880615,5,30,44,4579,107
36.8838790911031,-0.913969751753802,447,1845.35888671875,52,31,10,1831,42,54,23,26,18.1215419769287,9,74,60,4580,104
36.5755483960407,-0.916053105790276,769,981.539611816406,45,30,10,2196,30,62,25,30,18.5824604034424,12,-318,17,4597,74
36.5880482890838,-0.916053105790276,544,994.124328613281,42,30,60,2455,38,61,25,32,18.5178718566895,38,226,15,2843,78
36.590131604591,-0.916053105790276,529,994.124328613281,42,30,60,2455,38,61,25,32,18.5178718566895,38,226,15,2843,78
36.6026314976341,-0.916053105790276,358,1560.85888671875,36,29,61,2611,30,56,32,33,18.4932460784912,2,290,72,1857,93
36.6755475403853,-0.916053105790276,332,2058.07861328125,29,28,50,2454,60,56,34,37,18.4069671630859,7,52,61,6640,87
36.7172138505289,-0.916053105790276,290,2053.0048828125,30,28,50,2291,43,53,34,36,18.340274810791,4,43,61,8411,97
36.7463802676294,-0.916053105790276,306,2014.34936523438,32,29,10,2122,45,52,31,37,18.3564224243164,5,-46,47,8386,99
36.7942965242945,-0.916053105790276,402,1968.92297363281,40,30,10,2013,37,54,24,35,18.3409175872803,4,4,56,7095,101
36.8088797328447,-0.916053105790276,803,1948.36022949219,44,31,10,1993,41,54,23,33,18.3389072418213,5,3,35,6659,101
36.8422127809596,-0.916053105790276,867,1871.2939453125,51,31,10,1873,36,54,24,26,18.2349815368652,2,-116,38,6093,103
36.8609626205242,-0.916053105790276,880,1857.82604980469,51,31,10,1840,32,55,24,25,18.1700534820557,3,-115,39,5173,104
36.5942982356053,-0.91813645982675,546,1205.49975585938,37,29,62,2443,29,56,30,33,18.499231338501,46,-709,45,4000,84
36.6067981286484,-0.91813645982675,367,1560.85888671875,36,29,61,2611,30,56,32,33,18.4932460784912,2,290,72,1857,93
36.6422144922704,-0.91813645982675,446,2053.306640625,33,29,10,2579,58,59,31,36,18.4673023223877,8,-68,23,3683,104
36.6505477542992,-0.91813645982675,329,2092.30419921875,32,28,10,2581,63,55,32,36,18.4580745697021,9,93,70,3764,96
36.7484635831365,-0.91813645982675,342,2014.34936523438,32,29,10,2122,45,52,31,37,18.3564224243164,5,-46,47,8386,99
36.765130107194,-0.91813645982675,367,2007.91760253906,35,30,10,2113,39,52,27,38,18.3439178466797,7,42,51,7738,101
36.8026297863232,-0.91813645982675,784,1948.36022949219,44,31,10,1993,41,54,23,33,18.3389072418213,5,3,35,6659,101
36.8172129948734,-0.91813645982675,860,1930.28747558594,48,31,10,1932,38,52,23,29,18.314151763916,5,-140,53,6873,101
36.8609626205242,-0.91813645982675,903,1857.82604980469,51,31,10,1840,32,55,24,25,18.1700534820557,3,-115,39,5173,104
36.8734625135672,-0.91813645982675,810,1855.48828125,51,31,10,1849,30,56,23,26,18.1483421325684,8,70,26,4736,104
36.8755458290744,-0.91813645982675,625,1855.48828125,51,31,10,1849,30,56,23,26,18.1483421325684,8,70,26,4736,104
36.9088788771893,-0.91813645982675,510,1802.2275390625,52,31,10,1769,30,55,25,24,18.0554695129395,15,17,27,3834,97
36.5984648666197,-0.920219813863224,454,1205.49975585938,37,29,62,2443,29,56,30,33,18.499231338501,46,-709,45,4000,84
36.6088814441556,-0.920219813863224,359,1560.85888671875,36,29,61,2611,30,56,32,33,18.4932460784912,2,290,72,1857,93
36.6109647596628,-0.920219813863224,365,1838.30322265625,34,28,10,2618,44,59,33,33,18.4813823699951,2,55,44,1995,105
36.6130480751699,-0.920219813863224,393,1838.30322265625,34,28,10,2618,44,59,33,33,18.4813823699951,2,55,44,1995,105
36.6213813371987,-0.920219813863224,438,1954.97326660156,34,29,40,2630,47,58,30,35,18.47145652771,1,81,87,2303,107
36.648464438792,-0.920219813863224,331,2092.30419921875,32,28,10,2581,63,55,32,36,18.4580745697021,9,93,70,3764,96
36.6776308558925,-0.920219813863224,288,2045.72131347656,30,27,50,2412,57,55,35,35,18.3898677825928,4,8,70,7592,89
36.6859641179212,-0.920219813863224,293,2038.62512207031,30,28,50,2356,50,54,35,35,18.3732643127441,3,-73,67,8470,92
36.6880474334284,-0.920219813863224,310,2038.62512207031,30,28,50,2356,50,54,35,35,18.3732643127441,3,-73,67,8470,92
36.7088805885002,-0.920219813863224,291,2047.61181640625,30,28,50,2330,45,52,33,37,18.3445377349854,6,23,79,8535,98
36.7151305350217,-0.920219813863224,284,2053.0048828125,30,28,50,2291,43,53,34,36,18.340274810791,4,43,61,8411,97
36.7672134227011,-0.920219813863224,339,2007.91760253906,35,30,10,2113,39,52,27,38,18.3439178466797,7,42,51,7738,101
36.8047131018304,-0.920219813863224,768,1948.36022949219,44,31,10,1993,41,54,23,33,18.3389072418213,5,3,35,6659,101
36.8088797328447,-0.920219813863224,810,1948.36022949219,44,31,10,1993,41,54,23,33,18.3389072418213,5,3,35,6659,101
36.8109630483519,-0.920219813863224,819,1930.28747558594,48,31,10,1932,38,52,23,29,18.314151763916,5,-140,53,6873,101
36.823462941395,-0.920219813863224,864,1915.07385253906,51,32,10,1957,40,55,24,26,18.2871227264404,4,39,35,6306,102
36.8317962034237,-0.920219813863224,885,1895.30114746094,52,31,10,1916,42,54,24,25,18.2634792327881,7,59,30,6239,103
36.8338795189309,-0.920219813863224,887,1895.30114746094,52,31,10,1916,42,54,24,25,18.2634792327881,7,59,30,6239,103
36.8651292515385,-0.920219813863224,906,1857.82604980469,51,31,10,1840,32,55,24,25,18.1700534820557,3,-115,39,5173,104
36.6192980216915,-0.922303167899698,397,1954.97326660156,34,29,40,2630,47,58,30,35,18.47145652771,1,81,87,2303,107
36.6276312837202,-0.922303167899698,426,2004.34399414062,34,29,10,2607,44,58,31,36,18.4692707061768,3,7,80,2904,103
36.6359645457489,-0.922303167899698,388,2053.306640625,33,29,10,2579,58,59,31,36,18.4673023223877,8,-68,23,3683,104
36.6713809093709,-0.922303167899698,273,2058.07861328125,29,28,50,2454,60,56,34,37,18.4069671630859,7,52,61,6640,87
36.7130472195145,-0.922303167899698,294,2053.0048828125,30,28,50,2291,43,53,34,36,18.340274810791,4,43,61,8411,97
36.742213636615,-0.922303167899698,353,2034.20703125,30,28,10,2163,53,53,33,37,18.3571395874023,9,-165,53,8020,98
36.7547135296581,-0.922303167899698,382,2009.04699707031,34,30,20,2158,53,52,30,37,18.3508224487305,6,58,59,7623,100
36.7630467916868,-0.922303167899698,353,2007.91760253906,35,30,10,2113,39,52,27,38,18.3439178466797,7,42,51,7738,101
36.7672134227011,-0.922303167899698,376,2007.91760253906,35,30,10,2113,39,52,27,38,18.3439178466797,7,42,51,7738,101
36.7963798398016,-0.922303167899698,617,1968.92297363281,40,30,10,2013,37,54,24,35,18.3409175872803,4,4,56,7095,101
36.8297128879165,-0.922303167899698,887,1895.30114746094,52,31,10,1916,42,54,24,25,18.2634792327881,7,59,30,6239,103
36.8401294654524,-0.922303167899698,902,1871.2939453125,51,31,10,1873,36,54,24,26,18.2349815368652,2,-116,38,6093,103
36.5609651874905,-0.924386521936173,931,964.403259277344,43,30,10,2089,20,63,27,30,18.6462364196777,16,-225,3,5067,74
36.5942982356053,-0.924386521936173,526,1076.74450683594,40,29,30,2433,29,57,29,31,18.5186824798584,37,-116,39,3189,70
36.6172147061843,-0.924386521936173,361,1761.03369140625,36,28,10,2615,33,55,33,32,18.4987831115723,2,199,40,1590,103
36.6526310698063,-0.924386521936173,294,2079.5400390625,30,28,50,2484,61,55,34,36,18.4477233886719,14,-53,70,4713,90
36.6672142783566,-0.924386521936173,285,2054.48046875,30,28,50,2450,59,54,34,36,18.4281349182129,1,-98,81,5770,88
36.6880474334284,-0.924386521936173,299,2026.21240234375,30,27,10,2353,54,54,35,35,18.3798599243164,4,-8,63,8236,92
36.765130107194,-0.924386521936173,380,1993.509765625,35,30,10,2120,42,52,27,38,18.3567924499512,6,20,28,7410,102
36.7901298932801,-0.924386521936173,389,1976.29931640625,40,30,10,2038,37,54,24,36,18.3484115600586,8,20,62,7016,102
36.8401294654524,-0.924386521936173,882,1857.28820800781,50,31,10,1895,34,55,26,24,18.235050201416,7,97,41,5784,103
36.8422127809596,-0.924386521936173,863,1857.28820800781,50,31,10,1895,34,55,26,24,18.235050201416,7,97,41,5784,103
36.8463794119739,-0.924386521936173,878,1838.28967285156,50,31,10,1857,33,54,25,25,18.2129878997803,10,-18,47,5840,104
36.8880457221175,-0.924386521936173,465,1823.09790039062,54,31,60,1801,31,56,22,25,18.101110458374,3,15,36,4222,104
36.9005456151606,-0.924386521936173,516,1823.05090332031,52,31,60,1796,29,57,24,24,18.0820808410645,5,30,20,3695,108
36.6192980216915,-0.926469875972647,375,1922.26843261719,34,29,120,2607,42,55,31,35,18.4905261993408,5,40,89,1969,102
36.6630476473422,-0.926469875972647,292,2054.48046875,30,28,50,2450,59,54,34,36,18.4281349182129,1,-98,81,5770,88
36.7401303211078,-0.926469875972647,343,2036.43811035156,29,28,20,2187,47,52,34,37,18.3640422821045,10,-9,27,7943,97
36.7484635831365,-0.926469875972647,389,2013.15002441406,31,29,10,2158,39,54,32,37,18.3661251068115,11,-85,27,7972,100
36.765130107194,-0.926469875972647,378,1993.509765625,35,30,10,2120,42,52,27,38,18.3567924499512,6,20,28,7410,102
36.823462941395,-0.926469875972647,848,1913.85705566406,51,31,10,1952,38,53,23,26,18.2939796447754,8,16,17,6046,102
36.8630459360314,-0.926469875972647,856,1838.59790039062,51,31,10,1842,31,58,24,25,18.1713047027588,3,14,24,4797,105
36.8651292515385,-0.926469875972647,858,1838.59790039062,51,31,10,1842,31,58,24,25,18.1713047027588,3,14,24,4797,105
36.8838790911031,-0.926469875972647,486,1830.4599609375,53,31,10,1832,34,55,22,26,18.1251258850098,6,57,18,4422,105
36.5963815511125,-0.928553230009121,495,1076.74450683594,40,29,30,2433,29,57,29,31,18.5186824798584,37,-116,39,3189,70
36.6151313906771,-0.928553230009121,355,1761.03369140625,36,28,10,2615,33,55,33,32,18.4987831115723,2,199,40,1590,103
36.6463811232848,-0.928553230009121,316,2086.6337890625,30,28,10,2589,67,55,33,37,18.4639091491699,9,225,74,3397,94
36.6776308558925,-0.928553230009121,273,2030.88537597656,30,27,50,2374,51,55,35,35,18.3962726593018,2,-61,75,7428,89
36.7047139574858,-0.928553230009121,290,2036.75341796875,30,28,50,2327,50,51,34,36,18.3541889190674,4,96,91,8422,95
36.7442969521222,-0.928553230009121,368,2013.15002441406,31,29,10,2158,39,54,32,37,18.3661251068115,11,-85,27,7972,100
36.7463802676294,-0.928553230009121,374,2013.15002441406,31,29,10,2158,39,54,32,37,18.3661251068115,11,-85,27,7972,100
36.7505468986437,-0.928553230009121,394,2013.15002441406,31,29,10,2158,39,54,32,37,18.3661251068115,11,-85,27,7972,100
36.7797133157442,-0.928553230009121,353,1984.43225097656,36,30,10,2048,37,54,26,38,18.3476333618164,8,-44,21,7081,101
36.835962834438,-0.928553230009121,868,1857.28820800781,50,31,10,1895,34,55,26,24,18.235050201416,7,97,41,5784,103
36.8463794119739,-0.928553230009121,859,1838.28967285156,50,31,10,1857,33,54,25,25,18.2129878997803,10,-18,47,5840,104
36.8609626205242,-0.928553230009121,847,1838.59790039062,51,31,10,1842,31,58,24,25,18.1713047027588,3,14,24,4797,105
36.8734625135672,-0.928553230009121,458,1838.66345214844,52,31,10,1820,30,55,23,25,18.148946762085,6,-16,25,4889,105
36.8776291445816,-0.928553230009121,459,1830.4599609375,53,31,10,1832,34,55,22,26,18.1251258850098,6,57,18,4422,105
36.8797124600888,-0.928553230009121,479,1830.4599609375,53,31,10,1832,34,55,22,26,18.1251258850098,6,57,18,4422,105
36.5713817650264,-0.930636584045595,825,878.862731933594,44,30,10,2099,19,63,27,29,18.6266326904297,6,-133,0,5343,78
36.6005481821269,-0.930636584045595,425,1076.74450683594,40,29,30,2433,29,57,29,31,18.5186824798584,37,-116,39,3189,70
36.6192980216915,-0.930636584045595,377,1922.26843261719,34,29,120,2607,42,55,31,35,18.4905261993408,5,40,89,1969,102
36.6380478612561,-0.930636584045595,301,2054.28735351562,31,28,10,2602,54,59,32,36,18.4755744934082,7,70,71,2955,101
36.6442978077776,-0.930636584045595,294,2086.6337890625,30,28,10,2589,67,55,33,37,18.4639091491699,9,225,74,3397,94
36.660964331835,-0.930636584045595,292,2054.48046875,30,28,50,2450,59,54,34,36,18.4281349182129,1,-98,81,5770,88
36.6692975938638,-0.930636584045595,284,2038.01354980469,30,28,50,2406,57,55,34,37,18.4124526977539,5,-40,72,6756,88
36.7026306419786,-0.930636584045595,299,2036.75341796875,30,28,50,2327,50,51,34,36,18.3541889190674,4,96,91,8422,95
36.7047139574858,-0.930636584045595,305,2036.75341796875,30,28,50,2327,50,51,34,36,18.3541889190674,4,96,91,8422,95
36.777630000237,-0.930636584045595,362,1984.43225097656,36,30,10,2048,37,54,26,38,18.3476333618164,8,-44,21,7081,101
36.7838799467586,-0.930636584045595,339,1984.43225097656,36,30,10,2048,37,54,26,38,18.3476333618164,8,-44,21,7081,101
36.8609626205242,-0.930636584045595,854,1838.59790039062,51,31,10,1842,31,58,24,25,18.1713047027588,3,14,24,4797,105
36.8859624066103,-0.930636584045595,473,1823.09790039062,54,31,60,1801,31,56,22,25,18.101110458374,3,15,36,4222,104
36.9026289306677,-0.930636584045595,524,1815.15209960938,53,31,60,1784,25,57,22,24,18.0595455169678,6,137,32,3378,105
36.917212139218,-0.930636584045595,563,1795.0361328125,53,32,62,1697,23,57,21,25,18.0296478271484,11,-190,30,3901,98
36.5817983425623,-0.932719938082069,723,806.450317382812,44,29,10,2066,22,62,27,29,18.6366920471191,7,-94,5,5473,84
36.6067981286484,-0.932719938082069,366,1285.46899414062,39,29,40,2558,30,56,32,30,18.5176277160645,8,540,70,1253,80
36.6172147061843,-0.932719938082069,347,1619.21264648438,37,29,10,2573,44,58,32,31,18.509069442749,6,235,30,1397,90
36.6672142783566,-0.932719938082069,303,2028.4287109375,30,28,50,2385,49,53,34,36,18.4320278167725,12,-253,93,5928,86
36.6880474334284,-0.932719938082069,296,2015.86303710938,29,28,50,2346,52,53,35,36,18.3869209289551,3,41,72,7940,91
36.6922140644427,-0.932719938082069,300,2015.86303710938,29,28,50,2346,52,53,35,36,18.3869209289551,3,41,72,7940,91
36.7005473264714,-0.932719938082069,292,2017.8994140625,30,28,50,2307,48,53,34,35,18.3729286193848,2,-85,78,8446,92
36.7213804815432,-0.932719938082069,290,2048.63330078125,30,28,50,2250,42,50,35,36,18.3717594146729,4,0,91,7942,96
36.7547135296581,-0.932719938082069,372,1994.90380859375,33,29,10,2101,36,54,30,37,18.3729953765869,7,-113,42,7645,100
36.7588801606724,-0.932719938082069,392,1994.90380859375,33,29,10,2101,36,54,30,37,18.3729953765869,7,-113,42,7645,100
36.7922132087873,-0.932719938082069,393,1970.87878417969,41,30,10,2022,39,51,24,35,18.3563919067383,5,-38,49,6960,101
36.7942965242945,-0.932719938082069,503,1954.51623535156,44,31,10,1966,36,54,24,33,18.3679370880127,10,-119,55,7012,99
36.8047131018304,-0.932719938082069,826,1939.45263671875,47,31,20,1975,43,54,24,30,18.3501319885254,11,-38,47,6430,100
36.8213796258878,-0.932719938082069,846,1911.65368652344,52,32,20,1935,36,52,22,25,18.2991104125977,6,52,60,6066,103
36.835962834438,-0.932719938082069,865,1849.73986816406,51,31,10,1881,37,53,24,25,18.2398796081543,12,46,20,6153,104
36.8609626205242,-0.932719938082069,848,1822.91271972656,52,31,10,1837,30,55,23,25,18.1741199493408,5,38,17,4932,106
36.8651292515385,-0.932719938082069,448,1822.91271972656,52,31,10,1837,30,55,23,25,18.1741199493408,5,38,17,4932,106
36.8672125670457,-0.932719938082069,448,1822.91271972656,52,31,10,1837,30,55,23,25,18.1741199493408,5,38,17,4932,106
36.881795775596,-0.932719938082069,477,1825.353515625,53,31,62,1814,29,56,22,25,18.1305160522461,3,5,25,4262,106
36.8838790911031,-0.932719938082069,467,1825.353515625,53,31,62,1814,29,56,22,25,18.1305160522461,3,5,25,4262,106
36.9047122461749,-0.932719938082069,517,1817.75231933594,55,32,10,1759,23,56,21,24,18.0632266998291,6,50,44,3631,104
36.9213787702324,-0.932719938082069,548,1773.11657714844,53,31,10,1685,23,56,23,24,18.0110683441162,11,-12,46,3744,99
36.590131604591,-0.934803292118544,511,834.993957519531,47,30,30,2173,24,60,24,30,18.5970935821533,24,-186,54,5157,78
36.5922149200982,-0.934803292118544,451,834.993957519531,47,30,30,2173,24,60,24,30,18.5970935821533,24,-186,54,5157,78
36.648464438792,-0.934803292118544,298,2070.73583984375,30,28,10,2565,63,56,34,37,18.472318649292,23,250,57,2799,86
36.660964331835,-0.934803292118544,302,2028.4287109375,30,28,50,2385,49,53,34,36,18.4320278167725,12,-253,93,5928,86
36.6776308558925,-0.934803292118544,295,2014.1728515625,30,28,50,2380,61,54,35,35,18.4024028778076,3,58,60,6903,91
36.6797141713997,-0.934803292118544,295,2014.1728515625,30,28,50,2380,61,54,35,35,18.4024028778076,3,58,60,6903,91
36.6880474334284,-0.934803292118544,305,2015.86303710938,29,28,50,2346,52,53,35,36,18.3869209289551,3,41,72,7940,91
36.6901307489355,-0.934803292118544,311,2015.86303710938,29,28,50,2346,52,53,35,36,18.3869209289551,3,41,72,7940,91
36.6963806954571,-0.934803292118544,300,2017.8994140625,30,28,50,2307,48,53,34,35,18.3729286193848,2,-85,78,8446,92
36.7088805885002,-0.934803292118544,286,2025.40991210938,30,28,50,2285,51,51,35,36,18.3695297241211,5,-68,77,8419,93
36.7151305350217,-0.934803292118544,284,2037.498046875,31,28,50,2277,44,52,34,36,18.3709697723389,3,48,82,8071,96
36.7213804815432,-0.934803292118544,291,2048.63330078125,30,28,50,2250,42,50,35,36,18.3717594146729,4,0,91,7942,96
36.7380470056006,-0.934803292118544,325,2039.28137207031,30,28,10,2203,56,53,35,36,18.3706932067871,6,129,70,7407,96
36.742213636615,-0.934803292118544,317,2039.28137207031,30,28,10,2203,56,53,35,36,18.3706932067871,6,129,70,7407,96
36.777630000237,-0.934803292118544,414,1977.20434570312,38,30,10,2052,43,54,25,37,18.3558254241943,3,33,35,6722,110
36.7797133157442,-0.934803292118544,442,1977.20434570312,38,30,10,2052,43,54,25,37,18.3558254241943,3,33,35,6722,110
36.800546470816,-0.934803292118544,792,1954.51623535156,44,31,10,1966,36,54,24,33,18.3679370880127,10,-119,55,7012,99
36.823462941395,-0.934803292118544,868,1911.65368652344,52,32,20,1935,36,52,22,25,18.2991104125977,6,52,60,6066,103
36.8297128879165,-0.934803292118544,876,1883.65307617188,51,31,10,1910,30,55,25,24,18.2675323486328,5,4,25,5997,103
36.835962834438,-0.934803292118544,877,1849.73986816406,51,31,10,1881,37,53,24,25,18.2398796081543,12,46,20,6153,104
36.8547126740026,-0.934803292118544,896,1816.17150878906,50,31,10,1854,31,55,25,25,18.1934280395508,3,36,26,5443,106
36.8859624066103,-0.934803292118544,499,1821.99914550781,53,31,10,1767,30,55,22,25,18.1065883636475,11,-59,18,4321,105
36.5797150270551,-0.936886646155018,790,806.450317382812,44,29,10,2066,22,62,27,29,18.6366920471191,7,-94,5,5473,84
36.6109647596628,-0.936886646155018,381,1619.21264648438,37,29,10,2573,44,58,32,31,18.509069442749,6,235,30,1397,90
36.6172147061843,-0.936886646155018,372,1619.21264648438,37,29,10,2573,44,58,32,31,18.509069442749,6,235,30,1397,90
36.6297145992274,-0.936886646155018,349,1966.76586914062,33,28,40,2577,37,57,32,35,18.4967880249023,3,9,95,2082,100
36.6359645457489,-0.936886646155018,332,2040.04626464844,32,29,10,2592,64,59,32,37,18.4872303009033,9,99,22,2526,97
36.6401311767633,-0.936886646155018,382,2040.04626464844,32,29,10,2592,64,59,32,37,18.4872303009033,9,99,22,2526,97
36.6672142783566,-0.936886646155018,303,2028.4287109375,30,28,50,2385,49,53,34,36,18.4320278167725,12,-253,93,5928,86
36.6692975938638,-0.936886646155018,299,2013.84912109375,31,28,50,2415,60,53,34,35,18.4170703887939,8,113,73,6235,90
36.6713809093709,-0.936886646155018,295,2013.84912109375,31,28,50,2415,60,53,34,35,18.4170703887939,8,113,73,6235,90
36.6755475403853,-0.936886646155018,296,2013.84912109375,31,28,50,2415,60,53,34,35,18.4170703887939,8,113,73,6235,90
36.742213636615,-0.936886646155018,313,2039.28137207031,30,28,10,2203,56,53,35,36,18.3706932067871,6,129,70,7407,96
36.7588801606724,-0.936886646155018,391,1994.90380859375,33,29,10,2101,36,54,30,37,18.3729953765869,7,-113,42,7645,100
36.7797133157442,-0.936886646155018,443,1977.20434570312,38,30,10,2052,43,54,25,37,18.3558254241943,3,33,35,6722,110
36.7838799467586,-0.936886646155018,358,1977.20434570312,38,30,10,2052,43,54,25,37,18.3558254241943,3,33,35,6722,110
36.8088797328447,-0.936886646155018,785,1939.45263671875,47,31,20,1975,43,54,24,30,18.3501319885254,11,-38,47,6430,100
36.8401294654524,-0.936886646155018,852,1849.73986816406,51,31,10,1881,37,53,24,25,18.2398796081543,12,46,20,6153,104
36.8859624066103,-0.936886646155018,504,1821.99914550781,53,31,10,1767,30,55,22,25,18.1065883636475,11,-59,18,4321,105
36.9005456151606,-0.936886646155018,555,1822.9814453125,53,31,10,1761,30,57,22,25,18.0833187103271,6,-122,33,3966,105
36.917212139218,-0.936886646155018,562,1797.57788085938,54,31,60,1750,24,57,22,24,18.0366401672363,5,-12,16,3316,104
36.9255454012467,-0.936886646155018,509,1773.11657714844,53,31,10,1685,23,56,23,24,18.0110683441162,11,-12,46,3744,99
36.5776317115479,-0.938970000191492,768,806.450317382812,44,29,10,2066,22,62,27,29,18.6366920471191,7,-94,5,5473,84
36.6026314976341,-0.938970000191492,444,1285.46899414062,39,29,40,2558,30,56,32,30,18.5176277160645,8,540,70,1253,80
36.6526310698063,-0.938970000191492,309,2057.29931640625,30,28,50,2515,67,55,34,36,18.4520893096924,15,192,72,3934,81
36.6942973799499,-0.938970000191492,307,2017.8994140625,30,28,50,2307,48,53,34,35,18.3729286193848,2,-85,78,8446,92
36.7172138505289,-0.938970000191492,305,2037.498046875,31,28,50,2277,44,52,34,36,18.3709697723389,3,48,82,8071,96
36.7297137435719,-0.938970000191492,325,2051.716796875,29,28,50,2240,49,51,35,36,18.3696136474609,10,118,78,7663,97
36.7317970590791,-0.938970000191492,330,2051.716796875,29,28,50,2240,49,51,35,36,18.3696136474609,10,118,78,7663,97
36.7526302141509,-0.938970000191492,389,1994.90380859375,33,29,10,2101,36,54,30,37,18.3729953765869,7,-113,42,7645,100
36.7880465777729,-0.938970000191492,384,1970.87878417969,41,30,10,2022,39,51,24,35,18.3563919067383,5,-38,49,6960,101
36.7963798398016,-0.938970000191492,880,1954.51623535156,44,31,10,1966,36,54,24,33,18.3679370880127,10,-119,55,7012,99
36.8380461499452,-0.938970000191492,876,1849.73986816406,51,31,10,1881,37,53,24,25,18.2398796081543,12,46,20,6153,104
36.8401294654524,-0.938970000191492,865,1849.73986816406,51,31,10,1881,37,53,24,25,18.2398796081543,12,46,20,6153,104
36.8484627274811,-0.938970000191492,900,1822.91809082031,51,30,10,1839,38,52,24,25,18.2134532928467,10,-134,43,5598,104
36.8547126740026,-0.938970000191492,829,1816.17150878906,50,31,10,1854,31,55,25,25,18.1934280395508,3,36,26,5443,106
36.8880457221175,-0.938970000191492,517,1821.99914550781,53,31,10,1767,30,55,22,25,18.1065883636475,11,-59,18,4321,105
36.894295668639,-0.938970000191492,512,1822.9814453125,53,31,10,1761,30,57,22,25,18.0833187103271,6,-122,33,3966,105
36.9297120322611,-0.938970000191492,522,1749.2265625,53,31,60,1696,25,55,23,24,17.9842643737793,9,-171,37,2806,98
36.5713817650264,-0.941053354227966,869,803.075927734375,42,29,10,2005,20,65,30,29,18.6731147766113,22,168,9,5131,84
36.5755483960407,-0.941053354227966,754,803.075927734375,42,29,10,2005,20,65,30,29,18.6731147766113,22,168,9,5131,84
36.5922149200982,-0.941053354227966,480,803.384216308594,47,30,62,2072,30,62,24,29,18.6378326416016,15,-270,51,5214,77
36.5984648666197,-0.941053354227966,470,894.684692382812,45,30,10,2213,27,60,25,30,18.5793590545654,16,-206,9,4121,72
36.6130480751699,-0.941053354227966,400,1420.41467285156,38,29,60,2497,35,59,30,33,18.5098915100098,13,218,34,1386,85
36.6172147061843,-0.941053354227966,410,1420.41467285156,38,29,60,2497,35,59,30,33,18.5098915100098,13,218,34,1386,85
36.6234646527058,-0.941053354227966,437,1712.65881347656,36,29,10,2552,34,61,30,35,18.5067901611328,1,186,14,1094,93
36.6317979147345,-0.941053354227966,443,1904.81860351562,33,28,60,2550,39,57,31,36,18.4994373321533,4,31,91,1654,96
36.6401311767633,-0.941053354227966,402,2007.54138183594,34,29,10,2558,64,58,31,35,18.4898452758789,4,37,88,2339,92
36.6505477542992,-0.941053354227966,357,2047.36987304688,32,29,10,2494,78,59,34,34,18.4760265350342,11,-33,49,3016,82
36.6547143853135,-0.941053354227966,323,2037.07897949219,30,28,10,2445,59,55,34,36,18.4559459686279,4,-121,52,4511,81
36.6588810163279,-0.941053354227966,322,2037.07897949219,30,28,10,2445,59,55,34,36,18.4559459686279,4,-121,52,4511,81
36.7088805885002,-0.941053354227966,286,2016.01086425781,30,28,50,2284,48,53,34,36,18.385871887207,4,2,69,8068,93
36.7380470056006,-0.941053354227966,304,2028.70629882812,30,28,10,2181,58,51,34,36,18.3833637237549,9,118,57,7522,96
36.7526302141509,-0.941053354227966,368,1987.22570800781,34,29,10,2106,50,52,29,37,18.3846321105957,7,-46,41,7303,99
36.7630467916868,-0.941053354227966,393,1975.34753417969,36,30,10,2092,44,52,26,38,18.3778419494629,2,104,36,7473,104
36.8109630483519,-0.941053354227966,821,1925.63488769531,51,32,10,1932,34,54,23,26,18.3295593261719,4,-28,37,6601,100
36.8380461499452,-0.941053354227966,890,1848.54272460938,52,31,10,1861,47,53,24,24,18.242374420166,5,-32,41,5744,103
36.8422127809596,-0.941053354227966,878,1848.54272460938,52,31,10,1861,47,53,24,24,18.242374420166,5,-32,41,5744,103
36.8630459360314,-0.941053354227966,478,1813.39538574219,51,31,10,1838,29,56,24,25,18.1768169403076,7,-52,19,4897,106
36.8692958825529,-0.941053354227966,459,1823.36596679688,51,31,62,1824,27,56,24,25,18.1574039459229,3,42,26,4704,107
36.8755458290744,-0.941053354227966,465,1823.36596679688,51,31,62,1824,27,56,24,25,18.1574039459229,3,42,26,4704,107
36.881795775596,-0.941053354227966,511,1825.81579589844,53,31,60,1812,29,56,23,25,18.1349582672119,4,-3,41,4222,109
36.8922123531319,-0.941053354227966,523,1825.81982421875,55,31,10,1804,28,55,21,24,18.114709854126,5,92,47,4170,107
36.9192954547252,-0.941053354227966,529,1768.38720703125,55,32,10,1729,27,56,22,24,18.0141181945801,5,23,52,3149,102
36.5776317115479,-0.94313670826444,809,784.882202148438,44,29,62,2043,25,65,27,28,18.6740550994873,7,116,7,5189,82
36.6005481821269,-0.94313670826444,494,894.684692382812,45,30,10,2213,27,60,25,30,18.5793590545654,16,-206,9,4121,72
36.6109647596628,-0.94313670826444,433,1420.41467285156,38,29,60,2497,35,59,30,33,18.5098915100098,13,218,34,1386,85
36.6422144922704,-0.94313670826444,404,2007.54138183594,34,29,10,2558,64,58,31,35,18.4898452758789,4,37,88,2339,92
36.6505477542992,-0.94313670826444,400,2047.36987304688,32,29,10,2494,78,59,34,34,18.4760265350342,11,-33,49,3016,82
36.6526310698063,-0.94313670826444,348,2037.07897949219,30,28,10,2445,59,55,34,36,18.4559459686279,4,-121,52,4511,81
36.6963806954571,-0.94313670826444,311,2009.00805664062,30,28,50,2323,53,51,35,35,18.3827724456787,4,41,87,8114,94
36.719297166036,-0.94313670826444,324,2033.40673828125,30,28,50,2253,55,52,33,37,18.3862724304199,7,70,69,7564,94
36.7442969521222,-0.94313670826444,334,2008.64013671875,33,29,10,2112,41,53,31,36,18.3855209350586,5,-110,38,7562,97
36.777630000237,-0.94313670826444,375,1966.51025390625,40,30,10,2071,39,54,24,35,18.3706245422363,3,136,38,6604,102
36.7859632622658,-0.94313670826444,424,1962.51794433594,42,30,10,2045,40,54,24,34,18.3685283660889,6,160,16,6424,102
36.7942965242945,-0.94313670826444,851,1952.56225585938,44,31,10,2011,39,52,24,31,18.3767471313477,5,48,26,6375,100
36.823462941395,-0.94313670826444,854,1907.14001464844,52,31,10,1938,39,53,23,25,18.299768447876,6,23,24,5879,101
36.9297120322611,-0.94313670826444,515,1741.85607910156,54,32,10,1707,30,56,23,23,17.9888381958008,6,95,24,3013,100
36.5817983425623,-0.945220062300915,787,784.882202148438,44,29,62,2043,25,65,27,28,18.6740550994873,7,116,7,5189,82
36.5984648666197,-0.945220062300915,481,894.684692382812,45,30,10,2213,27,60,25,30,18.5793590545654,16,-206,9,4121,72
36.6005481821269,-0.945220062300915,483,894.684692382812,45,30,10,2213,27,60,25,30,18.5793590545654,16,-206,9,4121,72
36.6463811232848,-0.945220062300915,424,2047.36987304688,32,29,10,2494,78,59,34,34,18.4760265350342,11,-33,49,3016,82
36.6567977008207,-0.945220062300915,348,2037.07897949219,30,28,10,2445,59,55,34,36,18.4559459686279,4,-121,52,4511,81
36.6630476473422,-0.945220062300915,302,2008.8974609375,29,28,50,2395,53,55,34,36,18.4372043609619,3,-87,88,5456,85
36.6755475403853,-0.945220062300915,274,1993.89306640625,31,28,50,2362,49,54,35,34,18.4213809967041,5,-133,65,6391,89
36.6880474334284,-0.945220062300915,280,2003.29504394531,30,27,50,2339,51,54,35,35,18.3933258056641,1,18,54,7535,93
36.7047139574858,-0.945220062300915,287,2016.01086425781,30,28,50,2284,48,53,34,36,18.385871887207,4,2,69,8068,93
36.706797272993,-0.945220062300915,285,2016.01086425781,30,28,50,2284,48,53,34,36,18.385871887207,4,2,69,8068,93
36.7276304280648,-0.945220062300915,319,2036.26342773438,29,28,50,2215,46,52,34,36,18.3845634460449,5,58,66,7581,95
36.7317970590791,-0.945220062300915,320,2036.26342773438,29,28,50,2215,46,52,34,36,18.3845634460449,5,58,66,7581,95
36.7359636900935,-0.945220062300915,317,2028.70629882812,30,28,10,2181,58,51,34,36,18.3833637237549,9,118,57,7522,96
36.7984631553088,-0.945220062300915,847,1952.56225585938,44,31,10,2011,39,52,24,31,18.3767471313477,5,48,26,6375,100
36.8192963103806,-0.945220062300915,836,1907.14001464844,52,31,10,1938,39,53,23,25,18.299768447876,6,23,24,5879,101
36.858879305017,-0.945220062300915,509,1803.88989257812,51,31,10,1822,43,54,24,25,18.1963977813721,7,-9,22,5509,108
36.8692958825529,-0.945220062300915,506,1823.36596679688,51,31,62,1824,27,56,24,25,18.1574039459229,3,42,26,4704,107
36.8797124600888,-0.945220062300915,534,1825.81579589844,53,31,60,1812,29,56,23,25,18.1349582672119,4,-3,41,4222,109
36.9067955616821,-0.945220062300915,562,1816.28430175781,55,31,60,1780,28,57,21,25,18.0650730133057,9,104,24,3449,101
36.6276312837202,-0.947303416337389,493,1904.81860351562,33,28,60,2550,39,57,31,36,18.4994373321533,4,31,91,1654,96
36.6526310698063,-0.947303416337389,395,2037.07897949219,30,28,10,2445,59,55,34,36,18.4559459686279,4,-121,52,4511,81
36.6630476473422,-0.947303416337389,301,2008.8974609375,29,28,50,2395,53,55,34,36,18.4372043609619,3,-87,88,5456,85
36.6734642248781,-0.947303416337389,269,1993.89306640625,31,28,50,2362,49,54,35,34,18.4213809967041,5,-133,65,6391,89
36.6880474334284,-0.947303416337389,276,2003.29504394531,30,27,50,2339,51,54,35,35,18.3933258056641,1,18,54,7535,93
36.7338803745863,-0.947303416337389,318,2036.26342773438,29,28,50,2215,46,52,34,36,18.3845634460449,5,58,66,7581,95
36.8213796258878,-0.947303416337389,854,1907.14001464844,52,31,10,1938,39,53,23,25,18.299768447876,6,23,24,5879,101
36.823462941395,-0.947303416337389,863,1907.14001464844,52,31,10,1938,39,53,23,25,18.299768447876,6,23,24,5879,101
36.8276295724093,-0.947303416337389,841,1882.099609375,53,31,10,1906,33,54,24,24,18.2716941833496,2,50,20,5937,102
36.8338795189309,-0.947303416337389,849,1882.099609375,53,31,10,1906,33,54,24,24,18.2716941833496,2,50,20,5937,102
36.8609626205242,-0.947303416337389,493,1813.39538574219,51,31,10,1838,29,56,24,25,18.1768169403076,7,-52,19,4897,106
36.8776291445816,-0.947303416337389,522,1825.81579589844,53,31,60,1812,29,56,23,25,18.1349582672119,4,-3,41,4222,109
36.9067955616821,-0.947303416337389,551,1816.28430175781,55,31,60,1780,28,57,21,25,18.0650730133057,9,104,24,3449,101
36.6067981286484,-0.949386770373863,475,972.943237304688,45,30,60,2274,31,59,25,30,18.5550060272217,31,-169,34,3087,80
36.6172147061843,-0.949386770373863,457,1224.2421875,42,30,62,2414,38,59,27,32,18.5137405395508,11,145,30,1590,82
36.6401311767633,-0.949386770373863,476,1964.50866699219,34,28,10,2509,49,57,30,36,18.4929141998291,9,-46,30,2315,90
36.6984640109643,-0.949386770373863,283,1996.54992675781,32,28,50,2290,47,51,33,35,18.3991680145264,3,11,79,8123,94
36.706797272993,-0.949386770373863,291,2004.69519042969,32,28,50,2276,48,54,32,36,18.4040565490723,5,58,68,7901,94
36.7172138505289,-0.949386770373863,328,2011.29895019531,30,28,40,2247,47,54,33,37,18.4046878814697,2,-45,78,7780,93
36.7692967382083,-0.949386770373863,422,1957.35412597656,38,30,10,2055,53,53,25,37,18.388219833374,8,76,20,6753,99
36.7901298932801,-0.949386770373863,739,1945.52819824219,45,31,10,2007,42,52,23,32,18.3969879150391,5,2,39,6562,100
36.7984631553088,-0.949386770373863,861,1940.20385742188,47,31,10,1990,39,53,22,31,18.3847122192383,4,-15,61,6402,102
36.8192963103806,-0.949386770373863,820,1901.4560546875,49,30,10,1921,34,55,25,26,18.3058280944824,6,58,28,6009,100
36.8255462569021,-0.949386770373863,843,1901.4560546875,49,30,10,1921,34,55,25,26,18.3058280944824,6,58,28,6009,100
36.8276295724093,-0.949386770373863,842,1881.41760253906,51,31,10,1885,42,53,24,25,18.2783603668213,6,46,31,5896,103
36.8463794119739,-0.949386770373863,607,1818.12280273438,51,31,10,1838,29,55,24,25,18.2210083007812,9,-178,47,5515,104
36.8630459360314,-0.949386770373863,475,1811.18151855469,50,31,60,1827,30,57,25,25,18.1819114685059,5,57,33,4942,112
36.8776291445816,-0.949386770373863,480,1826.34387207031,53,31,10,1778,30,56,23,24,18.1396942138672,3,-79,23,4584,106
36.8984622996534,-0.949386770373863,512,1825.43188476562,55,31,10,1791,27,56,22,23,18.0962200164795,2,119,18,3756,106
36.9026289306677,-0.949386770373863,530,1813.775390625,55,31,10,1725,27,55,21,24,18.0688877105713,10,-4,31,4022,97
36.9088788771893,-0.949386770373863,515,1813.775390625,55,31,10,1725,27,55,21,24,18.0688877105713,10,-4,31,4022,97
36.6276312837202,-0.951470124410337,498,1807.66223144531,35,29,10,2501,46,59,29,35,18.5016975402832,6,86,32,1323,91
36.6422144922704,-0.951470124410337,470,1964.50866699219,34,28,10,2509,49,57,30,36,18.4929141998291,9,-46,30,2315,90
36.6547143853135,-0.951470124410337,388,2026.97143554688,32,28,10,2430,75,56,33,36,18.4633445739746,6,-49,73,4222,82
36.6713809093709,-0.951470124410337,279,1987.49682617188,32,28,50,2349,53,56,34,34,18.4282131195068,5,-55,89,6217,89
36.6880474334284,-0.951470124410337,281,1989.0771484375,32,28,50,2327,53,53,34,34,18.402416229248,6,38,65,7319,93
36.6942973799499,-0.951470124410337,288,1996.54992675781,32,28,50,2290,47,51,33,35,18.3991680145264,3,11,79,8123,94
36.7047139574858,-0.951470124410337,278,2004.69519042969,32,28,50,2276,48,54,32,36,18.4040565490723,5,58,68,7901,94
36.7359636900935,-0.951470124410337,374,2009.82800292969,32,29,20,2158,45,52,31,37,18.3992214202881,6,34,50,7485,96
36.742213636615,-0.951470124410337,398,2009.82800292969,32,29,20,2158,45,52,31,37,18.3992214202881,6,34,50,7485,96
36.7901298932801,-0.951470124410337,769,1945.52819824219,45,31,10,2007,42,52,23,32,18.3969879150391,5,2,39,6562,100
36.7984631553088,-0.951470124410337,873,1940.20385742188,47,31,10,1990,39,53,22,31,18.3847122192383,4,-15,61,6402,102
36.8255462569021,-0.951470124410337,855,1901.4560546875,49,30,10,1921,34,55,25,26,18.3058280944824,6,58,28,6009,100
36.8297128879165,-0.951470124410337,858,1881.41760253906,51,31,10,1885,42,53,24,25,18.2783603668213,6,46,31,5896,103
36.8651292515385,-0.951470124410337,464,1811.18151855469,50,31,60,1827,30,57,25,25,18.1819114685059,5,57,33,4942,112
36.8713791980601,-0.951470124410337,490,1823.30871582031,52,31,62,1833,30,57,24,24,18.1632709503174,3,36,52,4482,112
36.881795775596,-0.951470124410337,493,1826.34387207031,53,31,10,1778,30,56,23,24,18.1396942138672,3,-79,23,4584,106
36.9088788771893,-0.951470124410337,549,1813.775390625,55,31,10,1725,27,55,21,24,18.0688877105713,10,-4,31,4022,97
36.9109621926965,-0.951470124410337,520,1787.66186523438,54,31,60,1717,30,56,21,25,18.0388202667236,10,-178,48,3299,99
36.9255454012467,-0.951470124410337,508,1758.38049316406,54,31,60,1708,23,57,22,24,18.0119609832764,8,-1,58,3434,99
36.5922149200982,-0.953553478446811,702,781.223999023438,46,29,62,2040,31,65,26,29,18.6716976165771,20,-111,42,4889,79
36.6026314976341,-0.953553478446811,556,972.943237304688,45,30,60,2274,31,59,25,30,18.5550060272217,31,-169,34,3087,80
36.6109647596628,-0.953553478446811,462,1224.2421875,42,30,62,2414,38,59,27,32,18.5137405395508,11,145,30,1590,82
36.6984640109643,-0.953553478446811,277,1996.54992675781,32,28,50,2290,47,51,33,35,18.3991680145264,3,11,79,8123,94
36.7609634761796,-0.953553478446811,456,1963.03625488281,36,30,20,2092,37,54,26,38,18.3906993865967,5,86,21,6943,100
36.7713800537155,-0.953553478446811,437,1957.35412597656,38,30,10,2055,53,53,25,37,18.388219833374,8,76,20,6753,99
36.7817966312514,-0.953553478446811,423,1950.34228515625,41,30,10,2038,46,53,25,33,18.3997631072998,10,-173,34,7126,100
36.7922132087873,-0.953553478446811,879,1945.52819824219,45,31,10,2007,42,52,23,32,18.3969879150391,5,2,39,6562,100
36.7942965242945,-0.953553478446811,895,1940.20385742188,47,31,10,1990,39,53,22,31,18.3847122192383,4,-15,61,6402,102
36.7984631553088,-0.953553478446811,875,1940.20385742188,47,31,10,1990,39,53,22,31,18.3847122192383,4,-15,61,6402,102
36.8734625135672,-0.953553478446811,497,1823.30871582031,52,31,62,1833,30,57,24,24,18.1632709503174,3,36,52,4482,112
36.881795775596,-0.953553478446811,502,1826.34387207031,53,31,10,1778,30,56,23,24,18.1396942138672,3,-79,23,4584,106
36.8984622996534,-0.953553478446811,479,1825.43188476562,55,31,10,1791,27,56,22,23,18.0962200164795,2,119,18,3756,106
36.9067955616821,-0.953553478446811,540,1813.775390625,55,31,10,1725,27,55,21,24,18.0688877105713,10,-4,31,4022,97
36.9359619787826,-0.953553478446811,548,1715.1064453125,53,31,10,1685,25,58,24,23,17.9678478240967,1,48,28,2667,102
36.9380452942898,-0.953553478446811,556,1715.1064453125,53,31,10,1685,25,58,24,23,17.9678478240967,1,48,28,2667,102
36.6026314976341,-0.955636832483286,574,972.943237304688,45,30,60,2274,31,59,25,30,18.5550060272217,31,-169,34,3087,80
36.6151313906771,-0.955636832483286,512,1224.2421875,42,30,62,2414,38,59,27,32,18.5137405395508,11,145,30,1590,82
36.6172147061843,-0.955636832483286,519,1224.2421875,42,30,62,2414,38,59,27,32,18.5137405395508,11,145,30,1590,82
36.6213813371987,-0.955636832483286,454,1541.64477539062,39,30,10,2524,32,58,29,33,18.506383895874,8,280,17,604,82
36.6297145992274,-0.955636832483286,449,1807.66223144531,35,29,10,2501,46,59,29,35,18.5016975402832,6,86,32,1323,91
36.6463811232848,-0.955636832483286,426,2027.69140625,34,29,10,2484,76,59,31,34,18.4824123382568,10,43,19,2619,86
36.660964331835,-0.955636832483286,316,2002.90148925781,32,28,50,2395,50,55,34,35,18.4450149536133,5,-81,90,5224,86
36.6776308558925,-0.955636832483286,271,1984.66162109375,31,27,50,2343,50,53,35,34,18.4133415222168,6,-49,69,6826,91
36.7088805885002,-0.955636832483286,283,2004.69519042969,32,28,50,2276,48,54,32,36,18.4040565490723,5,58,68,7901,94
36.7255471125576,-0.955636832483286,365,2015.49633789062,30,28,10,2218,48,55,33,36,18.4029674530029,4,-42,58,7503,93
36.7297137435719,-0.955636832483286,363,2016.00207519531,31,28,10,2168,44,52,32,37,18.4016571044922,9,-99,59,7696,95
36.7755466847299,-0.955636832483286,419,1957.35412597656,38,30,10,2055,53,53,25,37,18.388219833374,8,76,20,6753,99
36.7901298932801,-0.955636832483286,822,1945.52819824219,45,31,10,2007,42,52,23,32,18.3969879150391,5,2,39,6562,100
36.800546470816,-0.955636832483286,837,1940.20385742188,47,31,10,1990,39,53,22,31,18.3847122192383,4,-15,61,6402,102
36.8047131018304,-0.955636832483286,855,1931.21228027344,50,32,10,1974,41,52,22,29,18.363618850708,10,158,40,6259,103
36.823462941395,-0.955636832483286,853,1901.4560546875,49,30,10,1921,34,55,25,26,18.3058280944824,6,58,28,6009,100
36.8338795189309,-0.955636832483286,883,1881.41760253906,51,31,10,1885,42,53,24,25,18.2783603668213,6,46,31,5896,103
36.8484627274811,-0.955636832483286,485,1818.12280273438,51,31,10,1838,29,55,24,25,18.2210083007812,9,-178,47,5515,104
36.9297120322611,-0.955636832483286,556,1735.73571777344,54,31,10,1693,26,56,23,23,17.9900188446045,8,-53,50,3140,101
36.9422119253041,-0.955636832483286,589,1715.1064453125,53,31,10,1685,25,58,24,23,17.9678478240967,1,48,28,2667,102
36.5859649735766,-0.95772018651976,865,767.081726074219,44,29,62,2013,23,64,28,29,18.6782283782959,21,-33,14,4918,82
36.6047148131412,-0.95772018651976,539,891.768981933594,46,30,62,2257,30,62,25,30,18.585470199585,9,241,13,2497,77
36.6317979147345,-0.95772018651976,444,1692.71166992188,38,29,10,2473,33,59,27,34,18.5046367645264,4,136,32,972,88
36.6359645457489,-0.95772018651976,507,1915.94982910156,35,28,10,2482,45,57,29,36,18.4977798461914,12,-46,21,2069,88
36.6942973799499,-0.95772018651976,282,1982.73388671875,32,28,50,2273,48,50,33,35,18.4227809906006,5,-27,93,7816,93
36.7005473264714,-0.95772018651976,281,1982.73388671875,32,28,50,2273,48,50,33,35,18.4227809906006,5,-27,93,7816,93
36.7505468986437,-0.95772018651976,460,1980.67785644531,35,30,10,2105,49,51,27,38,18.411750793457,8,21,36,7324,96
36.7609634761796,-0.95772018651976,409,1947.60900878906,37,30,10,2041,39,52,27,37,18.4071578979492,7,-48,55,7234,97
36.7922132087873,-0.95772018651976,844,1927.79077148438,46,31,10,1975,38,55,24,30,18.4064636230469,6,-62,39,6726,101
36.8109630483519,-0.95772018651976,868,1892.56811523438,51,31,10,1938,38,53,23,26,18.3310642242432,2,31,22,5897,100
36.8422127809596,-0.95772018651976,464,1851.13049316406,51,31,10,1882,33,56,24,25,18.2556838989258,3,28,43,5477,104
36.8526293584955,-0.95772018651976,485,1811.17846679688,51,30,10,1825,33,57,24,25,18.2058391571045,4,-15,33,5362,107
36.8922123531319,-0.95772018651976,539,1820.12573242188,53,31,60,1779,36,54,23,24,18.1209678649902,9,77,25,4203,105
36.9255454012467,-0.95772018651976,552,1749.18701171875,54,31,10,1685,22,57,23,24,18.014986038208,6,-42,24,3339,97
36.5963815511125,-0.959803540556234,720,804.83056640625,47,30,62,2085,30,62,26,28,18.6471500396729,12,-51,28,3893,79
36.6067981286484,-0.959803540556234,503,891.768981933594,46,30,62,2257,30,62,25,30,18.585470199585,9,241,13,2497,77
36.6151313906771,-0.959803540556234,504,1073.55261230469,45,30,62,2351,37,61,24,30,18.5260581970215,6,88,14,1304,78
36.6380478612561,-0.959803540556234,482,1915.94982910156,35,28,10,2482,45,57,29,36,18.4977798461914,12,-46,21,2069,88
36.6401311767633,-0.959803540556234,490,1915.94982910156,35,28,10,2482,45,57,29,36,18.4977798461914,12,-46,21,2069,88
36.6588810163279,-0.959803540556234,320,2015.15417480469,33,29,10,2442,59,56,32,34,18.4708061218262,3,-9,50,3542,80
36.6797141713997,-0.959803540556234,279,1981.16198730469,33,28,50,2302,50,54,34,33,18.4226608276367,7,-62,74,6671,91
36.6859641179212,-0.959803540556234,291,1978.82763671875,33,28,50,2289,52,52,33,34,18.4205112457275,4,6,72,7495,92
36.6922140644427,-0.959803540556234,286,1978.82763671875,33,28,50,2289,52,52,33,34,18.4205112457275,4,6,72,7495,92
36.7297137435719,-0.959803540556234,362,2000.31005859375,33,29,10,2175,41,53,30,36,18.4127025604248,11,88,33,7540,96
36.7359636900935,-0.959803540556234,418,1994.2294921875,34,30,10,2120,43,52,29,36,18.4127311706543,4,-127,44,7385,97
36.7401303211078,-0.959803540556234,428,1994.2294921875,34,30,10,2120,43,52,29,36,18.4127311706543,4,-127,44,7385,97
36.7609634761796,-0.959803540556234,391,1947.60900878906,37,30,10,2041,39,52,27,37,18.4071578979492,7,-48,55,7234,97
36.7713800537155,-0.959803540556234,412,1941.01696777344,39,30,20,2040,41,53,26,35,18.4053173065186,2,63,37,6833,100
36.7859632622658,-0.959803540556234,649,1927.79077148438,46,31,10,1975,38,55,24,30,18.4064636230469,6,-62,39,6726,101
36.7963798398016,-0.959803540556234,835,1918.0478515625,48,31,10,1977,38,54,23,28,18.3810844421387,5,-18,30,6418,100
36.8047131018304,-0.959803540556234,857,1904.82885742188,51,31,20,1954,44,53,23,26,18.3554458618164,5,-19,38,6135,100
36.8776291445816,-0.959803540556234,537,1822.91015625,52,31,10,1778,32,55,24,25,18.1438255310059,5,-31,33,4354,111
36.9380452942898,-0.959803540556234,561,1711.56481933594,52,31,60,1664,20,60,25,24,17.9700527191162,1,-5,44,2889,101
36.9547118183472,-0.959803540556234,665,1662.33081054688,54,32,62,1634,21,57,23,23,17.9233741760254,13,23,40,2667,99
36.5984648666197,-0.961886894592708,666,804.83056640625,47,30,62,2085,30,62,26,28,18.6471500396729,12,-51,28,3893,79
36.6067981286484,-0.961886894592708,512,891.768981933594,46,30,62,2257,30,62,25,30,18.585470199585,9,241,13,2497,77
36.6338812302417,-0.961886894592708,496,1692.71166992188,38,29,10,2473,33,59,27,34,18.5046367645264,4,136,32,972,88
36.6359645457489,-0.961886894592708,501,1915.94982910156,35,28,10,2482,45,57,29,36,18.4977798461914,12,-46,21,2069,88
36.6442978077776,-0.961886894592708,486,2006.14025878906,35,29,10,2533,62,56,31,35,18.4905052185059,15,505,71,2331,87
36.6901307489355,-0.961886894592708,300,1978.82763671875,33,28,50,2289,52,52,33,34,18.4205112457275,4,6,72,7495,92
36.7088805885002,-0.961886894592708,325,1991.06799316406,32,28,50,2259,43,54,33,35,18.4212608337402,3,20,87,7741,95
36.7484635831365,-0.961886894592708,429,1980.67785644531,35,30,10,2105,49,51,27,38,18.411750793457,8,21,36,7324,96
36.7505468986437,-0.961886894592708,420,1980.67785644531,35,30,10,2105,49,51,27,38,18.411750793457,8,21,36,7324,96
36.7588801606724,-0.961886894592708,381,1962.04284667969,35,30,10,2075,39,52,26,39,18.4103050231934,4,-59,26,7269,96
36.8276295724093,-0.961886894592708,890,1871.74853515625,51,31,10,1876,36,56,24,26,18.2813396453857,2,-61,21,5895,102
36.8338795189309,-0.961886894592708,773,1871.74853515625,51,31,10,1876,36,56,24,26,18.2813396453857,2,-61,21,5895,102
36.9067955616821,-0.961886894592708,529,1810.80700683594,54,31,60,1750,24,57,23,24,18.0744724273682,5,78,18,3426,101
36.9255454012467,-0.961886894592708,544,1749.18701171875,54,31,10,1685,22,57,23,24,18.014986038208,6,-42,24,3339,97
36.9338786632754,-0.961886894592708,578,1725.26831054688,51,31,10,1683,24,58,25,24,17.9911422729492,6,72,23,2988,102
36.9359619787826,-0.961886894592708,581,1711.56481933594,52,31,60,1664,20,60,25,24,17.9700527191162,1,-5,44,2889,101
36.9484618718257,-0.961886894592708,617,1693.06774902344,53,31,60,1660,21,59,24,23,17.9485130310059,4,51,36,2465,102
36.9547118183472,-0.961886894592708,664,1662.33081054688,54,32,62,1634,21,57,23,23,17.9233741760254,13,23,40,2667,99
36.6317979147345,-0.963970248629182,509,1692.71166992188,38,29,10,2473,33,59,27,34,18.5046367645264,4,136,32,972,88
36.6547143853135,-0.963970248629182,298,2015.15417480469,33,29,10,2442,59,56,32,34,18.4708061218262,3,-9,50,3542,80
36.660964331835,-0.963970248629182,323,1997.49182128906,33,28,50,2396,56,55,33,34,18.4526767730713,4,-4,58,4682,87
36.6755475403853,-0.963970248629182,308,1986.66650390625,32,28,50,2355,50,55,34,34,18.4365081787109,6,29,54,5733,89
36.6984640109643,-0.963970248629182,305,1982.73388671875,32,28,50,2273,48,50,33,35,18.4227809906006,5,-27,93,7816,93
36.706797272993,-0.963970248629182,315,1991.06799316406,32,28,50,2259,43,54,33,35,18.4212608337402,3,20,87,7741,95
36.7130472195145,-0.963970248629182,315,1997.43725585938,30,28,10,2220,45,54,33,37,18.4182968139648,4,-36,75,7640,94
36.7234637970504,-0.963970248629182,391,2000.55395507812,31,28,10,2202,48,52,32,36,18.4152660369873,4,72,39,7475,94
36.7380470056006,-0.963970248629182,427,1994.2294921875,34,30,10,2120,43,52,29,36,18.4127311706543,4,-127,44,7385,97
36.7692967382083,-0.963970248629182,395,1941.01696777344,39,30,20,2040,41,53,26,35,18.4053173065186,2,63,37,6833,100
36.8630459360314,-0.963970248629182,470,1814.25170898438,50,31,10,1814,32,56,25,24,18.1854782104492,1,-29,31,5036,107
36.8797124600888,-0.963970248629182,560,1822.91015625,52,31,10,1778,32,55,24,25,18.1438255310059,5,-31,33,4354,111
36.8859624066103,-0.963970248629182,569,1820.12573242188,53,31,60,1779,36,54,23,24,18.1209678649902,9,77,25,4203,105
36.9088788771893,-0.963970248629182,522,1810.80700683594,54,31,60,1750,24,57,23,24,18.0744724273682,5,78,18,3426,101
36.917212139218,-0.963970248629182,535,1783.92639160156,55,32,40,1724,25,57,21,24,18.0444278717041,10,-49,42,3355,99
36.9255454012467,-0.963970248629182,550,1749.18701171875,54,31,10,1685,22,57,23,24,18.014986038208,6,-42,24,3339,97
36.9297120322611,-0.963970248629182,570,1725.26831054688,51,31,10,1683,24,58,25,24,17.9911422729492,6,72,23,2988,102
36.9338786632754,-0.963970248629182,582,1725.26831054688,51,31,10,1683,24,58,25,24,17.9911422729492,6,72,23,2988,102
36.9484618718257,-0.963970248629182,619,1693.06774902344,53,31,60,1660,21,59,24,23,17.9485130310059,4,51,36,2465,102
36.6067981286484,-0.966053602665657,527,842.858459472656,47,30,60,2146,27,62,25,28,18.6298713684082,11,-18,7,2412,79
36.6213813371987,-0.966053602665657,448,1225.59240722656,45,31,62,2382,31,60,25,30,18.5224857330322,28,-26,23,1274,78
36.6588810163279,-0.966053602665657,341,1988.57861328125,34,28,10,2398,58,56,33,33,18.4747543334961,8,-123,35,3620,81
36.6692975938638,-0.966053602665657,326,1981.21936035156,33,28,50,2358,49,54,34,33,18.442964553833,6,77,56,5382,90
36.7297137435719,-0.966053602665657,401,1987.8935546875,35,29,20,2160,42,54,28,37,18.4265480041504,4,10,25,7214,96
36.7401303211078,-0.966053602665657,429,1983.92712402344,35,30,10,2125,40,52,28,38,18.4250545501709,6,34,34,7201,96
36.742213636615,-0.966053602665657,422,1983.92712402344,35,30,10,2125,40,52,28,38,18.4250545501709,6,34,34,7201,96
36.7484635831365,-0.966053602665657,408,1972.9580078125,37,30,10,2103,41,52,26,37,18.4244899749756,4,61,29,7278,96
36.7817966312514,-0.966053602665657,414,1918.3525390625,44,31,10,2000,38,53,24,32,18.431568145752,6,16,26,6716,101
36.8088797328447,-0.966053602665657,886,1880.64099121094,50,31,10,1922,43,56,24,26,18.3536682128906,9,-40,37,6370,100
36.8109630483519,-0.966053602665657,880,1864.279296875,50,31,10,1909,36,54,24,26,18.3263473510742,8,-72,33,6165,101
36.8442960964667,-0.966053602665657,484,1824.17041015625,50,31,60,1857,34,56,24,26,18.2344570159912,2,-4,32,5167,105
36.8547126740026,-0.966053602665657,515,1815.33715820312,51,31,60,1832,32,56,24,25,18.2117290496826,7,48,41,5028,107
36.8609626205242,-0.966053602665657,524,1815.88635253906,51,31,10,1815,32,56,24,25,18.1901226043701,2,1,34,4671,109
36.9213787702324,-0.966053602665657,547,1739.81494140625,53,31,60,1685,24,58,24,23,18.0168914794922,2,-21,22,3370,98
36.9338786632754,-0.966053602665657,606,1713.55444335938,51,31,60,1657,23,56,24,24,17.9922389984131,8,-136,45,3331,99
36.9463785563185,-0.966053602665657,652,1685.9951171875,52,31,60,1647,24,57,24,24,17.9513301849365,2,4,53,2617,104
36.9588784493616,-0.966053602665657,641,1657.87744140625,53,32,62,1635,23,58,24,23,17.9274349212646,5,-33,29,2578,103
36.6026314976341,-0.968136956702131,530,842.858459472656,47,30,60,2146,27,62,25,28,18.6298713684082,11,-18,7,2412,79
36.6359645457489,-0.968136956702131,531,1855.24584960938,37,29,10,2453,62,58,28,36,18.5010776519775,22,-50,36,1933,86
36.6672142783566,-0.968136956702131,323,1983.24731445312,35,28,50,2374,51,54,33,32,18.4581775665283,3,-53,57,4381,86
36.6734642248781,-0.968136956702131,318,1981.21936035156,33,28,50,2358,49,54,34,33,18.442964553833,6,77,56,5382,90
36.7047139574858,-0.968136956702131,340,1977.94946289062,32,28,10,2251,47,54,33,35,18.4346923828125,3,20,79,7462,94
36.7130472195145,-0.968136956702131,352,1983.94873046875,33,28,10,2204,44,51,32,35,18.4313278198242,7,26,49,7530,94
36.7588801606724,-0.968136956702131,396,1954.66320800781,37,30,10,2043,45,51,26,37,18.4257259368896,5,-95,64,7272,96
36.7755466847299,-0.968136956702131,430,1923.81420898438,41,31,10,2001,37,52,26,33,18.43479347229,2,-70,47,7122,101
36.8088797328447,-0.968136956702131,882,1880.64099121094,50,31,10,1922,43,56,24,26,18.3536682128906,9,-40,37,6370,100
36.8130463638591,-0.968136956702131,907,1864.279296875,50,31,10,1909,36,54,24,26,18.3263473510742,8,-72,33,6165,101
36.8484627274811,-0.968136956702131,493,1824.17041015625,50,31,60,1857,34,56,24,26,18.2344570159912,2,-4,32,5167,105
36.8526293584955,-0.968136956702131,500,1815.33715820312,51,31,60,1832,32,56,24,25,18.2117290496826,7,48,41,5028,107
36.8630459360314,-0.968136956702131,488,1815.88635253906,51,31,10,1815,32,56,24,25,18.1901226043701,2,1,34,4671,109
36.8713791980601,-0.968136956702131,528,1819.03051757812,52,31,60,1800,30,56,23,25,18.1678771972656,6,-86,61,4672,107
36.8797124600888,-0.968136956702131,521,1815.27282714844,53,31,10,1775,30,56,23,25,18.143835067749,2,-6,34,4424,107
36.881795775596,-0.968136956702131,537,1815.27282714844,53,31,10,1775,30,56,23,25,18.143835067749,2,-6,34,4424,107
36.9026289306677,-0.968136956702131,497,1800.2412109375,55,31,60,1748,22,57,22,24,18.0766429901123,5,108,39,3509,103
36.9192954547252,-0.968136956702131,554,1739.81494140625,53,31,60,1685,24,58,24,23,18.0168914794922,2,-21,22,3370,98
36.9422119253041,-0.968136956702131,650,1699.81982421875,52,31,60,1671,21,58,24,24,17.9709339141846,4,77,36,2829,100
36.6172147061843,-0.970220310738605,566,970.398193359375,48,31,62,2279,31,60,23,29,18.5682830810547,13,27,14,435,77
36.6797141713997,-0.970220310738605,319,1978.8671875,32,28,50,2323,50,53,34,34,18.4317398071289,7,39,63,6008,93
36.7609634761796,-0.970220310738605,430,1935.27014160156,39,30,10,2022,36,53,26,35,18.4289283752441,4,-99,34,7146,98
36.7880465777729,-0.970220310738605,860,1913.05004882812,47,31,10,1992,34,56,24,29,18.4125366210938,4,40,17,6310,102
36.7901298932801,-0.970220310738605,867,1913.05004882812,47,31,10,1992,34,56,24,29,18.4125366210938,4,40,17,6310,102
36.8151296793663,-0.970220310738605,893,1864.279296875,50,31,10,1909,36,54,24,26,18.3263473510742,8,-72,33,6165,101
36.8922123531319,-0.970220310738605,525,1808.56384277344,53,31,60,1765,33,54,23,25,18.1210746765137,7,-36,60,4105,107
36.9234620857395,-0.970220310738605,563,1739.81494140625,53,31,60,1685,24,58,24,23,18.0168914794922,2,-21,22,3370,98
36.9297120322611,-0.970220310738605,587,1713.55444335938,51,31,60,1657,23,56,24,24,17.9922389984131,8,-136,45,3331,99
36.5942982356053,-0.972303664775079,771,784.37548828125,47,30,10,2049,24,63,25,28,18.6811809539795,10,-23,4,3358,80
36.6047148131412,-0.972303664775079,554,842.858459472656,47,30,60,2146,27,62,25,28,18.6298713684082,11,-18,7,2412,79
36.6317979147345,-0.972303664775079,511,1580.14196777344,41,30,10,2443,33,59,27,33,18.5090389251709,6,192,56,1067,87
36.6380478612561,-0.972303664775079,498,1855.24584960938,37,29,10,2453,62,58,28,36,18.5010776519775,22,-50,36,1933,86
36.6463811232848,-0.972303664775079,387,1966.8701171875,35,29,10,2476,70,55,30,35,18.4925193786621,22,316,62,2251,78
36.660964331835,-0.972303664775079,322,1983.24731445312,35,28,50,2374,51,54,33,32,18.4581775665283,3,-53,57,4381,86
36.6880474334284,-0.972303664775079,322,1973.91735839844,32,28,50,2271,48,53,34,34,18.4354610443115,6,-14,85,7379,92
36.6942973799499,-0.972303664775079,349,1972.37072753906,32,28,50,2254,45,52,34,34,18.4384803771973,2,-16,97,7854,93
36.7047139574858,-0.972303664775079,331,1977.94946289062,32,28,10,2251,47,54,33,35,18.4346923828125,3,20,79,7462,94
36.719297166036,-0.972303664775079,378,1986.90686035156,34,29,10,2161,46,54,31,35,18.4290370941162,8,-75,22,7727,95
36.7255471125576,-0.972303664775079,399,1986.90686035156,34,29,10,2161,46,54,31,35,18.4290370941162,8,-75,22,7727,95
36.7401303211078,-0.972303664775079,473,1983.92712402344,35,30,10,2125,40,52,28,38,18.4250545501709,6,34,34,7201,96
36.7817966312514,-0.972303664775079,815,1918.3525390625,44,31,10,2000,38,53,24,32,18.431568145752,6,16,26,6716,101
36.7880465777729,-0.972303664775079,845,1913.05004882812,47,31,10,1992,34,56,24,29,18.4125366210938,4,40,17,6310,102
36.8442960964667,-0.972303664775079,497,1824.17041015625,50,31,60,1857,34,56,24,26,18.2344570159912,2,-4,32,5167,105
36.8547126740026,-0.972303664775079,505,1815.33715820312,51,31,60,1832,32,56,24,25,18.2117290496826,7,48,41,5028,107
36.8734625135672,-0.972303664775079,496,1819.03051757812,52,31,60,1800,30,56,23,25,18.1678771972656,6,-86,61,4672,107
36.8859624066103,-0.972303664775079,587,1808.56384277344,53,31,60,1765,33,54,23,25,18.1210746765137,7,-36,60,4105,107
36.8922123531319,-0.972303664775079,527,1808.56384277344,53,31,60,1765,33,54,23,25,18.1210746765137,7,-36,60,4105,107
36.8984622996534,-0.972303664775079,509,1806.41564941406,54,31,62,1754,27,58,23,24,18.0993061065674,3,20,30,3908,106
36.9067955616821,-0.972303664775079,517,1800.2412109375,55,31,60,1748,22,57,22,24,18.0766429901123,5,108,39,3509,103
36.9359619787826,-0.972303664775079,612,1699.81982421875,52,31,60,1671,21,58,24,24,17.9709339141846,4,77,36,2829,100
36.9380452942898,-0.972303664775079,647,1699.81982421875,52,31,60,1671,21,58,24,24,17.9709339141846,4,77,36,2829,100
36.9463785563185,-0.972303664775079,640,1685.9951171875,52,31,60,1647,24,57,24,24,17.9513301849365,2,4,53,2617,104
36.6088814441556,-0.974387018811553,520,813.872131347656,47,30,10,2073,30,62,27,26,18.6601886749268,16,-166,59,430,83
36.6130480751699,-0.974387018811553,524,909.564758300781,46,31,60,2197,27,61,25,28,18.6049747467041,10,-126,10,1311,83
36.6817974869068,-0.974387018811553,307,1975.23217773438,33,28,50,2286,48,54,34,33,18.4406967163086,3,-126,77,5895,91
36.6880474334284,-0.974387018811553,313,1969.79602050781,32,28,50,2286,48,55,34,34,18.4489784240723,4,20,83,6742,93
36.6901307489355,-0.974387018811553,339,1969.79602050781,32,28,50,2286,48,55,34,34,18.4489784240723,4,20,83,6742,93
36.719297166036,-0.974387018811553,384,1972.83312988281,36,30,10,2167,42,51,28,36,18.4452476501465,4,-1,30,7186,95
36.7317970590791,-0.974387018811553,424,1975.55163574219,37,30,10,2144,51,52,27,37,18.4415817260742,7,40,42,7342,97
36.7463802676294,-0.974387018811553,444,1962.77685546875,38,30,10,2105,44,52,26,36,18.441089630127,2,102,17,7064,98
36.7547135296581,-0.974387018811553,436,1946.25207519531,39,30,10,2048,44,54,25,36,18.4427509307861,8,-70,49,7130,98
36.7567968451653,-0.974387018811553,437,1946.25207519531,39,30,10,2048,44,54,25,36,18.4427509307861,8,-70,49,7130,98
36.7880465777729,-0.974387018811553,831,1896.51574707031,48,31,10,1953,34,55,25,27,18.4180946350098,8,-82,35,6604,100
36.8088797328447,-0.974387018811553,923,1870.98913574219,50,31,10,1906,33,55,25,25,18.3628826141357,3,-26,42,6364,101
36.8380461499452,-0.974387018811553,521,1821.20166015625,51,30,10,1829,34,55,25,25,18.2604904174805,5,-32,29,5557,102
36.8401294654524,-0.974387018811553,526,1821.20166015625,51,30,10,1829,34,55,25,25,18.2604904174805,5,-32,29,5557,102
36.8463794119739,-0.974387018811553,508,1812.08471679688,50,30,60,1827,31,55,24,26,18.2367286682129,3,29,58,5281,104
36.8547126740026,-0.974387018811553,506,1806.94140625,50,31,60,1813,34,56,25,25,18.2139205932617,0,-12,49,5014,106
36.8922123531319,-0.974387018811553,537,1793.65869140625,52,31,60,1741,28,56,24,24,18.1196117401123,6,-46,35,4267,104
36.9047122461749,-0.974387018811553,502,1776.33752441406,54,31,60,1718,24,57,23,23,18.0737037658691,11,94,47,3847,102
36.9109621926965,-0.974387018811553,552,1753.10900878906,53,31,61,1705,22,58,23,24,18.0444145202637,3,-35,58,3627,99
36.9297120322611,-0.974387018811553,599,1702.392578125,52,31,10,1675,20,58,23,24,17.9957008361816,4,53,27,3078,105
36.9422119253041,-0.974387018811553,683,1684.26440429688,52,30,62,1653,20,58,24,24,17.9724025726318,8,18,21,2918,100
36.9547118183472,-0.974387018811553,563,1647.06286621094,53,31,62,1630,22,58,24,23,17.9287948608398,3,23,29,2509,103
36.5942982356053,-0.976470372848028,765,769.885070800781,47,30,62,1995,24,64,26,27,18.6958770751953,21,-154,9,2428,84
36.6109647596628,-0.976470372848028,530,909.564758300781,46,31,60,2197,27,61,25,28,18.6049747467041,10,-126,10,1311,83
36.6797141713997,-0.976470372848028,327,1975.23217773438,33,28,50,2286,48,54,34,33,18.4406967163086,3,-126,77,5895,91
36.7109639040073,-0.976470372848028,345,1969.36560058594,35,29,10,2205,38,53,29,35,18.4460067749023,2,38,44,7319,94
36.7297137435719,-0.976470372848028,428,1975.55163574219,37,30,10,2144,51,52,27,37,18.4415817260742,7,40,42,7342,97
36.7317970590791,-0.976470372848028,447,1975.55163574219,37,30,10,2144,51,52,27,37,18.4415817260742,7,40,42,7342,97
36.742213636615,-0.976470372848028,469,1972.66418457031,36,30,10,2122,39,54,27,37,18.4420261383057,5,40,56,7189,97
36.7463802676294,-0.976470372848028,456,1962.77685546875,38,30,10,2105,44,52,26,36,18.441089630127,2,102,17,7064,98
36.7505468986437,-0.976470372848028,466,1962.77685546875,38,30,10,2105,44,52,26,36,18.441089630127,2,102,17,7064,98
36.8026297863232,-0.976470372848028,897,1870.98913574219,50,31,10,1906,33,55,25,25,18.3628826141357,3,-26,42,6364,101
36.8192963103806,-0.976470372848028,884,1839.36145019531,51,31,10,1880,29,55,25,25,18.3090839385986,6,-1,18,6031,102
36.8672125670457,-0.976470372848028,530,1809.71459960938,50,31,10,1805,29,56,24,25,18.1931457519531,5,16,28,4797,107
36.9047122461749,-0.976470372848028,528,1776.33752441406,54,31,60,1718,24,57,23,23,18.0737037658691,11,94,47,3847,102
36.9088788771893,-0.976470372848028,547,1776.33752441406,54,31,60,1718,24,57,23,23,18.0737037658691,11,94,47,3847,102
36.9317953477682,-0.976470372848028,621,1702.392578125,52,31,10,1675,20,58,23,24,17.9957008361816,4,53,27,3078,105
36.9463785563185,-0.976470372848028,578,1667.91784667969,53,31,60,1650,26,58,24,24,17.9504280090332,5,54,38,2598,102
36.9588784493616,-0.976470372848028,523,1647.06286621094,53,31,62,1630,22,58,24,23,17.9287948608398,3,23,29,2509,103
36.9630450803759,-0.976470372848028,544,1622.86975097656,53,31,62,1627,18,57,24,23,17.9069557189941,4,63,14,2139,103
36.6151313906771,-0.978553726884502,526,909.564758300781,46,31,60,2197,27,61,25,28,18.6049747467041,10,-126,10,1311,83
36.6276312837202,-0.978553726884502,468,1481.55810546875,43,29,10,2410,30,58,27,31,18.517972946167,3,236,11,1212,88
36.683880802414,-0.978553726884502,348,1975.23217773438,33,28,50,2286,48,54,34,33,18.4406967163086,3,-126,77,5895,91
36.6922140644427,-0.978553726884502,311,1969.79602050781,32,28,50,2286,48,55,34,34,18.4489784240723,4,20,83,6742,93
36.719297166036,-0.978553726884502,417,1972.83312988281,36,30,10,2167,42,51,28,36,18.4452476501465,4,-1,30,7186,95
36.7859632622658,-0.978553726884502,875,1896.51574707031,48,31,10,1953,34,55,25,27,18.4180946350098,8,-82,35,6604,100
36.7942965242945,-0.978553726884502,849,1888.57141113281,49,30,10,1948,35,56,25,26,18.3916492462158,5,35,22,6171,101
36.8192963103806,-0.978553726884502,645,1839.36145019531,51,31,10,1880,29,55,25,25,18.3090839385986,6,-1,18,6031,102
36.8880457221175,-0.978553726884502,529,1793.65869140625,52,31,60,1741,28,56,24,24,18.1196117401123,6,-46,35,4267,104
36.8901290376247,-0.978553726884502,540,1793.65869140625,52,31,60,1741,28,56,24,24,18.1196117401123,6,-46,35,4267,104
36.9130455082036,-0.978553726884502,550,1753.10900878906,53,31,61,1705,22,58,23,24,18.0444145202637,3,-35,58,3627,99
36.9442952408113,-0.978553726884502,609,1667.91784667969,53,31,60,1650,26,58,24,24,17.9504280090332,5,54,38,2598,102
36.9797116044333,-0.978553726884502,499,1585.89758300781,55,32,62,1575,21,58,22,23,17.8670768737793,10,-121,29,1558,101
36.6234646527058,-0.980637080920976,487,1126.81994628906,47,30,10,2306,28,60,24,29,18.5536518096924,23,-103,17,1806,81
36.660964331835,-0.980637080920976,454,1968.16467285156,35,29,10,2372,47,56,31,33,18.4658298492432,8,31,85,4299,89
36.6880474334284,-0.980637080920976,323,1969.79602050781,32,28,50,2286,48,55,34,34,18.4489784240723,4,20,83,6742,93
36.7047139574858,-0.980637080920976,341,1964.41955566406,33,29,10,2218,43,52,31,35,18.4499607086182,3,11,26,7462,94
36.7317970590791,-0.980637080920976,454,1975.55163574219,37,30,10,2144,51,52,27,37,18.4415817260742,7,40,42,7342,97
36.7338803745863,-0.980637080920976,453,1975.55163574219,37,30,10,2144,51,52,27,37,18.4415817260742,7,40,42,7342,97
36.7588801606724,-0.980637080920976,470,1946.25207519531,39,30,10,2048,44,54,25,36,18.4427509307861,8,-70,49,7130,98
36.8213796258878,-0.980637080920976,457,1839.36145019531,51,31,10,1880,29,55,25,25,18.3090839385986,6,-1,18,6031,102
36.8276295724093,-0.980637080920976,492,1830.30285644531,50,31,10,1865,35,58,24,25,18.2835216522217,5,43,21,5735,102
36.835962834438,-0.980637080920976,499,1821.20166015625,51,30,10,1829,34,55,25,25,18.2604904174805,5,-32,29,5557,102
36.8526293584955,-0.980637080920976,492,1806.94140625,50,31,60,1813,34,56,25,25,18.2139205932617,0,-12,49,5014,106
36.8838790911031,-0.980637080920976,509,1807.00671386719,53,31,10,1781,33,57,23,24,18.1470222473145,2,65,19,4253,106
36.9005456151606,-0.980637080920976,554,1785.25317382812,53,31,10,1748,30,57,24,24,18.0962429046631,8,-20,27,3877,104
36.9047122461749,-0.980637080920976,567,1776.33752441406,54,31,60,1718,24,57,23,23,18.0737037658691,11,94,47,3847,102
36.9109621926965,-0.980637080920976,558,1753.10900878906,53,31,61,1705,22,58,23,24,18.0444145202637,3,-35,58,3627,99
36.9672117113903,-0.980637080920976,531,1622.86975097656,53,31,62,1627,18,57,24,23,17.9069557189941,4,63,14,2139,103
36.9817949199405,-0.980637080920976,485,1585.89758300781,55,32,62,1575,21,58,22,23,17.8670768737793,10,-121,29,1558,101
36.6151313906771,-0.98272043495745,533,885.1376953125,46,30,62,2188,28,62,26,28,18.6233825683594,6,103,18,1737,85
36.6401311767633,-0.98272043495745,465,1734.99670410156,42,29,10,2400,31,58,28,30,18.5102958679199,4,35,21,1983,97
36.6422144922704,-0.98272043495745,454,1734.99670410156,42,29,10,2400,31,58,28,30,18.5102958679199,4,35,21,1983,97
36.6526310698063,-0.98272043495745,454,1933.42797851562,39,29,10,2367,45,60,28,33,18.4858169555664,5,-77,43,3278,89
36.6755475403853,-0.98272043495745,351,1967.72314453125,37,29,10,2328,53,56,29,33,18.4589805603027,4,17,49,5047,92
36.6901307489355,-0.98272043495745,313,1961.24951171875,35,28,10,2255,53,54,32,33,18.4642963409424,8,37,72,6501,92
36.7047139574858,-0.98272043495745,346,1949.09484863281,35,29,10,2202,41,55,29,37,18.4681568145752,4,-8,62,7365,94
36.7088805885002,-0.98272043495745,348,1949.09484863281,35,29,10,2202,41,55,29,37,18.4681568145752,4,-8,62,7365,94
36.7317970590791,-0.98272043495745,459,1959.8857421875,37,30,10,2127,42,53,27,36,18.4603824615479,6,11,37,7007,97
36.7588801606724,-0.98272043495745,493,1931.39086914062,41,30,10,2034,42,52,25,35,18.4654159545898,3,-35,25,6938,100
36.7734633692227,-0.98272043495745,448,1893.86181640625,43,30,10,1972,39,53,24,33,18.4672679901123,2,-118,29,6836,98
36.8380461499452,-0.98272043495745,515,1811.48376464844,50,30,60,1822,34,55,25,25,18.2667293548584,4,-141,61,5559,102
36.8567959895098,-0.98272043495745,500,1795.13952636719,50,31,60,1798,32,55,24,25,18.2184581756592,6,11,55,5120,103
36.8609626205242,-0.98272043495745,493,1796.97790527344,50,30,60,1785,31,56,24,26,18.1965236663818,8,-55,39,4846,105
36.8692958825529,-0.98272043495745,478,1800.87585449219,52,31,60,1791,33,57,24,25,18.1754856109619,9,98,41,4543,107
36.8713791980601,-0.98272043495745,467,1800.87585449219,52,31,60,1791,33,57,24,25,18.1754856109619,9,98,41,4543,107
36.8734625135672,-0.98272043495745,470,1800.87585449219,52,31,60,1791,33,57,24,25,18.1754856109619,9,98,41,4543,107
36.9380452942898,-0.98272043495745,594,1668.58959960938,55,31,60,1648,22,58,22,23,17.9741134643555,5,34,31,2998,104
36.9588784493616,-0.98272043495745,501,1638.58996582031,52,31,62,1609,21,58,24,23,17.9325046539307,2,-40,25,2569,103
36.9838782354477,-0.98272043495745,463,1577.24609375,54,31,62,1591,17,58,23,23,17.8708686828613,3,33,28,1606,104
36.6088814441556,-0.984803788993924,607,799.892700195312,47,30,10,2048,25,61,27,26,18.6792335510254,15,-62,6,403,86
36.6151313906771,-0.984803788993924,504,885.1376953125,46,30,62,2188,28,62,26,28,18.6233825683594,6,103,18,1737,85
36.625547968213,-0.984803788993924,510,1080.095703125,46,30,10,2245,27,61,25,28,18.5734786987305,7,-166,17,2039,88
36.6505477542992,-0.984803788993924,448,1883.06909179688,40,29,10,2386,37,59,27,33,18.4991912841797,4,-33,18,2703,92
36.6880474334284,-0.984803788993924,310,1961.24951171875,35,28,10,2255,53,54,32,33,18.4642963409424,8,37,72,6501,92
36.7213804815432,-0.984803788993924,412,1957.19140625,36,30,10,2139,41,53,27,37,18.4638614654541,5,-112,45,7308,95
36.7317970590791,-0.984803788993924,450,1959.8857421875,37,30,10,2127,42,53,27,36,18.4603824615479,6,11,37,7007,97
36.7401303211078,-0.984803788993924,464,1955.83532714844,38,29,10,2092,38,53,26,36,18.460865020752,7,-13,37,7065,98
36.7880465777729,-0.984803788993924,856,1878.62866210938,48,30,10,1953,32,54,26,26,18.4204196929932,4,-34,44,6172,99
36.8088797328447,-0.984803788993924,861,1862.9951171875,50,31,40,1907,32,55,25,25,18.3693141937256,8,51,31,6110,102
36.8109630483519,-0.984803788993924,863,1846.42602539062,50,30,62,1890,33,55,25,25,18.3423309326172,1,-8,48,5986,102
36.8130463638591,-0.984803788993924,849,1846.42602539062,50,30,62,1890,33,55,25,25,18.3423309326172,1,-8,48,5986,102
36.8276295724093,-0.984803788993924,505,1821.01574707031,50,31,10,1867,32,58,25,25,18.2916469573975,6,31,33,5487,103
36.8338795189309,-0.984803788993924,519,1821.01574707031,50,31,10,1867,32,58,25,25,18.2916469573975,6,31,33,5487,103
36.8422127809596,-0.984803788993924,494,1811.48376464844,50,30,60,1822,34,55,25,25,18.2667293548584,4,-141,61,5559,102
36.8442960964667,-0.984803788993924,534,1801.40795898438,51,31,60,1812,30,55,24,25,18.2422904968262,7,27,48,5344,105
36.8484627274811,-0.984803788993924,543,1801.40795898438,51,31,60,1812,30,55,24,25,18.2422904968262,7,27,48,5344,105
36.8505460429883,-0.984803788993924,532,1801.40795898438,51,31,60,1812,30,55,24,25,18.2422904968262,7,27,48,5344,105
36.8609626205242,-0.984803788993924,507,1796.97790527344,50,30,60,1785,31,56,24,26,18.1965236663818,8,-55,39,4846,105
36.8797124600888,-0.984803788993924,504,1794.20104980469,53,31,60,1764,31,57,24,24,18.1502552032471,5,58,27,4256,105
36.6276312837202,-0.986887143030398,532,1421.08190917969,44,29,62,2393,27,60,27,29,18.5264911651611,2,203,13,1260,88
36.6651309628494,-0.986887143030398,472,1956.62243652344,37,29,10,2352,56,57,28,35,18.4729270935059,6,54,63,4067,93
36.6734642248781,-0.986887143030398,363,1967.72314453125,37,29,10,2328,53,56,29,33,18.4589805603027,4,17,49,5047,92
36.6942973799499,-0.986887143030398,338,1951.53674316406,35,29,20,2216,42,54,30,35,18.4699726104736,3,-40,15,7506,93
36.7005473264714,-0.986887143030398,372,1951.53674316406,35,29,20,2216,42,54,30,35,18.4699726104736,3,-40,15,7506,93
36.7109639040073,-0.986887143030398,378,1953.02392578125,35,29,10,2176,42,53,27,38,18.4655227661133,4,0,26,7199,94
36.7338803745863,-0.986887143030398,471,1959.8857421875,37,30,10,2127,42,53,27,36,18.4603824615479,6,11,37,7007,97
36.7505468986437,-0.986887143030398,478,1945.52734375,40,30,10,2070,40,53,26,35,18.4621734619141,4,-57,39,6979,99
36.765130107194,-0.986887143030398,443,1912.5234375,42,30,10,2020,35,52,25,34,18.4742393493652,2,16,41,6737,100
36.7734633692227,-0.986887143030398,499,1893.86181640625,43,30,10,1972,39,53,24,33,18.4672679901123,2,-118,29,6836,98
36.7797133157442,-0.986887143030398,898,1882.11962890625,46,31,10,1945,35,55,24,30,18.4443607330322,2,-98,50,6840,98
36.7984631553088,-0.986887143030398,881,1874.50500488281,50,31,10,1905,30,54,25,25,18.3959255218506,10,-91,59,6188,101
36.8088797328447,-0.986887143030398,872,1862.9951171875,50,31,40,1907,32,55,25,25,18.3693141937256,8,51,31,6110,102
36.8255462569021,-0.986887143030398,494,1831.234375,50,31,10,1864,34,56,25,25,18.3153781890869,6,-105,42,5711,101
36.8276295724093,-0.986887143030398,489,1821.01574707031,50,31,10,1867,32,58,25,25,18.2916469573975,6,31,33,5487,103
36.8297128879165,-0.986887143030398,491,1821.01574707031,50,31,10,1867,32,58,25,25,18.2916469573975,6,31,33,5487,103
36.8317962034237,-0.986887143030398,501,1821.01574707031,50,31,10,1867,32,58,25,25,18.2916469573975,6,31,33,5487,103
36.8547126740026,-0.986887143030398,534,1795.13952636719,50,31,60,1798,32,55,24,25,18.2184581756592,6,11,55,5120,103
36.8692958825529,-0.986887143030398,513,1800.87585449219,52,31,60,1791,33,57,24,25,18.1754856109619,9,98,41,4543,107
36.8797124600888,-0.986887143030398,526,1794.20104980469,53,31,60,1764,31,57,24,24,18.1502552032471,5,58,27,4256,105
36.8901290376247,-0.986887143030398,540,1777.00988769531,52,31,60,1739,29,58,24,24,18.1203956604004,3,-38,35,4228,103
36.9276287167539,-0.986887143030398,596,1687.05908203125,53,31,61,1671,22,58,22,25,17.997371673584,3,46,27,3115,104
36.9880448664621,-0.986887143030398,492,1553.99340820312,52,31,61,1550,18,56,24,24,17.8494510650635,3,-145,46,1940,104
36.5984648666197,-0.988970497066873,772,759.336303710938,44,30,10,1948,22,64,28,28,18.6921844482422,29,-239,11,0,87
36.6172147061843,-0.988970497066873,501,885.1376953125,46,30,62,2188,28,62,26,28,18.6233825683594,6,103,18,1737,85
36.6588810163279,-0.988970497066873,516,1933.42797851562,39,29,10,2367,45,60,28,33,18.4858169555664,5,-77,43,3278,89
36.6692975938638,-0.988970497066873,463,1967.72314453125,37,29,10,2328,53,56,29,33,18.4589805603027,4,17,49,5047,92
36.6713809093709,-0.988970497066873,447,1967.72314453125,37,29,10,2328,53,56,29,33,18.4589805603027,4,17,49,5047,92
36.7130472195145,-0.988970497066873,414,1953.02392578125,35,29,10,2176,42,53,27,38,18.4655227661133,4,0,26,7199,94
36.7526302141509,-0.988970497066873,514,1931.39086914062,41,30,10,2034,42,52,25,35,18.4654159545898,3,-35,25,6938,100
36.7817966312514,-0.988970497066873,862,1882.11962890625,46,31,10,1945,35,55,24,30,18.4443607330322,2,-98,50,6840,98
36.7838799467586,-0.988970497066873,860,1882.11962890625,46,31,10,1945,35,55,24,30,18.4443607330322,2,-98,50,6840,98
36.8026297863232,-0.988970497066873,892,1862.9951171875,50,31,40,1907,32,55,25,25,18.3693141937256,8,51,31,6110,102
36.8526293584955,-0.988970497066873,546,1795.13952636719,50,31,60,1798,32,55,24,25,18.2184581756592,6,11,55,5120,103
36.9317953477682,-0.988970497066873,581,1687.05908203125,53,31,61,1671,22,58,22,25,17.997371673584,3,46,27,3115,104
36.9630450803759,-0.988970497066873,539,1622.58532714844,54,31,10,1608,16,58,23,23,17.9110088348389,1,-33,20,2346,103
36.9859615509549,-0.988970497066873,457,1553.99340820312,52,31,61,1550,18,56,24,24,17.8494510650635,3,-145,46,1940,104
36.6588810163279,-0.991053851103347,527,1925.30651855469,39,29,10,2361,36,58,27,34,18.4944438934326,4,-96,9,3204,94
36.6672142783566,-0.991053851103347,477,1948.98706054688,38,29,10,2342,58,58,27,34,18.4815731048584,4,45,46,3816,95
36.6692975938638,-0.991053851103347,459,1956.80480957031,37,29,10,2315,47,55,29,35,18.471887588501,4,-38,86,4722,91
36.7005473264714,-0.991053851103347,405,1937.29125976562,35,29,20,2227,50,52,28,37,18.4886302947998,9,50,16,7135,93
36.7359636900935,-0.991053851103347,457,1938.82922363281,39,30,10,2102,48,51,25,36,18.4801750183105,14,50,19,6602,99
36.7401303211078,-0.991053851103347,452,1938.82922363281,39,30,10,2102,48,51,25,36,18.4801750183105,14,50,19,6602,99
36.7588801606724,-0.991053851103347,473,1919.06384277344,42,30,10,2043,38,55,24,34,18.4841785430908,9,60,18,6606,101
36.7755466847299,-0.991053851103347,669,1887.21105957031,45,30,10,1978,38,54,24,31,18.478931427002,3,32,24,6608,99
36.7942965242945,-0.991053851103347,932,1863.5712890625,50,30,40,1921,34,55,26,25,18.4028968811035,5,-12,33,5994,99
36.8192963103806,-0.991053851103347,483,1828.57836914062,50,30,10,1875,35,56,25,24,18.3239097595215,5,86,36,5521,102
36.8276295724093,-0.991053851103347,488,1817.83288574219,49,30,62,1828,37,54,26,25,18.2998485565186,7,-17,50,5699,101
36.8713791980601,-0.991053851103347,493,1782.5087890625,50,30,60,1760,30,57,25,25,18.1774311065674,2,-17,21,4581,104
36.881795775596,-0.991053851103347,534,1773.75561523438,51,30,62,1760,26,57,25,24,18.152135848999,4,9,17,4265,103
36.8922123531319,-0.991053851103347,528,1758.24670410156,52,31,61,1719,24,57,24,24,18.1252155303955,4,-98,40,4250,103
36.9130455082036,-0.991053851103347,560,1705.39990234375,52,31,60,1673,23,57,23,25,18.0445346832275,12,4,34,3739,102
36.9255454012467,-0.991053851103347,576,1682.16650390625,52,31,62,1661,24,59,23,25,18.0178871154785,2,-25,51,3534,102
36.940128609797,-0.991053851103347,571,1653.91821289062,54,31,62,1644,21,58,23,24,17.977424621582,6,24,17,3100,104
36.9630450803759,-0.991053851103347,486,1626.37426757812,55,31,62,1606,18,61,22,23,17.9162883758545,2,20,17,2260,107
36.9692950268975,-0.991053851103347,542,1604.78186035156,55,31,62,1591,17,58,22,23,17.8951778411865,3,-32,17,2141,108
36.6088814441556,-0.993137205139821,622,795.478820800781,48,30,10,2037,24,63,26,27,18.7064208984375,17,-91,8,1079,83
36.6526310698063,-0.993137205139821,461,1925.30651855469,39,29,10,2361,36,58,27,34,18.4944438934326,4,-96,9,3204,94
36.6547143853135,-0.993137205139821,461,1925.30651855469,39,29,10,2361,36,58,27,34,18.4944438934326,4,-96,9,3204,94
36.6942973799499,-0.993137205139821,409,1937.29125976562,35,29,20,2227,50,52,28,37,18.4886302947998,9,50,16,7135,93
36.6963806954571,-0.993137205139821,426,1937.29125976562,35,29,20,2227,50,52,28,37,18.4886302947998,9,50,16,7135,93
36.6984640109643,-0.993137205139821,430,1937.29125976562,35,29,20,2227,50,52,28,37,18.4886302947998,9,50,16,7135,93
36.7026306419786,-0.993137205139821,452,1934.02453613281,35,29,10,2187,42,52,28,37,18.4876155853271,7,-53,15,7096,95
36.7297137435719,-0.993137205139821,408,1942.66149902344,38,30,10,2121,60,52,26,36,18.4806671142578,9,-23,39,6841,98
36.7317970590791,-0.993137205139821,469,1942.66149902344,38,30,10,2121,60,52,26,36,18.4806671142578,9,-23,39,6841,98
36.7505468986437,-0.993137205139821,500,1930.80151367188,41,30,10,2042,39,53,25,34,18.4803371429443,4,-54,15,6785,101
36.7630467916868,-0.993137205139821,472,1902.80017089844,44,30,10,2009,40,52,24,33,18.4934864044189,1,20,20,6530,100
36.7859632622658,-0.993137205139821,869,1869.25170898438,47,30,10,1921,36,55,27,25,18.4275760650635,2,-65,18,6326,99
36.8088797328447,-0.993137205139821,775,1854.74987792969,47,30,40,1889,35,55,28,25,18.3765983581543,6,-5,32,6165,99
36.8172129948734,-0.993137205139821,466,1842.20361328125,50,31,60,1872,33,55,26,25,18.3502330780029,5,-85,41,5953,100
36.8192963103806,-0.993137205139821,496,1828.57836914062,50,30,10,1875,35,56,25,24,18.3239097595215,5,86,36,5521,102
36.8463794119739,-0.993137205139821,517,1796.04150390625,49,30,61,1810,33,57,26,25,18.2499656677246,5,-18,12,5422,102
36.8672125670457,-0.993137205139821,485,1785.01208496094,50,30,60,1775,30,55,24,26,18.2010402679443,9,-63,38,4702,102
36.8692958825529,-0.993137205139821,491,1782.5087890625,50,30,60,1760,30,57,25,25,18.1774311065674,2,-17,21,4581,104
36.8901290376247,-0.993137205139821,555,1758.24670410156,52,31,61,1719,24,57,24,24,18.1252155303955,4,-98,40,4250,103
36.894295668639,-0.993137205139821,553,1743.22497558594,52,31,60,1714,25,58,23,25,18.0967483520508,4,-26,40,4099,103
36.9213787702324,-0.993137205139821,560,1682.16650390625,52,31,62,1661,24,59,23,25,18.0178871154785,2,-25,51,3534,102
36.9234620857395,-0.993137205139821,569,1682.16650390625,52,31,62,1661,24,59,23,25,18.0178871154785,2,-25,51,3534,102
36.9609617648687,-0.993137205139821,501,1626.37426757812,55,31,62,1606,18,61,22,23,17.9162883758545,2,20,17,2260,107
36.9880448664621,-0.993137205139821,474,1552.28527832031,53,31,12,1575,16,57,24,23,17.8551082611084,2,8,31,1817,105
36.6005481821269,-0.995220559176295,752,751.468566894531,42,28,10,1878,19,64,31,27,18.6883525848389,15,-330,11,1223,89
36.6088814441556,-0.995220559176295,579,795.478820800781,48,30,10,2037,24,63,26,27,18.7064208984375,17,-91,8,1079,83
36.6422144922704,-0.995220559176295,516,1727.12646484375,42,29,10,2405,31,59,28,30,18.5193748474121,6,80,15,1792,95
36.6442978077776,-0.995220559176295,502,1871.44555664062,41,29,10,2383,36,58,27,33,18.5080471038818,5,36,19,2493,92
36.6567977008207,-0.995220559176295,493,1925.30651855469,39,29,10,2361,36,58,27,34,18.4944438934326,4,-96,9,3204,94
36.6734642248781,-0.995220559176295,412,1956.80480957031,37,29,10,2315,47,55,29,35,18.471887588501,4,-38,86,4722,91
36.6901307489355,-0.995220559176295,395,1946.39831542969,36,29,10,2239,52,53,30,34,18.4858322143555,5,-73,67,6502,91
36.7338803745863,-0.995220559176295,421,1942.66149902344,38,30,10,2121,60,52,26,36,18.4806671142578,9,-23,39,6841,98
36.7901298932801,-0.995220559176295,889,1869.25170898438,47,30,10,1921,36,55,27,25,18.4275760650635,2,-65,18,6326,99
36.8484627274811,-0.995220559176295,492,1796.04150390625,49,30,61,1810,33,57,26,25,18.2499656677246,5,-18,12,5422,102
36.8880457221175,-0.995220559176295,537,1758.24670410156,52,31,61,1719,24,57,24,24,18.1252155303955,4,-98,40,4250,103
36.9109621926965,-0.995220559176295,564,1705.39990234375,52,31,60,1673,23,57,23,25,18.0445346832275,12,4,34,3739,102
36.9359619787826,-0.995220559176295,526,1653.91821289062,54,31,62,1644,21,58,23,24,17.977424621582,6,24,17,3100,104
36.9484618718257,-0.995220559176295,550,1639.59497070312,53,31,10,1618,18,59,23,24,17.9546928405762,3,-81,21,2842,106
36.9505451873328,-0.995220559176295,555,1639.59497070312,53,31,10,1618,18,59,23,24,17.9546928405762,3,-81,21,2842,106
36.9651283958831,-0.995220559176295,504,1626.37426757812,55,31,62,1606,18,61,22,23,17.9162883758545,2,20,17,2260,107
36.9797116044333,-0.995220559176295,527,1576.70092773438,53,31,62,1583,17,61,24,23,17.8744144439697,2,28,31,1913,104
36.998461443998,-0.995220559176295,508,1536.51647949219,53,31,12,1548,17,56,24,23,17.835844039917,7,-62,62,1985,106
37.0005447595051,-0.995220559176295,483,1536.51647949219,53,31,12,1548,17,56,24,23,17.835844039917,7,-62,62,1985,106
36.5984648666197,-0.997303913212769,811,751.468566894531,42,28,10,1878,19,64,31,27,18.6883525848389,15,-330,11,1223,89
36.6297145992274,-0.997303913212769,550,1420.90710449219,43,29,10,2399,25,60,28,29,18.5372505187988,2,243,15,1491,83
36.6463811232848,-0.997303913212769,494,1871.44555664062,41,29,10,2383,36,58,27,33,18.5080471038818,5,36,19,2493,92
36.6630476473422,-0.997303913212769,480,1948.98706054688,38,29,10,2342,58,58,27,34,18.4815731048584,4,45,46,3816,95
36.6672142783566,-0.997303913212769,473,1948.98706054688,38,29,10,2342,58,58,27,34,18.4815731048584,4,45,46,3816,95
36.6713809093709,-0.997303913212769,400,1956.80480957031,37,29,10,2315,47,55,29,35,18.471887588501,4,-38,86,4722,91
36.6734642248781,-0.997303913212769,384,1956.80480957031,37,29,10,2315,47,55,29,35,18.471887588501,4,-38,86,4722,91
36.6859641179212,-0.997303913212769,379,1946.39831542969,36,29,10,2239,52,53,30,34,18.4858322143555,5,-73,67,6502,91
36.6901307489355,-0.997303913212769,413,1946.39831542969,36,29,10,2239,52,53,30,34,18.4858322143555,5,-73,67,6502,91
36.6963806954571,-0.997303913212769,463,1937.29125976562,35,29,20,2227,50,52,28,37,18.4886302947998,9,50,16,7135,93
36.7088805885002,-0.997303913212769,388,1934.02453613281,35,29,10,2187,42,52,28,37,18.4876155853271,7,-53,15,7096,95
36.7255471125576,-0.997303913212769,401,1941.42456054688,37,30,10,2136,38,54,27,37,18.4817752838135,0,-32,30,7040,96
36.8463794119739,-0.997303913212769,490,1796.04150390625,49,30,61,1810,33,57,26,25,18.2499656677246,5,-18,12,5422,102
36.8609626205242,-0.997303913212769,540,1785.01208496094,50,30,60,1775,30,55,24,26,18.2010402679443,9,-63,38,4702,102
36.8880457221175,-0.997303913212769,524,1758.24670410156,52,31,61,1719,24,57,24,24,18.1252155303955,4,-98,40,4250,103
36.9109621926965,-0.997303913212769,563,1705.39990234375,52,31,60,1673,23,57,23,25,18.0445346832275,12,4,34,3739,102
36.9213787702324,-0.997303913212769,562,1682.16650390625,52,31,62,1661,24,59,23,25,18.0178871154785,2,-25,51,3534,102
36.940128609797,-0.997303913212769,560,1653.91821289062,54,31,62,1644,21,58,23,24,17.977424621582,6,24,17,3100,104
36.9463785563185,-0.997303913212769,525,1639.59497070312,53,31,10,1618,18,59,23,24,17.9546928405762,3,-81,21,2842,106
36.9776282889262,-0.997303913212769,532,1576.70092773438,53,31,62,1583,17,61,24,23,17.8744144439697,2,28,31,1913,104
36.6234646527058,-0.999387267249244,500,1116.3271484375,47,30,10,2258,29,61,26,27,18.5888671875,2,-104,8,1879,78
36.6380478612561,-0.999387267249244,474,1744.37109375,42,29,10,2380,30,57,27,31,18.5308265686035,6,7,14,1660,96
36.6630476473422,-0.999387267249244,468,1946.2001953125,36,29,50,2340,57,58,28,36,18.493932723999,6,-13,76,3705,91
36.6692975938638,-0.999387267249244,422,1947.35961914062,36,29,10,2315,55,55,29,34,18.4869480133057,9,7,26,4602,89
36.7130472195145,-0.999387267249244,413,1927.88000488281,36,29,10,2140,38,54,28,37,18.5001907348633,6,-55,37,7039,97
36.7151305350217,-0.999387267249244,414,1927.88000488281,36,29,10,2140,38,54,28,37,18.5001907348633,6,-55,37,7039,97
36.7276304280648,-0.999387267249244,437,1931.37243652344,40,30,10,2099,37,55,25,35,18.4960308074951,5,-60,47,6925,99
36.7380470056006,-0.999387267249244,407,1929.86157226562,40,30,10,2057,44,53,25,35,18.494047164917,10,-72,45,6989,100
36.7505468986437,-0.999387267249244,507,1924.81787109375,41,30,10,2034,39,57,25,34,18.494421005249,5,-33,54,6949,101
36.7672134227011,-0.999387267249244,434,1897.34899902344,44,30,10,2008,36,55,23,33,18.5063152313232,5,57,18,6630,100
36.7734633692227,-0.999387267249244,684,1883.68835449219,47,30,10,1973,36,54,23,29,18.4868927001953,4,32,58,6420,99
36.777630000237,-0.999387267249244,898,1874.25561523438,50,31,10,1952,35,55,23,27,18.4622173309326,3,34,42,6320,99
36.8047131018304,-0.999387267249244,691,1849.85290527344,49,30,10,1894,34,56,27,25,18.3853778839111,3,-2,33,5901,99
36.8442960964667,-0.999387267249244,497,1792.82849121094,50,30,40,1794,34,56,25,25,18.2568283081055,4,3,43,5266,100
36.8672125670457,-0.999387267249244,515,1778.37707519531,51,30,60,1782,32,55,24,25,18.209135055542,5,2,28,4600,102
36.8859624066103,-0.999387267249244,514,1738.44396972656,51,30,60,1729,24,58,26,24,18.1287975311279,4,49,21,4242,104
36.9047122461749,-0.999387267249244,552,1715.25708007812,52,31,60,1684,23,58,24,25,18.0780849456787,4,51,27,3907,103
36.9151288237108,-0.999387267249244,548,1695.23657226562,53,31,61,1660,23,59,23,24,18.0515556335449,4,-13,54,3735,104
36.9297120322611,-0.999387267249244,535,1655.20080566406,53,31,61,1647,21,58,23,24,18.0012397766113,10,-76,41,3415,105
36.9338786632754,-0.999387267249244,517,1655.20080566406,53,31,61,1647,21,58,23,24,18.0012397766113,10,-76,41,3415,105
36.940128609797,-0.999387267249244,610,1641.16882324219,54,32,62,1624,21,58,23,23,17.9805030822754,1,-12,34,3249,108
36.95262850284,-0.999387267249244,549,1629.0390625,55,31,62,1628,17,58,22,23,17.9406108856201,1,34,29,2467,108
36.9567951338544,-0.999387267249244,555,1629.0390625,55,31,62,1628,17,58,22,23,17.9406108856201,1,34,29,2467,108
36.9588784493616,-0.999387267249244,516,1629.0390625,55,31,62,1628,17,58,22,23,17.9406108856201,1,34,29,2467,108
36.9817949199405,-0.999387267249244,502,1568.01245117188,55,31,10,1568,16,59,22,23,17.8763275146484,1,-43,18,2141,107
37.0067947060267,-0.999387267249244,466,1515.05493164062,55,31,12,1557,22,56,25,20,17.8208427429199,7,14,41,1915,106
36.6047148131412,-1.00147062128572,631,800.077392578125,47,30,120,2014,26,63,26,27,18.7093639373779,21,-242,34,1896,77
36.6172147061843,-1.00147062128572,460,902.572692871094,46,30,40,2223,32,62,26,28,18.6402378082275,12,220,55,977,76
36.625547968213,-1.00147062128572,528,1116.3271484375,47,30,10,2258,29,61,26,27,18.5888671875,2,-104,8,1879,78
36.6588810163279,-1.00147062128572,498,1924.05114746094,40,30,10,2375,66,58,26,35,18.5064487457275,8,-39,31,3137,92
36.7692967382083,-1.00147062128572,423,1883.68835449219,47,30,10,1973,36,54,23,29,18.4868927001953,4,32,58,6420,99
36.7797133157442,-1.00147062128572,883,1874.25561523438,50,31,10,1952,35,55,23,27,18.4622173309326,3,34,42,6320,99
36.8151296793663,-1.00147062128572,442,1840.08666992188,50,30,10,1894,38,54,26,24,18.3605670928955,4,34,30,5631,99
36.8442960964667,-1.00147062128572,484,1792.82849121094,50,30,40,1794,34,56,25,25,18.2568283081055,4,3,43,5266,100
36.8463794119739,-1.00147062128572,515,1792.82849121094,50,30,40,1794,34,56,25,25,18.2568283081055,4,3,43,5266,100
36.8963789841462,-1.00147062128572,529,1727.25427246094,51,31,60,1705,24,57,24,24,18.1029014587402,5,23,22,4020,104
36.9005456151606,-1.00147062128572,526,1727.25427246094,51,31,60,1705,24,57,24,24,18.1029014587402,5,23,22,4020,104
36.9255454012467,-1.00147062128572,541,1671.91455078125,52,31,62,1644,20,58,23,24,18.0248508453369,5,-44,58,3790,105
36.9276287167539,-1.00147062128572,521,1655.20080566406,53,31,61,1647,21,58,23,24,18.0012397766113,10,-76,41,3415,105
36.9359619787826,-1.00147062128572,515,1641.16882324219,54,32,62,1624,21,58,23,23,17.9805030822754,1,-12,34,3249,108
36.9776282889262,-1.00147062128572,522,1568.01245117188,55,31,10,1568,16,59,22,23,17.8763275146484,1,-43,18,2141,107
36.9963781284908,-1.00147062128572,530,1534.33703613281,56,31,12,1575,17,56,24,21,17.8413276672363,2,71,33,1608,110
36.5984648666197,-1.00355397532219,822,748.02392578125,42,27,10,1887,20,63,31,27,18.6908798217773,27,-341,11,1965,86
36.6026314976341,-1.00355397532219,694,800.077392578125,47,30,120,2014,26,63,26,27,18.7093639373779,21,-242,34,1896,77
36.6172147061843,-1.00355397532219,467,902.572692871094,46,30,40,2223,32,62,26,28,18.6402378082275,12,220,55,977,76
36.6297145992274,-1.00355397532219,542,1461.43151855469,43,29,10,2405,28,59,28,29,18.548547744751,4,319,12,807,83
36.6338812302417,-1.00355397532219,562,1461.43151855469,43,29,10,2405,28,59,28,29,18.548547744751,4,319,12,807,83
36.6380478612561,-1.00355397532219,525,1744.37109375,42,29,10,2380,30,57,27,31,18.5308265686035,6,7,14,1660,96
36.6547143853135,-1.00355397532219,505,1924.05114746094,40,30,10,2375,66,58,26,35,18.5064487457275,8,-39,31,3137,92
36.6817974869068,-1.00355397532219,417,1941.48046875,35,29,10,2268,55,56,29,35,18.4979686737061,6,-22,70,5600,91
36.6859641179212,-1.00355397532219,431,1935.40832519531,36,29,10,2234,48,54,29,36,18.5028114318848,4,-39,18,6241,92
36.706797272993,-1.00355397532219,446,1926.61389160156,35,29,10,2173,39,53,28,37,18.5024127960205,5,-48,29,7086,95
36.7338803745863,-1.00355397532219,452,1931.37243652344,40,30,10,2099,37,55,25,35,18.4960308074951,5,-60,47,6925,99
36.7630467916868,-1.00355397532219,417,1897.34899902344,44,30,10,2008,36,55,23,33,18.5063152313232,5,57,18,6630,100
36.7755466847299,-1.00355397532219,842,1883.68835449219,47,30,10,1973,36,54,23,29,18.4868927001953,4,32,58,6420,99
36.8109630483519,-1.00355397532219,485,1840.08666992188,50,30,10,1894,38,54,26,24,18.3605670928955,4,34,30,5631,99
36.8172129948734,-1.00355397532219,462,1840.08666992188,50,30,10,1894,38,54,26,24,18.3605670928955,4,34,30,5631,99
36.8213796258878,-1.00355397532219,469,1827.83251953125,49,30,40,1839,34,54,26,24,18.3337497711182,6,30,44,5784,99
36.8380461499452,-1.00355397532219,485,1803.28430175781,49,30,10,1813,35,56,26,25,18.280948638916,4,-39,51,5259,100
36.8547126740026,-1.00355397532219,532,1785.25964355469,50,31,10,1793,32,56,24,26,18.2333183288574,2,32,56,5023,102
36.9255454012467,-1.00355397532219,536,1671.91455078125,52,31,62,1644,20,58,23,24,18.0248508453369,5,-44,58,3790,105
36.9317953477682,-1.00355397532219,523,1655.20080566406,53,31,61,1647,21,58,23,24,18.0012397766113,10,-76,41,3415,105
36.9838782354477,-1.00355397532219,499,1568.01245117188,55,31,10,1568,16,59,22,23,17.8763275146484,1,-43,18,2141,107
36.6130480751699,-1.00563732935867,462,902.572692871094,46,30,40,2223,32,62,26,28,18.6402378082275,12,220,55,977,76
36.6151313906771,-1.00563732935867,464,902.572692871094,46,30,40,2223,32,62,26,28,18.6402378082275,12,220,55,977,76
36.6213813371987,-1.00563732935867,477,1116.3271484375,47,30,10,2258,29,61,26,27,18.5888671875,2,-104,8,1879,78
36.6297145992274,-1.00563732935867,517,1461.43151855469,43,29,10,2405,28,59,28,29,18.548547744751,4,319,12,807,83
36.6422144922704,-1.00563732935867,494,1744.37109375,42,29,10,2380,30,57,27,31,18.5308265686035,6,7,14,1660,96
36.6630476473422,-1.00563732935867,446,1946.2001953125,36,29,50,2340,57,58,28,36,18.493932723999,6,-13,76,3705,91
36.6797141713997,-1.00563732935867,376,1941.48046875,35,29,10,2268,55,56,29,35,18.4979686737061,6,-22,70,5600,91
36.6817974869068,-1.00563732935867,411,1941.48046875,35,29,10,2268,55,56,29,35,18.4979686737061,6,-22,70,5600,91
36.7005473264714,-1.00563732935867,459,1929.77905273438,36,29,10,2201,40,55,28,37,18.5030059814453,6,9,41,7013,94
36.7047139574858,-1.00563732935867,461,1926.61389160156,35,29,10,2173,39,53,28,37,18.5024127960205,5,-48,29,7086,95
36.7338803745863,-1.00563732935867,469,1931.37243652344,40,30,10,2099,37,55,25,35,18.4960308074951,5,-60,47,6925,99
36.7484635831365,-1.00563732935867,492,1924.81787109375,41,30,10,2034,39,57,25,34,18.494421005249,5,-33,54,6949,101
36.7547135296581,-1.00563732935867,456,1913.68273925781,43,30,10,2015,40,53,24,34,18.503267288208,5,-30,61,6770,101
36.8088797328447,-1.00563732935867,483,1849.85290527344,49,30,10,1894,34,56,27,25,18.3853778839111,3,-2,33,5901,99
36.8630459360314,-1.00563732935867,505,1778.37707519531,51,30,60,1782,32,55,24,25,18.209135055542,5,2,28,4600,102
36.8734625135672,-1.00563732935867,537,1768.25073242188,50,30,61,1731,34,56,26,25,18.1817054748535,4,-132,38,4988,102
36.9026289306677,-1.00563732935867,518,1715.25708007812,52,31,60,1684,23,58,24,25,18.0780849456787,4,51,27,3907,103
36.9255454012467,-1.00563732935867,524,1671.91455078125,52,31,62,1644,20,58,23,24,18.0248508453369,5,-44,58,3790,105
36.9276287167539,-1.00563732935867,525,1655.20080566406,53,31,61,1647,21,58,23,24,18.0012397766113,10,-76,41,3415,105
36.9359619787826,-1.00563732935867,519,1641.16882324219,54,32,62,1624,21,58,23,23,17.9805030822754,1,-12,34,3249,108
36.5984648666197,-1.00772068339514,884,748.724853515625,42,28,10,1843,23,64,31,27,18.6923046112061,23,-458,5,2164,83
36.6151313906771,-1.00772068339514,461,926.919128417969,47,30,62,2276,30,60,26,27,18.6361198425293,9,399,11,483,75
36.6297145992274,-1.00772068339514,510,1504.85778808594,46,30,10,2397,28,60,27,28,18.557825088501,3,251,11,606,92
36.6755475403853,-1.00772068339514,350,1947.58630371094,36,29,10,2308,56,57,30,35,18.4987010955811,3,-62,24,4343,88
36.6776308558925,-1.00772068339514,361,1941.93896484375,35,28,40,2258,48,54,31,35,18.5071506500244,7,-64,65,5483,90
36.7401303211078,-1.00772068339514,450,1925.09045410156,41,30,10,2069,44,55,25,34,18.5076122283936,5,9,29,6456,100
36.7463802676294,-1.00772068339514,480,1920.83227539062,42,30,10,2048,43,55,24,34,18.5097351074219,4,-1,22,6365,100
36.7630467916868,-1.00772068339514,358,1891.16943359375,46,30,10,1992,36,55,23,31,18.5173225402832,5,68,24,6400,100
36.7692967382083,-1.00772068339514,445,1877.63879394531,49,31,10,1969,40,55,24,27,18.4946994781494,4,17,42,6253,99
36.7734633692227,-1.00772068339514,464,1877.63879394531,49,31,10,1969,40,55,24,27,18.4946994781494,4,17,42,6253,99
36.8463794119739,-1.00772068339514,517,1792.1474609375,50,30,10,1810,33,56,24,26,18.2657909393311,6,-12,29,4940,99
36.8484627274811,-1.00772068339514,530,1792.1474609375,50,30,10,1810,33,56,24,26,18.2657909393311,6,-12,29,4940,99
36.8505460429883,-1.00772068339514,539,1792.1474609375,50,30,10,1810,33,56,24,26,18.2657909393311,6,-12,29,4940,99
36.8526293584955,-1.00772068339514,547,1781.18237304688,51,30,10,1788,32,55,24,26,18.2411098480225,4,3,39,4889,100
36.9213787702324,-1.00772068339514,538,1670.17443847656,53,31,62,1651,22,59,23,24,18.0343894958496,5,21,25,3698,106
36.9234620857395,-1.00772068339514,525,1670.17443847656,53,31,62,1651,22,59,23,24,18.0343894958496,5,21,25,3698,106
36.9255454012467,-1.00772068339514,531,1670.17443847656,53,31,62,1651,22,59,23,24,18.0343894958496,5,21,25,3698,106
36.9338786632754,-1.00772068339514,518,1652.41027832031,54,31,62,1639,21,59,22,24,18.009765625,4,16,31,3352,108
36.940128609797,-1.00772068339514,542,1632.76782226562,54,31,60,1622,21,58,23,24,17.9849720001221,9,-105,43,3249,106
36.9797116044333,-1.00772068339514,497,1551.51611328125,56,31,10,1570,17,58,23,21,17.8788204193115,2,-31,23,2117,108
37.0088780215338,-1.00772068339514,462,1509.94018554688,57,31,62,1559,18,57,23,20,17.8249759674072,3,9,22,1698,109
36.6067981286484,-1.00980403743161,540,809.979736328125,47,30,30,2137,27,63,26,27,18.6917667388916,18,281,41,1566,70
36.6755475403853,-1.00980403743161,350,1947.58630371094,36,29,10,2308,56,57,30,35,18.4987010955811,3,-62,24,4343,88
36.7130472195145,-1.00980403743161,485,1926.77258300781,37,29,10,2155,40,55,26,37,18.5124320983887,5,21,21,6662,97
36.7297137435719,-1.00980403743161,482,1926.07312011719,41,30,10,2106,39,54,25,35,18.5089950561523,5,31,23,6593,100
36.7547135296581,-1.00980403743161,450,1908.87097167969,43,30,10,2012,39,52,24,34,18.5214710235596,2,25,43,6448,100
36.7567968451653,-1.00980403743161,477,1908.87097167969,43,30,10,2012,39,52,24,34,18.5214710235596,2,25,43,6448,100
36.7609634761796,-1.00980403743161,403,1891.16943359375,46,30,10,1992,36,55,23,31,18.5173225402832,5,68,24,6400,100
36.7755466847299,-1.00980403743161,667,1877.63879394531,49,31,10,1969,40,55,24,27,18.4946994781494,4,17,42,6253,99
36.7963798398016,-1.00980403743161,659,1852.79016113281,48,30,40,1904,36,56,26,26,18.418062210083,5,6,36,5917,100
36.7984631553088,-1.00980403743161,539,1852.79016113281,48,30,40,1904,36,56,26,26,18.418062210083,5,6,36,5917,100
36.8255462569021,-1.00980403743161,521,1821.7529296875,48,30,10,1866,36,55,27,24,18.3423309326172,5,93,22,5454,100
36.8276295724093,-1.00980403743161,520,1812.24194335938,49,30,60,1841,37,56,27,24,18.3170986175537,4,63,43,5243,100
36.8567959895098,-1.00980403743161,524,1781.18237304688,51,30,10,1788,32,55,24,26,18.2411098480225,4,3,39,4889,100
36.8901290376247,-1.00980403743161,535,1723.15478515625,49,30,60,1690,24,59,26,25,18.1323528289795,7,-90,24,4274,103
36.9088788771893,-1.00980403743161,535,1702.71411132812,52,31,62,1674,19,59,25,24,18.084379196167,2,13,40,4195,105
36.9109621926965,-1.00980403743161,517,1687.33679199219,52,31,60,1663,24,59,25,24,18.0589008331299,6,2,44,3811,105
36.9234620857395,-1.00980403743161,568,1670.17443847656,53,31,62,1651,22,59,23,24,18.0343894958496,5,21,25,3698,106
36.9359619787826,-1.00980403743161,540,1632.76782226562,54,31,60,1622,21,58,23,24,17.9849720001221,9,-105,43,3249,106
36.9442952408113,-1.00980403743161,553,1617.30041503906,54,31,62,1626,20,58,23,23,17.963773727417,2,37,26,2855,108
36.9797116044333,-1.00980403743161,484,1551.51611328125,56,31,10,1570,17,58,23,21,17.8788204193115,2,-31,23,2117,108
36.998461443998,-1.00980403743161,488,1525.0419921875,58,31,62,1560,17,59,23,19,17.8444557189941,5,27,29,1973,111
37.0005447595051,-1.00980403743161,477,1525.0419921875,58,31,62,1560,17,59,23,19,17.8444557189941,5,27,29,1973,111
36.6109647596628,-1.01188739146809,479,926.919128417969,47,30,62,2276,30,60,26,27,18.6361198425293,9,399,11,483,75
36.6317979147345,-1.01188739146809,538,1504.85778808594,46,30,10,2397,28,60,27,28,18.557825088501,3,251,11,606,92
36.6422144922704,-1.01188739146809,575,1758.22082519531,44,30,10,2386,34,57,25,31,18.5435085296631,2,4,14,1406,98
36.6755475403853,-1.01188739146809,363,1947.58630371094,36,29,10,2308,56,57,30,35,18.4987010955811,3,-62,24,4343,88
36.6922140644427,-1.01188739146809,427,1937.76916503906,35,28,10,2221,54,54,30,35,18.5124626159668,8,-92,33,6190,92
36.7130472195145,-1.01188739146809,484,1926.77258300781,37,29,10,2155,40,55,26,37,18.5124320983887,5,21,21,6662,97
36.7151305350217,-1.01188739146809,490,1926.77258300781,37,29,10,2155,40,55,26,37,18.5124320983887,5,21,21,6662,97
36.7380470056006,-1.01188739146809,479,1925.09045410156,41,30,10,2069,44,55,25,34,18.5076122283936,5,9,29,6456,100
36.7505468986437,-1.01188739146809,511,1920.83227539062,42,30,10,2048,43,55,24,34,18.5097351074219,4,-1,22,6365,100
36.7630467916868,-1.01188739146809,401,1891.16943359375,46,30,10,1992,36,55,23,31,18.5173225402832,5,68,24,6400,100
36.7672134227011,-1.01188739146809,434,1891.16943359375,46,30,10,1992,36,55,23,31,18.5173225402832,5,68,24,6400,100
36.7942965242945,-1.01188739146809,622,1852.79016113281,48,30,40,1904,36,56,26,26,18.418062210083,5,6,36,5917,100
36.8026297863232,-1.01188739146809,534,1842.90319824219,48,30,40,1902,40,55,27,25,18.3920516967773,7,1,37,5537,100
36.8151296793663,-1.01188739146809,486,1832.53002929688,49,30,62,1858,34,55,27,25,18.3671207427979,6,-40,29,5704,100
36.8192963103806,-1.01188739146809,516,1821.7529296875,48,30,10,1866,36,55,27,24,18.3423309326172,5,93,22,5454,100
36.8401294654524,-1.01188739146809,499,1802.94543457031,49,31,10,1830,39,56,25,25,18.2925930023193,6,126,34,5320,100
36.8692958825529,-1.01188739146809,538,1759.16076660156,51,30,60,1748,29,57,25,25,18.1906223297119,1,63,49,4455,103
36.9151288237108,-1.01188739146809,534,1687.33679199219,52,31,60,1663,24,59,25,24,18.0589008331299,6,2,44,3811,105
36.9255454012467,-1.01188739146809,605,1670.17443847656,53,31,62,1651,22,59,23,24,18.0343894958496,5,21,25,3698,106
36.9359619787826,-1.01188739146809,537,1632.76782226562,54,31,60,1622,21,58,23,24,17.9849720001221,9,-105,43,3249,106
36.9963781284908,-1.01188739146809,474,1525.0419921875,58,31,62,1560,17,59,23,19,17.8444557189941,5,27,29,1973,111
36.5984648666197,-1.01397074550456,823,748.724853515625,42,28,10,1843,23,64,31,27,18.6923046112061,23,-458,5,2164,83
36.6859641179212,-1.01397074550456,369,1937.76916503906,35,28,10,2221,54,54,30,35,18.5124626159668,8,-92,33,6190,92
36.7255471125576,-1.01397074550456,501,1926.1962890625,39,29,10,2127,39,55,25,35,18.5108413696289,2,-1,39,6571,99
36.7692967382083,-1.01397074550456,466,1877.63879394531,49,31,10,1969,40,55,24,27,18.4946994781494,4,17,42,6253,99
36.7734633692227,-1.01397074550456,505,1877.63879394531,49,31,10,1969,40,55,24,27,18.4946994781494,4,17,42,6253,99
36.8088797328447,-1.01397074550456,514,1842.90319824219,48,30,40,1902,40,55,27,25,18.3920516967773,7,1,37,5537,100
36.8630459360314,-1.01397074550456,528,1770.76672363281,50,30,60,1783,32,56,25,25,18.2158145904541,7,37,22,4538,102
36.8755458290744,-1.01397074550456,557,1759.16076660156,51,30,60,1748,29,57,25,25,18.1906223297119,1,63,49,4455,103
36.894295668639,-1.01397074550456,563,1712.45385742188,50,31,10,1693,22,59,26,25,18.1085720062256,3,-4,48,4110,105
36.9047122461749,-1.01397074550456,509,1702.71411132812,52,31,62,1674,19,59,25,24,18.084379196167,2,13,40,4195,105
36.9213787702324,-1.01397074550456,565,1670.17443847656,53,31,62,1651,22,59,23,24,18.0343894958496,5,21,25,3698,106
36.9297120322611,-1.01397074550456,529,1652.41027832031,54,31,62,1639,21,59,22,24,18.009765625,4,16,31,3352,108
36.940128609797,-1.01397074550456,539,1632.76782226562,54,31,60,1622,21,58,23,24,17.9849720001221,9,-105,43,3249,106
37.0005447595051,-1.01397074550456,445,1525.0419921875,58,31,62,1560,17,59,23,19,17.8444557189941,5,27,29,1973,111
36.5942982356053,-1.01605409954104,765,752.199462890625,43,28,10,1849,25,64,31,26,18.7136383056641,26,-498,5,2618,82
36.6005481821269,-1.01605409954104,761,752.199462890625,43,28,10,1849,25,64,31,26,18.7136383056641,26,-498,5,2618,82
36.6151313906771,-1.01605409954104,457,946.068603515625,47,30,62,2247,27,60,27,27,18.6461524963379,2,204,10,590,76
36.6359645457489,-1.01605409954104,547,1733.58862304688,45,30,10,2405,30,58,25,30,18.556339263916,6,146,17,1024,97
36.6380478612561,-1.01605409954104,548,1733.58862304688,45,30,10,2405,30,58,25,30,18.556339263916,6,146,17,1024,97
36.6567977008207,-1.01605409954104,511,1908.54296875,41,30,10,2411,36,58,24,35,18.5321922302246,6,167,19,2248,94
36.6734642248781,-1.01605409954104,369,1954.07836914062,35,29,50,2314,51,54,29,36,18.508960723877,3,-20,79,3903,87
36.7026306419786,-1.01605409954104,502,1934.2001953125,36,29,10,2180,45,53,27,37,18.5239658355713,2,-7,21,6350,94
36.7901298932801,-1.01605409954104,483,1852.05139160156,51,31,10,1904,37,57,24,25,18.4484729766846,6,-80,46,6042,100
36.800546470816,-1.01605409954104,501,1840.57507324219,50,31,10,1898,37,55,25,26,18.4227352142334,4,24,27,5704,100
36.8067964173375,-1.01605409954104,517,1828.02490234375,51,31,10,1879,35,55,24,25,18.3975830078125,2,31,50,5646,100
36.8276295724093,-1.01605409954104,513,1803.38989257812,50,31,60,1819,37,57,26,25,18.322940826416,3,-27,24,5335,99
36.8338795189309,-1.01605409954104,514,1803.38989257812,50,31,60,1819,37,57,26,25,18.322940826416,3,-27,24,5335,99
36.858879305017,-1.01605409954104,537,1772.52734375,49,30,40,1748,34,56,26,25,18.2476482391357,3,-72,45,5145,100
36.8609626205242,-1.01605409954104,538,1756.36645507812,51,30,60,1735,29,56,25,25,18.2176551818848,9,-63,47,4895,101
36.8859624066103,-1.01605409954104,545,1713.7529296875,50,30,61,1686,25,58,25,25,18.1384105682373,6,-109,36,4306,103
36.8922123531319,-1.01605409954104,544,1713.7529296875,50,30,61,1686,25,58,25,25,18.1384105682373,6,-109,36,4306,103
36.894295668639,-1.01605409954104,578,1700.27526855469,50,31,60,1692,23,59,25,25,18.1150455474854,6,52,35,4324,108
36.9047122461749,-1.01605409954104,541,1688.95849609375,51,31,61,1660,22,57,24,25,18.0895729064941,1,-116,34,4248,104
36.917212139218,-1.01605409954104,545,1674.94152832031,52,31,60,1664,23,60,25,23,18.0645999908447,6,39,39,3737,107
36.9255454012467,-1.01605409954104,540,1664.08923339844,54,32,62,1651,22,58,23,23,18.0420017242432,2,30,27,3486,107
36.9463785563185,-1.01605409954104,572,1600.12341308594,55,31,62,1621,20,59,22,24,17.9683456420898,4,53,17,2917,109
36.9484618718257,-1.01605409954104,566,1600.12341308594,55,31,62,1621,20,59,22,24,17.9683456420898,4,53,17,2917,109
36.9588784493616,-1.01605409954104,524,1587.02014160156,55,31,62,1604,18,62,22,23,17.9468822479248,1,-10,20,2702,110
36.9630450803759,-1.01605409954104,529,1579.212890625,54,31,62,1582,18,59,24,22,17.9262294769287,1,-36,17,2744,108
36.9776282889262,-1.01605409954104,458,1539.65222167969,56,31,62,1561,16,60,24,20,17.8824768066406,1,-72,22,2175,109
37.0005447595051,-1.01605409954104,470,1509.35595703125,58,31,62,1561,16,58,23,19,17.8459758758545,2,31,18,1908,110
37.0026280750123,-1.01605409954104,438,1499.57348632812,59,31,10,1553,16,59,22,19,17.8286762237549,1,33,15,1782,112
37.0609609092133,-1.01605409954104,388,1399.4853515625,57,30,10,1496,11,57,26,17,17.727029800415,3,-49,13,1236,111
36.6005481821269,-1.01813745357751,751,752.199462890625,43,28,10,1849,25,64,31,26,18.7136383056641,26,-498,5,2618,82
36.6109647596628,-1.01813745357751,473,946.068603515625,47,30,62,2247,27,60,27,27,18.6461524963379,2,204,10,590,76
36.6297145992274,-1.01813745357751,502,1510.17956542969,46,30,10,2411,29,60,26,28,18.5686378479004,3,348,13,483,93
36.6463811232848,-1.01813745357751,527,1831.86047363281,43,30,10,2382,39,58,24,33,18.544319152832,9,-81,56,1886,96
36.648464438792,-1.01813745357751,519,1831.86047363281,43,30,10,2382,39,58,24,33,18.544319152832,9,-81,56,1886,96
36.6526310698063,-1.01813745357751,556,1908.54296875,41,30,10,2411,36,58,24,35,18.5321922302246,6,167,19,2248,94
36.6672142783566,-1.01813745357751,431,1948.37487792969,38,30,10,2362,56,56,27,36,18.5197429656982,8,17,93,3091,88
36.719297166036,-1.01813745357751,505,1925.15905761719,42,30,10,2116,42,53,24,34,18.5234527587891,5,14,29,6343,98
36.7213804815432,-1.01813745357751,492,1925.15905761719,42,30,10,2116,42,53,24,34,18.5234527587891,5,14,29,6343,98
36.7317970590791,-1.01813745357751,547,1923.38342285156,42,30,10,2084,46,53,24,35,18.5226211547852,4,-57,30,6358,98
36.7484635831365,-1.01813745357751,427,1917.59130859375,42,30,10,2026,38,52,24,35,18.5253200531006,5,-17,22,6291,98
36.7567968451653,-1.01813745357751,407,1902.91784667969,43,30,10,1992,39,52,23,34,18.5385189056396,4,-52,29,6306,98
36.765130107194,-1.01813745357751,474,1879.32531738281,45,30,10,1969,41,54,23,31,18.5230731964111,8,-76,35,6300,99
36.7672134227011,-1.01813745357751,452,1879.32531738281,45,30,10,1969,41,54,23,31,18.5230731964111,8,-76,35,6300,99
36.7817966312514,-1.01813745357751,435,1858.1201171875,50,30,10,1946,38,56,26,25,18.4752445220947,4,78,20,6161,101
36.7901298932801,-1.01813745357751,484,1852.05139160156,51,31,10,1904,37,57,24,25,18.4484729766846,6,-80,46,6042,100
36.7963798398016,-1.01813745357751,454,1840.57507324219,50,31,10,1898,37,55,25,26,18.4227352142334,4,24,27,5704,100
36.8463794119739,-1.01813745357751,547,1788.14428710938,49,30,40,1794,33,57,25,26,18.274263381958,6,6,37,5063,102
36.9047122461749,-1.01813745357751,559,1688.95849609375,51,31,61,1660,22,57,24,25,18.0895729064941,1,-116,34,4248,104
36.917212139218,-1.01813745357751,524,1674.94152832031,52,31,60,1664,23,60,25,23,18.0645999908447,6,39,39,3737,107
36.9276287167539,-1.01813745357751,522,1649.77941894531,53,31,60,1622,20,59,24,24,18.0181159973145,4,-43,40,3480,107
36.9359619787826,-1.01813745357751,509,1625.06188964844,54,31,62,1636,22,59,22,24,17.9930820465088,4,49,23,3138,107
36.9567951338544,-1.01813745357751,512,1587.02014160156,55,31,62,1604,18,62,22,23,17.9468822479248,1,-10,20,2702,110
36.9588784493616,-1.01813745357751,511,1587.02014160156,55,31,62,1604,18,62,22,23,17.9468822479248,1,-10,20,2702,110
36.9692950268975,-1.01813745357751,459,1563.08874511719,55,31,61,1580,17,59,24,21,17.9043273925781,4,16,19,2299,108
36.975544973419,-1.01813745357751,443,1563.08874511719,55,31,61,1580,17,59,24,21,17.9043273925781,4,16,19,2299,108
36.9838782354477,-1.01813745357751,475,1539.65222167969,56,31,62,1561,16,60,24,20,17.8824768066406,1,-72,22,2175,109
37.0255445455913,-1.01813745357751,397,1477.58435058594,57,31,62,1528,16,58,24,20,17.7925128936768,2,-22,50,1645,112
36.5963815511125,-1.02022080761399,827,752.199462890625,43,28,10,1849,25,64,31,26,18.7136383056641,26,-498,5,2618,82
36.6088814441556,-1.02022080761399,559,818.614562988281,47,30,62,2127,35,61,26,27,18.7032241821289,22,117,36,1150,74
36.6692975938638,-1.02022080761399,419,1954.07836914062,35,29,50,2314,51,54,29,36,18.508960723877,3,-20,79,3903,87
36.6713809093709,-1.02022080761399,404,1954.07836914062,35,29,50,2314,51,54,29,36,18.508960723877,3,-20,79,3903,87
36.6755475403853,-1.02022080761399,371,1954.07836914062,35,29,50,2314,51,54,29,36,18.508960723877,3,-20,79,3903,87
36.7734633692227,-1.02022080761399,431,1863.25769042969,47,30,10,1955,38,55,26,27,18.4986724853516,5,26,39,6135,100
36.8901290376247,-1.02022080761399,528,1713.7529296875,50,30,61,1686,25,58,25,25,18.1384105682373,6,-109,36,4306,103
36.9047122461749,-1.02022080761399,564,1688.95849609375,51,31,61,1660,22,57,24,25,18.0895729064941,1,-116,34,4248,104
36.9422119253041,-1.02022080761399,557,1625.06188964844,54,31,62,1636,22,59,22,24,17.9930820465088,4,49,23,3138,107
36.9901281819692,-1.02022080761399,416,1520.33850097656,56,31,10,1555,19,57,24,20,17.8618640899658,3,-16,9,2168,109
37.2588758823953,-1.02022080761399,414,1348.3203125,52,30,10,1400,12,56,29,19,17.4111442565918,6,-131,42,318,102
36.5984648666197,-1.02230416165046,752,752.199462890625,43,28,10,1849,25,64,31,26,18.7136383056641,26,-498,5,2618,82
36.6026314976341,-1.02230416165046,638,818.614562988281,47,30,62,2127,35,61,26,27,18.7032241821289,22,117,36,1150,74
36.6172147061843,-1.02230416165046,518,946.068603515625,47,30,62,2247,27,60,27,27,18.6461524963379,2,204,10,590,76
36.6234646527058,-1.02230416165046,520,1185.89038085938,46,29,62,2344,30,58,28,27,18.5905914306641,22,-16,91,1099,75
36.6422144922704,-1.02230416165046,531,1733.58862304688,45,30,10,2405,30,58,25,30,18.556339263916,6,146,17,1024,97
36.6547143853135,-1.02230416165046,536,1908.54296875,41,30,10,2411,36,58,24,35,18.5321922302246,6,167,19,2248,94
36.6588810163279,-1.02230416165046,534,1908.54296875,41,30,10,2411,36,58,24,35,18.5321922302246,6,167,19,2248,94
36.6859641179212,-1.02230416165046,309,1947.63098144531,35,28,10,2247,48,54,30,34,18.5189781188965,5,1,29,5552,91
36.7026306419786,-1.02230416165046,496,1934.2001953125,36,29,10,2180,45,53,27,37,18.5239658355713,2,-7,21,6350,94
36.7317970590791,-1.02230416165046,522,1923.38342285156,42,30,10,2084,46,53,24,35,18.5226211547852,4,-57,30,6358,98
36.7401303211078,-1.02230416165046,472,1921.81176757812,41,29,10,2064,49,54,24,35,18.5214157104492,2,-58,21,6172,98
36.7484635831365,-1.02230416165046,447,1917.59130859375,42,30,10,2026,38,52,24,35,18.5253200531006,5,-17,22,6291,98
36.7880465777729,-1.02230416165046,484,1852.05139160156,51,31,10,1904,37,57,24,25,18.4484729766846,6,-80,46,6042,100
36.823462941395,-1.02230416165046,504,1807.83215332031,50,31,40,1832,30,54,25,24,18.3462009429932,5,-9,49,5464,99
36.8317962034237,-1.02230416165046,495,1803.38989257812,50,31,60,1819,37,57,26,25,18.322940826416,3,-27,24,5335,99
36.8442960964667,-1.02230416165046,543,1788.14428710938,49,30,40,1794,33,57,25,26,18.274263381958,6,6,37,5063,102
36.8567959895098,-1.02230416165046,527,1772.52734375,49,30,40,1748,34,56,26,25,18.2476482391357,3,-72,45,5145,100
36.8630459360314,-1.02230416165046,517,1756.36645507812,51,30,60,1735,29,56,25,25,18.2176551818848,9,-63,47,4895,101
36.9234620857395,-1.02230416165046,502,1664.08923339844,54,32,62,1651,22,58,23,23,18.0420017242432,2,30,27,3486,107
36.9338786632754,-1.02230416165046,501,1649.77941894531,53,31,60,1622,20,59,24,24,18.0181159973145,4,-43,40,3480,107
36.9359619787826,-1.02230416165046,493,1625.06188964844,54,31,62,1636,22,59,22,24,17.9930820465088,4,49,23,3138,107
36.9942948129836,-1.02230416165046,416,1509.35595703125,58,31,62,1561,16,58,23,19,17.8459758758545,2,31,18,1908,110
37.0297111766056,-1.02230416165046,396,1477.23071289062,54,31,62,1529,14,56,25,21,17.7757549285889,5,-93,33,1689,110
37.2609591979024,-1.02230416165046,380,1300.86608886719,52,30,10,1364,12,57,28,20,17.394889831543,5,-223,55,611,101
37.2651258289168,-1.02230416165046,373,1300.86608886719,52,30,10,1364,12,57,28,20,17.394889831543,5,-223,55,611,101
36.6130480751699,-1.02438751568693,487,965.143127441406,46,30,10,2249,30,61,26,27,18.6561164855957,2,169,8,536,78
36.6151313906771,-1.02438751568693,498,965.143127441406,46,30,10,2249,30,61,26,27,18.6561164855957,2,169,8,536,78
36.6547143853135,-1.02438751568693,531,1877.02709960938,42,29,10,2409,33,57,25,34,18.544900894165,2,166,20,1840,93
36.6651309628494,-1.02438751568693,471,1936.39904785156,40,29,10,2373,55,56,25,36,18.5325183868408,6,94,19,2450,90
36.6755475403853,-1.02438751568693,337,1951.02734375,36,29,10,2353,53,56,27,37,18.5205974578857,3,128,32,3348,89
36.7047139574858,-1.02438751568693,465,1927.60192871094,36,29,10,2186,41,54,28,36,18.5384922027588,1,57,30,5950,93
36.719297166036,-1.02438751568693,467,1914.35412597656,41,30,10,2124,53,52,25,35,18.5355243682861,7,110,49,6005,97
36.7359636900935,-1.02438751568693,468,1916.01403808594,42,30,10,2069,42,54,24,35,18.5323295593262,3,18,36,5989,97
36.7380470056006,-1.02438751568693,469,1916.01403808594,42,30,10,2069,42,54,24,35,18.5323295593262,3,18,36,5989,97
36.7442969521222,-1.02438751568693,440,1912.93981933594,42,30,10,2041,42,55,24,34,18.5352191925049,6,62,16,5956,98
36.7547135296581,-1.02438751568693,452,1895.53686523438,43,31,10,1982,45,52,23,33,18.5471858978271,3,-5,29,6159,97
36.800546470816,-1.02438751568693,503,1820.17541503906,49,30,10,1851,34,56,26,26,18.4233551025391,5,-201,60,6130,100
36.8213796258878,-1.02438751568693,507,1791.79943847656,50,31,10,1826,30,55,26,24,18.3519763946533,2,-45,18,5434,99
36.823462941395,-1.02438751568693,507,1791.79943847656,50,31,10,1826,30,55,26,24,18.3519763946533,2,-45,18,5434,99
36.835962834438,-1.02438751568693,518,1786.67590332031,50,31,10,1789,34,55,25,24,18.3051834106445,4,-75,45,5138,100
36.8505460429883,-1.02438751568693,539,1776.60559082031,50,31,10,1778,33,57,25,25,18.2803916931152,4,37,49,4921,102
36.8797124600888,-1.02438751568693,558,1720.98291015625,50,31,60,1719,29,57,24,26,18.1748485565186,2,74,41,4297,104
36.8880457221175,-1.02438751568693,537,1705.37939453125,51,31,61,1692,24,58,23,25,18.1450347900391,4,-66,24,4268,104
36.9547118183472,-1.02438751568693,542,1569.00463867188,54,31,10,1599,19,60,22,24,17.9517440795898,4,9,16,2936,109
36.9567951338544,-1.02438751568693,547,1569.00463867188,54,31,10,1599,19,60,22,24,17.9517440795898,4,9,16,2936,109
36.9588784493616,-1.02438751568693,541,1569.00463867188,54,31,10,1599,19,60,22,24,17.9517440795898,4,9,16,2936,109
37.0651275402277,-1.02438751568693,408,1390.89025878906,55,29,12,1492,16,58,28,16,17.736536026001,3,-46,12,1096,110
37.2276261497876,-1.02438751568693,419,1328.11962890625,52,30,12,1423,12,58,28,20,17.4637584686279,4,-44,29,481,101
37.2484593048594,-1.02438751568693,412,1365.90234375,53,30,10,1413,12,58,28,19,17.4324913024902,3,-72,9,541,103
36.6088814441556,-1.02647086972341,594,829.676208496094,47,30,10,2082,41,59,26,27,18.7200889587402,23,-129,35,1673,77
36.6276312837202,-1.02647086972341,520,1479.33605957031,47,30,10,2360,29,61,26,27,18.5812549591064,3,40,13,619,91
36.7047139574858,-1.02647086972341,433,1927.60192871094,36,29,10,2186,41,54,28,36,18.5384922027588,1,57,30,5950,93
36.7317970590791,-1.02647086972341,478,1915.38635253906,41,30,10,2089,41,51,24,35,18.5338821411133,3,-6,23,5942,96
36.765130107194,-1.02647086972341,452,1862.91577148438,47,30,10,1961,36,54,24,30,18.528133392334,6,70,27,6143,98
36.7838799467586,-1.02647086972341,475,1836.25915527344,48,30,10,1923,37,54,27,25,18.4778060913086,2,35,40,5963,102
36.8067964173375,-1.02647086972341,502,1805.93212890625,50,30,40,1864,36,57,25,25,18.3978004455566,5,-21,44,5594,99
36.835962834438,-1.02647086972341,528,1786.67590332031,50,31,10,1789,34,55,25,24,18.3051834106445,4,-75,45,5138,100
36.8463794119739,-1.02647086972341,548,1776.60559082031,50,31,10,1778,33,57,25,25,18.2803916931152,4,37,49,4921,102
36.8505460429883,-1.02647086972341,525,1776.60559082031,50,31,10,1778,33,57,25,25,18.2803916931152,4,37,49,4921,102
36.8526293584955,-1.02647086972341,535,1760.21704101562,50,30,10,1773,32,55,25,25,18.25368309021,4,50,15,4752,102
36.8630459360314,-1.02647086972341,553,1741.78393554688,51,31,10,1742,31,56,24,25,18.2245483398438,7,15,29,4953,102
36.8672125670457,-1.02647086972341,542,1741.78393554688,51,31,10,1742,31,56,24,25,18.2245483398438,7,15,29,4953,102
36.8776291445816,-1.02647086972341,558,1720.98291015625,50,31,60,1719,29,57,24,26,18.1748485565186,2,74,41,4297,104
36.8797124600888,-1.02647086972341,572,1720.98291015625,50,31,60,1719,29,57,24,26,18.1748485565186,2,74,41,4297,104
36.9255454012467,-1.02647086972341,551,1650.89392089844,53,31,60,1651,22,60,22,25,18.0465030670166,3,23,21,3524,106
36.9359619787826,-1.02647086972341,537,1612.10119628906,54,31,62,1607,21,59,21,24,17.9979972839355,3,-47,18,3390,107
36.9505451873328,-1.02647086972341,533,1583.88195800781,55,31,62,1585,19,59,22,24,17.9732208251953,2,-43,14,3168,108
36.9609617648687,-1.02647086972341,542,1562.13525390625,54,31,12,1598,20,60,24,22,17.9313812255859,2,62,17,2547,107
36.9651283958831,-1.02647086972341,473,1562.13525390625,54,31,12,1598,20,60,24,22,17.9313812255859,2,62,17,2547,107
36.9901281819692,-1.02647086972341,395,1517.58081054688,55,31,62,1564,17,58,26,19,17.8712520599365,3,29,24,2114,110
37.010961337041,-1.02647086972341,420,1486.28820800781,60,31,10,1545,12,62,22,18,17.8147201538086,1,23,8,1767,115
37.0213779145769,-1.02647086972341,356,1481.556640625,56,30,10,1539,13,59,25,18,17.7978687286377,0,25,11,1599,118
37.0276278610985,-1.02647086972341,393,1473.98059082031,55,30,12,1520,15,56,26,19,17.7799625396729,5,7,15,1528,110
37.2380427273235,-1.02647086972341,390,1351.02478027344,52,30,12,1421,9,58,29,19,17.4482936859131,4,-17,16,468,102
37.244292673845,-1.02647086972341,357,1365.90234375,53,30,10,1413,12,58,28,19,17.4324913024902,3,-72,9,541,103
37.2505426203665,-1.02647086972341,386,1365.90234375,53,30,10,1413,12,58,28,19,17.4324913024902,3,-72,9,541,103
37.2526259358737,-1.02647086972341,395,1374.53454589844,52,30,12,1423,11,56,29,19,17.416919708252,1,19,6,394,105
37.2547092513809,-1.02647086972341,388,1374.53454589844,52,30,12,1423,11,56,29,19,17.416919708252,1,19,6,394,105
36.6172147061843,-1.02855422375988,562,965.143127441406,46,30,10,2249,30,61,26,27,18.6561164855957,2,169,8,536,78
36.6297145992274,-1.02855422375988,517,1479.33605957031,47,30,10,2360,29,61,26,27,18.5812549591064,3,40,13,619,91
36.6359645457489,-1.02855422375988,569,1670.17993164062,46,30,10,2369,36,57,25,30,18.5691928863525,6,-17,14,1052,94
36.6526310698063,-1.02855422375988,521,1877.02709960938,42,29,10,2409,33,57,25,34,18.544900894165,2,166,20,1840,93
36.7047139574858,-1.02855422375988,407,1927.60192871094,36,29,10,2186,41,54,28,36,18.5384922027588,1,57,30,5950,93
36.7151305350217,-1.02855422375988,461,1916.79992675781,38,29,10,2159,40,53,27,35,18.5388069152832,2,107,16,5957,95
36.7401303211078,-1.02855422375988,435,1916.01403808594,42,30,10,2069,42,54,24,35,18.5323295593262,3,18,36,5989,97
36.7463802676294,-1.02855422375988,415,1912.93981933594,42,30,10,2041,42,55,24,34,18.5352191925049,6,62,16,5956,98
36.7484635831365,-1.02855422375988,432,1912.93981933594,42,30,10,2041,42,55,24,34,18.5352191925049,6,62,16,5956,98
36.7588801606724,-1.02855422375988,459,1895.53686523438,43,31,10,1982,45,52,23,33,18.5471858978271,3,-5,29,6159,97
36.7734633692227,-1.02855422375988,400,1839.67346191406,48,30,10,1920,41,55,25,27,18.4995994567871,10,-121,47,6157,100
36.7880465777729,-1.02855422375988,485,1833.11157226562,47,30,10,1906,35,57,28,25,18.4519004821777,4,47,23,5766,101
36.7901298932801,-1.02855422375988,495,1833.11157226562,47,30,10,1906,35,57,28,25,18.4519004821777,4,47,23,5766,101
36.8547126740026,-1.02855422375988,571,1760.21704101562,50,30,10,1773,32,55,25,25,18.25368309021,4,50,15,4752,102
36.894295668639,-1.02855422375988,570,1690.74230957031,51,31,62,1667,23,60,24,25,18.1204662322998,4,-27,36,4179,107
36.9130455082036,-1.02855422375988,522,1661.41235351562,53,31,60,1634,22,57,22,25,18.0689792633057,5,-91,31,4023,105
36.9276287167539,-1.02855422375988,535,1638.04431152344,54,31,60,1641,21,59,21,24,18.0242099761963,3,63,17,3259,108
36.9567951338544,-1.02855422375988,512,1569.00463867188,54,31,10,1599,19,60,22,24,17.9517440795898,4,9,16,2936,109
36.9588784493616,-1.02855422375988,513,1569.00463867188,54,31,10,1599,19,60,22,24,17.9517440795898,4,9,16,2936,109
36.9672117113903,-1.02855422375988,484,1562.13525390625,54,31,12,1598,20,60,24,22,17.9313812255859,2,62,17,2547,107
37.0151279680554,-1.02855422375988,437,1486.28820800781,60,31,10,1545,12,62,22,18,17.8147201538086,1,23,8,1767,115
37.03387780762,-1.02855422375988,409,1473.98059082031,55,30,12,1520,15,56,26,19,17.7799625396729,5,7,15,1528,110
37.2317927808019,-1.02855422375988,410,1328.11962890625,52,30,12,1423,12,58,28,20,17.4637584686279,4,-44,29,481,101
37.2734590909455,-1.02855422375988,413,1285.78186035156,53,30,10,1360,12,56,27,20,17.3840045928955,1,-109,37,876,97
36.5942982356053,-1.03063757779636,850,759.527893066406,44,28,62,1981,25,63,31,26,18.749885559082,29,-68,41,2850,80
36.6026314976341,-1.03063757779636,556,829.676208496094,47,30,10,2082,41,59,26,27,18.7200889587402,23,-129,35,1673,77
36.660964331835,-1.03063757779636,542,1936.39904785156,40,29,10,2373,55,56,25,36,18.5325183868408,6,94,19,2450,90
36.6672142783566,-1.03063757779636,497,1936.39904785156,40,29,10,2373,55,56,25,36,18.5325183868408,6,94,19,2450,90
36.6922140644427,-1.03063757779636,335,1950.17321777344,35,29,10,2253,56,52,30,35,18.5273666381836,7,20,44,5330,89
36.7088805885002,-1.03063757779636,413,1927.60192871094,36,29,10,2186,41,54,28,36,18.5384922027588,1,57,30,5950,93
36.7151305350217,-1.03063757779636,442,1916.79992675781,38,29,10,2159,40,53,27,35,18.5388069152832,2,107,16,5957,95
36.7359636900935,-1.03063757779636,447,1916.01403808594,42,30,10,2069,42,54,24,35,18.5323295593262,3,18,36,5989,97
36.7734633692227,-1.03063757779636,412,1839.67346191406,48,30,10,1920,41,55,25,27,18.4995994567871,10,-121,47,6157,100
36.7838799467586,-1.03063757779636,468,1836.25915527344,48,30,10,1923,37,54,27,25,18.4778060913086,2,35,40,5963,102
36.7942965242945,-1.03063757779636,492,1820.17541503906,49,30,10,1851,34,56,26,26,18.4233551025391,5,-201,60,6130,100
36.8567959895098,-1.03063757779636,560,1760.21704101562,50,30,10,1773,32,55,25,25,18.25368309021,4,50,15,4752,102
36.8838790911031,-1.03063757779636,599,1720.98291015625,50,31,60,1719,29,57,24,26,18.1748485565186,2,74,41,4297,104
36.8859624066103,-1.03063757779636,600,1705.37939453125,51,31,61,1692,24,58,23,25,18.1450347900391,4,-66,24,4268,104
36.8880457221175,-1.03063757779636,602,1705.37939453125,51,31,61,1692,24,58,23,25,18.1450347900391,4,-66,24,4268,104
36.9422119253041,-1.03063757779636,583,1612.10119628906,54,31,62,1607,21,59,21,24,17.9979972839355,3,-47,18,3390,107
36.9463785563185,-1.03063757779636,559,1583.88195800781,55,31,62,1585,19,59,22,24,17.9732208251953,2,-43,14,3168,108
37.0172112835626,-1.03063757779636,359,1486.28820800781,60,31,10,1545,12,62,22,18,17.8147201538086,1,23,8,1767,115
37.0255445455913,-1.03063757779636,386,1481.556640625,56,30,10,1539,13,59,25,18,17.7978687286377,0,25,11,1599,118
37.0422110696487,-1.03063757779636,395,1462.21130371094,53,29,12,1526,11,58,27,20,17.7638874053955,1,14,6,1361,108
37.2172095722517,-1.03063757779636,393,1295.43957519531,53,31,10,1428,14,57,27,21,17.4942417144775,7,-56,20,176,99
37.2234595187732,-1.03063757779636,390,1305.84094238281,54,30,20,1421,12,60,28,19,17.4789428710938,1,-107,8,468,101
37.2401260428307,-1.03063757779636,381,1351.02478027344,52,30,12,1421,9,58,29,19,17.4482936859131,4,-17,16,468,102
37.2609591979024,-1.03063757779636,447,1357.55432128906,53,30,12,1428,10,58,28,20,17.4012050628662,1,101,19,327,104
37.2692924599312,-1.03063757779636,453,1285.78186035156,53,30,10,1360,12,56,27,20,17.3840045928955,1,-109,37,876,97
37.2713757754383,-1.03063757779636,429,1285.78186035156,53,30,10,1360,12,56,27,20,17.3840045928955,1,-109,37,876,97
36.6005481821269,-1.03272093183283,582,768.160278320312,45,29,10,2009,40,58,29,26,18.7774219512939,9,208,11,1829,76
36.6172147061843,-1.03272093183283,547,1008.828125,46,30,10,2290,29,60,27,27,18.6580333709717,5,253,10,122,79
36.6338812302417,-1.03272093183283,607,1506.43542480469,48,30,10,2350,28,62,25,27,18.5939884185791,1,-23,14,595,98
36.6651309628494,-1.03272093183283,512,1917.33312988281,39,29,10,2367,53,57,27,35,18.5451622009277,5,62,10,2239,91
36.6672142783566,-1.03272093183283,503,1917.33312988281,39,29,10,2367,53,57,27,35,18.5451622009277,5,62,10,2239,91
36.6859641179212,-1.03272093183283,315,1938.85424804688,36,29,50,2266,60,53,31,32,18.5438098907471,8,57,58,4779,89
36.7297137435719,-1.03272093183283,451,1888.73034667969,41,30,10,2102,42,52,24,35,18.5534248352051,1,123,49,5670,98
36.7442969521222,-1.03272093183283,441,1889.69274902344,44,30,10,2026,44,54,22,34,18.5563297271729,2,17,30,5683,98
36.8172129948734,-1.03272093183283,517,1774.03015136719,49,31,10,1839,37,56,26,26,18.3773136138916,5,58,21,5418,99
36.8276295724093,-1.03272093183283,501,1772.35998535156,50,31,10,1805,37,57,26,25,18.3346157073975,5,-17,44,5059,100
36.8380461499452,-1.03272093183283,492,1768.62976074219,50,31,10,1775,40,55,25,25,18.3104591369629,6,-28,37,4983,102
36.8442960964667,-1.03272093183283,519,1758.79809570312,50,31,60,1765,32,55,25,25,18.2846355438232,6,-15,37,4985,101
36.8734625135672,-1.03272093183283,542,1718.80358886719,51,31,60,1721,39,55,24,25,18.2046737670898,4,39,54,4764,106
36.8901290376247,-1.03272093183283,565,1696.46130371094,52,31,10,1681,27,59,23,25,18.1513252258301,5,0,25,4340,105
36.9026289306677,-1.03272093183283,589,1665.12561035156,52,31,10,1665,21,62,23,25,18.1022815704346,3,10,24,3899,108
36.95262850284,-1.03272093183283,530,1562.71911621094,54,31,60,1604,19,56,22,24,17.960750579834,2,62,38,2810,113
36.9588784493616,-1.03272093183283,478,1562.71911621094,54,31,60,1604,19,56,22,24,17.960750579834,2,62,38,2810,113
36.9838782354477,-1.03272093183283,451,1525.291015625,55,31,12,1567,18,58,25,21,17.8963661193848,2,1,15,2270,110
36.9963781284908,-1.03272093183283,438,1500.05322265625,57,31,10,1553,15,60,24,19,17.8579807281494,2,16,12,2027,114
36.998461443998,-1.03272093183283,451,1500.05322265625,57,31,10,1553,15,60,24,19,17.8579807281494,2,16,12,2027,114
37.0234612300841,-1.03272093183283,383,1477.501953125,56,30,12,1539,13,62,26,18,17.8005409240723,1,29,10,1679,112
37.0422110696487,-1.03272093183283,436,1440.22937011719,54,29,12,1522,13,58,28,19,17.7691764831543,3,39,7,1498,111
37.0484610161702,-1.03272093183283,436,1421.36145019531,51,28,12,1497,14,60,30,19,17.7566947937012,4,-39,20,1599,108
37.0505443316774,-1.03272093183283,429,1421.36145019531,51,28,12,1497,14,60,30,19,17.7566947937012,4,-39,20,1599,108
37.0588775937061,-1.03272093183283,405,1409.25756835938,51,28,12,1504,12,60,31,19,17.7465038299561,3,-33,6,1508,111
37.0755441177636,-1.03272093183283,414,1405.42590332031,47,27,40,1504,11,63,35,18,17.7248363494873,1,31,10,992,117
37.2151262567445,-1.03272093183283,428,1263.46423339844,56,31,10,1425,13,60,25,20,17.499231338501,4,-92,15,616,101
37.2276261497876,-1.03272093183283,414,1368.38500976562,51,29,12,1450,10,59,31,18,17.4694747924805,2,74,15,311,109
37.2338760963091,-1.03272093183283,403,1368.38500976562,51,29,12,1450,10,59,31,18,17.4694747924805,2,74,15,311,109
37.2505426203665,-1.03272093183283,398,1417.64978027344,52,30,12,1426,11,57,29,19,17.438081741333,1,-20,16,528,103
37.2588758823953,-1.03272093183283,435,1416.18090820312,54,30,12,1423,12,56,29,18,17.42214012146,1,-9,15,479,109
37.2692924599312,-1.03272093183283,500,1364.92431640625,50,30,61,1423,16,57,28,22,17.3900527954102,1,116,23,442,107
36.6026314976341,-1.0348042858693,602,849.890502929688,46,30,120,2178,40,60,27,27,18.7251510620117,16,147,47,1305,75
36.6047148131412,-1.0348042858693,600,849.890502929688,46,30,120,2178,40,60,27,27,18.7251510620117,16,147,47,1305,75
36.6088814441556,-1.0348042858693,565,849.890502929688,46,30,120,2178,40,60,27,27,18.7251510620117,16,147,47,1305,75
36.6130480751699,-1.0348042858693,509,1008.828125,46,30,10,2290,29,60,27,27,18.6580333709717,5,253,10,122,79
36.6526310698063,-1.0348042858693,518,1850.11315917969,41,30,10,2375,40,57,24,34,18.5575485229492,6,4,24,1819,90
36.6567977008207,-1.0348042858693,514,1850.11315917969,41,30,10,2375,40,57,24,34,18.5575485229492,6,4,24,1819,90
36.683880802414,-1.0348042858693,324,1938.56616210938,35,29,50,2300,50,53,30,34,18.5358772277832,7,45,76,4059,89
36.6901307489355,-1.0348042858693,332,1938.85424804688,36,29,50,2266,60,53,31,32,18.5438098907471,8,57,58,4779,89
36.7005473264714,-1.0348042858693,329,1929.40380859375,35,29,50,2204,51,53,32,33,18.55126953125,7,13,54,5651,88
36.7172138505289,-1.0348042858693,488,1889.23266601562,38,30,10,2110,40,54,28,35,18.5623569488525,2,-126,20,6090,93
36.7380470056006,-1.0348042858693,456,1891.4111328125,43,30,10,2059,43,52,23,35,18.5524921417236,2,44,52,5826,97
36.7547135296581,-1.0348042858693,445,1875.80920410156,45,30,10,2018,46,52,23,33,18.5579662322998,4,150,36,5697,98
36.7859632622658,-1.0348042858693,516,1822.71484375,47,30,40,1881,34,56,28,25,18.4540214538574,5,-49,26,5790,101
36.8067964173375,-1.0348042858693,502,1786.44958496094,49,30,10,1844,35,56,26,25,18.4012832641602,14,42,49,5663,100
36.8109630483519,-1.0348042858693,563,1774.03015136719,49,31,10,1839,37,56,26,26,18.3773136138916,5,58,21,5418,99
36.8255462569021,-1.0348042858693,475,1771.20703125,49,30,10,1822,33,55,26,25,18.3567161560059,6,41,40,5406,101
36.8776291445816,-1.0348042858693,544,1710.02062988281,51,31,10,1697,28,58,23,26,18.1786651611328,4,-42,35,4577,104
36.894295668639,-1.0348042858693,570,1680.70141601562,51,31,10,1677,24,59,23,25,18.1262092590332,2,-10,49,4143,107
36.9151288237108,-1.0348042858693,547,1649.10595703125,53,31,10,1633,23,59,22,24,18.0763301849365,1,-38,25,3960,107
36.9713783424046,-1.0348042858693,472,1542.69177246094,54,32,12,1555,19,59,24,22,17.9184532165527,7,-57,60,2770,108
36.9942948129836,-1.0348042858693,443,1500.05322265625,57,31,10,1553,15,60,24,19,17.8579807281494,2,16,12,2027,114
37.0067947060267,-1.0348042858693,423,1490.857421875,58,31,12,1545,16,60,23,19,17.8385105133057,7,11,32,2108,111
37.0547109626918,-1.0348042858693,405,1409.25756835938,51,28,12,1504,12,60,31,19,17.7465038299561,3,-33,6,1508,111
37.056794278199,-1.0348042858693,425,1409.25756835938,51,28,12,1504,12,60,31,19,17.7465038299561,3,-33,6,1508,111
37.0734608022564,-1.0348042858693,453,1405.42590332031,47,27,40,1504,11,63,35,18,17.7248363494873,1,31,10,992,117
37.092210641821,-1.0348042858693,445,1359.21789550781,50,29,190,1455,10,56,31,19,17.71262550354,1,-145,38,1088,105
37.0984605883425,-1.0348042858693,434,1324.626953125,54,30,190,1454,11,59,28,18,17.7022838592529,4,-152,13,706,105
37.1776265776153,-1.0348042858693,470,1121.71643066406,55,30,10,1426,13,59,26,18,17.5594577789307,1,-83,9,596,104
37.267209144424,-1.0348042858693,522,1408.84252929688,52,31,12,1426,14,56,28,21,17.406364440918,1,69,11,449,111
36.5922149200982,-1.03688763990578,878,725.386535644531,40,27,120,1809,19,66,34,26,18.7262020111084,31,-191,6,2951,84
36.5984648666197,-1.03688763990578,653,768.160278320312,45,29,10,2009,40,58,29,26,18.7774219512939,9,208,11,1829,76
36.6130480751699,-1.03688763990578,514,1008.828125,46,30,10,2290,29,60,27,27,18.6580333709717,5,253,10,122,79
36.6463811232848,-1.03688763990578,567,1753.37109375,43,29,10,2352,33,57,24,34,18.5698051452637,3,-117,14,1649,96
36.6567977008207,-1.03688763990578,572,1850.11315917969,41,30,10,2375,40,57,24,34,18.5575485229492,6,4,24,1819,90
36.660964331835,-1.03688763990578,575,1917.33312988281,39,29,10,2367,53,57,27,35,18.5451622009277,5,62,10,2239,91
36.6797141713997,-1.03688763990578,393,1938.56616210938,35,29,50,2300,50,53,30,34,18.5358772277832,7,45,76,4059,89
36.6963806954571,-1.03688763990578,360,1929.40380859375,35,29,50,2204,51,53,32,33,18.55126953125,7,13,54,5651,88
36.7088805885002,-1.03688763990578,420,1908.330078125,37,29,10,2133,44,54,30,33,18.559684753418,6,-126,20,6081,91
36.7172138505289,-1.03688763990578,519,1889.23266601562,38,30,10,2110,40,54,28,35,18.5623569488525,2,-126,20,6090,93
36.7213804815432,-1.03688763990578,545,1884.75830078125,40,30,10,2091,46,52,25,35,18.5587425231934,11,-36,42,5887,95
36.7401303211078,-1.03688763990578,445,1891.4111328125,43,30,10,2059,43,52,23,35,18.5524921417236,2,44,52,5826,97
36.7672134227011,-1.03688763990578,463,1848.86975097656,46,30,10,1936,38,53,25,29,18.5368003845215,7,-116,38,6063,95
36.7797133157442,-1.03688763990578,458,1828.44116210938,47,30,10,1903,41,55,28,26,18.4807662963867,10,-201,19,6084,100
36.8088797328447,-1.03688763990578,520,1786.44958496094,49,30,10,1844,35,56,26,25,18.4012832641602,14,42,49,5663,100
36.8276295724093,-1.03688763990578,496,1772.35998535156,50,31,10,1805,37,57,26,25,18.3346157073975,5,-17,44,5059,100
36.8463794119739,-1.03688763990578,505,1758.79809570312,50,31,60,1765,32,55,25,25,18.2846355438232,6,-15,37,4985,101
36.8651292515385,-1.03688763990578,541,1729.48864746094,51,31,10,1736,32,57,24,25,18.2312698364258,0,-8,31,4651,103
36.8984622996534,-1.03688763990578,558,1680.70141601562,51,31,10,1677,24,59,23,25,18.1262092590332,2,-10,49,4143,107
36.9255454012467,-1.03688763990578,506,1637.94250488281,53,31,10,1643,21,58,21,25,18.0522537231445,6,38,18,3570,108
36.9567951338544,-1.03688763990578,460,1562.71911621094,54,31,60,1604,19,56,22,24,17.960750579834,2,62,38,2810,113
36.9692950268975,-1.03688763990578,462,1542.69177246094,54,32,12,1555,19,59,24,22,17.9184532165527,7,-57,60,2770,108
36.9859615509549,-1.03688763990578,474,1512.51037597656,56,31,12,1563,16,58,24,19,17.8779067993164,3,21,18,2110,113
36.9942948129836,-1.03688763990578,429,1500.05322265625,57,31,10,1553,15,60,24,19,17.8579807281494,2,16,12,2027,114
37.0588775937061,-1.03688763990578,442,1409.25756835938,51,28,12,1504,12,60,31,19,17.7465038299561,3,-33,6,1508,111
37.2047096792086,-1.03688763990578,461,1232.08972167969,53,30,20,1422,12,64,28,19,17.5143260955811,0,-111,14,611,102
37.2276261497876,-1.03688763990578,429,1368.38500976562,51,29,12,1450,10,59,31,18,17.4694747924805,2,74,15,311,109
37.2317927808019,-1.03688763990578,441,1368.38500976562,51,29,12,1450,10,59,31,18,17.4694747924805,2,74,15,311,109
37.2505426203665,-1.03688763990578,396,1417.64978027344,52,30,12,1426,11,57,29,19,17.438081741333,1,-20,16,528,103
37.267209144424,-1.03688763990578,479,1408.84252929688,52,31,12,1426,14,56,28,21,17.406364440918,1,69,11,449,111
36.6213813371987,-1.03897099394225,546,1255.73449707031,47,30,62,2372,27,60,28,26,18.6122379302979,0,148,26,68,87
36.625547968213,-1.03897099394225,499,1255.73449707031,47,30,62,2372,27,60,28,26,18.6122379302979,0,148,26,68,87
36.6442978077776,-1.03897099394225,535,1753.37109375,43,29,10,2352,33,57,24,34,18.5698051452637,3,-117,14,1649,96
36.6734642248781,-1.03897099394225,422,1936.21374511719,36,29,10,2294,55,56,29,35,18.5350036621094,2,-128,75,3489,86
36.683880802414,-1.03897099394225,330,1938.56616210938,35,29,50,2300,50,53,30,34,18.5358772277832,7,45,76,4059,89
36.6880474334284,-1.03897099394225,333,1938.85424804688,36,29,50,2266,60,53,31,32,18.5438098907471,8,57,58,4779,89
36.7088805885002,-1.03897099394225,441,1908.330078125,37,29,10,2133,44,54,30,33,18.559684753418,6,-126,20,6081,91
36.7380470056006,-1.03897099394225,444,1891.4111328125,43,30,10,2059,43,52,23,35,18.5524921417236,2,44,52,5826,97
36.7588801606724,-1.03897099394225,454,1875.80920410156,45,30,10,2018,46,52,23,33,18.5579662322998,4,150,36,5697,98
36.7734633692227,-1.03897099394225,439,1830.66259765625,46,30,10,1921,41,53,28,27,18.5067367553711,6,-200,17,5940,99
36.7755466847299,-1.03897099394225,450,1830.66259765625,46,30,10,1921,41,53,28,27,18.5067367553711,6,-200,17,5940,99
36.8047131018304,-1.03897099394225,511,1786.44958496094,49,30,10,1844,35,56,26,25,18.4012832641602,14,42,49,5663,100
36.9026289306677,-1.03897099394225,541,1665.12561035156,52,31,10,1665,21,62,23,25,18.1022815704346,3,10,24,3899,108
36.9297120322611,-1.03897099394225,498,1625.39929199219,53,31,60,1619,20,57,21,26,18.028491973877,7,-44,24,3380,108
36.9338786632754,-1.03897099394225,528,1625.39929199219,53,31,60,1619,20,57,21,26,18.028491973877,7,-44,24,3380,108
36.9609617648687,-1.03897099394225,443,1556.51184082031,54,31,62,1593,18,56,24,22,17.9420299530029,3,75,15,2710,111
36.975544973419,-1.03897099394225,490,1542.69177246094,54,32,12,1555,19,59,24,22,17.9184532165527,7,-57,60,2770,108
36.9859615509549,-1.03897099394225,453,1512.51037597656,56,31,12,1563,16,58,24,19,17.8779067993164,3,21,18,2110,113
36.9963781284908,-1.03897099394225,438,1500.05322265625,57,31,10,1553,15,60,24,19,17.8579807281494,2,16,12,2027,114
37.0005447595051,-1.03897099394225,455,1500.05322265625,57,31,10,1553,15,60,24,19,17.8579807281494,2,16,12,2027,114
37.0526276471846,-1.03897099394225,434,1409.25756835938,51,28,12,1504,12,60,31,19,17.7465038299561,3,-33,6,1508,111
37.0713774867492,-1.03897099394225,413,1405.42590332031,47,27,40,1504,11,63,35,18,17.7248363494873,1,31,10,992,117
37.1047105348641,-1.03897099394225,445,1306.82397460938,53,30,190,1451,11,56,29,19,17.6890659332275,4,-153,29,604,106
37.1067938503712,-1.03897099394225,433,1306.82397460938,53,30,190,1451,11,56,29,19,17.6890659332275,4,-153,29,604,106
37.1109604813856,-1.03897099394225,402,1314.88671875,54,30,190,1482,12,62,29,18,17.6750202178955,3,21,6,292,104
37.1151271123999,-1.03897099394225,422,1314.88671875,54,30,190,1482,12,62,29,18,17.6750202178955,3,21,6,292,104
37.1776265776153,-1.03897099394225,436,1121.71643066406,55,30,10,1426,13,59,26,18,17.5594577789307,1,-83,9,596,104
37.1880431551512,-1.03897099394225,450,1161.82775878906,54,30,20,1449,13,61,28,18,17.5445709228516,6,31,6,211,99
37.2026263637014,-1.03897099394225,463,1232.08972167969,53,30,20,1422,12,64,28,19,17.5143260955811,0,-111,14,611,102
37.2297094652948,-1.03897099394225,469,1368.38500976562,51,29,12,1450,10,59,31,18,17.4694747924805,2,74,15,311,109
37.2401260428307,-1.03897099394225,441,1409.67395019531,51,30,12,1438,10,60,30,19,17.4540538787842,3,27,23,385,105
37.2713757754383,-1.03897099394225,510,1364.92431640625,50,30,61,1423,16,57,28,22,17.3900527954102,1,116,23,442,107
37.2734590909455,-1.03897099394225,547,1364.92431640625,50,30,61,1423,16,57,28,22,17.3900527954102,1,116,23,442,107
36.6151313906771,-1.04105434797873,489,1076.33935546875,47,30,62,2293,25,58,27,26,18.6492881774902,15,146,11,459,78
36.648464438792,-1.04105434797873,537,1778.66418457031,42,30,10,2367,38,55,24,34,18.5823421478271,5,35,52,1389,98
36.660964331835,-1.04105434797873,508,1907.27673339844,37,29,50,2369,52,57,29,35,18.5577487945557,11,160,73,2007,90
36.6776308558925,-1.04105434797873,421,1927.97485351562,36,29,10,2280,55,53,32,32,18.5529880523682,2,-95,88,3971,87
36.6984640109643,-1.04105434797873,354,1918.20153808594,35,29,10,2205,51,52,32,33,18.5639038085938,3,-5,58,5430,89
36.7088805885002,-1.04105434797873,448,1892.91040039062,37,29,10,2121,50,52,30,34,18.5718555450439,7,-68,30,5874,90
36.7172138505289,-1.04105434797873,552,1867.931640625,38,30,10,2108,42,53,27,36,18.5771217346191,5,-74,40,5922,94
36.7234637970504,-1.04105434797873,485,1861.78430175781,39,30,10,2068,44,52,25,35,18.5765075683594,5,-121,40,5896,95
36.7942965242945,-1.04105434797873,519,1818.13098144531,48,30,10,1824,35,56,27,25,18.4375400543213,3,-158,15,5834,99
36.8401294654524,-1.04105434797873,531,1744.65063476562,50,31,10,1761,31,55,25,24,18.313591003418,7,-13,46,5197,101
36.8442960964667,-1.04105434797873,495,1739.02404785156,51,31,10,1758,31,56,25,25,18.2881889343262,4,-18,42,5059,102
36.8776291445816,-1.04105434797873,576,1701.669921875,51,31,10,1688,28,58,23,25,18.1847915649414,2,12,26,4429,106
36.8880457221175,-1.04105434797873,549,1689.08911132812,51,31,10,1686,26,59,23,26,18.1584300994873,9,86,15,4431,106
36.9317953477682,-1.04105434797873,504,1613.74755859375,53,31,62,1624,19,61,21,25,18.036111831665,1,30,27,3410,113
36.9463785563185,-1.04105434797873,493,1571.52709960938,54,31,62,1587,21,57,21,25,17.9889240264893,7,-11,32,3402,108
36.9609617648687,-1.04105434797873,446,1542.89685058594,55,31,60,1586,20,58,22,23,17.9466495513916,1,36,47,2676,113
36.9692950268975,-1.04105434797873,470,1529.23120117188,54,31,62,1580,20,58,24,22,17.9262237548828,4,44,17,2417,109
36.9963781284908,-1.04105434797873,440,1491.61437988281,55,30,12,1551,14,59,26,19,17.8646354675293,2,12,7,2102,115
37.0317944921128,-1.04105434797873,442,1448.44006347656,54,30,10,1526,13,60,26,20,17.7884368896484,5,-20,12,1626,110
37.0859606952994,-1.04105434797873,449,1374.99719238281,45,27,190,1496,7,63,38,18,17.7139225006104,2,57,4,705,113
37.1901264706584,-1.04105434797873,461,1139.19396972656,55,30,10,1426,11,62,26,18,17.5495586395264,2,-67,16,693,106
37.2359594118163,-1.04105434797873,507,1441.30297851562,52,30,12,1453,13,57,29,19,17.4594020843506,3,66,23,416,105
37.2422093583378,-1.04105434797873,488,1441.30297851562,52,30,12,1453,13,57,29,19,17.4594020843506,3,66,23,416,105
37.2776257219599,-1.04105434797873,469,1354.78515625,50,30,12,1412,10,57,30,20,17.3778991699219,5,119,26,665,96
36.7005473264714,-1.0431377020152,347,1918.20153808594,35,29,10,2205,51,52,32,33,18.5639038085938,3,-5,58,5430,89
36.7026306419786,-1.0431377020152,349,1892.91040039062,37,29,10,2121,50,52,30,34,18.5718555450439,7,-68,30,5874,90
36.7213804815432,-1.0431377020152,529,1861.78430175781,39,30,10,2068,44,52,25,35,18.5765075683594,5,-121,40,5896,95
36.7297137435719,-1.0431377020152,438,1864.49243164062,41,30,10,2039,38,51,24,35,18.5769424438477,5,-96,30,5904,97
36.7380470056006,-1.0431377020152,416,1859.81958007812,42,30,10,2027,45,52,24,34,18.5859565734863,9,-92,40,5673,97
36.742213636615,-1.0431377020152,419,1859.81958007812,42,30,10,2027,45,52,24,34,18.5859565734863,9,-92,40,5673,97
36.7484635831365,-1.0431377020152,411,1853.52355957031,43,30,10,2019,41,52,24,34,18.587194442749,7,52,17,5661,97
36.7547135296581,-1.0431377020152,432,1850.58557128906,44,30,10,1994,40,54,25,31,18.5742702484131,7,-71,45,5845,100
36.765130107194,-1.0431377020152,423,1848.33703613281,47,30,10,1948,43,53,26,28,18.5535736083984,11,-23,45,5844,101
36.8109630483519,-1.0431377020152,524,1763.80187988281,49,31,40,1789,32,55,26,25,18.3801803588867,5,-74,47,5721,99
36.8401294654524,-1.0431377020152,528,1744.65063476562,50,31,10,1761,31,55,25,24,18.313591003418,7,-13,46,5197,101
36.894295668639,-1.0431377020152,531,1670.90466308594,52,31,62,1665,24,59,23,25,18.1299018859863,4,-15,29,4264,108
36.9067955616821,-1.0431377020152,554,1650.78527832031,52,31,62,1647,23,59,22,26,18.1043739318848,3,-33,23,3963,108
36.9297120322611,-1.0431377020152,506,1613.74755859375,53,31,62,1624,19,61,21,25,18.036111831665,1,30,27,3410,113
37.0047113905195,-1.0431377020152,445,1486.32592773438,55,30,10,1550,14,59,26,19,17.8462238311768,2,25,27,1931,117
37.0130446525482,-1.0431377020152,420,1481.8642578125,58,31,12,1545,13,60,24,18,17.8275108337402,1,46,19,1810,114
37.0484610161702,-1.0431377020152,440,1413.73474121094,49,28,10,1517,11,66,32,19,17.7624549865723,1,35,8,1394,111
37.0630442247205,-1.0431377020152,519,1421.70031738281,48,27,10,1506,10,66,33,19,17.7385311126709,0,16,4,1137,122
37.0859606952994,-1.0431377020152,452,1374.99719238281,45,27,190,1496,7,63,38,18,17.7139225006104,2,57,4,705,113
37.0963772728353,-1.0431377020152,402,1340.88110351562,47,27,190,1486,9,64,35,18,17.7042846679688,0,31,9,679,110
37.1005439038497,-1.0431377020152,397,1340.88110351562,47,27,190,1486,9,64,35,18,17.7042846679688,0,31,9,679,110
37.1151271123999,-1.0431377020152,441,1311.36352539062,51,28,10,1453,12,63,33,17,17.6800098419189,7,-88,13,716,106
37.1734599466009,-1.0431377020152,407,1106.27282714844,53,30,10,1426,10,62,29,18,17.5795059204102,0,-65,10,687,105
37.2130429412373,-1.0431377020152,500,1274.06652832031,55,31,12,1457,15,63,25,20,17.5044727325439,2,107,26,396,111
37.2317927808019,-1.0431377020152,439,1382.6767578125,53,29,12,1460,14,58,31,17,17.47438621521,1,82,13,366,105
37.2630425134096,-1.0431377020152,484,1422.052734375,52,30,12,1409,12,58,29,20,17.4105949401855,5,-64,22,776,104
37.2776257219599,-1.0431377020152,497,1354.78515625,50,30,12,1412,10,57,30,20,17.3778991699219,5,119,26,665,96
36.6109647596628,-1.04522105605168,432,1076.33935546875,47,30,62,2293,25,58,27,26,18.6492881774902,15,146,11,459,78
36.6172147061843,-1.04522105605168,503,1076.33935546875,47,30,62,2293,25,58,27,26,18.6492881774902,15,146,11,459,78
36.6422144922704,-1.04522105605168,540,1722.11694335938,44,30,10,2376,36,56,25,31,18.5944080352783,3,42,10,707,101
36.6859641179212,-1.04522105605168,369,1927.78186035156,35,28,50,2237,50,53,33,33,18.5589008331299,5,-77,58,4923,89
36.6942973799499,-1.04522105605168,367,1918.20153808594,35,29,10,2205,51,52,32,33,18.5639038085938,3,-5,58,5430,89
36.7005473264714,-1.04522105605168,327,1918.20153808594,35,29,10,2205,51,52,32,33,18.5639038085938,3,-5,58,5430,89
36.7130472195145,-1.04522105605168,530,1867.931640625,38,30,10,2108,42,53,27,36,18.5771217346191,5,-74,40,5922,94
36.719297166036,-1.04522105605168,516,1861.78430175781,39,30,10,2068,44,52,25,35,18.5765075683594,5,-121,40,5896,95
36.7942965242945,-1.04522105605168,483,1818.13098144531,48,30,10,1824,35,56,27,25,18.4375400543213,3,-158,15,5834,99
36.800546470816,-1.04522105605168,520,1818.13098144531,48,30,10,1824,35,56,27,25,18.4375400543213,3,-158,15,5834,99
36.8505460429883,-1.04522105605168,495,1739.02404785156,51,31,10,1758,31,56,25,25,18.2881889343262,4,-18,42,5059,102
36.8567959895098,-1.04522105605168,526,1728.60595703125,50,31,62,1738,33,56,25,25,18.2618751525879,3,27,51,4854,102
36.8713791980601,-1.04522105605168,592,1709.27722167969,51,31,61,1718,29,58,24,25,18.2102508544922,1,9,21,4455,105
36.8776291445816,-1.04522105605168,589,1701.669921875,51,31,10,1688,28,58,23,25,18.1847915649414,2,12,26,4429,106
36.8901290376247,-1.04522105605168,535,1689.08911132812,51,31,10,1686,26,59,23,26,18.1584300994873,9,86,15,4431,106
36.9088788771893,-1.04522105605168,546,1650.78527832031,52,31,62,1647,23,59,22,26,18.1043739318848,3,-33,23,3963,108
37.0005447595051,-1.04522105605168,434,1491.61437988281,55,30,12,1551,14,59,26,19,17.8646354675293,2,12,7,2102,115
37.0422110696487,-1.04522105605168,421,1427.32409667969,50,29,10,1511,11,63,30,20,17.7757110595703,4,-4,2,1545,110
37.0734608022564,-1.04522105605168,551,1425.45239257812,45,27,10,1501,8,62,36,19,17.7290878295898,1,12,1,1001,120
37.0776274332707,-1.04522105605168,503,1408.9853515625,46,28,190,1500,6,62,36,19,17.7217273712158,1,30,5,855,116
37.0859606952994,-1.04522105605168,456,1374.99719238281,45,27,190,1496,7,63,38,18,17.7139225006104,2,57,4,705,113
37.092210641821,-1.04522105605168,525,1374.99719238281,45,27,190,1496,7,63,38,18,17.7139225006104,2,57,4,705,113
37.1005439038497,-1.04522105605168,425,1340.88110351562,47,27,190,1486,9,64,35,18,17.7042846679688,0,31,9,679,110
37.1026272193569,-1.04522105605168,449,1320.61706542969,48,28,10,1484,7,61,35,18,17.6923370361328,2,38,7,483,110
37.1130437968928,-1.04522105605168,445,1311.36352539062,51,28,10,1453,12,63,33,17,17.6800098419189,7,-88,13,716,106
37.1151271123999,-1.04522105605168,450,1311.36352539062,51,28,10,1453,12,63,33,17,17.6800098419189,7,-88,13,716,106
37.1880431551512,-1.04522105605168,448,1139.19396972656,55,30,10,1426,11,62,26,18,17.5495586395264,2,-67,16,693,106
37.2463759893522,-1.04522105605168,442,1453.63415527344,52,30,12,1440,14,56,29,20,17.4434242248535,3,32,7,536,101
36.5922149200982,-1.04730441008815,727,727.501708984375,42,28,10,1825,20,61,32,26,18.7295513153076,27,-244,16,2627,84
36.6151313906771,-1.04730441008815,465,1076.33935546875,47,30,62,2293,25,58,27,26,18.6492881774902,15,146,11,459,78
36.6192980216915,-1.04730441008815,551,1364.34252929688,48,30,62,2356,27,59,26,26,18.6199569702148,11,54,13,168,85
36.6463811232848,-1.04730441008815,552,1778.66418457031,42,30,10,2367,38,55,24,34,18.5823421478271,5,35,52,1389,98
36.6755475403853,-1.04730441008815,446,1927.20361328125,36,30,10,2312,53,54,30,34,18.5486927032471,4,-94,82,3219,84
36.7109639040073,-1.04730441008815,518,1867.931640625,38,30,10,2108,42,53,27,36,18.5771217346191,5,-74,40,5922,94
36.7442969521222,-1.04730441008815,475,1853.52355957031,43,30,10,2019,41,52,24,34,18.587194442749,7,52,17,5661,97
36.7755466847299,-1.04730441008815,426,1850.76013183594,47,30,10,1961,35,55,28,26,18.5324020385742,3,87,18,5422,101
36.8255462569021,-1.04730441008815,510,1748.95776367188,48,31,60,1805,34,56,26,25,18.3573837280273,7,42,28,5176,101
36.8276295724093,-1.04730441008815,512,1745.95837402344,50,30,10,1789,35,56,26,24,18.3364505767822,2,-10,35,5142,101
36.858879305017,-1.04730441008815,548,1728.60595703125,50,31,62,1738,33,56,25,25,18.2618751525879,3,27,51,4854,102
36.9047122461749,-1.04730441008815,522,1650.78527832031,52,31,62,1647,23,59,22,26,18.1043739318848,3,-33,23,3963,108
36.9192954547252,-1.04730441008815,532,1625.95068359375,54,31,62,1630,21,58,21,25,18.058708190918,3,46,25,3718,109
36.9297120322611,-1.04730441008815,498,1613.74755859375,53,31,62,1624,19,61,21,25,18.036111831665,1,30,27,3410,113
36.9651283958831,-1.04730441008815,425,1542.89685058594,55,31,60,1586,20,58,22,23,17.9466495513916,1,36,47,2676,113
36.9734616579118,-1.04730441008815,501,1529.23120117188,54,31,62,1580,20,58,24,22,17.9262237548828,4,44,17,2417,109
36.9817949199405,-1.04730441008815,460,1512.34851074219,54,31,62,1562,19,60,24,22,17.9031887054443,2,-43,15,2356,110
36.9859615509549,-1.04730441008815,426,1499.90795898438,55,31,10,1555,16,58,25,20,17.8844966888428,1,10,18,2235,113
37.0463777006631,-1.04730441008815,429,1413.73474121094,49,28,10,1517,11,66,32,19,17.7624549865723,1,35,8,1394,111
37.056794278199,-1.04730441008815,449,1412.07897949219,49,28,10,1508,10,68,32,19,17.7504978179932,1,12,8,1294,115
37.0713774867492,-1.04730441008815,636,1425.45239257812,45,27,10,1501,8,62,36,19,17.7290878295898,1,12,1,1001,120
37.0963772728353,-1.04730441008815,456,1340.88110351562,47,27,190,1486,9,64,35,18,17.7042846679688,0,31,9,679,110
37.1172104279071,-1.04730441008815,417,1311.36352539062,51,28,10,1453,12,63,33,17,17.6800098419189,7,-88,13,716,106
37.2234595187732,-1.04730441008815,373,1316.71716308594,52,30,12,1437,15,63,28,20,17.4892082214355,2,6,11,498,109
37.2255428342804,-1.04730441008815,370,1316.71716308594,52,30,12,1437,15,63,28,20,17.4892082214355,2,6,11,498,109
37.2463759893522,-1.04730441008815,417,1453.63415527344,52,30,12,1440,14,56,29,20,17.4434242248535,3,32,7,536,101
37.2609591979024,-1.04730441008815,547,1422.052734375,52,30,12,1409,12,58,29,20,17.4105949401855,5,-64,22,776,104
37.2838756684814,-1.04730441008815,383,1354.78515625,50,30,12,1412,10,57,30,20,17.3778991699219,5,119,26,665,96
36.6151313906771,-1.04938776412462,447,1126.0419921875,45,30,62,2323,22,58,29,26,18.6562843322754,4,298,7,-320,83
36.6547143853135,-1.04938776412462,555,1842.85144042969,39,30,10,2364,41,55,27,35,18.582670211792,7,-61,27,1228,96
36.6776308558925,-1.04938776412462,393,1935.27380371094,35,29,10,2275,57,53,31,34,18.5527896881104,9,-132,70,3453,84
36.6817974869068,-1.04938776412462,346,1935.27380371094,35,29,10,2275,57,53,31,34,18.5527896881104,9,-132,70,3453,84
36.6880474334284,-1.04938776412462,342,1935.15417480469,35,29,10,2245,48,52,31,34,18.5595302581787,5,-111,41,4160,85
36.7047139574858,-1.04938776412462,421,1897.57470703125,36,29,10,2160,46,51,28,36,18.5775947570801,5,-37,46,4897,89
36.7380470056006,-1.04938776412462,434,1856.71142578125,41,30,10,2005,42,51,25,35,18.5906753540039,8,-142,86,5898,95
36.7442969521222,-1.04938776412462,439,1844.759765625,42,29,10,1982,37,53,25,33,18.5977993011475,4,-191,42,5789,98
36.7505468986437,-1.04938776412462,426,1844.759765625,42,29,10,1982,37,53,25,33,18.5977993011475,4,-191,42,5789,98
36.7526302141509,-1.04938776412462,408,1849.66064453125,44,29,10,1982,37,52,26,30,18.5890331268311,1,-47,57,5508,104
36.7713800537155,-1.04938776412462,438,1874.91247558594,50,31,10,1971,39,53,25,25,18.5521335601807,5,112,50,5094,106
36.7880465777729,-1.04938776412462,471,1859.18103027344,46,30,40,1920,34,54,29,26,18.4928417205811,2,134,18,5062,96
36.7942965242945,-1.04938776412462,474,1836.92553710938,48,30,10,1894,37,56,27,24,18.460075378418,11,215,23,5300,96
36.858879305017,-1.04938776412462,525,1715.357421875,51,31,40,1730,32,57,24,24,18.266845703125,4,-2,22,4751,104
36.8984622996534,-1.04938776412462,529,1662.43688964844,52,31,62,1662,23,60,22,25,18.1376762390137,2,6,12,4168,107
36.9422119253041,-1.04938776412462,582,1573.13305664062,55,32,10,1597,20,57,21,24,18.0155277252197,5,-9,31,3369,110
36.9547118183472,-1.04938776412462,478,1537.14282226562,55,31,62,1580,19,58,22,22,17.9718971252441,4,1,17,3034,111
36.9609617648687,-1.04938776412462,458,1520.45959472656,55,32,62,1563,19,56,21,23,17.9488086700439,7,-86,35,2776,109
36.9880448664621,-1.04938776412462,394,1485.14685058594,53,30,10,1552,20,58,26,21,17.8892650604248,4,-70,24,2241,111
36.9963781284908,-1.04938776412462,471,1472.67724609375,52,29,12,1543,14,60,28,20,17.8692512512207,3,-1,9,2227,114
37.0026280750123,-1.04938776412462,414,1462.46691894531,53,30,10,1544,16,62,27,20,17.8506622314453,1,33,14,2064,117
37.010961337041,-1.04938776412462,414,1460.87512207031,54,30,10,1536,11,64,28,20,17.8323726654053,1,-1,7,1932,116
37.0276278610985,-1.04938776412462,501,1451.90270996094,52,29,12,1526,15,60,28,21,17.7958068847656,1,23,10,1795,114
37.03387780762,-1.04938776412462,462,1451.90270996094,52,29,12,1526,15,60,28,21,17.7958068847656,1,23,10,1795,114
37.0547109626918,-1.04938776412462,426,1410.49658203125,52,28,12,1508,11,66,29,20,17.7595157623291,3,-15,11,1290,112
37.092210641821,-1.04938776412462,469,1377.97509765625,45,27,30,1488,10,65,35,20,17.7212505340576,1,-2,9,813,116
37.1047105348641,-1.04938776412462,486,1343.39038085938,43,26,190,1485,8,67,39,18,17.6972522735596,1,33,4,491,123
37.1172104279071,-1.04938776412462,429,1325.32629394531,45,27,10,1480,9,68,38,18,17.6840476989746,1,38,6,341,116
37.1317936364574,-1.04938776412462,447,1267.18225097656,53,29,10,1450,11,72,30,17,17.6573619842529,7,-126,13,468,108
37.1401268984861,-1.04938776412462,401,1244.23229980469,51,28,10,1441,10,68,32,17,17.6429748535156,6,-96,17,568,108
37.1692933155866,-1.04938776412462,403,1139.005859375,53,29,10,1437,11,66,30,17,17.5844173431396,4,-13,16,706,106
37.2151262567445,-1.04938776412462,545,1273.97521972656,55,31,12,1434,13,65,26,20,17.5091648101807,3,-3,23,606,105
37.2338760963091,-1.04938776412462,452,1343.36413574219,53,29,10,1435,12,60,31,17,17.4786243438721,5,-29,14,615,102
37.2609591979024,-1.04938776412462,545,1404.19152832031,49,29,10,1398,11,58,34,17,17.4152240753174,6,-54,13,1052,101
37.2630425134096,-1.04938776412462,493,1404.19152832031,49,29,10,1398,11,58,34,17,17.4152240753174,6,-54,13,1052,101
37.2734590909455,-1.04938776412462,396,1388.69226074219,46,27,10,1382,9,58,37,17,17.39892578125,6,-64,14,1269,102
37.2942922460173,-1.04938776412462,410,1303.60888671875,50,28,10,1327,11,58,32,18,17.3479118347168,9,-219,17,1468,92
36.5963815511125,-1.0514711181611,564,782.850341796875,46,30,10,1987,23,62,28,26,18.7917957305908,22,-70,19,2032,74
36.6047148131412,-1.0514711181611,570,898.13818359375,45,30,120,2279,28,59,29,26,18.7255401611328,22,483,30,686,71
36.6505477542992,-1.0514711181611,559,1798.33483886719,41,30,10,2383,36,55,26,33,18.5948886871338,4,72,39,677,103
36.6526310698063,-1.0514711181611,567,1842.85144042969,39,30,10,2364,41,55,27,35,18.582670211792,7,-61,27,1228,96
36.7859632622658,-1.0514711181611,474,1859.18103027344,46,30,40,1920,34,54,29,26,18.4928417205811,2,134,18,5062,96
36.8067964173375,-1.0514711181611,495,1806.96459960938,47,30,10,1861,48,57,28,25,18.4274253845215,10,178,30,5488,93
36.823462941395,-1.0514711181611,503,1735.58337402344,50,31,10,1785,34,57,25,25,18.3618431091309,1,-16,45,5376,101
36.8338795189309,-1.0514711181611,520,1723.41748046875,49,31,40,1765,33,56,26,26,18.3378620147705,7,-88,27,5244,101
36.8526293584955,-1.0514711181611,495,1715.357421875,51,31,40,1730,32,57,24,24,18.266845703125,4,-2,22,4751,104
36.8692958825529,-1.0514711181611,541,1697.11743164062,51,31,60,1707,30,57,24,25,18.2152576446533,5,54,34,4570,105
36.8713791980601,-1.0514711181611,563,1697.11743164062,51,31,60,1707,30,57,24,25,18.2152576446533,5,54,34,4570,105
36.881795775596,-1.0514711181611,523,1690.42736816406,51,31,60,1684,27,59,24,26,18.1897964477539,4,-47,43,4429,105
36.9067955616821,-1.0514711181611,541,1638.41638183594,52,31,10,1642,24,57,22,26,18.1093444824219,3,-66,18,4106,108
36.9359619787826,-1.0514711181611,545,1573.13305664062,55,32,10,1597,20,57,21,24,18.0155277252197,5,-9,31,3369,110
36.9380452942898,-1.0514711181611,549,1573.13305664062,55,32,10,1597,20,57,21,24,18.0155277252197,5,-9,31,3369,110
36.940128609797,-1.0514711181611,538,1573.13305664062,55,32,10,1597,20,57,21,24,18.0155277252197,5,-9,31,3369,110
36.9672117113903,-1.0514711181611,501,1520.45959472656,55,32,62,1563,19,56,21,23,17.9488086700439,7,-86,35,2776,109
37.03387780762,-1.0514711181611,493,1451.90270996094,52,29,12,1526,15,60,28,21,17.7958068847656,1,23,10,1795,114
37.0422110696487,-1.0514711181611,453,1436.02795410156,51,29,12,1521,13,62,29,21,17.779109954834,2,33,11,1673,114
37.0942939573282,-1.0514711181611,459,1356.37451171875,44,26,10,1484,8,65,37,19,17.7103786468506,1,7,1,682,116
37.1109604813856,-1.0514711181611,412,1325.32629394531,45,27,10,1480,9,68,38,18,17.6840476989746,1,38,6,341,116
37.1234603744287,-1.0514711181611,403,1294.48583984375,48,28,10,1450,10,68,34,18,17.6712322235107,2,-54,16,487,108
37.1755432621081,-1.0514711181611,393,1139.005859375,53,29,10,1437,11,66,30,17,17.5844173431396,4,-13,16,706,106
37.1880431551512,-1.0514711181611,448,1169.26354980469,53,30,12,1454,23,65,29,18,17.5545463562012,2,56,3,524,111
37.2192928877589,-1.0514711181611,391,1293.5986328125,54,30,12,1430,13,66,28,18,17.4937629699707,1,-57,15,776,107
37.2401260428307,-1.0514711181611,449,1410.48681640625,52,29,10,1462,10,58,31,18,17.4637260437012,4,117,13,345,102
37.2422093583378,-1.0514711181611,433,1410.48681640625,52,29,10,1462,10,58,31,18,17.4637260437012,4,117,13,345,102
37.2547092513809,-1.0514711181611,503,1429.19323730469,52,29,10,1422,12,59,32,17,17.4318313598633,4,32,16,852,101
37.2692924599312,-1.0514711181611,376,1388.69226074219,46,27,10,1382,9,58,37,17,17.39892578125,6,-64,14,1269,102
37.2880422994958,-1.0514711181611,386,1345.1103515625,49,28,10,1383,10,59,35,16,17.3658676147461,14,64,3,1199,94
37.2901256150029,-1.0514711181611,377,1345.1103515625,49,28,10,1383,10,59,35,16,17.3658676147461,14,64,3,1199,94
37.2922089305101,-1.0514711181611,394,1345.1103515625,49,28,10,1383,10,59,35,16,17.3658676147461,14,64,3,1199,94
36.6005481821269,-1.05355447219757,559,782.850341796875,46,30,10,1987,23,62,28,26,18.7917957305908,22,-70,19,2032,74
36.6067981286484,-1.05355447219757,519,898.13818359375,45,30,120,2279,28,59,29,26,18.7255401611328,22,483,30,686,71
36.6088814441556,-1.05355447219757,479,898.13818359375,45,30,120,2279,28,59,29,26,18.7255401611328,22,483,30,686,71
36.6192980216915,-1.05355447219757,533,1441.80310058594,46,30,62,2383,27,59,28,27,18.6315078735352,9,135,22,-195,85
36.6234646527058,-1.05355447219757,528,1441.80310058594,46,30,62,2383,27,59,28,27,18.6315078735352,9,135,22,-195,85
36.6422144922704,-1.05355447219757,544,1769.6328125,43,29,60,2387,28,57,26,31,18.6068992614746,2,80,13,335,105
36.6692975938638,-1.05355447219757,497,1928.50061035156,36,30,10,2343,59,53,30,34,18.5585422515869,11,104,27,1583,87
36.6734642248781,-1.05355447219757,447,1928.50061035156,36,30,10,2343,59,53,30,34,18.5585422515869,11,104,27,1583,87
36.6859641179212,-1.05355447219757,375,1935.15417480469,35,29,10,2245,48,52,31,34,18.5595302581787,5,-111,41,4160,85
36.6922140644427,-1.05355447219757,352,1935.15417480469,35,29,10,2245,48,52,31,34,18.5595302581787,5,-111,41,4160,85
36.6942973799499,-1.05355447219757,328,1923.87182617188,36,29,10,2190,44,51,30,34,18.568000793457,6,-104,49,4740,86
36.7317970590791,-1.05355447219757,462,1871.84716796875,40,30,10,2083,40,52,24,35,18.5781154632568,6,123,38,5457,95
36.7672134227011,-1.05355447219757,439,1863.20068359375,49,31,10,1974,39,54,24,27,18.5723838806152,4,42,14,5249,107
36.8109630483519,-1.05355447219757,497,1766.67736816406,49,31,10,1788,33,56,26,25,18.3898048400879,4,-101,69,5659,97
36.8317962034237,-1.05355447219757,509,1723.41748046875,49,31,40,1765,33,56,26,26,18.3378620147705,7,-88,27,5244,101
36.8422127809596,-1.05355447219757,536,1721.45812988281,50,31,10,1752,31,56,26,25,18.3157501220703,4,6,41,5182,103
36.8484627274811,-1.05355447219757,508,1720.84643554688,50,31,10,1751,32,56,26,24,18.2932968139648,6,40,55,4992,105
36.917212139218,-1.05355447219757,571,1619.41613769531,53,31,62,1636,23,59,22,25,18.0846576690674,3,-18,27,3871,109
36.9317953477682,-1.05355447219757,528,1591.83142089844,54,31,62,1602,22,59,21,25,18.0391883850098,3,-22,25,3640,111
36.9567951338544,-1.05355447219757,472,1537.14282226562,55,31,62,1580,19,58,22,22,17.9718971252441,4,1,17,3034,111
36.9817949199405,-1.05355447219757,434,1494.55432128906,52,30,12,1570,17,58,26,22,17.910945892334,8,74,16,2314,113
37.0213779145769,-1.05355447219757,471,1461.07580566406,52,29,12,1533,12,61,29,20,17.8146018981934,1,15,6,1790,117
37.0734608022564,-1.05355447219757,593,1415.92395019531,46,27,10,1501,12,65,35,19,17.7361736297607,1,17,1,1046,119
37.0838773797923,-1.05355447219757,551,1402.75317382812,46,28,120,1492,9,64,35,20,17.7293338775635,1,-6,0,946,117
37.092210641821,-1.05355447219757,527,1377.97509765625,45,27,30,1488,10,65,35,20,17.7212505340576,1,-2,9,813,116
37.1130437968928,-1.05355447219757,467,1325.32629394531,45,27,10,1480,9,68,38,18,17.6840476989746,1,38,6,341,116
37.1172104279071,-1.05355447219757,476,1325.32629394531,45,27,10,1480,9,68,38,18,17.6840476989746,1,38,6,341,116
37.208876310223,-1.05355447219757,511,1244.49816894531,57,31,12,1457,12,66,25,18,17.5244426727295,2,78,26,468,107
37.2276261497876,-1.05355447219757,427,1343.36413574219,53,29,10,1435,12,60,31,17,17.4786243438721,5,-29,14,615,102
37.2463759893522,-1.05355447219757,414,1440.90173339844,52,29,10,1438,10,58,31,17,17.4480800628662,2,44,12,602,102
37.2630425134096,-1.05355447219757,412,1404.19152832031,49,29,10,1398,11,58,34,17,17.4152240753174,6,-54,13,1052,101
36.5963815511125,-1.05563782623405,646,782.850341796875,46,30,10,1987,23,62,28,26,18.7917957305908,22,-70,19,2032,74
36.6088814441556,-1.05563782623405,518,898.13818359375,45,30,120,2279,28,59,29,26,18.7255401611328,22,483,30,686,71
36.6213813371987,-1.05563782623405,526,1441.80310058594,46,30,62,2383,27,59,28,27,18.6315078735352,9,135,22,-195,85
36.6567977008207,-1.05563782623405,572,1842.85144042969,39,30,10,2364,41,55,27,35,18.582670211792,7,-61,27,1228,96
36.6901307489355,-1.05563782623405,377,1935.15417480469,35,29,10,2245,48,52,31,34,18.5595302581787,5,-111,41,4160,85
36.7109639040073,-1.05563782623405,611,1875.5009765625,37,29,10,2108,44,51,27,37,18.5823459625244,3,-78,35,5264,91
36.7130472195145,-1.05563782623405,516,1875.5009765625,37,29,10,2108,44,51,27,37,18.5823459625244,3,-78,35,5264,91
36.7817966312514,-1.05563782623405,431,1874.31713867188,49,30,10,1958,44,53,26,26,18.5257377624512,5,146,21,5162,101
36.7942965242945,-1.05563782623405,469,1836.92553710938,48,30,10,1894,37,56,27,24,18.460075378418,11,215,23,5300,96
36.835962834438,-1.05563782623405,541,1721.45812988281,50,31,10,1752,31,56,26,25,18.3157501220703,4,6,41,5182,103
36.8401294654524,-1.05563782623405,491,1721.45812988281,50,31,10,1752,31,56,26,25,18.3157501220703,4,6,41,5182,103
36.8713791980601,-1.05563782623405,561,1697.11743164062,51,31,60,1707,30,57,24,25,18.2152576446533,5,54,34,4570,105
36.8963789841462,-1.05563782623405,565,1662.43688964844,52,31,62,1662,23,60,22,25,18.1376762390137,2,6,12,4168,107
36.9130455082036,-1.05563782623405,546,1619.41613769531,53,31,62,1636,23,59,22,25,18.0846576690674,3,-18,27,3871,109
36.9234620857395,-1.05563782623405,549,1607.23107910156,54,31,62,1619,22,59,22,25,18.0637187957764,2,-3,20,3776,112
36.9297120322611,-1.05563782623405,550,1591.83142089844,54,31,62,1602,22,59,21,25,18.0391883850098,3,-22,25,3640,111
36.9609617648687,-1.05563782623405,469,1520.45959472656,55,32,62,1563,19,56,21,23,17.9488086700439,7,-86,35,2776,109
36.9630450803759,-1.05563782623405,467,1520.45959472656,55,32,62,1563,19,56,21,23,17.9488086700439,7,-86,35,2776,109
36.9901281819692,-1.05563782623405,411,1485.14685058594,53,30,10,1552,20,58,26,21,17.8892650604248,4,-70,24,2241,111
37.0047113905195,-1.05563782623405,426,1462.46691894531,53,30,10,1544,16,62,27,20,17.8506622314453,1,33,14,2064,117
37.03387780762,-1.05563782623405,491,1451.90270996094,52,29,12,1526,15,60,28,21,17.7958068847656,1,23,10,1795,114
37.0380444386343,-1.05563782623405,501,1436.02795410156,51,29,12,1521,13,62,29,21,17.779109954834,2,33,11,1673,114
37.0505443316774,-1.05563782623405,426,1420.61633300781,51,29,12,1501,11,58,29,20,17.7675266265869,2,-38,9,1671,110
37.0547109626918,-1.05563782623405,416,1410.49658203125,52,28,12,1508,11,66,29,20,17.7595157623291,3,-15,11,1290,112
37.0672108557348,-1.05563782623405,557,1413.38830566406,47,27,10,1507,9,68,34,19,17.7461700439453,0,26,6,1167,122
37.1067938503712,-1.05563782623405,395,1343.39038085938,43,26,190,1485,8,67,39,18,17.6972522735596,1,33,4,491,123
37.1297103209502,-1.05563782623405,390,1267.18225097656,53,29,10,1450,11,72,30,17,17.6573619842529,7,-126,13,468,108
37.1797098931225,-1.05563782623405,402,1154.52722167969,53,29,10,1445,9,68,30,17,17.5694961547852,2,23,6,634,109
37.1838765241368,-1.05563782623405,400,1154.52722167969,53,29,10,1445,9,68,30,17,17.5694961547852,2,23,6,634,109
37.1942931016727,-1.05563782623405,426,1199.96472167969,56,31,12,1447,13,68,26,19,17.5395202636719,1,45,10,574,109
37.2151262567445,-1.05563782623405,453,1273.97521972656,55,31,12,1434,13,65,26,20,17.5091648101807,3,-3,23,606,105
36.6526310698063,-1.05772118027052,582,1819.44104003906,38,30,10,2372,51,55,27,35,18.5952949523926,6,-23,53,693,94
36.6734642248781,-1.05772118027052,450,1915.88891601562,37,30,20,2377,49,52,28,36,18.5702476501465,7,215,52,732,93
36.7317970590791,-1.05772118027052,473,1889.88500976562,40,30,10,2091,46,54,24,36,18.5799255371094,7,145,23,4597,92
36.777630000237,-1.05772118027052,421,1870.4072265625,47,30,10,1942,34,54,28,25,18.5272674560547,5,13,16,4767,96
36.8109630483519,-1.05772118027052,499,1772.87109375,50,30,40,1796,33,57,25,24,18.3988265991211,6,-104,47,5446,97
36.9151288237108,-1.05772118027052,527,1603.43054199219,52,30,12,1629,21,58,23,25,18.0896949768066,5,34,20,3897,109
36.940128609797,-1.05772118027052,523,1551.27868652344,54,31,40,1580,23,58,21,25,18.0189838409424,2,-73,18,3461,110
36.9630450803759,-1.05772118027052,440,1503.06701660156,56,31,60,1567,17,58,23,22,17.9561309814453,2,22,22,2942,114
36.9859615509549,-1.05772118027052,438,1473.64282226562,53,30,61,1558,15,58,25,22,17.8979511260986,6,64,24,2318,110
37.0005447595051,-1.05772118027052,416,1461.81103515625,51,29,12,1543,15,62,27,22,17.874813079834,7,-30,14,2361,111
37.0213779145769,-1.05772118027052,434,1441.13659667969,54,30,12,1534,14,62,27,20,17.8221282958984,2,54,15,1894,116
37.0776274332707,-1.05772118027052,561,1371.79541015625,47,28,10,1492,11,71,34,19,17.7374324798584,0,17,3,1042,115
37.0859606952994,-1.05772118027052,601,1358.85913085938,47,28,10,1484,9,67,33,20,17.7274932861328,1,0,9,982,116
37.1213770589215,-1.05772118027052,431,1292.28503417969,43,27,190,1476,9,73,38,19,17.6758880615234,1,31,1,300,116
37.1297103209502,-1.05772118027052,395,1259.86193847656,44,27,10,1469,9,74,38,18,17.661901473999,0,14,6,391,116
37.1338769519646,-1.05772118027052,399,1259.86193847656,44,27,10,1469,9,74,38,18,17.661901473999,0,14,6,391,116
37.1797098931225,-1.05772118027052,393,1190.50048828125,50,28,10,1453,9,73,33,18,17.5742969512939,1,22,5,624,118
37.1942931016727,-1.05772118027052,460,1224.71911621094,53,29,10,1441,11,69,30,17,17.5443515777588,5,-28,4,842,111
37.2422093583378,-1.05772118027052,527,1335.64184570312,48,28,10,1435,13,58,34,18,17.4676055908203,3,19,17,825,100
37.2463759893522,-1.05772118027052,494,1375.51306152344,48,28,10,1436,10,58,35,17,17.4519443511963,7,55,18,789,98
37.279709037467,-1.05772118027052,461,1337.45361328125,47,27,10,1402,7,59,37,17,17.3868064880371,3,90,11,1127,96
37.2838756684814,-1.05772118027052,473,1337.45361328125,47,27,10,1402,7,59,37,17,17.3868064880371,3,90,11,1127,96
37.2984588770316,-1.05772118027052,466,1338.30517578125,49,28,10,1375,10,59,34,17,17.3539733886719,16,104,10,1542,93
36.625547968213,-1.059804534307,532,1464.1943359375,45,30,62,2386,27,58,29,27,18.6453685760498,8,117,13,-327,82
36.6338812302417,-1.059804534307,546,1693.42016601562,46,30,10,2382,22,59,26,29,18.6315116882324,9,101,11,-83,91
36.6401311767633,-1.059804534307,561,1773.82202148438,44,30,10,2385,34,56,25,31,18.6195755004883,8,60,18,170,94
36.6567977008207,-1.059804534307,549,1819.44104003906,38,30,10,2372,51,55,27,35,18.5952949523926,6,-23,53,693,94
36.6672142783566,-1.059804534307,509,1872.83312988281,38,30,10,2382,44,53,27,35,18.5827941894531,3,137,34,485,93
36.6692975938638,-1.059804534307,477,1915.88891601562,37,30,20,2377,49,52,28,36,18.5702476501465,7,215,52,732,93
36.6817974869068,-1.059804534307,405,1937.55187988281,35,30,12,2364,51,56,29,35,18.5584888458252,5,232,13,867,88
36.719297166036,-1.059804534307,470,1897.45251464844,38,30,10,2145,39,54,25,36,18.577693939209,4,172,36,4227,93
36.7338803745863,-1.059804534307,480,1889.88500976562,40,30,10,2091,46,54,24,36,18.5799255371094,7,145,23,4597,92
36.7359636900935,-1.059804534307,477,1871.77221679688,41,30,10,2040,35,54,24,36,18.5870037078857,7,32,52,4921,94
36.7484635831365,-1.059804534307,454,1860.91333007812,43,30,10,2011,34,53,24,34,18.5949287414551,5,-12,22,5284,99
36.8401294654524,-1.059804534307,515,1707.19970703125,49,31,62,1739,34,56,25,25,18.3186855316162,4,-56,35,4983,103
36.8567959895098,-1.059804534307,540,1702.38354492188,51,31,60,1720,34,58,24,24,18.2716197967529,3,-6,23,4677,106
36.881795775596,-1.059804534307,530,1673.50732421875,52,31,61,1681,28,59,22,25,18.1919860839844,4,-31,31,4448,106
36.9005456151606,-1.059804534307,517,1649.88244628906,52,31,10,1650,25,58,22,25,18.142053604126,8,-45,32,4092,107
36.917212139218,-1.059804534307,538,1603.43054199219,52,30,12,1629,21,58,23,25,18.0896949768066,5,34,20,3897,109
36.9255454012467,-1.059804534307,544,1586.57299804688,53,31,62,1615,23,58,22,25,18.0651226043701,4,-8,18,3742,110
36.9630450803759,-1.059804534307,431,1503.06701660156,56,31,60,1567,17,58,23,22,17.9561309814453,2,22,22,2942,114
36.9672117113903,-1.059804534307,430,1503.06701660156,56,31,60,1567,17,58,23,22,17.9561309814453,2,22,22,2942,114
36.9817949199405,-1.059804534307,456,1474.57788085938,53,31,62,1561,18,57,23,23,17.914493560791,2,7,41,2501,110
36.9859615509549,-1.059804534307,454,1473.64282226562,53,30,61,1558,15,58,25,22,17.8979511260986,6,64,24,2318,110
37.0317944921128,-1.059804534307,415,1451.74353027344,51,29,12,1523,11,66,29,20,17.804105758667,1,2,5,1774,115
37.0630442247205,-1.059804534307,492,1394.03137207031,49,28,12,1503,9,59,32,19,17.7603416442871,5,12,9,1295,109
37.1026272193569,-1.059804534307,380,1340.64038085938,45,26,10,1481,10,78,37,18,17.7033920288086,1,2,1,572,118
37.1130437968928,-1.059804534307,437,1324.30126953125,43,27,190,1480,10,78,39,18,17.6894569396973,1,29,0,393,119
37.1401268984861,-1.059804534307,398,1237.28686523438,46,27,10,1470,10,75,36,18,17.6475009918213,1,43,4,375,124
37.1442935295004,-1.059804534307,391,1211.79797363281,45,26,11,1466,8,71,39,17,17.6330718994141,2,43,4,449,113
37.1692933155866,-1.059804534307,364,1181.71362304688,48,28,10,1457,8,74,35,17,17.5891399383545,0,35,8,586,118
37.1817932086297,-1.059804534307,401,1190.50048828125,50,28,10,1453,9,73,33,18,17.5742969512939,1,22,5,624,118
37.221376203266,-1.059804534307,416,1262.36328125,57,30,10,1420,11,68,25,18,17.4984798431396,2,-50,12,925,105
37.2234595187732,-1.059804534307,404,1262.36328125,57,30,10,1420,11,68,25,18,17.4984798431396,2,-50,12,925,105
37.2255428342804,-1.059804534307,399,1262.36328125,57,30,10,1420,11,68,25,18,17.4984798431396,2,-50,12,925,105
36.6234646527058,-1.06188788834347,551,1464.1943359375,45,30,62,2386,27,58,29,27,18.6453685760498,8,117,13,-327,82
36.6276312837202,-1.06188788834347,515,1693.42016601562,46,30,10,2382,22,59,26,29,18.6315116882324,9,101,11,-83,91
36.6297145992274,-1.06188788834347,499,1693.42016601562,46,30,10,2382,22,59,26,29,18.6315116882324,9,101,11,-83,91
36.6442978077776,-1.06188788834347,577,1789.52575683594,40,30,10,2373,48,55,26,34,18.6075668334961,4,77,15,325,94
36.6505477542992,-1.06188788834347,590,1789.52575683594,40,30,10,2373,48,55,26,34,18.6075668334961,4,77,15,325,94
36.7151305350217,-1.06188788834347,501,1900.28662109375,37,30,20,2129,42,52,26,37,18.5818195343018,9,-72,69,4365,89
36.8067964173375,-1.06188788834347,486,1812.43798828125,50,31,10,1820,38,56,25,25,18.4344139099121,7,-92,38,5146,94
36.8109630483519,-1.06188788834347,482,1772.87109375,50,30,40,1796,33,57,25,24,18.3988265991211,6,-104,47,5446,97
36.8151296793663,-1.06188788834347,529,1772.87109375,50,30,40,1796,33,57,25,24,18.3988265991211,6,-104,47,5446,97
36.8505460429883,-1.06188788834347,510,1705.03955078125,49,30,10,1742,35,58,26,25,18.2956352233887,3,23,21,4780,105
36.8713791980601,-1.06188788834347,545,1682.97375488281,52,31,60,1687,30,57,23,25,18.2160301208496,4,-3,44,4681,104
36.9005456151606,-1.06188788834347,524,1649.88244628906,52,31,10,1650,25,58,22,25,18.142053604126,8,-45,32,4092,107
36.9213787702324,-1.06188788834347,519,1586.57299804688,53,31,62,1615,23,58,22,25,18.0651226043701,4,-8,18,3742,110
36.9776282889262,-1.06188788834347,411,1474.57788085938,53,31,62,1561,18,57,23,23,17.914493560791,2,7,41,2501,110
37.0151279680554,-1.06188788834347,427,1429.07482910156,56,31,10,1524,13,60,24,20,17.8366470336914,4,-58,22,2120,116
37.1130437968928,-1.06188788834347,426,1324.30126953125,43,27,190,1480,10,78,39,18,17.6894569396973,1,29,0,393,119
37.1338769519646,-1.06188788834347,423,1259.86193847656,44,27,10,1469,9,74,38,18,17.661901473999,0,14,6,391,116
37.1380435829789,-1.06188788834347,414,1237.28686523438,46,27,10,1470,10,75,36,18,17.6475009918213,1,43,4,375,124
37.1755432621081,-1.06188788834347,416,1181.71362304688,48,28,10,1457,8,74,35,17,17.5891399383545,0,35,8,586,118
37.2151262567445,-1.06188788834347,436,1269.80236816406,56,31,12,1423,11,62,25,19,17.5139503479004,3,-87,17,896,109
37.2401260428307,-1.06188788834347,444,1335.64184570312,48,28,10,1435,13,58,34,18,17.4676055908203,3,19,17,825,100
37.2859589839886,-1.06188788834347,408,1353.27502441406,49,28,10,1402,8,59,34,17,17.3709163665771,2,135,7,1170,99
36.5922149200982,-1.06397124237994,673,744.553466796875,42,28,10,1817,18,57,33,26,18.7806205749512,13,-372,4,3366,85
36.6192980216915,-1.06397124237994,565,1464.1943359375,45,30,62,2386,27,58,29,27,18.6453685760498,8,117,13,-327,82
36.6213813371987,-1.06397124237994,557,1464.1943359375,45,30,62,2386,27,58,29,27,18.6453685760498,8,117,13,-327,82
36.625547968213,-1.06397124237994,546,1464.1943359375,45,30,62,2386,27,58,29,27,18.6453685760498,8,117,13,-327,82
36.648464438792,-1.06397124237994,595,1789.52575683594,40,30,10,2373,48,55,26,34,18.6075668334961,4,77,15,325,94
36.6567977008207,-1.06397124237994,552,1819.44104003906,38,30,10,2372,51,55,27,35,18.5952949523926,6,-23,53,693,94
36.6630476473422,-1.06397124237994,567,1872.83312988281,38,30,10,2382,44,53,27,35,18.5827941894531,3,137,34,485,93
36.6859641179212,-1.06397124237994,431,1945.93103027344,35,30,10,2309,51,53,29,36,18.5530414581299,10,180,34,2154,86
36.6984640109643,-1.06397124237994,510,1938.88537597656,35,29,10,2237,52,52,29,36,18.5621814727783,16,101,44,3181,82
36.7442969521222,-1.06397124237994,513,1860.91333007812,43,30,10,2011,34,53,24,34,18.5949287414551,5,-12,22,5284,99
36.7984631553088,-1.06397124237994,473,1836.90454101562,49,30,10,1863,36,54,26,25,18.4629993438721,10,-92,31,5026,93
36.8109630483519,-1.06397124237994,486,1772.87109375,50,30,40,1796,33,57,25,24,18.3988265991211,6,-104,47,5446,97
36.835962834438,-1.06397124237994,506,1707.19970703125,49,31,62,1739,34,56,25,25,18.3186855316162,4,-56,35,4983,103
36.8651292515385,-1.06397124237994,552,1694.2001953125,52,31,60,1704,36,56,24,24,18.244421005249,7,23,32,4784,104
36.9192954547252,-1.06397124237994,535,1586.57299804688,53,31,62,1615,23,58,22,25,18.0651226043701,4,-8,18,3742,110
36.9505451873328,-1.06397124237994,468,1533.99133300781,53,31,10,1583,20,60,23,23,17.9968013763428,0,-26,17,3295,111
36.9713783424046,-1.06397124237994,451,1484.22802734375,54,31,12,1539,19,58,23,23,17.9330768585205,6,-48,25,2948,109
36.9922114974764,-1.06397124237994,467,1473.64282226562,53,30,61,1558,15,58,25,22,17.8979511260986,6,64,24,2318,110
37.0359611231272,-1.06397124237994,411,1448.10485839844,50,29,12,1517,10,65,29,21,17.7855796813965,0,-5,4,1667,116
37.0380444386343,-1.06397124237994,412,1448.10485839844,50,29,12,1517,10,65,29,21,17.7855796813965,0,-5,4,1667,116
37.0401277541415,-1.06397124237994,449,1448.10485839844,50,29,12,1517,10,65,29,21,17.7855796813965,0,-5,4,1667,116
37.0838773797923,-1.06397124237994,507,1371.79541015625,47,28,10,1492,11,71,34,19,17.7374324798584,0,17,3,1042,115
37.0859606952994,-1.06397124237994,520,1358.85913085938,47,28,10,1484,9,67,33,20,17.7274932861328,1,0,9,982,116
37.1005439038497,-1.06397124237994,421,1348.62487792969,46,27,10,1479,11,70,35,19,17.7164535522461,1,-21,16,772,117
37.1255436899358,-1.06397124237994,448,1292.28503417969,43,27,190,1476,9,73,38,19,17.6758880615234,1,31,1,300,116
37.1380435829789,-1.06397124237994,412,1237.28686523438,46,27,10,1470,10,75,36,18,17.6475009918213,1,43,4,375,124
37.1588767380507,-1.06397124237994,374,1184.77038574219,46,27,10,1460,8,69,37,17,17.6185779571533,2,34,12,527,112
37.2505426203665,-1.06397124237994,404,1375.51306152344,48,28,10,1436,10,58,35,17,17.4519443511963,7,55,18,789,98
36.6130480751699,-1.06605459641642,495,1195.56628417969,44,30,62,2307,26,58,29,27,18.6799602508545,2,153,13,-47,85
36.6338812302417,-1.06605459641642,558,1700.83264160156,45,30,10,2368,22,58,25,29,18.6440887451172,4,26,17,92,97
36.6526310698063,-1.06605459641642,585,1799.92553710938,39,30,10,2319,48,54,26,35,18.6082515716553,3,-65,55,483,95
36.6588810163279,-1.06605459641642,533,1799.92553710938,39,30,10,2319,48,54,26,35,18.6082515716553,3,-65,55,483,95
36.6672142783566,-1.06605459641642,520,1835.91748046875,38,30,12,2321,50,52,26,35,18.5972805023193,10,-131,61,371,88
36.6984640109643,-1.06605459641642,466,1939.25085449219,36,29,10,2285,40,53,28,36,18.5663547515869,6,229,24,1212,88
36.7484635831365,-1.06605459641642,469,1877.77099609375,45,30,10,2023,38,53,24,32,18.609504699707,8,-4,15,4621,95
36.7630467916868,-1.06605459641642,504,1873.08557128906,47,30,10,1972,34,54,25,27,18.5868511199951,5,-51,19,4764,96
36.765130107194,-1.06605459641642,455,1873.08557128906,47,30,10,1972,34,54,25,27,18.5868511199951,5,-51,19,4764,96
36.7692967382083,-1.06605459641642,448,1864.52368164062,50,31,10,1926,36,54,25,25,18.5580730438232,2,-72,26,5109,97
36.7734633692227,-1.06605459641642,469,1864.52368164062,50,31,10,1926,36,54,25,25,18.5580730438232,2,-72,26,5109,97
36.7880465777729,-1.06605459641642,511,1834.08117675781,50,31,10,1899,35,55,25,25,18.4996032714844,3,67,16,4830,96
36.7922132087873,-1.06605459641642,499,1834.08117675781,50,31,10,1899,35,55,25,25,18.4996032714844,3,67,16,4830,96
36.8067964173375,-1.06605459641642,499,1799.81237792969,51,31,10,1856,32,56,25,24,18.4444942474365,6,159,30,4825,97
36.8380461499452,-1.06605459641642,502,1703.63720703125,49,31,10,1751,32,57,25,26,18.3252010345459,4,35,22,5047,104
36.8484627274811,-1.06605459641642,526,1694.32177734375,50,31,60,1716,31,55,24,26,18.2982921600342,2,-59,34,4974,104
36.8609626205242,-1.06605459641642,548,1680.92150878906,51,31,10,1701,30,57,24,25,18.2482204437256,0,3,21,4632,107
36.8963789841462,-1.06605459641642,532,1629.02795410156,52,31,12,1651,27,58,23,25,18.1453838348389,3,48,21,4153,109
36.9005456151606,-1.06605459641642,560,1629.02795410156,52,31,12,1651,27,58,23,25,18.1453838348389,3,48,21,4153,109
36.9192954547252,-1.06605459641642,586,1573.51330566406,53,31,12,1610,22,59,23,24,18.0716495513916,2,30,10,3760,114
36.9338786632754,-1.06605459641642,502,1557.75305175781,52,31,60,1601,24,58,23,25,18.0494194030762,5,34,34,3636,113
36.9442952408113,-1.06605459641642,471,1524.01025390625,52,31,61,1574,21,57,24,23,18.004508972168,4,-7,60,3426,112
36.9505451873328,-1.06605459641642,492,1524.01025390625,52,31,61,1574,21,57,24,23,18.004508972168,4,-7,60,3426,112
36.9859615509549,-1.06605459641642,449,1461.3671875,54,30,10,1549,16,58,24,22,17.9039688110352,2,32,12,2413,117
37.0192945990697,-1.06605459641642,439,1407.88989257812,55,30,10,1531,12,60,26,20,17.8276481628418,2,26,9,1962,110
37.0547109626918,-1.06605459641642,477,1426.36437988281,47,28,10,1510,11,71,34,19,17.7725448608398,4,-6,0,1530,115
37.0588775937061,-1.06605459641642,490,1426.36437988281,47,28,10,1510,11,71,34,19,17.7725448608398,4,-6,0,1530,115
37.0713774867492,-1.06605459641642,489,1360.18383789062,47,28,10,1466,11,68,33,20,17.7610321044922,5,-112,11,1462,110
37.1067938503712,-1.06605459641642,424,1316.33056640625,43,26,10,1475,10,72,39,18,17.7087917327881,1,-5,3,848,116
37.1338769519646,-1.06605459641642,441,1247.14892578125,42,27,10,1470,9,72,39,19,17.6667041778564,0,8,0,586,121
37.1442935295004,-1.06605459641642,397,1218.89916992188,45,28,10,1467,9,73,37,18,17.6377334594727,0,12,0,721,125
37.1922097861655,-1.06605459641642,392,1221.74731445312,52,29,10,1446,11,72,32,17,17.5640697479248,3,-48,17,1116,118
37.1963764171799,-1.06605459641642,394,1243.75158691406,51,28,10,1454,10,73,33,16,17.5490417480469,1,19,6,945,115
37.2276261497876,-1.06605459641642,390,1207.03784179688,48,27,10,1415,11,65,35,16,17.4875621795654,3,-37,9,1235,105
37.2338760963091,-1.06605459641642,358,1207.03784179688,48,27,10,1415,11,65,35,16,17.4875621795654,3,-37,9,1235,105
37.2359594118163,-1.06605459641642,340,1251.2646484375,44,26,10,1412,9,61,39,17,17.4719772338867,1,4,3,1230,109
37.244292673845,-1.06605459641642,368,1293.96142578125,44,26,10,1404,9,59,38,18,17.4561862945557,7,-11,2,1393,105
37.2505426203665,-1.06605459641642,365,1293.96142578125,44,26,10,1404,9,59,38,18,17.4561862945557,7,-11,2,1393,105
37.2547092513809,-1.06605459641642,409,1295.10290527344,42,25,10,1383,10,59,40,18,17.4398822784424,1,-104,8,1322,99
37.2734590909455,-1.06605459641642,412,1287.63781738281,44,27,10,1355,11,58,37,19,17.4070434570312,4,-200,5,1533,98
37.3130420855819,-1.06605459641642,432,1312.64709472656,47,27,10,1325,10,59,35,18,17.3235645294189,7,-110,24,1636,91
36.5880482890838,-1.06813795045289,736,777.58203125,41,27,10,1874,19,62,35,24,18.8051490783691,26,-476,0,3193,77
36.6880474334284,-1.06813795045289,424,1930.38647460938,37,30,20,2323,41,53,28,35,18.5648422241211,3,166,18,0,90
36.7172138505289,-1.06813795045289,595,1918.560546875,37,29,10,2173,37,54,27,36,18.5852870941162,1,36,19,2714,89
36.719297166036,-1.06813795045289,545,1910.0947265625,39,30,10,2154,51,53,26,35,18.5879306793213,7,146,18,3498,90
36.7234637970504,-1.06813795045289,511,1910.0947265625,39,30,10,2154,51,53,26,35,18.5879306793213,7,146,18,3498,90
36.7922132087873,-1.06813795045289,521,1834.08117675781,50,31,10,1899,35,55,25,25,18.4996032714844,3,67,16,4830,96
36.8130463638591,-1.06813795045289,512,1770.76635742188,51,31,10,1809,38,56,25,24,18.4116458892822,10,48,27,5402,97
36.8297128879165,-1.06813795045289,510,1718.34582519531,51,31,10,1749,36,57,24,25,18.3532619476318,5,-35,46,5318,102
36.8380461499452,-1.06813795045289,492,1703.63720703125,49,31,10,1751,32,57,25,26,18.3252010345459,4,35,22,5047,104
36.8505460429883,-1.06813795045289,530,1694.32177734375,50,31,60,1716,31,55,24,26,18.2982921600342,2,-59,34,4974,104
36.8797124600888,-1.06813795045289,533,1656.20666503906,50,30,62,1654,28,57,24,26,18.1932258605957,2,-87,26,4548,106
36.8859624066103,-1.06813795045289,526,1643.34191894531,51,31,10,1653,26,56,24,26,18.1681518554688,4,-8,39,4407,107
36.9026289306677,-1.06813795045289,580,1608.69653320312,50,30,12,1615,23,57,24,26,18.1189308166504,2,-58,31,4129,108
36.9380452942898,-1.06813795045289,469,1540.6640625,52,31,120,1590,25,55,23,25,18.0272274017334,2,27,46,3460,115
36.940128609797,-1.06813795045289,464,1540.6640625,52,31,120,1590,25,55,23,25,18.0272274017334,2,27,46,3460,115
36.9442952408113,-1.06813795045289,441,1524.01025390625,52,31,61,1574,21,57,24,23,18.004508972168,4,-7,60,3426,112
36.9734616579118,-1.06813795045289,405,1475.84851074219,55,31,12,1558,17,58,24,21,17.9414691925049,1,23,19,2803,116
36.9776282889262,-1.06813795045289,385,1460.38623046875,54,30,62,1536,18,59,24,22,17.9190368652344,7,-122,16,2859,110
37.0192945990697,-1.06813795045289,445,1407.88989257812,55,30,10,1531,12,60,26,20,17.8276481628418,2,26,9,1962,110
37.069294171242,-1.06813795045289,546,1360.18383789062,47,28,10,1466,11,68,33,20,17.7610321044922,5,-112,11,1462,110
37.1338769519646,-1.06813795045289,440,1247.14892578125,42,27,10,1470,9,72,39,19,17.6667041778564,0,8,0,586,121
37.1838765241368,-1.06813795045289,387,1206.37512207031,47,28,10,1456,10,73,36,18,17.5789756774902,0,6,8,907,121
37.1901264706584,-1.06813795045289,387,1221.74731445312,52,29,10,1446,11,72,32,17,17.5640697479248,3,-48,17,1116,118
37.2026263637014,-1.06813795045289,422,1255.3427734375,54,30,10,1456,13,70,29,18,17.5339660644531,0,50,10,910,113
37.208876310223,-1.06813795045289,475,1255.3427734375,54,30,10,1456,13,70,29,18,17.5339660644531,0,50,10,910,113
37.2172095722517,-1.06813795045289,422,1240.65466308594,55,31,12,1453,11,63,25,20,17.5187664031982,1,105,3,904,109
37.2297094652948,-1.06813795045289,354,1207.03784179688,48,27,10,1415,11,65,35,16,17.4875621795654,3,-37,9,1235,105
37.2547092513809,-1.06813795045289,391,1295.10290527344,42,25,10,1383,10,59,40,18,17.4398822784424,1,-104,8,1322,99
37.2984588770316,-1.06813795045289,378,1356.23596191406,46,27,10,1380,10,58,37,17,17.3580780029297,10,-14,4,1263,94
37.3047088235532,-1.06813795045289,409,1335.78466796875,46,27,10,1388,9,58,36,17,17.3414783477783,3,189,14,1084,96
36.5963815511125,-1.07022130448937,616,846.504455566406,44,30,120,2095,27,62,29,27,18.7805995941162,23,-78,28,1792,77
36.5984648666197,-1.07022130448937,555,846.504455566406,44,30,120,2095,27,62,29,27,18.7805995941162,23,-78,28,1792,77
36.6005481821269,-1.07022130448937,514,846.504455566406,44,30,120,2095,27,62,29,27,18.7805995941162,23,-78,28,1792,77
36.6047148131412,-1.07022130448937,570,967.5048828125,46,30,10,2237,35,58,27,27,18.7331027984619,12,164,36,384,81
36.6422144922704,-1.07022130448937,581,1775.02648925781,44,30,10,2342,26,59,25,31,18.6321296691895,5,-31,29,366,95
36.6505477542992,-1.07022130448937,592,1785.41845703125,42,30,10,2316,40,56,25,33,18.6202545166016,3,-167,12,611,95
36.6963806954571,-1.07022130448937,417,1939.25085449219,36,29,10,2285,40,53,28,36,18.5663547515869,6,229,24,1212,88
36.7213804815432,-1.07022130448937,529,1910.0947265625,39,30,10,2154,51,53,26,35,18.5879306793213,7,146,18,3498,90
36.7276304280648,-1.07022130448937,504,1897.7861328125,40,30,10,2071,65,53,25,35,18.5924835205078,7,-30,39,4382,89
36.7484635831365,-1.07022130448937,451,1877.77099609375,45,30,10,2023,38,53,24,32,18.609504699707,8,-4,15,4621,95
36.7942965242945,-1.07022130448937,500,1818.38610839844,49,31,10,1868,38,56,26,25,18.4718227386475,5,78,21,4893,96
36.7963798398016,-1.07022130448937,484,1818.38610839844,49,31,10,1868,38,56,26,25,18.4718227386475,5,78,21,4893,96
36.8213796258878,-1.07022130448937,518,1740.19445800781,51,31,10,1767,37,57,24,25,18.3814334869385,5,-85,48,5289,100
36.8317962034237,-1.07022130448937,508,1718.34582519531,51,31,10,1749,36,57,24,25,18.3532619476318,5,-35,46,5318,102
36.8401294654524,-1.07022130448937,527,1703.63720703125,49,31,10,1751,32,57,25,26,18.3252010345459,4,35,22,5047,104
36.8442960964667,-1.07022130448937,537,1694.32177734375,50,31,60,1716,31,55,24,26,18.2982921600342,2,-59,34,4974,104
36.8692958825529,-1.07022130448937,531,1669.90649414062,50,30,10,1680,30,57,24,25,18.2212371826172,4,4,19,4641,106
36.8734625135672,-1.07022130448937,529,1669.90649414062,50,30,10,1680,30,57,24,25,18.2212371826172,4,4,19,4641,106
36.9005456151606,-1.07022130448937,630,1629.02795410156,52,31,12,1651,27,58,23,25,18.1453838348389,3,48,21,4153,109
36.9067955616821,-1.07022130448937,553,1608.69653320312,50,30,12,1615,23,57,24,26,18.1189308166504,2,-58,31,4129,108
37.0005447595051,-1.07022130448937,445,1459.01611328125,55,30,62,1546,16,58,24,21,17.8853378295898,4,52,17,2450,117
37.0067947060267,-1.07022130448937,434,1434.24475097656,56,31,12,1514,15,59,23,21,17.8631038665771,5,-90,3,2449,111
37.0192945990697,-1.07022130448937,408,1407.88989257812,55,30,10,1531,12,60,26,20,17.8276481628418,2,26,9,1962,110
37.0276278610985,-1.07022130448937,418,1420.51159667969,53,29,62,1529,10,64,29,19,17.8130702972412,2,64,8,1832,114
37.0401277541415,-1.07022130448937,444,1433.73315429688,53,29,12,1524,12,66,28,20,17.7947788238525,1,41,16,1758,117
37.0630442247205,-1.07022130448937,492,1392.71472167969,45,27,10,1492,10,70,36,19,17.7678375244141,5,-10,1,1570,110
37.0734608022564,-1.07022130448937,456,1360.18383789062,47,28,10,1466,11,68,33,20,17.7610321044922,5,-112,11,1462,110
37.1338769519646,-1.07022130448937,446,1247.14892578125,42,27,10,1470,9,72,39,19,17.6667041778564,0,8,0,586,121
37.1463768450076,-1.07022130448937,411,1218.89916992188,45,28,10,1467,9,73,37,18,17.6377334594727,0,12,0,721,125
37.1526267915292,-1.07022130448937,393,1205.5625,43,26,10,1465,10,71,41,17,17.6231689453125,1,24,1,753,123
37.1776265776153,-1.07022130448937,451,1206.37512207031,47,28,10,1456,10,73,36,18,17.5789756774902,0,6,8,907,121
37.1901264706584,-1.07022130448937,394,1221.74731445312,52,29,10,1446,11,72,32,17,17.5640697479248,3,-48,17,1116,118
37.1963764171799,-1.07022130448937,392,1243.75158691406,51,28,10,1454,10,73,33,16,17.5490417480469,1,19,6,945,115
37.2317927808019,-1.07022130448937,289,1207.03784179688,48,27,10,1415,11,65,35,16,17.4875621795654,3,-37,9,1235,105
36.5942982356053,-1.07230465852584,657,846.504455566406,44,30,120,2095,27,62,29,27,18.7805995941162,23,-78,28,1792,77
36.6172147061843,-1.07230465852584,511,1195.56628417969,44,30,62,2307,26,58,29,27,18.6799602508545,2,153,13,-47,85
36.6588810163279,-1.07230465852584,531,1799.92553710938,39,30,10,2319,48,54,26,35,18.6082515716553,3,-65,55,483,95
36.6651309628494,-1.07230465852584,523,1835.91748046875,38,30,12,2321,50,52,26,35,18.5972805023193,10,-131,61,371,88
36.6713809093709,-1.07230465852584,511,1875.55187988281,37,31,12,2346,43,52,27,36,18.5864582061768,8,99,52,41,88
36.683880802414,-1.07230465852584,382,1907.33154296875,38,30,20,2346,46,52,28,35,18.5747165679932,6,116,24,-61,87
36.6859641179212,-1.07230465852584,399,1930.38647460938,37,30,20,2323,41,53,28,35,18.5648422241211,3,166,18,0,90
36.7172138505289,-1.07230465852584,527,1918.560546875,37,29,10,2173,37,54,27,36,18.5852870941162,1,36,19,2714,89
36.7922132087873,-1.07230465852584,508,1834.08117675781,50,31,10,1899,35,55,25,25,18.4996032714844,3,67,16,4830,96
36.8130463638591,-1.07230465852584,536,1770.76635742188,51,31,10,1809,38,56,25,24,18.4116458892822,10,48,27,5402,97
36.8317962034237,-1.07230465852584,491,1718.34582519531,51,31,10,1749,36,57,24,25,18.3532619476318,5,-35,46,5318,102
36.8380461499452,-1.07230465852584,497,1703.63720703125,49,31,10,1751,32,57,25,26,18.3252010345459,4,35,22,5047,104
36.8422127809596,-1.07230465852584,519,1703.63720703125,49,31,10,1751,32,57,25,26,18.3252010345459,4,35,22,5047,104
36.8672125670457,-1.07230465852584,533,1680.92150878906,51,31,10,1701,30,57,24,25,18.2482204437256,0,3,21,4632,107
36.8776291445816,-1.07230465852584,542,1656.20666503906,50,30,62,1654,28,57,24,26,18.1932258605957,2,-87,26,4548,106
36.9338786632754,-1.07230465852584,522,1557.75305175781,52,31,60,1601,24,58,23,25,18.0494194030762,5,34,34,3636,113
36.940128609797,-1.07230465852584,422,1540.6640625,52,31,120,1590,25,55,23,25,18.0272274017334,2,27,46,3460,115
36.9463785563185,-1.07230465852584,416,1524.01025390625,52,31,61,1574,21,57,24,23,18.004508972168,4,-7,60,3426,112
36.95262850284,-1.07230465852584,523,1508.64868164062,52,30,12,1566,18,58,25,22,17.9811019897461,4,-53,5,3192,113
36.9609617648687,-1.07230465852584,456,1495.13073730469,54,30,60,1564,17,61,25,21,17.962516784668,1,17,19,2959,118
36.9922114974764,-1.07230465852584,404,1461.3671875,54,30,10,1549,16,58,24,22,17.9039688110352,2,32,12,2413,117
37.0026280750123,-1.07230465852584,492,1434.24475097656,56,31,12,1514,15,59,23,21,17.8631038665771,5,-90,3,2449,111
37.03387780762,-1.07230465852584,359,1420.51159667969,53,29,62,1529,10,64,29,19,17.8130702972412,2,64,8,1832,114
37.0901273263138,-1.07230465852584,408,1321.54711914062,44,26,10,1486,10,74,38,18,17.7352352142334,1,33,2,1068,113
37.0963772728353,-1.07230465852584,381,1318.9775390625,42,26,130,1482,10,73,39,18,17.7216835021973,2,41,0,965,118
37.1109604813856,-1.07230465852584,529,1298.97985839844,44,26,10,1473,13,72,37,19,17.6951122283936,0,-8,12,721,117
37.1442935295004,-1.07230465852584,439,1218.89916992188,45,28,10,1467,9,73,37,18,17.6377334594727,0,12,0,721,125
37.1567934225435,-1.07230465852584,384,1205.5625,43,26,10,1465,10,71,41,17,17.6231689453125,1,24,1,753,123
37.2172095722517,-1.07230465852584,406,1240.65466308594,55,31,12,1453,11,63,25,20,17.5187664031982,1,105,3,904,109
37.2297094652948,-1.07230465852584,326,1207.03784179688,48,27,10,1415,11,65,35,16,17.4875621795654,3,-37,9,1235,105
37.2359594118163,-1.07230465852584,337,1251.2646484375,44,26,10,1412,9,61,39,17,17.4719772338867,1,4,3,1230,109
36.590131604591,-1.07438801256231,735,853.27880859375,41,28,10,2222,22,60,34,25,18.7892265319824,11,725,8,51,68
36.5963815511125,-1.07438801256231,564,940.631042480469,45,30,10,2238,23,62,29,26,18.7610740661621,6,535,27,-118,84
36.6026314976341,-1.07438801256231,478,1039.53784179688,47,30,10,2225,30,57,26,27,18.7381019592285,6,-72,56,552,86
36.6067981286484,-1.07438801256231,571,1039.53784179688,47,30,10,2225,30,57,26,27,18.7381019592285,6,-72,56,552,86
36.6817974869068,-1.07438801256231,386,1865.87365722656,39,30,20,2274,37,52,27,34,18.6057014465332,5,-129,38,469,90
36.6901307489355,-1.07438801256231,395,1898.5361328125,39,30,10,2274,45,52,28,34,18.5965557098389,7,-130,27,408,91
36.706797272993,-1.07438801256231,429,1929.3642578125,38,30,20,2233,51,53,27,35,18.588996887207,9,96,31,1185,91
36.7151305350217,-1.07438801256231,488,1922.94226074219,38,30,10,2180,48,53,27,36,18.5923099517822,11,85,49,1676,88
36.719297166036,-1.07438801256231,494,1913.89770507812,38,30,10,2114,47,52,26,36,18.5955791473389,14,-82,35,3378,88
36.7463802676294,-1.07438801256231,489,1894.04345703125,43,30,10,2041,28,54,25,32,18.6033573150635,4,81,28,4307,94
36.7526302141509,-1.07438801256231,455,1886.03430175781,47,31,10,1970,32,54,24,30,18.6157875061035,11,-60,36,4576,92
36.8297128879165,-1.07438801256231,496,1715.32360839844,51,31,60,1751,32,55,24,25,18.3613109588623,2,-15,33,5000,104
36.8401294654524,-1.07438801256231,513,1701.77868652344,50,31,62,1738,32,55,25,25,18.3338642120361,3,-27,22,4802,104
36.8692958825529,-1.07438801256231,538,1658.44860839844,51,31,62,1679,30,58,24,26,18.2253170013428,2,46,17,4467,109
36.9088788771893,-1.07438801256231,605,1585.78869628906,49,30,12,1626,25,58,25,26,18.121940612793,2,17,33,4016,111
36.9255454012467,-1.07438801256231,585,1562.59875488281,49,30,40,1603,23,56,25,26,18.0779685974121,4,18,21,3848,111
36.9422119253041,-1.07438801256231,407,1528.12268066406,50,30,60,1587,22,56,26,24,18.031702041626,1,18,42,3530,113
36.95262850284,-1.07438801256231,521,1502.74584960938,50,30,12,1570,23,57,27,23,17.990650177002,5,34,21,3206,114
36.9567951338544,-1.07438801256231,458,1502.74584960938,50,30,12,1570,23,57,27,23,17.990650177002,5,34,21,3206,114
36.9817949199405,-1.07438801256231,406,1449.81433105469,54,30,12,1546,16,62,26,20,17.9268169403076,5,23,13,2745,115
37.0026280750123,-1.07438801256231,469,1435.59533691406,53,29,10,1538,11,64,27,21,17.8718090057373,2,34,21,2332,118
37.0380444386343,-1.07438801256231,371,1392.71459960938,52,29,10,1512,11,74,29,19,17.8098297119141,2,6,7,1968,111
37.1213770589215,-1.07438801256231,539,1216.86853027344,45,28,10,1470,9,72,36,19,17.68625831604,0,13,16,867,117
37.1401268984861,-1.07438801256231,456,1209.69763183594,46,28,10,1466,11,74,35,19,17.6571083068848,1,-17,6,911,122
37.1442935295004,-1.07438801256231,420,1206.99719238281,46,28,10,1467,11,73,36,18,17.6424980163574,1,2,2,937,126
37.1526267915292,-1.07438801256231,418,1200.19140625,43,28,11,1466,9,70,39,18,17.627872467041,1,5,0,989,125
37.1651266845722,-1.07438801256231,468,1194.00561523438,41,27,10,1463,10,70,41,18,17.613187789917,1,2,1,1095,123
37.1713766310938,-1.07438801256231,402,1198.97875976562,41,26,10,1458,9,70,42,17,17.5984382629395,0,-13,2,1181,122
37.1838765241368,-1.07438801256231,437,1216.64685058594,43,27,10,1458,9,73,39,18,17.5835609436035,0,-5,4,1237,119
37.1922097861655,-1.07438801256231,396,1228.02624511719,48,28,10,1459,9,74,34,18,17.5686206817627,0,16,9,1289,117
37.2026263637014,-1.07438801256231,474,1187.63659667969,53,31,12,1458,26,64,27,19,17.5386581420898,2,94,0,1190,110
37.302625508046,-1.07438801256231,414,1363.52514648438,46,27,10,1341,9,59,37,17,17.3458061218262,8,-144,10,1583,95
36.6067981286484,-1.07647136659879,588,1039.53784179688,47,30,10,2225,30,57,26,27,18.7381019592285,6,-72,56,552,86
36.6234646527058,-1.07647136659879,569,1528.02917480469,45,30,10,2355,24,60,27,27,18.6693382263184,4,117,11,69,92
36.6463811232848,-1.07647136659879,531,1794.98864746094,43,30,10,2331,38,52,25,33,18.6326503753662,7,-10,19,288,97
36.6630476473422,-1.07647136659879,482,1814.73547363281,37,30,20,2306,38,51,27,36,18.6178112030029,5,-32,54,461,91
36.6734642248781,-1.07647136659879,506,1835.81018066406,38,30,20,2300,46,51,27,35,18.6141338348389,8,-57,60,410,89
36.6963806954571,-1.07647136659879,398,1923.54113769531,38,30,10,2267,48,53,28,35,18.5891590118408,4,85,32,571,91
36.7005473264714,-1.07647136659879,413,1923.54113769531,38,30,10,2267,48,53,28,35,18.5891590118408,4,85,32,571,91
36.7172138505289,-1.07647136659879,478,1922.94226074219,38,30,10,2180,48,53,27,36,18.5923099517822,11,85,49,1676,88
36.7609634761796,-1.07647136659879,469,1870.5478515625,49,31,10,1943,36,54,24,27,18.5951766967773,10,-74,42,4924,93
36.7672134227011,-1.07647136659879,495,1870.5478515625,49,31,10,1943,36,54,24,27,18.5951766967773,10,-74,42,4924,93
36.7692967382083,-1.07647136659879,441,1850.35888671875,51,31,30,1912,35,55,24,25,18.5612926483154,4,-129,34,5052,93
36.7963798398016,-1.07647136659879,527,1785.48620605469,49,30,10,1828,36,56,25,26,18.4688663482666,12,-105,28,4870,97
36.8026297863232,-1.07647136659879,530,1768.62219238281,49,30,10,1813,35,56,26,25,18.4414234161377,8,-73,48,4851,96
36.8484627274811,-1.07647136659879,568,1688.76635742188,52,31,60,1710,32,58,23,25,18.3047027587891,5,-4,26,4998,104
36.8859624066103,-1.07647136659879,546,1624.69116210938,50,30,12,1626,25,57,25,26,18.1701736450195,3,-66,31,4519,107
36.9734616579118,-1.07647136659879,407,1471.84521484375,54,30,12,1554,17,62,26,20,17.9480381011963,1,18,12,2840,118
37.0192945990697,-1.07647136659879,371,1390.92907714844,53,30,12,1513,13,60,26,21,17.8383178710938,2,-61,10,2270,112
37.0276278610985,-1.07647136659879,398,1378.4404296875,53,29,40,1509,14,68,27,20,17.8266086578369,3,-47,17,2209,110
37.1109604813856,-1.07647136659879,427,1240.32739257812,42,26,10,1473,9,70,40,18,17.7005882263184,1,21,3,960,116
37.1130437968928,-1.07647136659879,434,1240.32739257812,42,26,10,1473,9,70,40,18,17.7005882263184,1,21,3,960,116
37.1172104279071,-1.07647136659879,449,1240.32739257812,42,26,10,1473,9,70,40,18,17.7005882263184,1,21,3,960,116
37.1213770589215,-1.07647136659879,546,1216.86853027344,45,28,10,1470,9,72,36,19,17.68625831604,0,13,16,867,117
37.1422102139933,-1.07647136659879,461,1209.69763183594,46,28,10,1466,11,74,35,19,17.6571083068848,1,-17,6,911,122
37.1567934225435,-1.07647136659879,425,1200.19140625,43,28,11,1466,9,70,39,18,17.627872467041,1,5,0,989,125
37.1713766310938,-1.07647136659879,445,1198.97875976562,41,26,10,1458,9,70,42,17,17.5984382629395,0,-13,2,1181,122
37.1734599466009,-1.07647136659879,427,1198.97875976562,41,26,10,1458,9,70,42,17,17.5984382629395,0,-13,2,1181,122
37.1797098931225,-1.07647136659879,415,1216.64685058594,43,27,10,1458,9,73,39,18,17.5835609436035,0,-5,4,1237,119
37.185959839644,-1.07647136659879,427,1228.02624511719,48,28,10,1459,9,74,34,18,17.5686206817627,0,16,9,1289,117
37.2067929947158,-1.07647136659879,480,1187.63659667969,53,31,12,1458,26,64,27,19,17.5386581420898,2,94,0,1190,110
37.3109587700747,-1.07647136659879,372,1343.70837402344,44,26,10,1369,11,59,40,16,17.3292980194092,5,114,15,1065,100
36.5859649735766,-1.07855472063526,739,853.27880859375,41,28,10,2222,22,60,34,25,18.7892265319824,11,725,8,51,68
36.5984648666197,-1.07855472063526,546,940.631042480469,45,30,10,2238,23,62,29,26,18.7610740661621,6,535,27,-118,84
36.6047148131412,-1.07855472063526,548,1039.53784179688,47,30,10,2225,30,57,26,27,18.7381019592285,6,-72,56,552,86
36.6317979147345,-1.07855472063526,598,1713.98083496094,46,30,10,2372,25,58,26,28,18.6565608978271,2,97,14,-112,98
36.6463811232848,-1.07855472063526,540,1794.98864746094,43,30,10,2331,38,52,25,33,18.6326503753662,7,-10,19,288,97
36.660964331835,-1.07855472063526,449,1814.73547363281,37,30,20,2306,38,51,27,36,18.6178112030029,5,-32,54,461,91
36.7047139574858,-1.07855472063526,429,1929.3642578125,38,30,20,2233,51,53,27,35,18.588996887207,9,96,31,1185,91
36.7234637970504,-1.07855472063526,514,1913.89770507812,38,30,10,2114,47,52,26,36,18.5955791473389,14,-82,35,3378,88
36.7963798398016,-1.07855472063526,518,1785.48620605469,49,30,10,1828,36,56,25,26,18.4688663482666,12,-105,28,4870,97
36.8026297863232,-1.07855472063526,537,1768.62219238281,49,30,10,1813,35,56,26,25,18.4414234161377,8,-73,48,4851,96
36.8172129948734,-1.07855472063526,493,1750.83776855469,51,30,10,1788,38,57,24,25,18.4155979156494,4,8,43,5163,98
36.8276295724093,-1.07855472063526,527,1715.32360839844,51,31,60,1751,32,55,24,25,18.3613109588623,2,-15,33,5000,104
36.8317962034237,-1.07855472063526,502,1715.32360839844,51,31,60,1751,32,55,24,25,18.3613109588623,2,-15,33,5000,104
36.8422127809596,-1.07855472063526,544,1701.77868652344,50,31,62,1738,32,55,25,25,18.3338642120361,3,-27,22,4802,104
36.858879305017,-1.07855472063526,554,1677.080078125,50,31,60,1705,31,58,24,26,18.2763137817383,5,-81,21,4909,105
36.8734625135672,-1.07855472063526,510,1658.44860839844,51,31,62,1679,30,58,24,26,18.2253170013428,2,46,17,4467,109
36.881795775596,-1.07855472063526,517,1643.41967773438,51,31,60,1662,27,58,23,26,18.1978530883789,4,-12,29,4471,107
36.9026289306677,-1.07855472063526,597,1585.78869628906,49,30,12,1626,25,58,25,26,18.121940612793,2,17,33,4016,111
36.9151288237108,-1.07855472063526,550,1571.50561523438,48,30,12,1614,22,60,24,28,18.1002388000488,1,14,13,3929,113
36.9338786632754,-1.07855472063526,468,1547.19458007812,49,30,120,1594,23,56,25,25,18.0545310974121,4,23,46,3656,111
36.9359619787826,-1.07855472063526,496,1528.12268066406,50,30,60,1587,22,56,26,24,18.031702041626,1,18,42,3530,113
36.9672117113903,-1.07855472063526,422,1490.12097167969,52,30,12,1561,18,59,26,22,17.9686088562012,1,4,17,2988,117
36.9817949199405,-1.07855472063526,374,1449.81433105469,54,30,12,1546,16,62,26,20,17.9268169403076,5,23,13,2745,115
36.998461443998,-1.07855472063526,373,1443.22375488281,54,30,10,1541,13,64,26,20,17.8907108306885,1,33,8,2443,117
37.0359611231272,-1.07855472063526,377,1392.71459960938,52,29,10,1512,11,74,29,19,17.8098297119141,2,6,7,1968,111
37.0776274332707,-1.07855472063526,478,1318.49841308594,48,28,10,1483,11,72,32,20,17.7552604675293,7,30,8,1596,111
37.0797107487779,-1.07855472063526,506,1318.49841308594,48,28,10,1483,11,72,32,20,17.7552604675293,7,30,8,1596,111
37.150543476022,-1.07855472063526,427,1206.99719238281,46,28,10,1467,11,73,36,18,17.6424980163574,1,2,2,937,126
37.1567934225435,-1.07855472063526,445,1200.19140625,43,28,11,1466,9,70,39,18,17.627872467041,1,5,0,989,125
37.1713766310938,-1.07855472063526,455,1198.97875976562,41,26,10,1458,9,70,42,17,17.5984382629395,0,-13,2,1181,122
37.185959839644,-1.07855472063526,430,1228.02624511719,48,28,10,1459,9,74,34,18,17.5686206817627,0,16,9,1289,117
37.1880431551512,-1.07855472063526,409,1228.02624511719,48,28,10,1459,9,74,34,18,17.5686206817627,0,16,9,1289,117
37.1901264706584,-1.07855472063526,407,1228.02624511719,48,28,10,1459,9,74,34,18,17.5686206817627,0,16,9,1289,117
37.3192920321034,-1.07855472063526,375,1331.32470703125,45,26,10,1330,13,59,40,16,17.3119888305664,7,-22,10,1300,91
36.6213813371987,-1.08063807467174,543,1528.02917480469,45,30,10,2355,24,60,27,27,18.6693382263184,4,117,11,69,92
36.6463811232848,-1.08063807467174,544,1794.98864746094,43,30,10,2331,38,52,25,33,18.6326503753662,7,-10,19,288,97
36.6734642248781,-1.08063807467174,448,1835.81018066406,38,30,20,2300,46,51,27,35,18.6141338348389,8,-57,60,410,89
36.6922140644427,-1.08063807467174,378,1898.5361328125,39,30,10,2274,45,52,28,34,18.5965557098389,7,-130,27,408,91
36.719297166036,-1.08063807467174,455,1913.89770507812,38,30,10,2114,47,52,26,36,18.5955791473389,14,-82,35,3378,88
36.7297137435719,-1.08063807467174,489,1904.63171386719,39,30,10,2073,36,52,26,35,18.5980319976807,8,-45,56,4222,90
36.7317970590791,-1.08063807467174,491,1904.63171386719,39,30,10,2073,36,52,26,35,18.5980319976807,8,-45,56,4222,90
36.7547135296581,-1.08063807467174,508,1886.03430175781,47,31,10,1970,32,54,24,30,18.6157875061035,11,-60,36,4576,92
36.7588801606724,-1.08063807467174,485,1886.03430175781,47,31,10,1970,32,54,24,30,18.6157875061035,11,-60,36,4576,92
36.7609634761796,-1.08063807467174,509,1870.5478515625,49,31,10,1943,36,54,24,27,18.5951766967773,10,-74,42,4924,93
36.777630000237,-1.08063807467174,472,1827.73059082031,51,31,10,1899,34,57,24,25,18.5288619995117,3,5,30,4856,94
36.8276295724093,-1.08063807467174,517,1715.32360839844,51,31,60,1751,32,55,24,25,18.3613109588623,2,-15,33,5000,104
36.8463794119739,-1.08063807467174,553,1688.76635742188,52,31,60,1710,32,58,23,25,18.3047027587891,5,-4,26,4998,104
36.8672125670457,-1.08063807467174,534,1668.02673339844,49,30,62,1695,31,57,25,26,18.2494640350342,3,-21,19,4540,105
36.9026289306677,-1.08063807467174,608,1585.78869628906,49,30,12,1626,25,58,25,26,18.121940612793,2,17,33,4016,111
36.9067955616821,-1.08063807467174,590,1585.78869628906,49,30,12,1626,25,58,25,26,18.121940612793,2,17,33,4016,111
36.9213787702324,-1.08063807467174,540,1562.59875488281,49,30,40,1603,23,56,25,26,18.0779685974121,4,18,21,3848,111
36.9901281819692,-1.08063807467174,441,1440.44555664062,55,30,60,1549,15,59,24,21,17.9067115783691,1,25,22,2514,110
37.0026280750123,-1.08063807467174,420,1435.59533691406,53,29,10,1538,11,64,27,21,17.8718090057373,2,34,21,2332,118
37.0047113905195,-1.08063807467174,451,1435.59533691406,53,29,10,1538,11,64,27,21,17.8718090057373,2,34,21,2332,118
37.03387780762,-1.08063807467174,395,1378.4404296875,53,29,40,1509,14,68,27,20,17.8266086578369,3,-47,17,2209,110
37.0672108557348,-1.08063807467174,462,1416.13122558594,45,27,11,1485,10,72,38,17,17.769998550415,1,-71,5,1774,109
37.0734608022564,-1.08063807467174,476,1370.12805175781,45,27,10,1488,8,73,36,19,17.7661590576172,1,-7,2,1530,113
37.0776274332707,-1.08063807467174,421,1318.49841308594,48,28,10,1483,11,72,32,20,17.7552604675293,7,30,8,1596,111
37.1088771658784,-1.08063807467174,383,1257.78454589844,40,25,11,1474,8,70,42,18,17.7145500183105,1,20,1,1094,114
37.1109604813856,-1.08063807467174,397,1240.32739257812,42,26,10,1473,9,70,40,18,17.7005882263184,1,21,3,960,116
37.1922097861655,-1.08063807467174,365,1228.02624511719,48,28,10,1459,9,74,34,18,17.5686206817627,0,16,9,1289,117
37.1942931016727,-1.08063807467174,384,1217.06762695312,49,28,10,1460,10,70,33,18,17.5536613464355,1,45,9,1319,117
37.3192920321034,-1.08063807467174,379,1331.32470703125,45,26,10,1330,13,59,40,16,17.3119888305664,7,-22,10,1300,91
37.3297086096393,-1.08063807467174,444,1316.43786621094,46,26,10,1311,9,60,39,16,17.2935619354248,6,-172,16,1074,94
36.5880482890838,-1.08272142870821,647,991.675415039062,42,28,10,2286,18,63,33,25,18.7770347595215,14,966,5,-848,74
36.6026314976341,-1.08272142870821,653,1122.953125,48,30,10,2203,25,56,24,28,18.7499294281006,3,-268,34,676,87
36.6276312837202,-1.08272142870821,500,1694.84228515625,45,29,10,2331,20,58,28,27,18.6705265045166,5,-15,10,172,95
36.6859641179212,-1.08272142870821,489,1879.1337890625,39,30,12,2258,42,51,27,35,18.6150817871094,4,5,48,-77,99
36.6942973799499,-1.08272142870821,365,1907.56762695312,38,30,12,2243,46,52,27,34,18.6052665710449,9,44,75,418,95
36.706797272993,-1.08272142870821,417,1919.88513183594,38,30,20,2227,48,52,27,35,18.6047134399414,8,94,74,118,92
36.7609634761796,-1.08272142870821,458,1861.412109375,49,31,10,1955,33,55,25,27,18.602897644043,9,71,31,4369,93
36.7963798398016,-1.08272142870821,510,1761.96752929688,47,30,10,1812,32,57,25,27,18.4732036590576,2,-151,19,5156,97
36.8067964173375,-1.08272142870821,526,1745.22521972656,48,30,10,1780,32,58,25,27,18.4452648162842,2,-130,18,5220,97
36.8755458290744,-1.08272142870821,538,1648.814453125,49,30,62,1654,28,56,24,27,18.2288017272949,3,-87,27,4537,105
36.9234620857395,-1.08272142870821,524,1544.79125976562,48,30,62,1599,20,58,27,25,18.0832061767578,1,37,28,3796,116
36.9276287167539,-1.08272142870821,518,1533.29418945312,50,30,12,1577,21,58,26,24,18.0601081848145,1,-23,11,3836,112
37.0317944921128,-1.08272142870821,432,1371.59533691406,49,29,12,1490,12,68,30,21,17.8350448608398,1,-78,21,2330,111
37.0380444386343,-1.08272142870821,380,1362.41650390625,50,28,10,1490,13,75,30,21,17.8280258178711,3,-130,20,2326,110
37.0422110696487,-1.08272142870821,385,1362.41650390625,50,28,10,1490,13,75,30,21,17.8280258178711,3,-130,20,2326,110
37.0588775937061,-1.08272142870821,405,1423.71044921875,50,28,10,1521,12,74,31,19,17.7829322814941,3,113,7,1733,112
37.0734608022564,-1.08272142870821,495,1382.33471679688,45,27,10,1490,9,72,36,19,17.7676563262939,4,31,5,1728,107
37.0942939573282,-1.08272142870821,421,1202.75952148438,45,27,10,1448,10,71,35,20,17.7359046936035,2,-121,11,1762,108
37.1151271123999,-1.08272142870821,403,1160.82373046875,42,26,10,1452,9,71,40,18,17.7065353393555,4,-33,6,1269,113
37.127627005443,-1.08272142870821,384,1154.0595703125,42,27,11,1468,9,69,41,17,17.6767482757568,0,35,0,1090,123
37.1484601605148,-1.08272142870821,478,1186.32202148438,47,28,40,1467,11,73,35,19,17.6471557617188,0,5,6,1229,127
37.1797098931225,-1.08272142870821,419,1217.79150390625,45,28,10,1463,10,74,37,18,17.5879936218262,0,4,10,1567,117
37.1817932086297,-1.08272142870821,411,1217.79150390625,45,28,10,1463,10,74,37,18,17.5879936218262,0,4,10,1567,117
37.2005430481943,-1.08272142870821,509,1129.64099121094,51,29,12,1458,11,70,31,18,17.5584964752197,3,80,0,1662,107
37.3151254010891,-1.08272142870821,353,1362.74243164062,44,26,10,1344,10,58,41,15,17.3337516784668,13,-142,4,1068,95
36.590131604591,-1.08480478274469,617,991.675415039062,42,28,10,2286,18,63,33,25,18.7770347595215,14,966,5,-848,74
36.5922149200982,-1.08480478274469,601,991.675415039062,42,28,10,2286,18,63,33,25,18.7770347595215,14,966,5,-848,74
36.6005481821269,-1.08480478274469,630,1085.90051269531,45,29,10,2241,20,62,30,25,18.7582626342773,8,192,7,47,88
36.6359645457489,-1.08480478274469,534,1759.88195800781,46,30,62,2347,22,58,25,29,18.6579360961914,5,77,19,-110,93
36.6442978077776,-1.08480478274469,585,1785.63220214844,44,30,10,2308,43,54,25,32,18.6471366882324,2,7,22,325,94
36.6526310698063,-1.08480478274469,554,1802.80810546875,40,30,20,2323,43,52,26,34,18.6359062194824,5,82,54,239,93
36.6567977008207,-1.08480478274469,471,1802.80810546875,40,30,20,2323,43,52,26,34,18.6359062194824,5,82,54,239,93
36.6630476473422,-1.08480478274469,478,1815.80017089844,38,30,20,2292,33,52,28,35,18.6349754333496,2,-49,64,389,93
36.6692975938638,-1.08480478274469,471,1826.65441894531,38,30,12,2281,40,52,27,35,18.6329727172852,4,-18,60,716,95
36.6880474334284,-1.08480478274469,453,1879.1337890625,39,30,12,2258,42,51,27,35,18.6150817871094,4,5,48,-77,99
36.6922140644427,-1.08480478274469,385,1879.1337890625,39,30,12,2258,42,51,27,35,18.6150817871094,4,5,48,-77,99
36.6984640109643,-1.08480478274469,382,1907.56762695312,38,30,12,2243,46,52,27,34,18.6052665710449,9,44,75,418,95
36.7005473264714,-1.08480478274469,396,1907.56762695312,38,30,12,2243,46,52,27,34,18.6052665710449,9,44,75,418,95
36.7088805885002,-1.08480478274469,447,1919.88513183594,38,30,20,2227,48,52,27,35,18.6047134399414,8,94,74,118,92
36.7109639040073,-1.08480478274469,415,1917.0078125,39,30,20,2162,51,51,26,35,18.6091537475586,11,-139,25,166,92
36.7130472195145,-1.08480478274469,415,1917.0078125,39,30,20,2162,51,51,26,35,18.6091537475586,11,-139,25,166,92
36.7317970590791,-1.08480478274469,521,1902.80212402344,39,29,10,2117,29,59,28,33,18.6075325012207,1,120,12,0,91
36.7338803745863,-1.08480478274469,548,1902.80212402344,39,29,10,2117,29,59,28,33,18.6075325012207,1,120,12,0,91
36.7380470056006,-1.08480478274469,534,1899.40942382812,41,29,10,2083,25,56,28,31,18.606481552124,5,154,14,3236,92
36.7692967382083,-1.08480478274469,488,1836.17211914062,49,31,10,1945,35,56,26,25,18.5672969818115,6,145,16,4514,92
36.7963798398016,-1.08480478274469,536,1761.96752929688,47,30,10,1812,32,57,25,27,18.4732036590576,2,-151,19,5156,97
36.800546470816,-1.08480478274469,514,1761.96752929688,47,30,10,1812,32,57,25,27,18.4732036590576,2,-151,19,5156,97
36.8026297863232,-1.08480478274469,511,1745.22521972656,48,30,10,1780,32,58,25,27,18.4452648162842,2,-130,18,5220,97
36.8276295724093,-1.08480478274469,503,1703.91564941406,51,30,40,1745,34,58,24,25,18.3643169403076,4,-30,28,4802,103
36.8380461499452,-1.08480478274469,524,1692.37719726562,51,31,10,1730,33,58,24,24,18.3377590179443,2,24,40,4786,106
36.8526293584955,-1.08480478274469,615,1669.38073730469,51,30,60,1695,30,58,24,25,18.2826805114746,5,14,44,4756,107
36.8567959895098,-1.08480478274469,590,1669.38073730469,51,30,60,1695,30,58,24,25,18.2826805114746,5,14,44,4756,107
36.8609626205242,-1.08480478274469,537,1658.6796875,48,30,10,1672,28,55,25,26,18.2556686401367,5,24,25,4737,105
36.8797124600888,-1.08480478274469,564,1633.28845214844,51,31,60,1662,24,58,23,27,18.201976776123,2,59,20,4390,107
36.8838790911031,-1.08480478274469,575,1633.28845214844,51,31,60,1662,24,58,23,27,18.201976776123,2,59,20,4390,107
36.8880457221175,-1.08480478274469,568,1610.56518554688,50,30,12,1639,23,57,24,26,18.1756286621094,3,23,18,4411,109
36.95262850284,-1.08480478274469,461,1489.72216796875,50,30,10,1566,17,61,28,22,17.9955615997314,1,11,8,3207,117
36.9567951338544,-1.08480478274469,440,1489.72216796875,50,30,10,1566,17,61,28,22,17.9955615997314,1,11,8,3207,117
36.9734616579118,-1.08480478274469,407,1466.88525390625,53,30,12,1539,19,59,26,21,17.9537982940674,2,-47,12,3015,117
36.975544973419,-1.08480478274469,388,1466.88525390625,53,30,12,1539,19,59,26,21,17.9537982940674,2,-47,12,3015,117
36.9880448664621,-1.08480478274469,403,1420.13671875,52,30,12,1516,15,61,27,20,17.9108257293701,3,-88,14,2934,112
37.0151279680554,-1.08480478274469,445,1421.90808105469,52,29,10,1525,12,76,28,20,17.8593902587891,1,29,11,2387,120
37.0463777006631,-1.08480478274469,376,1398.90759277344,50,28,62,1538,13,72,31,19,17.801944732666,2,152,11,1705,102
37.0526276471846,-1.08480478274469,388,1423.71044921875,50,28,10,1521,12,74,31,19,17.7829322814941,3,113,7,1733,112
37.0776274332707,-1.08480478274469,429,1323.90209960938,45,28,10,1480,9,74,35,20,17.7621212005615,5,-40,7,1657,110
37.1005439038497,-1.08480478274469,344,1202.75952148438,45,27,10,1448,10,71,35,20,17.7359046936035,2,-121,11,1762,108
37.1047105348641,-1.08480478274469,351,1184.75061035156,42,26,10,1471,9,72,40,18,17.7205448150635,0,47,6,1380,111
37.1234603744287,-1.08480478274469,369,1141.38012695312,43,26,10,1458,9,72,38,18,17.6919803619385,4,-49,2,1173,115
37.3297086096393,-1.08480478274469,415,1345.99169921875,44,26,10,1338,14,60,42,15,17.3002815246582,7,46,11,895,94
36.6005481821269,-1.08688813678116,617,1085.90051269531,45,29,10,2241,20,62,30,25,18.7582626342773,8,192,7,47,88
36.6026314976341,-1.08688813678116,622,1122.953125,48,30,10,2203,25,56,24,28,18.7499294281006,3,-268,34,676,87
36.6067981286484,-1.08688813678116,612,1122.953125,48,30,10,2203,25,56,24,28,18.7499294281006,3,-268,34,676,87
36.6588810163279,-1.08688813678116,476,1802.80810546875,40,30,20,2323,43,52,26,34,18.6359062194824,5,82,54,239,93
36.6630476473422,-1.08688813678116,500,1815.80017089844,38,30,20,2292,33,52,28,35,18.6349754333496,2,-49,64,389,93
36.6651309628494,-1.08688813678116,476,1815.80017089844,38,30,20,2292,33,52,28,35,18.6349754333496,2,-49,64,389,93
36.6734642248781,-1.08688813678116,470,1826.65441894531,38,30,12,2281,40,52,27,35,18.6329727172852,4,-18,60,716,95
36.6817974869068,-1.08688813678116,461,1849.05297851562,39,30,10,2285,43,53,27,35,18.6242828369141,5,117,62,278,104
36.742213636615,-1.08688813678116,505,1899.40942382812,41,29,10,2083,25,56,28,31,18.606481552124,5,154,14,3236,92
36.7442969521222,-1.08688813678116,522,1894.36169433594,43,30,10,2035,30,54,26,31,18.6146144866943,4,46,55,3821,92
36.7734633692227,-1.08688813678116,484,1836.17211914062,49,31,10,1945,35,56,26,25,18.5672969818115,6,145,16,4514,92
36.777630000237,-1.08688813678116,485,1809.53479003906,48,30,10,1884,39,55,26,26,18.5346851348877,11,62,26,5027,93
36.7817966312514,-1.08688813678116,489,1809.53479003906,48,30,10,1884,39,55,26,26,18.5346851348877,11,62,26,5027,93
36.9713783424046,-1.08688813678116,417,1466.88525390625,53,30,12,1539,19,59,26,21,17.9537982940674,2,-47,12,3015,117
36.9922114974764,-1.08688813678116,428,1420.13671875,52,30,12,1516,15,61,27,20,17.9108257293701,3,-88,14,2934,112
37.0067947060267,-1.08688813678116,427,1422.7724609375,50,28,10,1530,12,72,29,21,17.8769359588623,0,13,6,2485,119
37.0234612300841,-1.08688813678116,406,1403.98266601562,50,28,40,1523,12,71,29,21,17.8437385559082,7,45,8,2268,115
37.0422110696487,-1.08688813678116,399,1362.41650390625,50,28,10,1490,13,75,30,21,17.8280258178711,3,-130,20,2326,110
37.0651275402277,-1.08688813678116,461,1415.92333984375,46,27,10,1512,10,71,35,19,17.771764755249,1,80,4,1680,110
37.0672108557348,-1.08688813678116,442,1415.92333984375,46,27,10,1512,10,71,35,19,17.771764755249,1,80,4,1680,110
37.0776274332707,-1.08688813678116,458,1323.90209960938,45,28,10,1480,9,74,35,20,17.7621212005615,5,-40,7,1657,110
37.0838773797923,-1.08688813678116,426,1323.90209960938,45,28,10,1480,9,74,35,20,17.7621212005615,5,-40,7,1657,110
37.0963772728353,-1.08688813678116,418,1202.75952148438,45,27,10,1448,10,71,35,20,17.7359046936035,2,-121,11,1762,108
37.0984605883425,-1.08688813678116,347,1202.75952148438,45,27,10,1448,10,71,35,20,17.7359046936035,2,-121,11,1762,108
37.1442935295004,-1.08688813678116,471,1186.32202148438,47,28,40,1467,11,73,35,19,17.6471557617188,0,5,6,1229,127
37.1484601605148,-1.08688813678116,500,1186.32202148438,47,28,40,1467,11,73,35,19,17.6471557617188,0,5,6,1229,127
37.150543476022,-1.08688813678116,450,1186.32202148438,47,28,40,1467,11,73,35,19,17.6471557617188,0,5,6,1229,127
37.1526267915292,-1.08688813678116,432,1190.01135253906,44,27,10,1465,11,70,38,18,17.6324501037598,0,-3,2,1294,124
37.1630433690651,-1.08688813678116,453,1196.05810546875,41,27,11,1464,9,70,41,17,17.6176776885986,0,-6,0,1389,121
37.1692933155866,-1.08688813678116,491,1209.99853515625,40,27,10,1462,10,68,42,17,17.6028728485107,1,-19,1,1503,118
37.3151254010891,-1.08688813678116,413,1362.74243164062,44,26,10,1344,10,58,41,15,17.3337516784668,13,-142,4,1068,95
37.325541978625,-1.08688813678116,360,1353.57739257812,43,26,10,1380,8,58,42,14,17.3176002502441,3,200,4,677,96
36.6192980216915,-1.08897149081763,567,1531.01989746094,46,30,10,2345,25,58,27,27,18.6847724914551,7,107,13,27,91
36.6297145992274,-1.08897149081763,481,1694.84228515625,45,29,10,2331,20,58,28,27,18.6705265045166,5,-15,10,172,95
36.6463811232848,-1.08897149081763,607,1785.63220214844,44,30,10,2308,43,54,25,32,18.6471366882324,2,7,22,325,94
36.6505477542992,-1.08897149081763,624,1785.63220214844,44,30,10,2308,43,54,25,32,18.6471366882324,2,7,22,325,94
36.6922140644427,-1.08897149081763,434,1879.1337890625,39,30,12,2258,42,51,27,35,18.6150817871094,4,5,48,-77,99
36.7317970590791,-1.08897149081763,513,1902.80212402344,39,29,10,2117,29,59,28,33,18.6075325012207,1,120,12,0,91
36.7713800537155,-1.08897149081763,441,1836.17211914062,49,31,10,1945,35,56,26,25,18.5672969818115,6,145,16,4514,92
36.7963798398016,-1.08897149081763,495,1761.96752929688,47,30,10,1812,32,57,25,27,18.4732036590576,2,-151,19,5156,97
36.8192963103806,-1.08897149081763,496,1717.78271484375,50,30,10,1763,33,58,25,25,18.3925800323486,3,-11,16,4879,100
36.8380461499452,-1.08897149081763,525,1692.37719726562,51,31,10,1730,33,58,24,24,18.3377590179443,2,24,40,4786,106
36.8547126740026,-1.08897149081763,608,1669.38073730469,51,30,60,1695,30,58,24,25,18.2826805114746,5,14,44,4756,107
36.881795775596,-1.08897149081763,547,1633.28845214844,51,31,60,1662,24,58,23,27,18.201976776123,2,59,20,4390,107
36.8838790911031,-1.08897149081763,542,1633.28845214844,51,31,60,1662,24,58,23,27,18.201976776123,2,59,20,4390,107
36.8880457221175,-1.08897149081763,544,1610.56518554688,50,30,12,1639,23,57,24,26,18.1756286621094,3,23,18,4411,109
36.917212139218,-1.08897149081763,554,1546.28601074219,48,30,10,1606,20,57,26,26,18.1014595031738,3,-10,15,4015,111
36.9276287167539,-1.08897149081763,476,1533.29418945312,50,30,12,1577,21,58,26,24,18.0601081848145,1,-23,11,3836,112
36.9442952408113,-1.08897149081763,473,1497.54565429688,48,29,10,1570,21,61,28,23,18.0151195526123,2,1,12,3409,114
36.9713783424046,-1.08897149081763,438,1466.88525390625,53,30,12,1539,19,59,26,21,17.9537982940674,2,-47,12,3015,117
36.9734616579118,-1.08897149081763,438,1466.88525390625,53,30,12,1539,19,59,26,21,17.9537982940674,2,-47,12,3015,117
36.9776282889262,-1.08897149081763,436,1441.59545898438,53,30,10,1542,15,62,28,20,17.9322738647461,0,0,3,2773,116
36.9817949199405,-1.08897149081763,452,1441.59545898438,53,30,10,1542,15,62,28,20,17.9322738647461,0,0,3,2773,116
36.9859615509549,-1.08897149081763,440,1420.13671875,52,30,12,1516,15,61,27,20,17.9108257293701,3,-88,14,2934,112
37.0213779145769,-1.08897149081763,445,1403.98266601562,50,28,40,1523,12,71,29,21,17.8437385559082,7,45,8,2268,115
37.0505443316774,-1.08897149081763,386,1398.90759277344,50,28,62,1538,13,72,31,19,17.801944732666,2,152,11,1705,102
37.0838773797923,-1.08897149081763,416,1323.90209960938,45,28,10,1480,9,74,35,20,17.7621212005615,5,-40,7,1657,110
37.0942939573282,-1.08897149081763,463,1202.75952148438,45,27,10,1448,10,71,35,20,17.7359046936035,2,-121,11,1762,108
37.0984605883425,-1.08897149081763,381,1202.75952148438,45,27,10,1448,10,71,35,20,17.7359046936035,2,-121,11,1762,108
37.1547101070363,-1.08897149081763,421,1190.01135253906,44,27,10,1465,11,70,38,18,17.6324501037598,0,-3,2,1294,124
37.1963764171799,-1.08897149081763,411,1129.64099121094,51,29,12,1458,11,70,31,18,17.5584964752197,3,80,0,1662,107
36.6130480751699,-1.09105484485411,580,1297.92822265625,48,31,62,2308,28,58,25,28,18.7346668243408,7,96,61,348,85
36.6526310698063,-1.09105484485411,567,1793.19458007812,40,30,12,2313,36,54,25,34,18.6519660949707,3,86,39,200,98
36.6567977008207,-1.09105484485411,476,1793.19458007812,40,30,12,2313,36,54,25,34,18.6519660949707,3,86,39,200,98
36.6901307489355,-1.09105484485411,467,1869.41149902344,40,29,10,2224,40,51,27,33,18.6330757141113,3,-71,66,34,96
36.6922140644427,-1.09105484485411,431,1869.41149902344,40,29,10,2224,40,51,27,33,18.6330757141113,3,-71,66,34,96
36.7109639040073,-1.09105484485411,371,1905.92590332031,39,30,12,2158,43,55,27,35,18.6216526031494,11,17,37,103,90
36.7234637970504,-1.09105484485411,423,1894.88098144531,39,29,20,2101,43,53,27,34,18.6285037994385,4,-99,21,284,92
36.7547135296581,-1.09105484485411,506,1855.17907714844,47,31,10,2007,33,55,25,29,18.6323013305664,5,134,15,3863,91
36.7817966312514,-1.09105484485411,502,1794.22766113281,46,30,10,1869,30,56,27,27,18.544620513916,11,-2,29,4872,96
36.8109630483519,-1.09105484485411,543,1733.18493652344,50,30,10,1758,35,57,24,27,18.4333953857422,9,-63,35,5044,98
36.8172129948734,-1.09105484485411,526,1733.18493652344,50,30,10,1758,35,57,24,27,18.4333953857422,9,-63,35,5044,98
36.8297128879165,-1.09105484485411,510,1700.18322753906,49,30,10,1729,32,56,25,26,18.3705081939697,2,-39,38,4854,101
36.8463794119739,-1.09105484485411,572,1672.45092773438,50,30,62,1703,31,59,25,25,18.3138446807861,5,24,33,4710,107
36.8755458290744,-1.09105484485411,542,1637.41955566406,50,30,10,1665,26,56,24,26,18.2353572845459,2,38,36,4468,107
36.8797124600888,-1.09105484485411,550,1621.11450195312,50,31,10,1639,25,58,22,28,18.2072372436523,5,22,45,4420,106
36.8901290376247,-1.09105484485411,529,1596.28674316406,49,30,12,1633,24,60,24,27,18.1776294708252,3,-41,11,4343,107
36.8984622996534,-1.09105484485411,525,1568.67211914062,49,30,62,1618,22,57,25,26,18.1512126922607,2,10,22,4276,109
36.9088788771893,-1.09105484485411,552,1540.74792480469,49,30,12,1604,23,56,25,25,18.1269874572754,3,19,20,4179,110
36.9338786632754,-1.09105484485411,442,1515.46350097656,50,30,12,1583,19,58,27,24,18.0658378601074,1,30,21,3701,116
36.9442952408113,-1.09105484485411,482,1481.86730957031,50,29,12,1558,0,0,27,23,18.021017074585,2,-18,6,3591,114
36.9547118183472,-1.09105484485411,452,1474.52502441406,49,29,62,1559,18,61,27,24,18.0005187988281,1,-3,15,3331,116
36.9692950268975,-1.09105484485411,435,1463.55310058594,53,30,12,1550,15,63,26,20,17.961784362793,1,29,15,2961,121
36.9734616579118,-1.09105484485411,429,1463.55310058594,53,30,12,1550,15,63,26,20,17.961784362793,1,29,15,2961,121
36.9797116044333,-1.09105484485411,440,1439.89318847656,52,30,10,1528,15,62,28,20,17.9393920898438,1,-39,42,2950,117
36.9859615509549,-1.09105484485411,443,1412.92077636719,52,29,10,1535,14,66,29,20,17.918966293335,1,23,4,2765,121
36.9880448664621,-1.09105484485411,441,1412.92077636719,52,29,10,1535,14,66,29,20,17.918966293335,1,23,4,2765,121
36.9901281819692,-1.09105484485411,444,1412.92077636719,52,29,10,1535,14,66,29,20,17.918966293335,1,23,4,2765,121
36.9963781284908,-1.09105484485411,426,1398.18835449219,51,29,10,1517,13,66,30,19,17.8990173339844,4,-51,22,2819,116
37.010961337041,-1.09105484485411,430,1412.71313476562,51,29,10,1525,14,77,30,20,17.8658714294434,0,23,9,2468,123
37.0942939573282,-1.09105484485411,425,1232.90100097656,48,28,10,1444,9,72,33,20,17.7404689788818,2,-120,12,1982,105
37.1088771658784,-1.09105484485411,400,1185.90673828125,44,28,10,1449,8,69,37,19,17.725902557373,6,-88,0,1570,105
37.1297103209502,-1.09105484485411,405,1096.54846191406,42,26,10,1467,9,70,41,17,17.6823272705078,3,48,1,1345,108
37.1442935295004,-1.09105484485411,460,1139.54528808594,44,27,10,1467,9,72,38,18,17.6519889831543,1,35,1,1550,123
37.1463768450076,-1.09105484485411,467,1139.54528808594,44,27,10,1467,9,72,38,18,17.6519889831543,1,35,1,1550,123
37.1797098931225,-1.09105484485411,490,1181.99938964844,50,29,10,1467,10,73,32,18,17.5923862457275,2,46,8,1824,115
37.338041871668,-1.09105484485411,314,1345.69848632812,43,25,10,1341,9,58,43,14,17.2877006530762,4,82,12,706,99
37.3401251871752,-1.09105484485411,314,1345.69848632812,43,25,10,1341,9,58,43,14,17.2877006530762,4,82,12,706,99
36.5755483960407,-1.09313819889058,828,758.066284179688,41,27,10,1847,17,67,35,24,18.8406505584717,40,-481,1,3249,76
36.5817983425623,-1.09313819889058,728,908.43505859375,41,28,120,2271,19,67,34,26,18.8226261138916,22,907,2,832,65
36.590131604591,-1.09313819889058,565,1137.85778808594,43,28,10,2298,18,62,32,25,18.7721862792969,10,739,14,-970,84
36.6047148131412,-1.09313819889058,610,1197.83410644531,48,30,10,2211,20,59,24,27,18.760570526123,6,-174,56,501,90
36.6526310698063,-1.09313819889058,587,1793.19458007812,40,30,12,2313,36,54,25,34,18.6519660949707,3,86,39,200,98
36.6672142783566,-1.09313819889058,472,1824.5107421875,39,29,12,2282,34,53,28,33,18.6461029052734,4,3,51,251,95
36.6713809093709,-1.09313819889058,511,1838.169921875,39,29,10,2249,36,56,29,32,18.6464824676514,1,-90,36,394,95
36.6734642248781,-1.09313819889058,497,1838.169921875,39,29,10,2249,36,56,29,32,18.6464824676514,1,-90,36,394,95
36.7234637970504,-1.09313819889058,436,1894.88098144531,39,29,20,2101,43,53,27,34,18.6285037994385,4,-99,21,284,92
36.7255471125576,-1.09313819889058,421,1894.88098144531,39,29,20,2101,43,53,27,34,18.6285037994385,4,-99,21,284,92
36.7380470056006,-1.09313819889058,560,1877.04052734375,41,30,10,2063,36,52,28,31,18.6363143920898,7,41,14,2461,90
36.7713800537155,-1.09313819889058,460,1812.27172851562,48,30,10,1891,30,57,27,26,18.5728969573975,13,15,21,4916,94
36.7963798398016,-1.09313819889058,519,1761.91357421875,48,30,10,1829,28,56,26,27,18.4892692565918,2,-10,37,4742,97
36.8026297863232,-1.09313819889058,513,1747.85266113281,50,30,10,1802,30,56,24,26,18.4620361328125,4,13,19,4798,97
36.8088797328447,-1.09313819889058,494,1747.85266113281,50,30,10,1802,30,56,24,26,18.4620361328125,4,13,19,4798,97
36.8255462569021,-1.09313819889058,549,1717.47509765625,49,30,60,1735,35,56,25,27,18.4034957885742,4,-120,16,4999,99
36.8692958825529,-1.09313819889058,512,1637.41955566406,50,30,10,1665,26,56,24,26,18.2353572845459,2,38,36,4468,107
36.8776291445816,-1.09313819889058,549,1621.11450195312,50,31,10,1639,25,58,22,28,18.2072372436523,5,22,45,4420,106
36.8880457221175,-1.09313819889058,537,1596.28674316406,49,30,12,1633,24,60,24,27,18.1776294708252,3,-41,11,4343,107
36.9067955616821,-1.09313819889058,514,1540.74792480469,49,30,12,1604,23,56,25,25,18.1269874572754,3,19,20,4179,110
36.9651283958831,-1.09313819889058,431,1472.27233886719,53,30,10,1553,17,62,26,21,17.9817810058594,1,10,13,3141,121
36.9817949199405,-1.09313819889058,432,1439.89318847656,52,30,10,1528,15,62,28,20,17.9393920898438,1,-39,42,2950,117
36.9901281819692,-1.09313819889058,436,1412.92077636719,52,29,10,1535,14,66,29,20,17.918966293335,1,23,4,2765,121
37.0067947060267,-1.09313819889058,390,1400.419921875,50,28,10,1525,11,75,31,20,17.8822078704834,0,6,1,2597,119
37.0359611231272,-1.09313819889058,427,1362.11633300781,47,28,10,1483,15,74,33,19,17.8337211608887,6,-28,12,2497,112
37.0422110696487,-1.09313819889058,414,1362.11633300781,47,28,10,1483,15,74,33,19,17.8337211608887,6,-28,12,2497,112
37.0484610161702,-1.09313819889058,406,1348.68432617188,49,28,10,1497,11,74,32,20,17.8253765106201,3,27,1,2238,107
37.0588775937061,-1.09313819889058,496,1344.15270996094,47,28,10,1492,11,75,33,20,17.8120994567871,8,-54,0,2059,105
37.0880440108066,-1.09313819889058,393,1290.49584960938,47,28,10,1475,9,72,34,19,17.7536010742188,7,25,8,1988,108
37.0901273263138,-1.09313819889058,397,1290.49584960938,47,28,10,1475,9,72,34,19,17.7536010742188,7,25,8,1988,108
37.092210641821,-1.09313819889058,404,1290.49584960938,47,28,10,1475,9,72,34,19,17.7536010742188,7,25,8,1988,108
37.0942939573282,-1.09313819889058,414,1232.90100097656,48,28,10,1444,9,72,33,20,17.7404689788818,2,-120,12,1982,105
37.1005439038497,-1.09313819889058,435,1232.90100097656,48,28,10,1444,9,72,33,20,17.7404689788818,2,-120,12,1982,105
37.1047105348641,-1.09313819889058,406,1185.90673828125,44,28,10,1449,8,69,37,19,17.725902557373,6,-88,0,1570,105
37.1151271123999,-1.09313819889058,459,1145.20776367188,44,27,10,1435,16,68,38,19,17.7114753723145,1,-137,9,1678,106
37.1192937434143,-1.09313819889058,406,1108.01171875,44,27,10,1453,9,70,37,19,17.697322845459,5,-57,1,1356,110
37.1255436899358,-1.09313819889058,431,1108.01171875,44,27,10,1453,9,70,37,19,17.697322845459,5,-57,1,1356,110
37.1422102139933,-1.09313819889058,456,1113.47644042969,43,27,10,1467,9,71,40,17,17.6671314239502,0,49,6,1448,116
37.1880431551512,-1.09313819889058,447,1106.65124511719,52,30,10,1466,11,70,31,17,17.5780811309814,2,96,11,1870,104
37.338041871668,-1.09313819889058,282,1345.69848632812,43,25,10,1341,9,58,43,14,17.2877006530762,4,82,12,706,99
36.5942982356053,-1.09522155292706,592,1225.802734375,44,29,10,2266,18,62,29,27,18.7636547088623,5,156,7,-103,90
36.6047148131412,-1.09522155292706,632,1197.83410644531,48,30,10,2211,20,59,24,27,18.760570526123,6,-174,56,501,90
36.6234646527058,-1.09522155292706,551,1505.62048339844,47,30,10,2297,21,59,27,26,18.703742980957,5,-6,15,496,92
36.6526310698063,-1.09522155292706,586,1793.19458007812,40,30,12,2313,36,54,25,34,18.6519660949707,3,86,39,200,98
36.6588810163279,-1.09522155292706,475,1793.19458007812,40,30,12,2313,36,54,25,34,18.6519660949707,3,86,39,200,98
36.7338803745863,-1.09522155292706,448,1883.27270507812,39,30,20,2076,47,53,28,33,18.6325645446777,11,-107,43,660,91
36.7484635831365,-1.09522155292706,528,1869.91052246094,43,30,10,2032,36,54,26,31,18.6459579467773,5,88,20,3455,90
36.7567968451653,-1.09522155292706,488,1855.17907714844,47,31,10,2007,33,55,25,29,18.6323013305664,5,134,15,3863,91
36.7755466847299,-1.09522155292706,469,1812.27172851562,48,30,10,1891,30,57,27,26,18.5728969573975,13,15,21,4916,94
36.8026297863232,-1.09522155292706,545,1747.85266113281,50,30,10,1802,30,56,24,26,18.4620361328125,4,13,19,4798,97
36.8463794119739,-1.09522155292706,587,1672.45092773438,50,30,62,1703,31,59,25,25,18.3138446807861,5,24,33,4710,107
36.881795775596,-1.09522155292706,533,1621.11450195312,50,31,10,1639,25,58,22,28,18.2072372436523,5,22,45,4420,106
36.8922123531319,-1.09522155292706,518,1596.28674316406,49,30,12,1633,24,60,24,27,18.1776294708252,3,-41,11,4343,107
36.8963789841462,-1.09522155292706,496,1568.67211914062,49,30,62,1618,22,57,25,26,18.1512126922607,2,10,22,4276,109
36.917212139218,-1.09522155292706,531,1522.27612304688,48,30,62,1593,21,57,26,26,18.1027145385742,3,-38,33,4182,110
36.9463785563185,-1.09522155292706,525,1481.86730957031,50,29,12,1558,0,0,27,23,18.021017074585,2,-18,6,3591,114
36.9547118183472,-1.09522155292706,413,1474.52502441406,49,29,62,1559,18,61,27,24,18.0005187988281,1,-3,15,3331,116
36.9567951338544,-1.09522155292706,433,1474.52502441406,49,29,62,1559,18,61,27,24,18.0005187988281,1,-3,15,3331,116
36.9963781284908,-1.09522155292706,389,1398.18835449219,51,29,10,1517,13,66,30,19,17.8990173339844,4,-51,22,2819,116
37.0067947060267,-1.09522155292706,403,1400.419921875,50,28,10,1525,11,75,31,20,17.8822078704834,0,6,1,2597,119
37.1005439038497,-1.09522155292706,434,1232.90100097656,48,28,10,1444,9,72,33,20,17.7404689788818,2,-120,12,1982,105
37.1026272193569,-1.09522155292706,448,1185.90673828125,44,28,10,1449,8,69,37,19,17.725902557373,6,-88,0,1570,105
37.1067938503712,-1.09522155292706,457,1185.90673828125,44,28,10,1449,8,69,37,19,17.725902557373,6,-88,0,1570,105
37.1109604813856,-1.09522155292706,508,1145.20776367188,44,27,10,1435,16,68,38,19,17.7114753723145,1,-137,9,1678,106
37.1213770589215,-1.09522155292706,424,1108.01171875,44,27,10,1453,9,70,37,19,17.697322845459,5,-57,1,1356,110
37.1359602674717,-1.09522155292706,439,1113.47644042969,43,27,10,1467,9,71,40,17,17.6671314239502,0,49,6,1448,116
37.1630433690651,-1.09522155292706,507,1194.80749511719,43,27,10,1469,10,70,39,18,17.6220722198486,0,14,11,1692,122
37.1755432621081,-1.09522155292706,445,1210.86437988281,45,28,10,1468,10,71,37,18,17.6071434020996,1,15,8,1795,119
37.1776265776153,-1.09522155292706,456,1181.99938964844,50,29,10,1467,10,73,32,18,17.5923862457275,2,46,8,1824,115
37.3442918181896,-1.09522155292706,258,1321.45922851562,44,24,10,1306,8,59,43,13,17.2687931060791,4,-60,6,858,97
37.3588750267398,-1.09522155292706,280,1293.38464355469,45,25,10,1287,7,58,42,14,17.2503452301025,1,-156,16,863,99
36.6380478612561,-1.09730490696353,570,1715.98120117188,47,30,10,2315,21,58,24,29,18.6764144897461,6,73,27,114,92
36.6588810163279,-1.09730490696353,471,1793.19458007812,40,30,12,2313,36,54,25,34,18.6519660949707,3,86,39,200,98
36.6734642248781,-1.09730490696353,472,1838.169921875,39,29,10,2249,36,56,29,32,18.6464824676514,1,-90,36,394,95
36.6922140644427,-1.09730490696353,439,1869.41149902344,40,29,10,2224,40,51,27,33,18.6330757141113,3,-71,66,34,96
36.742213636615,-1.09730490696353,502,1877.04052734375,41,30,10,2063,36,52,28,31,18.6363143920898,7,41,14,2461,90
36.7484635831365,-1.09730490696353,492,1869.91052246094,43,30,10,2032,36,54,26,31,18.6459579467773,5,88,20,3455,90
36.7630467916868,-1.09730490696353,445,1833.517578125,48,31,10,1955,31,58,25,26,18.6037654876709,10,145,15,4117,91
36.7880465777729,-1.09730490696353,533,1777.37072753906,47,30,10,1841,29,56,26,26,18.5161609649658,6,-79,40,4836,97
36.8047131018304,-1.09730490696353,524,1747.85266113281,50,30,10,1802,30,56,24,26,18.4620361328125,4,13,19,4798,97
36.8109630483519,-1.09730490696353,561,1733.18493652344,50,30,10,1758,35,57,24,27,18.4333953857422,9,-63,35,5044,98
36.8630459360314,-1.09730490696353,546,1647.65380859375,50,30,62,1669,27,57,24,26,18.2591114044189,4,19,27,4575,107
36.8922123531319,-1.09730490696353,498,1596.28674316406,49,30,12,1633,24,60,24,27,18.1776294708252,3,-41,11,4343,107
36.8984622996534,-1.09730490696353,497,1568.67211914062,49,30,62,1618,22,57,25,26,18.1512126922607,2,10,22,4276,109
36.9234620857395,-1.09730490696353,479,1520.96594238281,49,30,12,1596,21,56,27,24,18.0856418609619,1,41,15,3822,115
36.9484618718257,-1.09730490696353,498,1481.86730957031,50,29,12,1558,0,0,27,23,18.021017074585,2,-18,6,3591,114
36.9922114974764,-1.09730490696353,402,1412.92077636719,52,29,10,1535,14,66,29,20,17.918966293335,1,23,4,2765,121
37.0005447595051,-1.09730490696353,397,1398.18835449219,51,29,10,1517,13,66,30,19,17.8990173339844,4,-51,22,2819,116
37.0422110696487,-1.09730490696353,443,1362.11633300781,47,28,10,1483,15,74,33,19,17.8337211608887,6,-28,12,2497,112
37.0588775937061,-1.09730490696353,504,1344.15270996094,47,28,10,1492,11,75,33,20,17.8120994567871,8,-54,0,2059,105
37.0963772728353,-1.09730490696353,422,1232.90100097656,48,28,10,1444,9,72,33,20,17.7404689788818,2,-120,12,1982,105
37.1005439038497,-1.09730490696353,437,1232.90100097656,48,28,10,1444,9,72,33,20,17.7404689788818,2,-120,12,1982,105
37.1047105348641,-1.09730490696353,435,1185.90673828125,44,28,10,1449,8,69,37,19,17.725902557373,6,-88,0,1570,105
37.1526267915292,-1.09730490696353,438,1164.64892578125,43,27,10,1468,11,71,39,19,17.6370429992676,0,19,3,1610,124
37.1755432621081,-1.09730490696353,485,1210.86437988281,45,28,10,1468,10,71,37,18,17.6071434020996,1,15,8,1795,119
37.1817932086297,-1.09730490696353,452,1181.99938964844,50,29,10,1467,10,73,32,18,17.5923862457275,2,46,8,1824,115
37.3359585561609,-1.09730490696353,287,1345.69848632812,43,25,10,1341,9,58,43,14,17.2877006530762,4,82,12,706,99
36.5713817650264,-1.099388261,784,770.730407714844,40,27,10,1898,15,67,36,24,18.8722801208496,22,-355,2,2960,76
36.5734650805336,-1.099388261,793,770.730407714844,40,27,10,1898,15,67,36,24,18.8722801208496,22,-355,2,2960,76
36.5880482890838,-1.099388261,605,1182.63732910156,44,29,62,2289,17,65,31,26,18.7915134429932,6,465,4,-593,87
36.5963815511125,-1.099388261,660,1274.10876464844,45,29,62,2274,18,62,29,26,18.7785720825195,6,175,6,-73,94
36.6213813371987,-1.099388261,543,1492.69299316406,49,30,10,2294,21,60,25,27,18.7211666107178,2,72,10,542,96
36.6442978077776,-1.099388261,572,1734.77014160156,46,30,20,2268,32,54,24,30,18.6930770874023,8,-141,32,598,94
36.6567977008207,-1.099388261,474,1784.27514648438,42,30,12,2293,35,54,25,34,18.6746444702148,6,95,55,298,95
36.6692975938638,-1.099388261,464,1845.17333984375,40,29,20,2273,39,54,28,32,18.65944480896,5,105,14,-213,94
36.6713809093709,-1.099388261,467,1845.17333984375,40,29,20,2273,39,54,28,32,18.65944480896,5,105,14,-213,94
36.7255471125576,-1.099388261,425,1878.02111816406,39,30,12,2091,45,52,27,34,18.6461277008057,9,-20,42,251,88
36.7401303211078,-1.099388261,464,1852.44213867188,41,29,10,2009,36,54,29,30,18.6661415100098,5,-47,36,2058,94
36.7526302141509,-1.099388261,473,1824.25952148438,45,30,10,1923,32,54,26,29,18.6308746337891,6,-272,35,4146,94
36.7963798398016,-1.099388261,493,1755.81396484375,47,30,40,1851,27,54,27,26,18.4999141693115,4,109,27,4299,100
36.8026297863232,-1.099388261,514,1745.29418945312,48,30,10,1832,30,56,26,26,18.4760646820068,6,159,17,4575,102
36.8963789841462,-1.099388261,487,1561.63427734375,49,30,62,1613,25,56,24,27,18.1591720581055,6,18,15,4466,108
36.9005456151606,-1.099388261,477,1561.63427734375,49,30,62,1613,25,56,24,27,18.1591720581055,6,18,15,4466,108
36.9213787702324,-1.099388261,446,1501.06384277344,49,30,60,1574,20,59,27,24,18.0869445800781,6,-95,9,3970,112
36.9442952408113,-1.099388261,494,1463.76989746094,50,29,12,1564,18,62,30,21,18.0264835357666,2,30,8,3503,119
36.9463785563185,-1.099388261,501,1463.76989746094,50,29,12,1564,18,62,30,21,18.0264835357666,2,30,8,3503,119
36.9505451873328,-1.099388261,495,1463.76989746094,50,29,12,1564,18,62,30,21,18.0264835357666,2,30,8,3503,119
36.9734616579118,-1.099388261,403,1453.73608398438,52,30,12,1548,17,66,27,21,17.9680194854736,0,26,12,3076,121
36.9880448664621,-1.099388261,466,1405.80029296875,52,29,10,1531,15,67,28,20,17.924388885498,1,13,12,2840,117
36.9922114974764,-1.099388261,401,1405.80029296875,52,29,10,1531,15,67,28,20,17.924388885498,1,13,12,2840,117
36.9963781284908,-1.099388261,394,1387.50634765625,52,29,10,1525,15,67,28,20,17.9067459106445,3,12,13,2834,119
37.0047113905195,-1.099388261,402,1381.03076171875,53,30,10,1510,13,74,28,19,17.8907127380371,4,-63,13,2860,117
37.0088780215338,-1.099388261,394,1381.03076171875,53,30,10,1510,13,74,28,19,17.8907127380371,4,-63,13,2860,117
37.0297111766056,-1.099388261,454,1398.201171875,44,27,190,1509,13,75,37,20,17.8464488983154,2,8,0,2492,120
37.03387780762,-1.099388261,434,1398.201171875,44,27,190,1509,13,75,37,20,17.8464488983154,2,8,0,2492,120
37.0651275402277,-1.099388261,484,1277.62243652344,47,28,10,1481,9,73,33,21,17.8141269683838,6,0,8,2370,110
37.1213770589215,-1.099388261,582,1149.47094726562,45,28,10,1450,9,71,36,19,17.7007141113281,9,21,1,1858,103
37.1380435829789,-1.099388261,423,1055.78955078125,44,27,10,1454,8,71,37,19,17.6730632781982,6,-40,10,1901,106
37.1401268984861,-1.099388261,438,1055.78955078125,44,27,10,1454,8,71,37,19,17.6730632781982,6,-40,10,1901,106
37.1463768450076,-1.099388261,466,1072.09619140625,47,28,10,1465,9,71,34,19,17.6576404571533,2,52,11,1862,107
36.5713817650264,-1.10147161503648,780,770.730407714844,40,27,10,1898,15,67,36,24,18.8722801208496,22,-355,2,2960,76
36.5859649735766,-1.10147161503648,637,1182.63732910156,44,29,62,2289,17,65,31,26,18.7915134429932,6,465,4,-593,87
36.5984648666197,-1.10147161503648,658,1274.10876464844,45,29,62,2274,18,62,29,26,18.7785720825195,6,175,6,-73,94
36.6297145992274,-1.10147161503648,572,1632.90979003906,49,30,10,2273,19,58,23,28,18.7100887298584,2,-75,32,723,96
36.6338812302417,-1.10147161503648,552,1632.90979003906,49,30,10,2273,19,58,23,28,18.7100887298584,2,-75,32,723,96
36.6422144922704,-1.10147161503648,566,1693.60009765625,48,30,10,2296,22,60,24,28,18.7003936767578,6,46,21,328,96
36.6734642248781,-1.10147161503648,476,1845.17333984375,40,29,20,2273,39,54,28,32,18.65944480896,5,105,14,-213,94
36.7109639040073,-1.10147161503648,418,1888.05139160156,39,30,12,2180,46,53,27,34,18.6392402648926,9,200,46,-232,87
36.7942965242945,-1.10147161503648,508,1755.81396484375,47,30,40,1851,27,54,27,26,18.4999141693115,4,109,27,4299,100
36.800546470816,-1.10147161503648,478,1755.81396484375,47,30,40,1851,27,54,27,26,18.4999141693115,4,109,27,4299,100
36.8151296793663,-1.10147161503648,516,1734.59545898438,49,30,10,1784,33,56,24,27,18.4481410980225,1,19,20,4610,101
36.8213796258878,-1.10147161503648,560,1723.28637695312,48,30,10,1773,35,58,25,27,18.4203853607178,4,90,27,4401,103
36.8838790911031,-1.10147161503648,568,1605.41186523438,49,30,62,1643,26,57,24,28,18.2102355957031,1,23,20,4360,106
36.8963789841462,-1.10147161503648,442,1561.63427734375,49,30,62,1613,25,56,24,27,18.1591720581055,6,18,15,4466,108
36.9255454012467,-1.10147161503648,475,1501.06384277344,49,30,60,1574,20,59,27,24,18.0869445800781,6,-95,9,3970,112
36.9463785563185,-1.10147161503648,519,1463.76989746094,50,29,12,1564,18,62,30,21,18.0264835357666,2,30,8,3503,119
36.9484618718257,-1.10147161503648,514,1463.76989746094,50,29,12,1564,18,62,30,21,18.0264835357666,2,30,8,3503,119
36.9901281819692,-1.10147161503648,428,1405.80029296875,52,29,10,1531,15,67,28,20,17.924388885498,1,13,12,2840,117
37.0088780215338,-1.10147161503648,388,1381.03076171875,53,30,10,1510,13,74,28,19,17.8907127380371,4,-63,13,2860,117
37.0192945990697,-1.10147161503648,386,1402.41809082031,44,27,40,1515,15,74,36,21,17.8583545684814,1,10,1,2538,121
37.0276278610985,-1.10147161503648,515,1398.201171875,44,27,190,1509,13,75,37,20,17.8464488983154,2,8,0,2492,120
37.0672108557348,-1.10147161503648,487,1277.62243652344,47,28,10,1481,9,73,33,21,17.8141269683838,6,0,8,2370,110
37.0734608022564,-1.10147161503648,466,1294.14953613281,46,27,10,1492,9,72,35,19,17.7962436676025,1,28,5,2070,111
37.1317936364574,-1.10147161503648,456,1077.38610839844,44,28,10,1433,9,71,37,19,17.6877841949463,2,-123,9,1991,106
37.1567934225435,-1.10147161503648,483,1104.615234375,46,28,10,1467,9,73,36,19,17.6423625946045,0,39,5,1846,113
37.1776265776153,-1.10147161503648,511,1093.9482421875,51,29,10,1470,9,74,31,18,17.5974102020264,4,101,9,2074,105
37.185959839644,-1.10147161503648,397,1020.52978515625,51,29,10,1412,9,74,32,18,17.5830974578857,4,-158,12,2444,99
37.3463751336968,-1.10147161503648,259,1331.50964355469,42,24,10,1332,8,57,45,13,17.2746562957764,5,70,7,774,101
36.6109647596628,-1.10355496907295,644,1308.92358398438,49,31,60,2257,22,58,23,28,18.7518329620361,12,-160,60,1005,89
36.6192980216915,-1.10355496907295,573,1492.69299316406,49,30,10,2294,21,60,25,27,18.7211666107178,2,72,10,542,96
36.6276312837202,-1.10355496907295,547,1632.90979003906,49,30,10,2273,19,58,23,28,18.7100887298584,2,-75,32,723,96
36.6317979147345,-1.10355496907295,635,1632.90979003906,49,30,10,2273,19,58,23,28,18.7100887298584,2,-75,32,723,96
36.7005473264714,-1.10355496907295,362,1864.60510253906,41,29,10,2187,49,54,27,32,18.6494312286377,5,-49,65,-173,92
36.7130472195145,-1.10355496907295,415,1888.05139160156,39,30,12,2180,46,53,27,34,18.6392402648926,9,200,46,-232,87
36.8109630483519,-1.10355496907295,520,1734.59545898438,49,30,10,1784,33,56,24,27,18.4481410980225,1,19,20,4610,101
36.8380461499452,-1.10355496907295,532,1692.37536621094,48,30,62,1706,31,56,26,26,18.3528385162354,3,-68,33,4812,100
36.8526293584955,-1.10355496907295,535,1650.81018066406,49,30,10,1680,30,57,24,27,18.2893981933594,4,26,22,4528,107
36.8734625135672,-1.10355496907295,498,1620.49035644531,48,30,10,1659,27,58,24,28,18.2362155914307,4,-12,21,4358,106
36.8984622996534,-1.10355496907295,467,1561.63427734375,49,30,62,1613,25,56,24,27,18.1591720581055,6,18,15,4466,108
36.9026289306677,-1.10355496907295,497,1535.57373046875,49,30,61,1590,26,57,24,26,18.1336479187012,2,-60,33,4219,110
36.9109621926965,-1.10355496907295,478,1512.51220703125,49,30,61,1589,24,56,26,24,18.1093769073486,3,-32,30,4238,112
36.9151288237108,-1.10355496907295,433,1512.51220703125,49,30,61,1589,24,56,26,24,18.1093769073486,3,-32,30,4238,112
36.9276287167539,-1.10355496907295,455,1490.98364257812,50,30,62,1576,18,58,27,23,18.0672855377197,3,8,17,3772,116
36.9317953477682,-1.10355496907295,448,1490.98364257812,50,30,62,1576,18,58,27,23,18.0672855377197,3,8,17,3772,116
36.9463785563185,-1.10355496907295,501,1463.76989746094,50,29,12,1564,18,62,30,21,18.0264835357666,2,30,8,3503,119
36.9651283958831,-1.10355496907295,507,1459.03381347656,52,30,62,1551,16,60,27,22,17.9867267608643,1,11,12,3207,116
36.9901281819692,-1.10355496907295,399,1405.80029296875,52,29,10,1531,15,67,28,20,17.924388885498,1,13,12,2840,117
36.9942948129836,-1.10355496907295,383,1387.50634765625,52,29,10,1525,15,67,28,20,17.9067459106445,3,12,13,2834,119
37.0047113905195,-1.10355496907295,377,1381.03076171875,53,30,10,1510,13,74,28,19,17.8907127380371,4,-63,13,2860,117
37.0463777006631,-1.10355496907295,474,1325.89794921875,47,28,10,1468,10,74,33,21,17.8383922576904,5,-134,31,2701,115
37.0755441177636,-1.10355496907295,482,1294.14953613281,46,27,10,1492,9,72,35,19,17.7962436676025,1,28,5,2070,111
37.150543476022,-1.10355496907295,425,1072.09619140625,47,28,10,1465,9,71,34,19,17.6576404571533,2,52,11,1862,107
37.3526250802183,-1.10355496907295,256,1312.6337890625,42,24,10,1317,11,59,45,14,17.2567291259766,3,-1,20,820,103
36.5984648666197,-1.10563832310943,627,1274.10876464844,45,29,62,2274,18,62,29,26,18.7785720825195,6,175,6,-73,94
36.6047148131412,-1.10563832310943,672,1238.63415527344,48,30,10,2234,22,61,25,27,18.7714748382568,5,-20,7,647,92
36.6234646527058,-1.10563832310943,578,1492.69299316406,49,30,10,2294,21,60,25,27,18.7211666107178,2,72,10,542,96
36.660964331835,-1.10563832310943,473,1827.09631347656,40,30,20,2302,39,52,27,33,18.6614589691162,5,140,82,-115,99
36.6713809093709,-1.10563832310943,466,1845.17333984375,40,29,20,2273,39,54,28,32,18.65944480896,5,105,14,-213,94
36.7151305350217,-1.10563832310943,435,1888.05139160156,39,30,12,2180,46,53,27,34,18.6392402648926,9,200,46,-232,87
36.7484635831365,-1.10563832310943,466,1842.90246582031,42,30,10,1971,35,53,28,30,18.6600494384766,10,-58,20,3667,93
36.7713800537155,-1.10563832310943,477,1781.84143066406,46,30,10,1879,29,58,27,27,18.5731296539307,3,-130,27,4579,97
36.7942965242945,-1.10563832310943,517,1755.81396484375,47,30,40,1851,27,54,27,26,18.4999141693115,4,109,27,4299,100
36.8609626205242,-1.10563832310943,547,1633.49267578125,49,30,62,1672,27,58,24,27,18.2615509033203,2,-35,17,4613,104
36.8797124600888,-1.10563832310943,564,1605.41186523438,49,30,62,1643,26,57,24,28,18.2102355957031,1,23,20,4360,106
36.881795775596,-1.10563832310943,560,1605.41186523438,49,30,62,1643,26,57,24,28,18.2102355957031,1,23,20,4360,106
36.8880457221175,-1.10563832310943,532,1584.83044433594,49,30,62,1624,26,57,24,27,18.1839160919189,6,22,17,4334,107
36.9192954547252,-1.10563832310943,452,1501.06384277344,49,30,60,1574,20,59,27,24,18.0869445800781,6,-95,9,3970,112
36.95262850284,-1.10563832310943,555,1459.41320800781,51,29,12,1548,17,60,27,23,18.0061111450195,4,14,12,3415,115
36.9588784493616,-1.10563832310943,447,1459.41320800781,51,29,12,1548,17,60,27,23,18.0061111450195,4,14,12,3415,115
36.9651283958831,-1.10563832310943,522,1459.03381347656,52,30,62,1551,16,60,27,22,17.9867267608643,1,11,12,3207,116
36.9672117113903,-1.10563832310943,513,1459.03381347656,52,30,62,1551,16,60,27,22,17.9867267608643,1,11,12,3207,116
36.9797116044333,-1.10563832310943,433,1432.51416015625,52,29,10,1540,17,67,28,20,17.9458618164062,4,27,8,2866,117
37.0026280750123,-1.10563832310943,398,1381.03076171875,53,30,10,1510,13,74,28,19,17.8907127380371,4,-63,13,2860,117
37.0255445455913,-1.10563832310943,505,1402.41809082031,44,27,40,1515,15,74,36,21,17.8583545684814,1,10,1,2538,121
37.0797107487779,-1.10563832310943,451,1312.62329101562,46,27,10,1485,10,74,35,19,17.777551651001,1,29,7,1981,118
37.0838773797923,-1.10563832310943,430,1312.62329101562,46,27,10,1485,10,74,35,19,17.777551651001,1,29,7,1981,118
37.0963772728353,-1.10563832310943,486,1293.58337402344,48,28,10,1491,10,71,34,18,17.7439155578613,1,105,11,1745,112
37.127627005443,-1.10563832310943,477,1077.38610839844,44,28,10,1433,9,71,37,19,17.6877841949463,2,-123,9,1991,106
37.1484601605148,-1.10563832310943,499,1072.09619140625,47,28,10,1465,9,71,34,19,17.6576404571533,2,52,11,1862,107
37.1672100000794,-1.10563832310943,392,1151.048828125,47,28,10,1469,12,73,35,18,17.6268272399902,0,38,7,1942,122
36.5692984495192,-1.1077216771459,713,777.29931640625,39,27,10,1922,12,68,38,24,18.893590927124,19,-355,0,2911,77
36.5734650805336,-1.1077216771459,779,777.29931640625,39,27,10,1922,12,68,38,24,18.893590927124,19,-355,0,2911,77
36.5755483960407,-1.1077216771459,752,777.29931640625,39,27,10,1922,12,68,38,24,18.893590927124,19,-355,0,2911,77
36.5817983425623,-1.1077216771459,749,938.434448242188,40,27,40,2158,18,66,34,25,18.8546485900879,34,-22,8,1833,73
36.6026314976341,-1.1077216771459,594,1248.13195800781,48,30,62,2230,18,60,26,26,18.7877922058105,6,-62,6,606,94
36.6359645457489,-1.1077216771459,627,1705.37145996094,46,30,10,2280,18,58,26,28,18.7151966094971,5,31,35,372,98
36.6422144922704,-1.1077216771459,538,1705.37145996094,46,30,10,2280,18,58,26,28,18.7151966094971,5,31,35,372,98
36.6963806954571,-1.1077216771459,416,1834.03381347656,41,30,20,2153,41,51,27,32,18.6744213104248,5,-107,33,-5,91
36.7047139574858,-1.1077216771459,413,1850.38635253906,41,30,12,2138,45,51,27,32,18.6653385162354,6,36,46,-12,92
36.7109639040073,-1.1077216771459,454,1863.52478027344,40,30,20,2133,44,53,27,33,18.6598968505859,8,53,41,14,90
36.7255471125576,-1.1077216771459,413,1862.03442382812,41,30,20,2087,42,52,27,33,18.6599578857422,4,5,48,653,91
36.7276304280648,-1.1077216771459,437,1850.36608886719,41,30,20,2041,47,53,29,31,18.6667385101318,7,-19,32,590,93
36.7317970590791,-1.1077216771459,455,1850.36608886719,41,30,20,2041,47,53,29,31,18.6667385101318,7,-19,32,590,93
36.7442969521222,-1.1077216771459,450,1831.80615234375,43,29,10,1985,36,54,28,28,18.6733264923096,2,8,39,2969,94
36.7567968451653,-1.1077216771459,475,1815.43969726562,45,30,12,1939,39,53,28,27,18.6449546813965,6,30,38,3678,94
36.7588801606724,-1.1077216771459,470,1815.43969726562,45,30,12,1939,39,53,28,27,18.6449546813965,6,30,38,3678,94
36.7692967382083,-1.1077216771459,478,1772.23706054688,47,30,10,1879,36,52,25,27,18.5834503173828,3,-103,28,4411,97
36.7797133157442,-1.1077216771459,482,1762.81604003906,49,30,10,1854,32,56,25,26,18.5571517944336,2,-90,33,4528,97
36.7984631553088,-1.1077216771459,515,1733.4013671875,48,30,10,1810,34,57,26,26,18.5031776428223,3,-74,34,4556,98
36.8047131018304,-1.1077216771459,486,1720.12890625,48,30,62,1787,33,55,25,27,18.4778842926025,6,-64,38,4423,100
36.8172129948734,-1.1077216771459,506,1716.48205566406,48,30,10,1791,34,57,25,27,18.4549121856689,4,72,22,4421,103
36.8609626205242,-1.1077216771459,532,1621.53857421875,48,30,62,1651,28,57,25,27,18.2663917541504,4,21,20,4481,103
36.8734625135672,-1.1077216771459,552,1604.73327636719,48,30,62,1655,32,55,25,27,18.2399501800537,4,57,16,4354,108
36.8755458290744,-1.1077216771459,542,1604.73327636719,48,30,62,1655,32,55,25,27,18.2399501800537,4,57,16,4354,108
36.8963789841462,-1.1077216771459,451,1554.32141113281,49,30,62,1614,29,56,25,26,18.1647930145264,2,3,15,4151,109
36.9130455082036,-1.1077216771459,440,1509.80639648438,51,30,60,1585,24,60,26,23,18.1166610717773,2,8,18,4113,114
36.9317953477682,-1.1077216771459,479,1473.50024414062,52,30,12,1547,21,60,26,22,18.0708923339844,4,-83,9,4002,112
36.9567951338544,-1.1077216771459,497,1442.6015625,48,28,10,1550,16,64,31,21,18.0111637115479,1,2,6,3395,120
36.9588784493616,-1.1077216771459,451,1442.6015625,48,28,10,1550,16,64,31,21,18.0111637115479,1,2,6,3395,120
36.9838782354477,-1.1077216771459,419,1415.94689941406,51,29,10,1530,15,73,28,21,17.9502449035645,1,-2,8,3014,117
37.0255445455913,-1.1077216771459,490,1380.37377929688,47,28,10,1514,13,74,33,20,17.8694858551025,1,24,7,2656,120
37.0547109626918,-1.1077216771459,529,1306.72485351562,44,28,10,1487,12,72,36,20,17.8290824890137,6,17,3,2742,111
37.0734608022564,-1.1077216771459,459,1250.55041503906,45,28,10,1475,11,72,35,20,17.8076610565186,8,49,0,2449,115
37.0755441177636,-1.1077216771459,471,1250.55041503906,45,28,10,1475,11,72,35,20,17.8076610565186,8,49,0,2449,115
37.1088771658784,-1.1077216771459,477,1259.47436523438,44,27,10,1475,9,70,38,19,17.7382888793945,0,22,1,1932,116
37.1130437968928,-1.1077216771459,470,1239.96325683594,44,27,10,1468,9,71,39,18,17.7219219207764,2,15,0,1856,114
37.1338769519646,-1.1077216771459,568,1108.49304199219,44,27,10,1434,9,70,38,18,17.692008972168,2,-100,3,2080,111
37.1401268984861,-1.1077216771459,538,1067.47045898438,44,27,10,1432,9,70,37,19,17.6772022247314,4,-110,10,2374,106
36.5797150270551,-1.10980503118238,773,938.434448242188,40,27,40,2158,18,66,34,25,18.8546485900879,34,-22,8,1833,73
36.6005481821269,-1.10980503118238,629,1262.37573242188,45,29,10,2234,17,61,29,26,18.7990036010742,6,-23,5,262,93
36.6088814441556,-1.10980503118238,633,1248.13195800781,48,30,62,2230,18,60,26,26,18.7877922058105,6,-62,6,606,94
36.6276312837202,-1.10980503118238,537,1627.46032714844,47,30,40,2282,17,61,26,27,18.7235260009766,5,14,1,583,104
36.6463811232848,-1.10980503118238,530,1747.31164550781,42,28,10,2273,24,58,29,29,18.7087802886963,9,-92,14,674,96
36.6651309628494,-1.10980503118238,466,1818.83666992188,42,30,10,2265,37,54,26,32,18.6876277923584,5,41,32,5,91
36.6713809093709,-1.10980503118238,473,1834.11840820312,41,30,10,2251,39,52,28,32,18.6817722320557,6,101,61,-147,90
36.6776308558925,-1.10980503118238,407,1835.70007324219,40,30,10,2206,38,52,29,31,18.6802845001221,6,-7,69,-21,90
36.6797141713997,-1.10980503118238,409,1835.70007324219,40,30,10,2206,38,52,29,31,18.6802845001221,6,-7,69,-21,90
36.6922140644427,-1.10980503118238,431,1831.12255859375,40,30,20,2173,47,53,29,31,18.6781005859375,7,-61,48,-103,91
36.7172138505289,-1.10980503118238,449,1863.52478027344,40,30,20,2133,44,53,27,33,18.6598968505859,8,53,41,14,90
36.7484635831365,-1.10980503118238,466,1831.80615234375,43,29,10,1985,36,54,28,28,18.6733264923096,2,8,39,2969,94
36.7567968451653,-1.10980503118238,494,1815.43969726562,45,30,12,1939,39,53,28,27,18.6449546813965,6,30,38,3678,94
36.765130107194,-1.10980503118238,516,1790.66247558594,46,30,10,1887,38,52,27,27,18.6118717193604,6,-98,19,4133,96
36.7672134227011,-1.10980503118238,512,1790.66247558594,46,30,10,1887,38,52,27,27,18.6118717193604,6,-98,19,4133,96
36.7797133157442,-1.10980503118238,482,1762.81604003906,49,30,10,1854,32,56,25,26,18.5571517944336,2,-90,33,4528,97
36.8338795189309,-1.10980503118238,503,1713.07214355469,49,30,10,1753,31,59,25,26,18.4003009796143,2,64,35,4369,103
36.8401294654524,-1.10980503118238,569,1701.48498535156,50,30,12,1736,30,57,26,25,18.3701572418213,3,112,19,4316,103
36.8526293584955,-1.10980503118238,516,1646.84228515625,49,30,10,1673,29,57,25,27,18.296630859375,3,6,30,4614,103
36.881795775596,-1.10980503118238,551,1590.91857910156,48,30,60,1640,26,57,25,27,18.2143001556396,1,35,21,4298,106
36.8859624066103,-1.10980503118238,521,1574.01599121094,47,30,10,1623,24,57,26,27,18.1895694732666,1,17,21,4266,107
36.8901290376247,-1.10980503118238,525,1574.01599121094,47,30,10,1623,24,57,26,27,18.1895694732666,1,17,21,4266,107
36.9109621926965,-1.10980503118238,462,1509.80639648438,51,30,60,1585,24,60,26,23,18.1166610717773,2,8,18,4113,114
36.9276287167539,-1.10980503118238,481,1473.50024414062,52,30,12,1547,21,60,26,22,18.0708923339844,4,-83,9,4002,112
36.9359619787826,-1.10980503118238,471,1451.36840820312,50,29,12,1545,19,59,28,22,18.047233581543,5,-116,11,3856,110
36.9588784493616,-1.10980503118238,480,1442.6015625,48,28,10,1550,16,64,31,21,18.0111637115479,1,2,6,3395,120
37.0130446525482,-1.10980503118238,424,1370.60107421875,50,29,10,1510,11,74,29,21,17.885892868042,3,-36,5,2799,116
37.0234612300841,-1.10980503118238,406,1380.37377929688,47,28,10,1514,13,74,33,20,17.8694858551025,1,24,7,2656,120
37.0317944921128,-1.10980503118238,506,1387.06823730469,44,27,10,1509,12,75,38,19,17.8555355072021,1,14,1,2603,122
37.0734608022564,-1.10980503118238,481,1250.55041503906,45,28,10,1475,11,72,35,20,17.8076610565186,8,49,0,2449,115
37.0776274332707,-1.10980503118238,498,1254.8134765625,43,27,10,1485,10,71,38,19,17.790376663208,2,3,2,2142,112
37.0817940642851,-1.10980503118238,488,1254.8134765625,43,27,10,1485,10,71,38,19,17.790376663208,2,3,2,2142,112
37.0838773797923,-1.10980503118238,468,1254.8134765625,43,27,10,1485,10,71,38,19,17.790376663208,2,3,2,2142,112
37.0901273263138,-1.10980503118238,536,1267.7490234375,45,28,10,1479,9,73,37,19,17.7718448638916,1,27,4,2116,118
37.1026272193569,-1.10980503118238,526,1259.47436523438,44,27,10,1475,9,70,38,19,17.7382888793945,0,22,1,1932,116
37.1776265776153,-1.10980503118238,413,994.580444335938,48,28,10,1416,10,75,34,18,17.6028461456299,4,-176,6,2944,103
37.338041871668,-1.10980503118238,369,1335.49328613281,44,26,10,1307,10,58,40,15,17.2953548431396,3,-158,16,902,98
36.5567985564761,-1.11188838521885,771,710.790954589844,37,27,130,1837,14,68,38,24,18.8607578277588,6,397,0,2977,88
36.5734650805336,-1.11188838521885,802,777.29931640625,39,27,10,1922,12,68,38,24,18.893590927124,19,-355,0,2911,77
36.5755483960407,-1.11188838521885,796,777.29931640625,39,27,10,1922,12,68,38,24,18.893590927124,19,-355,0,2911,77
36.6192980216915,-1.11188838521885,577,1477.61975097656,49,30,62,2291,21,60,24,27,18.7409076690674,1,145,9,541,90
36.648464438792,-1.11188838521885,591,1747.31164550781,42,28,10,2273,24,58,29,29,18.7087802886963,9,-92,14,674,96
36.6630476473422,-1.11188838521885,534,1818.83666992188,42,30,10,2265,37,54,26,32,18.6876277923584,5,41,32,5,91
36.6817974869068,-1.11188838521885,410,1835.70007324219,40,30,10,2206,38,52,29,31,18.6802845001221,6,-7,69,-21,90
36.6880474334284,-1.11188838521885,423,1831.12255859375,40,30,20,2173,47,53,29,31,18.6781005859375,7,-61,48,-103,91
36.7047139574858,-1.11188838521885,446,1850.38635253906,41,30,12,2138,45,51,27,32,18.6653385162354,6,36,46,-12,92
36.7088805885002,-1.11188838521885,404,1850.38635253906,41,30,12,2138,45,51,27,32,18.6653385162354,6,36,46,-12,92
36.7151305350217,-1.11188838521885,452,1863.52478027344,40,30,20,2133,44,53,27,33,18.6598968505859,8,53,41,14,90
36.7380470056006,-1.11188838521885,464,1839.97302246094,41,30,12,2004,37,53,29,30,18.6828918457031,5,-3,42,2044,95
36.777630000237,-1.11188838521885,501,1762.81604003906,49,30,10,1854,32,56,25,26,18.5571517944336,2,-90,33,4528,97
36.7797133157442,-1.11188838521885,480,1762.81604003906,49,30,10,1854,32,56,25,26,18.5571517944336,2,-90,33,4528,97
36.7817966312514,-1.11188838521885,482,1762.81604003906,49,30,10,1854,32,56,25,26,18.5571517944336,2,-90,33,4528,97
36.8151296793663,-1.11188838521885,531,1716.48205566406,48,30,10,1791,34,57,25,27,18.4549121856689,4,72,22,4421,103
36.8651292515385,-1.11188838521885,539,1621.53857421875,48,30,62,1651,28,57,25,27,18.2663917541504,4,21,20,4481,103
36.8672125670457,-1.11188838521885,565,1621.53857421875,48,30,62,1651,28,57,25,27,18.2663917541504,4,21,20,4481,103
36.881795775596,-1.11188838521885,530,1590.91857910156,48,30,60,1640,26,57,25,27,18.2143001556396,1,35,21,4298,106
36.8880457221175,-1.11188838521885,487,1574.01599121094,47,30,10,1623,24,57,26,27,18.1895694732666,1,17,21,4266,107
36.9359619787826,-1.11188838521885,476,1451.36840820312,50,29,12,1545,19,59,28,22,18.047233581543,5,-116,11,3856,110
36.940128609797,-1.11188838521885,521,1451.36840820312,50,29,12,1545,19,59,28,22,18.047233581543,5,-116,11,3856,110
36.9963781284908,-1.11188838521885,405,1378.22924804688,52,29,10,1523,13,71,28,21,17.9138431549072,1,27,9,2888,122
37.0526276471846,-1.11188838521885,545,1306.72485351562,44,28,10,1487,12,72,36,20,17.8290824890137,6,17,3,2742,111
37.0838773797923,-1.11188838521885,516,1254.8134765625,43,27,10,1485,10,71,38,19,17.790376663208,2,3,2,2142,112
37.1172104279071,-1.11188838521885,550,1239.96325683594,44,27,10,1468,9,71,39,18,17.7219219207764,2,15,0,1856,114
37.1234603744287,-1.11188838521885,470,1182.65649414062,44,28,11,1457,8,70,38,18,17.7064723968506,6,-23,1,1849,113
37.127627005443,-1.11188838521885,469,1108.49304199219,44,27,10,1434,9,70,38,18,17.692008972168,2,-100,3,2080,111
37.1317936364574,-1.11188838521885,450,1108.49304199219,44,27,10,1434,9,70,38,18,17.692008972168,2,-100,3,2080,111
36.5859649735766,-1.11397173925532,682,1169.90051269531,44,29,10,2261,17,63,31,26,18.8122100830078,7,271,5,-25,86
36.6088814441556,-1.11397173925532,611,1248.13195800781,48,30,62,2230,18,60,26,26,18.7877922058105,6,-62,6,606,94
36.6109647596628,-1.11397173925532,620,1312.07263183594,49,30,62,2242,19,58,23,28,18.7679767608643,5,-25,30,877,91
36.6338812302417,-1.11397173925532,572,1627.46032714844,47,30,40,2282,17,61,26,27,18.7235260009766,5,14,1,583,104
36.6692975938638,-1.11397173925532,474,1834.11840820312,41,30,10,2251,39,52,28,32,18.6817722320557,6,101,61,-147,90
36.683880802414,-1.11397173925532,410,1835.70007324219,40,30,10,2206,38,52,29,31,18.6802845001221,6,-7,69,-21,90
36.7026306419786,-1.11397173925532,443,1850.38635253906,41,30,12,2138,45,51,27,32,18.6653385162354,6,36,46,-12,92
36.7109639040073,-1.11397173925532,405,1863.52478027344,40,30,20,2133,44,53,27,33,18.6598968505859,8,53,41,14,90
36.719297166036,-1.11397173925532,419,1862.03442382812,41,30,20,2087,42,52,27,33,18.6599578857422,4,5,48,653,91
36.7234637970504,-1.11397173925532,450,1862.03442382812,41,30,20,2087,42,52,27,33,18.6599578857422,4,5,48,653,91
36.7838799467586,-1.11397173925532,499,1762.81604003906,49,30,10,1854,32,56,25,26,18.5571517944336,2,-90,33,4528,97
36.7859632622658,-1.11397173925532,503,1751.1728515625,47,30,10,1834,31,55,27,26,18.5310478210449,3,-67,63,4525,97
36.8067964173375,-1.11397173925532,515,1720.12890625,48,30,62,1787,33,55,25,27,18.4778842926025,6,-64,38,4423,100
36.8130463638591,-1.11397173925532,514,1716.48205566406,48,30,10,1791,34,57,25,27,18.4549121856689,4,72,22,4421,103
36.8297128879165,-1.11397173925532,550,1713.07214355469,49,30,10,1753,31,59,25,26,18.4003009796143,2,64,35,4369,103
36.8692958825529,-1.11397173925532,548,1604.73327636719,48,30,62,1655,32,55,25,27,18.2399501800537,4,57,16,4354,108
36.8755458290744,-1.11397173925532,548,1604.73327636719,48,30,62,1655,32,55,25,27,18.2399501800537,4,57,16,4354,108
36.8859624066103,-1.11397173925532,504,1574.01599121094,47,30,10,1623,24,57,26,27,18.1895694732666,1,17,21,4266,107
36.9297120322611,-1.11397173925532,479,1473.50024414062,52,30,12,1547,21,60,26,22,18.0708923339844,4,-83,9,4002,112
36.9317953477682,-1.11397173925532,439,1473.50024414062,52,30,12,1547,21,60,26,22,18.0708923339844,4,-83,9,4002,112
36.9463785563185,-1.11397173925532,481,1441.72912597656,49,28,10,1553,16,61,30,21,18.0294284820557,2,13,2,3595,118
36.9588784493616,-1.11397173925532,507,1442.6015625,48,28,10,1550,16,64,31,21,18.0111637115479,1,2,6,3395,120
36.9817949199405,-1.11397173925532,479,1415.94689941406,51,29,10,1530,15,73,28,21,17.9502449035645,1,-2,8,3014,117
37.0192945990697,-1.11397173925532,427,1380.37377929688,47,28,10,1514,13,74,33,20,17.8694858551025,1,24,7,2656,120
37.0442943851559,-1.11397173925532,539,1348.84301757812,44,27,120,1501,11,72,37,19,17.8358631134033,1,47,3,2469,119
37.0588775937061,-1.11397173925532,524,1306.72485351562,44,28,10,1487,12,72,36,20,17.8290824890137,6,17,3,2742,111
37.0609609092133,-1.11397173925532,513,1270.89453125,46,28,10,1457,13,69,34,21,17.8214530944824,3,-83,11,2666,110
37.0942939573282,-1.11397173925532,526,1267.23608398438,46,28,10,1477,9,73,35,19,17.7548923492432,0,20,4,2038,117
37.1067938503712,-1.11397173925532,445,1259.47436523438,44,27,10,1475,9,70,38,19,17.7382888793945,0,22,1,1932,116
37.1297103209502,-1.11397173925532,452,1108.49304199219,44,27,10,1434,9,70,38,18,17.692008972168,2,-100,3,2080,111
37.150543476022,-1.11397173925532,475,1051.44006347656,48,28,10,1428,11,70,32,20,17.6624431610107,1,-116,14,2458,106
36.5692984495192,-1.1160550932918,705,785.14892578125,38,27,10,1937,14,67,36,25,18.9051685333252,29,-327,0,2803,74
36.5734650805336,-1.1160550932918,790,785.14892578125,38,27,10,1937,14,67,36,25,18.9051685333252,29,-327,0,2803,74
36.5776317115479,-1.1160550932918,723,957.036437988281,41,28,120,2215,16,67,33,26,18.8612518310547,12,500,4,1059,76
36.5984648666197,-1.1160550932918,709,1282.71643066406,44,29,10,2206,17,62,29,27,18.8137664794922,3,-100,3,850,97
36.6047148131412,-1.1160550932918,686,1268.51379394531,46,29,10,2226,18,59,27,27,18.8026275634766,4,-27,6,863,94
36.6317979147345,-1.1160550932918,568,1600.82946777344,47,30,10,2284,17,59,26,28,18.7400054931641,5,64,10,462,101
36.6359645457489,-1.1160550932918,593,1720.87084960938,47,30,10,2291,21,57,25,28,18.7264251708984,6,90,16,212,101
36.6380478612561,-1.1160550932918,592,1720.87084960938,47,30,10,2291,21,57,25,28,18.7264251708984,6,90,16,212,101
36.6526310698063,-1.1160550932918,638,1795.60668945312,43,29,10,2245,23,58,27,30,18.7152538299561,7,13,13,310,93
36.7047139574858,-1.1160550932918,453,1817.68432617188,41,30,10,2134,39,52,29,31,18.6880493164062,4,68,7,133,92
36.7255471125576,-1.1160550932918,431,1839.48779296875,42,30,12,2076,36,54,28,30,18.6745929718018,5,70,48,515,93
36.765130107194,-1.1160550932918,534,1794.28039550781,49,31,12,1921,34,54,26,25,18.6281585693359,7,45,20,4002,97
36.7692967382083,-1.1160550932918,557,1778.58935546875,49,31,12,1896,41,52,25,26,18.6007652282715,3,2,35,4023,99
36.8317962034237,-1.1160550932918,539,1711.36865234375,49,30,62,1737,33,55,26,26,18.4100189208984,3,-6,21,4341,101
36.8963789841462,-1.1160550932918,523,1542.93383789062,49,30,12,1596,25,55,26,26,18.1686172485352,1,-53,23,4235,107
36.9047122461749,-1.1160550932918,454,1521.44812011719,50,30,62,1594,26,55,25,26,18.1442642211914,3,16,28,4142,109
36.9067955616821,-1.1160550932918,446,1521.44812011719,50,30,62,1594,26,55,25,26,18.1442642211914,3,16,28,4142,109
36.9484618718257,-1.1160550932918,500,1428.24987792969,50,29,12,1550,19,62,28,22,18.0338172912598,4,-49,8,3666,116
36.9817949199405,-1.1160550932918,566,1406.82861328125,49,29,40,1517,0,0,29,22,17.9559993743896,4,-30,0,3252,115
36.9901281819692,-1.1160550932918,442,1385.27563476562,48,29,12,1524,15,70,29,23,17.937349319458,2,12,10,3051,120
37.010961337041,-1.1160550932918,418,1361.18054199219,47,28,10,1513,12,74,32,20,17.8952960968018,2,11,1,2875,119
37.0192945990697,-1.1160550932918,415,1359.18383789062,45,27,10,1507,12,74,34,21,17.8845558166504,1,-11,5,2757,117
37.056794278199,-1.1160550932918,557,1337.81579589844,44,28,10,1494,12,73,37,19,17.8344535827637,0,31,0,2558,122
37.0713774867492,-1.1160550932918,605,1247.88354492188,44,27,10,1456,12,68,37,20,17.8158111572266,5,-54,11,2707,114
37.092210641821,-1.1160550932918,467,1184.69848632812,44,27,11,1479,10,73,38,19,17.7835388183594,2,57,0,2300,109
37.0942939573282,-1.1160550932918,458,1158.25219726562,44,27,10,1468,9,72,38,18,17.766881942749,4,-4,0,2312,114
37.1088771658784,-1.1160550932918,442,1153.0068359375,45,27,10,1472,8,72,37,18,17.7494087219238,1,28,5,2132,113
37.1213770589215,-1.1160550932918,491,1153.91833496094,44,28,10,1470,10,71,38,19,17.7136077880859,1,61,0,1988,123
37.1255436899358,-1.1160550932918,447,1153.91833496094,44,28,10,1470,10,71,38,19,17.7136077880859,1,61,0,1988,123
37.1442935295004,-1.1160550932918,411,1049.22985839844,44,27,10,1466,9,72,38,18,17.6662425994873,1,100,11,2390,119
36.5567985564761,-1.11813844732827,760,710.382446289062,37,27,130,1782,14,68,39,24,18.8609886169434,5,3,0,3884,89
36.5588818719833,-1.11813844732827,781,710.382446289062,37,27,130,1782,14,68,39,24,18.8609886169434,5,3,0,3884,89
36.5880482890838,-1.11813844732827,718,1192.29907226562,43,28,10,2231,13,65,32,26,18.8254070281982,4,200,0,406,99
36.6088814441556,-1.11813844732827,648,1268.51379394531,46,29,10,2226,18,59,27,27,18.8026275634766,4,-27,6,863,94
36.6172147061843,-1.11813844732827,624,1305.55859375,48,30,62,2233,22,59,25,28,18.7852840423584,6,34,12,785,97
36.660964331835,-1.11813844732827,611,1806.81616210938,43,30,10,2218,42,54,25,33,18.7128047943115,7,-96,83,193,91
36.6630476473422,-1.11813844732827,604,1806.81616210938,43,30,10,2218,42,54,25,33,18.7128047943115,7,-96,83,193,91
36.6692975938638,-1.11813844732827,478,1813.05834960938,42,30,10,2217,43,52,26,32,18.7069339752197,7,56,58,-43,88
36.6713809093709,-1.11813844732827,451,1813.05834960938,42,30,10,2217,43,52,26,32,18.7069339752197,7,56,58,-43,88
36.683880802414,-1.11813844732827,453,1813.11938476562,41,30,10,2186,46,52,28,31,18.7036399841309,14,113,50,-102,87
36.7505468986437,-1.11813844732827,439,1823.52526855469,44,30,20,1986,44,56,28,28,18.6847686767578,8,74,23,2301,95
36.7567968451653,-1.11813844732827,430,1812.60815429688,46,30,12,1961,34,55,27,26,18.6576862335205,8,64,42,3288,95
36.7734633692227,-1.11813844732827,570,1778.58935546875,49,31,12,1896,41,52,25,26,18.6007652282715,3,2,35,4023,99
36.7880465777729,-1.11813844732827,506,1748.51037597656,50,30,12,1835,33,55,26,25,18.5457859039307,3,-6,39,4352,98
36.8026297863232,-1.11813844732827,505,1707.75317382812,48,30,60,1783,33,54,26,26,18.487771987915,3,-136,49,4522,100
36.8755458290744,-1.11813844732827,516,1590.57104492188,48,29,60,1642,27,55,27,26,18.2454147338867,3,42,14,4594,106
36.881795775596,-1.11813844732827,549,1578.56677246094,47,30,60,1623,25,56,26,27,18.2202739715576,5,27,58,4571,105
36.8859624066103,-1.11813844732827,566,1562.49658203125,47,30,12,1602,25,57,26,28,18.1936302185059,3,-60,8,4418,106
36.9192954547252,-1.11813844732827,513,1483.97192382812,50,30,12,1573,24,59,26,23,18.0999011993408,2,2,17,3996,115
36.9422119253041,-1.11813844732827,477,1443.01904296875,51,30,12,1559,20,57,27,22,18.0562229156494,6,23,25,3751,115
36.9630450803759,-1.11813844732827,514,1427.91442871094,49,29,10,1541,15,65,31,21,17.996997833252,1,-2,8,3323,120
36.9692950268975,-1.11813844732827,537,1421.76574707031,51,29,10,1528,16,68,28,21,17.9765853881836,2,-28,0,3237,116
36.9838782354477,-1.11813844732827,590,1406.82861328125,49,29,40,1517,0,0,29,22,17.9559993743896,4,-30,0,3252,115
36.9880448664621,-1.11813844732827,522,1385.27563476562,48,29,12,1524,15,70,29,23,17.937349319458,2,12,10,3051,120
36.998461443998,-1.11813844732827,407,1370.91467285156,50,29,10,1517,13,75,29,21,17.9222850799561,1,-12,10,3001,118
37.0192945990697,-1.11813844732827,386,1359.18383789062,45,27,10,1507,12,74,34,21,17.8845558166504,1,-11,5,2757,117
37.069294171242,-1.11813844732827,528,1247.88354492188,44,27,10,1456,12,68,37,20,17.8158111572266,5,-54,11,2707,114
37.0734608022564,-1.11813844732827,533,1247.88354492188,44,27,10,1456,12,68,37,20,17.8158111572266,5,-54,11,2707,114
37.0901273263138,-1.11813844732827,460,1184.69848632812,44,27,11,1479,10,73,38,19,17.7835388183594,2,57,0,2300,109
37.1192937434143,-1.11813844732827,462,1153.91833496094,44,28,10,1470,10,71,38,19,17.7136077880859,1,61,0,1988,123
37.1401268984861,-1.11813844732827,392,1086.13244628906,42,26,11,1467,9,71,40,18,17.6810894012451,1,82,0,2257,117
36.5651318185048,-1.12022180136475,727,726.193725585938,38,26,10,1837,13,67,40,23,18.884391784668,10,-208,0,3682,82
36.5692984495192,-1.12022180136475,692,785.14892578125,38,27,10,1937,14,67,36,25,18.9051685333252,29,-327,0,2803,74
36.6088814441556,-1.12022180136475,663,1268.51379394531,46,29,10,2226,18,59,27,27,18.8026275634766,4,-27,6,863,94
36.6130480751699,-1.12022180136475,695,1305.55859375,48,30,62,2233,22,59,25,28,18.7852840423584,6,34,12,785,97
36.6213813371987,-1.12022180136475,625,1433.998046875,49,30,62,2257,20,58,24,28,18.7649402618408,12,-88,11,1048,90
36.6651309628494,-1.12022180136475,559,1806.81616210938,43,30,10,2218,42,54,25,33,18.7128047943115,7,-96,83,193,91
36.6797141713997,-1.12022180136475,418,1813.11938476562,41,30,10,2186,46,52,28,31,18.7036399841309,14,113,50,-102,87
36.683880802414,-1.12022180136475,446,1813.11938476562,41,30,10,2186,46,52,28,31,18.7036399841309,14,113,50,-102,87
36.7338803745863,-1.12022180136475,463,1836.79992675781,42,30,12,2031,46,54,28,30,18.6800575256348,5,-14,44,690,93
36.7359636900935,-1.12022180136475,440,1829.47985839844,42,30,20,2004,39,53,28,30,18.6965808868408,4,-34,50,1660,95
36.7463802676294,-1.12022180136475,457,1823.52526855469,44,30,20,1986,44,56,28,28,18.6847686767578,8,74,23,2301,95
36.7672134227011,-1.12022180136475,473,1794.28039550781,49,31,12,1921,34,54,26,25,18.6281585693359,7,45,20,4002,97
36.7901298932801,-1.12022180136475,510,1748.51037597656,50,30,12,1835,33,55,26,25,18.5457859039307,3,-6,39,4352,98
36.7942965242945,-1.12022180136475,512,1724.103515625,48,30,90,1814,36,55,27,25,18.5152416229248,4,-41,38,4322,98
36.7963798398016,-1.12022180136475,548,1724.103515625,48,30,90,1814,36,55,27,25,18.5152416229248,4,-41,38,4322,98
36.8047131018304,-1.12022180136475,523,1707.75317382812,48,30,60,1783,33,54,26,26,18.487771987915,3,-136,49,4522,100
36.8067964173375,-1.12022180136475,528,1707.75317382812,48,30,60,1783,33,54,26,26,18.487771987915,3,-136,49,4522,100
36.8526293584955,-1.12022180136475,530,1643.54614257812,49,30,12,1663,29,58,26,26,18.2998962402344,2,-47,25,4491,102
36.8692958825529,-1.12022180136475,492,1590.57104492188,48,29,60,1642,27,55,27,26,18.2454147338867,3,42,14,4594,106
36.8713791980601,-1.12022180136475,474,1590.57104492188,48,29,60,1642,27,55,27,26,18.2454147338867,3,42,14,4594,106
36.8734625135672,-1.12022180136475,486,1590.57104492188,48,29,60,1642,27,55,27,26,18.2454147338867,3,42,14,4594,106
36.8797124600888,-1.12022180136475,525,1578.56677246094,47,30,60,1623,25,56,26,27,18.2202739715576,5,27,58,4571,105
36.9005456151606,-1.12022180136475,487,1542.93383789062,49,30,12,1596,25,55,26,26,18.1686172485352,1,-53,23,4235,107
36.9067955616821,-1.12022180136475,470,1521.44812011719,50,30,62,1594,26,55,25,26,18.1442642211914,3,16,28,4142,109
36.9130455082036,-1.12022180136475,516,1500.77709960938,51,30,62,1581,27,56,25,24,18.1211795806885,2,-6,19,4099,112
36.9672117113903,-1.12022180136475,535,1427.91442871094,49,29,10,1541,15,65,31,21,17.996997833252,1,-2,8,3323,120
36.998461443998,-1.12022180136475,420,1370.91467285156,50,29,10,1517,13,75,29,21,17.9222850799561,1,-12,10,3001,118
37.0317944921128,-1.12022180136475,406,1364.31372070312,44,27,10,1505,12,74,37,19,17.868745803833,1,8,8,2714,122
37.0484610161702,-1.12022180136475,587,1359.88732910156,44,28,10,1498,12,73,37,20,17.8442878723145,1,23,4,2592,122
37.0505443316774,-1.12022180136475,568,1359.88732910156,44,28,10,1498,12,73,37,20,17.8442878723145,1,23,4,2592,122
37.0713774867492,-1.12022180136475,551,1247.88354492188,44,27,10,1456,12,68,37,20,17.8158111572266,5,-54,11,2707,114
37.0734608022564,-1.12022180136475,600,1247.88354492188,44,27,10,1456,12,68,37,20,17.8158111572266,5,-54,11,2707,114
37.0942939573282,-1.12022180136475,470,1158.25219726562,44,27,10,1468,9,72,38,18,17.766881942749,4,-4,0,2312,114
37.1088771658784,-1.12022180136475,468,1153.0068359375,45,27,10,1472,8,72,37,18,17.7494087219238,1,28,5,2132,113
37.1130437968928,-1.12022180136475,427,1162.74755859375,44,27,10,1471,10,71,38,18,17.7314414978027,0,48,1,2055,118
37.1380435829789,-1.12022180136475,423,1086.13244628906,42,26,11,1467,9,71,40,18,17.6810894012451,1,82,0,2257,117
37.150543476022,-1.12022180136475,437,1049.22985839844,44,27,10,1466,9,72,38,18,17.6662425994873,1,100,11,2390,119
37.1588767380507,-1.12022180136475,429,1014.84051513672,47,28,10,1445,10,69,35,18,17.6518421173096,6,35,9,2832,105
36.5567985564761,-1.12230515540122,758,710.382446289062,37,27,130,1782,14,68,39,24,18.8609886169434,5,3,0,3884,89
36.567215134012,-1.12230515540122,714,726.193725585938,38,26,10,1837,13,67,40,23,18.884391784668,10,-208,0,3682,82
36.6047148131412,-1.12230515540122,654,1268.51379394531,46,29,10,2226,18,59,27,27,18.8026275634766,4,-27,6,863,94
36.6463811232848,-1.12230515540122,591,1772.93835449219,44,29,10,2280,20,58,28,28,18.7212371826172,1,72,8,206,100
36.6588810163279,-1.12230515540122,637,1795.60668945312,43,29,10,2245,23,58,27,30,18.7152538299561,7,13,13,310,93
36.6859641179212,-1.12230515540122,448,1806.76110839844,40,30,10,2159,38,53,29,31,18.7011337280273,7,23,50,-11,90
36.7151305350217,-1.12230515540122,430,1831.36547851562,42,30,10,2114,39,53,28,30,18.6803169250488,4,81,30,159,92
36.7401303211078,-1.12230515540122,410,1829.47985839844,42,30,20,2004,39,53,28,30,18.6965808868408,4,-34,50,1660,95
36.742213636615,-1.12230515540122,441,1829.47985839844,42,30,20,2004,39,53,28,30,18.6965808868408,4,-34,50,1660,95
36.7713800537155,-1.12230515540122,443,1778.58935546875,49,31,12,1896,41,52,25,26,18.6007652282715,3,2,35,4023,99
36.7880465777729,-1.12230515540122,518,1748.51037597656,50,30,12,1835,33,55,26,25,18.5457859039307,3,-6,39,4352,98
36.7901298932801,-1.12230515540122,522,1748.51037597656,50,30,12,1835,33,55,26,25,18.5457859039307,3,-6,39,4352,98
36.8109630483519,-1.12230515540122,485,1706.16943359375,48,30,10,1770,31,56,25,26,18.4637565612793,3,-66,34,4362,101
36.8130463638591,-1.12230515540122,491,1706.16943359375,48,30,10,1770,31,56,25,26,18.4637565612793,3,-66,34,4362,101
36.8192963103806,-1.12230515540122,486,1709.56909179688,48,30,10,1763,32,55,26,27,18.4379920959473,3,-47,29,4361,101
36.8442960964667,-1.12230515540122,566,1678.43005371094,49,30,12,1679,29,56,25,26,18.3354473114014,5,-67,37,4384,101
36.9005456151606,-1.12230515540122,495,1542.93383789062,49,30,12,1596,25,55,26,26,18.1686172485352,1,-53,23,4235,107
36.9047122461749,-1.12230515540122,460,1521.44812011719,50,30,62,1594,26,55,25,26,18.1442642211914,3,16,28,4142,109
36.940128609797,-1.12230515540122,464,1443.01904296875,51,30,12,1559,20,57,27,22,18.0562229156494,6,23,25,3751,115
36.9567951338544,-1.12230515540122,483,1428.16638183594,48,28,10,1547,16,68,32,21,18.0169906616211,1,21,3,3469,125
36.9880448664621,-1.12230515540122,476,1385.27563476562,48,29,12,1524,15,70,29,23,17.937349319458,2,12,10,3051,120
36.9942948129836,-1.12230515540122,425,1370.91467285156,50,29,10,1517,13,75,29,21,17.9222850799561,1,-12,10,3001,118
37.0067947060267,-1.12230515540122,396,1366.04772949219,49,28,10,1514,12,72,31,20,17.9064178466797,1,14,5,2945,122
37.0380444386343,-1.12230515540122,463,1366.53210449219,43,27,10,1501,12,75,38,19,17.8561744689941,1,4,5,2656,122
37.0401277541415,-1.12230515540122,526,1366.53210449219,43,27,10,1501,12,75,38,19,17.8561744689941,1,4,5,2656,122
37.0422110696487,-1.12230515540122,561,1366.53210449219,43,27,10,1501,12,75,38,19,17.8561744689941,1,4,5,2656,122
37.0484610161702,-1.12230515540122,574,1359.88732910156,44,28,10,1498,12,73,37,20,17.8442878723145,1,23,4,2592,122
37.0526276471846,-1.12230515540122,555,1337.81579589844,44,28,10,1494,12,73,37,19,17.8344535827637,0,31,0,2558,122
37.0547109626918,-1.12230515540122,545,1337.81579589844,44,28,10,1494,12,73,37,19,17.8344535827637,0,31,0,2558,122
37.1213770589215,-1.12230515540122,450,1153.91833496094,44,28,10,1470,10,71,38,19,17.7136077880859,1,61,0,1988,123
37.1380435829789,-1.12230515540122,446,1086.13244628906,42,26,11,1467,9,71,40,18,17.6810894012451,1,82,0,2257,117
37.1692933155866,-1.12230515540122,443,971.049987792969,48,28,10,1418,10,72,34,19,17.6225471496582,5,-154,6,3152,104
37.1734599466009,-1.12230515540122,461,971.049987792969,48,28,10,1418,10,72,34,19,17.6225471496582,5,-154,6,3152,104
36.5567985564761,-1.1243885094377,756,707.126342773438,38,27,120,1755,12,70,37,25,18.8580703735352,4,-27,0,4035,89
36.6630476473422,-1.1243885094377,624,1797.33532714844,43,30,10,2210,30,57,25,32,18.7325325012207,6,22,13,413,91
36.6963806954571,-1.1243885094377,483,1781.57824707031,41,30,12,2094,38,51,29,30,18.7186813354492,2,-31,43,426,93
36.7380470056006,-1.1243885094377,403,1806.54235839844,44,30,10,2001,37,55,27,28,18.7063083648682,2,40,30,1648,95
36.7672134227011,-1.1243885094377,455,1784.15808105469,50,30,12,1909,30,56,26,24,18.6338672637939,1,-41,34,3612,97
36.8567959895098,-1.1243885094377,543,1648.91162109375,49,30,12,1646,32,56,26,26,18.3112163543701,4,-79,29,4697,102
36.8692958825529,-1.1243885094377,512,1575.0888671875,47,30,12,1630,28,57,26,27,18.2461643218994,1,-26,16,4385,104
36.8901290376247,-1.1243885094377,511,1549.87329101562,48,29,62,1608,25,56,27,25,18.1997737884521,2,3,22,4290,109
36.9130455082036,-1.1243885094377,440,1490.25378417969,49,30,60,1570,25,58,25,26,18.1261806488037,3,-44,19,4057,108
36.9463785563185,-1.1243885094377,490,1419.49353027344,49,29,12,1537,18,59,28,22,18.0395946502686,3,-23,32,3808,117
36.9692950268975,-1.1243885094377,493,1410.77416992188,48,28,10,1534,15,72,32,20,17.9836921691895,0,17,7,3255,124
36.9817949199405,-1.1243885094377,460,1405.61840820312,48,28,10,1530,15,73,31,20,17.9646816253662,1,25,9,3130,122
36.9922114974764,-1.1243885094377,482,1385.58764648438,46,28,10,1522,16,74,33,21,17.9464721679688,5,26,6,3102,117
37.0047113905195,-1.1243885094377,411,1356.04016113281,47,28,10,1517,13,74,34,20,17.9167766571045,0,43,7,2985,120
37.0067947060267,-1.1243885094377,392,1356.04016113281,47,28,10,1517,13,74,34,20,17.9167766571045,0,43,7,2985,120
37.0526276471846,-1.1243885094377,540,1332.72094726562,45,28,10,1492,11,72,36,19,17.8446350097656,1,9,5,2724,123
37.1151271123999,-1.1243885094377,435,1093.31665039062,47,28,10,1448,12,71,34,20,17.7415523529053,6,-68,0,2364,110
37.1192937434143,-1.1243885094377,433,1089.69274902344,46,28,10,1453,9,71,34,19,17.7234878540039,7,-66,1,2279,109
37.1776265776153,-1.1243885094377,408,935.624389648438,45,28,10,1421,8,70,37,19,17.6112060546875,7,-116,15,3632,106
36.5526319254618,-1.12647186347417,794,707.126342773438,38,27,120,1755,12,70,37,25,18.8580703735352,4,-27,0,4035,89
36.567215134012,-1.12647186347417,721,726.4921875,38,26,40,1833,13,68,38,24,18.8878402709961,14,-257,0,4052,84
36.5713817650264,-1.12647186347417,722,795.637268066406,38,28,10,1938,13,67,35,26,18.91432762146,23,-318,0,3039,76
36.6005481821269,-1.12647186347417,714,1327.02661132812,43,29,10,2199,18,62,29,27,18.8265323638916,4,-2,9,869,95
36.6067981286484,-1.12647186347417,747,1303.73449707031,45,29,62,2211,18,59,27,28,18.8182830810547,4,-32,8,922,96
36.6213813371987,-1.12647186347417,669,1375.4453125,48,30,10,2225,22,58,24,28,18.7862300872803,6,-100,13,1212,93
36.6567977008207,-1.12647186347417,663,1802.46948242188,44,30,10,2230,38,55,25,31,18.7306385040283,6,48,36,281,93
36.6630476473422,-1.12647186347417,651,1797.33532714844,43,30,10,2210,30,57,25,32,18.7325325012207,6,22,13,413,91
36.6713809093709,-1.12647186347417,571,1794.20336914062,43,30,10,2181,32,55,26,32,18.7291049957275,3,27,34,293,91
36.7047139574858,-1.12647186347417,474,1783.29174804688,42,30,12,2072,39,52,27,31,18.7131690979004,4,-41,53,633,93
36.7276304280648,-1.12647186347417,480,1808.1123046875,44,30,10,2048,40,57,27,29,18.6996440887451,3,129,17,1024,96
36.7505468986437,-1.12647186347417,433,1802.32263183594,46,30,10,1964,35,55,27,27,18.6887722015381,5,-41,28,2318,95
36.7526302141509,-1.12647186347417,425,1795.46520996094,49,30,12,1930,31,55,26,25,18.6618232727051,3,-34,22,3087,95
36.7922132087873,-1.12647186347417,486,1749.49340820312,50,30,61,1852,30,55,26,25,18.5571212768555,2,38,35,3909,101
36.8442960964667,-1.12647186347417,549,1687.92126464844,49,30,12,1687,37,56,26,25,18.3533725738525,9,-58,37,4580,100
36.8484627274811,-1.12647186347417,555,1687.92126464844,49,30,12,1687,37,56,26,25,18.3533725738525,9,-58,37,4580,100
36.8922123531319,-1.12647186347417,532,1549.87329101562,48,29,62,1608,25,56,27,25,18.1997737884521,2,3,22,4290,109
36.9109621926965,-1.12647186347417,477,1490.25378417969,49,30,60,1570,25,58,25,26,18.1261806488037,3,-44,19,4057,108
36.9317953477682,-1.12647186347417,420,1455.60314941406,49,29,62,1561,20,60,29,22,18.0815849304199,1,-14,16,3858,115
36.9422119253041,-1.12647186347417,454,1437.37976074219,50,29,12,1553,19,59,28,23,18.0614147186279,1,6,8,3763,118
37.0088780215338,-1.12647186347417,379,1356.04016113281,47,28,10,1517,13,74,34,20,17.9167766571045,0,43,7,2985,120
37.0234612300841,-1.12647186347417,420,1339.73937988281,45,27,10,1500,14,74,35,20,17.8959980010986,2,18,9,3026,119
37.0401277541415,-1.12647186347417,554,1338.40185546875,42,26,20,1498,12,74,39,18,17.8700866699219,0,1,1,2856,122
37.0422110696487,-1.12647186347417,582,1338.40185546875,42,26,20,1498,12,74,39,18,17.8700866699219,0,1,1,2856,122
37.0651275402277,-1.12647186347417,528,1311.919921875,44,27,10,1486,12,72,38,19,17.8323211669922,1,19,3,2703,122
37.1005439038497,-1.12647186347417,657,1105.16271972656,47,29,10,1441,14,72,32,21,17.7762470245361,0,-115,15,2748,112
37.1088771658784,-1.12647186347417,630,1084.67944335938,47,29,10,1438,10,71,32,21,17.7593784332275,2,-121,13,2668,112
37.1109604813856,-1.12647186347417,580,1093.31665039062,47,28,10,1448,12,71,34,20,17.7415523529053,6,-68,0,2364,110
37.1422102139933,-1.12647186347417,450,1011.71990966797,43,26,10,1455,9,70,39,17,17.689094543457,6,28,1,2521,106
37.1547101070363,-1.12647186347417,401,963.755920410156,46,28,10,1451,12,69,36,18,17.6574306488037,7,13,6,2922,106
36.567215134012,-1.12855521751064,748,726.4921875,38,26,40,1833,13,68,38,24,18.8878402709961,14,-257,0,4052,84
36.5734650805336,-1.12855521751064,740,795.637268066406,38,28,10,1938,13,67,35,26,18.91432762146,23,-318,0,3039,76
36.5776317115479,-1.12855521751064,735,980.591003417969,41,28,120,2193,16,65,33,27,18.8749504089355,13,372,2,865,76
36.5922149200982,-1.12855521751064,751,1228.61315917969,43,28,10,2228,14,65,31,26,18.8386268615723,1,249,0,456,99
36.6005481821269,-1.12855521751064,729,1327.02661132812,43,29,10,2199,18,62,29,27,18.8265323638916,4,-2,9,869,95
36.6317979147345,-1.12855521751064,656,1547.28527832031,49,30,62,2288,19,58,24,28,18.7580757141113,3,139,17,358,90
36.6567977008207,-1.12855521751064,651,1802.46948242188,44,30,10,2230,38,55,25,31,18.7306385040283,6,48,36,281,93
36.6776308558925,-1.12855521751064,531,1791.96826171875,41,29,10,2164,39,55,28,31,18.7254257202148,4,37,29,214,90
36.7401303211078,-1.12855521751064,435,1806.54235839844,44,30,10,2001,37,55,27,28,18.7063083648682,2,40,30,1648,95
36.7442969521222,-1.12855521751064,432,1802.32263183594,46,30,10,1964,35,55,27,27,18.6887722015381,5,-41,28,2318,95
36.7609634761796,-1.12855521751064,406,1784.15808105469,50,30,12,1909,30,56,26,24,18.6338672637939,1,-41,34,3612,97
36.765130107194,-1.12855521751064,475,1784.15808105469,50,30,12,1909,30,56,26,24,18.6338672637939,1,-41,34,3612,97
36.7692967382083,-1.12855521751064,425,1774.0302734375,51,30,12,1897,32,56,26,23,18.6092433929443,3,-7,15,3776,98
36.7713800537155,-1.12855521751064,427,1774.0302734375,51,30,12,1897,32,56,26,23,18.6092433929443,3,-7,15,3776,98
36.7942965242945,-1.12855521751064,478,1729.8837890625,49,30,60,1829,30,55,26,25,18.5300598144531,2,26,43,3968,102
36.835962834438,-1.12855521751064,564,1710.46594238281,50,30,12,1724,34,57,25,25,18.3914604187012,7,27,41,4242,99
36.8505460429883,-1.12855521751064,544,1687.92126464844,49,30,12,1687,37,56,26,25,18.3533725738525,9,-58,37,4580,100
36.8734625135672,-1.12855521751064,492,1575.0888671875,47,30,12,1630,28,57,26,27,18.2461643218994,1,-26,16,4385,104
36.8797124600888,-1.12855521751064,539,1563.05847167969,47,30,12,1622,26,58,26,27,18.2243156433105,1,33,29,4304,109
36.881795775596,-1.12855521751064,544,1563.05847167969,47,30,12,1622,26,58,26,27,18.2243156433105,1,33,29,4304,109
36.9088788771893,-1.12855521751064,469,1511.70678710938,50,30,12,1586,25,56,24,26,18.1508464813232,3,3,25,4282,108
36.917212139218,-1.12855521751064,418,1490.25378417969,49,30,60,1570,25,58,25,26,18.1261806488037,3,-44,19,4057,108
36.9484618718257,-1.12855521751064,495,1419.49353027344,49,29,12,1537,18,59,28,22,18.0395946502686,3,-23,32,3808,117
37.0088780215338,-1.12855521751064,386,1356.04016113281,47,28,10,1517,13,74,34,20,17.9167766571045,0,43,7,2985,120
37.0401277541415,-1.12855521751064,528,1338.40185546875,42,26,20,1498,12,74,39,18,17.8700866699219,0,1,1,2856,122
37.069294171242,-1.12855521751064,545,1276.35070800781,44,27,10,1483,11,71,38,19,17.8194274902344,0,30,1,2685,118
37.1151271123999,-1.12855521751064,595,1093.31665039062,47,28,10,1448,12,71,34,20,17.7415523529053,6,-68,0,2364,110
37.1192937434143,-1.12855521751064,594,1089.69274902344,46,28,10,1453,9,71,34,19,17.7234878540039,7,-66,1,2279,109
37.1422102139933,-1.12855521751064,446,1011.71990966797,43,26,10,1455,9,70,39,17,17.689094543457,6,28,1,2521,106
37.1776265776153,-1.12855521751064,431,935.624389648438,45,28,10,1421,8,70,37,19,17.6112060546875,7,-116,15,3632,106
37.1797098931225,-1.12855521751064,434,935.624389648438,45,28,10,1421,8,70,37,19,17.6112060546875,7,-116,15,3632,106
36.5713817650264,-1.13063857154712,753,795.637268066406,38,28,10,1938,13,67,35,26,18.91432762146,23,-318,0,3039,76
36.6172147061843,-1.13063857154712,697,1299.65148925781,47,30,10,2226,19,60,25,28,18.80251121521,2,62,9,919,99
36.660964331835,-1.13063857154712,615,1797.33532714844,43,30,10,2210,30,57,25,32,18.7325325012207,6,22,13,413,91
36.6651309628494,-1.13063857154712,601,1797.33532714844,43,30,10,2210,30,57,25,32,18.7325325012207,6,22,13,413,91
36.6755475403853,-1.13063857154712,539,1794.20336914062,43,30,10,2181,32,55,26,32,18.7291049957275,3,27,34,293,91
36.6984640109643,-1.13063857154712,451,1781.57824707031,41,30,12,2094,38,51,29,30,18.7186813354492,2,-31,43,426,93
36.7047139574858,-1.13063857154712,458,1783.29174804688,42,30,12,2072,39,52,27,31,18.7131690979004,4,-41,53,633,93
36.7213804815432,-1.13063857154712,384,1800.79174804688,43,30,10,2073,42,55,28,29,18.701021194458,8,131,47,521,94
36.7276304280648,-1.13063857154712,432,1808.1123046875,44,30,10,2048,40,57,27,29,18.6996440887451,3,129,17,1024,96
36.7484635831365,-1.13063857154712,436,1802.32263183594,46,30,10,1964,35,55,27,27,18.6887722015381,5,-41,28,2318,95
36.7692967382083,-1.13063857154712,424,1774.0302734375,51,30,12,1897,32,56,26,23,18.6092433929443,3,-7,15,3776,98
36.7942965242945,-1.13063857154712,479,1729.8837890625,49,30,60,1829,30,55,26,25,18.5300598144531,2,26,43,3968,102
36.835962834438,-1.13063857154712,562,1710.46594238281,50,30,12,1724,34,57,25,25,18.3914604187012,7,27,41,4242,99
36.8422127809596,-1.13063857154712,536,1710.46594238281,50,30,12,1724,34,57,25,25,18.3914604187012,7,27,41,4242,99
36.8755458290744,-1.13063857154712,565,1575.0888671875,47,30,12,1630,28,57,26,27,18.2461643218994,1,-26,16,4385,104
36.8859624066103,-1.13063857154712,532,1549.87329101562,48,29,62,1608,25,56,27,25,18.1997737884521,2,3,22,4290,109
36.9130455082036,-1.13063857154712,476,1490.25378417969,49,30,60,1570,25,58,25,26,18.1261806488037,3,-44,19,4057,108
36.917212139218,-1.13063857154712,448,1490.25378417969,49,30,60,1570,25,58,25,26,18.1261806488037,3,-44,19,4057,108
36.9192954547252,-1.13063857154712,426,1472.00317382812,49,30,12,1566,23,58,27,24,18.1030941009521,1,-7,13,3992,110
36.9234620857395,-1.13063857154712,398,1472.00317382812,49,30,12,1566,23,58,27,24,18.1030941009521,1,-7,13,3992,110
36.9255454012467,-1.13063857154712,409,1472.00317382812,49,30,12,1566,23,58,27,24,18.1030941009521,1,-7,13,3992,110
36.9734616579118,-1.13063857154712,534,1410.77416992188,48,28,10,1534,15,72,32,20,17.9836921691895,0,17,7,3255,124
36.9797116044333,-1.13063857154712,443,1405.61840820312,48,28,10,1530,15,73,31,20,17.9646816253662,1,25,9,3130,122
36.9838782354477,-1.13063857154712,428,1405.61840820312,48,28,10,1530,15,73,31,20,17.9646816253662,1,25,9,3130,122
37.0026280750123,-1.13063857154712,481,1356.04016113281,47,28,10,1517,13,74,34,20,17.9167766571045,0,43,7,2985,120
37.0151279680554,-1.13063857154712,419,1350.08764648438,44,26,10,1506,15,73,38,19,17.9060153961182,1,11,2,3006,119
37.0255445455913,-1.13063857154712,445,1339.73937988281,45,27,10,1500,14,74,35,20,17.8959980010986,2,18,9,3026,119
37.03387780762,-1.13063857154712,472,1336.70764160156,45,27,12,1503,11,74,36,19,17.8830680847168,1,13,3,2865,121
37.0901273263138,-1.13063857154712,575,1163.716796875,45,28,10,1442,11,72,34,22,17.7921257019043,1,-129,22,2792,111
37.0963772728353,-1.13063857154712,607,1105.16271972656,47,29,10,1441,14,72,32,21,17.7762470245361,0,-115,15,2748,112
37.1067938503712,-1.13063857154712,678,1084.67944335938,47,29,10,1438,10,71,32,21,17.7593784332275,2,-121,13,2668,112
37.1463768450076,-1.13063857154712,502,978.748413085938,45,27,10,1456,9,71,37,18,17.6729259490967,6,26,10,2721,105
37.1567934225435,-1.13063857154712,494,963.755920410156,46,28,10,1451,12,69,36,18,17.6574306488037,7,13,6,2922,106
37.1588767380507,-1.13063857154712,527,963.755920410156,46,28,10,1451,12,69,36,18,17.6574306488037,7,13,6,2922,106
36.5755483960407,-1.13272192558359,704,810.634338378906,39,28,120,2065,14,66,34,27,18.9157085418701,5,344,5,2235,76
36.5859649735766,-1.13272192558359,709,1236.92065429688,44,29,10,2224,16,64,30,26,18.8547782897949,4,228,2,556,89
36.5922149200982,-1.13272192558359,724,1236.92065429688,44,29,10,2224,16,64,30,26,18.8547782897949,4,228,2,556,89
36.6026314976341,-1.13272192558359,710,1337.71728515625,44,29,10,2176,18,60,28,28,18.8339099884033,5,-140,8,1260,96
36.6172147061843,-1.13272192558359,713,1300.39477539062,47,30,62,2215,20,60,24,28,18.8203372955322,3,97,11,966,97
36.6380478612561,-1.13272192558359,616,1682.48999023438,47,30,10,2300,22,58,25,29,18.7499446868896,6,214,16,-115,97
36.6651309628494,-1.13272192558359,588,1792.52600097656,41,30,10,2161,39,54,27,32,18.7504806518555,5,-114,20,663,89
36.6817974869068,-1.13272192558359,471,1778.54809570312,41,30,10,2119,38,55,28,31,18.7466735839844,3,-48,23,449,93
36.683880802414,-1.13272192558359,461,1778.54809570312,41,30,10,2119,38,55,28,31,18.7466735839844,3,-48,23,449,93
36.6922140644427,-1.13272192558359,459,1769.10852050781,42,30,10,2098,31,54,28,31,18.7440166473389,5,10,31,318,93
36.7088805885002,-1.13272192558359,433,1753.03479003906,43,30,20,2060,36,54,27,30,18.7388191223145,6,66,15,504,95
36.742213636615,-1.13272192558359,491,1766.42272949219,46,30,10,1973,32,54,26,28,18.7160511016846,5,-44,27,1865,98
36.7463802676294,-1.13272192558359,457,1776.85327148438,47,30,12,1945,38,55,26,27,18.6937389373779,9,-79,20,2373,98
36.7901298932801,-1.13272192558359,474,1743.32861328125,50,30,60,1858,28,57,25,25,18.5677757263184,5,53,33,3707,103
36.7922132087873,-1.13272192558359,477,1743.32861328125,50,30,60,1858,28,57,25,25,18.5677757263184,5,53,33,3707,103
36.8130463638591,-1.13272192558359,460,1726.67504882812,50,30,10,1796,34,55,26,24,18.4954147338867,3,2,39,3738,108
36.8317962034237,-1.13272192558359,550,1728.81787109375,50,30,10,1770,35,56,25,25,18.4450416564941,2,87,18,3735,103
36.8401294654524,-1.13272192558359,554,1720.01916503906,51,31,12,1729,40,58,25,25,18.4109287261963,8,74,14,3976,101
36.8422127809596,-1.13272192558359,526,1720.01916503906,51,31,12,1729,40,58,25,25,18.4109287261963,8,74,14,3976,101
36.8484627274811,-1.13272192558359,499,1699.78503417969,49,30,12,1705,30,58,26,25,18.3720092773438,2,35,18,4077,101
36.8547126740026,-1.13272192558359,533,1660.5244140625,50,30,12,1669,32,57,26,25,18.3265590667725,6,26,16,4193,101
36.9088788771893,-1.13272192558359,481,1498.03601074219,51,30,12,1580,23,57,25,24,18.1552238464355,2,-9,17,4148,111
36.9213787702324,-1.13272192558359,404,1459.99670410156,47,30,12,1567,21,63,27,26,18.1115570068359,3,33,22,4100,114
36.9338786632754,-1.13272192558359,419,1446.38195800781,46,28,12,1551,20,64,31,23,18.0889453887939,5,14,11,4018,112
36.9505451873328,-1.13272192558359,472,1414.41857910156,49,29,62,1542,18,66,30,20,18.0457286834717,2,7,9,3709,118
36.9734616579118,-1.13272192558359,483,1388.66979980469,46,28,10,1529,13,70,34,19,17.9877109527588,1,12,3,3274,122
37.0172112835626,-1.13272192558359,436,1337.328125,44,27,10,1502,14,73,37,19,17.9213047027588,2,-7,3,3152,118
37.03387780762,-1.13272192558359,490,1311.11840820312,47,28,10,1497,12,74,33,20,17.8998966217041,2,-4,2,3036,119
37.0359611231272,-1.13272192558359,500,1306.53784179688,44,27,20,1492,12,73,39,18,17.8854560852051,1,0,3,3027,122
37.1067938503712,-1.13272192558359,579,1129.94323730469,44,28,11,1464,10,72,37,19,17.7642936706543,2,-1,4,2814,114
37.127627005443,-1.13272192558359,598,996.003356933594,46,28,10,1430,9,73,35,19,17.7146263122559,2,-93,14,2969,111
37.1463768450076,-1.13272192558359,522,930.378662109375,47,28,11,1424,8,73,33,21,17.6796493530273,0,-122,7,3299,116
37.1567934225435,-1.13272192558359,579,953.779052734375,45,28,11,1428,11,73,35,20,17.6618404388428,3,-119,13,3479,110
36.5422153479259,-1.13480527962007,800,697.236694335938,37,28,40,1682,15,70,38,26,18.8246383666992,3,58,1,4545,95
36.5547152409689,-1.13480527962007,787,704.957824707031,38,27,10,1738,14,70,38,24,18.8567790985107,3,-163,3,4692,90
36.5817983425623,-1.13480527962007,727,996.325500488281,43,28,120,2160,16,65,32,26,18.8876056671143,13,131,1,1430,80
36.5859649735766,-1.13480527962007,724,1236.92065429688,44,29,10,2224,16,64,30,26,18.8547782897949,4,228,2,556,89
36.5942982356053,-1.13480527962007,743,1351.53869628906,44,29,10,2181,17,62,29,27,18.8414154052734,2,-31,8,968,93
36.6192980216915,-1.13480527962007,781,1319.89599609375,49,30,62,2188,20,60,23,28,18.8082656860352,4,-172,20,1334,93
36.6213813371987,-1.13480527962007,723,1319.89599609375,49,30,62,2188,20,60,23,28,18.8082656860352,4,-172,20,1334,93
36.6880474334284,-1.13480527962007,458,1769.10852050781,42,30,10,2098,31,54,28,31,18.7440166473389,5,10,31,318,93
36.7088805885002,-1.13480527962007,439,1753.03479003906,43,30,20,2060,36,54,27,30,18.7388191223145,6,66,15,504,95
36.7338803745863,-1.13480527962007,464,1756.11206054688,44,30,10,2006,35,55,27,28,18.7294807434082,5,72,27,1452,97
36.742213636615,-1.13480527962007,484,1766.42272949219,46,30,10,1973,32,54,26,28,18.7160511016846,5,-44,27,1865,98
36.7734633692227,-1.13480527962007,471,1766.34008789062,50,30,12,1890,33,56,27,24,18.6147174835205,6,-65,12,3598,97
36.8047131018304,-1.13480527962007,539,1724.94567871094,50,30,62,1806,34,57,26,24,18.5175533294678,1,11,16,3827,105
36.8109630483519,-1.13480527962007,489,1726.67504882812,50,30,10,1796,34,55,26,24,18.4954147338867,3,2,39,3738,108
36.8463794119739,-1.13480527962007,498,1699.78503417969,49,30,12,1705,30,58,26,25,18.3720092773438,2,35,18,4077,101
36.8505460429883,-1.13480527962007,521,1699.78503417969,49,30,12,1705,30,58,26,25,18.3720092773438,2,35,18,4077,101
36.881795775596,-1.13480527962007,579,1543.6123046875,48,30,12,1616,27,59,26,26,18.225736618042,3,-1,15,4277,105
36.9651283958831,-1.13480527962007,471,1384.47985839844,48,28,10,1530,16,73,32,20,18.0048847198486,1,-3,5,3506,119
37.0005447595051,-1.13480527962007,406,1355.33483886719,46,28,10,1502,15,74,33,20,17.9437942504883,1,-44,7,3319,117
37.0484610161702,-1.13480527962007,511,1307.31628417969,43,27,130,1493,12,75,38,18,17.8703002929688,0,12,0,2959,123
37.0817940642851,-1.13480527962007,479,1256.89172363281,43,28,120,1482,11,70,37,20,17.8112163543701,1,36,1,2738,123
37.1422102139933,-1.13480527962007,531,942.937133789062,46,28,10,1428,10,71,34,20,17.6974010467529,1,-98,10,3167,113
37.1588767380507,-1.13480527962007,494,953.779052734375,45,28,11,1428,11,73,35,20,17.6618404388428,3,-119,13,3479,110
37.1713766310938,-1.13480527962007,450,996.344421386719,42,27,10,1467,11,72,40,17,17.6294479370117,0,77,4,3320,123
36.5422153479259,-1.13688863365654,807,697.236694335938,37,28,40,1682,15,70,38,26,18.8246383666992,3,58,1,4545,95
36.5526319254618,-1.13688863365654,834,704.957824707031,38,27,10,1738,14,70,38,24,18.8567790985107,3,-163,3,4692,90
36.5755483960407,-1.13688863365654,699,810.634338378906,39,28,120,2065,14,66,34,27,18.9157085418701,5,344,5,2235,76
36.6026314976341,-1.13688863365654,706,1337.71728515625,44,29,10,2176,18,60,28,28,18.8339099884033,5,-140,8,1260,96
36.6505477542992,-1.13688863365654,662,1790.02099609375,45,30,10,2274,37,56,25,31,18.7415103912354,6,67,19,-34,96
36.6692975938638,-1.13688863365654,556,1784.47192382812,41,30,10,2148,37,54,27,32,18.749475479126,7,-91,35,550,92
36.7255471125576,-1.13688863365654,547,1747.00793457031,44,30,10,2014,37,56,28,29,18.7404823303223,8,-16,44,1007,95
36.7609634761796,-1.13688863365654,474,1776.15686035156,48,30,12,1886,28,58,29,24,18.6411609649658,3,-185,22,3715,97
36.7630467916868,-1.13688863365654,475,1776.15686035156,48,30,12,1886,28,58,29,24,18.6411609649658,3,-185,22,3715,97
36.7672134227011,-1.13688863365654,463,1776.15686035156,48,30,12,1886,28,58,29,24,18.6411609649658,3,-185,22,3715,97
36.7713800537155,-1.13688863365654,472,1766.34008789062,50,30,12,1890,33,56,27,24,18.6147174835205,6,-65,12,3598,97
36.7755466847299,-1.13688863365654,485,1766.34008789062,50,30,12,1890,33,56,27,24,18.6147174835205,6,-65,12,3598,97
36.800546470816,-1.13688863365654,544,1730.7568359375,50,30,60,1808,38,55,25,24,18.54248046875,8,-49,41,4096,100
36.8047131018304,-1.13688863365654,544,1724.94567871094,50,30,62,1806,34,57,26,24,18.5175533294678,1,11,16,3827,105
36.8172129948734,-1.13688863365654,496,1726.67504882812,50,30,10,1796,34,55,26,24,18.4954147338867,3,2,39,3738,108
36.8526293584955,-1.13688863365654,563,1660.5244140625,50,30,12,1669,32,57,26,25,18.3265590667725,6,26,16,4193,101
36.9047122461749,-1.13688863365654,508,1498.03601074219,51,30,12,1580,23,57,25,24,18.1552238464355,2,-9,17,4148,111
36.9234620857395,-1.13688863365654,461,1459.99670410156,47,30,12,1567,21,63,27,26,18.1115570068359,3,33,22,4100,114
36.9276287167539,-1.13688863365654,439,1446.38195800781,46,28,12,1551,20,64,31,23,18.0889453887939,5,14,11,4018,112
36.9380452942898,-1.13688863365654,439,1432.92297363281,49,29,62,1550,21,64,30,21,18.0670013427734,1,4,18,3796,117
36.9838782354477,-1.13688863365654,452,1391.77514648438,46,28,10,1529,14,75,34,20,17.9701976776123,1,33,3,3165,122
36.9901281819692,-1.13688863365654,454,1377.89489746094,45,28,10,1518,14,74,34,20,17.9538307189941,1,7,5,3187,120
37.0026280750123,-1.13688863365654,434,1343.39831542969,45,27,10,1509,13,71,35,20,17.9314746856689,2,3,2,3131,117
37.0047113905195,-1.13688863365654,442,1343.39831542969,45,27,10,1509,13,71,35,20,17.9314746856689,2,3,2,3131,117
37.0067947060267,-1.13688863365654,444,1343.39831542969,45,27,10,1509,13,71,35,20,17.9314746856689,2,3,2,3131,117
37.0151279680554,-1.13688863365654,504,1337.328125,44,27,10,1502,14,73,37,19,17.9213047027588,2,-7,3,3152,118
37.0484610161702,-1.13688863365654,522,1307.31628417969,43,27,130,1493,12,75,38,18,17.8703002929688,0,12,0,2959,123
37.0526276471846,-1.13688863365654,542,1307.28784179688,44,28,10,1488,11,73,38,18,17.8563098907471,0,5,5,2920,124
37.0547109626918,-1.13688863365654,558,1307.28784179688,44,28,10,1488,11,73,38,18,17.8563098907471,0,5,5,2920,124
37.0651275402277,-1.13688863365654,512,1302.86669921875,45,28,10,1487,11,73,37,19,17.8410530090332,0,14,3,2800,126
37.0838773797923,-1.13688863365654,506,1256.89172363281,43,28,120,1482,11,70,37,20,17.8112163543701,1,36,1,2738,123
37.1067938503712,-1.13688863365654,541,1129.94323730469,44,28,11,1464,10,72,37,19,17.7642936706543,2,-1,4,2814,114
37.1130437968928,-1.13688863365654,521,1111.14562988281,44,27,10,1454,9,73,37,19,17.7470684051514,3,-2,9,2732,113
37.150543476022,-1.13688863365654,464,930.378662109375,47,28,11,1424,8,73,33,21,17.6796493530273,0,-122,7,3299,116
37.185959839644,-1.13688863365654,489,921.231323242188,44,27,10,1451,10,72,39,18,17.6000881195068,9,-128,2,3711,103
36.5547152409689,-1.13897198769301,844,704.957824707031,38,27,10,1738,14,70,38,24,18.8567790985107,3,-163,3,4692,90
36.6172147061843,-1.13897198769301,720,1300.39477539062,47,30,62,2215,20,60,24,28,18.8203372955322,3,97,11,966,97
36.6422144922704,-1.13897198769301,691,1682.48999023438,47,30,10,2300,22,58,25,29,18.7499446868896,6,214,16,-115,97
36.6672142783566,-1.13897198769301,540,1792.52600097656,41,30,10,2161,39,54,27,32,18.7504806518555,5,-114,20,663,89
36.6984640109643,-1.13897198769301,433,1760.72131347656,43,30,12,2065,36,53,29,29,18.7399806976318,2,-45,12,594,94
36.7088805885002,-1.13897198769301,481,1753.03479003906,43,30,20,2060,36,54,27,30,18.7388191223145,6,66,15,504,95
36.7172138505289,-1.13897198769301,462,1745.35241699219,44,30,12,2018,37,55,27,29,18.7447357177734,3,-41,53,1191,96
36.742213636615,-1.13897198769301,492,1766.42272949219,46,30,10,1973,32,54,26,28,18.7160511016846,5,-44,27,1865,98
36.7484635831365,-1.13897198769301,489,1776.85327148438,47,30,12,1945,38,55,26,27,18.6937389373779,9,-79,20,2373,98
36.765130107194,-1.13897198769301,475,1776.15686035156,48,30,12,1886,28,58,29,24,18.6411609649658,3,-185,22,3715,97
36.7859632622658,-1.13897198769301,471,1743.32861328125,50,30,60,1858,28,57,25,25,18.5677757263184,5,53,33,3707,103
36.8255462569021,-1.13897198769301,520,1729.58776855469,50,30,62,1792,33,57,26,24,18.4719467163086,3,70,17,3679,106
36.8401294654524,-1.13897198769301,526,1720.01916503906,51,31,12,1729,40,58,25,25,18.4109287261963,8,74,14,3976,101
36.8463794119739,-1.13897198769301,534,1699.78503417969,49,30,12,1705,30,58,26,25,18.3720092773438,2,35,18,4077,101
36.8484627274811,-1.13897198769301,549,1699.78503417969,49,30,12,1705,30,58,26,25,18.3720092773438,2,35,18,4077,101
36.8526293584955,-1.13897198769301,580,1660.5244140625,50,30,12,1669,32,57,26,25,18.3265590667725,6,26,16,4193,101
36.8859624066103,-1.13897198769301,590,1530.77587890625,51,30,62,1607,29,61,25,24,18.2019939422607,2,27,8,4252,110
36.9026289306677,-1.13897198769301,507,1498.03601074219,51,30,12,1580,23,57,25,24,18.1552238464355,2,-9,17,4148,111
36.9047122461749,-1.13897198769301,514,1498.03601074219,51,30,12,1580,23,57,25,24,18.1552238464355,2,-9,17,4148,111
36.9255454012467,-1.13897198769301,478,1459.99670410156,47,30,12,1567,21,63,27,26,18.1115570068359,3,33,22,4100,114
36.9380452942898,-1.13897198769301,479,1432.92297363281,49,29,62,1550,21,64,30,21,18.0670013427734,1,4,18,3796,117
36.9484618718257,-1.13897198769301,424,1414.41857910156,49,29,62,1542,18,66,30,20,18.0457286834717,2,7,9,3709,118
37.0088780215338,-1.13897198769301,472,1343.39831542969,45,27,10,1509,13,71,35,20,17.9314746856689,2,3,2,3131,117
37.03387780762,-1.13897198769301,503,1311.11840820312,47,28,10,1497,12,74,33,20,17.8998966217041,2,-4,2,3036,119
37.056794278199,-1.13897198769301,577,1307.28784179688,44,28,10,1488,11,73,38,18,17.8563098907471,0,5,5,2920,124
37.0588775937061,-1.13897198769301,585,1307.28784179688,44,28,10,1488,11,73,38,18,17.8563098907471,0,5,5,2920,124
37.069294171242,-1.13897198769301,536,1287.91943359375,44,28,10,1485,12,71,37,19,17.825984954834,0,26,3,2769,127
37.150543476022,-1.13897198769301,476,930.378662109375,47,28,11,1424,8,73,33,21,17.6796493530273,0,-122,7,3299,116
37.1567934225435,-1.13897198769301,462,953.779052734375,45,28,11,1428,11,73,35,20,17.6618404388428,3,-119,13,3479,110
37.1797098931225,-1.13897198769301,472,952.613403320312,44,27,10,1450,10,71,39,18,17.6148738861084,10,6,20,3730,112
36.5963815511125,-1.14105534172949,678,1345.9462890625,44,29,10,2180,15,64,29,27,18.8570652008057,6,143,4,735,95
36.6130480751699,-1.14105534172949,685,1319.85583496094,47,30,10,2186,19,60,25,28,18.837158203125,4,12,8,1120,99
36.625547968213,-1.14105534172949,668,1293.75341796875,47,30,10,2146,20,59,24,29,18.8280868530273,6,-237,13,1557,94
36.6317979147345,-1.14105534172949,607,1418.7587890625,46,30,62,2205,20,58,25,29,18.8043270111084,11,-140,16,1007,87
36.6588810163279,-1.14105534172949,668,1804.57019042969,40,30,10,2189,35,57,27,33,18.757532119751,12,-8,34,158,84
36.683880802414,-1.14105534172949,488,1776.00305175781,43,30,10,2093,37,54,27,31,18.7610988616943,3,-95,54,546,93
36.6901307489355,-1.14105534172949,542,1761.39685058594,42,30,12,2070,35,54,28,30,18.7620735168457,5,-82,34,432,94
36.7005473264714,-1.14105534172949,411,1745.19909667969,43,30,12,2052,43,54,28,29,18.7640533447266,3,-37,51,522,96
36.7276304280648,-1.14105534172949,526,1686.11328125,48,30,10,1976,29,57,26,26,18.7372264862061,4,-10,16,1689,98
36.7401303211078,-1.14105534172949,538,1716.73559570312,49,30,10,1991,32,57,25,26,18.7226867675781,9,30,14,1842,100
36.7442969521222,-1.14105534172949,451,1759.08569335938,48,30,10,1973,28,57,27,25,18.7083568572998,5,85,2,2199,107
36.7505468986437,-1.14105534172949,452,1759.08569335938,48,30,10,1973,28,57,27,25,18.7083568572998,5,85,2,2199,107
36.7922132087873,-1.14105534172949,481,1728.64416503906,51,31,12,1847,28,56,24,24,18.5710887908936,9,8,24,3457,99
36.8505460429883,-1.14105534172949,593,1697.66967773438,48,30,12,1696,33,58,25,26,18.3783016204834,2,-26,25,4024,99
36.894295668639,-1.14105534172949,536,1493.21911621094,50,30,60,1587,23,58,27,24,18.1809959411621,1,16,15,4204,107
36.9047122461749,-1.14105534172949,497,1473.37817382812,51,30,12,1578,24,59,27,22,18.1582050323486,3,30,9,4135,111
36.9130455082036,-1.14105534172949,457,1449.35131835938,47,29,12,1564,21,65,29,23,18.1338920593262,1,-16,2,4105,111
36.9463785563185,-1.14105534172949,457,1413.51611328125,48,28,12,1537,17,73,32,20,18.0537643432617,3,-1,10,3811,115
36.9651283958831,-1.14105534172949,444,1369.02795410156,45,28,12,1516,14,74,34,21,18.0090732574463,3,-67,6,3575,112
36.9859615509549,-1.14105534172949,472,1355.4072265625,45,27,10,1516,14,74,34,21,17.9626789093018,1,17,6,3268,121
37.0088780215338,-1.14105534172949,461,1338.28234863281,43,27,10,1506,13,72,36,20,17.9395179748535,1,9,4,3247,125
37.0172112835626,-1.14105534172949,538,1333.24108886719,44,27,10,1502,13,74,37,20,17.9289379119873,1,9,4,3268,124
37.0234612300841,-1.14105534172949,544,1317.30505371094,44,28,10,1499,13,74,36,20,17.9192962646484,1,23,4,3212,119
37.056794278199,-1.14105534172949,536,1268.66186523438,43,27,10,1484,11,72,39,18,17.8693370819092,1,4,0,3057,123
37.0817940642851,-1.14105534172949,526,1244.00756835938,44,28,10,1481,11,72,37,18,17.8193283081055,0,19,2,2909,126
37.1130437968928,-1.14105534172949,523,1147.12231445312,43,27,10,1472,10,71,39,19,17.753345489502,1,50,4,2751,122
37.1172104279071,-1.14105534172949,464,1147.12231445312,43,27,10,1472,10,71,39,19,17.753345489502,1,50,4,2751,122
37.1713766310938,-1.14105534172949,443,1027.044921875,40,27,10,1466,11,70,41,19,17.6333446502686,0,33,4,3507,130
36.5484652944474,-1.14313869576596,724,697.271057128906,36,27,122,1694,14,70,40,24,18.8440856933594,10,-98,3,5233,91
36.6297145992274,-1.14313869576596,620,1418.7587890625,46,30,62,2205,20,58,25,29,18.8043270111084,11,-140,16,1007,87
36.6380478612561,-1.14313869576596,593,1641.33020019531,44,29,10,2277,25,58,27,30,18.7692890167236,4,133,19,118,90
36.6713809093709,-1.14313869576596,539,1784.83666992188,42,29,10,2142,30,55,27,31,18.7602767944336,7,30,26,391,92
36.6984640109643,-1.14313869576596,487,1745.19909667969,43,30,12,2052,43,54,28,29,18.7640533447266,3,-37,51,522,96
36.742213636615,-1.14313869576596,480,1716.73559570312,49,30,10,1991,32,57,25,26,18.7226867675781,9,30,14,1842,100
36.7442969521222,-1.14313869576596,455,1759.08569335938,48,30,10,1973,28,57,27,25,18.7083568572998,5,85,2,2199,107
36.7609634761796,-1.14313869576596,473,1784.5615234375,48,29,12,1935,23,56,29,24,18.6590385437012,5,81,12,3153,100
36.7963798398016,-1.14313869576596,483,1716.59741210938,52,30,62,1842,28,58,24,23,18.5492572784424,2,94,11,3502,100
36.800546470816,-1.14313869576596,518,1716.59741210938,52,30,62,1842,28,58,24,23,18.5492572784424,2,94,11,3502,100
36.8026297863232,-1.14313869576596,515,1720.45153808594,50,30,10,1802,34,56,25,25,18.5277481079102,5,14,12,3825,100
36.8130463638591,-1.14313869576596,553,1727.51538085938,50,30,10,1794,36,55,25,25,18.5045280456543,3,-67,28,3619,104
36.8276295724093,-1.14313869576596,575,1727.82788085938,49,30,40,1763,34,56,26,25,18.4513416290283,6,47,34,3707,103
36.8505460429883,-1.14313869576596,564,1697.66967773438,48,30,12,1696,33,58,25,26,18.3783016204834,2,-26,25,4024,99
36.8547126740026,-1.14313869576596,565,1662.53662109375,49,30,12,1678,36,58,25,26,18.3363456726074,4,45,12,4037,101
36.8984622996534,-1.14313869576596,491,1493.21911621094,50,30,60,1587,23,58,27,24,18.1809959411621,1,16,15,4204,107
36.917212139218,-1.14313869576596,488,1449.35131835938,47,29,12,1564,21,65,29,23,18.1338920593262,1,-16,2,4105,111
36.9234620857395,-1.14313869576596,490,1434.51293945312,43,27,12,1558,20,62,34,24,18.1136817932129,1,7,7,3998,113
36.9380452942898,-1.14313869576596,461,1425.87231445312,48,28,10,1549,19,73,32,20,18.0752201080322,2,24,13,3808,117
36.9942948129836,-1.14313869576596,454,1344.30798339844,44,27,10,1505,14,72,36,20,17.9512519836426,1,-11,0,3322,119
36.9963781284908,-1.14313869576596,458,1344.30798339844,44,27,10,1505,14,72,36,20,17.9512519836426,1,-11,0,3322,119
37.0005447595051,-1.14313869576596,489,1344.30798339844,44,27,10,1505,14,72,36,20,17.9512519836426,1,-11,0,3322,119
37.0422110696487,-1.14313869576596,446,1277.17895507812,44,28,12,1488,11,72,38,19,17.8994483947754,1,5,2,3165,121
37.0526276471846,-1.14313869576596,469,1268.66186523438,43,27,10,1484,11,72,39,18,17.8693370819092,1,4,0,3057,123
37.0776274332707,-1.14313869576596,516,1244.00756835938,44,28,10,1481,11,72,37,18,17.8193283081055,0,19,2,2909,126
37.0901273263138,-1.14313869576596,516,1231.51000976562,44,28,10,1479,10,69,37,19,17.8028869628906,0,21,1,2880,126
37.1255436899358,-1.14313869576596,555,1085.09680175781,42,27,10,1460,10,71,40,18,17.7372455596924,7,7,5,2680,117
37.127627005443,-1.14313869576596,489,1011.57843017578,43,27,10,1440,10,71,39,19,17.7204704284668,4,-75,7,3112,115
37.1338769519646,-1.14313869576596,505,1011.57843017578,43,27,10,1440,10,71,39,19,17.7204704284668,4,-75,7,3112,115
36.5651318185048,-1.14522204980244,731,735.9423828125,39,27,10,1842,14,67,37,25,18.906566619873,26,-254,0,4355,79
36.5713817650264,-1.14522204980244,748,826.47607421875,39,28,40,2117,16,66,34,27,18.9275169372559,4,638,0,1481,73
36.6026314976341,-1.14522204980244,664,1368.90783691406,45,29,10,2186,17,59,28,27,18.8466129302979,5,18,9,1132,104
36.6401311767633,-1.14522204980244,642,1641.33020019531,44,29,10,2277,25,58,27,30,18.7692890167236,4,133,19,118,90
36.6442978077776,-1.14522204980244,715,1780.822265625,43,30,10,2293,30,58,25,32,18.7510509490967,4,231,35,-208,93
36.6547143853135,-1.14522204980244,663,1804.57019042969,40,30,10,2189,35,57,27,33,18.757532119751,12,-8,34,158,84
36.6880474334284,-1.14522204980244,496,1761.39685058594,42,30,12,2070,35,54,28,30,18.7620735168457,5,-82,34,432,94
36.7047139574858,-1.14522204980244,457,1728.38818359375,44,30,20,2030,39,53,28,28,18.770092010498,3,-23,50,935,97
36.7338803745863,-1.14522204980244,509,1686.11328125,48,30,10,1976,29,57,26,26,18.7372264862061,4,-10,16,1689,98
36.7567968451653,-1.14522204980244,463,1784.18640136719,48,30,12,1946,30,56,28,24,18.6861705780029,5,33,14,2726,99
36.7713800537155,-1.14522204980244,488,1771.29504394531,49,30,12,1887,35,55,27,24,18.6269416809082,8,6,35,3670,95
36.8422127809596,-1.14522204980244,596,1716.90454101562,49,30,12,1744,36,58,25,25,18.4172763824463,5,89,13,3681,101
36.8630459360314,-1.14522204980244,558,1609.912109375,49,31,12,1635,36,58,25,26,18.2926387786865,8,39,11,4480,100
36.8713791980601,-1.14522204980244,457,1558.48791503906,48,30,12,1615,27,57,26,26,18.2537384033203,2,-29,12,4431,103
36.8776291445816,-1.14522204980244,460,1525.74841308594,48,29,12,1606,27,57,27,25,18.2277336120605,2,9,15,4351,104
36.9026289306677,-1.14522204980244,504,1473.37817382812,51,30,12,1578,24,59,27,22,18.1582050323486,3,30,9,4135,111
36.9088788771893,-1.14522204980244,489,1473.37817382812,51,30,12,1578,24,59,27,22,18.1582050323486,3,30,9,4135,111
36.9359619787826,-1.14522204980244,478,1425.87231445312,48,28,10,1549,19,73,32,20,18.0752201080322,2,24,13,3808,117
36.940128609797,-1.14522204980244,499,1425.87231445312,48,28,10,1549,19,73,32,20,18.0752201080322,2,24,13,3808,117
36.9547118183472,-1.14522204980244,379,1389.73889160156,45,28,12,1525,17,74,35,20,18.030460357666,2,-45,11,3688,110
36.9713783424046,-1.14522204980244,440,1363.06030273438,45,27,10,1523,15,74,34,20,17.9920902252197,0,11,5,3393,120
36.9734616579118,-1.14522204980244,456,1363.06030273438,45,27,10,1523,15,74,34,20,17.9920902252197,0,11,5,3393,120
36.9797116044333,-1.14522204980244,458,1362.69458007812,45,28,10,1520,14,74,35,20,17.9768867492676,2,12,9,3283,120
36.9942948129836,-1.14522204980244,452,1344.30798339844,44,27,10,1505,14,72,36,20,17.9512519836426,1,-11,0,3322,119
37.0172112835626,-1.14522204980244,569,1333.24108886719,44,27,10,1502,13,74,37,20,17.9289379119873,1,9,4,3268,124
37.0297111766056,-1.14522204980244,570,1293.67370605469,45,28,10,1487,13,73,35,21,17.9127349853516,1,-31,10,3277,120
37.0442943851559,-1.14522204980244,459,1271.33764648438,43,27,11,1486,11,71,39,18,17.8847198486328,1,3,3,3106,122
37.0463777006631,-1.14522204980244,465,1271.33764648438,43,27,11,1486,11,71,39,18,17.8847198486328,1,3,3,3106,122
37.0484610161702,-1.14522204980244,447,1271.33764648438,43,27,11,1486,11,71,39,18,17.8847198486328,1,3,3,3106,122
37.1401268984861,-1.14522204980244,475,966.72607421875,42,27,10,1452,9,71,39,19,17.702766418457,5,40,0,3143,113
37.1547101070363,-1.14522204980244,468,1004.25042724609,40,26,10,1467,10,70,41,19,17.6650333404541,0,72,0,3264,117
37.1692933155866,-1.14522204980244,495,1027.044921875,40,27,10,1466,11,70,41,19,17.6333446502686,0,33,4,3507,130
36.5776317115479,-1.14730540383891,764,999.3515625,42,28,10,2137,15,66,32,26,18.8992557525635,2,170,2,1387,85
36.5838816580694,-1.14730540383891,663,999.3515625,42,28,10,2137,15,66,32,26,18.8992557525635,2,170,2,1387,85
36.6005481821269,-1.14730540383891,652,1345.9462890625,44,29,10,2180,15,64,29,27,18.8570652008057,6,143,4,735,95
36.6755475403853,-1.14730540383891,535,1784.83666992188,42,29,10,2142,30,55,27,31,18.7602767944336,7,30,26,391,92
36.7484635831365,-1.14730540383891,467,1759.08569335938,48,30,10,1973,28,57,27,25,18.7083568572998,5,85,2,2199,107
36.7755466847299,-1.14730540383891,484,1771.29504394531,49,30,12,1887,35,55,27,24,18.6269416809082,8,6,35,3670,95
36.7797133157442,-1.14730540383891,496,1750.69506835938,50,30,12,1860,38,54,25,25,18.5972213745117,8,4,37,3823,98
36.7838799467586,-1.14730540383891,504,1750.69506835938,50,30,12,1860,38,54,25,25,18.5972213745117,8,4,37,3823,98
36.8067964173375,-1.14730540383891,547,1720.45153808594,50,30,10,1802,34,56,25,25,18.5277481079102,5,14,12,3825,100
36.8130463638591,-1.14730540383891,530,1727.51538085938,50,30,10,1794,36,55,25,25,18.5045280456543,3,-67,28,3619,104
36.8630459360314,-1.14730540383891,570,1609.912109375,49,31,12,1635,36,58,25,26,18.2926387786865,8,39,11,4480,100
36.8734625135672,-1.14730540383891,449,1558.48791503906,48,30,12,1615,27,57,26,26,18.2537384033203,2,-29,12,4431,103
36.9151288237108,-1.14730540383891,553,1449.35131835938,47,29,12,1564,21,65,29,23,18.1338920593262,1,-16,2,4105,111
37.0359611231272,-1.14730540383891,521,1277.17895507812,44,28,12,1488,11,72,38,19,17.8994483947754,1,5,2,3165,121
37.056794278199,-1.14730540383891,501,1268.66186523438,43,27,10,1484,11,72,39,18,17.8693370819092,1,4,0,3057,123
37.1109604813856,-1.14730540383891,579,1147.12231445312,43,27,10,1472,10,71,39,19,17.753345489502,1,50,4,2751,122
37.1213770589215,-1.14730540383891,561,1085.09680175781,42,27,10,1460,10,71,40,18,17.7372455596924,7,7,5,2680,117
37.1317936364574,-1.14730540383891,541,1011.57843017578,43,27,10,1440,10,71,39,19,17.7204704284668,4,-75,7,3112,115
37.1401268984861,-1.14730540383891,487,966.72607421875,42,27,10,1452,9,71,39,19,17.702766418457,5,40,0,3143,113
37.1588767380507,-1.14730540383891,442,1004.25042724609,40,26,10,1467,10,70,41,19,17.6650333404541,0,72,0,3264,117
36.5630485029977,-1.14938875787539,780,745.169799804688,39,27,10,1819,14,67,37,24,18.9273338317871,7,-381,1,4715,80
36.5963815511125,-1.14938875787539,654,1318.92016601562,46,29,10,2173,16,60,29,26,18.8727607727051,2,39,4,1204,98
36.5984648666197,-1.14938875787539,677,1318.92016601562,46,29,10,2173,16,60,29,26,18.8727607727051,2,39,4,1204,98
36.6213813371987,-1.14938875787539,629,1320.76184082031,48,30,10,2143,22,61,25,28,18.8415431976318,8,-92,24,1340,98
36.6234646527058,-1.14938875787539,620,1320.76184082031,48,30,10,2143,22,61,25,28,18.8415431976318,8,-92,24,1340,98
36.6713809093709,-1.14938875787539,619,1784.02770996094,44,29,10,2138,32,55,27,30,18.7723770141602,6,51,33,103,91
36.7026306419786,-1.14938875787539,458,1710.48022460938,44,30,20,2010,38,53,27,29,18.7933177947998,6,-26,48,1065,98
36.7359636900935,-1.14938875787539,503,1673.07580566406,49,30,10,1942,31,56,27,25,18.7263355255127,2,-57,17,2289,107
36.7484635831365,-1.14938875787539,440,1747.97961425781,48,30,60,1979,27,57,27,24,18.7174091339111,4,63,35,2206,105
36.7588801606724,-1.14938875787539,508,1787.99853515625,50,30,62,1971,36,58,27,23,18.6990394592285,3,139,26,2412,102
36.7880465777729,-1.14938875787539,498,1722.87902832031,52,31,60,1813,34,57,23,25,18.5733051300049,7,-150,52,3654,96
36.8026297863232,-1.14938875787539,458,1707.11596679688,50,30,10,1820,27,57,25,25,18.5336723327637,3,107,3,3364,106
36.8109630483519,-1.14938875787539,495,1716.89758300781,48,30,10,1801,31,58,26,25,18.5127639770508,2,81,18,3390,104
36.8442960964667,-1.14938875787539,559,1677.0859375,48,30,12,1704,30,59,26,27,18.3792552947998,6,76,12,3944,100
36.8505460429883,-1.14938875787539,603,1677.0859375,48,30,12,1704,30,59,26,27,18.3792552947998,6,76,12,3944,100
36.8526293584955,-1.14938875787539,577,1645.294921875,49,30,60,1663,28,58,25,26,18.338191986084,4,1,11,4047,101
36.8859624066103,-1.14938875787539,533,1491.03686523438,48,30,62,1591,26,56,28,25,18.2070407867432,1,17,16,4276,105
36.9067955616821,-1.14938875787539,481,1446.06982421875,49,30,12,1569,22,63,27,24,18.160062789917,3,-5,12,4151,106
36.9109621926965,-1.14938875787539,560,1416.07360839844,44,27,10,1550,23,65,32,24,18.1350021362305,1,-43,6,4244,108
36.9442952408113,-1.14938875787539,474,1401.63439941406,42,27,40,1542,16,76,38,20,18.0599479675293,1,32,0,3712,120
36.95262850284,-1.14938875787539,420,1391.16723632812,40,26,190,1530,14,76,39,20,18.039176940918,1,7,1,3622,117
36.9713783424046,-1.14938875787539,512,1355.748046875,45,27,10,1511,14,74,34,21,18.0000152587891,3,-25,4,3621,113
36.9922114974764,-1.14938875787539,477,1333.216796875,45,27,12,1510,14,74,35,20,17.976770401001,3,-18,1,3398,118
37.0047113905195,-1.14938875787539,538,1331.41015625,45,28,10,1504,13,74,35,20,17.9480133056641,1,17,7,3373,123
37.0067947060267,-1.14938875787539,540,1331.41015625,45,28,10,1504,13,74,35,20,17.9480133056641,1,17,7,3373,123
37.0192945990697,-1.14938875787539,601,1315.8447265625,45,28,10,1496,13,74,34,21,17.9302749633789,1,14,4,3313,122
37.0317944921128,-1.14938875787539,556,1288.4296875,44,28,10,1484,15,76,36,20,17.9229564666748,1,-16,0,3397,120
37.0401277541415,-1.14938875787539,510,1262.26123046875,43,27,10,1481,11,71,38,19,17.9115028381348,2,-30,0,3331,121
37.0526276471846,-1.14938875787539,457,1224.34326171875,43,27,12,1481,11,72,39,18,17.8804550170898,2,21,1,3283,121
37.0630442247205,-1.14938875787539,571,1195.78405761719,42,27,10,1473,11,73,39,18,17.8648834228516,5,-51,4,3248,122
37.0797107487779,-1.14938875787539,549,1187.3759765625,44,27,10,1478,12,73,37,19,17.8291988372803,0,15,5,3150,125
37.1067938503712,-1.14938875787539,511,1178.92333984375,45,28,40,1473,11,72,35,20,17.7775554656982,0,4,4,2979,128
37.1088771658784,-1.14938875787539,531,1178.92333984375,45,28,40,1473,11,72,35,20,17.7775554656982,0,4,4,2979,128
37.1109604813856,-1.14938875787539,534,1144.47570800781,45,28,10,1470,10,72,35,20,17.7604560852051,1,10,6,2950,127
37.1297103209502,-1.14938875787539,511,1047.38146972656,43,27,10,1469,9,72,38,19,17.7255878448486,0,43,5,3052,123
37.1359602674717,-1.14938875787539,451,1016.39324951172,42,26,10,1446,9,71,40,19,17.7082176208496,3,-17,0,3227,124
37.1734599466009,-1.14938875787539,481,1034.06591796875,38,26,10,1467,10,68,41,20,17.6376724243164,1,26,2,3694,128
36.5859649735766,-1.15147211191186,700,1154.26025390625,46,29,10,2163,15,63,28,26,18.894287109375,15,-76,14,1357,87
36.5942982356053,-1.15147211191186,667,1318.92016601562,46,29,10,2173,16,60,29,26,18.8727607727051,2,39,4,1204,98
36.6151313906771,-1.15147211191186,698,1363.53125,48,30,10,2172,19,62,26,27,18.850191116333,2,-2,13,1273,106
36.6338812302417,-1.15147211191186,562,1410.97277832031,46,30,10,2170,20,58,25,29,18.8229656219482,18,-264,13,1320,88
36.6755475403853,-1.15147211191186,575,1784.02770996094,44,29,10,2138,32,55,27,30,18.7723770141602,6,51,33,103,91
36.7734633692227,-1.15147211191186,523,1783.00207519531,51,30,10,1903,33,56,25,24,18.6426258087158,5,36,6,3323,95
36.7963798398016,-1.15147211191186,482,1701.18823242188,51,30,61,1805,34,57,24,25,18.5475845336914,11,-131,30,3748,98
36.823462941395,-1.15147211191186,557,1718.24450683594,49,30,62,1775,29,57,27,25,18.4870681762695,3,67,20,3515,101
36.8442960964667,-1.15147211191186,523,1677.0859375,48,30,12,1704,30,59,26,27,18.3792552947998,6,76,12,3944,100
36.8547126740026,-1.15147211191186,533,1645.294921875,49,30,60,1663,28,58,25,26,18.338191986084,4,1,11,4047,101
36.8609626205242,-1.15147211191186,527,1598.0634765625,49,30,60,1619,29,57,25,26,18.2967128753662,2,-80,26,4109,102
36.8672125670457,-1.15147211191186,541,1598.0634765625,49,30,60,1619,29,57,25,26,18.2967128753662,2,-80,26,4109,102
36.8713791980601,-1.15147211191186,509,1549.5859375,48,29,12,1605,26,56,26,26,18.2610626220703,5,-8,15,4471,104
36.8901290376247,-1.15147211191186,479,1491.03686523438,48,30,62,1591,26,56,28,25,18.2070407867432,1,17,16,4276,105
36.9067955616821,-1.15147211191186,444,1446.06982421875,49,30,12,1569,22,63,27,24,18.160062789917,3,-5,12,4151,106
36.9088788771893,-1.15147211191186,472,1446.06982421875,49,30,12,1569,22,63,27,24,18.160062789917,3,-5,12,4151,106
36.9255454012467,-1.15147211191186,495,1399.89868164062,43,27,10,1549,19,64,34,23,18.114709854126,1,-20,8,4064,111
36.9380452942898,-1.15147211191186,540,1401.40954589844,43,27,40,1547,18,74,37,20,18.0787200927734,1,24,1,3803,120
36.9484618718257,-1.15147211191186,504,1401.63439941406,42,27,40,1542,16,76,38,20,18.0599479675293,1,32,0,3712,120
36.9651283958831,-1.15147211191186,488,1371.81762695312,43,27,10,1520,15,74,37,21,18.0172462463379,1,-20,6,3622,114
36.9880448664621,-1.15147211191186,507,1333.216796875,45,27,12,1510,14,74,35,20,17.976770401001,3,-18,1,3398,118
36.9901281819692,-1.15147211191186,487,1333.216796875,45,27,12,1510,14,74,35,20,17.976770401001,3,-18,1,3398,118
37.0047113905195,-1.15147211191186,543,1331.41015625,45,28,10,1504,13,74,35,20,17.9480133056641,1,17,7,3373,123
37.0484610161702,-1.15147211191186,510,1243.58081054688,43,27,12,1482,11,70,39,18,17.8968734741211,2,-7,1,3329,122
37.092210641821,-1.15147211191186,512,1204.49157714844,45,28,10,1479,11,73,35,20,17.8109073638916,1,21,6,3084,130
37.0984605883425,-1.15147211191186,487,1200.27416992188,46,28,10,1475,12,72,34,20,17.7943267822266,0,3,6,3068,127
37.1172104279071,-1.15147211191186,492,1144.47570800781,45,28,10,1470,10,72,35,20,17.7604560852051,1,10,6,2950,127
37.1338769519646,-1.15147211191186,484,1047.38146972656,43,27,10,1469,9,72,38,19,17.7255878448486,0,43,5,3052,123
37.1463768450076,-1.15147211191186,493,1022.12603759766,41,26,10,1468,11,68,40,19,17.6894855499268,1,23,0,3308,123
37.1651266845722,-1.15147211191186,458,1068.77575683594,39,26,10,1470,11,67,40,20,17.6531658172607,0,14,1,3514,128
36.5922149200982,-1.15355546594833,692,1154.26025390625,46,29,10,2163,15,63,28,26,18.894287109375,15,-76,14,1357,87
36.6088814441556,-1.15355546594833,658,1394.82702636719,47,29,10,2177,19,61,28,26,18.8595352172852,2,9,6,1171,105
36.6109647596628,-1.15355546594833,672,1363.53125,48,30,10,2172,19,62,26,27,18.850191116333,2,-2,13,1273,106
36.6505477542992,-1.15355546594833,627,1767.46276855469,42,29,10,2277,29,58,27,31,18.7689971923828,5,198,18,-99,90
36.660964331835,-1.15355546594833,671,1792.5126953125,41,29,10,2163,27,58,27,31,18.7740802764893,1,-40,8,288,86
36.6651309628494,-1.15355546594833,673,1792.5126953125,41,29,10,2163,27,58,27,31,18.7740802764893,1,-40,8,288,86
36.6880474334284,-1.15355546594833,580,1757.47351074219,44,30,10,2067,36,53,27,30,18.7771492004395,11,105,29,306,92
36.6922140644427,-1.15355546594833,496,1757.47351074219,44,30,10,2067,36,53,27,30,18.7771492004395,11,105,29,306,92
36.6963806954571,-1.15355546594833,503,1735.37841796875,43,30,12,2015,40,54,28,29,18.7906322479248,7,-73,60,879,96
36.7255471125576,-1.15355546594833,514,1627.84545898438,48,30,10,1971,36,55,26,26,18.754976272583,6,12,39,1658,100
36.7359636900935,-1.15355546594833,484,1673.07580566406,49,30,10,1942,31,56,27,25,18.7263355255127,2,-57,17,2289,107
36.742213636615,-1.15355546594833,486,1673.07580566406,49,30,10,1942,31,56,27,25,18.7263355255127,2,-57,17,2289,107
36.7463802676294,-1.15355546594833,490,1747.97961425781,48,30,60,1979,27,57,27,24,18.7174091339111,4,63,35,2206,105
36.8317962034237,-1.15355546594833,563,1711.46069335938,49,30,10,1762,31,56,26,25,18.4566116333008,6,92,14,3509,98
36.835962834438,-1.15355546594833,571,1696.66467285156,48,30,10,1697,30,58,25,26,18.4154815673828,6,-51,23,4012,100
36.858879305017,-1.15355546594833,505,1645.294921875,49,30,60,1663,28,58,25,26,18.338191986084,4,1,11,4047,101
36.8713791980601,-1.15355546594833,530,1549.5859375,48,29,12,1605,26,56,26,26,18.2610626220703,5,-8,15,4471,104
36.8776291445816,-1.15355546594833,478,1514.02416992188,48,29,10,1602,27,57,27,25,18.2319984436035,4,-3,13,4274,104
36.9255454012467,-1.15355546594833,496,1399.89868164062,43,27,10,1549,19,64,34,23,18.114709854126,1,-20,8,4064,111
36.9380452942898,-1.15355546594833,569,1401.40954589844,43,27,40,1547,18,74,37,20,18.0787200927734,1,24,1,3803,120
36.9651283958831,-1.15355546594833,497,1371.81762695312,43,27,10,1520,15,74,37,21,18.0172462463379,1,-20,6,3622,114
37.03387780762,-1.15355546594833,558,1288.4296875,44,28,10,1484,15,76,36,20,17.9229564666748,1,-16,0,3397,120
37.0734608022564,-1.15355546594833,551,1175.63049316406,43,27,10,1478,10,72,38,19,17.8483390808105,3,15,1,3196,120
37.1026272193569,-1.15355546594833,450,1178.92333984375,45,28,40,1473,11,72,35,20,17.7775554656982,0,4,4,2979,128
37.1151271123999,-1.15355546594833,466,1144.47570800781,45,28,10,1470,10,72,35,20,17.7604560852051,1,10,6,2950,127
37.1297103209502,-1.15355546594833,521,1047.38146972656,43,27,10,1469,9,72,38,19,17.7255878448486,0,43,5,3052,123
37.1672100000794,-1.15355546594833,465,1068.77575683594,39,26,10,1470,11,67,40,20,17.6531658172607,0,14,1,3514,128
37.1797098931225,-1.15355546594833,526,961.085205078125,39,26,10,1462,10,68,42,19,17.6232109069824,5,21,0,3885,119
36.5380487169115,-1.15563881998481,829,672.700622558594,37,28,40,1706,12,69,36,27,18.802827835083,16,454,3,4651,95
36.5588818719833,-1.15563881998481,744,704.235229492188,38,27,40,1762,14,68,37,24,18.8905868530273,6,-22,0,5077,87
36.5797150270551,-1.15563881998481,711,994.308166503906,43,28,10,2156,15,67,31,26,18.9159355163574,10,362,1,1386,92
36.6213813371987,-1.15563881998481,692,1320.76184082031,48,30,10,2143,22,61,25,28,18.8415431976318,8,-92,24,1340,98
36.6338812302417,-1.15563881998481,562,1410.97277832031,46,30,10,2170,20,58,25,29,18.8229656219482,18,-264,13,1320,88
36.6505477542992,-1.15563881998481,581,1767.46276855469,42,29,10,2277,29,58,27,31,18.7689971923828,5,198,18,-99,90
36.6776308558925,-1.15563881998481,579,1774.48095703125,44,30,10,2103,28,55,26,30,18.7729797363281,3,-18,37,392,91
36.683880802414,-1.15563881998481,555,1774.48095703125,44,30,10,2103,28,55,26,30,18.7729797363281,3,-18,37,392,91
36.7005473264714,-1.15563881998481,475,1735.37841796875,43,30,12,2015,40,54,28,29,18.7906322479248,7,-73,60,879,96
36.7692967382083,-1.15563881998481,543,1783.00207519531,51,30,10,1903,33,56,25,24,18.6426258087158,5,36,6,3323,95
36.7838799467586,-1.15563881998481,518,1757.63940429688,51,30,10,1856,34,59,25,25,18.6080780029297,6,-20,13,3548,94
36.7922132087873,-1.15563881998481,506,1722.87902832031,52,31,60,1813,34,57,23,25,18.5733051300049,7,-150,52,3654,96
36.7984631553088,-1.15563881998481,493,1701.18823242188,51,30,61,1805,34,57,24,25,18.5475845336914,11,-131,30,3748,98
36.800546470816,-1.15563881998481,497,1701.18823242188,51,30,61,1805,34,57,24,25,18.5475845336914,11,-131,30,3748,98
36.8109630483519,-1.15563881998481,472,1716.89758300781,48,30,10,1801,31,58,26,25,18.5127639770508,2,81,18,3390,104
36.835962834438,-1.15563881998481,551,1696.66467285156,48,30,10,1697,30,58,25,26,18.4154815673828,6,-51,23,4012,100
36.8547126740026,-1.15563881998481,531,1645.294921875,49,30,60,1663,28,58,25,26,18.338191986084,4,1,11,4047,101
36.8672125670457,-1.15563881998481,479,1598.0634765625,49,30,60,1619,29,57,25,26,18.2967128753662,2,-80,26,4109,102
36.9026289306677,-1.15563881998481,460,1446.06982421875,49,30,12,1569,22,63,27,24,18.160062789917,3,-5,12,4151,106
36.9130455082036,-1.15563881998481,487,1416.07360839844,44,27,10,1550,23,65,32,24,18.1350021362305,1,-43,6,4244,108
36.9234620857395,-1.15563881998481,534,1399.89868164062,43,27,10,1549,19,64,34,23,18.114709854126,1,-20,8,4064,111
36.9255454012467,-1.15563881998481,522,1399.89868164062,43,27,10,1549,19,64,34,23,18.114709854126,1,-20,8,4064,111
36.9463785563185,-1.15563881998481,541,1401.63439941406,42,27,40,1542,16,76,38,20,18.0599479675293,1,32,0,3712,120
36.9817949199405,-1.15563881998481,524,1344.03930664062,46,28,190,1501,13,73,33,21,17.9878692626953,3,-60,13,3581,114
36.9859615509549,-1.15563881998481,571,1333.216796875,45,27,12,1510,14,74,35,20,17.976770401001,3,-18,1,3398,118
36.9963781284908,-1.15563881998481,535,1328.60485839844,44,27,10,1509,17,74,36,20,17.9622249603271,1,15,7,3365,123
37.0047113905195,-1.15563881998481,563,1331.41015625,45,28,10,1504,13,74,35,20,17.9480133056641,1,17,7,3373,123
37.0151279680554,-1.15563881998481,561,1330.80187988281,45,28,10,1499,13,73,34,20,17.9392356872559,1,-2,9,3329,124
37.0442943851559,-1.15563881998481,574,1243.58081054688,43,27,12,1482,11,70,39,18,17.8968734741211,2,-7,1,3329,122
37.0463777006631,-1.15563881998481,543,1243.58081054688,43,27,12,1482,11,70,39,18,17.8968734741211,2,-7,1,3329,122
37.0547109626918,-1.15563881998481,486,1224.34326171875,43,27,12,1481,11,72,39,18,17.8804550170898,2,21,1,3283,121
37.0776274332707,-1.15563881998481,523,1187.3759765625,44,27,10,1478,12,73,37,19,17.8291988372803,0,15,5,3150,125
37.1005439038497,-1.15563881998481,472,1200.27416992188,46,28,10,1475,12,72,34,20,17.7943267822266,0,3,6,3068,127
37.1026272193569,-1.15563881998481,451,1178.92333984375,45,28,40,1473,11,72,35,20,17.7775554656982,0,4,4,2979,128
37.1255436899358,-1.15563881998481,490,1097.11962890625,43,27,10,1470,10,72,38,19,17.7431716918945,1,22,5,3011,123
37.1317936364574,-1.15563881998481,512,1047.38146972656,43,27,10,1469,9,72,38,19,17.7255878448486,0,43,5,3052,123
37.1463768450076,-1.15563881998481,506,1022.12603759766,41,26,10,1468,11,68,40,19,17.6894855499268,1,23,0,3308,123
37.1651266845722,-1.15563881998481,465,1068.77575683594,39,26,10,1470,11,67,40,20,17.6531658172607,0,14,1,3514,128
36.5609651874905,-1.15772217402128,740,759.1953125,38,27,40,1854,17,67,35,27,18.9490547180176,26,-281,0,4682,74
36.5713817650264,-1.15772217402128,737,868.853149414062,40,28,120,2131,17,68,33,28,18.9466400146484,3,625,1,1736,75
36.5734650805336,-1.15772217402128,692,868.853149414062,40,28,120,2131,17,68,33,28,18.9466400146484,3,625,1,1736,75
36.5984648666197,-1.15772217402128,705,1288.50732421875,48,30,62,2187,17,61,26,26,18.8877849578857,2,183,5,1122,96
36.6380478612561,-1.15772217402128,539,1611.83081054688,46,30,10,2240,27,60,26,29,18.8073329925537,1,184,14,299,89
36.6526310698063,-1.15772217402128,590,1783.40222167969,43,30,10,2211,35,58,26,31,18.7861423492432,11,172,11,-352,84
36.6901307489355,-1.15772217402128,510,1752.85498046875,45,30,10,2056,34,55,25,29,18.7910766601562,8,33,29,216,93
36.7172138505289,-1.15772217402128,512,1664.49267578125,47,30,10,1957,33,56,27,26,18.7798271179199,3,-54,18,1324,100
36.7484635831365,-1.15772217402128,504,1739.7578125,48,30,10,1963,27,58,28,24,18.7237434387207,5,117,23,1595,113
36.7630467916868,-1.15772217402128,549,1788.9130859375,51,30,10,1949,29,58,25,24,18.6799221038818,5,138,19,2562,103
36.7672134227011,-1.15772217402128,515,1788.9130859375,51,30,10,1949,29,58,25,24,18.6799221038818,5,138,19,2562,103
36.7922132087873,-1.15772217402128,503,1730.65258789062,49,30,10,1826,36,57,26,25,18.5884838104248,6,24,17,3391,92
36.7942965242945,-1.15772217402128,529,1695.74060058594,50,30,62,1758,31,58,24,26,18.5532932281494,12,-146,15,3794,95
36.8130463638591,-1.15772217402128,533,1685.962890625,48,30,62,1777,32,57,26,26,18.506254196167,7,88,20,3385,97
36.8192963103806,-1.15772217402128,557,1684.16394042969,48,30,10,1754,24,56,27,25,18.4751873016357,8,14,17,3350,95
36.8213796258878,-1.15772217402128,535,1684.16394042969,48,30,10,1754,24,56,27,25,18.4751873016357,8,14,17,3350,95
36.823462941395,-1.15772217402128,567,1684.16394042969,48,30,10,1754,24,56,27,25,18.4751873016357,8,14,17,3350,95
36.8526293584955,-1.15772217402128,490,1607.23400878906,47,30,62,1662,26,56,26,27,18.3345737457275,5,42,17,3956,102
36.8630459360314,-1.15772217402128,493,1565.10009765625,48,30,62,1624,25,56,26,26,18.2959480285645,2,-14,26,4107,102
36.8880457221175,-1.15772217402128,464,1478.14953613281,46,28,12,1583,24,57,29,24,18.2138862609863,1,6,6,4248,105
36.9047122461749,-1.15772217402128,436,1431.1806640625,48,30,12,1555,23,66,28,24,18.1654319763184,3,-49,32,4191,106
36.9213787702324,-1.15772217402128,513,1385.80700683594,44,28,10,1551,19,66,33,22,18.1196994781494,1,-6,7,4062,109
36.9442952408113,-1.15772217402128,558,1377.64489746094,40,27,10,1537,17,73,39,21,18.0625705718994,1,3,4,3747,118
36.9922114974764,-1.15772217402128,644,1324.86669921875,45,28,10,1508,14,73,34,21,17.9856243133545,3,13,4,3563,120
37.0505443316774,-1.15772217402128,552,1217.99487304688,45,28,10,1479,12,73,35,19,17.9049205780029,1,14,6,3493,121
37.0526276471846,-1.15772217402128,491,1177.9521484375,44,27,10,1469,11,71,38,19,17.890604019165,1,-69,3,3609,121
37.069294171242,-1.15772217402128,487,1099.86572265625,43,27,10,1453,12,69,37,19,17.858491897583,3,-76,2,3554,121
37.0755441177636,-1.15772217402128,490,1099.86572265625,43,27,10,1453,12,69,37,19,17.858491897583,3,-76,2,3554,121
37.1005439038497,-1.15772217402128,491,1150.22473144531,46,28,10,1474,12,73,34,20,17.80251121521,0,18,5,3240,127
37.1172104279071,-1.15772217402128,510,1122.95642089844,46,28,10,1471,11,73,34,21,17.7678470611572,1,2,7,3189,131
37.1526267915292,-1.15772217402128,483,1070.81372070312,42,27,10,1472,11,69,39,19,17.6774082183838,0,7,2,3633,133
37.1776265776153,-1.15772217402128,499,945.315979003906,39,26,10,1444,9,72,42,19,17.6279277801514,1,-35,14,4145,119
37.1797098931225,-1.15772217402128,524,945.315979003906,39,26,10,1444,9,72,42,19,17.6279277801514,1,-35,14,4145,119
36.5401320324187,-1.15980552805776,790,650.74755859375,37,27,40,1606,14,71,38,26,18.7683010101318,10,-141,5,5733,95
36.5547152409689,-1.15980552805776,750,705.334411621094,38,27,40,1754,14,68,37,25,18.8989067077637,10,-158,0,5278,83
36.5776317115479,-1.15980552805776,711,989.483642578125,44,29,10,2118,16,68,30,25,18.9292221069336,4,142,7,1721,91
36.5838816580694,-1.15980552805776,695,989.483642578125,44,29,10,2118,16,68,30,25,18.9292221069336,4,142,7,1721,91
36.5922149200982,-1.15980552805776,683,1104.69641113281,46,29,10,2094,17,65,28,26,18.915491104126,11,-271,8,2117,89
36.7380470056006,-1.15980552805776,461,1649.16748046875,49,30,62,1960,30,56,27,25,18.7324962615967,2,67,23,1932,103
36.742213636615,-1.15980552805776,481,1649.16748046875,49,30,62,1960,30,56,27,25,18.7324962615967,2,67,23,1932,103
36.8047131018304,-1.15980552805776,534,1684.72961425781,48,30,10,1802,32,58,26,26,18.5309524536133,4,100,20,3352,95
36.8172129948734,-1.15980552805776,516,1685.962890625,48,30,62,1777,32,57,26,26,18.506254196167,7,88,20,3385,97
36.8505460429883,-1.15980552805776,447,1639.64782714844,46,29,10,1674,27,57,28,26,18.3718433380127,4,19,24,4001,100
36.8901290376247,-1.15980552805776,483,1478.14953613281,46,28,12,1583,24,57,29,24,18.2138862609863,1,6,6,4248,105
36.8984622996534,-1.15980552805776,462,1456.44653320312,48,30,62,1566,23,57,27,24,18.1894664764404,2,-5,21,4243,106
36.9047122461749,-1.15980552805776,490,1431.1806640625,48,30,12,1555,23,66,28,24,18.1654319763184,3,-49,32,4191,106
36.9547118183472,-1.15980552805776,558,1382.9013671875,41,27,40,1534,16,75,39,21,18.045482635498,0,24,4,3686,122
36.9609617648687,-1.15980552805776,527,1376.00964355469,43,27,190,1526,15,75,36,21,18.0256080627441,1,21,7,3598,119
36.9692950268975,-1.15980552805776,556,1363.04260253906,45,28,190,1518,15,73,34,21,18.0072364807129,1,5,8,3550,120
36.9942948129836,-1.15980552805776,601,1310.04187011719,45,28,12,1502,14,74,35,20,17.9783382415771,1,-17,4,3470,119
37.010961337041,-1.15980552805776,588,1314.48059082031,46,28,10,1499,15,74,34,20,17.9497051239014,1,16,7,3445,123
37.0317944921128,-1.15980552805776,630,1281.20727539062,46,28,10,1486,14,74,34,20,17.9305534362793,1,5,9,3498,123
37.056794278199,-1.15980552805776,577,1177.9521484375,44,27,10,1469,11,71,38,19,17.890604019165,1,-69,3,3609,121
37.0651275402277,-1.15980552805776,568,1132.77062988281,43,27,10,1460,12,71,39,19,17.8747959136963,1,-53,9,3546,121
37.0776274332707,-1.15980552805776,462,1107.75720214844,44,28,10,1477,10,73,36,19,17.8397121429443,0,44,7,3303,116
37.0880440108066,-1.15980552805776,492,1135.26733398438,45,28,10,1477,10,73,34,20,17.8204860687256,0,36,8,3237,123
37.092210641821,-1.15980552805776,489,1135.26733398438,45,28,10,1477,10,73,34,20,17.8204860687256,0,36,8,3237,123
37.1026272193569,-1.15980552805776,515,1144.87744140625,46,28,10,1473,12,73,34,20,17.7853584289551,0,4,7,3235,128
37.1130437968928,-1.15980552805776,536,1122.95642089844,46,28,10,1471,11,73,34,21,17.7678470611572,1,2,7,3189,131
37.1422102139933,-1.15980552805776,461,1045.48559570312,45,27,10,1469,10,72,37,19,17.7142467498779,1,6,3,3401,128
37.1547101070363,-1.15980552805776,519,1070.81372070312,42,27,10,1472,11,69,39,19,17.6774082183838,0,7,2,3633,133
36.5463819789402,-1.16188888209423,803,681.929016113281,37,27,40,1722,14,69,37,26,18.8370361328125,8,115,0,5489,89
36.5692984495192,-1.16188888209423,726,868.853149414062,40,28,120,2131,17,68,33,28,18.9466400146484,3,625,1,1736,75
36.5880482890838,-1.16188888209423,742,1104.69641113281,46,29,10,2094,17,65,28,26,18.915491104126,11,-271,8,2117,89
36.590131604591,-1.16188888209423,732,1104.69641113281,46,29,10,2094,17,65,28,26,18.915491104126,11,-271,8,2117,89
36.5984648666197,-1.16188888209423,697,1288.50732421875,48,30,62,2187,17,61,26,26,18.8877849578857,2,183,5,1122,96
36.6192980216915,-1.16188888209423,698,1380.96203613281,47,29,10,2156,22,61,26,27,18.8528213500977,7,14,12,1290,101
36.6526310698063,-1.16188888209423,602,1783.40222167969,43,30,10,2211,35,58,26,31,18.7861423492432,11,172,11,-352,84
36.660964331835,-1.16188888209423,589,1780.35437011719,43,30,10,2152,27,59,26,31,18.7899551391602,3,-73,18,217,84
36.6817974869068,-1.16188888209423,571,1765.57531738281,45,30,10,2068,31,53,26,29,18.78830909729,9,-46,46,99,90
36.6901307489355,-1.16188888209423,543,1752.85498046875,45,30,10,2056,34,55,25,29,18.7910766601562,8,33,29,216,93
36.6963806954571,-1.16188888209423,532,1736.32092285156,45,30,10,2001,36,53,26,29,18.8059635162354,7,-152,54,643,95
36.6984640109643,-1.16188888209423,522,1736.32092285156,45,30,10,2001,36,53,26,29,18.8059635162354,7,-152,54,643,95
36.706797272993,-1.16188888209423,469,1712.07922363281,46,30,40,1979,40,55,26,28,18.8022422790527,1,-90,82,998,98
36.7109639040073,-1.16188888209423,463,1664.49267578125,47,30,10,1957,33,56,27,26,18.7798271179199,3,-54,18,1324,100
36.7172138505289,-1.16188888209423,513,1664.49267578125,47,30,10,1957,33,56,27,26,18.7798271179199,3,-54,18,1324,100
36.7234637970504,-1.16188888209423,514,1597.25830078125,49,30,10,1925,31,54,26,25,18.7544212341309,3,-93,49,1876,101
36.7880465777729,-1.16188888209423,490,1730.65258789062,49,30,10,1826,36,57,26,25,18.5884838104248,6,24,17,3391,92
36.8130463638591,-1.16188888209423,537,1685.962890625,48,30,62,1777,32,57,26,26,18.506254196167,7,88,20,3385,97
36.8213796258878,-1.16188888209423,494,1684.16394042969,48,30,10,1754,24,56,27,25,18.4751873016357,8,14,17,3350,95
36.8338795189309,-1.16188888209423,545,1676.244140625,47,30,60,1733,29,58,27,26,18.4441013336182,7,23,18,3481,95
36.835962834438,-1.16188888209423,528,1660.45532226562,47,30,10,1689,27,56,26,27,18.4057064056396,8,-100,12,3766,96
36.8692958825529,-1.16188888209423,437,1528.44885253906,48,30,12,1610,24,58,27,25,18.2656192779541,1,4,23,4212,105
36.9109621926965,-1.16188888209423,456,1403.8642578125,46,28,12,1539,24,70,32,23,18.1408081054688,3,-86,13,4173,107
36.9338786632754,-1.16188888209423,517,1375.80590820312,43,27,10,1535,18,69,35,22,18.0999603271484,1,-38,12,4054,113
36.9422119253041,-1.16188888209423,570,1371.44519042969,41,27,10,1537,18,72,38,21,18.0798015594482,3,-2,3,3875,114
36.9463785563185,-1.16188888209423,543,1377.64489746094,40,27,10,1537,17,73,39,21,18.0625705718994,1,3,4,3747,118
36.9880448664621,-1.16188888209423,559,1324.86669921875,45,28,10,1508,14,73,34,21,17.9856243133545,3,13,4,3563,120
37.0151279680554,-1.16188888209423,610,1314.48059082031,46,28,10,1499,15,74,34,20,17.9497051239014,1,16,7,3445,123
37.0192945990697,-1.16188888209423,613,1305.31066894531,47,29,10,1493,15,74,33,20,17.9395408630371,1,13,11,3471,123
37.0526276471846,-1.16188888209423,643,1177.9521484375,44,27,10,1469,11,71,38,19,17.890604019165,1,-69,3,3609,121
37.0901273263138,-1.16188888209423,498,1135.26733398438,45,28,10,1477,10,73,34,20,17.8204860687256,0,36,8,3237,123
37.1609600535579,-1.16188888209423,533,1069.01513671875,40,27,10,1470,10,70,39,21,17.659460067749,1,15,4,3679,129
36.5484652944474,-1.1639722361307,785,681.929016113281,37,27,40,1722,14,69,37,26,18.8370361328125,8,115,0,5489,89
36.5797150270551,-1.1639722361307,720,989.483642578125,44,29,10,2118,16,68,30,25,18.9292221069336,4,142,7,1721,91
36.5838816580694,-1.1639722361307,716,989.483642578125,44,29,10,2118,16,68,30,25,18.9292221069336,4,142,7,1721,91
36.5880482890838,-1.1639722361307,794,1104.69641113281,46,29,10,2094,17,65,28,26,18.915491104126,11,-271,8,2117,89
36.5922149200982,-1.1639722361307,708,1104.69641113281,46,29,10,2094,17,65,28,26,18.915491104126,11,-271,8,2117,89
36.5963815511125,-1.1639722361307,698,1288.50732421875,48,30,62,2187,17,61,26,26,18.8877849578857,2,183,5,1122,96
36.6547143853135,-1.1639722361307,563,1783.40222167969,43,30,10,2211,35,58,26,31,18.7861423492432,11,172,11,-352,84
36.6901307489355,-1.1639722361307,529,1752.85498046875,45,30,10,2056,34,55,25,29,18.7910766601562,8,33,29,216,93
36.7109639040073,-1.1639722361307,487,1664.49267578125,47,30,10,1957,33,56,27,26,18.7798271179199,3,-54,18,1324,100
36.7297137435719,-1.1639722361307,518,1576.96215820312,50,31,10,1906,42,54,26,25,18.7362899780273,6,-165,57,2119,102
36.7317970590791,-1.1639722361307,513,1576.96215820312,50,31,10,1906,42,54,26,25,18.7362899780273,6,-165,57,2119,102
36.7401303211078,-1.1639722361307,524,1649.16748046875,49,30,62,1960,30,56,27,25,18.7324962615967,2,67,23,1932,103
36.7505468986437,-1.1639722361307,518,1739.7578125,48,30,10,1963,27,58,28,24,18.7237434387207,5,117,23,1595,113
36.7588801606724,-1.1639722361307,544,1781.47216796875,49,30,60,1944,28,60,27,25,18.7024173736572,2,-11,33,2314,102
36.7922132087873,-1.1639722361307,501,1730.65258789062,49,30,10,1826,36,57,26,25,18.5884838104248,6,24,17,3391,92
36.8297128879165,-1.1639722361307,552,1676.244140625,47,30,60,1733,29,58,27,26,18.4441013336182,7,23,18,3481,95
36.8880457221175,-1.1639722361307,458,1478.14953613281,46,28,12,1583,24,57,29,24,18.2138862609863,1,6,6,4248,105
36.8922123531319,-1.1639722361307,449,1478.14953613281,46,28,12,1583,24,57,29,24,18.2138862609863,1,6,6,4248,105
36.9088788771893,-1.1639722361307,460,1431.1806640625,48,30,12,1555,23,66,28,24,18.1654319763184,3,-49,32,4191,106
36.9297120322611,-1.1639722361307,498,1375.80590820312,43,27,10,1535,18,69,35,22,18.0999603271484,1,-38,12,4054,113
36.940128609797,-1.1639722361307,582,1371.44519042969,41,27,10,1537,18,72,38,21,18.0798015594482,3,-2,3,3875,114
36.9713783424046,-1.1639722361307,539,1363.04260253906,45,28,190,1518,15,73,34,21,18.0072364807129,1,5,8,3550,120
36.9797116044333,-1.1639722361307,551,1346.421875,46,28,10,1510,14,73,34,20,17.9938564300537,1,-8,8,3499,120
36.998461443998,-1.1639722361307,551,1310.04187011719,45,28,12,1502,14,74,35,20,17.9783382415771,1,-17,4,3470,119
37.0026280750123,-1.1639722361307,585,1310.62524414062,45,28,10,1504,14,74,35,20,17.9623241424561,1,33,8,3417,121
37.0067947060267,-1.1639722361307,577,1310.62524414062,45,28,10,1504,14,74,35,20,17.9623241424561,1,33,8,3417,121
37.010961337041,-1.1639722361307,600,1314.48059082031,46,28,10,1499,15,74,34,20,17.9497051239014,1,16,7,3445,123
37.0151279680554,-1.1639722361307,679,1314.48059082031,46,28,10,1499,15,74,34,20,17.9497051239014,1,16,7,3445,123
37.0192945990697,-1.1639722361307,662,1305.31066894531,47,29,10,1493,15,74,33,20,17.9395408630371,1,13,11,3471,123
37.1067938503712,-1.1639722361307,502,1144.87744140625,46,28,10,1473,12,73,34,20,17.7853584289551,0,4,7,3235,128
37.1192937434143,-1.1639722361307,520,1094.55895996094,45,28,10,1472,11,73,35,20,17.7500038146973,0,13,6,3143,133
37.1338769519646,-1.1639722361307,481,1065.02856445312,45,28,10,1471,11,73,35,20,17.732084274292,0,19,5,3283,132
37.1401268984861,-1.1639722361307,480,1045.48559570312,45,27,10,1469,10,72,37,19,17.7142467498779,1,6,3,3401,128
37.1422102139933,-1.1639722361307,476,1045.48559570312,45,27,10,1469,10,72,37,19,17.7142467498779,1,6,3,3401,128
37.1609600535579,-1.1639722361307,528,1069.01513671875,40,27,10,1470,10,70,39,21,17.659460067749,1,15,4,3679,129
37.1630433690651,-1.1639722361307,527,1069.01513671875,40,27,10,1470,10,70,39,21,17.659460067749,1,15,4,3679,129
37.1672100000794,-1.1639722361307,504,1069.01513671875,40,27,10,1470,10,70,39,21,17.659460067749,1,15,4,3679,129
36.5484652944474,-1.16605559016718,802,670.580932617188,37,27,40,1670,14,69,38,26,18.8269939422607,12,-18,2,6144,89
36.5755483960407,-1.16605559016718,706,881.319396972656,41,28,10,2110,16,67,32,27,18.9574508666992,5,497,2,1922,82
36.5817983425623,-1.16605559016718,752,978.753967285156,45,29,10,2095,17,68,29,26,18.9446887969971,3,57,9,2086,96
36.590131604591,-1.16605559016718,753,1070.79968261719,45,29,10,2069,19,63,28,26,18.9324073791504,4,-173,7,2176,92
36.6005481821269,-1.16605559016718,684,1263.86572265625,47,30,120,2176,18,63,26,26,18.9037818908691,3,211,6,1351,87
36.6067981286484,-1.16605559016718,678,1424.30615234375,48,30,10,2159,18,62,27,25,18.8860015869141,3,72,9,1416,99
36.6317979147345,-1.16605559016718,674,1474.81848144531,48,30,10,2145,21,60,24,28,18.8547592163086,9,-150,20,1341,92
36.6547143853135,-1.16605559016718,564,1754.93347167969,45,31,10,2181,29,58,26,29,18.8097496032715,3,32,21,-84,84
36.660964331835,-1.16605559016718,550,1756.72888183594,46,30,10,2130,25,57,25,30,18.8089427947998,5,-91,31,190,85
36.6630476473422,-1.16605559016718,576,1756.72888183594,46,30,10,2130,25,57,25,30,18.8089427947998,5,-91,31,190,85
36.6755475403853,-1.16605559016718,618,1753.86962890625,46,30,10,2123,27,59,25,29,18.8040599822998,7,121,16,-100,89
36.6859641179212,-1.16605559016718,564,1742.30529785156,47,30,10,2063,27,56,24,29,18.8025894165039,7,63,22,-65,94
36.6922140644427,-1.16605559016718,521,1742.30529785156,47,30,10,2063,27,56,24,29,18.8025894165039,7,63,22,-65,94
36.6963806954571,-1.16605559016718,518,1740.49328613281,46,30,10,2031,26,55,25,29,18.804386138916,6,44,25,307,97
36.7213804815432,-1.16605559016718,510,1603.36804199219,49,30,62,1913,32,55,27,25,18.7585411071777,5,-30,66,1584,101
36.7588801606724,-1.16605559016718,554,1762.54406738281,52,30,10,1933,28,57,27,22,18.7038383483887,7,64,21,1652,99
36.7734633692227,-1.16605559016718,560,1763.90991210938,52,30,10,1908,33,57,23,25,18.6537647247314,7,112,15,2598,96
36.7901298932801,-1.16605559016718,518,1721.7236328125,50,30,10,1828,34,57,25,25,18.5955772399902,2,81,24,3131,91
36.8067964173375,-1.16605559016718,524,1656.65563964844,46,29,10,1735,32,58,27,26,18.5244808197021,2,-146,19,3829,98
36.8380461499452,-1.16605559016718,522,1622.99060058594,45,29,190,1670,26,56,27,27,18.4002819061279,2,-92,15,3861,98
36.8401294654524,-1.16605559016718,504,1622.99060058594,45,29,190,1670,26,56,27,27,18.4002819061279,2,-92,15,3861,98
36.8713791980601,-1.16605559016718,462,1516.65600585938,47,29,12,1598,24,58,27,25,18.2687206268311,2,-61,16,4272,104
36.95262850284,-1.16605559016718,531,1367.69458007812,43,27,10,1525,16,73,37,20,18.0497627258301,2,-12,0,3790,121
36.9630450803759,-1.16605559016718,493,1367.44116210938,44,27,10,1523,16,72,36,20,18.03102684021,1,3,4,3638,121
36.9859615509549,-1.16605559016718,529,1324.30346679688,44,28,10,1503,15,73,36,20,17.9944267272949,0,-13,6,3574,119
37.0234612300841,-1.16605559016718,585,1271.48999023438,46,28,10,1492,14,74,34,20,17.9527683258057,1,30,7,3560,120
37.0609609092133,-1.16605559016718,551,1119.48779296875,44,28,10,1474,10,72,37,19,17.8826198577881,2,29,5,3553,125
37.0630442247205,-1.16605559016718,518,1119.48779296875,44,28,10,1474,10,72,37,19,17.8826198577881,2,29,5,3553,125
37.0651275402277,-1.16605559016718,501,1119.48779296875,44,28,10,1474,10,72,37,19,17.8826198577881,2,29,5,3553,125
37.1088771658784,-1.16605559016718,498,1099.61279296875,45,28,10,1471,12,73,36,20,17.7935256958008,0,10,5,3461,127
37.1401268984861,-1.16605559016718,489,1058.8505859375,46,28,10,1471,11,74,36,18,17.7208957672119,0,6,6,3537,132
37.1422102139933,-1.16605559016718,491,1058.8505859375,46,28,10,1471,11,74,36,18,17.7208957672119,0,6,6,3537,132
37.1463768450076,-1.16605559016718,504,1062.27551269531,44,28,10,1471,11,73,37,18,17.7026138305664,0,3,5,3670,132
37.1588767380507,-1.16605559016718,521,1066.4609375,43,28,10,1472,12,72,38,19,17.6843910217285,0,3,5,3784,133
37.1713766310938,-1.16605559016718,506,986.916137695312,40,26,10,1464,10,70,41,20,17.6495018005371,0,17,2,4059,125
36.5651318185048,-1.16813894420365,754,770.11328125,38,27,40,1936,15,67,35,27,18.969352722168,25,-11,0,3979,71
36.5755483960407,-1.16813894420365,712,881.319396972656,41,28,10,2110,16,67,32,27,18.9574508666992,5,497,2,1922,82
36.6151313906771,-1.16813894420365,730,1459.07788085938,48,29,10,2146,19,61,27,26,18.8772106170654,4,-66,9,1405,102
36.6213813371987,-1.16813894420365,665,1438.91711425781,48,30,10,2156,21,61,25,27,18.8664836883545,3,43,10,1380,104
36.6380478612561,-1.16813894420365,668,1601.68640136719,48,31,62,2212,22,59,24,28,18.8303527832031,2,139,29,221,89
36.6401311767633,-1.16813894420365,643,1601.68640136719,48,31,62,2212,22,59,24,28,18.8303527832031,2,139,29,221,89
36.660964331835,-1.16813894420365,526,1756.72888183594,46,30,10,2130,25,57,25,30,18.8089427947998,5,-91,31,190,85
36.6797141713997,-1.16813894420365,635,1747.1591796875,47,30,10,2083,23,58,24,29,18.8037700653076,5,35,15,-5,91
36.7255471125576,-1.16813894420365,519,1603.36804199219,49,30,62,1913,32,55,27,25,18.7585411071777,5,-30,66,1584,101
36.7692967382083,-1.16813894420365,564,1763.90991210938,52,30,10,1908,33,57,23,25,18.6537647247314,7,112,15,2598,96
36.7817966312514,-1.16813894420365,545,1750.09826660156,51,30,10,1894,38,57,24,25,18.628568649292,5,237,17,2558,94
36.800546470816,-1.16813894420365,525,1683.57214355469,50,30,60,1792,32,56,25,25,18.5591888427734,11,78,34,3628,94
36.8192963103806,-1.16813894420365,526,1646.14660644531,46,29,10,1709,23,56,27,27,18.4655647277832,3,-94,23,3813,98
36.8276295724093,-1.16813894420365,576,1638.41833496094,45,28,40,1700,25,57,29,26,18.4345054626465,4,-25,12,3833,98
36.8297128879165,-1.16813894420365,545,1638.41833496094,45,28,40,1700,25,57,29,26,18.4345054626465,4,-25,12,3833,98
36.8713791980601,-1.16813894420365,465,1516.65600585938,47,29,12,1598,24,58,27,25,18.2687206268311,2,-61,16,4272,104
36.8984622996534,-1.16813894420365,509,1439.32312011719,48,29,190,1572,24,64,29,23,18.1951007843018,2,-1,15,4144,110
36.9359619787826,-1.16813894420365,480,1364.00158691406,42,27,10,1525,18,70,37,21,18.0856628417969,2,-63,7,4038,112
36.940128609797,-1.16813894420365,498,1364.00158691406,42,27,10,1525,18,70,37,21,18.0856628417969,2,-63,7,4038,112
36.9484618718257,-1.16813894420365,534,1361.6953125,42,27,10,1530,18,70,38,20,18.0674228668213,1,2,5,3862,125
36.9588784493616,-1.16813894420365,508,1367.69458007812,43,27,10,1525,16,73,37,20,18.0497627258301,2,-12,0,3790,121
36.9713783424046,-1.16813894420365,529,1360.99621582031,44,27,10,1521,16,73,35,20,18.0144195556641,0,15,7,3539,125
36.9880448664621,-1.16813894420365,554,1324.30346679688,44,28,10,1503,15,73,36,20,17.9944267272949,0,-13,6,3574,119
37.0047113905195,-1.16813894420365,512,1287.48303222656,44,27,10,1496,14,73,37,20,17.9799919128418,2,-24,8,3573,119
37.0213779145769,-1.16813894420365,595,1271.48999023438,46,28,10,1492,14,74,34,20,17.9527683258057,1,30,7,3560,120
37.0297111766056,-1.16813894420365,615,1247.8291015625,46,28,10,1486,13,73,34,20,17.9419612884521,1,14,8,3609,121
37.056794278199,-1.16813894420365,570,1151.61401367188,45,28,10,1475,11,72,36,19,17.8990230560303,2,11,1,3606,122
37.0651275402277,-1.16813894420365,509,1119.48779296875,44,28,10,1474,10,72,37,19,17.8826198577881,2,29,5,3553,125
37.0859606952994,-1.16813894420365,584,1077.46545410156,44,27,10,1457,12,70,35,20,17.8316059112549,7,-104,7,3560,116
37.1401268984861,-1.16813894420365,504,1058.8505859375,46,28,10,1471,11,74,36,18,17.7208957672119,0,6,6,3537,132
37.1484601605148,-1.16813894420365,518,1062.27551269531,44,28,10,1471,11,73,37,18,17.7026138305664,0,3,5,3670,132
37.1588767380507,-1.16813894420365,522,1066.4609375,43,28,10,1472,12,72,38,19,17.6843910217285,0,3,5,3784,133
37.1755432621081,-1.16813894420365,520,986.916137695312,40,26,10,1464,10,70,41,20,17.6495018005371,0,17,2,4059,125
36.5734650805336,-1.17022229824013,693,881.319396972656,41,28,10,2110,16,67,32,27,18.9574508666992,5,497,2,1922,82
36.625547968213,-1.17022229824013,634,1438.91711425781,48,30,10,2156,21,61,25,27,18.8664836883545,3,43,10,1380,104
36.6317979147345,-1.17022229824013,636,1474.81848144531,48,30,10,2145,21,60,24,28,18.8547592163086,9,-150,20,1341,92
36.648464438792,-1.17022229824013,682,1719.13012695312,46,31,10,2202,40,56,25,29,18.8139705657959,6,65,16,-41,90
36.6630476473422,-1.17022229824013,556,1756.72888183594,46,30,10,2130,25,57,25,30,18.8089427947998,5,-91,31,190,85
36.6692975938638,-1.17022229824013,541,1753.86962890625,46,30,10,2123,27,59,25,29,18.8040599822998,7,121,16,-100,89
36.6713809093709,-1.17022229824013,551,1753.86962890625,46,30,10,2123,27,59,25,29,18.8040599822998,7,121,16,-100,89
36.6922140644427,-1.17022229824013,548,1742.30529785156,47,30,10,2063,27,56,24,29,18.8025894165039,7,63,22,-65,94
36.7026306419786,-1.17022229824013,517,1725.50244140625,46,30,10,2001,33,55,26,28,18.8086128234863,5,93,20,764,99
36.7338803745863,-1.17022229824013,532,1572.23461914062,49,30,60,1908,37,56,26,25,18.7385997772217,9,-114,62,1642,102
36.777630000237,-1.17022229824013,550,1750.09826660156,51,30,10,1894,38,57,24,25,18.628568649292,5,237,17,2558,94
36.7797133157442,-1.17022229824013,575,1750.09826660156,51,30,10,1894,38,57,24,25,18.628568649292,5,237,17,2558,94
36.7817966312514,-1.17022229824013,594,1750.09826660156,51,30,10,1894,38,57,24,25,18.628568649292,5,237,17,2558,94
36.8130463638591,-1.17022229824013,538,1649.00305175781,47,30,10,1740,28,57,27,27,18.4962501525879,4,-1,16,3716,98
36.8255462569021,-1.17022229824013,533,1646.14660644531,46,29,10,1709,23,56,27,27,18.4655647277832,3,-94,23,3813,98
36.8755458290744,-1.17022229824013,505,1516.65600585938,47,29,12,1598,24,58,27,25,18.2687206268311,2,-61,16,4272,104
36.9088788771893,-1.17022229824013,525,1421.73510742188,49,30,10,1568,23,69,28,23,18.1739597320557,1,37,8,4088,116
36.9922114974764,-1.17022229824013,523,1324.30346679688,44,28,10,1503,15,73,36,20,17.9944267272949,0,-13,6,3574,119
37.0005447595051,-1.17022229824013,553,1299.427734375,44,27,10,1491,15,70,36,20,17.9904365539551,1,-31,12,3663,120
37.0255445455913,-1.17022229824013,570,1271.48999023438,46,28,10,1492,14,74,34,20,17.9527683258057,1,30,7,3560,120
37.0401277541415,-1.17022229824013,567,1217.49658203125,46,28,10,1481,13,73,34,20,17.9291286468506,1,15,8,3629,121
37.0484610161702,-1.17022229824013,555,1184.4189453125,46,28,10,1478,13,71,34,20,17.9144382476807,0,16,3,3656,121
37.0588775937061,-1.17022229824013,588,1151.61401367188,45,28,10,1475,11,72,36,19,17.8990230560303,2,11,1,3606,122
37.1067938503712,-1.17022229824013,534,1099.61279296875,45,28,10,1471,12,73,36,20,17.7935256958008,0,10,5,3461,127
37.1151271123999,-1.17022229824013,534,1095.17211914062,47,29,10,1471,11,74,33,19,17.7753753662109,0,4,10,3418,131
37.1255436899358,-1.17022229824013,588,1082.03112792969,48,29,10,1471,11,74,33,20,17.7573146820068,0,-1,4,3404,134
37.150543476022,-1.17022229824013,503,1062.27551269531,44,28,10,1471,11,73,37,18,17.7026138305664,0,3,5,3670,132
36.5359654014043,-1.1723056522766,827,634.015563964844,36,26,40,1570,16,72,39,24,18.7570705413818,13,-188,0,6896,96
36.5422153479259,-1.1723056522766,812,634.015563964844,36,26,40,1570,16,72,39,24,18.7570705413818,13,-188,0,6896,96
36.5692984495192,-1.1723056522766,714,881.319396972656,41,28,10,2110,16,67,32,27,18.9574508666992,5,497,2,1922,82
36.5859649735766,-1.1723056522766,738,1070.79968261719,45,29,10,2069,19,63,28,26,18.9324073791504,4,-173,7,2176,92
36.6026314976341,-1.1723056522766,695,1424.30615234375,48,30,10,2159,18,62,27,25,18.8860015869141,3,72,9,1416,99
36.6192980216915,-1.1723056522766,715,1438.91711425781,48,30,10,2156,21,61,25,27,18.8664836883545,3,43,10,1380,104
36.6526310698063,-1.1723056522766,588,1754.93347167969,45,31,10,2181,29,58,26,29,18.8097496032715,3,32,21,-84,84
36.7151305350217,-1.1723056522766,513,1678.08312988281,48,30,10,1939,38,53,26,26,18.7888431549072,3,-43,41,1257,99
36.7234637970504,-1.1723056522766,538,1603.36804199219,49,30,62,1913,32,55,27,25,18.7585411071777,5,-30,66,1584,101
36.742213636615,-1.1723056522766,540,1636.02014160156,49,30,10,1938,34,58,27,24,18.7338237762451,2,85,19,1088,105
36.8130463638591,-1.1723056522766,553,1649.00305175781,47,30,10,1740,28,57,27,27,18.4962501525879,4,-1,16,3716,98
36.8151296793663,-1.1723056522766,570,1649.00305175781,47,30,10,1740,28,57,27,27,18.4962501525879,4,-1,16,3716,98
36.8338795189309,-1.1723056522766,497,1638.41833496094,45,28,40,1700,25,57,29,26,18.4345054626465,4,-25,12,3833,98
36.8463794119739,-1.1723056522766,475,1603.21057128906,44,29,10,1661,26,56,28,28,18.3673210144043,6,-14,21,4048,100
36.881795775596,-1.1723056522766,531,1489.60681152344,48,29,10,1594,23,56,29,23,18.2424945831299,3,10,11,4161,108
36.9088788771893,-1.1723056522766,523,1421.73510742188,49,30,10,1568,23,69,28,23,18.1739597320557,1,37,8,4088,116
36.940128609797,-1.1723056522766,502,1364.00158691406,42,27,10,1525,18,70,37,21,18.0856628417969,2,-63,7,4038,112
36.9505451873328,-1.1723056522766,491,1361.6953125,42,27,10,1530,18,70,38,20,18.0674228668213,1,2,5,3862,125
36.9630450803759,-1.1723056522766,510,1367.44116210938,44,27,10,1523,16,72,36,20,18.03102684021,1,3,4,3638,121
36.9734616579118,-1.1723056522766,506,1360.99621582031,44,27,10,1521,16,73,35,20,18.0144195556641,0,15,7,3539,125
37.0130446525482,-1.1723056522766,495,1283.10217285156,45,28,10,1497,14,74,35,20,17.9662322998047,1,20,7,3570,120
37.0317944921128,-1.1723056522766,528,1247.8291015625,46,28,10,1486,13,73,34,20,17.9419612884521,1,14,8,3609,121
37.0463777006631,-1.1723056522766,566,1184.4189453125,46,28,10,1478,13,71,34,20,17.9144382476807,0,16,3,3656,121
37.0817940642851,-1.1723056522766,564,1074.3837890625,45,28,10,1450,11,70,34,21,17.8493232727051,5,-107,10,3794,118
37.1442935295004,-1.1723056522766,520,1062.27551269531,44,28,10,1471,11,73,37,18,17.7026138305664,0,3,5,3670,132
37.1630433690651,-1.1723056522766,518,1044.28918457031,41,27,10,1469,10,69,39,20,17.6666049957275,0,10,2,3927,129
37.1713766310938,-1.1723056522766,543,986.916137695312,40,26,10,1464,10,70,41,20,17.6495018005371,0,17,2,4059,125
37.1734599466009,-1.1723056522766,532,986.916137695312,40,26,10,1464,10,70,41,20,17.6495018005371,0,17,2,4059,125
36.5380487169115,-1.17438900631308,805,622.188049316406,36,26,40,1578,15,71,40,24,18.7511901855469,8,-96,1,7100,97
36.5776317115479,-1.17438900631308,710,964.521362304688,44,29,10,2068,16,66,29,27,18.9592990875244,2,-30,4,2365,99
36.6213813371987,-1.17438900631308,700,1478.83032226562,50,30,10,2142,22,60,24,26,18.8808631896973,6,74,18,1470,103
36.625547968213,-1.17438900631308,662,1478.83032226562,50,30,10,2142,22,60,24,26,18.8808631896973,6,74,18,1470,103
36.648464438792,-1.17438900631308,620,1687.68249511719,48,30,10,2173,22,58,25,27,18.8370590209961,6,123,15,137,90
36.6505477542992,-1.17438900631308,595,1687.68249511719,48,30,10,2173,22,58,25,27,18.8370590209961,6,123,15,137,90
36.6692975938638,-1.17438900631308,625,1725.49572753906,49,31,10,2094,23,59,24,28,18.824779510498,8,72,17,-56,89
36.6901307489355,-1.17438900631308,549,1719.990234375,48,30,10,2028,25,57,23,28,18.8286991119385,3,7,17,-57,94
36.7338803745863,-1.17438900631308,529,1588.650390625,50,30,40,1881,31,57,26,24,18.7387142181396,5,-106,30,1584,101
36.742213636615,-1.17438900631308,511,1619.86328125,52,30,10,1913,32,56,25,24,18.7258358001709,9,38,17,878,100
36.7755466847299,-1.17438900631308,576,1723.28796386719,50,30,10,1825,32,56,24,26,18.644588470459,9,-144,24,2939,95
36.8526293584955,-1.17438900631308,460,1565.31005859375,47,29,190,1652,24,54,28,26,18.3475761413574,6,58,43,4144,103
36.9484618718257,-1.17438900631308,494,1355.93579101562,45,27,10,1518,21,71,34,21,18.0734424591064,3,-55,10,3876,114
36.95262850284,-1.17438900631308,510,1349.59130859375,45,27,10,1530,17,70,35,20,18.0560779571533,1,38,5,3751,125
36.9692950268975,-1.17438900631308,495,1338.62158203125,48,28,10,1514,17,73,31,21,18.0244731903076,2,-11,6,3617,121
36.9713783424046,-1.17438900631308,486,1338.62158203125,48,28,10,1514,17,73,31,21,18.0244731903076,2,-11,6,3617,121
36.9859615509549,-1.17438900631308,586,1315.60375976562,45,28,10,1505,16,72,35,20,18.003288269043,0,4,1,3624,121
36.9901281819692,-1.17438900631308,569,1315.60375976562,45,28,10,1505,16,72,35,20,18.003288269043,0,4,1,3624,121
37.0213779145769,-1.17438900631308,489,1226.47033691406,43,27,10,1476,12,71,37,20,17.9682483673096,2,-41,13,3838,120
37.0317944921128,-1.17438900631308,527,1202.86645507812,44,28,10,1472,11,71,36,20,17.9541893005371,1,-46,11,3820,122
37.0713774867492,-1.17438900631308,552,1136.42797851562,45,28,10,1473,10,71,35,20,17.8708190917969,0,26,5,3741,124
37.0859606952994,-1.17438900631308,588,1089.8583984375,45,28,10,1461,12,68,35,20,17.8378047943115,6,7,8,3854,118
37.0942939573282,-1.17438900631308,546,1065.91381835938,45,28,10,1458,11,70,35,21,17.8212547302246,6,-80,5,3803,116
37.1359602674717,-1.17438900631308,514,1059.84838867188,46,28,10,1472,12,74,35,19,17.7278938293457,0,-1,9,3771,133
37.1442935295004,-1.17438900631308,523,1060.11743164062,44,28,10,1472,12,72,37,19,17.7094841003418,0,3,5,3885,131
37.1526267915292,-1.17438900631308,583,1045.20935058594,42,27,10,1472,10,70,38,20,17.6914730072021,1,19,5,3998,130
37.1588767380507,-1.17438900631308,520,1045.20935058594,42,27,10,1472,10,70,38,20,17.6914730072021,1,19,5,3998,130
37.1651266845722,-1.17438900631308,507,1004.80529785156,41,27,10,1468,10,69,39,20,17.674036026001,0,13,5,4142,126
36.5526319254618,-1.17647236034955,757,701.548645019531,38,27,40,1720,15,68,37,25,18.8875751495361,11,-293,0,6093,83
36.5547152409689,-1.17647236034955,776,701.548645019531,38,27,40,1720,15,68,37,25,18.8875751495361,11,-293,0,6093,83
36.5651318185048,-1.17647236034955,702,770.575500488281,39,27,40,2035,16,67,34,27,18.9820537567139,25,395,4,3665,70
36.5776317115479,-1.17647236034955,695,964.521362304688,44,29,10,2068,16,66,29,27,18.9592990875244,2,-30,4,2365,99
36.5942982356053,-1.17647236034955,666,1269.00512695312,47,30,62,2145,19,61,27,27,18.9202289581299,8,35,10,1574,89
36.6047148131412,-1.17647236034955,723,1445.83337402344,49,30,10,2168,19,59,26,25,18.900520324707,5,159,10,1303,97
36.6130480751699,-1.17647236034955,703,1496.42529296875,48,30,10,2142,20,62,26,26,18.8907241821289,2,-18,9,1561,102
36.6151313906771,-1.17647236034955,710,1496.42529296875,48,30,10,2142,20,62,26,26,18.8907241821289,2,-18,9,1561,102
36.6630476473422,-1.17647236034955,593,1727.96667480469,49,31,10,2107,24,59,24,27,18.8304405212402,1,-38,22,243,88
36.6859641179212,-1.17647236034955,563,1719.990234375,48,30,10,2028,25,57,23,28,18.8286991119385,3,7,17,-57,94
36.7213804815432,-1.17647236034955,498,1626.47143554688,50,30,62,1902,28,56,26,24,18.7633171081543,4,-97,19,1272,100
36.7297137435719,-1.17647236034955,505,1588.650390625,50,30,40,1881,31,57,26,24,18.7387142181396,5,-106,30,1584,101
36.7359636900935,-1.17647236034955,523,1619.86328125,52,30,10,1913,32,56,25,24,18.7258358001709,9,38,17,878,100
36.7442969521222,-1.17647236034955,539,1681.86901855469,52,31,10,1923,31,57,24,23,18.7167377471924,4,146,35,580,98
36.7484635831365,-1.17647236034955,493,1681.86901855469,52,31,10,1923,31,57,24,23,18.7167377471924,4,146,35,580,98
36.765130107194,-1.17647236034955,587,1729.88818359375,51,30,62,1892,34,56,26,23,18.6743774414062,11,99,17,2700,96
36.777630000237,-1.17647236034955,592,1705.21374511719,50,30,10,1815,38,57,24,26,18.6146602630615,13,-86,31,2909,92
36.7838799467586,-1.17647236034955,602,1705.21374511719,50,30,10,1815,38,57,24,26,18.6146602630615,13,-86,31,2909,92
36.8130463638591,-1.17647236034955,522,1625.19030761719,47,29,62,1719,24,56,27,26,18.5001945495605,4,-8,35,3737,100
36.8567959895098,-1.17647236034955,479,1565.31005859375,47,29,190,1652,24,54,28,26,18.3475761413574,6,58,43,4144,103
36.8609626205242,-1.17647236034955,444,1548.94348144531,48,30,12,1639,25,59,27,25,18.3186473846436,6,62,16,4191,105
36.8776291445816,-1.17647236034955,502,1487.7001953125,46,29,10,1576,25,58,29,24,18.2512245178223,2,-76,12,4314,104
36.9297120322611,-1.17647236034955,494,1385.38708496094,44,27,190,1547,18,71,35,21,18.1187400817871,1,37,4,3914,121
36.9880448664621,-1.17647236034955,599,1315.60375976562,45,28,10,1505,16,72,35,20,18.003288269043,0,4,1,3624,121
36.9901281819692,-1.17647236034955,598,1315.60375976562,45,28,10,1505,16,72,35,20,18.003288269043,0,4,1,3624,121
36.9942948129836,-1.17647236034955,528,1295.03234863281,45,28,10,1500,16,72,36,19,17.9959316253662,1,15,4,3657,123
36.9963781284908,-1.17647236034955,556,1295.03234863281,45,28,10,1500,16,72,36,19,17.9959316253662,1,15,4,3657,123
37.0130446525482,-1.17647236034955,546,1250.4462890625,44,28,10,1487,14,68,37,19,17.9800796508789,0,-9,0,3766,121
37.0276278610985,-1.17647236034955,522,1202.86645507812,44,28,10,1472,11,71,36,20,17.9541893005371,1,-46,11,3820,122
37.0838773797923,-1.17647236034955,519,1117.02697753906,45,28,10,1471,11,70,36,19,17.8540191650391,1,29,6,3745,123
37.1026272193569,-1.17647236034955,557,1056.22290039062,44,27,10,1469,11,72,37,19,17.8022422790527,0,24,5,3688,120
37.1109604813856,-1.17647236034955,563,1057.25146484375,45,28,10,1470,11,73,36,19,17.7835063934326,0,18,4,3667,129
37.1359602674717,-1.17647236034955,486,1059.84838867188,46,28,10,1472,12,74,35,19,17.7278938293457,0,-1,9,3771,133
37.1630433690651,-1.17647236034955,522,1004.80529785156,41,27,10,1468,10,69,39,20,17.674036026001,0,13,5,4142,126
36.53179877039,-1.17855571438602,822,605.700561523438,35,26,10,1521,14,69,41,24,18.7280368804932,1,-79,0,7060,102
36.5359654014043,-1.17855571438602,832,622.188049316406,36,26,40,1578,15,71,40,24,18.7511901855469,8,-96,1,7100,97
36.5442986634331,-1.17855571438602,823,658.047058105469,37,27,40,1638,15,68,38,25,18.8062858581543,16,-89,0,6779,91
36.5817983425623,-1.17855571438602,715,964.521362304688,44,29,10,2068,16,66,29,27,18.9592990875244,2,-30,4,2365,99
36.6005481821269,-1.17855571438602,690,1269.00512695312,47,30,62,2145,19,61,27,27,18.9202289581299,8,35,10,1574,89
36.6047148131412,-1.17855571438602,758,1445.83337402344,49,30,10,2168,19,59,26,25,18.900520324707,5,159,10,1303,97
36.648464438792,-1.17855571438602,560,1687.68249511719,48,30,10,2173,22,58,25,27,18.8370590209961,6,123,15,137,90
36.660964331835,-1.17855571438602,580,1727.96667480469,49,31,10,2107,24,59,24,27,18.8304405212402,1,-38,22,243,88
36.6817974869068,-1.17855571438602,570,1718.59497070312,48,31,10,2045,21,58,24,29,18.8275165557861,4,-64,19,54,90
36.7088805885002,-1.17855571438602,485,1724.94311523438,47,29,10,1998,54,54,27,27,18.818208694458,9,91,32,220,96
36.742213636615,-1.17855571438602,549,1619.86328125,52,30,10,1913,32,56,25,24,18.7258358001709,9,38,17,878,100
36.7567968451653,-1.17855571438602,485,1719.72399902344,51,30,10,1911,23,57,26,22,18.6976089477539,5,133,13,1574,95
36.7630467916868,-1.17855571438602,556,1729.88818359375,51,30,62,1892,34,56,26,23,18.6743774414062,11,99,17,2700,96
36.7672134227011,-1.17855571438602,556,1729.88818359375,51,30,62,1892,34,56,26,23,18.6743774414062,11,99,17,2700,96
36.8151296793663,-1.17855571438602,515,1625.19030761719,47,29,62,1719,24,56,27,26,18.5001945495605,4,-8,35,3737,100
36.8713791980601,-1.17855571438602,478,1526.45678710938,49,29,12,1612,23,57,27,24,18.2883148193359,5,69,14,4078,103
36.8880457221175,-1.17855571438602,479,1443.07702636719,46,29,190,1575,22,60,30,24,18.2215881347656,4,-38,9,4171,107
36.9067955616821,-1.17855571438602,519,1400.32043457031,44,28,190,1556,22,73,34,22,18.1783447265625,2,-5,7,4154,112
36.9192954547252,-1.17855571438602,578,1392.31799316406,45,28,190,1551,19,73,34,21,18.1385555267334,0,15,3,4008,119
36.9213787702324,-1.17855571438602,571,1392.31799316406,45,28,190,1551,19,73,34,21,18.1385555267334,0,15,3,4008,119
36.9276287167539,-1.17855571438602,505,1385.38708496094,44,27,190,1547,18,71,35,21,18.1187400817871,1,37,4,3914,121
36.9547118183472,-1.17855571438602,558,1349.59130859375,45,27,10,1530,17,70,35,20,18.0560779571533,1,38,5,3751,125
36.9609617648687,-1.17855571438602,467,1344.51623535156,45,28,10,1518,19,74,34,20,18.038724899292,2,11,9,3744,119
36.9692950268975,-1.17855571438602,587,1338.62158203125,48,28,10,1514,17,73,31,21,18.0244731903076,2,-11,6,3617,121
37.0192945990697,-1.17855571438602,525,1226.47033691406,43,27,10,1476,12,71,37,20,17.9682483673096,2,-41,13,3838,120
37.0234612300841,-1.17855571438602,545,1226.47033691406,43,27,10,1476,12,71,37,20,17.9682483673096,2,-41,13,3838,120
37.0317944921128,-1.17855571438602,520,1202.86645507812,44,28,10,1472,11,71,36,20,17.9541893005371,1,-46,11,3820,122
37.03387780762,-1.17855571438602,522,1202.86645507812,44,28,10,1472,11,71,36,20,17.9541893005371,1,-46,11,3820,122
37.0588775937061,-1.17855571438602,636,1154.80310058594,44,28,10,1475,14,71,36,20,17.9051895141602,1,0,5,3933,122
37.0609609092133,-1.17855571438602,656,1148.27648925781,45,28,10,1473,12,70,35,20,17.887845993042,2,14,7,3902,122
37.1047105348641,-1.17855571438602,581,1056.22290039062,44,27,10,1469,11,72,37,19,17.8022422790527,0,24,5,3688,120
37.1484601605148,-1.17855571438602,505,1060.11743164062,44,28,10,1472,12,72,37,19,17.7094841003418,0,3,5,3885,131
37.1692933155866,-1.17855571438602,590,956.474609375,42,27,10,1452,14,69,39,19,17.6566867828369,4,-26,14,4257,119
36.5422153479259,-1.1806390684225,820,622.188049316406,36,26,40,1578,15,71,40,24,18.7511901855469,8,-96,1,7100,97
36.5797150270551,-1.1806390684225,661,964.521362304688,44,29,10,2068,16,66,29,27,18.9592990875244,2,-30,4,2365,99
36.5922149200982,-1.1806390684225,665,1062.22705078125,45,29,10,2061,20,64,28,28,18.94700050354,1,-204,4,2436,93
36.6109647596628,-1.1806390684225,674,1496.42529296875,48,30,10,2142,20,62,26,26,18.8907241821289,2,-18,9,1561,102
36.6130480751699,-1.1806390684225,658,1496.42529296875,48,30,10,2142,20,62,26,26,18.8907241821289,2,-18,9,1561,102
36.6422144922704,-1.1806390684225,599,1583.01635742188,51,31,62,2179,20,58,22,27,18.8530464172363,8,74,40,424,89
36.6463811232848,-1.1806390684225,563,1687.68249511719,48,30,10,2173,22,58,25,27,18.8370590209961,6,123,15,137,90
36.6526310698063,-1.1806390684225,548,1724.47741699219,47,30,10,2140,23,58,25,28,18.8338947296143,5,-44,15,254,88
36.6692975938638,-1.1806390684225,618,1725.49572753906,49,31,10,2094,23,59,24,28,18.824779510498,8,72,17,-56,89
36.6922140644427,-1.1806390684225,573,1719.990234375,48,30,10,2028,25,57,23,28,18.8286991119385,3,7,17,-57,94
36.706797272993,-1.1806390684225,492,1724.94311523438,47,29,10,1998,54,54,27,27,18.818208694458,9,91,32,220,96
36.7088805885002,-1.1806390684225,483,1724.94311523438,47,29,10,1998,54,54,27,27,18.818208694458,9,91,32,220,96
36.7172138505289,-1.1806390684225,540,1687.90808105469,49,30,10,1933,31,57,26,25,18.7953681945801,13,79,27,624,97
36.7442969521222,-1.1806390684225,549,1681.86901855469,52,31,10,1923,31,57,24,23,18.7167377471924,4,146,35,580,98
36.7526302141509,-1.1806390684225,515,1719.72399902344,51,30,10,1911,23,57,26,22,18.6976089477539,5,133,13,1574,95
36.7734633692227,-1.1806390684225,538,1723.28796386719,50,30,10,1825,32,56,24,26,18.644588470459,9,-144,24,2939,95
36.7797133157442,-1.1806390684225,596,1705.21374511719,50,30,10,1815,38,57,24,26,18.6146602630615,13,-86,31,2909,92
36.7922132087873,-1.1806390684225,621,1682.32788085938,50,30,60,1809,32,57,24,26,18.5892887115479,5,48,15,3138,93
36.7963798398016,-1.1806390684225,520,1652.70825195312,48,30,12,1752,29,56,26,27,18.5577850341797,2,-89,30,3578,95
36.800546470816,-1.1806390684225,529,1652.70825195312,48,30,12,1752,29,56,26,27,18.5577850341797,2,-89,30,3578,95
36.8151296793663,-1.1806390684225,501,1625.19030761719,47,29,62,1719,24,56,27,26,18.5001945495605,4,-8,35,3737,100
36.8192963103806,-1.1806390684225,501,1625.00158691406,46,29,10,1717,24,57,27,27,18.4706764221191,1,-8,19,3646,100
36.8317962034237,-1.1806390684225,537,1615.583984375,45,28,10,1688,25,57,29,26,18.4384098052979,5,-4,16,3836,99
36.8401294654524,-1.1806390684225,438,1598.75537109375,47,29,190,1674,23,56,28,25,18.4046993255615,3,-36,21,3785,99
36.8672125670457,-1.1806390684225,452,1548.94348144531,48,30,12,1639,25,59,27,25,18.3186473846436,6,62,16,4191,105
36.8859624066103,-1.1806390684225,511,1443.07702636719,46,29,190,1575,22,60,30,24,18.2215881347656,4,-38,9,4171,107
36.9005456151606,-1.1806390684225,528,1413.70971679688,44,28,190,1568,22,66,32,24,18.1989231109619,1,11,6,4158,110
36.9067955616821,-1.1806390684225,518,1400.32043457031,44,28,190,1556,22,73,34,22,18.1783447265625,2,-5,7,4154,112
36.9109621926965,-1.1806390684225,556,1394.81481933594,42,27,190,1554,19,72,36,21,18.1578006744385,2,-3,3,4060,115
36.9255454012467,-1.1806390684225,512,1392.31799316406,45,28,190,1551,19,73,34,21,18.1385555267334,0,15,3,4008,119
36.9359619787826,-1.1806390684225,463,1370.66162109375,44,27,10,1539,18,72,36,20,18.096960067749,5,40,1,3952,113
36.975544973419,-1.1806390684225,581,1338.62158203125,48,28,10,1514,17,73,31,21,18.0244731903076,2,-11,6,3617,121
36.9797116044333,-1.1806390684225,553,1330.7763671875,46,27,10,1513,15,69,34,20,18.0121536254883,1,19,3,3558,121
36.9901281819692,-1.1806390684225,611,1315.60375976562,45,28,10,1505,16,72,35,20,18.003288269043,0,4,1,3624,121
36.9922114974764,-1.1806390684225,578,1315.60375976562,45,28,10,1505,16,72,35,20,18.003288269043,0,4,1,3624,121
37.0088780215338,-1.1806390684225,539,1273.56127929688,44,27,10,1491,15,70,37,19,17.9889717102051,0,-8,7,3739,121
37.0484610161702,-1.1806390684225,556,1162.70031738281,44,28,10,1463,12,71,36,20,17.922679901123,2,-54,13,3903,123
37.0526276471846,-1.1806390684225,599,1154.80310058594,44,28,10,1475,14,71,36,20,17.9051895141602,1,0,5,3933,122
37.056794278199,-1.1806390684225,611,1154.80310058594,44,28,10,1475,14,71,36,20,17.9051895141602,1,0,5,3933,122
37.0963772728353,-1.1806390684225,629,1065.91381835938,45,28,10,1458,11,70,35,21,17.8212547302246,6,-80,5,3803,116
37.0984605883425,-1.1806390684225,617,1065.91381835938,45,28,10,1458,11,70,35,21,17.8212547302246,6,-80,5,3803,116
37.1109604813856,-1.1806390684225,508,1057.25146484375,45,28,10,1470,11,73,36,19,17.7835063934326,0,18,4,3667,129
37.1380435829789,-1.1806390684225,510,1059.84838867188,46,28,10,1472,12,74,35,19,17.7278938293457,0,-1,9,3771,133
37.1401268984861,-1.1806390684225,512,1059.84838867188,46,28,10,1472,12,74,35,19,17.7278938293457,0,-1,9,3771,133
37.1422102139933,-1.1806390684225,509,1059.84838867188,46,28,10,1472,12,74,35,19,17.7278938293457,0,-1,9,3771,133
37.1630433690651,-1.1806390684225,529,1004.80529785156,41,27,10,1468,10,69,39,20,17.674036026001,0,13,5,4142,126
36.5380487169115,-1.18272242245897,799,616.714050292969,36,26,40,1551,15,69,41,24,18.7563571929932,7,-134,2,7663,98
36.567215134012,-1.18272242245897,654,764.201965332031,38,27,40,1981,16,68,34,27,18.982141494751,21,292,1,4105,71
36.5755483960407,-1.18272242245897,662,866.075073242188,41,28,10,2052,15,65,33,26,18.9847450256348,1,313,0,2648,94
36.6380478612561,-1.18272242245897,590,1551.416015625,51,31,62,2147,21,60,22,27,18.8714447021484,1,93,17,751,94
36.6422144922704,-1.18272242245897,601,1551.416015625,51,31,62,2147,21,60,22,27,18.8714447021484,1,93,17,751,94
36.6651309628494,-1.18272242245897,587,1706.72802734375,48,30,10,2082,20,58,25,27,18.8504467010498,5,-55,26,298,90
36.6755475403853,-1.18272242245897,554,1698.73937988281,50,31,10,2057,22,57,23,27,18.8487339019775,10,75,38,30,90
36.7005473264714,-1.18272242245897,518,1707.23193359375,50,30,10,2011,27,57,23,26,18.8456192016602,4,61,17,-283,94
36.7130472195145,-1.18272242245897,532,1685.181640625,50,30,10,1931,33,56,26,24,18.7956466674805,9,-96,19,651,97
36.7255471125576,-1.18272242245897,516,1648.306640625,51,30,10,1906,30,57,25,24,18.7689170837402,8,65,19,811,99
36.7755466847299,-1.18272242245897,558,1672.54016113281,52,30,10,1828,26,57,24,24,18.6412296295166,7,83,16,2722,94
36.7901298932801,-1.18272242245897,587,1636.71936035156,49,30,190,1770,27,59,24,27,18.5876426696777,1,-45,15,3365,98
36.8130463638591,-1.18272242245897,499,1613.98974609375,48,29,62,1731,22,57,28,24,18.5095291137695,2,24,14,3408,105
36.8276295724093,-1.18272242245897,574,1604.71875,47,29,10,1691,24,57,27,26,18.4458427429199,2,-27,12,3640,100
36.8651292515385,-1.18272242245897,459,1539.55786132812,48,29,190,1637,25,60,27,25,18.3261070251465,1,46,11,3810,106
36.8755458290744,-1.18272242245897,487,1519.57141113281,49,29,190,1624,24,58,27,24,18.2997932434082,2,95,12,3818,108
36.8776291445816,-1.18272242245897,493,1477.19287109375,48,29,190,1596,26,59,29,24,18.2638664245605,6,61,11,4057,104
36.881795775596,-1.18272242245897,499,1477.19287109375,48,29,190,1596,26,59,29,24,18.2638664245605,6,61,11,4057,104
36.894295668639,-1.18272242245897,534,1379.50561523438,43,28,190,1552,21,65,34,23,18.2027492523193,0,-79,2,4322,107
36.8963789841462,-1.18272242245897,540,1379.50561523438,43,28,190,1552,21,65,34,23,18.2027492523193,0,-79,2,4322,107
36.9005456151606,-1.18272242245897,512,1379.50561523438,43,28,190,1552,21,65,34,23,18.2027492523193,0,-79,2,4322,107
36.9151288237108,-1.18272242245897,567,1361.0244140625,42,26,190,1555,19,74,38,21,18.1626281738281,1,25,11,4009,118
36.975544973419,-1.18272242245897,579,1306.20129394531,48,28,10,1509,18,72,32,21,18.0368957519531,1,-5,7,3736,121
37.0442943851559,-1.18272242245897,598,1158.34997558594,46,29,10,1476,13,71,33,20,17.9289855957031,0,9,5,3907,130
37.0463777006631,-1.18272242245897,597,1158.34997558594,46,29,10,1476,13,71,33,20,17.9289855957031,0,9,5,3907,130
37.0505443316774,-1.18272242245897,575,1158.34997558594,46,29,10,1476,13,71,33,20,17.9289855957031,0,9,5,3907,130
37.0526276471846,-1.18272242245897,573,1157.94140625,46,28,10,1477,13,72,34,20,17.9119129180908,0,15,5,3899,135
37.0859606952994,-1.18272242245897,620,1125.1572265625,46,28,130,1472,12,73,34,20,17.8433876037598,0,31,6,3918,130
37.1005439038497,-1.18272242245897,594,1073.05627441406,45,28,10,1452,10,71,35,20,17.827579498291,3,-33,6,4136,119
37.1172104279071,-1.18272242245897,568,1011.15808105469,43,27,10,1463,11,70,38,19,17.792652130127,3,-38,11,3886,126
37.1484601605148,-1.18272242245897,510,1032.81982421875,42,27,10,1473,12,70,38,20,17.7168655395508,1,27,7,4089,129
37.1567934225435,-1.18272242245897,520,1004.42071533203,41,26,10,1470,10,70,40,20,17.6990852355957,1,17,2,4213,126
36.5859649735766,-1.18480577649545,694,1088.77526855469,45,30,120,2055,19,64,27,27,18.9571075439453,0,-180,3,2585,96
36.6067981286484,-1.18480577649545,650,1489.08959960938,48,30,10,2133,18,64,26,26,18.9131736755371,2,-20,5,1720,98
36.6109647596628,-1.18480577649545,656,1522.12036132812,50,30,62,2131,19,62,24,26,18.9050827026367,3,-7,8,1697,103
36.6297145992274,-1.18480577649545,628,1478.45727539062,51,31,10,2102,22,62,22,27,18.8896255493164,1,-111,20,1580,97
36.6317979147345,-1.18480577649545,629,1478.45727539062,51,31,10,2102,22,62,22,27,18.8896255493164,1,-111,20,1580,97
36.648464438792,-1.18480577649545,589,1654.82189941406,49,30,10,2142,19,58,24,27,18.8552570343018,1,81,9,386,96
36.6526310698063,-1.18480577649545,601,1702.07788085938,47,30,10,2080,20,58,25,28,18.8502807617188,6,-109,28,653,91
36.6797141713997,-1.18480577649545,505,1687.99255371094,49,30,10,2029,26,56,24,27,18.8584289550781,9,9,10,-41,90
36.7026306419786,-1.18480577649545,506,1708.07983398438,49,30,10,1966,33,55,25,26,18.8261737823486,12,75,14,327,93
36.7317970590791,-1.18480577649545,481,1615.302734375,52,31,60,1871,26,60,24,24,18.7427024841309,1,-48,50,1325,101
36.7526302141509,-1.18480577649545,532,1659.68725585938,52,31,60,1826,28,59,23,26,18.6810569763184,14,-218,34,2106,93
36.7609634761796,-1.18480577649545,555,1673.96264648438,52,31,60,1869,25,57,23,25,18.6652240753174,6,139,23,2543,92
36.8651292515385,-1.18480577649545,452,1539.55786132812,48,29,190,1637,25,60,27,25,18.3261070251465,1,46,11,3810,106
36.8797124600888,-1.18480577649545,479,1477.19287109375,48,29,190,1596,26,59,29,24,18.2638664245605,6,61,11,4057,104
36.8963789841462,-1.18480577649545,533,1379.50561523438,43,28,190,1552,21,65,34,23,18.2027492523193,0,-79,2,4322,107
36.9588784493616,-1.18480577649545,602,1330.3046875,44,27,10,1513,24,71,35,21,18.0629978179932,2,-44,7,3825,117
36.9734616579118,-1.18480577649545,570,1306.20129394531,48,28,10,1509,18,72,32,21,18.0368957519531,1,-5,7,3736,121
36.975544973419,-1.18480577649545,573,1306.20129394531,48,28,10,1509,18,72,32,21,18.0368957519531,1,-5,7,3736,121
36.9817949199405,-1.18480577649545,621,1300.84997558594,45,27,10,1505,18,70,34,21,18.026725769043,1,-5,10,3699,122
37.0130446525482,-1.18480577649545,586,1237.51733398438,44,28,10,1485,14,72,37,20,17.9887924194336,1,-11,5,3827,123
37.0213779145769,-1.18480577649545,559,1207.4873046875,45,28,40,1481,15,71,35,20,17.9763641357422,0,-6,3,3919,124
37.0817940642851,-1.18480577649545,674,1154.41735839844,46,28,10,1474,13,72,34,20,17.8601531982422,0,24,9,3896,134
37.092210641821,-1.18480577649545,629,1125.1572265625,46,28,130,1472,12,73,34,20,17.8433876037598,0,31,6,3918,130
37.0942939573282,-1.18480577649545,621,1073.05627441406,45,28,10,1452,10,71,35,20,17.827579498291,3,-33,6,4136,119
37.0963772728353,-1.18480577649545,626,1073.05627441406,45,28,10,1452,10,71,35,20,17.827579498291,3,-33,6,4136,119
37.1005439038497,-1.18480577649545,610,1073.05627441406,45,28,10,1452,10,71,35,20,17.827579498291,3,-33,6,4136,119
37.1067938503712,-1.18480577649545,605,1026.48181152344,43,28,10,1446,12,69,36,20,17.8109302520752,3,-96,6,4027,121
37.1338769519646,-1.18480577649545,519,1027.490234375,44,27,120,1471,10,70,37,18,17.7541313171387,0,21,5,3938,130
37.1401268984861,-1.18480577649545,498,1035.59826660156,44,27,10,1473,11,70,38,19,17.7353477478027,0,18,7,4016,130
37.1609600535579,-1.18480577649545,512,961.885925292969,41,27,10,1467,11,67,40,19,17.6815338134766,6,15,4,4366,121
36.5651318185048,-1.18688913053192,686,764.201965332031,38,27,40,1981,16,68,34,27,18.982141494751,21,292,1,4105,71
36.5880482890838,-1.18688913053192,704,1088.77526855469,45,30,120,2055,19,64,27,27,18.9571075439453,0,-180,3,2585,96
36.6026314976341,-1.18688913053192,623,1489.08959960938,48,30,10,2133,18,64,26,26,18.9131736755371,2,-20,5,1720,98
36.6109647596628,-1.18688913053192,647,1522.12036132812,50,30,62,2131,19,62,24,26,18.9050827026367,3,-7,8,1697,103
36.6151313906771,-1.18688913053192,657,1522.12036132812,50,30,62,2131,19,62,24,26,18.9050827026367,3,-7,8,1697,103
36.6442978077776,-1.18688913053192,662,1654.82189941406,49,30,10,2142,19,58,24,27,18.8552570343018,1,81,9,386,96
36.6817974869068,-1.18688913053192,498,1687.99255371094,49,30,10,2029,26,56,24,27,18.8584289550781,9,9,10,-41,90
36.7630467916868,-1.18688913053192,556,1673.96264648438,52,31,60,1869,25,57,23,25,18.6652240753174,6,139,23,2543,92
36.765130107194,-1.18688913053192,535,1673.96264648438,52,31,60,1869,25,57,23,25,18.6652240753174,6,139,23,2543,92
36.7755466847299,-1.18688913053192,545,1672.54016113281,52,30,10,1828,26,57,24,24,18.6412296295166,7,83,16,2722,94
36.8088797328447,-1.18688913053192,497,1608.13830566406,46,29,12,1737,24,57,28,26,18.5324172973633,1,-34,12,3536,101
36.8151296793663,-1.18688913053192,538,1613.98974609375,48,29,62,1731,22,57,28,24,18.5095291137695,2,24,14,3408,105
36.8255462569021,-1.18688913053192,525,1617.23022460938,48,30,62,1717,26,56,26,25,18.4815654754639,6,41,33,3509,102
36.8505460429883,-1.18688913053192,432,1564.19567871094,48,29,190,1660,23,57,28,24,18.3826065063477,3,38,10,3795,102
36.8651292515385,-1.18688913053192,444,1539.55786132812,48,29,190,1637,25,60,27,25,18.3261070251465,1,46,11,3810,106
36.8797124600888,-1.18688913053192,474,1477.19287109375,48,29,190,1596,26,59,29,24,18.2638664245605,6,61,11,4057,104
36.9442952408113,-1.18688913053192,518,1347.59362792969,45,27,190,1526,20,72,35,20,18.0807914733887,3,2,14,3880,117
36.9901281819692,-1.18688913053192,595,1294.45227050781,45,27,40,1500,16,71,34,21,18.0166244506836,1,-3,5,3715,122
37.0047113905195,-1.18688913053192,525,1266.3798828125,43,27,130,1490,13,71,38,19,17.9976139068604,1,-5,3,3793,123
37.0297111766056,-1.18688913053192,560,1184.16357421875,45,28,10,1481,15,72,35,20,17.9614009857178,0,8,2,3881,127
37.0359611231272,-1.18688913053192,584,1167.45581054688,45,28,130,1478,15,72,34,20,17.9454917907715,0,11,6,3903,129
37.1067938503712,-1.18688913053192,635,1026.48181152344,43,28,10,1446,12,69,36,20,17.8109302520752,3,-96,6,4027,121
37.1088771658784,-1.18688913053192,633,1026.48181152344,43,28,10,1446,12,69,36,20,17.8109302520752,3,-96,6,4027,121
37.1213770589215,-1.18688913053192,525,1017.42663574219,44,27,120,1470,11,71,38,18,17.7731876373291,0,34,1,3844,127
37.1651266845722,-1.18688913053192,526,961.885925292969,41,27,10,1467,11,67,40,19,17.6815338134766,6,15,4,4366,121
36.5588818719833,-1.1889724845684,784,697.339111328125,37,27,40,1702,14,67,38,25,18.881649017334,14,-355,0,6449,84
36.6109647596628,-1.1889724845684,638,1522.12036132812,50,30,62,2131,19,62,24,26,18.9050827026367,3,-7,8,1697,103
36.6380478612561,-1.1889724845684,640,1551.416015625,51,31,62,2147,21,60,22,27,18.8714447021484,1,93,17,751,94
36.6692975938638,-1.1889724845684,515,1698.73937988281,50,31,10,2057,22,57,23,27,18.8487339019775,10,75,38,30,90
36.7005473264714,-1.1889724845684,531,1707.23193359375,50,30,10,2011,27,57,23,26,18.8456192016602,4,61,17,-283,94
36.7922132087873,-1.1889724845684,514,1636.71936035156,49,30,190,1770,27,59,24,27,18.5876426696777,1,-45,15,3365,98
36.835962834438,-1.1889724845684,491,1583.24816894531,47,29,190,1677,22,58,29,23,18.4127712249756,1,10,15,3696,101
36.8442960964667,-1.1889724845684,436,1564.19567871094,48,29,190,1660,23,57,28,24,18.3826065063477,3,38,10,3795,102
36.8901290376247,-1.1889724845684,499,1422.26782226562,46,28,190,1571,21,61,31,22,18.2290019989014,2,-29,5,4146,107
36.9005456151606,-1.1889724845684,521,1379.50561523438,43,28,190,1552,21,65,34,23,18.2027492523193,0,-79,2,4322,107
36.9026289306677,-1.1889724845684,494,1362.01647949219,41,27,190,1558,19,73,37,22,18.1817646026611,3,18,1,4071,114
36.9088788771893,-1.1889724845684,516,1362.01647949219,41,27,190,1558,19,73,37,22,18.1817646026611,3,18,1,4071,114
36.9276287167539,-1.1889724845684,496,1369.39624023438,45,28,190,1541,18,72,34,21,18.1232357025146,2,6,10,3929,116
36.9609617648687,-1.1889724845684,600,1315.07568359375,44,27,10,1516,19,74,35,21,18.0489940643311,1,-11,15,3770,118
36.998461443998,-1.1889724845684,587,1284.89965820312,46,28,10,1495,15,72,34,20,18.0059013366699,1,-6,6,3780,123
37.0172112835626,-1.1889724845684,562,1237.51733398438,44,28,10,1485,14,72,37,20,17.9887924194336,1,-11,5,3827,123
37.056794278199,-1.1889724845684,609,1157.94140625,46,28,10,1477,13,72,34,20,17.9119129180908,0,15,5,3899,135
37.0651275402277,-1.1889724845684,590,1160.67663574219,46,29,130,1476,12,71,34,20,17.8945178985596,0,21,5,3900,133
37.0734608022564,-1.1889724845684,604,1162.0732421875,46,29,130,1475,13,70,34,20,17.8771514892578,0,18,3,3902,133
37.1151271123999,-1.1889724845684,613,1011.15808105469,43,27,10,1463,11,70,38,19,17.792652130127,3,-38,11,3886,126
37.1422102139933,-1.1889724845684,495,1035.59826660156,44,27,10,1473,11,70,38,19,17.7353477478027,0,18,7,4016,130
37.1463768450076,-1.1889724845684,522,1032.81982421875,42,27,10,1473,12,70,38,20,17.7168655395508,1,27,7,4089,129
37.1526267915292,-1.1889724845684,526,1004.42071533203,41,26,10,1470,10,70,40,20,17.6990852355957,1,17,2,4213,126
37.1609600535579,-1.1889724845684,527,961.885925292969,41,27,10,1467,11,67,40,19,17.6815338134766,6,15,4,4366,121
37.1630433690651,-1.1889724845684,533,961.885925292969,41,27,10,1467,11,67,40,19,17.6815338134766,6,15,4,4366,121
36.5463819789402,-1.19105583860487,786,652.628601074219,37,27,40,1598,13,69,37,25,18.810697555542,7,-171,1,7254,96
36.5880482890838,-1.19105583860487,711,1133.08862304688,47,30,10,2058,28,62,27,26,18.9664058685303,2,-193,81,2470,93
36.590131604591,-1.19105583860487,699,1133.08862304688,47,30,10,2058,28,62,27,26,18.9664058685303,2,-193,81,2470,93
36.5984648666197,-1.19105583860487,621,1390.06201171875,49,30,62,2177,17,62,25,27,18.935884475708,4,356,5,1239,87
36.6005481821269,-1.19105583860487,621,1390.06201171875,49,30,62,2177,17,62,25,27,18.935884475708,4,356,5,1239,87
36.6109647596628,-1.19105583860487,625,1529.15991210938,49,30,62,2118,18,60,23,28,18.9208011627197,3,8,12,1658,101
36.6338812302417,-1.19105583860487,594,1443.08984375,51,31,10,2070,19,60,22,27,18.9078159332275,5,-123,16,1676,99
36.6588810163279,-1.19105583860487,570,1684.49072265625,48,30,10,2119,19,58,25,27,18.86110496521,5,128,6,145,96
36.6942973799499,-1.19105583860487,551,1682.302734375,50,30,10,1973,23,57,25,25,18.8525066375732,4,31,20,53,95
36.7130472195145,-1.19105583860487,504,1677.18005371094,54,31,62,1912,29,59,23,23,18.8014106750488,9,-29,45,757,98
36.7817966312514,-1.19105583860487,554,1618.58117675781,49,29,10,1777,23,57,25,26,18.615306854248,2,0,8,3164,102
36.7859632622658,-1.19105583860487,552,1605.77661132812,47,29,190,1760,28,58,27,26,18.5917568206787,3,-9,19,3267,101
36.7922132087873,-1.19105583860487,514,1605.77661132812,47,29,190,1760,28,58,27,26,18.5917568206787,3,-9,19,3267,101
36.8026297863232,-1.19105583860487,515,1595.78918457031,48,29,62,1733,23,58,27,24,18.5420169830322,1,-12,17,3472,103
36.8151296793663,-1.19105583860487,494,1607.07629394531,49,29,190,1726,23,56,28,23,18.5196304321289,3,-18,16,3383,104
36.8192963103806,-1.19105583860487,520,1611.09069824219,48,29,190,1717,22,59,28,24,18.4923839569092,1,31,11,3374,103
36.8255462569021,-1.19105583860487,498,1611.09069824219,48,29,190,1717,22,59,28,24,18.4923839569092,1,31,11,3374,103
36.8276295724093,-1.19105583860487,485,1597.33422851562,49,30,190,1692,26,57,28,24,18.4578342437744,10,50,6,3625,102
36.8547126740026,-1.19105583860487,437,1526.96154785156,48,29,190,1638,22,57,29,23,18.3578681945801,2,-1,17,3802,102
36.8713791980601,-1.19105583860487,434,1482.3720703125,46,29,190,1609,24,53,30,25,18.2982654571533,6,-23,22,3809,104
36.881795775596,-1.19105583860487,409,1446.80651855469,47,29,190,1601,21,57,29,24,18.2674350738525,6,42,15,3860,105
36.8838790911031,-1.19105583860487,429,1446.80651855469,47,29,190,1601,21,57,29,24,18.2674350738525,6,42,15,3860,105
36.9297120322611,-1.19105583860487,471,1334.83935546875,41,27,10,1541,17,73,38,21,18.127462387085,1,26,10,3950,118
36.9630450803759,-1.19105583860487,615,1303.15466308594,45,28,10,1507,19,74,34,21,18.058277130127,1,-31,18,3896,118
37.0172112835626,-1.19105583860487,567,1233.79248046875,45,28,40,1487,14,70,35,20,17.9944038391113,1,3,3,3954,124
37.0192945990697,-1.19105583860487,574,1206.09521484375,46,28,130,1482,14,72,33,20,17.9826278686523,0,-2,5,3987,125
37.056794278199,-1.19105583860487,642,1139.6630859375,47,29,40,1474,13,71,32,21,17.9199695587158,0,-5,0,4085,131
37.0942939573282,-1.19105583860487,672,1069.89758300781,45,28,10,1472,11,71,35,20,17.8343486785889,1,51,4,4072,121
37.1442935295004,-1.19105583860487,553,984.647094726562,41,26,10,1470,11,70,40,19,17.7251472473145,0,30,2,4343,120
37.1463768450076,-1.19105583860487,542,984.647094726562,41,26,10,1470,11,70,40,19,17.7251472473145,0,30,2,4343,120
37.1547101070363,-1.19105583860487,535,955.1845703125,42,27,10,1466,10,68,40,19,17.707426071167,4,18,3,4403,118
36.5734650805336,-1.19313919264134,670,863.7294921875,41,28,10,2064,16,67,33,26,18.9946136474609,2,343,4,2466,87
36.5859649735766,-1.19313919264134,731,1133.08862304688,47,30,10,2058,28,62,27,26,18.9664058685303,2,-193,81,2470,93
36.6192980216915,-1.19313919264134,708,1475.19348144531,50,31,60,2096,24,58,22,28,18.9156875610352,3,-14,14,1749,102
36.6422144922704,-1.19313919264134,606,1498.65710449219,51,30,62,2114,21,59,22,28,18.8925838470459,8,65,13,753,94
36.6442978077776,-1.19313919264134,598,1610.16918945312,48,30,10,2123,20,59,25,28,18.8728408813477,5,85,14,400,97
36.6630476473422,-1.19313919264134,563,1700.45629882812,48,30,10,2046,19,57,25,28,18.8618335723877,4,-151,17,582,91
36.683880802414,-1.19313919264134,513,1670.49963378906,49,30,10,1996,26,56,24,27,18.8785457611084,5,-128,13,334,92
36.7151305350217,-1.19313919264134,496,1677.18005371094,54,31,62,1912,29,59,23,23,18.8014106750488,9,-29,45,757,98
36.7338803745863,-1.19313919264134,512,1638.06066894531,53,31,62,1875,22,56,24,23,18.7492942810059,6,19,11,1169,100
36.7672134227011,-1.19313919264134,554,1624.54833984375,51,31,60,1790,26,61,23,26,18.6582527160645,4,-131,28,3245,96
36.7755466847299,-1.19313919264134,546,1627.23046875,51,30,60,1783,28,59,23,26,18.6380748748779,2,-40,25,3052,97
36.7817966312514,-1.19313919264134,526,1618.58117675781,49,29,10,1777,23,57,25,26,18.615306854248,2,0,8,3164,102
36.7963798398016,-1.19313919264134,464,1595.40466308594,49,30,190,1737,26,58,25,26,18.5656833648682,2,-46,13,3389,101
36.8047131018304,-1.19313919264134,498,1595.78918457031,48,29,62,1733,23,58,27,24,18.5420169830322,1,-12,17,3472,103
36.8067964173375,-1.19313919264134,486,1595.78918457031,48,29,62,1733,23,58,27,24,18.5420169830322,1,-12,17,3472,103
36.8172129948734,-1.19313919264134,511,1607.07629394531,49,29,190,1726,23,56,28,23,18.5196304321289,3,-18,16,3383,104
36.835962834438,-1.19313919264134,508,1571.75158691406,47,29,190,1671,23,58,28,24,18.4187870025635,6,-29,9,3651,101
36.8401294654524,-1.19313919264134,476,1571.75158691406,47,29,190,1671,23,58,28,24,18.4187870025635,6,-29,9,3651,101
36.8526293584955,-1.19313919264134,454,1526.96154785156,48,29,190,1638,22,57,29,23,18.3578681945801,2,-1,17,3802,102
36.8672125670457,-1.19313919264134,506,1507.12622070312,47,29,190,1625,23,56,29,24,18.3284854888916,2,0,14,3808,103
36.8797124600888,-1.19313919264134,446,1446.80651855469,47,29,190,1601,21,57,29,24,18.2674350738525,6,42,15,3860,105
36.9026289306677,-1.19313919264134,505,1322.82006835938,42,27,190,1544,23,68,36,22,18.1862716674805,2,-58,5,4111,108
36.9380452942898,-1.19313919264134,457,1341.10595703125,40,26,10,1535,17,72,40,20,18.1072559356689,1,8,5,3887,117
37.010961337041,-1.19313919264134,597,1233.79248046875,45,28,40,1487,14,70,35,20,17.9944038391113,1,3,3,3954,124
37.0526276471846,-1.19313919264134,687,1139.6630859375,47,29,40,1474,13,71,32,21,17.9199695587158,0,-5,0,4085,131
37.0547109626918,-1.19313919264134,671,1139.6630859375,47,29,40,1474,13,71,32,21,17.9199695587158,0,-5,0,4085,131
37.0609609092133,-1.19313919264134,562,1137.51879882812,46,29,10,1475,12,69,33,20,17.9027881622314,0,9,1,4069,129
37.0859606952994,-1.19313919264134,625,1115.63244628906,45,28,130,1473,12,72,35,20,17.8507518768311,0,28,5,4051,133
37.0942939573282,-1.19313919264134,691,1069.89758300781,45,28,10,1472,11,71,35,20,17.8343486785889,1,51,4,4072,121
37.0984605883425,-1.19313919264134,600,1069.89758300781,45,28,10,1472,11,71,35,20,17.8343486785889,1,51,4,4072,121
37.1047105348641,-1.19313919264134,521,1014.54284667969,43,27,10,1464,10,71,38,19,17.8182106018066,5,9,3,4093,113
37.1088771658784,-1.19313919264134,515,1014.54284667969,43,27,10,1464,10,71,38,19,17.8182106018066,5,9,3,4093,113
37.1234603744287,-1.19313919264134,524,973.377319335938,42,26,10,1463,9,69,38,19,17.7825889587402,6,-34,5,4116,117
37.1317936364574,-1.19313919264134,476,978.909118652344,42,26,10,1468,10,70,40,18,17.763334274292,0,26,3,4200,119
37.1484601605148,-1.19313919264134,468,984.647094726562,41,26,10,1470,11,70,40,19,17.7251472473145,0,30,2,4343,120
37.1547101070363,-1.19313919264134,549,955.1845703125,42,27,10,1466,10,68,40,19,17.707426071167,4,18,3,4403,118
36.5401320324187,-1.19522254667782,812,616.931030273438,38,28,40,1569,15,70,37,26,18.7752914428711,8,174,2,7191,100
36.567215134012,-1.19522254667782,688,762.021179199219,38,27,40,1897,18,68,36,27,18.9866275787354,36,-143,1,4646,77
36.5838816580694,-1.19522254667782,697,971.177917480469,45,29,10,2061,16,67,30,26,18.9821872711182,1,7,3,2485,107
36.5880482890838,-1.19522254667782,694,1133.08862304688,47,30,10,2058,28,62,27,26,18.9664058685303,2,-193,81,2470,93
36.5922149200982,-1.19522254667782,641,1133.08862304688,47,30,10,2058,28,62,27,26,18.9664058685303,2,-193,81,2470,93
36.6130480751699,-1.19522254667782,706,1529.15991210938,49,30,62,2118,18,60,23,28,18.9208011627197,3,8,12,1658,101
36.6317979147345,-1.19522254667782,663,1443.08984375,51,31,10,2070,19,60,22,27,18.9078159332275,5,-123,16,1676,99
36.6651309628494,-1.19522254667782,617,1700.45629882812,48,30,10,2046,19,57,25,28,18.8618335723877,4,-151,17,582,91
36.6817974869068,-1.19522254667782,516,1670.49963378906,49,30,10,1996,26,56,24,27,18.8785457611084,5,-128,13,334,92
36.7047139574858,-1.19522254667782,515,1687.41906738281,52,30,10,1933,26,60,24,24,18.8289070129395,3,-28,26,500,96
36.719297166036,-1.19522254667782,553,1660.00830078125,54,31,62,1885,27,59,24,23,18.7759647369385,5,-40,36,905,99
36.7255471125576,-1.19522254667782,497,1660.00830078125,54,31,62,1885,27,59,24,23,18.7759647369385,5,-40,36,905,99
36.7463802676294,-1.19522254667782,519,1615.37109375,51,30,10,1834,17,58,24,25,18.7018527984619,2,-13,6,2054,100
36.7672134227011,-1.19522254667782,567,1624.54833984375,51,31,60,1790,26,61,23,26,18.6582527160645,4,-131,28,3245,96
36.8130463638591,-1.19522254667782,522,1607.07629394531,49,29,190,1726,23,56,28,23,18.5196304321289,3,-18,16,3383,104
36.8484627274811,-1.19522254667782,454,1547.27966308594,47,29,190,1647,22,57,29,23,18.3872509002686,4,-9,20,3701,102
36.8880457221175,-1.19522254667782,456,1399.90698242188,45,28,190,1562,21,58,32,23,18.2370548248291,3,-56,11,4111,107
36.8922123531319,-1.19522254667782,533,1399.90698242188,45,28,190,1562,21,58,32,23,18.2370548248291,3,-56,11,4111,107
36.9088788771893,-1.19522254667782,483,1322.82006835938,42,27,190,1544,23,68,36,22,18.1862716674805,2,-58,5,4111,108
36.9109621926965,-1.19522254667782,506,1313.57043457031,41,26,12,1540,23,71,38,21,18.1644344329834,3,-52,26,4058,109
36.917212139218,-1.19522254667782,523,1313.57043457031,41,26,12,1540,23,71,38,21,18.1644344329834,3,-52,26,4058,109
36.9297120322611,-1.19522254667782,496,1334.83935546875,41,27,10,1541,17,73,38,21,18.127462387085,1,26,10,3950,118
36.95262850284,-1.19522254667782,454,1319.57629394531,43,27,10,1522,16,73,37,20,18.0700454711914,1,29,6,3839,118
37.0192945990697,-1.19522254667782,577,1206.09521484375,46,28,130,1482,14,72,33,20,17.9826278686523,0,-2,5,3987,125
37.0213779145769,-1.19522254667782,604,1206.09521484375,46,28,130,1482,14,72,33,20,17.9826278686523,0,-2,5,3987,125
37.0713774867492,-1.19522254667782,525,1136.61828613281,45,28,10,1474,14,70,35,21,17.8854427337646,0,10,1,4038,128
37.0901273263138,-1.19522254667782,643,1115.63244628906,45,28,130,1473,12,72,35,20,17.8507518768311,0,28,5,4051,133
37.0963772728353,-1.19522254667782,661,1069.89758300781,45,28,10,1472,11,71,35,20,17.8343486785889,1,51,4,4072,121
37.1067938503712,-1.19522254667782,550,1014.54284667969,43,27,10,1464,10,71,38,19,17.8182106018066,5,9,3,4093,113
37.1130437968928,-1.19522254667782,493,981.319152832031,43,27,20,1455,10,70,38,19,17.80055809021,5,19,6,4235,119
37.1151271123999,-1.19522254667782,498,981.319152832031,43,27,20,1455,10,70,38,19,17.80055809021,5,19,6,4235,119
37.1359602674717,-1.19522254667782,499,988.722534179688,42,26,10,1470,10,69,39,19,17.7441234588623,3,27,3,4250,119
36.5422153479259,-1.19730590071429,829,616.931030273438,38,28,40,1569,15,70,37,26,18.7752914428711,8,174,2,7191,100
36.5713817650264,-1.19730590071429,672,863.7294921875,41,28,10,2064,16,67,33,26,18.9946136474609,2,343,4,2466,87
36.5859649735766,-1.19730590071429,690,1133.08862304688,47,30,10,2058,28,62,27,26,18.9664058685303,2,-193,81,2470,93
36.5880482890838,-1.19730590071429,680,1133.08862304688,47,30,10,2058,28,62,27,26,18.9664058685303,2,-193,81,2470,93
36.5963815511125,-1.19730590071429,655,1390.06201171875,49,30,62,2177,17,62,25,27,18.935884475708,4,356,5,1239,87
36.6151313906771,-1.19730590071429,725,1529.15991210938,49,30,62,2118,18,60,23,28,18.9208011627197,3,8,12,1658,101
36.6442978077776,-1.19730590071429,611,1610.16918945312,48,30,10,2123,20,59,25,28,18.8728408813477,5,85,14,400,97
36.6505477542992,-1.19730590071429,633,1610.16918945312,48,30,10,2123,20,59,25,28,18.8728408813477,5,85,14,400,97
36.7088805885002,-1.19730590071429,484,1687.41906738281,52,30,10,1933,26,60,24,24,18.8289070129395,3,-28,26,500,96
36.7234637970504,-1.19730590071429,490,1660.00830078125,54,31,62,1885,27,59,24,23,18.7759647369385,5,-40,36,905,99
36.7547135296581,-1.19730590071429,523,1618.44360351562,50,31,10,1801,25,62,24,26,18.6789016723633,2,-125,24,2750,98
36.7672134227011,-1.19730590071429,511,1624.54833984375,51,31,60,1790,26,61,23,26,18.6582527160645,4,-131,28,3245,96
36.8067964173375,-1.19730590071429,480,1595.78918457031,48,29,62,1733,23,58,27,24,18.5420169830322,1,-12,17,3472,103
36.8109630483519,-1.19730590071429,480,1607.07629394531,49,29,190,1726,23,56,28,23,18.5196304321289,3,-18,16,3383,104
36.8151296793663,-1.19730590071429,515,1607.07629394531,49,29,190,1726,23,56,28,23,18.5196304321289,3,-18,16,3383,104
36.8213796258878,-1.19730590071429,495,1611.09069824219,48,29,190,1717,22,59,28,24,18.4923839569092,1,31,11,3374,103
36.8838790911031,-1.19730590071429,496,1446.80651855469,47,29,190,1601,21,57,29,24,18.2674350738525,6,42,15,3860,105
36.9192954547252,-1.19730590071429,482,1321.34240722656,42,27,190,1546,17,74,37,21,18.1461124420166,1,29,4,3956,116
36.940128609797,-1.19730590071429,430,1341.10595703125,40,26,10,1535,17,72,40,20,18.1072559356689,1,8,5,3887,117
36.9422119253041,-1.19730590071429,449,1341.10595703125,40,26,10,1535,17,72,40,20,18.1072559356689,1,8,5,3887,117
36.9901281819692,-1.19730590071429,765,1272.21655273438,44,27,10,1497,17,73,35,21,18.0287818908691,1,-8,4,3800,123
37.0047113905195,-1.19730590071429,770,1255.11486816406,45,28,10,1492,15,72,34,20,18.0043849945068,1,9,5,3899,124
37.0088780215338,-1.19730590071429,717,1255.11486816406,45,28,10,1492,15,72,34,20,18.0043849945068,1,9,5,3899,124
37.0255445455913,-1.19730590071429,580,1206.09521484375,46,28,130,1482,14,72,33,20,17.9826278686523,0,-2,5,3987,125
37.03387780762,-1.19730590071429,586,1178.455078125,46,29,40,1479,14,73,32,22,17.9685821533203,0,-11,3,4032,126
37.0401277541415,-1.19730590071429,633,1157.81567382812,45,28,130,1476,16,73,32,23,17.9530620574951,0,-6,5,4057,127
37.0484610161702,-1.19730590071429,612,1145.77453613281,46,29,130,1476,17,74,32,22,17.9366130828857,0,1,1,4050,130
37.0609609092133,-1.19730590071429,594,1137.51879882812,46,29,10,1475,12,69,33,20,17.9027881622314,0,9,1,4069,129
37.0880440108066,-1.19730590071429,555,1115.63244628906,45,28,130,1473,12,72,35,20,17.8507518768311,0,28,5,4051,133
37.1067938503712,-1.19730590071429,649,1014.54284667969,43,27,10,1464,10,71,38,19,17.8182106018066,5,9,3,4093,113
37.1213770589215,-1.19730590071429,635,973.377319335938,42,26,10,1463,9,69,38,19,17.7825889587402,6,-34,5,4116,117
37.1422102139933,-1.19730590071429,500,988.722534179688,42,26,10,1470,10,69,39,19,17.7441234588623,3,27,3,4250,119
36.5422153479259,-1.19938925475077,813,620.143920898438,38,27,40,1582,14,70,37,25,18.7909984588623,9,13,2,7045,97
36.5505486099546,-1.19938925475077,797,660.526550292969,38,27,40,1604,14,69,36,26,18.8372383117676,9,-163,0,6990,93
36.5526319254618,-1.19938925475077,782,703.6259765625,39,27,40,1739,18,68,36,26,18.9307975769043,14,-246,0,5696,88
36.5630485029977,-1.19938925475077,729,775.171020507812,38,27,40,1957,17,67,36,26,19.013822555542,33,81,8,4378,82
36.567215134012,-1.19938925475077,686,775.171020507812,38,27,40,1957,17,67,36,26,19.013822555542,33,81,8,4378,82
36.5713817650264,-1.19938925475077,682,886.950073242188,43,28,10,2032,15,66,33,25,19.0110263824463,5,132,2,2618,94
36.5797150270551,-1.19938925475077,669,1007.54235839844,45,29,10,2061,16,66,29,25,18.9918041229248,2,-11,5,2267,96
36.6109647596628,-1.19938925475077,712,1528.99938964844,50,30,10,2084,20,62,22,28,18.9357318878174,6,-102,8,1746,98
36.6192980216915,-1.19938925475077,757,1465.75622558594,50,30,10,2073,23,61,22,28,18.9309921264648,3,-71,7,1886,102
36.6359645457489,-1.19938925475077,596,1459.65625,49,30,62,2042,23,59,22,29,18.9108657836914,6,-197,22,1473,99
36.6401311767633,-1.19938925475077,608,1459.65625,49,30,62,2042,23,59,22,29,18.9108657836914,6,-197,22,1473,99
36.660964331835,-1.19938925475077,574,1700.5908203125,48,30,10,2058,21,59,25,27,18.868236541748,5,-11,18,297,96
36.6817974869068,-1.19938925475077,516,1670.21618652344,50,30,10,1980,20,57,24,27,18.8883953094482,5,-110,15,338,92
36.683880802414,-1.19938925475077,497,1670.21618652344,50,30,10,1980,20,57,24,27,18.8883953094482,5,-110,15,338,92
36.7297137435719,-1.19938925475077,501,1642.76989746094,55,31,10,1861,24,57,23,23,18.7568607330322,7,58,57,1383,99
36.7338803745863,-1.19938925475077,516,1642.76989746094,55,31,10,1861,24,57,23,23,18.7568607330322,7,58,57,1383,99
36.7526302141509,-1.19938925475077,509,1607.8408203125,52,31,61,1797,19,62,23,25,18.6854953765869,2,-30,26,2743,100
36.7567968451653,-1.19938925475077,495,1607.8408203125,52,31,61,1797,19,62,23,25,18.6854953765869,2,-30,26,2743,100
36.7942965242945,-1.19938925475077,584,1581.01989746094,49,29,190,1744,25,60,26,26,18.5721950531006,1,-3,8,3257,103
36.8109630483519,-1.19938925475077,476,1596.19775390625,47,28,190,1729,21,58,30,22,18.5284194946289,3,55,8,3234,109
36.823462941395,-1.19938925475077,465,1599.24426269531,48,29,190,1713,21,59,29,22,18.4995307922363,1,6,14,3331,106
36.8442960964667,-1.19938925475077,464,1541.89807128906,48,29,190,1641,24,57,30,22,18.40061378479,6,-15,18,3639,104
36.8526293584955,-1.19938925475077,444,1514.38647460938,46,29,190,1631,26,55,29,25,18.3698215484619,5,-39,29,3734,104
36.8630459360314,-1.19938925475077,447,1485.49816894531,46,30,190,1609,24,57,29,25,18.3376445770264,4,-78,41,3834,103
36.8734625135672,-1.19938925475077,420,1459.24157714844,44,28,190,1589,24,59,32,23,18.3072109222412,4,-105,12,3846,104
36.8797124600888,-1.19938925475077,431,1435.08032226562,43,28,190,1579,21,57,34,23,18.2795791625977,3,-98,1,4002,105
36.881795775596,-1.19938925475077,422,1435.08032226562,43,28,190,1579,21,57,34,23,18.2795791625977,3,-98,1,4002,105
36.8922123531319,-1.19938925475077,492,1402.63159179688,42,27,190,1565,22,63,36,22,18.2512474060059,3,-71,1,3928,106
36.9776282889262,-1.19938925475077,598,1283.35888671875,45,28,10,1498,16,68,35,21,18.0456295013428,0,-28,9,3738,120
36.9922114974764,-1.19938925475077,729,1261.01123046875,45,28,10,1494,17,70,34,21,18.0381507873535,0,-21,6,3776,120
36.9963781284908,-1.19938925475077,838,1242.49096679688,45,28,10,1492,18,70,34,21,18.0288715362549,1,-7,2,3776,122
37.0213779145769,-1.19938925475077,613,1189.52612304688,46,28,130,1485,14,69,33,21,17.9897403717041,1,22,0,3914,126
37.0234612300841,-1.19938925475077,605,1189.52612304688,46,28,130,1485,14,69,33,21,17.9897403717041,1,22,0,3914,126
37.0317944921128,-1.19938925475077,595,1160.08581542969,44,28,10,1479,16,71,32,23,17.9763507843018,0,1,1,3975,125
37.0422110696487,-1.19938925475077,637,1135.80737304688,45,28,130,1477,17,73,31,24,17.9608325958252,0,-1,3,4015,126
37.0880440108066,-1.19938925475077,536,1080.97595214844,43,28,10,1470,9,69,37,20,17.859354019165,2,1,1,4193,123
37.1026272193569,-1.19938925475077,702,1028.40661621094,42,27,10,1454,10,71,38,20,17.824275970459,4,-34,3,4444,119
37.1463768450076,-1.19938925475077,509,955.873107910156,43,27,10,1447,11,72,38,19,17.7329654693604,1,-96,12,4582,117
37.1526267915292,-1.19938925475077,516,925.722045898438,44,27,10,1455,13,73,38,19,17.7147541046143,5,-55,23,4768,117
36.5484652944474,-1.20147260878724,782,660.526550292969,38,27,40,1604,14,69,36,26,18.8372383117676,9,-163,0,6990,93
36.5547152409689,-1.20147260878724,773,703.6259765625,39,27,40,1739,18,68,36,26,18.9307975769043,14,-246,0,5696,88
36.6026314976341,-1.20147260878724,624,1549.57006835938,48,30,10,2113,16,63,26,26,18.9385147094727,4,-19,10,1479,92
36.6151313906771,-1.20147260878724,749,1528.99938964844,50,30,10,2084,20,62,22,28,18.9357318878174,6,-102,8,1746,98
36.6192980216915,-1.20147260878724,764,1465.75622558594,50,30,10,2073,23,61,22,28,18.9309921264648,3,-71,7,1886,102
36.625547968213,-1.20147260878724,670,1465.75622558594,50,30,10,2073,23,61,22,28,18.9309921264648,3,-71,7,1886,102
36.6588810163279,-1.20147260878724,612,1664.5751953125,48,30,10,2100,19,59,25,27,18.8732681274414,2,111,6,104,99
36.683880802414,-1.20147260878724,510,1670.21618652344,50,30,10,1980,20,57,24,27,18.8883953094482,5,-110,15,338,92
36.7130472195145,-1.20147260878724,517,1665.19384765625,54,31,60,1914,26,59,24,23,18.8052597045898,4,19,24,504,98
36.7755466847299,-1.20147260878724,544,1605.57983398438,49,30,10,1775,23,57,24,27,18.6446285247803,3,-14,31,3255,105
36.7963798398016,-1.20147260878724,567,1581.01989746094,49,29,190,1744,25,60,26,26,18.5721950531006,1,-3,8,3257,103
36.7984631553088,-1.20147260878724,541,1581.01989746094,49,29,190,1744,25,60,26,26,18.5721950531006,1,-3,8,3257,103
36.800546470816,-1.20147260878724,497,1581.01989746094,49,29,190,1744,25,60,26,26,18.5721950531006,1,-3,8,3257,103
36.823462941395,-1.20147260878724,451,1599.24426269531,48,29,190,1713,21,59,29,22,18.4995307922363,1,6,14,3331,106
36.8255462569021,-1.20147260878724,456,1599.24426269531,48,29,190,1713,21,59,29,22,18.4995307922363,1,6,14,3331,106
36.858879305017,-1.20147260878724,479,1514.38647460938,46,29,190,1631,26,55,29,25,18.3698215484619,5,-39,29,3734,104
36.8672125670457,-1.20147260878724,431,1485.49816894531,46,30,190,1609,24,57,29,25,18.3376445770264,4,-78,41,3834,103
36.8880457221175,-1.20147260878724,453,1402.63159179688,42,27,190,1565,22,63,36,22,18.2512474060059,3,-71,1,3928,106
36.8984622996534,-1.20147260878724,469,1360.23315429688,41,27,30,1557,18,62,37,21,18.2223434448242,2,-48,5,3950,107
36.9234620857395,-1.20147260878724,503,1295.33349609375,40,26,190,1526,18,71,39,22,18.1505966186523,1,-65,6,4068,110
36.9317953477682,-1.20147260878724,445,1308.13916015625,39,26,10,1525,17,71,40,21,18.1319465637207,1,-52,5,3950,117
36.9338786632754,-1.20147260878724,452,1308.13916015625,39,26,10,1525,17,71,40,21,18.1319465637207,1,-52,5,3950,117
36.9380452942898,-1.20147260878724,464,1322.69873046875,40,26,190,1528,18,71,39,21,18.1146469116211,3,8,6,3836,118
36.940128609797,-1.20147260878724,463,1322.69873046875,40,26,190,1528,18,71,39,21,18.1146469116211,3,8,6,3836,118
36.9838782354477,-1.20147260878724,733,1283.35888671875,45,28,10,1498,16,68,35,21,18.0456295013428,0,-28,9,3738,120
36.9942948129836,-1.20147260878724,831,1242.49096679688,45,28,10,1492,18,70,34,21,18.0288715362549,1,-7,2,3776,122
37.0192945990697,-1.20147260878724,600,1189.52612304688,46,28,130,1485,14,69,33,21,17.9897403717041,1,22,0,3914,126
37.0317944921128,-1.20147260878724,651,1160.08581542969,44,28,10,1479,16,71,32,23,17.9763507843018,0,1,1,3975,125
37.0380444386343,-1.20147260878724,654,1135.80737304688,45,28,130,1477,17,73,31,24,17.9608325958252,0,-1,3,4015,126
37.0463777006631,-1.20147260878724,628,1120.47277832031,46,28,40,1475,18,72,31,23,17.9444732666016,1,0,4,4082,128
37.0505443316774,-1.20147260878724,640,1120.47277832031,46,28,40,1475,18,72,31,23,17.9444732666016,1,0,4,4082,128
37.056794278199,-1.20147260878724,613,1110.62121582031,47,29,10,1472,14,71,32,22,17.9279289245605,0,-11,5,4123,125
37.0797107487779,-1.20147260878724,639,1091.0380859375,43,28,10,1463,12,70,37,20,17.8768997192383,2,-49,6,4152,127
37.0859606952994,-1.20147260878724,559,1080.97595214844,43,28,10,1470,9,69,37,20,17.859354019165,2,1,1,4193,123
36.5401320324187,-1.20355596282371,774,620.143920898438,38,27,40,1582,14,70,37,25,18.7909984588623,9,13,2,7045,97
36.5463819789402,-1.20355596282371,775,660.526550292969,38,27,40,1604,14,69,36,26,18.8372383117676,9,-163,0,6990,93
36.5547152409689,-1.20355596282371,759,703.6259765625,39,27,40,1739,18,68,36,26,18.9307975769043,14,-246,0,5696,88
36.5567985564761,-1.20355596282371,737,703.6259765625,39,27,40,1739,18,68,36,26,18.9307975769043,14,-246,0,5696,88
36.6151313906771,-1.20355596282371,761,1528.99938964844,50,30,10,2084,20,62,22,28,18.9357318878174,6,-102,8,1746,98
36.625547968213,-1.20355596282371,673,1465.75622558594,50,30,10,2073,23,61,22,28,18.9309921264648,3,-71,7,1886,102
36.6317979147345,-1.20355596282371,632,1424.45153808594,50,31,12,2070,23,58,21,29,18.9224662780762,2,-53,60,1530,103
36.6901307489355,-1.20355596282371,485,1658.46325683594,51,30,10,1980,21,59,26,23,18.8752288818359,3,-14,19,96,94
36.6984640109643,-1.20355596282371,500,1663.25769042969,52,30,60,1936,22,56,25,23,18.8530979156494,8,-105,17,157,95
36.7297137435719,-1.20355596282371,566,1642.76989746094,55,31,10,1861,24,57,23,23,18.7568607330322,7,58,57,1383,99
36.7463802676294,-1.20355596282371,522,1613.32666015625,50,31,62,1824,19,60,24,26,18.707426071167,2,7,31,2142,100
36.7484635831365,-1.20355596282371,525,1613.32666015625,50,31,62,1824,19,60,24,26,18.707426071167,2,7,31,2142,100
36.8067964173375,-1.20355596282371,455,1585.27124023438,48,29,10,1733,20,58,28,24,18.5504150390625,1,1,4,3247,104
36.8151296793663,-1.20355596282371,469,1596.19775390625,47,28,190,1729,21,58,30,22,18.5284194946289,3,55,8,3234,109
36.8172129948734,-1.20355596282371,492,1596.19775390625,47,28,190,1729,21,58,30,22,18.5284194946289,3,55,8,3234,109
36.8213796258878,-1.20355596282371,490,1599.24426269531,48,29,190,1713,21,59,29,22,18.4995307922363,1,6,14,3331,106
36.8276295724093,-1.20355596282371,438,1589.45104980469,49,29,190,1695,23,57,30,22,18.4680194854736,5,30,16,3408,105
36.8547126740026,-1.20355596282371,460,1514.38647460938,46,29,190,1631,26,55,29,25,18.3698215484619,5,-39,29,3734,104
36.8922123531319,-1.20355596282371,444,1402.63159179688,42,27,190,1565,22,63,36,22,18.2512474060059,3,-71,1,3928,106
36.894295668639,-1.20355596282371,465,1360.23315429688,41,27,30,1557,18,62,37,21,18.2223434448242,2,-48,5,3950,107
36.9422119253041,-1.20355596282371,455,1322.69873046875,40,26,190,1528,18,71,39,21,18.1146469116211,3,8,6,3836,118
36.9547118183472,-1.20355596282371,502,1316.29931640625,42,26,10,1512,16,70,38,20,18.0760307312012,1,-47,11,3817,120
37.0151279680554,-1.20355596282371,735,1211.94641113281,45,28,10,1490,15,67,34,21,18.0030174255371,1,22,0,3847,127
37.0255445455913,-1.20355596282371,619,1189.52612304688,46,28,130,1485,14,69,33,21,17.9897403717041,1,22,0,3914,126
37.0588775937061,-1.20355596282371,596,1110.62121582031,47,29,10,1472,14,71,32,22,17.9279289245605,0,-11,5,4123,125
37.069294171242,-1.20355596282371,642,1096.82189941406,43,28,10,1464,14,70,37,20,17.8942756652832,1,-52,18,4174,123
37.0984605883425,-1.20355596282371,614,1059.01281738281,43,27,10,1451,10,71,38,20,17.8420639038086,5,-77,12,4414,123
37.1047105348641,-1.20355596282371,641,1028.40661621094,42,27,10,1454,10,71,38,20,17.824275970459,4,-34,3,4444,119
37.1130437968928,-1.20355596282371,596,999.832336425781,42,27,10,1449,10,72,37,20,17.8068561553955,1,-78,14,4492,120
37.1317936364574,-1.20355596282371,604,970.63720703125,43,27,10,1446,10,72,37,20,17.7708740234375,5,-110,14,4560,116
37.1422102139933,-1.20355596282371,507,969.347473144531,43,27,10,1451,11,73,38,20,17.7518501281738,5,-96,7,4715,114
36.5380487169115,-1.20563931686019,780,620.143920898438,38,27,40,1582,14,70,37,25,18.7909984588623,9,13,2,7045,97
36.5526319254618,-1.20563931686019,745,703.6259765625,39,27,40,1739,18,68,36,26,18.9307975769043,14,-246,0,5696,88
36.5588818719833,-1.20563931686019,700,703.6259765625,39,27,40,1739,18,68,36,26,18.9307975769043,14,-246,0,5696,88
36.5713817650264,-1.20563931686019,676,886.950073242188,43,28,10,2032,15,66,33,25,19.0110263824463,5,132,2,2618,94
36.5734650805336,-1.20563931686019,676,886.950073242188,43,28,10,2032,15,66,33,25,19.0110263824463,5,132,2,2618,94
36.5797150270551,-1.20563931686019,712,1007.54235839844,45,29,10,2061,16,66,29,25,18.9918041229248,2,-11,5,2267,96
36.6151313906771,-1.20563931686019,741,1528.99938964844,50,30,10,2084,20,62,22,28,18.9357318878174,6,-102,8,1746,98
36.6234646527058,-1.20563931686019,712,1465.75622558594,50,30,10,2073,23,61,22,28,18.9309921264648,3,-71,7,1886,102
36.625547968213,-1.20563931686019,658,1465.75622558594,50,30,10,2073,23,61,22,28,18.9309921264648,3,-71,7,1886,102
36.6463811232848,-1.20563931686019,584,1566.193359375,48,30,62,2098,21,58,24,28,18.8900947570801,7,-15,19,566,96
36.648464438792,-1.20563931686019,569,1566.193359375,48,30,62,2098,21,58,24,28,18.8900947570801,7,-15,19,566,96
36.6713809093709,-1.20563931686019,577,1693.27709960938,50,30,10,2049,21,58,23,27,18.8720951080322,10,77,15,0,94
36.6797141713997,-1.20563931686019,505,1670.21618652344,50,30,10,1980,20,57,24,27,18.8883953094482,5,-110,15,338,92
36.6901307489355,-1.20563931686019,506,1658.46325683594,51,30,10,1980,21,59,26,23,18.8752288818359,3,-14,19,96,94
36.706797272993,-1.20563931686019,498,1668.17956542969,53,30,10,1940,22,58,25,23,18.8306579589844,3,42,17,281,98
36.7922132087873,-1.20563931686019,571,1588.96105957031,47,29,190,1758,24,56,27,25,18.595874786377,2,-4,13,3121,102
36.7963798398016,-1.20563931686019,559,1581.01989746094,49,29,190,1744,25,60,26,26,18.5721950531006,1,-3,8,3257,103
36.8151296793663,-1.20563931686019,482,1596.19775390625,47,28,190,1729,21,58,30,22,18.5284194946289,3,55,8,3234,109
36.8213796258878,-1.20563931686019,486,1599.24426269531,48,29,190,1713,21,59,29,22,18.4995307922363,1,6,14,3331,106
36.823462941395,-1.20563931686019,462,1599.24426269531,48,29,190,1713,21,59,29,22,18.4995307922363,1,6,14,3331,106
36.8255462569021,-1.20563931686019,442,1599.24426269531,48,29,190,1713,21,59,29,22,18.4995307922363,1,6,14,3331,106
36.8276295724093,-1.20563931686019,421,1589.45104980469,49,29,190,1695,23,57,30,22,18.4680194854736,5,30,16,3408,105
36.8567959895098,-1.20563931686019,464,1514.38647460938,46,29,190,1631,26,55,29,25,18.3698215484619,5,-39,29,3734,104
36.8630459360314,-1.20563931686019,422,1485.49816894531,46,30,190,1609,24,57,29,25,18.3376445770264,4,-78,41,3834,103
36.9088788771893,-1.20563931686019,478,1322.48950195312,41,26,190,1549,18,69,39,21,18.1962909698486,2,-33,2,3976,109
36.9192954547252,-1.20563931686019,552,1295.33349609375,40,26,190,1526,18,71,39,22,18.1505966186523,1,-65,6,4068,110
36.9234620857395,-1.20563931686019,496,1295.33349609375,40,26,190,1526,18,71,39,22,18.1505966186523,1,-65,6,4068,110
36.9255454012467,-1.20563931686019,457,1295.33349609375,40,26,190,1526,18,71,39,22,18.1505966186523,1,-65,6,4068,110
36.9713783424046,-1.20563931686019,537,1303.63330078125,44,27,40,1508,16,72,36,20,18.0497875213623,2,6,5,3752,119
37.0005447595051,-1.20563931686019,838,1242.49096679688,45,28,10,1492,18,70,34,21,18.0288715362549,1,-7,2,3776,122
37.0213779145769,-1.20563931686019,615,1189.52612304688,46,28,130,1485,14,69,33,21,17.9897403717041,1,22,0,3914,126
37.0255445455913,-1.20563931686019,625,1189.52612304688,46,28,130,1485,14,69,33,21,17.9897403717041,1,22,0,3914,126
37.0359611231272,-1.20563931686019,693,1135.80737304688,45,28,130,1477,17,73,31,24,17.9608325958252,0,-1,3,4015,126
37.0380444386343,-1.20563931686019,660,1135.80737304688,45,28,130,1477,17,73,31,24,17.9608325958252,0,-1,3,4015,126
37.0463777006631,-1.20563931686019,613,1120.47277832031,46,28,40,1475,18,72,31,23,17.9444732666016,1,0,4,4082,128
37.0484610161702,-1.20563931686019,625,1120.47277832031,46,28,40,1475,18,72,31,23,17.9444732666016,1,0,4,4082,128
37.0505443316774,-1.20563931686019,627,1120.47277832031,46,28,40,1475,18,72,31,23,17.9444732666016,1,0,4,4082,128
37.0713774867492,-1.20563931686019,552,1096.82189941406,43,28,10,1464,14,70,37,20,17.8942756652832,1,-52,18,4174,123
37.0859606952994,-1.20563931686019,686,1080.97595214844,43,28,10,1470,9,69,37,20,17.859354019165,2,1,1,4193,123
37.1047105348641,-1.20563931686019,583,1028.40661621094,42,27,10,1454,10,71,38,20,17.824275970459,4,-34,3,4444,119
37.1067938503712,-1.20563931686019,572,1028.40661621094,42,27,10,1454,10,71,38,20,17.824275970459,4,-34,3,4444,119
37.1463768450076,-1.20563931686019,536,955.873107910156,43,27,10,1447,11,72,38,19,17.7329654693604,1,-96,12,4582,117
37.1526267915292,-1.20563931686019,518,925.722045898438,44,27,10,1455,13,73,38,19,17.7147541046143,5,-55,23,4768,117
36.5713817650264,-1.20772267089666,670,940.030456542969,45,29,120,2041,16,66,31,24,19.0220737457275,8,124,4,2469,95
36.6463811232848,-1.20772267089666,593,1550.78125,48,30,62,2082,22,58,24,28,18.9050617218018,4,-21,61,663,96
36.6692975938638,-1.20772267089666,597,1694.45385742188,50,30,10,2034,20,58,23,27,18.8820495605469,4,33,16,44,92
36.6859641179212,-1.20772267089666,523,1654.50170898438,52,30,60,1962,20,58,25,23,18.882417678833,2,-16,29,116,95
36.7047139574858,-1.20772267089666,517,1654.46667480469,53,30,10,1907,24,59,25,23,18.8354549407959,6,-113,32,662,97
36.7088805885002,-1.20772267089666,504,1654.46667480469,53,30,10,1907,24,59,25,23,18.8354549407959,6,-113,32,662,97
36.7297137435719,-1.20772267089666,535,1632.88037109375,54,31,10,1845,19,59,22,23,18.7612400054932,2,-101,29,1447,98
36.7526302141509,-1.20772267089666,540,1608.05163574219,50,30,190,1810,22,61,25,26,18.6957511901855,6,44,17,2815,103
36.7547135296581,-1.20772267089666,527,1608.05163574219,50,30,190,1810,22,61,25,26,18.6957511901855,6,44,17,2815,103
36.7797133157442,-1.20772267089666,503,1593.00415039062,48,30,190,1769,22,58,26,25,18.6303100585938,4,0,15,3043,108
36.7880465777729,-1.20772267089666,486,1580.82751464844,48,29,190,1742,22,57,28,24,18.6031875610352,3,-19,10,3225,107
36.7922132087873,-1.20772267089666,569,1580.82751464844,48,29,190,1742,22,57,28,24,18.6031875610352,3,-19,10,3225,107
36.800546470816,-1.20772267089666,528,1569.47473144531,49,29,190,1736,23,58,26,25,18.5762329101562,3,-14,15,3228,102
36.8067964173375,-1.20772267089666,457,1569.15100097656,49,29,190,1731,19,57,28,23,18.5533752441406,2,9,12,3183,106
36.8109630483519,-1.20772267089666,465,1575.12426757812,46,28,190,1729,22,57,32,22,18.5308723449707,3,64,10,3135,110
36.8130463638591,-1.20772267089666,458,1575.12426757812,46,28,190,1729,22,57,32,22,18.5308723449707,3,64,10,3135,110
36.823462941395,-1.20772267089666,463,1578.64294433594,47,28,190,1716,23,56,31,22,18.5046138763428,3,32,9,3168,108
36.8255462569021,-1.20772267089666,471,1578.64294433594,47,28,190,1716,23,56,31,22,18.5046138763428,3,32,9,3168,108
36.8338795189309,-1.20772267089666,440,1576.73425292969,49,29,190,1698,22,56,30,21,18.4770412445068,2,32,18,3261,109
36.8567959895098,-1.20772267089666,441,1511.99755859375,46,29,190,1648,22,56,31,23,18.3833484649658,2,26,21,3470,109
36.8692958825529,-1.20772267089666,425,1471.11657714844,44,28,190,1627,21,61,35,21,18.3311672210693,3,63,0,3596,109
36.917212139218,-1.20772267089666,513,1345.833984375,41,26,190,1538,17,74,38,20,18.1879386901855,1,-84,0,3911,109
36.9567951338544,-1.20772267089666,486,1315.29162597656,42,27,10,1523,18,70,38,19,18.0835227966309,1,7,1,3569,122
36.9651283958831,-1.20772267089666,505,1320.76599121094,43,27,40,1520,18,71,38,19,18.0661964416504,1,25,3,3517,128
36.9672117113903,-1.20772267089666,508,1320.76599121094,43,27,40,1520,18,71,38,19,18.0661964416504,1,25,3,3517,128
37.0172112835626,-1.20772267089666,681,1175.45043945312,46,29,10,1485,16,70,33,21,18.0142383575439,0,-1,1,3713,125
37.0317944921128,-1.20772267089666,661,1133.240234375,45,28,10,1477,16,68,34,21,17.9844303131104,0,-13,1,3849,122
37.03387780762,-1.20772267089666,676,1133.240234375,45,28,10,1477,16,68,34,21,17.9844303131104,0,-13,1,3849,122
37.0526276471846,-1.20772267089666,611,1095.77185058594,43,27,120,1472,14,70,36,21,17.93479347229,0,-15,1,3925,122
37.0672108557348,-1.20772267089666,530,1094.04077148438,42,27,10,1473,12,70,37,21,17.917028427124,1,0,1,3944,127
37.1297103209502,-1.20772267089666,532,1009.69104003906,41,27,130,1469,10,69,39,20,17.7747650146484,1,22,1,4188,120
37.1338769519646,-1.20772267089666,512,1009.69104003906,41,27,130,1469,10,69,39,20,17.7747650146484,1,22,1,4188,120
36.5297154548828,-1.20980602493314,751,587.636291503906,36,26,120,1477,13,70,40,23,18.7964134216309,8,-191,0,7433,101
36.5401320324187,-1.20980602493314,756,628.598999023438,38,27,40,1602,14,69,37,25,18.8128929138184,21,-100,5,7040,95
36.5484652944474,-1.20980602493314,709,672.370544433594,39,28,40,1628,15,68,36,26,18.8739910125732,15,-189,0,6497,88
36.5547152409689,-1.20980602493314,709,717.471496582031,39,28,40,1771,15,68,35,25,18.9705581665039,16,-212,1,5171,81
36.567215134012,-1.20980602493314,651,807.302124023438,40,27,40,2025,18,67,35,26,19.0427093505859,27,314,11,3560,75
36.5755483960407,-1.20980602493314,703,940.030456542969,45,29,120,2041,16,66,31,24,19.0220737457275,8,124,4,2469,95
36.5817983425623,-1.20980602493314,725,1067.47216796875,47,30,62,2082,19,64,28,24,18.9989204406738,4,99,17,1837,105
36.5859649735766,-1.20980602493314,684,1232.51538085938,49,30,62,2078,19,61,26,26,18.983247756958,8,-132,10,1954,92
36.6005481821269,-1.20980602493314,613,1455.33288574219,50,30,120,2165,16,64,24,26,18.9583988189697,7,321,7,822,93
36.6192980216915,-1.20980602493314,689,1483.61730957031,50,30,10,2059,23,61,23,27,18.9414806365967,1,-98,8,1894,101
36.6317979147345,-1.20980602493314,631,1454.21594238281,52,31,10,2061,26,56,21,27,18.9313297271729,5,-10,15,1513,105
36.6630476473422,-1.20980602493314,581,1695.11682128906,48,29,10,2095,20,57,26,27,18.876916885376,4,94,16,-42,101
36.6713809093709,-1.20980602493314,559,1694.45385742188,50,30,10,2034,20,58,23,27,18.8820495605469,4,33,16,44,92
36.6734642248781,-1.20980602493314,551,1694.45385742188,50,30,10,2034,20,58,23,27,18.8820495605469,4,33,16,44,92
36.6963806954571,-1.20980602493314,507,1651.82641601562,53,31,62,1955,22,58,24,23,18.8589973449707,6,60,15,123,95
36.7151305350217,-1.20980602493314,496,1654.18920898438,53,31,10,1899,21,58,24,23,18.8114490509033,3,12,21,701,97
36.7755466847299,-1.20980602493314,532,1598.08740234375,50,30,190,1764,21,59,24,26,18.6527194976807,3,-55,19,2948,108
36.8026297863232,-1.20980602493314,473,1569.15100097656,49,29,190,1731,19,57,28,23,18.5533752441406,2,9,12,3183,106
36.8859624066103,-1.20980602493314,392,1440.25207519531,43,27,190,1596,19,61,38,20,18.2768096923828,6,52,10,3665,107
36.9067955616821,-1.20980602493314,503,1371.18286132812,40,26,190,1554,17,73,39,20,18.2148609161377,1,-65,2,3831,109
36.9088788771893,-1.20980602493314,506,1371.18286132812,40,26,190,1554,17,73,39,20,18.2148609161377,1,-65,2,3831,109
36.9734616579118,-1.20980602493314,579,1317.29284667969,44,27,10,1515,16,70,37,19,18.0527324676514,1,39,3,3448,122
37.0067947060267,-1.20980602493314,838,1193.64733886719,47,29,10,1486,14,69,33,21,18.0282955169678,0,-18,2,3694,122
37.010961337041,-1.20980602493314,901,1175.45043945312,46,29,10,1485,16,70,33,21,18.0142383575439,0,-1,1,3713,125
37.0276278610985,-1.20980602493314,616,1133.240234375,45,28,10,1477,16,68,34,21,17.9844303131104,0,-13,1,3849,122
37.0463777006631,-1.20980602493314,630,1101.47778320312,44,28,10,1474,15,68,35,22,17.9517669677734,0,-7,2,3908,122
37.0505443316774,-1.20980602493314,592,1101.47778320312,44,28,10,1474,15,68,35,22,17.9517669677734,0,-7,2,3908,122
37.1005439038497,-1.20980602493314,573,1078.89672851562,42,27,130,1472,12,70,37,21,17.8461608886719,0,9,1,3980,124
37.127627005443,-1.20980602493314,555,1009.69104003906,41,27,130,1469,10,69,39,20,17.7747650146484,1,22,1,4188,120
37.1338769519646,-1.20980602493314,504,1009.69104003906,41,27,130,1469,10,69,39,20,17.7747650146484,1,22,1,4188,120
37.1484601605148,-1.20980602493314,522,959.529113769531,40,26,10,1470,10,70,40,19,17.7382640838623,1,35,0,4225,122
36.5401320324187,-1.21188937896961,743,628.598999023438,38,27,40,1602,14,69,37,25,18.8128929138184,21,-100,5,7040,95
36.5505486099546,-1.21188937896961,719,672.370544433594,39,28,40,1628,15,68,36,26,18.8739910125732,15,-189,0,6497,88
36.5588818719833,-1.21188937896961,672,717.471496582031,39,28,40,1771,15,68,35,25,18.9705581665039,16,-212,1,5171,81
36.6151313906771,-1.21188937896961,634,1537.24938964844,50,30,62,2095,18,61,24,26,18.9453620910645,4,11,8,1586,99
36.6901307489355,-1.21188937896961,498,1654.50170898438,52,30,60,1962,20,58,25,23,18.882417678833,2,-16,29,116,95
36.6942973799499,-1.21188937896961,507,1651.82641601562,53,31,62,1955,22,58,24,23,18.8589973449707,6,60,15,123,95
36.7234637970504,-1.21188937896961,554,1646.59448242188,54,30,10,1874,20,58,24,23,18.7863445281982,4,2,20,1159,97
36.7276304280648,-1.21188937896961,534,1632.88037109375,54,31,10,1845,19,59,22,23,18.7612400054932,2,-101,29,1447,98
36.7484635831365,-1.21188937896961,529,1612.38696289062,50,30,190,1825,18,59,25,25,18.7160205841064,4,38,15,2120,100
36.7588801606724,-1.21188937896961,513,1608.05163574219,50,30,190,1810,22,61,25,26,18.6957511901855,6,44,17,2815,103
36.8151296793663,-1.21188937896961,472,1575.12426757812,46,28,190,1729,22,57,32,22,18.5308723449707,3,64,10,3135,110
36.835962834438,-1.21188937896961,456,1564.796875,48,29,190,1674,22,57,31,21,18.4465389251709,3,6,11,3379,108
36.8463794119739,-1.21188937896961,420,1541.41943359375,47,29,190,1658,22,58,31,22,18.4132614135742,1,-12,14,3440,108
36.8755458290744,-1.21188937896961,425,1471.11657714844,44,28,190,1627,21,61,35,21,18.3311672210693,3,63,0,3596,109
36.917212139218,-1.21188937896961,466,1345.833984375,41,26,190,1538,17,74,38,20,18.1879386901855,1,-84,0,3911,109
36.9192954547252,-1.21188937896961,477,1323.92724609375,39,25,190,1541,19,77,41,21,18.1639461517334,1,-5,0,3750,113
36.9609617648687,-1.21188937896961,515,1320.76599121094,43,27,40,1520,18,71,38,19,18.0661964416504,1,25,3,3517,128
36.9651283958831,-1.21188937896961,523,1320.76599121094,43,27,40,1520,18,71,38,19,18.0661964416504,1,25,3,3517,128
36.9963781284908,-1.21188937896961,730,1223.09484863281,46,29,10,1489,18,68,32,21,18.0384273529053,1,-11,5,3625,121
37.0380444386343,-1.21188937896961,631,1113.44323730469,44,28,10,1476,17,70,34,22,17.9684562683105,1,-4,0,3868,122
37.0442943851559,-1.21188937896961,675,1101.47778320312,44,28,10,1474,15,68,35,22,17.9517669677734,0,-7,2,3908,122
37.0651275402277,-1.21188937896961,553,1094.04077148438,42,27,10,1473,12,70,37,21,17.917028427124,1,0,1,3944,127
37.0942939573282,-1.21188937896961,592,1078.89672851562,42,27,130,1472,12,70,37,21,17.8461608886719,0,9,1,3980,124
37.127627005443,-1.21188937896961,554,1009.69104003906,41,27,130,1469,10,69,39,20,17.7747650146484,1,22,1,4188,120
36.5401320324187,-1.21397273300609,797,628.598999023438,38,27,40,1602,14,69,37,25,18.8128929138184,21,-100,5,7040,95
36.5422153479259,-1.21397273300609,788,628.598999023438,38,27,40,1602,14,69,37,25,18.8128929138184,21,-100,5,7040,95
36.5588818719833,-1.21397273300609,694,717.471496582031,39,28,40,1771,15,68,35,25,18.9705581665039,16,-212,1,5171,81
36.5755483960407,-1.21397273300609,718,940.030456542969,45,29,120,2041,16,66,31,24,19.0220737457275,8,124,4,2469,95
36.6338812302417,-1.21397273300609,661,1454.21594238281,52,31,10,2061,26,56,21,27,18.9313297271729,5,-10,15,1513,105
36.6401311767633,-1.21397273300609,606,1474.81848144531,51,31,62,2030,28,56,21,29,18.9213981628418,2,-195,46,1473,101
36.648464438792,-1.21397273300609,603,1550.78125,48,30,62,2082,22,58,24,28,18.9050617218018,4,-21,61,663,96
36.6734642248781,-1.21397273300609,523,1694.45385742188,50,30,10,2034,20,58,23,27,18.8820495605469,4,33,16,44,92
36.6776308558925,-1.21397273300609,512,1671.26647949219,50,30,10,1985,20,59,24,27,18.897834777832,2,-63,16,239,92
36.7255471125576,-1.21397273300609,535,1646.59448242188,54,30,10,1874,20,58,24,23,18.7863445281982,4,2,20,1159,97
36.823462941395,-1.21397273300609,477,1578.64294433594,47,28,190,1716,23,56,31,22,18.5046138763428,3,32,9,3168,108
36.8526293584955,-1.21397273300609,407,1511.99755859375,46,29,190,1648,22,56,31,23,18.3833484649658,2,26,21,3470,109
36.8609626205242,-1.21397273300609,446,1485.81457519531,46,29,190,1630,21,56,31,23,18.3550968170166,2,12,13,3599,109
36.881795775596,-1.21397273300609,403,1461.52941894531,41,27,190,1618,21,59,38,21,18.3061943054199,2,75,4,3565,109
36.9567951338544,-1.21397273300609,523,1315.29162597656,42,27,10,1523,18,70,38,19,18.0835227966309,1,7,1,3569,122
36.9859615509549,-1.21397273300609,728,1260.82482910156,46,29,10,1499,16,68,34,21,18.0434684753418,1,9,3,3526,121
37.0067947060267,-1.21397273300609,905,1193.64733886719,47,29,10,1486,14,69,33,21,18.0282955169678,0,-18,2,3694,122
37.0484610161702,-1.21397273300609,682,1101.47778320312,44,28,10,1474,15,68,35,22,17.9517669677734,0,-7,2,3908,122
37.0651275402277,-1.21397273300609,586,1094.04077148438,42,27,10,1473,12,70,37,21,17.917028427124,1,0,1,3944,127
37.0984605883425,-1.21397273300609,547,1078.89672851562,42,27,130,1472,12,70,37,21,17.8461608886719,0,9,1,3980,124
37.1234603744287,-1.21397273300609,607,1029.21801757812,43,27,130,1468,10,70,37,20,17.7930316925049,1,16,3,4108,125
37.1297103209502,-1.21397273300609,531,1009.69104003906,41,27,130,1469,10,69,39,20,17.7747650146484,1,22,1,4188,120
37.1401268984861,-1.21397273300609,544,992.062805175781,40,26,10,1471,11,68,40,20,17.7561836242676,1,32,0,4208,122
37.1463768450076,-1.21397273300609,533,959.529113769531,40,26,10,1470,10,70,40,19,17.7382640838623,1,35,0,4225,122
37.1526267915292,-1.21397273300609,546,921.070617675781,42,26,10,1450,10,71,40,18,17.721321105957,3,-76,7,4485,117
36.53179877039,-1.21605608704256,744,597.192810058594,37,26,40,1517,14,69,39,24,18.7947177886963,7,41,3,6675,99
36.567215134012,-1.21605608704256,652,842.357238769531,41,27,40,2043,15,68,34,25,19.0589828491211,14,436,5,2614,76
36.6234646527058,-1.21605608704256,665,1500.79077148438,50,30,10,2063,22,62,24,26,18.9518013000488,4,-49,10,1621,101
36.6526310698063,-1.21605608704256,533,1627.30078125,47,30,10,2081,20,58,26,27,18.9010047912598,3,82,2,182,103
36.6567977008207,-1.21605608704256,578,1627.30078125,47,30,10,2081,20,58,26,27,18.9010047912598,3,82,2,182,103
36.6713809093709,-1.21605608704256,533,1684.54296875,49,30,62,2030,20,58,24,27,18.9008197784424,6,4,18,-45,91
36.6797141713997,-1.21605608704256,541,1663.95776367188,49,30,10,1966,18,58,24,27,18.9062976837158,3,-124,14,307,90
36.7130472195145,-1.21605608704256,483,1645.52282714844,52,30,62,1905,14,60,26,22,18.8202724456787,3,74,5,708,98
36.7609634761796,-1.21605608704256,486,1593.30981445312,50,30,190,1788,18,58,26,24,18.6805992126465,4,12,5,2844,104
36.7692967382083,-1.21605608704256,484,1587.11145019531,50,29,190,1782,16,57,28,22,18.6596145629883,2,37,10,2852,107
36.8463794119739,-1.21605608704256,418,1533.99572753906,47,29,190,1661,23,56,30,23,18.4249248504639,5,26,19,3448,108
36.8484627274811,-1.21605608704256,430,1533.99572753906,47,29,190,1661,23,56,30,23,18.4249248504639,5,26,19,3448,108
36.9047122461749,-1.21605608704256,491,1423.79528808594,40,26,190,1579,19,74,40,19,18.2412853240967,6,65,0,3367,110
36.9547118183472,-1.21605608704256,533,1304.63330078125,43,27,10,1522,15,68,39,19,18.0904216766357,0,0,4,3396,122
36.9567951338544,-1.21605608704256,541,1304.63330078125,43,27,10,1522,15,68,39,19,18.0904216766357,0,0,4,3396,122
36.9817949199405,-1.21605608704256,703,1294.02648925781,45,28,10,1505,16,70,35,20,18.0529499053955,1,8,6,3279,119
36.998461443998,-1.21605608704256,746,1215.69738769531,48,29,40,1488,17,70,31,21,18.0452346801758,0,-21,6,3522,120
37.0401277541415,-1.21605608704256,604,1109.44775390625,44,28,10,1476,16,70,36,20,17.9745578765869,1,-20,0,3702,123
37.0463777006631,-1.21605608704256,598,1104.11279296875,45,28,40,1476,16,72,35,20,17.9576168060303,0,-5,1,3700,127
37.0547109626918,-1.21605608704256,649,1100.86547851562,45,28,130,1475,12,69,34,21,17.9403228759766,1,-1,1,3687,128
37.0609609092133,-1.21605608704256,644,1101.25952148438,43,28,130,1478,12,71,35,22,17.9223861694336,0,7,3,3695,130
37.069294171242,-1.21605608704256,556,1100.60510253906,43,28,10,1476,12,69,35,22,17.904655456543,1,1,0,3714,130
37.0838773797923,-1.21605608704256,573,1099.22290039062,43,28,10,1476,12,72,35,22,17.8869934082031,0,3,3,3720,129
37.1151271123999,-1.21605608704256,601,1101.46057128906,41,27,130,1475,11,70,37,22,17.8153381347656,0,8,2,3823,124
37.1172104279071,-1.21605608704256,597,1101.46057128906,41,27,130,1475,11,70,37,22,17.8153381347656,0,8,2,3823,124
37.1297103209502,-1.21605608704256,531,1022.60668945312,41,27,130,1474,10,71,37,22,17.7805042266846,0,32,0,3855,132
37.1547101070363,-1.21605608704256,623,919.539184570312,41,26,10,1450,10,71,40,19,17.7275772094727,2,-33,2,4011,115
36.5276321393756,-1.21813944107903,761,597.192810058594,37,26,40,1517,14,69,39,24,18.7947177886963,7,41,3,6675,99
36.590131604591,-1.21813944107903,680,1257.68981933594,50,30,62,2070,26,62,25,25,18.9946479797363,13,-105,1,1766,95
36.5984648666197,-1.21813944107903,633,1459.93249511719,51,31,62,2125,19,62,24,26,18.9718990325928,4,140,7,1081,100
36.625547968213,-1.21813944107903,653,1500.79077148438,50,30,10,2063,22,62,24,26,18.9518013000488,4,-49,10,1621,101
36.6297145992274,-1.21813944107903,647,1492.36279296875,51,31,10,2097,23,57,21,28,18.9394626617432,2,100,29,1057,102
36.6567977008207,-1.21813944107903,579,1627.30078125,47,30,10,2081,20,58,26,27,18.9010047912598,3,82,2,182,103
36.6755475403853,-1.21813944107903,523,1684.54296875,49,30,62,2030,20,58,24,27,18.9008197784424,6,4,18,-45,91
36.7692967382083,-1.21813944107903,462,1587.11145019531,50,29,190,1782,16,57,28,22,18.6596145629883,2,37,10,2852,107
36.7713800537155,-1.21813944107903,526,1587.11145019531,50,29,190,1782,16,57,28,22,18.6596145629883,2,37,10,2852,107
36.8026297863232,-1.21813944107903,519,1552.77624511719,48,29,190,1718,24,56,28,25,18.554515838623,2,-38,24,3258,104
36.8213796258878,-1.21813944107903,414,1552.43664550781,47,28,190,1705,20,58,31,22,18.505163192749,2,-5,2,3269,109
36.8567959895098,-1.21813944107903,398,1503.59191894531,46,29,190,1645,21,57,32,23,18.3912715911865,2,-9,16,3411,108
36.8880457221175,-1.21813944107903,410,1467.7353515625,43,27,190,1610,18,68,38,20,18.2957534790039,2,46,8,3362,110
36.8901290376247,-1.21813944107903,417,1467.7353515625,43,27,190,1610,18,68,38,20,18.2957534790039,2,46,8,3362,110
36.8963789841462,-1.21813944107903,448,1445.55029296875,40,26,190,1602,19,75,40,20,18.2679462432861,1,66,0,3354,111
36.9088788771893,-1.21813944107903,474,1423.79528808594,40,26,190,1579,19,74,40,19,18.2412853240967,6,65,0,3367,110
36.9297120322611,-1.21813944107903,513,1323.03955078125,39,25,10,1535,18,70,41,20,18.1508769989014,2,-45,0,3553,113
36.9380452942898,-1.21813944107903,475,1305.005859375,39,26,10,1532,18,72,41,20,18.1291313171387,2,-5,0,3517,117
36.9422119253041,-1.21813944107903,463,1305.005859375,39,26,10,1532,18,72,41,20,18.1291313171387,2,-5,0,3517,117
36.9692950268975,-1.21813944107903,544,1309.97937011719,44,28,10,1516,15,70,37,19,18.060079574585,2,29,3,3234,125
37.0005447595051,-1.21813944107903,763,1215.69738769531,48,29,40,1488,17,70,31,21,18.0452346801758,0,-21,6,3522,120
37.0088780215338,-1.21813944107903,918,1176.66748046875,48,29,10,1485,23,63,30,22,18.0351448059082,0,-15,18,3560,120
37.0172112835626,-1.21813944107903,783,1151.53002929688,47,28,10,1483,18,67,31,22,18.0217342376709,0,-8,15,3589,121
37.0422110696487,-1.21813944107903,630,1109.44775390625,44,28,10,1476,16,70,36,20,17.9745578765869,1,-20,0,3702,123
37.0442943851559,-1.21813944107903,632,1104.11279296875,45,28,40,1476,16,72,35,20,17.9576168060303,0,-5,1,3700,127
37.0880440108066,-1.21813944107903,615,1102.99780273438,43,28,130,1478,11,72,34,23,17.8687686920166,1,16,4,3769,129
37.0963772728353,-1.21813944107903,666,1114.63684082031,44,28,130,1477,11,71,34,23,17.8501453399658,1,7,5,3788,127
37.1047105348641,-1.21813944107903,567,1120.55065917969,41,27,120,1478,10,68,37,22,17.8319511413574,1,17,5,3797,125
37.1151271123999,-1.21813944107903,586,1101.46057128906,41,27,130,1475,11,70,37,22,17.8153381347656,0,8,2,3823,124
37.1297103209502,-1.21813944107903,552,1022.60668945312,41,27,130,1474,10,71,37,22,17.7805042266846,0,32,0,3855,132
37.1317936364574,-1.21813944107903,557,1022.60668945312,41,27,130,1474,10,71,37,22,17.7805042266846,0,32,0,3855,132
36.5192988773469,-1.22022279511551,772,567.572570800781,37,26,10,1452,14,70,40,23,18.829496383667,3,-115,0,7231,103
36.5234655083613,-1.22022279511551,808,567.572570800781,37,26,10,1452,14,70,40,23,18.829496383667,3,-115,0,7231,103
36.5547152409689,-1.22022279511551,741,735.314331054688,39,27,40,1796,16,68,36,25,19.0046081542969,33,-195,3,4729,76
36.567215134012,-1.22022279511551,652,842.357238769531,41,27,40,2043,15,68,34,25,19.0589828491211,14,436,5,2614,76
36.5692984495192,-1.22022279511551,705,981.793640136719,45,29,10,2054,18,68,31,25,19.0351104736328,1,178,4,1912,98
36.5734650805336,-1.22022279511551,731,981.793640136719,45,29,10,2054,18,68,31,25,19.0351104736328,1,178,4,1912,98
36.5859649735766,-1.22022279511551,679,1257.68981933594,50,30,62,2070,26,62,25,25,18.9946479797363,13,-105,1,1766,95
36.6088814441556,-1.22022279511551,635,1552.23156738281,49,30,120,2116,16,66,26,25,18.9620666503906,1,46,5,1209,102
36.6442978077776,-1.22022279511551,545,1554.37097167969,48,30,60,2046,21,58,24,28,18.9178886413574,13,-134,43,693,99
36.6526310698063,-1.22022279511551,581,1627.30078125,47,30,10,2081,20,58,26,27,18.9010047912598,3,82,2,182,103
36.683880802414,-1.22022279511551,463,1663.95776367188,49,30,10,1966,18,58,24,27,18.9062976837158,3,-124,14,307,90
36.6922140644427,-1.22022279511551,487,1648.64562988281,52,30,62,1956,21,58,24,24,18.8888988494873,4,15,18,76,96
36.706797272993,-1.22022279511551,471,1644.83251953125,53,30,60,1918,16,57,25,22,18.8425216674805,2,-17,22,573,97
36.7234637970504,-1.22022279511551,483,1635.78540039062,52,30,10,1862,18,62,26,23,18.7941360473633,1,-36,37,1361,97
36.7359636900935,-1.22022279511551,507,1609.83203125,52,30,10,1838,17,58,25,23,18.7462139129639,5,46,11,1928,100
36.7547135296581,-1.22022279511551,528,1602.07482910156,48,30,190,1801,19,57,26,26,18.7025566101074,3,-12,17,2479,102
36.7692967382083,-1.22022279511551,474,1587.11145019531,50,29,190,1782,16,57,28,22,18.6596145629883,2,37,10,2852,107
36.7755466847299,-1.22022279511551,477,1587.11145019531,50,29,190,1782,16,57,28,22,18.6596145629883,2,37,10,2852,107
36.7942965242945,-1.22022279511551,489,1560.91455078125,47,30,190,1742,21,58,27,26,18.5818138122559,4,6,19,3049,109
36.823462941395,-1.22022279511551,416,1552.43664550781,47,28,190,1705,20,58,31,22,18.505163192749,2,-5,2,3269,109
36.881795775596,-1.22022279511551,418,1476.58813476562,43,27,190,1623,19,66,38,20,18.3205947875977,1,45,7,3329,114
36.917212139218,-1.22022279511551,459,1403.21594238281,41,27,190,1580,17,72,39,20,18.2155590057373,7,96,8,3625,109
36.9588784493616,-1.22022279511551,541,1304.63330078125,43,27,10,1522,15,68,39,19,18.0904216766357,0,0,4,3396,122
36.9672117113903,-1.22022279511551,528,1310.30395507812,44,28,10,1519,15,71,36,19,18.0734710693359,1,13,3,3340,126
36.9963781284908,-1.22022279511551,714,1215.69738769531,48,29,40,1488,17,70,31,21,18.0452346801758,0,-21,6,3522,120
37.0172112835626,-1.22022279511551,798,1151.53002929688,47,28,10,1483,18,67,31,22,18.0217342376709,0,-8,15,3589,121
37.0297111766056,-1.22022279511551,584,1118.16589355469,45,28,10,1479,15,67,35,20,17.9907836914062,0,-6,0,3633,126
37.0588775937061,-1.22022279511551,632,1100.86547851562,45,28,130,1475,12,69,34,21,17.9403228759766,1,-1,1,3687,128
37.0755441177636,-1.22022279511551,615,1100.60510253906,43,28,10,1476,12,69,35,22,17.904655456543,1,1,0,3714,130
37.0880440108066,-1.22022279511551,650,1102.99780273438,43,28,130,1478,11,72,34,23,17.8687686920166,1,16,4,3769,129
37.1234603744287,-1.22022279511551,585,1062.015625,41,27,130,1474,10,70,36,22,17.7983932495117,1,11,0,3862,126
37.1255436899358,-1.22022279511551,621,1062.015625,41,27,130,1474,10,70,36,22,17.7983932495117,1,11,0,3862,126
36.5380487169115,-1.22230614915198,789,642.885620117188,39,28,40,1602,15,68,35,26,18.8364124298096,22,-169,5,6754,94
36.5797150270551,-1.22230614915198,746,1098.38525390625,48,30,10,2082,19,65,28,24,19.0131931304932,0,111,6,1649,97
36.5859649735766,-1.22230614915198,702,1257.68981933594,50,30,62,2070,26,62,25,25,18.9946479797363,13,-105,1,1766,95
36.6297145992274,-1.22230614915198,719,1492.36279296875,51,31,10,2097,23,57,21,28,18.9394626617432,2,100,29,1057,102
36.7172138505289,-1.22230614915198,457,1645.52282714844,52,30,62,1905,14,60,26,22,18.8202724456787,3,74,5,708,98
36.777630000237,-1.22230614915198,468,1583.52478027344,48,29,190,1773,20,57,29,22,18.6386280059814,2,71,18,2881,109
36.7817966312514,-1.22230614915198,539,1583.52478027344,48,29,190,1773,20,57,29,22,18.6386280059814,2,71,18,2881,109
36.7922132087873,-1.22230614915198,501,1573.93701171875,47,29,190,1742,23,58,28,25,18.6103458404541,4,2,39,3080,107
36.8047131018304,-1.22230614915198,513,1552.77624511719,48,29,190,1718,24,56,28,25,18.554515838623,2,-38,24,3258,104
36.8088797328447,-1.22230614915198,441,1552.77624511719,48,29,190,1718,24,56,28,25,18.554515838623,2,-38,24,3258,104
36.8338795189309,-1.22230614915198,429,1556.75024414062,48,29,190,1694,22,58,31,22,18.4827671051025,1,23,17,3286,111
36.8380461499452,-1.22230614915198,424,1553.04577636719,47,29,190,1681,22,56,30,22,18.455961227417,2,31,40,3315,110
36.8422127809596,-1.22230614915198,413,1553.04577636719,47,29,190,1681,22,56,30,22,18.455961227417,2,31,40,3315,110
36.881795775596,-1.22230614915198,409,1476.58813476562,43,27,190,1623,19,66,38,20,18.3205947875977,1,45,7,3329,114
36.894295668639,-1.22230614915198,440,1445.55029296875,40,26,190,1602,19,75,40,20,18.2679462432861,1,66,0,3354,111
36.9151288237108,-1.22230614915198,484,1403.21594238281,41,27,190,1580,17,72,39,20,18.2155590057373,7,96,8,3625,109
36.9213787702324,-1.22230614915198,482,1365.71630859375,40,26,10,1537,19,69,40,20,18.1829891204834,1,-45,12,3689,107
36.9338786632754,-1.22230614915198,520,1323.03955078125,39,25,10,1535,18,70,41,20,18.1508769989014,2,-45,0,3553,113
36.9422119253041,-1.22230614915198,480,1305.005859375,39,26,10,1532,18,72,41,20,18.1291313171387,2,-5,0,3517,117
36.9463785563185,-1.22230614915198,500,1302.26257324219,41,26,10,1530,17,68,41,19,18.1096630096436,1,15,2,3432,121
36.9547118183472,-1.22230614915198,505,1304.63330078125,43,27,10,1522,15,68,39,19,18.0904216766357,0,0,4,3396,122
37.0463777006631,-1.22230614915198,626,1104.11279296875,45,28,40,1476,16,72,35,20,17.9576168060303,0,-5,1,3700,127
37.0901273263138,-1.22230614915198,655,1102.99780273438,43,28,130,1478,11,72,34,23,17.8687686920166,1,16,4,3769,129
37.0942939573282,-1.22230614915198,591,1114.63684082031,44,28,130,1477,11,71,34,23,17.8501453399658,1,7,5,3788,127
36.5442986634331,-1.22438950318846,806,700.378051757812,38,28,40,1714,15,68,36,26,18.9759330749512,16,-277,0,5443,83
36.5567985564761,-1.22438950318846,704,752.340026855469,38,27,40,1880,17,68,37,25,19.0400733947754,13,50,8,4032,76
36.5651318185048,-1.22438950318846,649,854.080932617188,40,27,10,2016,15,68,35,25,19.0773735046387,18,249,6,2554,81
36.5755483960407,-1.22438950318846,721,966.119018554688,44,28,10,2036,16,68,31,25,19.0604190826416,5,67,1,1960,95
36.590131604591,-1.22438950318846,661,1233.05712890625,50,30,10,2070,20,61,26,25,19.0112762451172,14,-17,8,1311,89
36.6047148131412,-1.22438950318846,655,1525.77868652344,49,29,10,2099,17,63,26,25,18.9773635864258,4,20,6,1156,100
36.6109647596628,-1.22438950318846,679,1512.40783691406,49,29,10,2097,17,62,26,25,18.9707717895508,3,106,6,1273,99
36.6442978077776,-1.22438950318846,585,1543.341796875,52,31,62,2046,21,59,22,26,18.9333152770996,4,-30,25,809,100
36.6463811232848,-1.22438950318846,586,1543.341796875,52,31,62,2046,21,59,22,26,18.9333152770996,4,-30,25,809,100
36.6567977008207,-1.22438950318846,582,1606.06604003906,50,31,120,2075,22,59,23,27,18.9171886444092,4,43,18,250,102
36.6630476473422,-1.22438950318846,509,1663.57458496094,50,30,10,2081,24,57,23,27,18.9040355682373,6,210,36,-261,100
36.6776308558925,-1.22438950318846,527,1655.64904785156,50,30,10,1960,22,58,25,26,18.9179306030273,8,-78,23,355,91
36.7588801606724,-1.22438950318846,539,1588.94934082031,49,30,190,1794,17,59,28,23,18.7113857269287,4,26,23,2532,104
36.7609634761796,-1.22438950318846,516,1579.97900390625,49,30,190,1774,19,59,26,24,18.6888637542725,7,7,20,2922,102
36.7755466847299,-1.22438950318846,495,1571.08544921875,50,30,190,1757,20,57,26,24,18.6636428833008,4,-63,15,3027,102
36.7838799467586,-1.22438950318846,547,1567.02783203125,50,30,190,1760,17,57,26,24,18.6403656005859,5,24,16,2860,105
36.8151296793663,-1.22438950318846,424,1533.69470214844,47,29,190,1708,21,59,29,24,18.5342235565186,1,-17,17,3193,105
36.8192963103806,-1.22438950318846,437,1530.97521972656,47,29,190,1689,25,58,28,25,18.5075073242188,2,-8,38,3356,107
36.823462941395,-1.22438950318846,431,1530.97521972656,47,29,190,1689,25,58,28,25,18.5075073242188,2,-8,38,3356,107
36.8297128879165,-1.22438950318846,438,1533.03796386719,47,29,190,1689,25,58,30,23,18.483190536499,5,9,31,3129,106
36.8380461499452,-1.22438950318846,449,1530.90246582031,47,29,190,1674,22,56,31,22,18.4585018157959,3,20,13,3210,110
36.8484627274811,-1.22438950318846,445,1515.68347167969,46,29,190,1671,22,56,32,22,18.4297294616699,3,50,20,3196,108
36.8776291445816,-1.22438950318846,412,1450.05529785156,44,27,190,1617,20,67,37,20,18.3266868591309,1,19,8,3272,114
36.8984622996534,-1.22438950318846,460,1429.310546875,42,27,190,1604,18,70,39,19,18.2762050628662,2,63,4,3237,111
36.9088788771893,-1.22438950318846,482,1415.00427246094,43,27,190,1588,18,72,38,19,18.2492179870605,1,28,4,3186,112
36.9151288237108,-1.22438950318846,489,1401.83032226562,43,27,190,1587,19,74,38,19,18.2256660461426,1,90,3,3153,115
36.9255454012467,-1.22438950318846,464,1366.1298828125,41,27,190,1558,17,75,40,19,18.1953411102295,2,33,0,3231,108
36.9338786632754,-1.22438950318846,488,1319.53503417969,38,25,130,1534,17,70,43,19,18.1631088256836,2,-38,2,3420,110
36.9484618718257,-1.22438950318846,473,1287.39343261719,40,26,10,1522,16,69,41,20,18.1174850463867,2,-38,7,3346,115
36.9588784493616,-1.22438950318846,505,1286.0078125,41,26,11,1516,16,68,40,18,18.0973949432373,1,-45,0,3284,116
37.0151279680554,-1.22438950318846,764,1134.82495117188,46,28,10,1484,16,67,33,21,18.0275211334229,1,-2,6,3385,120
37.0172112835626,-1.22438950318846,774,1134.82495117188,46,28,10,1484,16,67,33,21,18.0275211334229,1,-2,6,3385,120
37.0401277541415,-1.22438950318846,648,1121.69506835938,44,28,10,1482,14,71,36,19,17.9781837463379,1,5,0,3446,124
37.0505443316774,-1.22438950318846,640,1121.31457519531,45,28,130,1480,14,73,34,21,17.9616527557373,1,-2,3,3463,126
37.0526276471846,-1.22438950318846,639,1115.08752441406,45,28,130,1479,14,78,32,22,17.9453201293945,0,0,1,3459,128
37.0984605883425,-1.22438950318846,642,1142.66040039062,44,28,130,1482,13,76,33,23,17.8544597625732,1,1,0,3545,129
37.1130437968928,-1.22438950318846,583,1114.79064941406,42,27,120,1479,10,69,37,21,17.8201961517334,1,25,2,3558,124
37.1172104279071,-1.22438950318846,613,1114.79064941406,42,27,120,1479,10,69,37,21,17.8201961517334,1,25,2,3558,124
37.1255436899358,-1.22438950318846,576,1043.92419433594,40,27,10,1476,10,68,38,22,17.8058834075928,1,26,1,3616,122
36.5192988773469,-1.22647285722493,774,581.4013671875,37,26,130,1464,14,70,39,23,18.8374404907227,5,-176,0,7099,102
36.53179877039,-1.22647285722493,697,624.331420898438,37,27,40,1545,13,70,39,24,18.8202629089355,5,-158,3,6389,97
36.5526319254618,-1.22647285722493,717,752.340026855469,38,27,40,1880,17,68,37,25,19.0400733947754,13,50,8,4032,76
36.5776317115479,-1.22647285722493,696,1060.24829101562,47,29,10,2049,18,66,27,26,19.0422401428223,8,8,1,1547,91
36.5880482890838,-1.22647285722493,632,1233.05712890625,50,30,10,2070,20,61,26,25,19.0112762451172,14,-17,8,1311,89
36.5963815511125,-1.22647285722493,660,1438.18041992188,50,31,62,2121,20,61,24,25,18.9861755371094,7,238,7,588,96
36.6192980216915,-1.22647285722493,668,1477.98388671875,50,30,120,2054,19,66,25,26,18.9662704467773,1,-51,5,1582,99
36.6234646527058,-1.22647285722493,749,1477.98388671875,50,30,120,2054,19,66,25,26,18.9662704467773,1,-51,5,1582,99
36.6317979147345,-1.22647285722493,657,1482.24914550781,50,30,10,2065,24,60,23,27,18.9532089233398,4,14,7,1363,103
36.6547143853135,-1.22647285722493,560,1606.06604003906,50,31,120,2075,22,59,23,27,18.9171886444092,4,43,18,250,102
36.6630476473422,-1.22647285722493,520,1663.57458496094,50,30,10,2081,24,57,23,27,18.9040355682373,6,210,36,-261,100
36.6901307489355,-1.22647285722493,472,1642.69567871094,53,30,10,1964,21,59,24,24,18.898796081543,2,33,46,156,98
36.7088805885002,-1.22647285722493,438,1633.26062011719,55,30,10,1914,13,58,25,21,18.8493041992188,1,-17,6,533,98
36.7130472195145,-1.22647285722493,450,1630.884765625,54,30,10,1893,16,61,27,20,18.8267192840576,2,18,20,943,98
36.7442969521222,-1.22647285722493,517,1591.48278808594,49,30,10,1811,18,60,28,23,18.7323970794678,4,33,41,2232,103
36.7526302141509,-1.22647285722493,488,1588.94934082031,49,30,190,1794,17,59,28,23,18.7113857269287,4,26,23,2532,104
36.7817966312514,-1.22647285722493,485,1567.02783203125,50,30,190,1760,17,57,26,24,18.6403656005859,5,24,16,2860,105
36.7880465777729,-1.22647285722493,488,1562.84240722656,47,29,190,1751,18,56,29,23,18.6163806915283,3,42,15,2895,108
36.8713791980601,-1.22647285722493,408,1446.60302734375,46,28,190,1627,20,62,33,21,18.3473110198975,0,21,10,3266,109
36.8776291445816,-1.22647285722493,436,1450.05529785156,44,27,190,1617,20,67,37,20,18.3266868591309,1,19,8,3272,114
36.881795775596,-1.22647285722493,442,1450.05529785156,44,27,190,1617,20,67,37,20,18.3266868591309,1,19,8,3272,114
36.9151288237108,-1.22647285722493,518,1401.83032226562,43,27,190,1587,19,74,38,19,18.2256660461426,1,90,3,3153,115
36.9567951338544,-1.22647285722493,481,1286.0078125,41,26,11,1516,16,68,40,18,18.0973949432373,1,-45,0,3284,116
36.9692950268975,-1.22647285722493,524,1292.68872070312,44,27,11,1509,14,69,38,19,18.0691452026367,2,-8,0,3090,120
36.9713783424046,-1.22647285722493,518,1292.68872070312,44,27,11,1509,14,69,38,19,18.0691452026367,2,-8,0,3090,120
37.0526276471846,-1.22647285722493,643,1115.08752441406,45,28,130,1479,14,78,32,22,17.9453201293945,0,0,1,3459,128
37.069294171242,-1.22647285722493,646,1115.89587402344,45,28,130,1479,13,74,32,23,17.909912109375,0,-3,0,3524,131
37.0755441177636,-1.22647285722493,660,1115.89587402344,45,28,130,1479,13,74,32,23,17.909912109375,0,-3,0,3524,131
37.1213770589215,-1.22647285722493,623,1043.92419433594,40,27,10,1476,10,68,38,22,17.8058834075928,1,26,1,3616,122
37.1338769519646,-1.22647285722493,588,979.78955078125,41,27,10,1473,0,0,37,22,17.7890892028809,2,34,2,3592,118
36.5380487169115,-1.22855621126141,762,668.102355957031,38,27,40,1621,14,68,37,26,18.8891716003418,11,-298,5,6332,91
36.5484652944474,-1.22855621126141,740,700.378051757812,38,28,40,1714,15,68,36,26,18.9759330749512,16,-277,0,5443,83
36.5567985564761,-1.22855621126141,636,752.340026855469,38,27,40,1880,17,68,37,25,19.0400733947754,13,50,8,4032,76
36.6922140644427,-1.22855621126141,423,1642.69567871094,53,30,10,1964,21,59,24,24,18.898796081543,2,33,46,156,98
36.7213804815432,-1.22855621126141,441,1617.63708496094,54,31,10,1868,16,57,25,22,18.8011779785156,5,41,13,1218,98
36.7317970590791,-1.22855621126141,465,1599.33325195312,53,31,10,1852,15,58,24,22,18.7757911682129,4,42,15,1588,98
36.765130107194,-1.22855621126141,435,1579.97900390625,49,30,190,1774,19,59,26,24,18.6888637542725,7,7,20,2922,102
36.7713800537155,-1.22855621126141,477,1571.08544921875,50,30,190,1757,20,57,26,24,18.6636428833008,4,-63,15,3027,102
36.7859632622658,-1.22855621126141,459,1562.84240722656,47,29,190,1751,18,56,29,23,18.6163806915283,3,42,15,2895,108
36.7942965242945,-1.22855621126141,463,1554.11376953125,48,29,190,1734,19,58,29,23,18.5900230407715,4,23,13,3167,110
36.8317962034237,-1.22855621126141,450,1533.03796386719,47,29,190,1689,25,58,30,23,18.483190536499,5,9,31,3129,106
36.8547126740026,-1.22855621126141,410,1485.57800292969,45,29,190,1641,20,56,32,23,18.3966331481934,3,-23,24,3392,105
36.8567959895098,-1.22855621126141,432,1485.57800292969,45,29,190,1641,20,56,32,23,18.3966331481934,3,-23,24,3392,105
36.858879305017,-1.22855621126141,444,1485.57800292969,45,29,190,1641,20,56,32,23,18.3966331481934,3,-23,24,3392,105
36.894295668639,-1.22855621126141,430,1429.310546875,42,27,190,1604,18,70,39,19,18.2762050628662,2,63,4,3237,111
36.9151288237108,-1.22855621126141,531,1401.83032226562,43,27,190,1587,19,74,38,19,18.2256660461426,1,90,3,3153,115
36.9192954547252,-1.22855621126141,537,1366.1298828125,41,27,190,1558,17,75,40,19,18.1953411102295,2,33,0,3231,108
36.9234620857395,-1.22855621126141,536,1366.1298828125,41,27,190,1558,17,75,40,19,18.1953411102295,2,33,0,3231,108
36.9422119253041,-1.22855621126141,499,1296.11474609375,38,25,10,1537,17,70,42,20,18.1404495239258,2,18,4,3338,116
36.9838782354477,-1.22855621126141,628,1282.29772949219,44,27,10,1503,15,69,37,19,18.0591468811035,1,-13,5,3168,119
37.0005447595051,-1.22855621126141,871,1209.00830078125,46,29,10,1492,25,68,31,23,18.0501766204834,0,-4,22,3281,120
37.0317944921128,-1.22855621126141,569,1113.85375976562,44,27,40,1480,16,71,36,20,17.9964218139648,0,-10,1,3438,123
37.0380444386343,-1.22855621126141,620,1121.69506835938,44,28,10,1482,14,71,36,19,17.9781837463379,1,5,0,3446,124
37.0588775937061,-1.22855621126141,685,1115.08752441406,45,28,130,1479,14,78,32,22,17.9453201293945,0,0,1,3459,128
37.069294171242,-1.22855621126141,639,1115.89587402344,45,28,130,1479,13,74,32,23,17.909912109375,0,-3,0,3524,131
37.0859606952994,-1.22855621126141,645,1126.81298828125,44,28,130,1481,15,77,33,23,17.8733863830566,0,4,0,3547,130
37.0901273263138,-1.22855621126141,655,1126.81298828125,44,28,130,1481,15,77,33,23,17.8733863830566,0,4,0,3547,130
37.0942939573282,-1.22855621126141,646,1142.66040039062,44,28,130,1482,13,76,33,23,17.8544597625732,1,1,0,3545,129
37.1192937434143,-1.22855621126141,612,1043.92419433594,40,27,10,1476,10,68,38,22,17.8058834075928,1,26,1,3616,122
37.1255436899358,-1.22855621126141,567,1043.92419433594,40,27,10,1476,10,68,38,22,17.8058834075928,1,26,1,3616,122
36.5234655083613,-1.23063956529788,763,581.4013671875,37,26,130,1464,14,70,39,23,18.8374404907227,5,-176,0,7099,102
36.53179877039,-1.23063956529788,707,624.331420898438,37,27,40,1545,13,70,39,24,18.8202629089355,5,-158,3,6389,97
36.5442986634331,-1.23063956529788,801,700.378051757812,38,28,40,1714,15,68,36,26,18.9759330749512,16,-277,0,5443,83
36.5776317115479,-1.23063956529788,671,1060.24829101562,47,29,10,2049,18,66,27,26,19.0422401428223,8,8,1,1547,91
36.5984648666197,-1.23063956529788,684,1438.18041992188,50,31,62,2121,20,61,24,25,18.9861755371094,7,238,7,588,96
36.6026314976341,-1.23063956529788,647,1525.77868652344,49,29,10,2099,17,63,26,25,18.9773635864258,4,20,6,1156,100
36.6047148131412,-1.23063956529788,645,1525.77868652344,49,29,10,2099,17,63,26,25,18.9773635864258,4,20,6,1156,100
36.6067981286484,-1.23063956529788,661,1525.77868652344,49,29,10,2099,17,63,26,25,18.9773635864258,4,20,6,1156,100
36.6213813371987,-1.23063956529788,665,1477.98388671875,50,30,120,2054,19,66,25,26,18.9662704467773,1,-51,5,1582,99
36.625547968213,-1.23063956529788,734,1477.98388671875,50,30,120,2054,19,66,25,26,18.9662704467773,1,-51,5,1582,99
36.6276312837202,-1.23063956529788,748,1482.24914550781,50,30,10,2065,24,60,23,27,18.9532089233398,4,14,7,1363,103
36.6359645457489,-1.23063956529788,700,1509.74877929688,52,31,10,2070,21,59,21,27,18.9415264129639,4,99,15,711,100
36.6380478612561,-1.23063956529788,678,1509.74877929688,52,31,10,2070,21,59,21,27,18.9415264129639,4,99,15,711,100
36.706797272993,-1.23063956529788,475,1633.26062011719,55,30,10,1914,13,58,25,21,18.8493041992188,1,-17,6,533,98
36.7109639040073,-1.23063956529788,439,1630.884765625,54,30,10,1893,16,61,27,20,18.8267192840576,2,18,20,943,98
36.7255471125576,-1.23063956529788,463,1617.63708496094,54,31,10,1868,16,57,25,22,18.8011779785156,5,41,13,1218,98
36.7567968451653,-1.23063956529788,451,1588.94934082031,49,30,190,1794,17,59,28,23,18.7113857269287,4,26,23,2532,104
36.777630000237,-1.23063956529788,583,1567.02783203125,50,30,190,1760,17,57,26,24,18.6403656005859,5,24,16,2860,105
36.8442960964667,-1.23063956529788,451,1515.68347167969,46,29,190,1671,22,56,32,22,18.4297294616699,3,50,20,3196,108
36.8776291445816,-1.23063956529788,460,1450.05529785156,44,27,190,1617,20,67,37,20,18.3266868591309,1,19,8,3272,114
36.9192954547252,-1.23063956529788,532,1366.1298828125,41,27,190,1558,17,75,40,19,18.1953411102295,2,33,0,3231,108
36.9359619787826,-1.23063956529788,461,1296.11474609375,38,25,10,1537,17,70,42,20,18.1404495239258,2,18,4,3338,116
36.9817949199405,-1.23063956529788,642,1282.29772949219,44,27,10,1503,15,69,37,19,18.0591468811035,1,-13,5,3168,119
36.9942948129836,-1.23063956529788,914,1209.00830078125,46,29,10,1492,25,68,31,23,18.0501766204834,0,-4,22,3281,120
37.0422110696487,-1.23063956529788,624,1121.69506835938,44,28,10,1482,14,71,36,19,17.9781837463379,1,5,0,3446,124
37.0588775937061,-1.23063956529788,726,1115.08752441406,45,28,130,1479,14,78,32,22,17.9453201293945,0,0,1,3459,128
37.1213770589215,-1.23063956529788,642,1043.92419433594,40,27,10,1476,10,68,38,22,17.8058834075928,1,26,1,3616,122
37.127627005443,-1.23063956529788,595,979.78955078125,41,27,10,1473,0,0,37,22,17.7890892028809,2,34,2,3592,118
36.5172155618397,-1.23272291933435,871,579.061279296875,38,26,10,1450,13,70,40,23,18.8662452697754,2,-140,0,6836,101
36.5567985564761,-1.23272291933435,625,764.804138183594,38,27,130,1884,13,68,38,24,19.0621719360352,11,8,0,3234,81
36.567215134012,-1.23272291933435,645,842.201599121094,40,28,120,1995,15,68,35,25,19.0873794555664,8,229,1,2401,85
36.5797150270551,-1.23272291933435,673,988.986694335938,46,29,10,1979,16,66,27,26,19.0651893615723,6,-198,6,1872,91
36.6005481821269,-1.23272291933435,635,1380.99182128906,48,30,10,2085,18,62,27,25,19.0062084197998,5,129,12,510,92
36.6088814441556,-1.23272291933435,640,1467.20678710938,47,29,10,2082,18,62,27,25,18.9978008270264,3,55,9,1102,96
36.6192980216915,-1.23272291933435,639,1399.67517089844,50,30,120,2028,19,64,22,27,18.9932422637939,5,-72,9,1523,98
36.6234646527058,-1.23272291933435,677,1399.67517089844,50,30,120,2028,19,64,22,27,18.9932422637939,5,-72,9,1523,98
36.6630476473422,-1.23272291933435,584,1643.67944335938,51,30,10,2063,20,57,23,26,18.921667098999,6,188,19,-256,95
36.6963806954571,-1.23272291933435,437,1626.6220703125,55,31,60,1929,24,59,23,22,18.8811950683594,2,-18,25,257,97
36.7630467916868,-1.23272291933435,445,1567.59716796875,51,30,190,1778,17,55,26,23,18.6961326599121,4,-18,41,2771,103
36.7984631553088,-1.23272291933435,414,1545.07983398438,47,29,190,1720,18,56,30,24,18.5948581695557,0,-37,25,3048,106
36.8151296793663,-1.23272291933435,427,1520.31372070312,46,29,190,1703,23,56,31,23,18.5389709472656,2,-9,9,3114,107
36.8317962034237,-1.23272291933435,445,1510.58117675781,46,30,190,1675,24,54,30,24,18.487771987915,1,-36,59,3222,106
36.8547126740026,-1.23272291933435,442,1463.34545898438,44,28,190,1645,21,56,34,22,18.4036655426025,1,26,10,3253,107
36.8755458290744,-1.23272291933435,463,1404.40051269531,43,28,190,1614,20,61,36,21,18.3443508148193,5,-32,1,3223,107
36.9463785563185,-1.23272291933435,508,1259.11657714844,41,26,190,1531,16,75,40,20,18.1264133453369,1,16,1,3100,118
36.9505451873328,-1.23272291933435,510,1259.11657714844,41,26,190,1531,16,75,40,20,18.1264133453369,1,16,1,3100,118
36.9692950268975,-1.23272291933435,519,1262.72302246094,44,27,130,1516,14,68,38,18,18.0747184753418,2,29,3,2992,119
36.9797116044333,-1.23272291933435,676,1250.75402832031,46,28,10,1509,16,74,37,18,18.066234588623,1,14,4,2928,121
37.0026280750123,-1.23272291933435,841,1142.69128417969,46,28,10,1487,19,67,32,22,18.0478343963623,0,-1,2,3146,119
37.0151279680554,-1.23272291933435,585,1108.875,45,27,10,1485,20,66,35,21,18.0351409912109,0,3,2,3172,119
37.0317944921128,-1.23272291933435,644,1109.05419921875,45,27,10,1485,15,72,35,20,18.0015087127686,1,3,3,3203,126
37.0422110696487,-1.23272291933435,628,1130.46179199219,44,27,40,1486,15,73,38,18,17.9825172424316,1,17,1,3219,132
37.0963772728353,-1.23272291933435,526,1147.11193847656,44,28,120,1484,14,71,35,22,17.8601932525635,0,16,0,3291,132
37.1109604813856,-1.23272291933435,557,1079.98645019531,41,27,10,1481,11,70,38,21,17.8273754119873,2,57,0,3303,118
36.5234655083613,-1.23480627337083,734,620.131286621094,37,26,40,1480,14,70,39,24,18.8609619140625,10,-379,1,6769,96
36.5297154548828,-1.23480627337083,737,667.569458007812,39,28,30,1582,15,68,36,26,18.9200992584229,29,-302,0,6172,88
36.5609651874905,-1.23480627337083,630,842.201599121094,40,28,120,1995,15,68,35,25,19.0873794555664,8,229,1,2401,85
36.5713817650264,-1.23480627337083,669,915.403198242188,45,29,10,1970,16,68,29,26,19.0809154510498,3,-86,0,2176,92
36.5838816580694,-1.23480627337083,688,988.986694335938,46,29,10,1979,16,66,27,26,19.0651893615723,6,-198,6,1872,91
36.5922149200982,-1.23480627337083,646,1167.76171875,48,30,10,2061,22,63,26,25,19.0333347320557,13,-17,3,1036,85
36.6026314976341,-1.23480627337083,666,1467.20678710938,47,29,10,2082,18,62,27,25,18.9978008270264,3,55,9,1102,96
36.6442978077776,-1.23480627337083,681,1521.3916015625,51,31,10,2014,26,59,22,27,18.9517650604248,4,-97,33,876,100
36.648464438792,-1.23480627337083,656,1521.3916015625,51,31,10,2014,26,59,22,27,18.9517650604248,4,-97,33,876,100
36.6692975938638,-1.23480627337083,481,1655.75366210938,50,30,62,2013,16,57,24,25,18.9356136322021,4,-19,11,-11,90
36.6984640109643,-1.23480627337083,487,1626.6220703125,55,31,60,1929,24,59,23,22,18.8811950683594,2,-18,25,257,97
36.7130472195145,-1.23480627337083,396,1610.95910644531,54,31,10,1886,18,58,24,22,18.8323211669922,3,-2,14,946,97
36.7359636900935,-1.23480627337083,389,1568.89880371094,54,31,10,1808,14,59,24,22,18.7599201202393,3,-56,14,2004,101
36.742213636615,-1.23480627337083,404,1568.89880371094,54,31,10,1808,14,59,24,22,18.7599201202393,3,-56,14,2004,101
36.7484635831365,-1.23480627337083,391,1573.66857910156,51,30,10,1798,14,60,27,22,18.7390632629395,3,-59,4,2221,101
36.7984631553088,-1.23480627337083,404,1545.07983398438,47,29,190,1720,18,56,30,24,18.5948581695557,0,-37,25,3048,106
36.800546470816,-1.23480627337083,409,1545.07983398438,47,29,190,1720,18,56,30,24,18.5948581695557,0,-37,25,3048,106
36.8067964173375,-1.23480627337083,440,1533.02453613281,47,29,190,1717,20,56,30,24,18.5666847229004,3,23,8,3087,106
36.8151296793663,-1.23480627337083,418,1520.31372070312,46,29,190,1703,23,56,31,23,18.5389709472656,2,-9,9,3114,107
36.8172129948734,-1.23480627337083,417,1520.31372070312,46,29,190,1703,23,56,31,23,18.5389709472656,2,-9,9,3114,107
36.8297128879165,-1.23480627337083,449,1510.58117675781,46,30,190,1675,24,54,30,24,18.487771987915,1,-36,59,3222,106
36.8547126740026,-1.23480627337083,459,1463.34545898438,44,28,190,1645,21,56,34,22,18.4036655426025,1,26,10,3253,107
36.8609626205242,-1.23480627337083,466,1427.8212890625,45,28,190,1616,20,57,33,23,18.3711795806885,4,-42,12,3390,105
36.8776291445816,-1.23480627337083,449,1395.99365234375,42,27,190,1616,19,67,38,20,18.3234043121338,3,37,9,3124,110
36.8797124600888,-1.23480627337083,477,1395.99365234375,42,27,190,1616,19,67,38,20,18.3234043121338,3,37,9,3124,110
36.8963789841462,-1.23480627337083,507,1365.50500488281,41,27,190,1572,18,72,39,20,18.2719554901123,4,-101,5,3207,110
36.9088788771893,-1.23480627337083,543,1356.36010742188,42,27,190,1564,18,72,39,20,18.246603012085,1,-91,6,3371,111
36.9109621926965,-1.23480627337083,529,1350.80236816406,42,27,190,1574,19,73,38,20,18.2241230010986,8,-72,0,3072,111
36.9151288237108,-1.23480627337083,473,1350.80236816406,42,27,190,1574,19,73,38,20,18.2241230010986,8,-72,0,3072,111
36.9234620857395,-1.23480627337083,458,1327.14929199219,40,27,190,1566,17,74,40,20,18.1990356445312,2,51,3,3093,110
36.9505451873328,-1.23480627337083,540,1259.11657714844,41,26,190,1531,16,75,40,20,18.1264133453369,1,16,1,3100,118
36.9588784493616,-1.23480627337083,493,1251.98498535156,42,26,130,1529,15,72,40,18,18.1060314178467,1,44,6,3044,123
36.9734616579118,-1.23480627337083,515,1262.72302246094,44,27,130,1516,14,68,38,18,18.0747184753418,2,29,3,2992,119
36.9817949199405,-1.23480627337083,598,1250.75402832031,46,28,10,1509,16,74,37,18,18.066234588623,1,14,4,2928,121
36.9880448664621,-1.23480627337083,589,1223.13732910156,45,28,130,1505,16,74,36,18,18.0594081878662,2,46,0,3025,122
37.03387780762,-1.23480627337083,659,1109.05419921875,45,27,10,1485,15,72,35,20,18.0015087127686,1,3,3,3203,126
37.0838773797923,-1.23480627337083,574,1135.19116210938,44,28,130,1484,11,70,34,22,17.8961772918701,1,16,3,3300,128
36.5255488238684,-1.2368896274073,707,620.131286621094,37,26,40,1480,14,70,39,24,18.8609619140625,10,-379,1,6769,96
36.5651318185048,-1.2368896274073,628,842.201599121094,40,28,120,1995,15,68,35,25,19.0873794555664,8,229,1,2401,85
36.5692984495192,-1.2368896274073,660,915.403198242188,45,29,10,1970,16,68,29,26,19.0809154510498,3,-86,0,2176,92
36.5776317115479,-1.2368896274073,654,988.986694335938,46,29,10,1979,16,66,27,26,19.0651893615723,6,-198,6,1872,91
36.5859649735766,-1.2368896274073,704,1167.76171875,48,30,10,2061,22,63,26,25,19.0333347320557,13,-17,3,1036,85
36.590131604591,-1.2368896274073,669,1167.76171875,48,30,10,2061,22,63,26,25,19.0333347320557,13,-17,3,1036,85
36.5963815511125,-1.2368896274073,706,1380.99182128906,48,30,10,2085,18,62,27,25,19.0062084197998,5,129,12,510,92
36.5984648666197,-1.2368896274073,690,1380.99182128906,48,30,10,2085,18,62,27,25,19.0062084197998,5,129,12,510,92
36.6005481821269,-1.2368896274073,667,1380.99182128906,48,30,10,2085,18,62,27,25,19.0062084197998,5,129,12,510,92
36.6047148131412,-1.2368896274073,697,1467.20678710938,47,29,10,2082,18,62,27,25,18.9978008270264,3,55,9,1102,96
36.6359645457489,-1.2368896274073,717,1467.79248046875,52,30,10,2044,25,60,21,27,18.9614753723145,6,-11,6,911,98
36.660964331835,-1.2368896274073,590,1643.67944335938,51,30,10,2063,20,57,23,26,18.921667098999,6,188,19,-256,95
36.6922140644427,-1.2368896274073,490,1634.88439941406,55,31,62,1949,23,58,22,23,18.9057712554932,3,-52,25,-48,94
36.7130472195145,-1.2368896274073,421,1610.95910644531,54,31,10,1886,18,58,24,22,18.8323211669922,3,-2,14,946,97
36.7172138505289,-1.2368896274073,410,1610.95910644531,54,31,10,1886,18,58,24,22,18.8323211669922,3,-2,14,946,97
36.7609634761796,-1.2368896274073,428,1567.59716796875,51,30,190,1778,17,55,26,23,18.6961326599121,4,-18,41,2771,103
36.7692967382083,-1.2368896274073,435,1560.74365234375,50,30,190,1757,17,58,28,23,18.6713943481445,2,-23,25,2803,104
36.7922132087873,-1.2368896274073,427,1552.33850097656,47,30,190,1733,19,58,29,24,18.6219158172607,3,-15,10,2959,105
36.800546470816,-1.2368896274073,422,1545.07983398438,47,29,190,1720,18,56,30,24,18.5948581695557,0,-37,25,3048,106
36.8255462569021,-1.2368896274073,432,1513.92004394531,47,30,190,1699,28,54,29,24,18.5141067504883,1,57,72,3073,109
36.8463794119739,-1.2368896274073,467,1490.99487304688,44,28,190,1652,24,56,32,24,18.4326934814453,2,-23,13,3354,108
36.8567959895098,-1.2368896274073,487,1463.34545898438,44,28,190,1645,21,56,34,22,18.4036655426025,1,26,10,3253,107
36.858879305017,-1.2368896274073,471,1463.34545898438,44,28,190,1645,21,56,34,22,18.4036655426025,1,26,10,3253,107
36.8734625135672,-1.2368896274073,477,1404.40051269531,43,28,190,1614,20,61,36,21,18.3443508148193,5,-32,1,3223,107
36.8797124600888,-1.2368896274073,475,1395.99365234375,42,27,190,1616,19,67,38,20,18.3234043121338,3,37,9,3124,110
36.8901290376247,-1.2368896274073,491,1383.89208984375,41,27,190,1604,19,69,38,20,18.2990665435791,7,4,5,3106,109
36.9067955616821,-1.2368896274073,535,1356.36010742188,42,27,190,1564,18,72,39,20,18.246603012085,1,-91,6,3371,111
36.9192954547252,-1.2368896274073,464,1327.14929199219,40,27,190,1566,17,74,40,20,18.1990356445312,2,51,3,3093,110
36.9317953477682,-1.2368896274073,446,1295.72216796875,39,26,190,1549,20,77,42,20,18.1727161407471,2,19,0,3177,114
36.940128609797,-1.2368896274073,494,1276.43444824219,38,25,190,1543,16,74,42,20,18.1498489379883,1,43,1,3088,117
36.9484618718257,-1.2368896274073,482,1259.11657714844,41,26,190,1531,16,75,40,20,18.1264133453369,1,16,1,3100,118
36.9567951338544,-1.2368896274073,465,1251.98498535156,42,26,130,1529,15,72,40,18,18.1060314178467,1,44,6,3044,123
36.9859615509549,-1.2368896274073,675,1223.13732910156,45,28,130,1505,16,74,36,18,18.0594081878662,2,46,0,3025,122
37.0151279680554,-1.2368896274073,547,1108.875,45,27,10,1485,20,66,35,21,18.0351409912109,0,3,2,3172,119
37.0401277541415,-1.2368896274073,719,1130.46179199219,44,27,40,1486,15,73,38,18,17.9825172424316,1,17,1,3219,132
37.0588775937061,-1.2368896274073,755,1128.93005371094,46,29,40,1482,14,79,33,21,17.9501266479492,0,-1,0,3300,128
37.1151271123999,-1.2368896274073,566,1079.98645019531,41,27,10,1481,11,70,38,21,17.8273754119873,2,57,0,3303,118
36.5276321393756,-1.23897298144378,778,667.569458007812,39,28,30,1582,15,68,36,26,18.9200992584229,29,-302,0,6172,88
36.5547152409689,-1.23897298144378,633,764.804138183594,38,27,130,1884,13,68,38,24,19.0621719360352,11,8,0,3234,81
36.5734650805336,-1.23897298144378,657,915.403198242188,45,29,10,1970,16,68,29,26,19.0809154510498,3,-86,0,2176,92
36.6297145992274,-1.23897298144378,680,1412.71984863281,51,30,10,2046,21,62,22,28,18.9770202636719,6,-4,2,1157,99
36.6401311767633,-1.23897298144378,677,1467.79248046875,52,30,10,2044,25,60,21,27,18.9614753723145,6,-11,6,911,98
36.6672142783566,-1.23897298144378,482,1643.67944335938,51,30,10,2063,20,57,23,26,18.921667098999,6,188,19,-256,95
36.6734642248781,-1.23897298144378,505,1655.75366210938,50,30,62,2013,16,57,24,25,18.9356136322021,4,-19,11,-11,90
36.6755475403853,-1.23897298144378,489,1655.75366210938,50,30,62,2013,16,57,24,25,18.9356136322021,4,-19,11,-11,90
36.6963806954571,-1.23897298144378,481,1626.6220703125,55,31,60,1929,24,59,23,22,18.8811950683594,2,-18,25,257,97
36.7338803745863,-1.23897298144378,405,1572.52392578125,54,31,10,1819,18,58,24,22,18.7811222076416,3,-92,26,1894,100
36.7380470056006,-1.23897298144378,371,1568.89880371094,54,31,10,1808,14,59,24,22,18.7599201202393,3,-56,14,2004,101
36.7526302141509,-1.23897298144378,406,1573.25170898438,51,30,190,1791,18,56,28,22,18.717903137207,2,-39,22,2471,102
36.7609634761796,-1.23897298144378,429,1567.59716796875,51,30,190,1778,17,55,26,23,18.6961326599121,4,-18,41,2771,103
36.7692967382083,-1.23897298144378,436,1560.74365234375,50,30,190,1757,17,58,28,23,18.6713943481445,2,-23,25,2803,104
36.7838799467586,-1.23897298144378,448,1555.82495117188,48,30,190,1749,19,57,28,24,18.6467933654785,0,-11,16,2869,104
36.8172129948734,-1.23897298144378,426,1520.31372070312,46,29,190,1703,23,56,31,23,18.5389709472656,2,-9,9,3114,107
36.835962834438,-1.23897298144378,468,1504.70458984375,45,29,190,1661,24,56,30,25,18.4593849182129,3,-35,52,3354,105
36.8797124600888,-1.23897298144378,456,1395.99365234375,42,27,190,1616,19,67,38,20,18.3234043121338,3,37,9,3124,110
36.8901290376247,-1.23897298144378,520,1383.89208984375,41,27,190,1604,19,69,38,20,18.2990665435791,7,4,5,3106,109
36.9130455082036,-1.23897298144378,530,1350.80236816406,42,27,190,1574,19,73,38,20,18.2241230010986,8,-72,0,3072,111
36.9276287167539,-1.23897298144378,443,1295.72216796875,39,26,190,1549,20,77,42,20,18.1727161407471,2,19,0,3177,114
36.9484618718257,-1.23897298144378,468,1259.11657714844,41,26,190,1531,16,75,40,20,18.1264133453369,1,16,1,3100,118
36.9588784493616,-1.23897298144378,507,1251.98498535156,42,26,130,1529,15,72,40,18,18.1060314178467,1,44,6,3044,123
36.9609617648687,-1.23897298144378,521,1259.20068359375,43,26,10,1522,14,69,39,18,18.0888900756836,1,37,5,3009,120
36.9672117113903,-1.23897298144378,495,1259.20068359375,43,26,10,1522,14,69,39,18,18.0888900756836,1,37,5,3009,120
36.9901281819692,-1.23897298144378,639,1223.13732910156,45,28,130,1505,16,74,36,18,18.0594081878662,2,46,0,3025,122
37.0130446525482,-1.23897298144378,589,1108.875,45,27,10,1485,20,66,35,21,18.0351409912109,0,3,2,3172,119
37.0505443316774,-1.23897298144378,759,1134.25634765625,46,28,130,1484,15,74,35,19,17.9660396575928,0,6,0,3255,129
37.056794278199,-1.23897298144378,791,1128.93005371094,46,29,40,1482,14,79,33,21,17.9501266479492,0,-1,0,3300,128
37.069294171242,-1.23897298144378,721,1132.45043945312,46,29,130,1482,13,73,33,21,17.9147872924805,1,-3,0,3303,131
37.092210641821,-1.23897298144378,533,1138.22473144531,43,28,120,1483,13,73,34,23,17.8785552978516,0,10,1,3305,131
37.0984605883425,-1.23897298144378,519,1147.11193847656,44,28,120,1484,14,71,35,22,17.8601932525635,0,16,0,3291,132
37.1067938503712,-1.23897298144378,566,1139.67260742188,44,27,10,1486,12,70,36,21,17.8417949676514,0,36,1,3298,131
37.1151271123999,-1.23897298144378,565,1079.98645019531,41,27,10,1481,11,70,38,21,17.8273754119873,2,57,0,3303,118
36.5234655083613,-1.24105633548025,689,671.684326171875,39,27,30,1543,16,67,36,25,18.9356498718262,46,-499,5,6300,87
36.590131604591,-1.24105633548025,670,1091.80737304688,48,29,120,2004,20,64,27,25,19.0641841888428,20,-102,5,1374,87
36.6005481821269,-1.24105633548025,718,1300.9228515625,47,30,10,2049,20,64,28,25,19.0309791564941,8,142,3,820,92
36.6088814441556,-1.24105633548025,679,1389.99035644531,46,29,10,2036,19,62,28,26,19.0252532958984,6,1,8,1376,96
36.6109647596628,-1.24105633548025,690,1357.87243652344,50,31,62,2025,20,60,24,27,19.0279788970947,8,5,7,1528,98
36.6151313906771,-1.24105633548025,662,1357.87243652344,50,31,62,2025,20,60,24,27,19.0279788970947,8,5,7,1528,98
36.6297145992274,-1.24105633548025,673,1318.08703613281,51,30,120,2015,21,60,20,29,19.0098247528076,5,-28,10,1241,99
36.6317979147345,-1.24105633548025,671,1318.08703613281,51,30,120,2015,21,60,20,29,19.0098247528076,5,-28,10,1241,99
36.6713809093709,-1.24105633548025,504,1638.46728515625,51,30,62,1987,17,56,24,25,18.9492111206055,2,-118,9,252,92
36.6859641179212,-1.24105633548025,489,1623.99353027344,58,31,10,1960,20,56,20,22,18.9148712158203,6,34,23,-58,96
36.7026306419786,-1.24105633548025,500,1614.80151367188,55,31,62,1901,18,59,23,22,18.8669281005859,2,-62,14,580,97
36.7047139574858,-1.24105633548025,495,1614.80151367188,55,31,62,1901,18,59,23,22,18.8669281005859,2,-62,14,580,97
36.7588801606724,-1.24105633548025,424,1579.09875488281,52,31,190,1781,16,59,25,23,18.7286014556885,2,-103,14,2360,102
36.7672134227011,-1.24105633548025,444,1575.39245605469,50,30,190,1780,15,56,28,23,18.7072200775146,2,-20,20,2622,103
36.7713800537155,-1.24105633548025,433,1568.67272949219,48,30,190,1762,15,56,29,23,18.6828746795654,0,-29,40,2777,104
36.8026297863232,-1.24105633548025,428,1522.55236816406,46,29,190,1710,20,53,30,24,18.5721206665039,2,9,46,3044,107
36.8338795189309,-1.24105633548025,427,1490.36071777344,45,29,190,1679,22,54,31,23,18.4900646209717,4,-1,53,3125,109
36.8547126740026,-1.24105633548025,457,1439.43432617188,44,28,190,1636,19,58,34,22,18.4086437225342,4,-10,7,3279,106
36.8797124600888,-1.24105633548025,481,1348.08618164062,39,26,190,1607,19,71,41,20,18.3294715881348,1,13,0,3208,112
36.9151288237108,-1.24105633548025,505,1313.98083496094,39,26,190,1578,18,78,41,20,18.2376728057861,3,39,0,2961,113
36.940128609797,-1.24105633548025,484,1261.56958007812,41,26,10,1528,18,73,40,20,18.1603050231934,3,-58,1,3179,114
36.9442952408113,-1.24105633548025,549,1239.89709472656,43,27,190,1517,15,72,37,20,18.1337947845459,1,-95,15,3045,114
36.9692950268975,-1.24105633548025,509,1215.43322753906,44,27,10,1513,15,64,38,18,18.0868053436279,3,16,1,2738,117
36.9901281819692,-1.24105633548025,618,1169.55847167969,45,28,10,1496,15,69,36,19,18.0734939575195,1,-15,0,2844,118
36.9922114974764,-1.24105633548025,622,1169.55847167969,45,28,10,1496,15,69,36,19,18.0734939575195,1,-15,0,2844,118
36.998461443998,-1.24105633548025,701,1149.26977539062,44,28,10,1489,15,65,37,19,18.0649585723877,0,-21,10,2928,119
37.0797107487779,-1.24105633548025,588,1123.80944824219,44,28,130,1485,11,69,35,21,17.9048404693604,2,26,4,3068,127
37.0880440108066,-1.24105633548025,609,1109.92236328125,42,28,10,1484,11,68,36,22,17.8878192901611,0,29,0,3093,124
37.0942939573282,-1.24105633548025,540,1099.47082519531,42,27,10,1484,14,68,37,21,17.8696842193604,0,34,0,3098,126
36.5276321393756,-1.24313968951672,791,712.84716796875,40,29,40,1859,15,66,34,26,19.0356044769287,6,757,3,3095,76
36.5526319254618,-1.24313968951672,683,770.718017578125,38,27,10,1854,12,69,35,27,19.0701522827148,19,-242,1,3287,85
36.5859649735766,-1.24313968951672,760,1091.80737304688,48,29,120,2004,20,64,27,25,19.0641841888428,20,-102,5,1374,87
36.6213813371987,-1.24313968951672,698,1296.87451171875,51,31,10,2004,19,59,21,28,19.0256824493408,6,-136,15,1705,99
36.6317979147345,-1.24313968951672,680,1318.08703613281,51,30,120,2015,21,60,20,29,19.0098247528076,5,-28,10,1241,99
36.6380478612561,-1.24313968951672,618,1416.24670410156,52,30,10,2021,20,62,21,27,18.9818382263184,1,8,9,981,105
36.6401311767633,-1.24313968951672,649,1416.24670410156,52,30,10,2021,20,62,21,27,18.9818382263184,1,8,9,981,105
36.6463811232848,-1.24313968951672,703,1507.80090332031,53,31,10,2041,20,60,21,26,18.9641418457031,1,35,11,502,108
36.6713809093709,-1.24313968951672,473,1638.46728515625,51,30,62,1987,17,56,24,25,18.9492111206055,2,-118,9,252,92
36.7172138505289,-1.24313968951672,499,1604.990234375,56,31,10,1885,19,61,23,22,18.8427410125732,3,-7,15,900,97
36.7380470056006,-1.24313968951672,473,1575.05432128906,56,32,190,1816,25,59,22,22,18.7737045288086,8,-68,38,1999,100
36.7547135296581,-1.24313968951672,371,1579.09875488281,52,31,190,1781,16,59,25,23,18.7286014556885,2,-103,14,2360,102
36.765130107194,-1.24313968951672,423,1575.39245605469,50,30,190,1780,15,56,28,23,18.7072200775146,2,-20,20,2622,103
36.7838799467586,-1.24313968951672,429,1558.31433105469,47,30,190,1753,16,57,29,23,18.6571311950684,2,24,19,2868,105
36.8067964173375,-1.24313968951672,443,1522.55236816406,46,29,190,1710,20,53,30,24,18.5721206665039,2,9,46,3044,107
36.8192963103806,-1.24313968951672,405,1497.86987304688,45,29,190,1691,25,53,31,24,18.5161170959473,4,19,81,3100,109
36.8567959895098,-1.24313968951672,425,1439.43432617188,44,28,190,1636,19,58,34,22,18.4086437225342,4,-10,7,3279,106
36.8630459360314,-1.24313968951672,482,1402.90148925781,44,28,190,1616,21,56,34,22,18.3798313140869,4,-61,41,3374,106
36.8692958825529,-1.24313968951672,417,1369.80529785156,43,27,190,1614,18,63,37,21,18.3536853790283,2,7,8,3263,110
36.8776291445816,-1.24313968951672,486,1348.08618164062,39,26,190,1607,19,71,41,20,18.3294715881348,1,13,0,3208,112
36.894295668639,-1.24313968951672,508,1316.02758789062,39,26,190,1578,16,74,40,21,18.2805862426758,3,-61,3,3147,111
36.9067955616821,-1.24313968951672,577,1315.81359863281,40,26,190,1587,20,77,40,21,18.2606410980225,1,18,0,3106,112
36.9276287167539,-1.24313968951672,512,1275.61633300781,41,26,190,1532,18,74,39,20,18.1834545135498,2,-109,1,3252,113
36.9422119253041,-1.24313968951672,510,1261.56958007812,41,26,10,1528,18,73,40,20,18.1603050231934,3,-58,1,3179,114
36.9734616579118,-1.24313968951672,514,1215.43322753906,44,27,10,1513,15,64,38,18,18.0868053436279,3,16,1,2738,117
37.0047113905195,-1.24313968951672,687,1122.96398925781,46,28,10,1485,0,0,33,21,18.0528221130371,2,8,2,2944,120
37.0130446525482,-1.24313968951672,768,1094.74975585938,49,29,210,1481,0,0,29,22,18.0424652099609,0,-29,3,3047,118
37.0192945990697,-1.24313968951672,778,1088.37548828125,45,27,210,1481,0,0,34,21,18.0259761810303,0,-22,0,3081,120
37.0797107487779,-1.24313968951672,574,1123.80944824219,44,28,130,1485,11,69,35,21,17.9048404693604,2,26,4,3068,127
37.0817940642851,-1.24313968951672,587,1123.80944824219,44,28,130,1485,11,69,35,21,17.9048404693604,2,26,4,3068,127
36.5255488238684,-1.2452230435532,798,671.684326171875,39,27,30,1543,16,67,36,25,18.9356498718262,46,-499,5,6300,87
36.5401320324187,-1.2452230435532,696,735.830871582031,39,28,10,1828,15,70,37,24,19.0680751800537,1,321,0,3141,91
36.5484652944474,-1.2452230435532,701,744.538452148438,38,27,10,1876,14,69,37,25,19.0710220336914,8,202,5,3056,94
36.5526319254618,-1.2452230435532,684,770.718017578125,38,27,10,1854,12,69,35,27,19.0701522827148,19,-242,1,3287,85
36.5547152409689,-1.2452230435532,674,770.718017578125,38,27,10,1854,12,69,35,27,19.0701522827148,19,-242,1,3287,85
36.5755483960407,-1.2452230435532,659,876.7802734375,45,29,10,1962,13,67,29,26,19.0851593017578,2,-64,1,2247,95
36.5776317115479,-1.2452230435532,664,933.150756835938,46,29,10,1959,16,68,28,26,19.0773506164551,8,-159,2,1899,92
36.5838816580694,-1.2452230435532,723,933.150756835938,46,29,10,1959,16,68,28,26,19.0773506164551,8,-159,2,1899,92
36.6047148131412,-1.2452230435532,685,1389.99035644531,46,29,10,2036,19,62,28,26,19.0252532958984,6,1,8,1376,96
36.6505477542992,-1.2452230435532,677,1507.80090332031,53,31,10,2041,20,60,21,26,18.9641418457031,1,35,11,502,108
36.6651309628494,-1.2452230435532,457,1627.20581054688,51,30,10,2049,14,62,24,26,18.9403247833252,5,161,8,-165,94
36.6901307489355,-1.2452230435532,467,1623.99353027344,58,31,10,1960,20,56,20,22,18.9148712158203,6,34,23,-58,96
36.7234637970504,-1.2452230435532,427,1588.42126464844,55,31,10,1854,21,59,23,22,18.8177661895752,5,-52,15,1190,98
36.7317970590791,-1.2452230435532,420,1574.00036621094,55,31,10,1832,15,57,23,22,18.7928867340088,2,-109,15,1590,99
36.7359636900935,-1.2452230435532,472,1575.05432128906,56,32,190,1816,25,59,22,22,18.7737045288086,8,-68,38,1999,100
36.7442969521222,-1.2452230435532,443,1580.12463378906,53,31,190,1797,17,56,24,23,18.7523727416992,4,-46,57,2197,99
36.7692967382083,-1.2452230435532,436,1568.67272949219,48,30,190,1762,15,56,29,23,18.6828746795654,0,-29,40,2777,104
36.7797133157442,-1.2452230435532,416,1558.31433105469,47,30,190,1753,16,57,29,23,18.6571311950684,2,24,19,2868,105
36.800546470816,-1.2452230435532,436,1537.3134765625,47,30,190,1727,18,53,28,25,18.6008148193359,3,4,91,2879,106
36.8047131018304,-1.2452230435532,436,1522.55236816406,46,29,190,1710,20,53,30,24,18.5721206665039,2,9,46,3044,107
36.8276295724093,-1.2452230435532,427,1490.36071777344,45,29,190,1679,22,54,31,23,18.4900646209717,4,-1,53,3125,109
36.835962834438,-1.2452230435532,407,1480.40161132812,45,29,190,1670,19,55,32,24,18.4643459320068,2,40,55,3180,107
36.8651292515385,-1.2452230435532,470,1402.90148925781,44,28,190,1616,21,56,34,22,18.3798313140869,4,-61,41,3374,106
36.8922123531319,-1.2452230435532,511,1329.32141113281,39,26,190,1597,19,77,41,20,18.304651260376,3,2,2,3103,111
36.9276287167539,-1.2452230435532,530,1275.61633300781,41,26,190,1532,18,74,39,20,18.1834545135498,2,-109,1,3252,113
36.9609617648687,-1.2452230435532,490,1225.33312988281,44,27,10,1514,17,63,37,19,18.099027633667,3,-31,7,2822,116
36.9942948129836,-1.2452230435532,655,1149.26977539062,44,28,10,1489,15,65,37,19,18.0649585723877,0,-21,10,2928,119
37.0005447595051,-1.2452230435532,689,1149.26977539062,44,28,10,1489,15,65,37,19,18.0649585723877,0,-21,10,2928,119
37.0255445455913,-1.2452230435532,861,1088.37548828125,45,27,210,1481,0,0,34,21,18.0259761810303,0,-22,0,3081,120
37.0484610161702,-1.2452230435532,916,1139.80383300781,47,29,130,1484,15,78,33,20,17.9718704223633,0,-4,1,3068,127
37.0651275402277,-1.2452230435532,786,1138.00854492188,45,29,120,1483,11,77,34,22,17.9386901855469,0,0,0,3087,131
37.0713774867492,-1.2452230435532,698,1135.57495117188,45,28,130,1484,11,73,34,21,17.9213275909424,0,17,0,3083,133
37.0755441177636,-1.2452230435532,628,1135.57495117188,45,28,130,1484,11,73,34,21,17.9213275909424,0,17,0,3083,133
37.0901273263138,-1.2452230435532,554,1109.92236328125,42,28,10,1484,11,68,36,22,17.8878192901611,0,29,0,3093,124
37.1088771658784,-1.2452230435532,545,1072.25854492188,42,27,10,1481,11,68,38,21,17.8526344299316,3,37,0,3155,124
36.5338820858972,-1.24730639758967,693,712.84716796875,40,29,40,1859,15,66,34,26,19.0356044769287,6,757,3,3095,76
36.5442986634331,-1.24730639758967,721,744.538452148438,38,27,10,1876,14,69,37,25,19.0710220336914,8,202,5,3056,94
36.6005481821269,-1.24730639758967,659,1300.9228515625,47,30,10,2049,20,64,28,25,19.0309791564941,8,142,3,820,92
36.6172147061843,-1.24730639758967,660,1357.87243652344,50,31,62,2025,20,60,24,27,19.0279788970947,8,5,7,1528,98
36.6401311767633,-1.24730639758967,618,1416.24670410156,52,30,10,2021,20,62,21,27,18.9818382263184,1,8,9,981,105
36.6442978077776,-1.24730639758967,573,1507.80090332031,53,31,10,2041,20,60,21,26,18.9641418457031,1,35,11,502,108
36.6713809093709,-1.24730639758967,463,1638.46728515625,51,30,62,1987,17,56,24,25,18.9492111206055,2,-118,9,252,92
36.7047139574858,-1.24730639758967,473,1614.80151367188,55,31,62,1901,18,59,23,22,18.8669281005859,2,-62,14,580,97
36.7526302141509,-1.24730639758967,376,1579.09875488281,52,31,190,1781,16,59,25,23,18.7286014556885,2,-103,14,2360,102
36.7567968451653,-1.24730639758967,387,1579.09875488281,52,31,190,1781,16,59,25,23,18.7286014556885,2,-103,14,2360,102
36.8338795189309,-1.24730639758967,409,1490.36071777344,45,29,190,1679,22,54,31,23,18.4900646209717,4,-1,53,3125,109
36.8422127809596,-1.24730639758967,383,1480.40161132812,45,29,190,1670,19,55,32,24,18.4643459320068,2,40,55,3180,107
36.9109621926965,-1.24730639758967,513,1313.98083496094,39,26,190,1578,18,78,41,20,18.2376728057861,3,39,0,2961,113
36.9130455082036,-1.24730639758967,511,1313.98083496094,39,26,190,1578,18,78,41,20,18.2376728057861,3,39,0,2961,113
36.9213787702324,-1.24730639758967,428,1295.96362304688,39,26,190,1558,19,77,41,20,18.2101726531982,7,-15,0,3106,116
36.9255454012467,-1.24730639758967,558,1295.96362304688,39,26,190,1558,19,77,41,20,18.2101726531982,7,-15,0,3106,116
36.9297120322611,-1.24730639758967,470,1275.61633300781,41,26,190,1532,18,74,39,20,18.1834545135498,2,-109,1,3252,113
36.9317953477682,-1.24730639758967,466,1275.61633300781,41,26,190,1532,18,74,39,20,18.1834545135498,2,-109,1,3252,113
36.9442952408113,-1.24730639758967,500,1239.89709472656,43,27,190,1517,15,72,37,20,18.1337947845459,1,-95,15,3045,114
36.9880448664621,-1.24730639758967,644,1169.55847167969,45,28,10,1496,15,69,36,19,18.0734939575195,1,-15,0,2844,118
37.0047113905195,-1.24730639758967,590,1122.96398925781,46,28,10,1485,0,0,33,21,18.0528221130371,2,8,2,2944,120
37.0317944921128,-1.24730639758967,653,1111.38293457031,46,28,120,1484,18,75,34,20,18.0059719085693,1,-17,2,3077,123
37.0547109626918,-1.24730639758967,643,1138.16186523438,46,29,40,1484,14,77,33,21,17.9558658599854,0,9,3,3062,132
37.0776274332707,-1.24730639758967,606,1123.80944824219,44,28,130,1485,11,69,35,21,17.9048404693604,2,26,4,3068,127
37.0838773797923,-1.24730639758967,575,1123.80944824219,44,28,130,1485,11,69,35,21,17.9048404693604,2,26,4,3068,127
36.5297154548828,-1.24938975162615,733,754.696594238281,39,27,10,1840,14,68,38,24,19.0854053497314,6,466,1,2807,83
36.53179877039,-1.24938975162615,696,754.696594238281,39,27,10,1840,14,68,38,24,19.0854053497314,6,466,1,2807,83
36.5984648666197,-1.24938975162615,684,1218.67358398438,48,29,10,2038,18,66,27,24,19.0548076629639,2,142,2,1129,97
36.6567977008207,-1.24938975162615,537,1577.02392578125,53,31,10,2018,23,58,22,25,18.9691066741943,7,20,15,486,105
36.6630476473422,-1.24938975162615,451,1616.29211425781,53,31,62,2019,23,56,22,25,18.9626617431641,4,4,23,101,102
36.6713809093709,-1.24938975162615,465,1622.23999023438,52,30,10,1973,19,57,24,25,18.9598369598389,5,31,29,314,94
36.6922140644427,-1.24938975162615,428,1598.52465820312,61,32,62,1963,20,57,19,20,18.9194679260254,2,99,7,18,98
36.7026306419786,-1.24938975162615,483,1607.27087402344,57,31,10,1927,17,56,24,19,18.8810577392578,3,102,13,146,97
36.7213804815432,-1.24938975162615,447,1605.43090820312,55,31,10,1879,18,59,24,21,18.8361415863037,7,35,15,932,97
36.7276304280648,-1.24938975162615,407,1602.05346679688,55,31,10,1854,18,59,24,21,18.8137760162354,10,-49,12,1469,97
36.7505468986437,-1.24938975162615,382,1606.36279296875,55,32,190,1839,15,60,25,20,18.768928527832,2,73,17,1804,103
36.777630000237,-1.24938975162615,431,1563.57238769531,46,29,190,1751,15,59,32,22,18.6686172485352,1,-36,26,2647,104
36.7817966312514,-1.24938975162615,454,1563.57238769531,46,29,190,1751,15,59,32,22,18.6686172485352,1,-36,26,2647,104
36.7984631553088,-1.24938975162615,425,1531.53295898438,45,29,190,1724,17,59,33,23,18.6098594665527,2,20,6,2849,106
36.8088797328447,-1.24938975162615,410,1514.78552246094,45,29,190,1703,18,60,32,24,18.5795001983643,0,-10,27,3000,107
36.8192963103806,-1.24938975162615,405,1484.07958984375,44,29,190,1683,19,56,33,23,18.5236301422119,1,-5,36,3110,108
36.823462941395,-1.24938975162615,400,1484.07958984375,44,29,190,1683,19,56,33,23,18.5236301422119,1,-5,36,3110,108
36.8567959895098,-1.24938975162615,422,1411.67456054688,44,28,190,1641,19,59,34,21,18.4155158996582,3,43,12,3061,109
36.8630459360314,-1.24938975162615,436,1376.59875488281,43,27,190,1625,19,64,37,20,18.387243270874,3,8,3,3129,108
36.9130455082036,-1.24938975162615,513,1301.98168945312,38,26,190,1576,18,76,41,21,18.2515621185303,3,5,0,2805,117
36.9234620857395,-1.24938975162615,436,1289.00427246094,38,26,190,1569,22,77,43,19,18.227087020874,5,-8,0,2945,116
36.9588784493616,-1.24938975162615,568,1245.13879394531,43,27,190,1517,16,64,38,20,18.1298522949219,5,-69,2,2799,116
36.9630450803759,-1.24938975162615,584,1240.54614257812,43,27,10,1509,15,64,37,20,18.1107769012451,5,-62,2,2784,116
36.9672117113903,-1.24938975162615,574,1240.54614257812,43,27,10,1509,15,64,37,20,18.1107769012451,5,-62,2,2784,116
36.9922114974764,-1.24938975162615,587,1152.892578125,45,28,10,1495,15,68,35,20,18.0758953094482,1,-29,1,2664,117
37.0067947060267,-1.24938975162615,562,1142.10571289062,46,28,40,1491,19,74,33,21,18.052396774292,1,1,1,2740,120
37.0234612300841,-1.24938975162615,667,1110.40100097656,50,29,40,1489,18,73,30,20,18.0263977050781,1,7,0,2838,119
37.069294171242,-1.24938975162615,763,1128.23120117188,43,28,10,1483,11,70,35,22,17.9300384521484,1,14,1,2883,124
37.092210641821,-1.24938975162615,575,1064.18383789062,42,27,10,1466,10,68,37,21,17.899341583252,3,-60,0,3051,122
37.0963772728353,-1.24938975162615,531,1022.51745605469,41,27,10,1471,11,69,38,22,17.8821887969971,4,-14,4,3006,117
37.1047105348641,-1.24938975162615,564,978.024475097656,40,27,10,1470,12,68,38,21,17.8647537231445,5,13,0,2990,114
36.5109656153182,-1.25147310566262,747,675.808227539062,38,28,30,1661,18,66,36,26,18.9900302886963,41,109,10,5403,85
36.5151322463326,-1.25147310566262,760,675.808227539062,38,28,30,1661,18,66,36,26,18.9900302886963,41,109,10,5403,85
36.5172155618397,-1.25147310566262,759,675.808227539062,38,28,30,1661,18,66,36,26,18.9900302886963,41,109,10,5403,85
36.5609651874905,-1.25147310566262,664,822.757141113281,44,29,10,1935,13,69,30,26,19.0929470062256,2,104,0,2168,94
36.5692984495192,-1.25147310566262,708,869.50732421875,46,29,10,1939,14,67,29,26,19.0892696380615,7,-111,2,2260,96
36.5776317115479,-1.25147310566262,672,909.6015625,46,29,10,1957,17,68,27,26,19.0835819244385,10,-107,0,1977,94
36.5838816580694,-1.25147310566262,685,909.6015625,46,29,10,1957,17,68,27,26,19.0835819244385,10,-107,0,1977,94
36.5922149200982,-1.25147310566262,706,1030.82275390625,48,29,10,1993,28,64,27,25,19.0768852233887,1,3,20,1512,92
36.5984648666197,-1.25147310566262,693,1218.67358398438,48,29,10,2038,18,66,27,24,19.0548076629639,2,142,2,1129,97
36.6005481821269,-1.25147310566262,675,1218.67358398438,48,29,10,2038,18,66,27,24,19.0548076629639,2,142,2,1129,97
36.6172147061843,-1.25147310566262,677,1294.06274414062,50,30,62,2009,21,64,26,24,19.0460720062256,8,47,6,1456,100
36.6422144922704,-1.25147310566262,665,1391.10302734375,52,30,62,2023,20,60,22,27,19.002950668335,4,3,19,919,103
36.6588810163279,-1.25147310566262,533,1577.02392578125,53,31,10,2018,23,58,22,25,18.9691066741943,7,20,15,486,105
36.6713809093709,-1.25147310566262,443,1622.23999023438,52,30,10,1973,19,57,24,25,18.9598369598389,5,31,29,314,94
36.6963806954571,-1.25147310566262,417,1601.26831054688,58,31,40,1943,20,57,23,19,18.9012508392334,3,103,10,31,98
36.7151305350217,-1.25147310566262,419,1608.86352539062,56,31,10,1884,18,57,24,20,18.8585472106934,7,30,19,668,96
36.7213804815432,-1.25147310566262,443,1605.43090820312,55,31,10,1879,18,59,24,21,18.8361415863037,7,35,15,932,97
36.7317970590791,-1.25147310566262,404,1602.05346679688,55,31,10,1854,18,59,24,21,18.8137760162354,10,-49,12,1469,97
36.7567968451653,-1.25147310566262,414,1603.67553710938,52,30,190,1821,16,59,27,21,18.7469577789307,3,76,20,2208,102
36.7838799467586,-1.25147310566262,443,1563.57238769531,46,29,190,1751,15,59,32,22,18.6686172485352,1,-36,26,2647,104
36.8317962034237,-1.25147310566262,383,1470.92236328125,44,29,190,1673,18,56,33,24,18.4963264465332,2,17,22,3270,108
36.8713791980601,-1.25147310566262,568,1340.50500488281,40,26,190,1613,18,69,40,20,18.3612060546875,3,-10,0,3083,109
36.8922123531319,-1.25147310566262,522,1298.02209472656,39,26,190,1596,18,78,41,21,18.3153972625732,2,-7,0,3039,111
36.9109621926965,-1.25147310566262,522,1301.98168945312,38,26,190,1576,18,76,41,21,18.2515621185303,3,5,0,2805,117
36.9776282889262,-1.25147310566262,613,1167.25085449219,44,28,10,1503,15,67,36,20,18.0860824584961,2,-24,6,2580,118
36.9922114974764,-1.25147310566262,562,1152.892578125,45,28,10,1495,15,68,35,20,18.0758953094482,1,-29,1,2664,117
37.0067947060267,-1.25147310566262,543,1142.10571289062,46,28,40,1491,19,74,33,21,18.052396774292,1,1,1,2740,120
37.0213779145769,-1.25147310566262,642,1110.40100097656,50,29,40,1489,18,73,30,20,18.0263977050781,1,7,0,2838,119
37.0255445455913,-1.25147310566262,692,1110.40100097656,50,29,40,1489,18,73,30,20,18.0263977050781,1,7,0,2838,119
37.0317944921128,-1.25147310566262,687,1127.03540039062,45,27,130,1488,15,74,36,19,18.008171081543,0,6,4,2812,121
37.0630442247205,-1.25147310566262,712,1142.93408203125,43,28,120,1485,11,72,35,22,17.9456367492676,0,11,0,2858,128
37.0797107487779,-1.25147310566262,671,1100.84753417969,43,27,10,1472,10,67,37,20,17.9153518676758,2,-19,0,2997,122
37.0963772728353,-1.25147310566262,539,1022.51745605469,41,27,10,1471,11,69,38,22,17.8821887969971,4,-14,4,3006,117
36.5067989843038,-1.2535564596991,782,623.509643554688,36,26,40,1447,14,70,39,26,18.9042549133301,21,-418,0,6626,94
36.5567985564761,-1.2535564596991,662,772.799865722656,40,28,10,1851,12,69,33,27,19.0787029266357,19,-245,0,3203,90
36.5630485029977,-1.2535564596991,645,822.757141113281,44,29,10,1935,13,69,30,26,19.0929470062256,2,104,0,2168,94
36.6359645457489,-1.2535564596991,650,1391.10302734375,52,30,62,2023,20,60,22,27,19.002950668335,4,3,19,919,103
36.6442978077776,-1.2535564596991,668,1506.11499023438,53,31,62,2031,21,60,21,25,18.9802131652832,5,36,14,572,107
36.6651309628494,-1.2535564596991,500,1616.29211425781,53,31,62,2019,23,56,22,25,18.9626617431641,4,4,23,101,102
36.7172138505289,-1.2535564596991,437,1608.86352539062,56,31,10,1884,18,57,24,20,18.8585472106934,7,30,19,668,96
36.7276304280648,-1.2535564596991,400,1602.05346679688,55,31,10,1854,18,59,24,21,18.8137760162354,10,-49,12,1469,97
36.7505468986437,-1.2535564596991,381,1606.36279296875,55,32,190,1839,15,60,25,20,18.768928527832,2,73,17,1804,103
36.8192963103806,-1.2535564596991,408,1484.07958984375,44,29,190,1683,19,56,33,23,18.5236301422119,1,-5,36,3110,108
36.8255462569021,-1.2535564596991,415,1484.07958984375,44,29,190,1683,19,56,33,23,18.5236301422119,1,-5,36,3110,108
36.8317962034237,-1.2535564596991,405,1470.92236328125,44,29,190,1673,18,56,33,24,18.4963264465332,2,17,22,3270,108
36.8338795189309,-1.2535564596991,389,1470.92236328125,44,29,190,1673,18,56,33,24,18.4963264465332,2,17,22,3270,108
36.8567959895098,-1.2535564596991,423,1411.67456054688,44,28,190,1641,19,59,34,21,18.4155158996582,3,43,12,3061,109
36.8797124600888,-1.2535564596991,555,1313.51770019531,39,26,190,1605,19,77,41,20,18.3379421234131,1,-11,1,3151,112
36.8838790911031,-1.2535564596991,561,1313.51770019531,39,26,190,1605,19,77,41,20,18.3379421234131,1,-11,1,3151,112
36.8922123531319,-1.2535564596991,574,1298.02209472656,39,26,190,1596,18,78,41,21,18.3153972625732,2,-7,0,3039,111
36.8984622996534,-1.2535564596991,608,1295.56079101562,39,26,190,1595,20,78,39,22,18.2946472167969,1,8,0,2917,113
36.9151288237108,-1.2535564596991,506,1301.98168945312,38,26,190,1576,18,76,41,21,18.2515621185303,3,5,0,2805,117
36.9213787702324,-1.2535564596991,596,1289.00427246094,38,26,190,1569,22,77,43,19,18.227087020874,5,-8,0,2945,116
36.9359619787826,-1.2535564596991,485,1268.732421875,41,26,10,1556,18,78,41,18,18.1801128387451,1,25,0,2700,114
36.9442952408113,-1.2535564596991,507,1255.26965332031,42,26,10,1537,17,74,40,19,18.1544933319092,5,-64,5,2849,116
36.9651283958831,-1.2535564596991,525,1240.54614257812,43,27,10,1509,15,64,37,20,18.1107769012451,5,-62,2,2784,116
37.0026280750123,-1.2535564596991,510,1142.10571289062,46,28,40,1491,19,74,33,21,18.052396774292,1,1,1,2740,120
37.0213779145769,-1.2535564596991,653,1110.40100097656,50,29,40,1489,18,73,30,20,18.0263977050781,1,7,0,2838,119
37.0463777006631,-1.2535564596991,816,1149.43981933594,47,29,40,1485,13,73,32,21,17.9760971069336,1,-6,1,2861,124
37.0588775937061,-1.2535564596991,683,1148.99279785156,45,29,10,1482,11,72,33,22,17.9611663818359,0,-14,6,2874,125
37.0713774867492,-1.2535564596991,736,1128.23120117188,43,28,10,1483,11,70,35,22,17.9300384521484,1,14,1,2883,124
37.0776274332707,-1.2535564596991,699,1100.84753417969,43,27,10,1472,10,67,37,20,17.9153518676758,2,-19,0,2997,122
36.5047156687967,-1.25563981373557,809,623.509643554688,36,26,40,1447,14,70,39,26,18.9042549133301,21,-418,0,6626,94
36.5130489308254,-1.25563981373557,758,675.808227539062,38,28,30,1661,18,66,36,26,18.9900302886963,41,109,10,5403,85
36.5547152409689,-1.25563981373557,651,772.799865722656,40,28,10,1851,12,69,33,27,19.0787029266357,19,-245,0,3203,90
36.5651318185048,-1.25563981373557,653,822.757141113281,44,29,10,1935,13,69,30,26,19.0929470062256,2,104,0,2168,94
36.5755483960407,-1.25563981373557,705,869.50732421875,46,29,10,1939,14,67,29,26,19.0892696380615,7,-111,2,2260,96
36.5963815511125,-1.25563981373557,711,1218.67358398438,48,29,10,2038,18,66,27,24,19.0548076629639,2,142,2,1129,97
36.6401311767633,-1.25563981373557,655,1391.10302734375,52,30,62,2023,20,60,22,27,19.002950668335,4,3,19,919,103
36.6713809093709,-1.25563981373557,436,1622.23999023438,52,30,10,1973,19,57,24,25,18.9598369598389,5,31,29,314,94
36.683880802414,-1.25563981373557,471,1608.19323730469,53,30,10,1975,22,58,25,23,18.9398956298828,2,49,17,4,94
36.7401303211078,-1.25563981373557,379,1604.7109375,57,32,190,1856,15,57,22,21,18.7923755645752,4,101,12,1431,98
36.742213636615,-1.25563981373557,377,1604.7109375,57,32,190,1856,15,57,22,21,18.7923755645752,4,101,12,1431,98
36.7567968451653,-1.25563981373557,419,1603.67553710938,52,30,190,1821,16,59,27,21,18.7469577789307,3,76,20,2208,102
36.7713800537155,-1.25563981373557,444,1584.07763671875,48,30,190,1762,15,58,30,22,18.6987934112549,4,-65,25,2502,104
36.7755466847299,-1.25563981373557,452,1584.07763671875,48,30,190,1762,15,58,30,22,18.6987934112549,4,-65,25,2502,104
36.7880465777729,-1.25563981373557,435,1545.92407226562,45,29,190,1739,14,58,33,22,18.6387977600098,2,10,13,2688,105
36.7942965242945,-1.25563981373557,426,1531.53295898438,45,29,190,1724,17,59,33,23,18.6098594665527,2,20,6,2849,106
36.8338795189309,-1.25563981373557,407,1470.92236328125,44,29,190,1673,18,56,33,24,18.4963264465332,2,17,22,3270,108
36.9026289306677,-1.25563981373557,501,1302.02722167969,40,27,190,1586,16,76,38,21,18.2738857269287,2,13,1,2865,119
36.9422119253041,-1.25563981373557,503,1268.732421875,41,26,10,1556,18,78,41,18,18.1801128387451,1,25,0,2700,114
36.9609617648687,-1.25563981373557,517,1240.54614257812,43,27,10,1509,15,64,37,20,18.1107769012451,5,-62,2,2784,116
36.9692950268975,-1.25563981373557,524,1210.60095214844,44,28,10,1501,14,66,35,20,18.0960216522217,0,-82,11,2694,115
36.9942948129836,-1.25563981373557,544,1155.13916015625,46,28,10,1491,16,70,34,20,18.0644359588623,1,-36,4,2775,118
36.9963781284908,-1.25563981373557,558,1155.13916015625,46,28,10,1491,16,70,34,20,18.0644359588623,1,-36,4,2775,118
36.998461443998,-1.25563981373557,572,1155.13916015625,46,28,10,1491,16,70,34,20,18.0644359588623,1,-36,4,2775,118
37.0380444386343,-1.25563981373557,768,1142.69909667969,46,28,130,1488,14,75,36,19,17.9920139312744,0,-3,1,2816,124
37.0442943851559,-1.25563981373557,844,1149.43981933594,47,29,40,1485,13,73,32,21,17.9760971069336,1,-6,1,2861,124
37.0505443316774,-1.25563981373557,722,1149.43981933594,47,29,40,1485,13,73,32,21,17.9760971069336,1,-6,1,2861,124
37.0609609092133,-1.25563981373557,716,1142.93408203125,43,28,120,1485,11,72,35,22,17.9456367492676,0,11,0,2858,128
37.0630442247205,-1.25563981373557,716,1142.93408203125,43,28,120,1485,11,72,35,22,17.9456367492676,0,11,0,2858,128
37.0817940642851,-1.25563981373557,767,1100.84753417969,43,27,10,1472,10,67,37,20,17.9153518676758,2,-19,0,2997,122
36.5213821928541,-1.25772316777204,711,766.077026367188,38,27,10,1781,14,67,38,24,19.0974388122559,12,68,2,3339,89
36.5276321393756,-1.25772316777204,657,790.692260742188,38,27,122,1813,14,69,38,24,19.0963153839111,4,84,4,2976,91
36.5380487169115,-1.25772316777204,676,772.653198242188,39,27,40,1819,14,68,36,25,19.0850944519043,2,-71,4,3069,92
36.5422153479259,-1.25772316777204,755,772.653198242188,39,27,40,1819,14,68,36,25,19.0850944519043,2,-71,4,3069,92
36.5609651874905,-1.25772316777204,669,836.216674804688,43,28,40,1926,13,68,31,26,19.1004333496094,4,72,0,2133,99
36.6463811232848,-1.25772316777204,624,1525.48620605469,53,30,62,2021,19,59,21,26,18.9890785217285,4,14,22,549,106
36.6692975938638,-1.25772316777204,474,1612.2607421875,54,30,10,1974,21,58,22,24,18.9681777954102,12,1,14,95,93
36.6901307489355,-1.25772316777204,478,1562.22448730469,57,32,61,1918,23,56,21,22,18.9151878356934,6,-48,19,252,96
36.742213636615,-1.25772316777204,363,1613.3154296875,53,30,190,1857,14,57,28,19,18.8042888641357,2,61,11,1337,101
36.7505468986437,-1.25772316777204,417,1614.16772460938,52,30,190,1834,14,59,29,20,18.7807483673096,3,29,15,1710,102
36.7755466847299,-1.25772316777204,437,1581.13049316406,49,30,190,1788,14,59,31,21,18.7087097167969,7,58,21,2176,102
36.7901298932801,-1.25772316777204,435,1535.70532226562,44,28,190,1742,13,60,35,21,18.6463775634766,4,43,7,2682,106
36.7942965242945,-1.25772316777204,424,1519.99987792969,44,28,190,1722,16,61,36,20,18.6167602539062,2,13,7,2747,107
36.800546470816,-1.25772316777204,444,1519.99987792969,44,28,190,1722,16,61,36,20,18.6167602539062,2,13,7,2747,107
36.8026297863232,-1.25772316777204,455,1502.90026855469,44,28,190,1702,16,62,36,21,18.5851230621338,1,-9,4,2923,107
36.8172129948734,-1.25772316777204,459,1484.54528808594,42,27,190,1692,16,61,37,21,18.5564708709717,3,5,8,2872,108
36.8297128879165,-1.25772316777204,399,1450.63720703125,44,28,190,1668,15,58,35,21,18.5014533996582,5,23,14,3133,108
36.8422127809596,-1.25772316777204,417,1433.20727539062,45,29,190,1659,18,59,33,23,18.4733657836914,4,-18,29,3062,109
36.8484627274811,-1.25772316777204,488,1413.49877929688,43,28,190,1651,17,63,35,22,18.4475936889648,4,-6,8,3070,108
36.8755458290744,-1.25772316777204,553,1307.53173828125,40,27,190,1616,15,73,39,21,18.3704719543457,2,18,3,2983,111
36.9005456151606,-1.25772316777204,543,1287.61169433594,40,27,190,1599,16,75,38,22,18.3074722290039,1,7,5,2800,119
36.9442952408113,-1.25772316777204,548,1281.92932128906,41,26,10,1569,15,72,41,18,18.1751194000244,1,61,1,2303,113
36.9505451873328,-1.25772316777204,615,1281.92932128906,41,26,10,1569,15,72,41,18,18.1751194000244,1,61,1,2303,113
36.9630450803759,-1.25772316777204,520,1283.9755859375,42,27,10,1550,15,72,38,20,18.1322917938232,3,73,0,2157,112
36.9713783424046,-1.25772316777204,529,1252.35241699219,43,27,10,1518,16,68,37,20,18.1059951782227,7,13,2,2356,112
36.9776282889262,-1.25772316777204,565,1210.26428222656,43,28,10,1501,14,69,35,22,18.0827350616455,1,-106,1,2488,117
37.0297111766056,-1.25772316777204,733,1143.95092773438,47,29,130,1492,16,74,33,20,18.0110149383545,0,9,0,2597,120
37.0359611231272,-1.25772316777204,800,1151.09912109375,46,29,40,1490,16,73,33,21,17.9951324462891,1,2,3,2620,123
37.0484610161702,-1.25772316777204,830,1158.26086425781,45,29,10,1490,12,72,33,22,17.9782905578613,1,14,5,2623,129
37.0526276471846,-1.25772316777204,738,1158.01440429688,45,28,40,1488,11,72,34,22,17.9638080596924,1,14,6,2695,126
37.0588775937061,-1.25772316777204,730,1158.01440429688,45,28,40,1488,11,72,34,22,17.9638080596924,1,14,6,2695,126
37.0797107487779,-1.25772316777204,631,1083.59692382812,43,27,10,1472,10,68,37,21,17.9212093353271,2,-16,1,2906,124
37.0901273263138,-1.25772316777204,645,1029.50537109375,43,28,10,1476,11,71,35,21,17.9045562744141,2,35,0,2859,119
37.0984605883425,-1.25772316777204,637,963.516418457031,43,28,40,1462,11,70,35,22,17.8896617889404,1,-11,1,2932,119
36.5026323532895,-1.25980652180852,808,654.524291992188,37,28,40,1634,15,68,36,27,18.9633617401123,15,286,1,4772,86
36.5109656153182,-1.25980652180852,723,708.47216796875,38,28,40,1806,14,66,37,25,19.0595836639404,16,583,2,3063,76
36.5234655083613,-1.25980652180852,680,766.077026367188,38,27,10,1781,14,67,38,24,19.0974388122559,12,68,2,3339,89
36.5526319254618,-1.25980652180852,659,773.260803222656,39,27,10,1863,13,69,35,26,19.085865020752,17,-170,1,2887,91
36.5963815511125,-1.25980652180852,706,1148.3681640625,48,29,62,2033,18,65,29,24,19.0782012939453,5,123,5,1198,96
36.625547968213,-1.25980652180852,646,1267.03259277344,49,29,10,1982,19,65,27,24,19.0445041656494,1,-128,0,1633,101
36.6297145992274,-1.25980652180852,624,1324.80444335938,50,30,120,1983,20,65,25,25,19.0303859710693,1,-147,6,1410,101
36.6380478612561,-1.25980652180852,674,1431.36083984375,52,30,120,2020,21,60,21,26,19.0107288360596,1,-10,15,909,103
36.6442978077776,-1.25980652180852,642,1525.48620605469,53,30,62,2021,19,59,21,26,18.9890785217285,4,14,22,549,106
36.660964331835,-1.25980652180852,549,1611.15795898438,53,31,62,2013,22,58,22,25,18.9823055267334,6,5,39,106,102
36.6817974869068,-1.25980652180852,440,1587.18640136719,55,31,62,1922,26,58,21,24,18.9379138946533,5,-189,53,470,94
36.7026306419786,-1.25980652180852,464,1573.94458007812,57,31,62,1929,16,59,24,19,18.8818588256836,5,113,15,0,96
36.7401303211078,-1.25980652180852,474,1613.3154296875,53,30,190,1857,14,57,28,19,18.8042888641357,2,61,11,1337,101
36.7484635831365,-1.25980652180852,448,1614.16772460938,52,30,190,1834,14,59,29,20,18.7807483673096,3,29,15,1710,102
36.7630467916868,-1.25980652180852,422,1598.48596191406,51,30,190,1816,13,59,29,20,18.7358551025391,4,128,13,1969,105
36.7984631553088,-1.25980652180852,456,1519.99987792969,44,28,190,1722,16,61,36,20,18.6167602539062,2,13,7,2747,107
36.8505460429883,-1.25980652180852,506,1413.49877929688,43,28,190,1651,17,63,35,22,18.4475936889648,4,-6,8,3070,108
36.8776291445816,-1.25980652180852,551,1283.68640136719,40,26,190,1608,21,77,40,20,18.3472995758057,2,1,0,2973,113
36.894295668639,-1.25980652180852,499,1287.61169433594,40,27,190,1599,16,75,38,22,18.3074722290039,1,7,5,2800,119
36.9026289306677,-1.25980652180852,457,1295.61840820312,40,26,190,1588,18,75,40,21,18.286792755127,2,-16,5,2720,117
36.917212139218,-1.25980652180852,497,1294.15014648438,38,26,190,1592,19,77,42,20,18.2660026550293,1,30,1,2593,116
36.9192954547252,-1.25980652180852,530,1285.615234375,39,26,190,1578,19,75,43,19,18.2427387237549,3,-4,1,2567,115
36.9380452942898,-1.25980652180852,511,1283.23217773438,41,26,10,1567,16,76,41,18,18.1966743469238,4,13,0,2420,112
36.940128609797,-1.25980652180852,518,1283.23217773438,41,26,10,1567,16,76,41,18,18.1966743469238,4,13,0,2420,112
36.9630450803759,-1.25980652180852,578,1283.9755859375,42,27,10,1550,15,72,38,20,18.1322917938232,3,73,0,2157,112
37.010961337041,-1.25980652180852,545,1163.01257324219,45,28,120,1493,15,74,34,21,18.0385398864746,1,-3,5,2581,116
37.0172112835626,-1.25980652180852,606,1163.01257324219,45,28,120,1493,15,74,34,21,18.0385398864746,1,-3,5,2581,116
37.0359611231272,-1.25980652180852,843,1151.09912109375,46,29,40,1490,16,73,33,21,17.9951324462891,1,2,3,2620,123
37.0880440108066,-1.25980652180852,622,1029.50537109375,43,28,10,1476,11,71,35,21,17.9045562744141,2,35,0,2859,119
36.4963824067679,-1.26188987584499,889,594.523010253906,36,26,130,1420,14,70,38,26,18.9367065429688,15,-339,0,6650,99
36.5005490377823,-1.26188987584499,807,594.523010253906,36,26,130,1420,14,70,38,26,18.9367065429688,15,-339,0,6650,99
36.5463819789402,-1.26188987584499,722,755.523742675781,40,27,130,1856,15,68,35,25,19.0854110717773,3,79,1,2756,96
36.5484652944474,-1.26188987584499,689,755.523742675781,40,27,130,1856,15,68,35,25,19.0854110717773,3,79,1,2756,96
36.5567985564761,-1.26188987584499,645,773.260803222656,39,27,10,1863,13,69,35,26,19.085865020752,17,-170,1,2887,91
36.5609651874905,-1.26188987584499,675,836.216674804688,43,28,40,1926,13,68,31,26,19.1004333496094,4,72,0,2133,99
36.5776317115479,-1.26188987584499,695,933.07568359375,45,28,10,1943,13,67,29,26,19.0907688140869,1,-94,1,1966,97
36.5859649735766,-1.26188987584499,745,1008.76995849609,46,28,120,1953,17,66,29,24,19.0845146179199,9,-164,4,1883,94
36.625547968213,-1.26188987584499,634,1267.03259277344,49,29,10,1982,19,65,27,24,19.0445041656494,1,-128,0,1633,101
36.6380478612561,-1.26188987584499,674,1431.36083984375,52,30,120,2020,21,60,21,26,19.0107288360596,1,-10,15,909,103
36.6505477542992,-1.26188987584499,626,1525.48620605469,53,30,62,2021,19,59,21,26,18.9890785217285,4,14,22,549,106
36.7755466847299,-1.26188987584499,423,1581.13049316406,49,30,190,1788,14,59,31,21,18.7087097167969,7,58,21,2176,102
36.7963798398016,-1.26188987584499,466,1519.99987792969,44,28,190,1722,16,61,36,20,18.6167602539062,2,13,7,2747,107
36.8255462569021,-1.26188987584499,465,1467.49987792969,40,27,190,1681,18,61,39,21,18.5290756225586,2,26,5,2967,109
36.8901290376247,-1.26188987584499,461,1279.90161132812,39,26,190,1603,16,75,40,21,18.327112197876,1,-2,0,2917,111
36.8984622996534,-1.26188987584499,500,1287.61169433594,40,27,190,1599,16,75,38,22,18.3074722290039,1,7,5,2800,119
36.9088788771893,-1.26188987584499,500,1295.61840820312,40,26,190,1588,18,75,40,21,18.286792755127,2,-16,5,2720,117
36.9213787702324,-1.26188987584499,521,1285.615234375,39,26,190,1578,19,75,43,19,18.2427387237549,3,-4,1,2567,115
36.9255454012467,-1.26188987584499,555,1285.615234375,39,26,190,1578,19,75,43,19,18.2427387237549,3,-4,1,2567,115
36.9651283958831,-1.26188987584499,548,1283.9755859375,42,27,10,1550,15,72,38,20,18.1322917938232,3,73,0,2157,112
36.9713783424046,-1.26188987584499,546,1252.35241699219,43,27,10,1518,16,68,37,20,18.1059951782227,7,13,2,2356,112
37.0422110696487,-1.26188987584499,894,1151.09912109375,46,29,40,1490,16,73,33,21,17.9951324462891,1,2,3,2620,123
37.056794278199,-1.26188987584499,754,1158.01440429688,45,28,40,1488,11,72,34,22,17.9638080596924,1,14,6,2695,126
37.0797107487779,-1.26188987584499,617,1083.59692382812,43,27,10,1472,10,68,37,21,17.9212093353271,2,-16,1,2906,124
36.5047156687967,-1.26397322988147,703,654.524291992188,37,28,40,1634,15,68,36,27,18.9633617401123,15,286,1,4772,86
36.5547152409689,-1.26397322988147,646,773.260803222656,39,27,10,1863,13,69,35,26,19.085865020752,17,-170,1,2887,91
36.5755483960407,-1.26397322988147,683,901.816223144531,45,29,10,1935,14,68,30,26,19.1003742218018,6,34,0,1910,101
36.5963815511125,-1.26397322988147,682,1148.3681640625,48,29,62,2033,18,65,29,24,19.0782012939453,5,123,5,1198,96
36.6672142783566,-1.26397322988147,562,1611.15795898438,53,31,62,2013,22,58,22,25,18.9823055267334,6,5,39,106,102
36.6817974869068,-1.26397322988147,437,1587.18640136719,55,31,62,1922,26,58,21,24,18.9379138946533,5,-189,53,470,94
36.683880802414,-1.26397322988147,432,1587.18640136719,55,31,62,1922,26,58,21,24,18.9379138946533,5,-189,53,470,94
36.6922140644427,-1.26397322988147,416,1562.22448730469,57,32,61,1918,23,56,21,22,18.9151878356934,6,-48,19,252,96
36.6963806954571,-1.26397322988147,402,1560.51843261719,57,31,60,1912,20,57,22,21,18.8974533081055,13,-57,26,34,95
36.7047139574858,-1.26397322988147,402,1573.94458007812,57,31,62,1929,16,59,24,19,18.8818588256836,5,113,15,0,96
36.7255471125576,-1.26397322988147,413,1599.70861816406,55,30,10,1903,12,58,26,19,18.8469676971436,2,147,5,195,104
36.7359636900935,-1.26397322988147,458,1613.3154296875,53,30,190,1857,14,57,28,19,18.8042888641357,2,61,11,1337,101
36.7442969521222,-1.26397322988147,416,1614.16772460938,52,30,190,1834,14,59,29,20,18.7807483673096,3,29,15,1710,102
36.7463802676294,-1.26397322988147,412,1614.16772460938,52,30,190,1834,14,59,29,20,18.7807483673096,3,29,15,1710,102
36.7692967382083,-1.26397322988147,440,1581.13049316406,49,30,190,1788,14,59,31,21,18.7087097167969,7,58,21,2176,102
36.8297128879165,-1.26397322988147,454,1450.63720703125,44,28,190,1668,15,58,35,21,18.5014533996582,5,23,14,3133,108
36.8692958825529,-1.26397322988147,536,1307.53173828125,40,27,190,1616,15,73,39,21,18.3704719543457,2,18,3,2983,111
36.8734625135672,-1.26397322988147,533,1307.53173828125,40,27,190,1616,15,73,39,21,18.3704719543457,2,18,3,2983,111
36.8838790911031,-1.26397322988147,516,1283.68640136719,40,26,190,1608,21,77,40,20,18.3472995758057,2,1,0,2973,113
36.917212139218,-1.26397322988147,519,1294.15014648438,38,26,190,1592,19,77,42,20,18.2660026550293,1,30,1,2593,116
36.9255454012467,-1.26397322988147,655,1285.615234375,39,26,190,1578,19,75,43,19,18.2427387237549,3,-4,1,2567,115
36.9567951338544,-1.26397322988147,550,1283.55053710938,42,27,10,1540,15,72,39,19,18.1512451171875,6,-21,0,2377,117
36.9672117113903,-1.26397322988147,542,1283.9755859375,42,27,10,1550,15,72,38,20,18.1322917938232,3,73,0,2157,112
36.9734616579118,-1.26397322988147,562,1252.35241699219,43,27,10,1518,16,68,37,20,18.1059951782227,7,13,2,2356,112
36.9859615509549,-1.26397322988147,557,1207.30249023438,44,28,10,1511,14,71,35,21,18.0660610198975,2,-9,5,2472,116
37.0088780215338,-1.26397322988147,648,1199.98388671875,45,29,120,1499,13,73,34,21,18.0442543029785,2,-1,7,2557,115
37.010961337041,-1.26397322988147,636,1163.01257324219,45,28,120,1493,15,74,34,21,18.0385398864746,1,-3,5,2581,116
37.0588775937061,-1.26397322988147,747,1158.01440429688,45,28,40,1488,11,72,34,22,17.9638080596924,1,14,6,2695,126
37.0776274332707,-1.26397322988147,649,1083.59692382812,43,27,10,1472,10,68,37,21,17.9212093353271,2,-16,1,2906,124
37.092210641821,-1.26397322988147,664,1029.50537109375,43,28,10,1476,11,71,35,21,17.9045562744141,2,35,0,2859,119
37.1005439038497,-1.26397322988147,655,963.516418457031,43,28,40,1462,11,70,35,22,17.8896617889404,1,-11,1,2932,119
36.4984657222751,-1.26605658391794,823,619.29052734375,36,26,40,1441,14,70,38,26,18.934118270874,29,-461,1,6682,97
36.5026323532895,-1.26605658391794,719,667.658508300781,37,28,40,1650,14,69,37,26,18.9880905151367,8,224,1,4544,86
36.5130489308254,-1.26605658391794,691,719.840454101562,37,27,40,1745,14,67,39,25,19.0621509552002,15,128,0,3633,83
36.5234655083613,-1.26605658391794,688,784.762268066406,37,27,40,1809,14,69,39,24,19.1041793823242,6,383,0,3054,92
36.5422153479259,-1.26605658391794,691,773.59130859375,39,27,122,1807,17,68,37,25,19.0893497467041,6,-71,3,3335,93
36.5880482890838,-1.26605658391794,708,1013.84942626953,45,28,10,1960,16,68,30,24,19.0949096679688,7,-65,2,1806,97
36.625547968213,-1.26605658391794,651,1332.97436523438,52,30,62,2017,21,66,24,24,19.0331954956055,6,44,9,1161,98
36.6630476473422,-1.26605658391794,535,1608.43237304688,52,30,10,1992,20,57,23,25,18.9913883209229,2,-66,21,186,98
36.6651309628494,-1.26605658391794,542,1608.43237304688,52,30,10,1992,20,57,23,25,18.9913883209229,2,-66,21,186,98
36.6672142783566,-1.26605658391794,549,1608.43237304688,52,30,10,1992,20,57,23,25,18.9913883209229,2,-66,21,186,98
36.6692975938638,-1.26605658391794,530,1609.57934570312,53,30,10,1998,21,57,24,23,18.9785308837891,5,156,11,-182,100
36.6734642248781,-1.26605658391794,494,1609.57934570312,53,30,10,1998,21,57,24,23,18.9785308837891,5,156,11,-182,100
36.7151305350217,-1.26605658391794,423,1547.51000976562,55,31,60,1865,16,57,24,21,18.8613262176514,14,-155,20,387,99
36.7317970590791,-1.26605658391794,455,1572.43835449219,54,30,190,1849,15,58,27,19,18.8237266540527,6,-28,17,992,98
36.7901298932801,-1.26605658391794,432,1528.06762695312,44,28,190,1727,15,58,34,22,18.6537590026855,2,-48,21,2700,107
36.8130463638591,-1.26605658391794,539,1472.05041503906,41,28,190,1684,16,61,37,21,18.5601329803467,1,-26,3,2881,108
36.8276295724093,-1.26605658391794,507,1427.89636230469,42,28,190,1665,17,64,37,22,18.5075187683105,1,-6,2,3062,109
36.8338795189309,-1.26605658391794,494,1427.89636230469,42,28,190,1665,17,64,37,22,18.5075187683105,1,-6,2,3062,109
36.8401294654524,-1.26605658391794,659,1413.38415527344,41,28,190,1658,19,65,37,22,18.4831390380859,1,19,4,3034,109
36.8651292515385,-1.26605658391794,556,1320.27612304688,41,27,190,1622,15,69,37,23,18.4041213989258,1,-16,5,2945,109
36.9276287167539,-1.26605658391794,682,1289.03601074219,39,26,190,1579,23,73,42,19,18.2354927062988,4,-23,0,2316,114
36.940128609797,-1.26605658391794,492,1296.54528808594,41,27,190,1578,16,76,40,19,18.2142887115479,5,16,0,2171,112
36.9442952408113,-1.26605658391794,493,1300.06359863281,41,27,190,1575,15,69,40,19,18.1918830871582,2,24,0,2129,116
36.95262850284,-1.26605658391794,553,1306.28088378906,42,27,10,1557,14,68,39,19,18.168924331665,4,-41,0,2187,117
36.9609617648687,-1.26605658391794,538,1311.33752441406,42,27,10,1564,15,67,38,19,18.1489353179932,2,56,0,1884,116
36.9630450803759,-1.26605658391794,509,1311.33752441406,42,27,10,1564,15,67,38,19,18.1489353179932,2,56,0,1884,116
36.9734616579118,-1.26605658391794,514,1295.00659179688,43,27,10,1555,13,71,38,19,18.1226558685303,2,14,0,2002,117
36.9797116044333,-1.26605658391794,480,1275.75573730469,44,27,10,1514,13,70,37,20,18.0952377319336,4,-114,1,2159,117
36.9942948129836,-1.26605658391794,551,1295.89294433594,43,27,120,1520,13,73,38,19,18.0580730438232,4,28,7,2073,111
37.0234612300841,-1.26605658391794,717,1167.41650390625,47,29,30,1495,14,74,33,21,18.0272274017334,1,-1,5,2360,118
37.0526276471846,-1.26605658391794,770,1154.623046875,46,29,40,1488,14,75,33,21,17.9716529846191,1,9,3,2467,126
37.056794278199,-1.26605658391794,763,1154.623046875,46,29,40,1488,14,75,33,21,17.9716529846191,1,9,3,2467,126
37.0755441177636,-1.26605658391794,659,1093.7734375,45,28,10,1484,13,72,35,21,17.9438762664795,1,31,2,2532,128
37.0776274332707,-1.26605658391794,637,1036.81127929688,43,28,10,1477,12,71,36,21,17.9291286468506,2,21,5,2585,120
36.5047156687967,-1.26813993795441,707,667.658508300781,37,28,40,1650,14,69,37,26,18.9880905151367,8,224,1,4544,86
36.5172155618397,-1.26813993795441,720,719.840454101562,37,27,40,1745,14,67,39,25,19.0621509552002,15,128,0,3633,83
36.5588818719833,-1.26813993795441,634,768.501220703125,39,26,130,1843,13,68,37,25,19.0867900848389,16,-174,0,3045,86
36.5609651874905,-1.26813993795441,633,846.503356933594,40,27,10,1931,13,69,34,26,19.1065635681152,4,204,3,2024,90
36.567215134012,-1.26813993795441,597,846.503356933594,40,27,10,1931,13,69,34,26,19.1065635681152,4,204,3,2024,90
36.6130480751699,-1.26813993795441,710,1222.9716796875,48,29,120,2015,17,64,29,23,19.0648937225342,3,80,6,1243,103
36.6276312837202,-1.26813993795441,656,1428.0751953125,53,31,10,2038,20,65,22,25,19.0126056671143,5,133,11,700,100
36.6338812302417,-1.26813993795441,646,1428.0751953125,53,31,10,2038,20,65,22,25,19.0126056671143,5,133,11,700,100
36.6463811232848,-1.26813993795441,630,1547.11169433594,52,30,10,2034,21,60,22,26,18.9905967712402,1,76,23,272,107
36.6547143853135,-1.26813993795441,589,1584.69848632812,53,30,62,2027,18,60,22,25,18.9846801757812,6,113,18,27,99
36.6755475403853,-1.26813993795441,450,1609.57934570312,53,30,10,1998,21,57,24,23,18.9785308837891,5,156,11,-182,100
36.6984640109643,-1.26813993795441,397,1521.53344726562,57,31,10,1892,20,58,22,21,18.8985366821289,0,-46,20,426,98
36.7130472195145,-1.26813993795441,420,1547.51000976562,55,31,60,1865,16,57,24,21,18.8613262176514,14,-155,20,387,99
36.777630000237,-1.26813993795441,428,1545.900390625,46,28,190,1741,16,59,33,21,18.6858654022217,3,-64,14,2529,105
36.8172129948734,-1.26813993795441,543,1472.05041503906,41,28,190,1684,16,61,37,21,18.5601329803467,1,-26,3,2881,108
36.8963789841462,-1.26813993795441,468,1289.51147460938,39,26,190,1602,17,74,41,20,18.3210697174072,1,-9,1,2610,118
36.9151288237108,-1.26813993795441,525,1283.44421386719,37,26,190,1594,19,78,43,19,18.2789516448975,2,19,0,2412,116
36.9422119253041,-1.26813993795441,480,1296.54528808594,41,27,190,1578,16,76,40,19,18.2142887115479,5,16,0,2171,112
36.9651283958831,-1.26813993795441,510,1311.33752441406,42,27,10,1564,15,67,38,19,18.1489353179932,2,56,0,1884,116
36.9797116044333,-1.26813993795441,475,1275.75573730469,44,27,10,1514,13,70,37,20,18.0952377319336,4,-114,1,2159,117
36.9901281819692,-1.26813993795441,527,1285.90380859375,43,27,10,1541,13,70,37,19,18.0771808624268,3,68,2,1951,115
36.9942948129836,-1.26813993795441,528,1295.89294433594,43,27,120,1520,13,73,38,19,18.0580730438232,4,28,7,2073,111
36.9963781284908,-1.26813993795441,532,1295.89294433594,43,27,120,1520,13,73,38,19,18.0580730438232,4,28,7,2073,111
37.0005447595051,-1.26813993795441,620,1295.89294433594,43,27,120,1520,13,73,38,19,18.0580730438232,4,28,7,2073,111
37.0088780215338,-1.26813993795441,663,1263.361328125,44,28,10,1504,13,74,36,20,18.0418395996094,2,-34,7,2235,112
37.0484610161702,-1.26813993795441,793,1157.27697753906,47,29,40,1490,14,74,32,21,17.9859752655029,1,0,5,2455,122
37.056794278199,-1.26813993795441,781,1154.623046875,46,29,40,1488,14,75,33,21,17.9716529846191,1,9,3,2467,126
37.0609609092133,-1.26813993795441,804,1135.31787109375,45,28,40,1485,12,73,34,21,17.9579486846924,0,10,5,2500,126
37.0776274332707,-1.26813993795441,715,1036.81127929688,43,28,10,1477,12,71,36,21,17.9291286468506,2,21,5,2585,120
37.0880440108066,-1.26813993795441,713,977.200744628906,44,28,10,1476,11,71,36,21,17.9126796722412,2,51,5,2577,118
37.092210641821,-1.26813993795441,754,977.200744628906,44,28,10,1476,11,71,36,21,17.9126796722412,2,51,5,2577,118
37.0942939573282,-1.26813993795441,729,920.230590820312,44,28,40,1461,11,73,35,21,17.8970623016357,1,-31,3,2759,117
37.0963772728353,-1.26813993795441,688,920.230590820312,44,28,40,1461,11,73,35,21,17.8970623016357,1,-31,3,2759,117
36.5463819789402,-1.27022329199089,661,749.721374511719,40,27,10,1822,13,68,36,24,19.0852470397949,15,54,0,2927,95
36.5630485029977,-1.27022329199089,610,846.503356933594,40,27,10,1931,13,69,34,26,19.1065635681152,4,204,3,2024,90
36.5651318185048,-1.27022329199089,604,846.503356933594,40,27,10,1931,13,69,34,26,19.1065635681152,4,204,3,2024,90
36.6588810163279,-1.27022329199089,593,1584.69848632812,53,30,62,2027,18,60,22,25,18.9846801757812,6,113,18,27,99
36.6630476473422,-1.27022329199089,537,1608.43237304688,52,30,10,1992,20,57,23,25,18.9913883209229,2,-66,21,186,98
36.719297166036,-1.27022329199089,425,1562.833984375,55,31,10,1889,13,58,25,19,18.8440475463867,9,73,12,454,97
36.7255471125576,-1.27022329199089,456,1562.833984375,55,31,10,1889,13,58,25,19,18.8440475463867,9,73,12,454,97
36.7359636900935,-1.27022329199089,449,1582.20239257812,49,29,190,1864,9,61,31,19,18.8071212768555,5,133,5,1039,101
36.7526302141509,-1.27022329199089,443,1583.62426757812,47,28,190,1812,10,62,33,20,18.760856628418,5,16,0,1643,100
36.7880465777729,-1.27022329199089,438,1528.06762695312,44,28,190,1727,15,58,34,22,18.6537590026855,2,-48,21,2700,107
36.8109630483519,-1.27022329199089,550,1472.05041503906,41,28,190,1684,16,61,37,21,18.5601329803467,1,-26,3,2881,108
36.8463794119739,-1.27022329199089,584,1395.37463378906,37,26,190,1650,19,65,41,22,18.4583969116211,1,28,1,2958,111
36.8505460429883,-1.27022329199089,589,1395.37463378906,37,26,190,1650,19,65,41,22,18.4583969116211,1,28,1,2958,111
36.8567959895098,-1.27022329199089,613,1364.02172851562,38,26,190,1633,15,65,40,22,18.4311084747314,2,-1,4,2988,110
36.858879305017,-1.27022329199089,598,1364.02172851562,38,26,190,1633,15,65,40,22,18.4311084747314,2,-1,4,2988,110
36.8692958825529,-1.27022329199089,584,1281.14282226562,43,28,190,1608,18,74,35,23,18.3780364990234,2,-43,14,2950,110
36.894295668639,-1.27022329199089,477,1289.51147460938,39,26,190,1602,17,74,41,20,18.3210697174072,1,-9,1,2610,118
36.9026289306677,-1.27022329199089,504,1292.1396484375,39,26,190,1601,20,78,41,20,18.3009948730469,1,12,3,2475,118
36.9338786632754,-1.27022329199089,490,1289.03601074219,39,26,190,1579,23,73,42,19,18.2354927062988,4,-23,0,2316,114
36.9380452942898,-1.27022329199089,458,1296.54528808594,41,27,190,1578,16,76,40,19,18.2142887115479,5,16,0,2171,112
36.9422119253041,-1.27022329199089,461,1296.54528808594,41,27,190,1578,16,76,40,19,18.2142887115479,5,16,0,2171,112
36.9651283958831,-1.27022329199089,503,1311.33752441406,42,27,10,1564,15,67,38,19,18.1489353179932,2,56,0,1884,116
36.9880448664621,-1.27022329199089,499,1285.90380859375,43,27,10,1541,13,70,37,19,18.0771808624268,3,68,2,1951,115
37.0192945990697,-1.27022329199089,675,1167.41650390625,47,29,30,1495,14,74,33,21,18.0272274017334,1,-1,5,2360,118
37.0234612300841,-1.27022329199089,665,1167.41650390625,47,29,30,1495,14,74,33,21,18.0272274017334,1,-1,5,2360,118
37.0713774867492,-1.27022329199089,794,1093.7734375,45,28,10,1484,13,72,35,21,17.9438762664795,1,31,2,2532,128
36.5817983425623,-1.27230664602736,688,988.160705566406,44,29,10,1950,14,68,30,26,19.1037464141846,1,-3,0,1933,96
36.5922149200982,-1.27230664602736,759,1013.84942626953,45,28,10,1960,16,68,30,24,19.0949096679688,7,-65,2,1806,97
36.6692975938638,-1.27230664602736,488,1609.57934570312,53,30,10,1998,21,57,24,23,18.9785308837891,5,156,11,-182,100
36.6859641179212,-1.27230664602736,422,1536.84252929688,58,31,62,1908,20,58,21,22,18.9183311462402,2,-43,14,478,97
36.6922140644427,-1.27230664602736,418,1536.84252929688,58,31,62,1908,20,58,21,22,18.9183311462402,2,-43,14,478,97
36.706797272993,-1.27230664602736,454,1531.00659179688,56,31,60,1878,19,60,23,21,18.8801097869873,4,-49,39,428,99
36.7463802676294,-1.27230664602736,440,1587.21752929688,47,28,190,1830,11,62,34,19,18.7850284576416,4,37,1,1466,100
36.7526302141509,-1.27230664602736,446,1583.62426757812,47,28,190,1812,10,62,33,20,18.760856628418,5,16,0,1643,100
36.7942965242945,-1.27230664602736,431,1514.62512207031,44,28,190,1708,14,61,36,20,18.6220378875732,2,-85,10,2710,107
36.8067964173375,-1.27230664602736,451,1497.60400390625,44,28,190,1696,16,61,35,21,18.590690612793,1,-63,10,2780,108
36.8276295724093,-1.27230664602736,513,1427.89636230469,42,28,190,1665,17,64,37,22,18.5075187683105,1,-6,2,3062,109
36.8484627274811,-1.27230664602736,711,1395.37463378906,37,26,190,1650,19,65,41,22,18.4583969116211,1,28,1,2958,111
36.8505460429883,-1.27230664602736,670,1395.37463378906,37,26,190,1650,19,65,41,22,18.4583969116211,1,28,1,2958,111
36.858879305017,-1.27230664602736,583,1364.02172851562,38,26,190,1633,15,65,40,22,18.4311084747314,2,-1,4,2988,110
36.8672125670457,-1.27230664602736,580,1320.27612304688,41,27,190,1622,15,69,37,23,18.4041213989258,1,-16,5,2945,109
36.9088788771893,-1.27230664602736,534,1292.1396484375,39,26,190,1601,20,78,41,20,18.3009948730469,1,12,3,2475,118
36.9109621926965,-1.27230664602736,554,1283.44421386719,37,26,190,1594,19,78,43,19,18.2789516448975,2,19,0,2412,116
36.9630450803759,-1.27230664602736,514,1311.33752441406,42,27,10,1564,15,67,38,19,18.1489353179932,2,56,0,1884,116
36.9797116044333,-1.27230664602736,483,1275.75573730469,44,27,10,1514,13,70,37,20,18.0952377319336,4,-114,1,2159,117
36.9963781284908,-1.27230664602736,532,1295.89294433594,43,27,120,1520,13,73,38,19,18.0580730438232,4,28,7,2073,111
37.0276278610985,-1.27230664602736,742,1154.12707519531,48,30,40,1493,15,76,30,22,18.0147132873535,0,-1,2,2440,117
37.0505443316774,-1.27230664602736,724,1157.27697753906,47,29,40,1490,14,74,32,21,17.9859752655029,1,0,5,2455,122
37.0838773797923,-1.27230664602736,666,1036.81127929688,43,28,10,1477,12,71,36,21,17.9291286468506,2,21,5,2585,120
37.0942939573282,-1.27230664602736,751,920.230590820312,44,28,40,1461,11,73,35,21,17.8970623016357,1,-31,3,2759,117
36.53179877039,-1.27439000006384,666,798.509643554688,39,27,122,1823,14,68,37,24,19.1061363220215,4,111,0,2996,90
36.5484652944474,-1.27439000006384,692,744.646850585938,40,27,30,1775,13,70,36,25,19.0878772735596,9,-37,0,3248,91
36.5963815511125,-1.27439000006384,777,987.665222167969,45,28,10,1980,15,68,31,24,19.0879764556885,6,112,4,1370,94
36.5984648666197,-1.27439000006384,766,987.665222167969,45,28,10,1980,15,68,31,24,19.0879764556885,6,112,4,1370,94
36.6109647596628,-1.27439000006384,634,1170.14965820312,46,29,120,2016,15,66,31,24,19.0714550018311,7,25,5,1225,95
36.6317979147345,-1.27439000006384,677,1478.56762695312,53,30,120,2038,20,62,23,25,19.0182476043701,1,105,8,431,113
36.6922140644427,-1.27439000006384,415,1527.92749023438,57,31,10,1889,17,56,23,20,18.9244346618652,4,-86,19,525,98
36.7047139574858,-1.27439000006384,407,1512.03503417969,56,31,62,1876,15,56,25,20,18.8858604431152,4,1,18,505,101
36.7276304280648,-1.27439000006384,463,1536.80603027344,53,30,190,1816,15,58,28,20,18.8264064788818,3,-103,19,1333,103
36.7297137435719,-1.27439000006384,440,1536.80603027344,53,30,190,1816,15,58,28,20,18.8264064788818,3,-103,19,1333,103
36.7401303211078,-1.27439000006384,424,1542.75207519531,50,29,190,1811,14,58,30,20,18.8065242767334,10,-106,10,1076,102
36.7463802676294,-1.27439000006384,431,1552.68530273438,46,28,190,1801,11,61,34,20,18.787317276001,2,-92,13,1550,102
36.7567968451653,-1.27439000006384,413,1559.17077636719,45,28,190,1795,12,61,34,21,18.76780128479,2,-47,1,1800,105
36.7901298932801,-1.27439000006384,421,1534.42578125,46,28,190,1747,15,61,35,20,18.6729221343994,4,53,18,2280,109
36.8130463638591,-1.27439000006384,482,1473.70349121094,44,28,190,1667,15,62,35,20,18.5702228546143,2,-109,9,2937,106
36.8442960964667,-1.27439000006384,641,1371.30249023438,39,27,190,1648,15,67,38,23,18.4656314849854,1,20,6,2909,110
36.8859624066103,-1.27439000006384,472,1285.041015625,39,26,190,1615,20,77,40,21,18.3542366027832,1,8,0,2530,120
36.9151288237108,-1.27439000006384,591,1269.21203613281,38,26,190,1597,19,78,42,20,18.2894668579102,1,-9,0,2231,117
36.95262850284,-1.27439000006384,535,1319.19970703125,43,27,130,1574,14,70,37,20,18.1857452392578,1,-1,6,1845,115
36.9567951338544,-1.27439000006384,542,1319.19970703125,43,27,130,1574,14,70,37,20,18.1857452392578,1,-1,6,1845,115
36.9734616579118,-1.27439000006384,541,1323.73315429688,43,27,120,1560,15,68,38,19,18.1409854888916,3,-12,0,1648,118
36.9901281819692,-1.27439000006384,577,1344.04138183594,43,28,11,1552,12,69,38,19,18.0961437225342,1,1,0,1591,118
36.9963781284908,-1.27439000006384,561,1350.26049804688,42,27,10,1550,12,69,39,18,18.0735282897949,3,73,1,1582,116
37.0005447595051,-1.27439000006384,595,1350.26049804688,42,27,10,1550,12,69,39,18,18.0735282897949,3,73,1,1582,116
37.0130446525482,-1.27439000006384,648,1241.39343261719,44,28,40,1503,13,74,35,20,18.0352382659912,1,-28,5,2123,114
37.0172112835626,-1.27439000006384,647,1241.39343261719,44,28,40,1503,13,74,35,20,18.0352382659912,1,-28,5,2123,114
37.0213779145769,-1.27439000006384,701,1188.1826171875,46,29,30,1497,13,74,33,20,18.0281314849854,0,-9,4,2194,116
37.0234612300841,-1.27439000006384,681,1188.1826171875,46,29,30,1497,13,74,33,20,18.0281314849854,0,-9,4,2194,116
37.0797107487779,-1.27439000006384,599,967.07177734375,44,28,10,1463,11,70,36,20,17.9395618438721,0,-49,4,2523,118
37.0838773797923,-1.27439000006384,638,967.07177734375,44,28,10,1463,11,70,36,20,17.9395618438721,0,-49,4,2523,118
37.0859606952994,-1.27439000006384,673,916.930847167969,45,29,10,1461,11,73,35,21,17.9220218658447,2,-35,6,2524,117
36.5692984495192,-1.27647335410031,618,955.426391601562,40,27,40,1968,15,68,35,24,19.114465713501,16,112,1,1849,88
36.5859649735766,-1.27647335410031,682,1000.9501953125,45,28,10,1968,14,68,31,24,19.0965023040771,7,57,1,1490,95
36.6067981286484,-1.27647335410031,690,1030.21911621094,46,29,10,1959,15,65,30,23,19.0796680450439,4,-97,6,1605,97
36.6359645457489,-1.27647335410031,637,1517.79443359375,53,30,10,2026,17,62,21,25,19.0207595825195,7,43,24,293,96
36.6547143853135,-1.27647335410031,573,1569.29614257812,52,30,62,2019,20,59,23,25,19.0043277740479,3,85,14,-22,100
36.6588810163279,-1.27647335410031,605,1569.29614257812,52,30,62,2019,20,59,23,25,19.0043277740479,3,85,14,-22,100
36.6672142783566,-1.27647335410031,610,1598.69616699219,54,30,10,2006,19,58,22,24,19.0005302429199,3,81,18,17,101
36.7276304280648,-1.27647335410031,455,1536.80603027344,53,30,190,1816,15,58,28,20,18.8264064788818,3,-103,19,1333,103
36.7547135296581,-1.27647335410031,421,1559.17077636719,45,28,190,1795,12,61,34,21,18.76780128479,2,-47,1,1800,105
36.7942965242945,-1.27647335410031,418,1527.91748046875,45,28,190,1714,14,59,35,20,18.6429347991943,5,-33,14,2435,109
36.8026297863232,-1.27647335410031,429,1510.822265625,46,29,190,1709,16,60,32,22,18.6116523742676,6,24,33,2639,107
36.835962834438,-1.27647335410031,579,1390.28771972656,40,27,190,1656,14,66,37,23,18.4890918731689,1,8,1,2959,109
36.8755458290744,-1.27647335410031,514,1274.96899414062,41,28,190,1613,16,77,35,24,18.3903980255127,1,-34,0,2830,110
36.9005456151606,-1.27647335410031,581,1293.62255859375,39,26,190,1613,20,77,41,20,18.3349514007568,2,21,0,2370,117
36.9130455082036,-1.27647335410031,569,1269.21203613281,38,26,190,1597,19,78,42,20,18.2894668579102,1,-9,0,2231,117
36.9734616579118,-1.27647335410031,561,1323.73315429688,43,27,120,1560,15,68,38,19,18.1409854888916,3,-12,0,1648,118
36.9797116044333,-1.27647335410031,599,1326.62951660156,44,27,10,1561,14,66,37,19,18.1183280944824,3,63,0,1490,114
36.9838782354477,-1.27647335410031,572,1326.62951660156,44,27,10,1561,14,66,37,19,18.1183280944824,3,63,0,1490,114
37.0026280750123,-1.27647335410031,603,1310.41687011719,43,27,10,1515,12,72,39,19,18.0468063354492,3,-17,2,1893,112
37.0526276471846,-1.27647335410031,826,1144.90466308594,47,29,40,1486,13,73,32,21,17.9788055419922,0,-5,3,2319,123
37.0547109626918,-1.27647335410031,892,1144.90466308594,47,29,40,1486,13,73,32,21,17.9788055419922,0,-5,3,2319,123
36.5609651874905,-1.27855670813679,629,837.582824707031,41,27,10,1907,16,69,35,24,19.1051292419434,3,112,6,2043,88
36.5713817650264,-1.27855670813679,611,955.426391601562,40,27,40,1968,15,68,35,24,19.114465713501,16,112,1,1849,88
36.6588810163279,-1.27855670813679,567,1569.29614257812,52,30,62,2019,20,59,23,25,19.0043277740479,3,85,14,-22,100
36.6797141713997,-1.27855670813679,447,1576.8603515625,55,30,10,1934,19,59,24,21,18.9562091827393,9,0,18,408,97
36.6817974869068,-1.27855670813679,447,1576.8603515625,55,30,10,1934,19,59,24,21,18.9562091827393,9,0,18,408,97
36.706797272993,-1.27855670813679,411,1512.03503417969,56,31,62,1876,15,56,25,20,18.8858604431152,4,1,18,505,101
36.7088805885002,-1.27855670813679,414,1512.03503417969,56,31,62,1876,15,56,25,20,18.8858604431152,4,1,18,505,101
36.7109639040073,-1.27855670813679,408,1525.65051269531,54,30,10,1860,15,58,26,20,18.8667526245117,2,-69,10,687,102
36.7359636900935,-1.27855670813679,403,1542.75207519531,50,29,190,1811,14,58,30,20,18.8065242767334,10,-106,10,1076,102
36.7401303211078,-1.27855670813679,402,1542.75207519531,50,29,190,1811,14,58,30,20,18.8065242767334,10,-106,10,1076,102
36.742213636615,-1.27855670813679,434,1542.75207519531,50,29,190,1811,14,58,30,20,18.8065242767334,10,-106,10,1076,102
36.765130107194,-1.27855670813679,438,1560.07385253906,47,28,190,1787,11,60,33,20,18.7480812072754,1,-11,10,1864,107
36.7734633692227,-1.27855670813679,441,1554.57958984375,47,29,190,1774,11,59,33,20,18.7266159057617,1,-2,2,1928,109
36.7797133157442,-1.27855670813679,459,1543.5380859375,47,29,190,1760,15,58,33,20,18.7008743286133,4,5,13,2062,107
36.7963798398016,-1.27855670813679,463,1527.91748046875,45,28,190,1714,14,59,35,20,18.6429347991943,5,-33,14,2435,109
36.8067964173375,-1.27855670813679,428,1510.822265625,46,29,190,1709,16,60,32,22,18.6116523742676,6,24,33,2639,107
36.8213796258878,-1.27855670813679,686,1433.22985839844,40,27,190,1668,18,64,40,21,18.5374946594238,3,-63,0,2951,108
36.8276295724093,-1.27855670813679,737,1406.71179199219,39,27,190,1665,17,67,41,21,18.5123977661133,2,-3,3,2940,108
36.8463794119739,-1.27855670813679,616,1371.30249023438,39,27,190,1648,15,67,38,23,18.4656314849854,1,20,6,2909,110
36.8651292515385,-1.27855670813679,618,1303.03637695312,42,28,190,1627,14,71,33,24,18.4140357971191,2,1,5,2830,111
36.8922123531319,-1.27855670813679,553,1285.041015625,39,26,190,1615,20,77,40,21,18.3542366027832,1,8,0,2530,120
36.9130455082036,-1.27855670813679,610,1269.21203613281,38,26,190,1597,19,78,42,20,18.2894668579102,1,-9,0,2231,117
36.940128609797,-1.27855670813679,497,1310.29162597656,43,27,190,1587,14,70,39,19,18.2299118041992,2,13,3,1921,114
36.9505451873328,-1.27855670813679,536,1314.30810546875,42,27,10,1578,14,70,38,19,18.2071647644043,3,-30,1,1943,118
36.9963781284908,-1.27855670813679,593,1350.26049804688,42,27,10,1550,12,69,39,18,18.0735282897949,3,73,1,1582,116
37.0026280750123,-1.27855670813679,604,1310.41687011719,43,27,10,1515,12,72,39,19,18.0468063354492,3,-17,2,1893,112
37.0088780215338,-1.27855670813679,603,1310.41687011719,43,27,10,1515,12,72,39,19,18.0468063354492,3,-17,2,1893,112
37.0130446525482,-1.27855670813679,600,1241.39343261719,44,28,40,1503,13,74,35,20,18.0352382659912,1,-28,5,2123,114
37.0234612300841,-1.27855670813679,702,1188.1826171875,46,29,30,1497,13,74,33,20,18.0281314849854,0,-9,4,2194,116
37.0672108557348,-1.27855670813679,631,1114.74194335938,45,28,120,1482,11,72,34,21,17.9664764404297,2,-3,3,2340,119
37.0713774867492,-1.27855670813679,641,1046.90051269531,43,28,10,1469,10,70,36,21,17.9537925720215,3,-2,2,2392,119
36.5567985564761,-1.28064006217326,659,761.054809570312,39,26,10,1838,15,68,36,25,19.0875511169434,11,-101,0,3016,88
36.5880482890838,-1.28064006217326,629,1000.9501953125,45,28,10,1968,14,68,31,24,19.0965023040771,7,57,1,1490,95
36.5984648666197,-1.28064006217326,679,987.665222167969,45,28,10,1980,15,68,31,24,19.0879764556885,6,112,4,1370,94
36.6005481821269,-1.28064006217326,687,987.665222167969,45,28,10,1980,15,68,31,24,19.0879764556885,6,112,4,1370,94
36.6109647596628,-1.28064006217326,635,1170.14965820312,46,29,120,2016,15,66,31,24,19.0714550018311,7,25,5,1225,95
36.6672142783566,-1.28064006217326,599,1598.69616699219,54,30,10,2006,19,58,22,24,19.0005302429199,3,81,18,17,101
36.6901307489355,-1.28064006217326,435,1527.92749023438,57,31,10,1889,17,56,23,20,18.9244346618652,4,-86,19,525,98
36.706797272993,-1.28064006217326,436,1512.03503417969,56,31,62,1876,15,56,25,20,18.8858604431152,4,1,18,505,101
36.7588801606724,-1.28064006217326,430,1559.17077636719,45,28,190,1795,12,61,34,21,18.76780128479,2,-47,1,1800,105
36.765130107194,-1.28064006217326,444,1560.07385253906,47,28,190,1787,11,60,33,20,18.7480812072754,1,-11,10,1864,107
36.8297128879165,-1.28064006217326,786,1406.71179199219,39,27,190,1665,17,67,41,21,18.5123977661133,2,-3,3,2940,108
36.8463794119739,-1.28064006217326,606,1371.30249023438,39,27,190,1648,15,67,38,23,18.4656314849854,1,20,6,2909,110
36.8776291445816,-1.28064006217326,513,1271.01647949219,39,26,190,1617,18,75,40,22,18.3723030090332,1,5,6,2640,118
36.95262850284,-1.28064006217326,529,1319.19970703125,43,27,130,1574,14,70,37,20,18.1857452392578,1,-1,6,1845,115
36.9817949199405,-1.28064006217326,561,1326.62951660156,44,27,10,1561,14,66,37,19,18.1183280944824,3,63,0,1490,114
36.9838782354477,-1.28064006217326,583,1326.62951660156,44,27,10,1561,14,66,37,19,18.1183280944824,3,63,0,1490,114
37.0026280750123,-1.28064006217326,602,1310.41687011719,43,27,10,1515,12,72,39,19,18.0468063354492,3,-17,2,1893,112
37.0588775937061,-1.28064006217326,840,1144.90466308594,47,29,40,1486,13,73,32,21,17.9788055419922,0,-5,3,2319,123
37.0609609092133,-1.28064006217326,755,1114.74194335938,45,28,120,1482,11,72,34,21,17.9664764404297,2,-3,3,2340,119
37.0776274332707,-1.28064006217326,660,967.07177734375,44,28,10,1463,11,70,36,20,17.9395618438721,0,-49,4,2523,118
36.5713817650264,-1.28272341620973,648,943.990295410156,40,26,10,1920,14,69,36,24,19.1132545471191,7,-41,3,2218,88
36.590131604591,-1.28272341620973,668,967.014038085938,44,28,10,1913,14,68,33,24,19.0939846038818,4,-164,3,2063,93
36.6005481821269,-1.28272341620973,701,910.750244140625,44,28,10,1927,13,69,32,24,19.0812149047852,8,-69,3,1871,94
36.6047148131412,-1.28272341620973,689,951.605529785156,45,28,20,1926,13,67,32,23,19.0784854888916,11,-181,3,1869,93
36.6422144922704,-1.28272341620973,572,1507.22131347656,54,30,10,1993,18,60,21,25,19.0432224273682,9,-16,14,570,94
36.6463811232848,-1.28272341620973,588,1518.63159179688,52,30,10,1977,18,62,24,24,19.0339603424072,7,-174,10,444,96
36.648464438792,-1.28272341620973,616,1518.63159179688,52,30,10,1977,18,62,24,24,19.0339603424072,7,-174,10,444,96
36.6713809093709,-1.28272341620973,568,1592.74926757812,53,31,10,1980,28,59,23,24,18.9938831329346,3,120,30,-79,101
36.6963806954571,-1.28272341620973,414,1502.58020019531,54,30,10,1872,14,57,27,19,18.9133949279785,5,-67,16,488,102
36.7109639040073,-1.28272341620973,423,1528.38671875,54,30,10,1864,15,60,27,18,18.8777866363525,2,8,13,714,107
36.7317970590791,-1.28272341620973,431,1524.40515136719,50,28,190,1832,9,61,32,18,18.8356037139893,2,-3,5,1054,106
36.7630467916868,-1.28272341620973,422,1555.64721679688,44,27,190,1794,11,58,36,19,18.7586460113525,3,30,15,1499,108
36.7859632622658,-1.28272341620973,435,1545.005859375,44,27,190,1753,13,64,37,18,18.6892890930176,1,1,9,2031,110
36.8130463638591,-1.28272341620973,439,1488.34240722656,44,28,190,1688,16,63,37,19,18.5866565704346,6,-8,8,2459,105
36.8442960964667,-1.28272341620973,639,1347.96008300781,41,28,190,1644,17,68,35,24,18.4707145690918,2,-23,0,2847,108
36.9130455082036,-1.28272341620973,693,1256.93444824219,40,26,190,1602,19,77,40,20,18.2993316650391,1,-12,0,2125,116
36.9151288237108,-1.28272341620973,685,1256.93444824219,40,26,190,1602,19,77,40,20,18.2993316650391,1,-12,0,2125,116
36.9276287167539,-1.28272341620973,591,1307.8623046875,43,27,190,1605,14,70,38,19,18.2663707733154,1,32,0,1725,119
36.9380452942898,-1.28272341620973,484,1319.91345214844,42,26,10,1589,14,68,39,19,18.2430725097656,1,-20,0,1712,118
36.9713783424046,-1.28272341620973,558,1340.21533203125,43,27,130,1576,14,71,38,19,18.1562995910645,1,20,0,1314,118
37.0026280750123,-1.28272341620973,591,1337.38305664062,43,27,10,1539,12,70,39,19,18.058012008667,6,74,0,1519,109
37.0047113905195,-1.28272341620973,603,1337.38305664062,43,27,10,1539,12,70,39,19,18.058012008667,6,74,0,1519,109
37.0422110696487,-1.28272341620973,833,1165.15478515625,48,30,130,1494,13,75,32,21,18.005464553833,0,-1,0,2040,122
37.0442943851559,-1.28272341620973,770,1152.22570800781,47,29,40,1493,14,76,33,20,17.9947147369385,1,15,2,2041,125
37.0547109626918,-1.28272341620973,910,1136.81372070312,46,29,40,1486,12,75,34,20,17.9845943450928,1,-9,1,2111,122
36.5942982356053,-1.28480677024621,690,910.750244140625,44,28,10,1927,13,69,32,24,19.0812149047852,8,-69,3,1871,94
36.6192980216915,-1.28480677024621,627,1342.37829589844,51,29,62,2025,18,63,27,22,19.055757522583,5,72,6,687,99
36.625547968213,-1.28480677024621,623,1342.37829589844,51,29,62,2025,18,63,27,22,19.055757522583,5,72,6,687,99
36.6297145992274,-1.28480677024621,650,1476.73876953125,53,30,10,2042,19,60,23,24,19.0378170013428,3,135,12,377,99
36.6505477542992,-1.28480677024621,614,1518.63159179688,52,30,10,1977,18,62,24,24,19.0339603424072,7,-174,10,444,96
36.6588810163279,-1.28480677024621,580,1548.15356445312,55,30,62,2000,27,58,23,23,19.0221576690674,4,26,15,87,97
36.6797141713997,-1.28480677024621,505,1567.13586425781,53,30,62,1938,19,58,25,22,18.9661998748779,8,72,17,124,94
36.7047139574858,-1.28480677024621,442,1515.90185546875,55,30,62,1877,15,57,26,19,18.8970699310303,4,42,13,483,105
36.719297166036,-1.28480677024621,437,1529.43078613281,52,29,190,1850,14,57,30,18,18.857213973999,2,25,12,731,106
36.7547135296581,-1.28480677024621,487,1550.794921875,41,26,190,1801,10,61,40,20,18.7780780792236,1,4,1,1416,111
36.7942965242945,-1.28480677024621,441,1545.66687011719,44,27,190,1746,13,59,38,18,18.6642475128174,3,60,7,2039,109
36.8047131018304,-1.28480677024621,455,1530.51525878906,46,29,190,1723,16,58,34,19,18.6296463012695,3,47,32,2228,106
36.8109630483519,-1.28480677024621,443,1488.34240722656,44,28,190,1688,16,63,37,19,18.5866565704346,6,-8,8,2459,105
36.8130463638591,-1.28480677024621,442,1488.34240722656,44,28,190,1688,16,63,37,19,18.5866565704346,6,-8,8,2459,105
36.8192963103806,-1.28480677024621,689,1433.47241210938,40,27,190,1675,19,63,40,20,18.5477409362793,1,-17,1,2802,107
36.823462941395,-1.28480677024621,653,1433.47241210938,40,27,190,1675,19,63,40,20,18.5477409362793,1,-17,1,2802,107
36.8297128879165,-1.28480677024621,736,1392.69897460938,36,26,190,1663,16,66,43,21,18.5204544067383,3,14,0,2874,110
36.8630459360314,-1.28480677024621,604,1299.52221679688,40,28,190,1627,15,73,35,25,18.425235748291,2,-14,6,2764,111
36.8901290376247,-1.28480677024621,594,1287.85266113281,37,26,190,1620,21,78,42,21,18.365795135498,1,2,0,2347,120
36.9026289306677,-1.28480677024621,537,1266.14013671875,40,27,190,1611,16,75,40,20,18.3221588134766,1,15,2,2159,116
36.9297120322611,-1.28480677024621,573,1307.8623046875,43,27,190,1605,14,70,38,19,18.2663707733154,1,32,0,1725,119
36.9547118183472,-1.28480677024621,513,1329.501953125,44,27,10,1582,13,70,36,20,18.1996841430664,1,-6,2,1493,117
36.975544973419,-1.28480677024621,487,1340.21533203125,43,27,130,1576,14,71,38,19,18.1562995910645,1,20,0,1314,118
37.0067947060267,-1.28480677024621,638,1337.38305664062,43,27,10,1539,12,70,39,19,18.058012008667,6,74,0,1519,109
37.0213779145769,-1.28480677024621,671,1215.94653320312,46,29,40,1500,13,75,33,21,18.0260791778564,1,-23,3,1970,115
37.03387780762,-1.28480677024621,894,1183.3427734375,49,29,130,1495,13,74,30,21,18.0180339813232,1,-21,4,2010,117
37.0422110696487,-1.28480677024621,896,1165.15478515625,48,30,130,1494,13,75,32,21,18.005464553833,0,-1,0,2040,122
36.6234646527058,-1.28689012428268,596,1342.37829589844,51,29,62,2025,18,63,27,22,19.055757522583,5,72,6,687,99
36.6338812302417,-1.28689012428268,648,1476.73876953125,53,30,10,2042,19,60,23,24,19.0378170013428,3,135,12,377,99
36.6526310698063,-1.28689012428268,581,1548.15356445312,55,30,62,2000,27,58,23,23,19.0221576690674,4,26,15,87,97
36.6567977008207,-1.28689012428268,586,1548.15356445312,55,30,62,2000,27,58,23,23,19.0221576690674,4,26,15,87,97
36.6651309628494,-1.28689012428268,560,1580.80212402344,53,31,40,1987,25,58,23,24,19.0096302032471,5,-24,22,57,98
36.706797272993,-1.28689012428268,448,1515.90185546875,55,30,62,1877,15,57,26,19,18.8970699310303,4,42,13,483,105
36.719297166036,-1.28689012428268,465,1529.43078613281,52,29,190,1850,14,57,30,18,18.857213973999,2,25,12,731,106
36.7838799467586,-1.28689012428268,433,1545.13842773438,46,28,190,1762,13,61,35,19,18.712423324585,2,-3,10,1825,109
36.7984631553088,-1.28689012428268,439,1545.66687011719,44,27,190,1746,13,59,38,18,18.6642475128174,3,60,7,2039,109
36.8192963103806,-1.28689012428268,627,1433.47241210938,40,27,190,1675,19,63,40,20,18.5477409362793,1,-17,1,2802,107
36.8505460429883,-1.28689012428268,785,1347.96008300781,41,28,190,1644,17,68,35,24,18.4707145690918,2,-23,0,2847,108
36.9005456151606,-1.28689012428268,592,1284.37866210938,38,26,190,1619,18,73,42,20,18.3458557128906,1,30,0,2223,120
36.917212139218,-1.28689012428268,548,1256.93444824219,40,26,190,1602,19,77,40,20,18.2993316650391,1,-12,0,2125,116
36.9297120322611,-1.28689012428268,550,1307.8623046875,43,27,190,1605,14,70,38,19,18.2663707733154,1,32,0,1725,119
36.9380452942898,-1.28689012428268,519,1319.91345214844,42,26,10,1589,14,68,39,19,18.2430725097656,1,-20,0,1712,118
36.9463785563185,-1.28689012428268,540,1325.73681640625,43,27,10,1594,14,69,37,20,18.2226867675781,2,31,0,1577,118
36.998461443998,-1.28689012428268,561,1373.80517578125,44,28,130,1561,14,70,37,19,18.0887508392334,1,68,2,1419,117
37.0484610161702,-1.28689012428268,877,1152.22570800781,47,29,40,1493,14,76,33,20,17.9947147369385,1,15,2,2041,125
37.0547109626918,-1.28689012428268,850,1136.81372070312,46,29,40,1486,12,75,34,20,17.9845943450928,1,-9,1,2111,122
37.056794278199,-1.28689012428268,832,1136.81372070312,46,29,40,1486,12,75,34,20,17.9845943450928,1,-9,1,2111,122
37.0755441177636,-1.28689012428268,615,1004.14251708984,44,28,10,1480,10,70,36,20,17.9593524932861,4,66,1,2252,114
36.6234646527058,-1.28897347831916,626,1342.37829589844,51,29,62,2025,18,63,27,22,19.055757522583,5,72,6,687,99
36.6276312837202,-1.28897347831916,644,1476.73876953125,53,30,10,2042,19,60,23,24,19.0378170013428,3,135,12,377,99
36.6297145992274,-1.28897347831916,648,1476.73876953125,53,30,10,2042,19,60,23,24,19.0378170013428,3,135,12,377,99
36.6422144922704,-1.28897347831916,562,1507.22131347656,54,30,10,1993,18,60,21,25,19.0432224273682,9,-16,14,570,94
36.6672142783566,-1.28897347831916,501,1580.80212402344,53,31,40,1987,25,58,23,24,19.0096302032471,5,-24,22,57,98
36.6713809093709,-1.28897347831916,544,1592.74926757812,53,31,10,1980,28,59,23,24,18.9938831329346,3,120,30,-79,101
36.6922140644427,-1.28897347831916,358,1521.06457519531,54,30,10,1883,14,57,26,20,18.9335155487061,2,-117,6,518,96
36.706797272993,-1.28897347831916,422,1515.90185546875,55,30,62,1877,15,57,26,19,18.8970699310303,4,42,13,483,105
36.7130472195145,-1.28897347831916,412,1528.38671875,54,30,10,1864,15,60,27,18,18.8777866363525,2,8,13,714,107
36.7692967382083,-1.28897347831916,424,1551.36254882812,46,28,190,1775,12,59,34,19,18.7364978790283,2,-2,25,1687,108
36.8255462569021,-1.28897347831916,680,1433.47241210938,40,27,190,1675,19,63,40,20,18.5477409362793,1,-17,1,2802,107
36.8713791980601,-1.28897347831916,606,1285.89282226562,38,27,190,1623,14,76,38,24,18.4050006866455,1,-7,4,2608,114
36.8880457221175,-1.28897347831916,554,1287.85266113281,37,26,190,1620,21,78,42,21,18.365795135498,1,2,0,2347,120
36.9255454012467,-1.28897347831916,559,1278.71081542969,42,27,190,1604,16,70,39,20,18.2834072113037,1,8,0,1920,115
37.0255445455913,-1.28897347831916,864,1215.94653320312,46,29,40,1500,13,75,33,21,18.0260791778564,1,-23,3,1970,115
36.6130480751699,-1.29105683235563,679,1092.23852539062,45,28,10,1983,13,65,32,23,19.086763381958,11,32,7,1242,91
36.6276312837202,-1.29105683235563,647,1470.1396484375,53,30,120,2006,17,62,25,23,19.0580787658691,1,-50,9,565,99
36.6317979147345,-1.29105683235563,638,1470.1396484375,53,30,120,2006,17,62,25,23,19.0580787658691,1,-50,9,565,99
36.6401311767633,-1.29105683235563,589,1508.3046875,53,30,120,1992,19,61,23,24,19.0575065612793,2,-61,9,487,99
36.660964331835,-1.29105683235563,516,1556.66491699219,50,30,62,1977,31,57,25,25,19.0120391845703,1,40,77,128,100
36.6692975938638,-1.29105683235563,494,1556.05383300781,49,30,60,1973,33,57,27,24,18.9939632415771,4,130,83,-83,97
36.6734642248781,-1.29105683235563,502,1556.05383300781,49,30,60,1973,33,57,27,24,18.9939632415771,4,130,83,-83,97
36.742213636615,-1.29105683235563,476,1525.09716796875,48,28,190,1822,10,62,33,19,18.8253555297852,3,26,4,977,107
36.7609634761796,-1.29105683235563,425,1552.525390625,45,27,190,1792,11,59,36,19,18.7665500640869,2,-9,21,1194,108
36.7713800537155,-1.29105683235563,437,1547.98950195312,46,27,190,1780,13,60,35,19,18.7444324493408,3,11,14,1366,108
36.8276295724093,-1.29105683235563,640,1379.59582519531,40,27,190,1660,17,68,38,21,18.5270175933838,0,-20,7,2828,108
36.8401294654524,-1.29105683235563,725,1353.52001953125,39,28,190,1656,18,69,37,24,18.504581451416,1,23,2,2804,116
36.8651292515385,-1.29105683235563,656,1301.83776855469,40,28,190,1637,14,71,35,25,18.4375553131104,1,19,3,2519,119
36.881795775596,-1.29105683235563,536,1279.6552734375,39,27,190,1626,15,77,38,23,18.3951511383057,1,4,0,2346,117
36.9151288237108,-1.29105683235563,534,1258.96313476562,41,27,190,1604,13,74,39,21,18.3118743896484,3,-19,6,1993,115
36.9505451873328,-1.29105683235563,509,1332.04663085938,44,27,10,1597,13,69,37,20,18.2340335845947,1,7,0,1331,118
37.0588775937061,-1.29105683235563,738,1133.0712890625,47,29,10,1485,12,72,33,21,17.988468170166,1,-22,3,1982,120
37.069294171242,-1.29105683235563,722,965.683166503906,44,28,10,1462,11,70,35,20,17.9684886932373,2,-56,6,2071,114
36.6422144922704,-1.29314018639211,580,1508.3046875,53,30,120,1992,19,61,23,24,19.0575065612793,2,-61,9,487,99
36.648464438792,-1.29314018639211,546,1523.90112304688,52,30,10,1984,16,61,24,23,19.0459823608398,5,-82,9,576,100
36.6588810163279,-1.29314018639211,481,1543.20495605469,52,30,10,1978,27,58,25,24,19.0295257568359,2,-19,5,266,99
36.6755475403853,-1.29314018639211,464,1556.05383300781,49,30,60,1973,33,57,27,24,18.9939632415771,4,130,83,-83,97
36.6880474334284,-1.29314018639211,441,1502.60070800781,57,31,10,1889,17,59,23,20,18.9407482147217,0,-92,23,404,97
36.6922140644427,-1.29314018639211,433,1502.60070800781,57,31,10,1889,17,59,23,20,18.9407482147217,0,-92,23,404,97
36.7047139574858,-1.29314018639211,399,1520.40026855469,57,30,10,1884,17,59,25,18,18.9070529937744,2,61,15,368,111
36.7130472195145,-1.29314018639211,425,1530.87255859375,55,30,62,1864,18,59,27,18,18.8872451782227,2,17,17,539,106
36.7172138505289,-1.29314018639211,420,1530.87255859375,55,30,62,1864,18,59,27,18,18.8872451782227,2,17,17,539,106
36.719297166036,-1.29314018639211,397,1527.60803222656,54,30,190,1851,15,58,28,18,18.8658294677734,2,10,10,681,106
36.7297137435719,-1.29314018639211,421,1522.40966796875,50,29,190,1834,10,62,32,19,18.8450698852539,1,-8,4,845,107
36.7338803745863,-1.29314018639211,418,1522.40966796875,50,29,190,1834,10,62,32,19,18.8450698852539,1,-8,4,845,107
36.7630467916868,-1.29314018639211,450,1552.525390625,45,27,190,1792,11,59,36,19,18.7665500640869,2,-9,21,1194,108
36.7797133157442,-1.29314018639211,427,1544.10278320312,45,27,190,1765,11,61,37,19,18.7219219207764,2,4,17,1568,109
36.7901298932801,-1.29314018639211,467,1546.25061035156,43,27,190,1758,14,62,38,19,18.6996116638184,1,27,0,1744,111
36.800546470816,-1.29314018639211,452,1548.28674316406,41,27,190,1749,13,61,39,19,18.6751441955566,3,59,9,1810,110
36.8630459360314,-1.29314018639211,612,1301.83776855469,40,28,190,1637,14,71,35,25,18.4375553131104,1,19,3,2519,119
36.8838790911031,-1.29314018639211,603,1279.6552734375,39,27,190,1626,15,77,38,23,18.3951511383057,1,4,0,2346,117
36.8922123531319,-1.29314018639211,553,1270.7080078125,39,27,190,1624,16,78,40,21,18.3747234344482,1,20,1,2234,123
36.9276287167539,-1.29314018639211,578,1312.34460449219,44,28,190,1608,15,68,36,20,18.2764892578125,2,13,5,1541,120
36.9547118183472,-1.29314018639211,494,1336.42980957031,44,27,10,1592,14,71,36,20,18.2119884490967,1,10,4,1240,119
36.9567951338544,-1.29314018639211,500,1336.42980957031,44,27,10,1592,14,71,36,20,18.2119884490967,1,10,4,1240,119
37.0047113905195,-1.29314018639211,614,1352.40905761719,43,28,10,1526,12,66,37,20,18.0676822662354,5,-49,0,1487,115
37.0609609092133,-1.29314018639211,762,1074.58520507812,46,28,10,1481,11,71,34,20,17.977144241333,3,6,3,1952,122
36.6588810163279,-1.29522354042858,481,1543.20495605469,52,30,10,1978,27,58,25,24,19.0295257568359,2,-19,5,266,99
36.683880802414,-1.29522354042858,428,1532.55688476562,49,30,62,1940,32,55,27,24,18.9677124023438,11,81,35,16,93
36.6880474334284,-1.29522354042858,428,1502.60070800781,57,31,10,1889,17,59,23,20,18.9407482147217,0,-92,23,404,97
36.706797272993,-1.29522354042858,387,1520.40026855469,57,30,10,1884,17,59,25,18,18.9070529937744,2,61,15,368,111
36.7401303211078,-1.29522354042858,490,1525.09716796875,48,28,190,1822,10,62,33,19,18.8253555297852,3,26,4,977,107
36.765130107194,-1.29522354042858,457,1552.525390625,45,27,190,1792,11,59,36,19,18.7665500640869,2,-9,21,1194,108
36.777630000237,-1.29522354042858,430,1544.10278320312,45,27,190,1765,11,61,37,19,18.7219219207764,2,4,17,1568,109
36.8567959895098,-1.29522354042858,651,1318.10949707031,39,28,190,1638,13,68,35,26,18.4580993652344,1,-10,6,2682,113
36.8776291445816,-1.29522354042858,578,1279.6552734375,39,27,190,1626,15,77,38,23,18.3951511383057,1,4,0,2346,117
36.8963789841462,-1.29522354042858,555,1260.42822265625,37,26,190,1621,18,74,43,19,18.3531761169434,1,35,2,2083,117
36.9067955616821,-1.29522354042858,474,1251.01428222656,40,26,190,1604,14,73,41,20,18.3302688598633,3,-38,0,1992,114
36.9234620857395,-1.29522354042858,632,1287.15295410156,44,28,190,1612,16,72,37,20,18.295991897583,0,22,5,1692,118
36.6526310698063,-1.29730689446505,503,1543.20495605469,52,30,10,1978,27,58,25,24,19.0295257568359,2,-19,5,266,99
36.6547143853135,-1.29730689446505,496,1543.20495605469,52,30,10,1978,27,58,25,24,19.0295257568359,2,-19,5,266,99
36.6797141713997,-1.29730689446505,424,1532.55688476562,49,30,62,1940,32,55,27,24,18.9677124023438,11,81,35,16,93
36.6880474334284,-1.29730689446505,380,1502.60070800781,57,31,10,1889,17,59,23,20,18.9407482147217,0,-92,23,404,97
36.7088805885002,-1.29730689446505,410,1520.40026855469,57,30,10,1884,17,59,25,18,18.9070529937744,2,61,15,368,111
36.7213804815432,-1.29730689446505,440,1527.60803222656,54,30,190,1851,15,58,28,18,18.8658294677734,2,10,10,681,106
36.7672134227011,-1.29730689446505,430,1552.525390625,45,27,190,1792,11,59,36,19,18.7665500640869,2,-9,21,1194,108
36.7755466847299,-1.29730689446505,426,1547.98950195312,46,27,190,1780,13,60,35,19,18.7444324493408,3,11,14,1366,108
36.8213796258878,-1.29730689446505,586,1432.68432617188,41,27,190,1661,15,65,39,20,18.5590286254883,1,-96,0,2782,103
36.8338795189309,-1.29730689446505,624,1379.59582519531,40,27,190,1660,17,68,38,21,18.5270175933838,0,-20,7,2828,108
36.9088788771893,-1.29730689446505,505,1251.01428222656,40,26,190,1604,14,73,41,20,18.3302688598633,3,-38,0,1992,114
36.917212139218,-1.29730689446505,583,1258.96313476562,41,27,190,1604,13,74,39,21,18.3118743896484,3,-19,6,1993,115
36.9234620857395,-1.29730689446505,627,1287.15295410156,44,28,190,1612,16,72,37,20,18.295991897583,0,22,5,1692,118
36.9422119253041,-1.29730689446505,583,1324.60998535156,44,27,10,1601,14,68,37,19,18.255163192749,1,-5,0,1523,120
36.9463785563185,-1.29730689446505,573,1332.04663085938,44,27,10,1597,13,69,37,20,18.2340335845947,1,7,0,1331,118
36.9713783424046,-1.29730689446505,560,1346.17822265625,45,28,40,1582,15,72,36,19,18.1682376861572,1,18,0,1076,119
36.6817974869068,-1.29939024850153,367,1476.97290039062,53,31,10,1896,20,59,25,22,18.9651947021484,0,-91,13,391,96
36.6942973799499,-1.29939024850153,416,1494.71838378906,58,32,60,1888,19,60,23,19,18.9326705932617,4,27,35,353,108
36.6963806954571,-1.29939024850153,415,1494.71838378906,58,32,60,1888,19,60,23,19,18.9326705932617,4,27,35,353,108
36.7255471125576,-1.29939024850153,411,1520.31030273438,51,30,190,1848,19,62,29,21,18.8741798400879,1,-10,19,595,106
36.742213636615,-1.29939024850153,419,1525.39660644531,53,29,190,1826,15,64,30,18,18.8353633880615,2,8,7,767,108
36.7547135296581,-1.29939024850153,432,1547.224609375,46,27,190,1805,13,60,35,19,18.7960643768311,2,15,4,838,108
36.7755466847299,-1.29939024850153,426,1545.21545410156,47,28,190,1771,11,62,35,19,18.7515106201172,1,-18,3,1258,108
36.7817966312514,-1.29939024850153,438,1538.49890136719,44,27,190,1761,11,63,38,19,18.7264442443848,2,12,4,1417,109
36.8130463638591,-1.29939024850153,517,1472.62451171875,40,26,190,1714,15,63,41,19,18.6058006286621,6,106,5,2085,102
36.8151296793663,-1.29939024850153,517,1472.62451171875,40,26,190,1714,15,63,41,19,18.6058006286621,6,106,5,2085,102
36.823462941395,-1.29939024850153,567,1411.11669921875,40,27,190,1684,16,66,40,19,18.5646419525146,7,81,16,2302,100
36.8255462569021,-1.29939024850153,544,1411.11669921875,40,27,190,1684,16,66,40,19,18.5646419525146,7,81,16,2302,100
36.858879305017,-1.29939024850153,627,1307.7177734375,38,27,190,1644,16,73,36,26,18.4674510955811,1,23,0,2578,115
36.8609626205242,-1.29939024850153,641,1286.36218261719,38,28,190,1637,15,71,36,26,18.4442310333252,1,10,4,2440,117
36.9026289306677,-1.29939024850153,547,1255.86315917969,38,25,190,1618,18,79,42,20,18.3436641693115,2,12,0,1815,115
36.9505451873328,-1.29939024850153,591,1336.7451171875,45,28,10,1601,15,70,36,19,18.2455196380615,1,1,0,1207,119
37.0734608022564,-1.29939024850153,641,931.775817871094,45,28,10,1462,11,71,35,20,17.9744701385498,1,-54,1,2001,112
36.6755475403853,-1.301473602538,404,1495.44665527344,50,30,62,1928,24,57,27,23,18.9867343902588,10,27,35,89,94
36.6963806954571,-1.301473602538,428,1494.71838378906,58,32,60,1888,19,60,23,19,18.9326705932617,4,27,35,353,108
36.7338803745863,-1.301473602538,418,1518.44921875,54,30,62,1835,16,64,28,19,18.8544330596924,3,3,19,646,107
36.7484635831365,-1.301473602538,429,1537.3330078125,48,28,190,1818,13,66,33,18,18.8160133361816,1,18,1,778,108
36.8380461499452,-1.301473602538,813,1336.50256347656,37,26,190,1655,16,69,41,22,18.5101165771484,0,9,1,2727,112
36.8692958825529,-1.301473602538,637,1266.15466308594,40,28,190,1631,17,78,36,25,18.4226722717285,0,10,1,2312,118
36.8797124600888,-1.301473602538,638,1248.9404296875,40,28,190,1628,17,79,36,24,18.4018363952637,1,19,4,2229,118
36.9234620857395,-1.301473602538,552,1300.11755371094,43,27,190,1613,15,71,37,20,18.307409286499,1,9,0,1514,120
36.95262850284,-1.301473602538,584,1340.43334960938,45,28,10,1596,15,71,35,20,18.223596572876,1,-1,2,1071,119
36.9672117113903,-1.301473602538,562,1341.01574707031,45,28,40,1589,14,70,36,18,18.2006454467773,1,-1,0,954,119
36.6692975938638,-1.30355695657448,478,1495.44665527344,50,30,62,1928,24,57,27,23,18.9867343902588,10,27,35,89,94
36.7172138505289,-1.30355695657448,509,1524.99169921875,51,30,190,1870,25,59,28,21,18.8951187133789,3,39,54,395,105
36.8047131018304,-1.30355695657448,502,1512.927734375,42,27,190,1730,14,63,39,19,18.6441326141357,2,57,4,1875,106
36.9317953477682,-1.30355695657448,651,1318.3095703125,45,28,190,1610,15,71,36,19,18.2874660491943,1,-5,4,1386,120
36.6651309628494,-1.30564031061095,429,1521.97192382812,49,30,62,1949,30,58,26,25,19.0078716278076,5,-50,67,248,96
36.6672142783566,-1.30564031061095,441,1521.97192382812,49,30,62,1949,30,58,26,25,19.0078716278076,5,-50,67,248,96
36.6734642248781,-1.30564031061095,370,1495.44665527344,50,30,62,1928,24,57,27,23,18.9867343902588,10,27,35,89,94
36.6776308558925,-1.30564031061095,370,1476.97290039062,53,31,10,1896,20,59,25,22,18.9651947021484,0,-91,13,391,96
36.6901307489355,-1.30564031061095,449,1474.74389648438,58,31,62,1895,18,58,23,19,18.948371887207,3,-9,24,382,109
36.7338803745863,-1.30564031061095,427,1518.44921875,54,30,62,1835,16,64,28,19,18.8544330596924,3,3,19,646,107
36.7442969521222,-1.30564031061095,443,1537.3330078125,48,28,190,1818,13,66,33,18,18.8160133361816,1,18,1,778,108
36.7547135296581,-1.30564031061095,449,1547.224609375,46,27,190,1805,13,60,35,19,18.7960643768311,2,15,4,838,108
36.777630000237,-1.30564031061095,407,1538.49890136719,44,27,190,1761,11,63,38,19,18.7264442443848,2,12,4,1417,109
36.7817966312514,-1.30564031061095,444,1538.49890136719,44,27,190,1761,11,63,38,19,18.7264442443848,2,12,4,1417,109
36.800546470816,-1.30564031061095,492,1527.48840332031,43,27,190,1742,13,62,37,20,18.6727027893066,5,63,16,1625,105
36.8047131018304,-1.30564031061095,503,1512.927734375,42,27,190,1730,14,63,39,19,18.6441326141357,2,57,4,1875,106
36.8401294654524,-1.30564031061095,814,1336.50256347656,37,26,190,1655,16,69,41,22,18.5101165771484,0,9,1,2727,112
36.8442960964667,-1.30564031061095,777,1325.14562988281,38,27,190,1652,17,71,38,25,18.4905242919922,1,34,3,2636,117
36.8484627274811,-1.30564031061095,685,1325.14562988281,38,27,190,1652,17,71,38,25,18.4905242919922,1,34,3,2636,117
36.9047122461749,-1.30564031061095,741,1255.86315917969,38,25,190,1618,18,79,42,20,18.3436641693115,2,12,0,1815,115
36.9088788771893,-1.30564031061095,649,1255.86315917969,38,25,190,1618,18,79,42,20,18.3436641693115,2,12,0,1815,115
36.9609617648687,-1.30564031061095,525,1341.01574707031,45,28,40,1589,14,70,36,18,18.2006454467773,1,-1,0,954,119
36.9651283958831,-1.30564031061095,626,1341.01574707031,45,28,40,1589,14,70,36,18,18.2006454467773,1,-1,0,954,119
36.9692950268975,-1.30564031061095,678,1342.72375488281,46,28,130,1583,14,69,36,19,18.1777973175049,0,-9,1,892,119
36.9797116044333,-1.30564031061095,811,1350.58544921875,45,28,130,1582,14,74,36,19,18.1566677093506,1,17,0,790,120
36.6734642248781,-1.30772366464742,380,1441.95495605469,56,31,10,1903,18,57,23,22,18.9866333007812,4,-1,16,476,99
36.6776308558925,-1.30772366464742,394,1433.60607910156,58,32,10,1889,19,58,22,20,18.9687938690186,3,-58,24,503,100
36.6880474334284,-1.30772366464742,433,1451.818359375,57,31,10,1889,18,58,23,19,18.954647064209,1,-9,23,331,108
36.7047139574858,-1.30772366464742,434,1509.70373535156,53,30,60,1880,18,62,27,21,18.9233341217041,0,15,31,270,112
36.7088805885002,-1.30772366464742,441,1509.70373535156,53,30,60,1880,18,62,27,21,18.9233341217041,0,15,31,270,112
36.7151305350217,-1.30772366464742,468,1514.86547851562,51,30,190,1869,22,60,28,21,18.9031581878662,2,34,29,280,105
36.742213636615,-1.30772366464742,476,1519.81298828125,48,29,62,1825,13,61,31,21,18.8435745239258,3,14,55,554,107
36.7463802676294,-1.30772366464742,500,1531.77392578125,50,29,190,1819,20,61,30,20,18.8243541717529,1,10,10,602,108
36.7713800537155,-1.30772366464742,410,1545.55444335938,49,29,190,1761,14,64,32,19,18.7596473693848,2,-63,18,1136,107
36.8109630483519,-1.30772366464742,476,1425.47436523438,41,27,190,1668,13,68,39,20,18.5938777923584,1,-100,3,2427,104
36.8380461499452,-1.30772366464742,766,1321.52624511719,39,27,190,1649,16,69,39,23,18.5176467895508,2,-11,4,2762,110
36.858879305017,-1.30772366464742,631,1285.56665039062,38,27,190,1642,15,78,37,25,18.4718856811523,1,14,3,2439,111
36.9026289306677,-1.30772366464742,566,1273.84387207031,38,26,190,1623,15,79,41,21,18.3562698364258,0,16,1,1599,122
36.9234620857395,-1.30772366464742,582,1308.8857421875,41,27,190,1617,13,76,39,21,18.3175430297852,0,6,2,1373,122
36.9484618718257,-1.30772366464742,557,1336.20532226562,45,27,10,1607,15,72,36,19,18.2557334899902,0,12,2,991,121
36.9547118183472,-1.30772366464742,532,1338.03454589844,47,28,130,1601,13,70,35,18,18.2338008880615,1,13,2,838,120
36.9609617648687,-1.30772366464742,525,1335.51635742188,47,28,130,1595,13,74,35,18,18.2099933624268,1,9,1,725,118
36.9630450803759,-1.30772366464742,573,1335.51635742188,47,28,130,1595,13,74,35,18,18.2099933624268,1,9,1,725,118
36.6963806954571,-1.3098070186839,446,1484.25805664062,55,31,10,1882,16,59,25,21,18.9402656555176,1,1,9,280,115
36.7005473264714,-1.3098070186839,513,1484.25805664062,55,31,10,1882,16,59,25,21,18.9402656555176,1,1,9,280,115
36.7359636900935,-1.3098070186839,457,1519.81298828125,48,29,62,1825,13,61,31,21,18.8435745239258,3,14,55,554,107
36.777630000237,-1.3098070186839,435,1533.73620605469,43,26,190,1751,13,67,38,19,18.7280693054199,3,-15,0,1300,107
36.8026297863232,-1.3098070186839,495,1468.31872558594,43,27,190,1708,12,68,38,20,18.6315269470215,7,54,8,1873,104
36.8088797328447,-1.3098070186839,491,1468.31872558594,43,27,190,1708,12,68,38,20,18.6315269470215,7,54,8,1873,104
36.8401294654524,-1.3098070186839,756,1321.52624511719,39,27,190,1649,16,69,39,23,18.5176467895508,2,-11,4,2762,110
36.8713791980601,-1.3098070186839,630,1233.35278320312,39,27,190,1626,15,79,37,24,18.4259281158447,2,-25,0,2240,113
36.8880457221175,-1.3098070186839,581,1222.97937011719,39,27,190,1621,16,79,39,23,18.3884983062744,2,-43,1,2078,114
36.894295668639,-1.3098070186839,604,1248.03454589844,38,26,190,1624,16,79,41,21,18.3739376068115,1,14,0,1783,116
36.9130455082036,-1.3098070186839,531,1292.97888183594,40,26,190,1622,15,77,39,20,18.3371601104736,1,20,1,1506,123
36.9359619787826,-1.3098070186839,573,1331.23828125,44,27,120,1611,14,74,37,19,18.2772903442383,1,15,0,1094,121
36.9609617648687,-1.3098070186839,553,1335.51635742188,47,28,130,1595,13,74,35,18,18.2099933624268,1,9,1,725,118
36.9672117113903,-1.3098070186839,658,1335.51635742188,47,28,130,1595,13,74,35,18,18.2099933624268,1,9,1,725,118
36.9797116044333,-1.3098070186839,824,1335.79455566406,47,29,130,1583,14,74,34,19,18.1628761291504,1,15,0,551,118
36.6984640109643,-1.31189037272037,524,1484.25805664062,55,31,10,1882,16,59,25,21,18.9402656555176,1,1,9,280,115
36.7213804815432,-1.31189037272037,460,1509.39599609375,49,29,190,1847,19,61,29,22,18.8817901611328,2,0,38,479,106
36.765130107194,-1.31189037272037,401,1546.54711914062,51,29,190,1793,17,59,30,19,18.7839756011963,2,31,13,713,108
36.8484627274811,-1.31189037272037,696,1305.75659179688,38,27,190,1647,16,70,37,24,18.4942817687988,2,-17,0,2573,111
36.8505460429883,-1.31189037272037,696,1305.75659179688,38,27,190,1647,16,70,37,24,18.4942817687988,2,-17,0,2573,111
36.8713791980601,-1.31189037272037,576,1233.35278320312,39,27,190,1626,15,79,37,24,18.4259281158447,2,-25,0,2240,113
36.9213787702324,-1.31189037272037,554,1308.8857421875,41,27,190,1617,13,76,39,21,18.3175430297852,0,6,2,1373,122
36.9630450803759,-1.31189037272037,614,1335.51635742188,47,28,130,1595,13,74,35,18,18.2099933624268,1,9,1,725,118
36.683880802414,-1.31397372675685,418,1433.60607910156,58,32,10,1889,19,58,22,20,18.9687938690186,3,-58,24,503,100
36.7297137435719,-1.31397372675685,519,1510.04125976562,48,29,61,1833,19,61,30,22,18.8621978759766,1,-16,55,557,107
36.7505468986437,-1.31397372675685,436,1531.77392578125,50,29,190,1819,20,61,30,20,18.8243541717529,1,10,10,602,108
36.7547135296581,-1.31397372675685,421,1541.09533691406,51,29,190,1805,16,59,30,20,18.8046722412109,1,5,15,675,107
36.8130463638591,-1.31397372675685,530,1425.47436523438,41,27,190,1668,13,68,39,20,18.5938777923584,1,-100,3,2427,104
36.8338795189309,-1.31397372675685,571,1339.98474121094,37,26,190,1653,13,67,41,22,18.5389461517334,1,-32,6,2730,108
36.8692958825529,-1.31397372675685,562,1233.35278320312,39,27,190,1626,15,79,37,24,18.4259281158447,2,-25,0,2240,113
36.8713791980601,-1.31397372675685,576,1233.35278320312,39,27,190,1626,15,79,37,24,18.4259281158447,2,-25,0,2240,113
36.9317953477682,-1.31397372675685,538,1322.50463867188,44,27,190,1616,14,72,36,20,18.2980480194092,1,13,2,1221,122
36.6734642248781,-1.31605708079332,434,1421.9326171875,55,31,10,1880,18,57,23,21,18.9927444458008,6,-78,26,722,101
36.6776308558925,-1.31605708079332,446,1422.62524414062,56,31,10,1895,22,57,22,22,18.9785747528076,4,42,17,476,108
36.6984640109643,-1.31605708079332,461,1470.748046875,54,31,60,1885,19,58,25,21,18.9468669891357,2,11,64,247,109
36.7130472195145,-1.31605708079332,425,1501.58276367188,52,30,10,1863,15,58,29,19,18.9098987579346,3,13,17,301,106
36.7213804815432,-1.31605708079332,427,1498.71594238281,52,29,190,1843,18,60,29,19,18.8891983032227,0,-28,12,378,106
36.7817966312514,-1.31605708079332,507,1539.69396972656,45,27,190,1735,13,66,37,18,18.7396297454834,5,-85,0,1343,101
36.7838799467586,-1.31605708079332,531,1539.69396972656,45,27,190,1735,13,66,37,18,18.7396297454834,5,-85,0,1343,101
36.8109630483519,-1.31605708079332,545,1390.27282714844,41,26,190,1676,12,73,39,20,18.5963134765625,2,-2,2,2214,109
36.8338795189309,-1.31605708079332,574,1330.82421875,39,26,190,1659,14,68,41,20,18.5476112365723,1,10,1,2584,111
36.8547126740026,-1.31605708079332,578,1273.57592773438,40,27,190,1636,13,75,37,23,18.4820613861084,4,12,0,2400,111
36.8797124600888,-1.31605708079332,629,1224.61706542969,39,26,190,1625,13,75,39,22,18.4178237915039,1,-14,0,2005,118
36.8984622996534,-1.31605708079332,525,1265.68310546875,38,26,190,1630,17,79,41,20,18.3852005004883,0,25,0,1616,127
36.9151288237108,-1.31605708079332,542,1298.87121582031,40,26,40,1620,15,73,39,20,18.3448181152344,1,-6,1,1365,122
36.9255454012467,-1.31605708079332,544,1308.19177246094,41,26,190,1619,14,74,40,19,18.325044631958,1,5,1,1175,122
36.9380452942898,-1.31605708079332,547,1320.78002929688,44,27,190,1612,15,72,37,19,18.2841320037842,1,4,0,897,121
36.9588784493616,-1.31605708079332,632,1325.71374511719,47,28,130,1605,13,72,34,19,18.2403125762939,3,30,1,616,115
36.9672117113903,-1.31605708079332,781,1325.67321777344,46,28,10,1588,12,69,35,20,18.217041015625,2,-38,1,626,120
36.6672142783566,-1.3181404348298,476,1466.55395507812,54,30,10,1898,16,58,25,20,19.0127849578857,4,-119,7,707,95
36.7213804815432,-1.3181404348298,465,1498.71594238281,52,29,190,1843,18,60,29,19,18.8891983032227,0,-28,12,378,106
36.7463802676294,-1.3181404348298,418,1521.53198242188,49,29,61,1815,22,56,29,22,18.83229637146,5,38,53,491,107
36.7901298932801,-1.3181404348298,483,1513.33935546875,42,26,190,1718,15,70,40,18,18.7012233734131,5,-59,0,1456,103
36.7984631553088,-1.3181404348298,586,1477.15881347656,41,26,190,1691,14,70,39,19,18.65891456604,3,-116,0,1804,107
36.8172129948734,-1.3181404348298,524,1390.27282714844,41,26,190,1676,12,73,39,20,18.5963134765625,2,-2,2,2214,109
36.8255462569021,-1.3181404348298,520,1352.57006835938,40,26,190,1663,14,72,40,20,18.5696811676025,1,-8,6,2412,109
36.8505460429883,-1.3181404348298,628,1292.7724609375,40,27,190,1640,14,70,38,22,18.5022621154785,1,-45,5,2514,110
36.8859624066103,-1.3181404348298,583,1236.82080078125,39,26,190,1627,19,79,40,21,18.4007530212402,1,-1,0,1865,121
36.917212139218,-1.3181404348298,550,1298.87121582031,40,26,40,1620,15,73,39,20,18.3448181152344,1,-6,1,1365,122
36.9547118183472,-1.3181404348298,657,1325.71374511719,47,28,130,1605,13,72,34,19,18.2403125762939,3,30,1,616,115
36.9672117113903,-1.3181404348298,779,1325.67321777344,46,28,10,1588,12,69,35,20,18.217041015625,2,-38,1,626,120
36.6734642248781,-1.32022378886627,464,1421.9326171875,55,31,10,1880,18,57,23,21,18.9927444458008,6,-78,26,722,101
36.683880802414,-1.32022378886627,435,1422.62524414062,56,31,10,1895,22,57,22,22,18.9785747528076,4,42,17,476,108
36.6942973799499,-1.32022378886627,463,1470.748046875,54,31,60,1885,19,58,25,21,18.9468669891357,2,11,64,247,109
36.742213636615,-1.32022378886627,438,1511.54943847656,49,30,40,1827,21,55,30,22,18.8516616821289,1,12,43,384,107
36.7963798398016,-1.32022378886627,539,1477.15881347656,41,26,190,1691,14,70,39,19,18.65891456604,3,-116,0,1804,107
36.8088797328447,-1.32022378886627,569,1435.18347167969,41,27,190,1682,19,74,37,22,18.6259021759033,0,-55,46,1952,108
36.8151296793663,-1.32022378886627,543,1390.27282714844,41,26,190,1676,12,73,39,20,18.5963134765625,2,-2,2,2214,109
36.8484627274811,-1.32022378886627,580,1292.7724609375,40,27,190,1640,14,70,38,22,18.5022621154785,1,-45,5,2514,110
36.8776291445816,-1.32022378886627,515,1224.61706542969,39,26,190,1625,13,75,39,22,18.4178237915039,1,-14,0,2005,118
36.8880457221175,-1.32022378886627,619,1236.82080078125,39,26,190,1627,19,79,40,21,18.4007530212402,1,-1,0,1865,121
36.8963789841462,-1.32022378886627,676,1265.68310546875,38,26,190,1630,17,79,41,20,18.3852005004883,0,25,0,1616,127
36.9005456151606,-1.32022378886627,569,1265.68310546875,38,26,190,1630,17,79,41,20,18.3852005004883,0,25,0,1616,127
36.9026289306677,-1.32022378886627,539,1287.712890625,38,25,190,1625,13,76,42,20,18.36572265625,1,12,2,1477,122
36.9130455082036,-1.32022378886627,569,1298.87121582031,40,26,40,1620,15,73,39,20,18.3448181152344,1,-6,1,1365,122
36.9672117113903,-1.32022378886627,675,1325.67321777344,46,28,10,1588,12,69,35,20,18.217041015625,2,-38,1,626,120
36.7005473264714,-1.32230714290274,467,1470.748046875,54,31,60,1885,19,58,25,21,18.9468669891357,2,11,64,247,109
36.7401303211078,-1.32230714290274,448,1511.54943847656,49,30,40,1827,21,55,30,22,18.8516616821289,1,12,43,384,107
36.7484635831365,-1.32230714290274,407,1521.53198242188,49,29,61,1815,22,56,29,22,18.83229637146,5,38,53,491,107
36.7838799467586,-1.32230714290274,433,1539.69396972656,45,27,190,1735,13,66,37,18,18.7396297454834,5,-85,0,1343,101
36.835962834438,-1.32230714290274,560,1313.97973632812,41,26,190,1655,14,67,39,20,18.5256061553955,2,18,1,2535,112
36.8755458290744,-1.32230714290274,494,1235.11706542969,39,27,190,1628,13,74,38,23,18.4389991760254,1,-10,0,2139,116
36.8797124600888,-1.32230714290274,497,1224.61706542969,39,26,190,1625,13,75,39,22,18.4178237915039,1,-14,0,2005,118
36.9088788771893,-1.32230714290274,552,1287.712890625,38,25,190,1625,13,76,42,20,18.36572265625,1,12,2,1477,122
36.9505451873328,-1.32230714290274,658,1323.37268066406,45,28,130,1609,15,76,36,19,18.2625217437744,0,17,0,775,122
36.6776308558925,-1.32439049693922,453,1423.54553222656,54,30,10,1892,14,56,25,21,18.9856624603271,3,24,9,390,107
36.6922140644427,-1.32439049693922,457,1436.01306152344,56,31,62,1891,19,56,23,21,18.9699077606201,7,72,30,195,106
36.7213804815432,-1.32439049693922,441,1496.19543457031,50,28,190,1842,14,60,32,19,18.898157119751,0,-38,0,272,107
36.7317970590791,-1.32439049693922,468,1500.80908203125,51,29,10,1833,15,60,29,19,18.8788108825684,1,-10,5,259,107
36.7442969521222,-1.32439049693922,486,1514.13134765625,53,30,10,1811,15,58,27,20,18.8399333953857,1,-23,13,230,106
36.7630467916868,-1.32439049693922,408,1538.83654785156,52,30,62,1794,19,59,29,19,18.802131652832,0,4,8,176,108
36.765130107194,-1.32439049693922,419,1538.83654785156,52,30,62,1794,19,59,29,19,18.802131652832,0,4,8,176,108
36.7984631553088,-1.32439049693922,489,1481.94055175781,44,26,190,1704,15,69,38,19,18.6769046783447,6,13,7,1585,104
36.8067964173375,-1.32439049693922,561,1424.33410644531,42,26,190,1682,12,70,38,20,18.6323528289795,2,-44,1,1890,107
36.8630459360314,-1.32439049693922,525,1259.17236328125,40,26,190,1641,15,76,39,21,18.4711933135986,1,14,3,2101,119
36.917212139218,-1.32439049693922,543,1300.59741210938,43,27,190,1624,14,72,37,20,18.3530883789062,0,8,2,1203,121
36.9484618718257,-1.32439049693922,603,1306.62963867188,44,28,190,1603,13,69,36,21,18.266902923584,2,-17,0,639,119
36.6942973799499,-1.32647385097569,482,1453.34069824219,53,31,62,1879,22,60,25,22,18.9521350860596,1,-10,24,234,106
36.6984640109643,-1.32647385097569,413,1453.34069824219,53,31,62,1879,22,60,25,22,18.9521350860596,1,-10,24,234,106
36.7255471125576,-1.32647385097569,419,1496.19543457031,50,28,190,1842,14,60,32,19,18.898157119751,0,-38,0,272,107
36.7442969521222,-1.32647385097569,455,1514.13134765625,53,30,10,1811,15,58,27,20,18.8399333953857,1,-23,13,230,106
36.7463802676294,-1.32647385097569,459,1514.13134765625,53,30,10,1811,15,58,27,20,18.8399333953857,1,-23,13,230,106
36.7526302141509,-1.32647385097569,437,1523.73815917969,53,30,10,1802,17,59,27,20,18.8204212188721,1,-9,9,219,106
36.765130107194,-1.32647385097569,415,1538.83654785156,52,30,62,1794,19,59,29,19,18.802131652832,0,4,8,176,108
36.777630000237,-1.32647385097569,424,1550.0615234375,46,27,10,1764,13,65,37,17,18.7559852600098,4,45,5,783,101
36.8067964173375,-1.32647385097569,533,1424.33410644531,42,26,190,1682,12,70,38,20,18.6323528289795,2,-44,1,1890,107
36.8609626205242,-1.32647385097569,510,1259.17236328125,40,26,190,1641,15,76,39,21,18.4711933135986,1,14,3,2101,119
36.9192954547252,-1.32647385097569,536,1302.17687988281,44,28,190,1619,17,77,36,20,18.3317966461182,1,11,0,1058,121
36.9359619787826,-1.32647385097569,622,1303.15063476562,44,28,40,1611,15,75,36,20,18.2883129119873,2,4,2,726,119
36.9484618718257,-1.32647385097569,667,1306.62963867188,44,28,190,1603,13,69,36,21,18.266902923584,2,-17,0,639,119
36.6901307489355,-1.32855720501217,421,1436.01306152344,56,31,62,1891,19,56,23,21,18.9699077606201,7,72,30,195,106
36.7255471125576,-1.32855720501217,454,1496.19543457031,50,28,190,1842,14,60,32,19,18.898157119751,0,-38,0,272,107
36.7401303211078,-1.32855720501217,479,1506.80346679688,52,29,10,1826,15,59,28,20,18.8594093322754,1,1,7,224,107
36.7484635831365,-1.32855720501217,425,1514.13134765625,53,30,10,1811,15,58,27,20,18.8399333953857,1,-23,13,230,106
36.7505468986437,-1.32855720501217,449,1514.13134765625,53,30,10,1811,15,58,27,20,18.8399333953857,1,-23,13,230,106
36.7588801606724,-1.32855720501217,403,1523.73815917969,53,30,10,1802,17,59,27,20,18.8204212188721,1,-9,9,219,106
36.7859632622658,-1.32855720501217,409,1526.45251464844,43,26,190,1744,13,67,39,18,18.7204399108887,3,57,1,1069,104
36.8151296793663,-1.32855720501217,511,1373.24401855469,40,26,30,1670,12,71,39,20,18.6018047332764,1,-13,1,2186,109
36.8276295724093,-1.32855720501217,611,1325.5244140625,39,26,190,1659,14,71,40,20,18.5551929473877,0,4,0,2498,110
36.8505460429883,-1.32855720501217,572,1281.41662597656,44,27,190,1648,13,73,36,21,18.5095863342285,2,13,2,2360,114
36.8901290376247,-1.32855720501217,520,1262.04357910156,39,26,190,1631,14,78,41,20,18.4130401611328,1,4,0,1672,120
36.9255454012467,-1.32855720501217,755,1302.17687988281,44,28,190,1619,17,77,36,20,18.3317966461182,1,11,0,1058,121
36.9442952408113,-1.32855720501217,576,1306.62963867188,44,28,190,1603,13,69,36,21,18.266902923584,2,-17,0,639,119
36.9505451873328,-1.32855720501217,607,1306.62963867188,44,28,190,1603,13,69,36,21,18.266902923584,2,-17,0,639,119
36.7005473264714,-1.33064055904864,420,1453.34069824219,53,31,62,1879,22,60,25,22,18.9521350860596,1,-10,24,234,106
36.7359636900935,-1.33064055904864,448,1506.80346679688,52,29,10,1826,15,59,28,20,18.8594093322754,1,1,7,224,107
36.7567968451653,-1.33064055904864,431,1523.73815917969,53,30,10,1802,17,59,27,20,18.8204212188721,1,-9,9,219,106
36.8297128879165,-1.33064055904864,595,1325.5244140625,39,26,190,1659,14,71,40,20,18.5551929473877,0,4,0,2498,110
36.8713791980601,-1.33064055904864,536,1255.45812988281,41,27,190,1637,14,77,38,21,18.4525756835938,1,13,0,1955,121
36.8755458290744,-1.33064055904864,517,1255.45812988281,41,27,190,1637,14,77,38,21,18.4525756835938,1,13,0,1955,121
36.9672117113903,-1.33064055904864,596,1318.19482421875,45,28,10,1602,14,69,35,20,18.2264423370361,1,20,1,362,120
36.9734616579118,-1.33064055904864,643,1320.43542480469,46,29,10,1595,13,70,35,19,18.2045726776123,1,17,0,256,119
36.6901307489355,-1.33272391308511,462,1424.03308105469,54,30,10,1886,16,55,25,20,18.975456237793,3,50,17,245,106
36.7005473264714,-1.33272391308511,403,1436.20349121094,54,30,10,1862,20,56,25,21,18.9585342407227,1,-60,58,308,107
36.7276304280648,-1.33272391308511,455,1506.57214355469,54,30,10,1842,16,57,27,19,18.8892230987549,0,18,18,80,106
36.7317970590791,-1.33272391308511,434,1506.57214355469,54,30,10,1842,16,57,27,19,18.8892230987549,0,18,18,80,106
36.7505468986437,-1.33272391308511,463,1514.47131347656,54,30,10,1816,13,59,27,20,18.8491516113281,2,21,17,10,106
36.7567968451653,-1.33272391308511,463,1523.75732421875,54,30,10,1804,15,57,27,19,18.8294143676758,2,7,32,91,106
36.7609634761796,-1.33272391308511,432,1537.08947753906,54,30,10,1792,16,58,28,18,18.8104152679443,0,-21,25,60,107
36.7630467916868,-1.33272391308511,428,1537.08947753906,54,30,10,1792,16,58,28,18,18.8104152679443,0,-21,25,60,107
36.7817966312514,-1.33272391308511,415,1551.53674316406,50,29,62,1773,18,59,31,19,18.7662677764893,3,44,8,536,106
36.7942965242945,-1.33272391308511,421,1481.39672851562,48,28,190,1713,17,64,33,19,18.6855697631836,4,41,11,1240,104
36.8047131018304,-1.33272391308511,505,1414.56640625,46,27,10,1678,18,68,34,21,18.6368141174316,2,-37,7,1819,105
36.8130463638591,-1.33272391308511,574,1359.87353515625,44,27,10,1669,16,71,35,21,18.6054058074951,2,-6,2,2028,109
36.8651292515385,-1.33272391308511,517,1254.93444824219,44,27,190,1642,15,75,36,20,18.4784088134766,1,6,1,2005,128
36.8838790911031,-1.33272391308511,593,1267.55432128906,41,26,190,1636,14,77,39,20,18.4423599243164,1,6,0,1660,118
36.9026289306677,-1.33272391308511,537,1302.37756347656,44,27,190,1627,14,72,38,18,18.3826007843018,1,-9,0,1184,122
36.9130455082036,-1.33272391308511,578,1302.95568847656,43,27,190,1622,13,74,37,20,18.3603343963623,1,-13,0,1092,120
36.9213787702324,-1.33272391308511,606,1297.591796875,43,28,40,1616,12,74,35,21,18.3384132385254,1,-4,0,910,120
36.9567951338544,-1.33272391308511,690,1308.2373046875,46,29,130,1605,12,71,35,19,18.2556419372559,0,10,3,324,120
36.9692950268975,-1.33272391308511,623,1314.83996582031,47,29,40,1595,12,70,34,20,18.2127475738525,1,-3,0,42,121
36.9713783424046,-1.33272391308511,667,1314.83996582031,47,29,40,1595,12,70,34,20,18.2127475738525,1,-3,0,42,121
36.9734616579118,-1.33272391308511,688,1314.83996582031,47,29,40,1595,12,70,34,20,18.2127475738525,1,-3,0,42,121
36.742213636615,-1.33480726712159,462,1508.77197265625,54,30,10,1820,15,59,27,19,18.8684673309326,2,-27,10,125,106
36.7484635831365,-1.33480726712159,433,1514.47131347656,54,30,10,1816,13,59,27,20,18.8491516113281,2,21,17,10,106
36.8130463638591,-1.33480726712159,594,1359.87353515625,44,27,10,1669,16,71,35,21,18.6054058074951,2,-6,2,2028,109
36.8213796258878,-1.33480726712159,650,1331.08154296875,44,27,130,1660,17,71,34,22,18.5815372467041,1,-17,5,2233,110
36.858879305017,-1.33480726712159,560,1252.28186035156,47,28,120,1641,15,73,32,22,18.4943313598633,1,-14,8,2238,117
36.8713791980601,-1.33480726712159,609,1262.76135253906,40,26,190,1643,15,76,40,20,18.4613094329834,1,31,0,1783,123
36.8859624066103,-1.33480726712159,650,1276.60852050781,40,26,190,1636,18,79,40,20,18.4228630065918,0,4,0,1519,121
36.9067955616821,-1.33480726712159,623,1302.37756347656,44,27,190,1627,14,72,38,18,18.3826007843018,1,-9,0,1184,122
36.9422119253041,-1.33480726712159,652,1294.42028808594,46,28,190,1608,13,71,35,19,18.2961597442627,1,-21,0,705,119
36.9630450803759,-1.33480726712159,812,1313.01159667969,47,29,40,1601,12,71,34,19,18.2342586517334,1,11,0,163,120
36.6859641179212,-1.33689062115806,462,1424.03308105469,54,30,10,1886,16,55,25,20,18.975456237793,3,50,17,245,106
36.719297166036,-1.33689062115806,410,1502.19372558594,54,30,10,1855,18,58,26,20,18.9093036651611,3,34,9,59,109
36.7317970590791,-1.33689062115806,412,1506.57214355469,54,30,10,1842,16,57,27,19,18.8892230987549,0,18,18,80,106
36.7359636900935,-1.33689062115806,426,1508.77197265625,54,30,10,1820,15,59,27,19,18.8684673309326,2,-27,10,125,106
36.7401303211078,-1.33689062115806,472,1508.77197265625,54,30,10,1820,15,59,27,19,18.8684673309326,2,-27,10,125,106
36.7547135296581,-1.33689062115806,416,1523.75732421875,54,30,10,1804,15,57,27,19,18.8294143676758,2,7,32,91,106
36.7609634761796,-1.33689062115806,401,1537.08947753906,54,30,10,1792,16,58,28,18,18.8104152679443,0,-21,25,60,107
36.7630467916868,-1.33689062115806,404,1537.08947753906,54,30,10,1792,16,58,28,18,18.8104152679443,0,-21,25,60,107
36.7797133157442,-1.33689062115806,441,1551.53674316406,50,29,62,1773,18,59,31,19,18.7662677764893,3,44,8,536,106
36.8088797328447,-1.33689062115806,529,1414.56640625,46,27,10,1678,18,68,34,21,18.6368141174316,2,-37,7,1819,105
36.8463794119739,-1.33689062115806,544,1271.25158691406,47,28,10,1638,16,72,32,22,18.5134868621826,2,-45,6,2359,111
36.8776291445816,-1.33689062115806,559,1267.55432128906,41,26,190,1636,14,77,39,20,18.4423599243164,1,6,0,1660,118
36.9067955616821,-1.33689062115806,639,1302.37756347656,44,27,190,1627,14,72,38,18,18.3826007843018,1,-9,0,1184,122
36.9213787702324,-1.33689062115806,527,1297.591796875,43,28,40,1616,12,74,35,21,18.3384132385254,1,-4,0,910,120
36.9297120322611,-1.33689062115806,696,1293.17529296875,44,28,190,1608,14,71,36,20,18.3163318634033,1,-37,2,806,119
36.940128609797,-1.33689062115806,634,1294.42028808594,46,28,190,1608,13,71,35,19,18.2961597442627,1,-21,0,705,119
36.9609617648687,-1.33689062115806,800,1313.01159667969,47,29,40,1601,12,71,34,19,18.2342586517334,1,11,0,163,120
36.6942973799499,-1.33897397519454,398,1436.20349121094,54,30,10,1862,20,56,25,21,18.9585342407227,1,-60,58,308,107
36.706797272993,-1.33897397519454,430,1464.50842285156,52,30,62,1880,21,61,26,22,18.9439449310303,2,13,49,159,108
36.7213804815432,-1.33897397519454,446,1502.19372558594,54,30,10,1855,18,58,26,20,18.9093036651611,3,34,9,59,109
36.7234637970504,-1.33897397519454,481,1502.19372558594,54,30,10,1855,18,58,26,20,18.9093036651611,3,34,9,59,109
36.7463802676294,-1.33897397519454,451,1514.47131347656,54,30,10,1816,13,59,27,20,18.8491516113281,2,21,17,10,106
36.7672134227011,-1.33897397519454,419,1537.08947753906,54,30,10,1792,16,58,28,18,18.8104152679443,0,-21,25,60,107
36.835962834438,-1.33897397519454,601,1301.77038574219,46,28,10,1649,16,71,32,23,18.538501739502,2,-16,5,2440,111
36.8505460429883,-1.33897397519454,564,1271.25158691406,47,28,10,1638,16,72,32,22,18.5134868621826,2,-45,6,2359,111
36.8922123531319,-1.33897397519454,539,1276.60852050781,40,26,190,1636,18,79,40,20,18.4228630065918,0,4,0,1519,121
36.9234620857395,-1.33897397519454,592,1297.591796875,43,28,40,1616,12,74,35,21,18.3384132385254,1,-4,0,910,120
36.9609617648687,-1.33897397519454,743,1313.01159667969,47,29,40,1601,12,71,34,19,18.2342586517334,1,11,0,163,120
36.9672117113903,-1.33897397519454,661,1313.01159667969,47,29,40,1601,12,71,34,19,18.2342586517334,1,11,0,163,120
36.7151305350217,-1.34105732923101,436,1486.83227539062,53,30,62,1865,18,62,25,22,18.9358158111572,1,28,6,71,110
36.7401303211078,-1.34105732923101,490,1512.29724121094,51,29,10,1826,14,65,30,19,18.8774738311768,1,-3,5,43,107
36.7588801606724,-1.34105732923101,426,1527.4736328125,53,29,10,1802,13,65,29,18,18.8376922607422,1,-16,7,-2,106
36.8172129948734,-1.34105732923101,597,1351.64929199219,47,28,10,1663,21,69,31,22,18.6093940734863,1,-30,9,1734,107
36.8192963103806,-1.34105732923101,591,1325.19665527344,47,28,10,1661,20,70,31,22,18.5869083404541,0,4,6,1895,109
36.8276295724093,-1.34105732923101,620,1314.43481445312,46,28,10,1658,19,70,32,23,18.5668468475342,1,9,2,1933,111
36.8338795189309,-1.34105732923101,614,1314.43481445312,46,28,10,1658,19,70,32,23,18.5668468475342,1,9,2,1933,111
36.8380461499452,-1.34105732923101,589,1300.74426269531,46,28,10,1655,18,71,31,23,18.5467224121094,2,36,5,1863,117
36.8734625135672,-1.34105732923101,604,1260.46313476562,47,28,10,1635,13,73,34,20,18.4660758972168,1,-30,6,1721,119
36.8901290376247,-1.34105732923101,538,1277.24230957031,43,27,190,1637,13,73,38,20,18.4303684234619,0,10,6,1386,122
36.894295668639,-1.34105732923101,547,1296.86010742188,44,28,40,1635,15,76,36,20,18.4122657775879,1,11,0,1243,125
36.9026289306677,-1.34105732923101,575,1309.64721679688,45,28,40,1633,16,76,36,19,18.3923091888428,1,19,1,1109,120
36.9234620857395,-1.34105732923101,620,1297.20251464844,45,28,40,1619,15,72,35,20,18.3462944030762,0,1,1,888,119
36.7463802676294,-1.34314068326749,459,1518.75524902344,52,29,10,1815,14,64,31,18,18.8577919006348,2,9,15,-16,107
36.7942965242945,-1.34314068326749,401,1468.2890625,50,29,10,1701,20,66,30,20,18.6818752288818,6,-20,7,1146,104
36.7963798398016,-1.34314068326749,415,1468.2890625,50,29,10,1701,20,66,30,20,18.6818752288818,6,-20,7,1146,104
36.8026297863232,-1.34314068326749,476,1402.11657714844,48,28,10,1668,21,68,31,20,18.6376800537109,1,-77,4,1625,106
36.8088797328447,-1.34314068326749,481,1402.11657714844,48,28,10,1668,21,68,31,20,18.6376800537109,1,-77,4,1625,106
36.8651292515385,-1.34314068326749,485,1252.30932617188,49,28,10,1640,16,72,31,20,18.4847831726074,1,11,5,1597,122
36.8692958825529,-1.34314068326749,488,1260.46313476562,47,28,10,1635,13,73,34,20,18.4660758972168,1,-30,6,1721,119
36.9567951338544,-1.34314068326749,623,1306.97021484375,47,29,40,1605,13,74,34,19,18.263090133667,1,-6,1,288,121
36.6901307489355,-1.34522403730396,449,1418.95153808594,53,30,62,1869,16,57,25,22,18.9802551269531,2,-21,17,372,105
36.7151305350217,-1.34522403730396,417,1486.83227539062,53,30,62,1865,18,62,25,22,18.9358158111572,1,28,6,71,110
36.7213804815432,-1.34522403730396,430,1503.81262207031,52,30,10,1859,18,60,27,21,18.917631149292,2,43,30,-65,110
36.7317970590791,-1.34522403730396,426,1509.22204589844,54,30,10,1840,16,63,27,19,18.8974723815918,2,6,5,2,107
36.7817966312514,-1.34522403730396,416,1544.14929199219,50,30,62,1770,20,59,28,22,18.7712345123291,3,43,37,411,106
36.8088797328447,-1.34522403730396,488,1402.11657714844,48,28,10,1668,21,68,31,20,18.6376800537109,1,-77,4,1625,106
36.8130463638591,-1.34522403730396,481,1351.64929199219,47,28,10,1663,21,69,31,22,18.6093940734863,1,-30,9,1734,107
36.8276295724093,-1.34522403730396,576,1314.43481445312,46,28,10,1658,19,70,32,23,18.5668468475342,1,9,2,1933,111
36.8442960964667,-1.34522403730396,566,1273.46472167969,46,28,10,1641,14,71,32,22,18.5227603912354,1,-13,6,1604,112
36.858879305017,-1.34522403730396,480,1251.28540039062,46,28,10,1638,15,72,32,22,18.5004692077637,1,-26,5,1474,115
36.8609626205242,-1.34522403730396,485,1252.30932617188,49,28,10,1640,16,72,31,20,18.4847831726074,1,11,5,1597,122
36.8672125670457,-1.34522403730396,458,1252.30932617188,49,28,10,1640,16,72,31,20,18.4847831726074,1,11,5,1597,122
36.8713791980601,-1.34522403730396,468,1260.46313476562,47,28,10,1635,13,73,34,20,18.4660758972168,1,-30,6,1721,119
36.8859624066103,-1.34522403730396,530,1277.24230957031,43,27,190,1637,13,73,38,20,18.4303684234619,0,10,6,1386,122
36.8963789841462,-1.34522403730396,600,1296.86010742188,44,28,40,1635,15,76,36,20,18.4122657775879,1,11,0,1243,125
36.8984622996534,-1.34522403730396,597,1296.86010742188,44,28,40,1635,15,76,36,20,18.4122657775879,1,11,0,1243,125
36.9026289306677,-1.34522403730396,568,1309.64721679688,45,28,40,1633,16,76,36,19,18.3923091888428,1,19,1,1109,120
36.9109621926965,-1.34522403730396,618,1307.27905273438,46,28,40,1622,15,75,34,20,18.3689765930176,1,-7,3,1013,118
36.9630450803759,-1.34522403730396,698,1308.37280273438,47,29,40,1599,13,71,35,18,18.2411193847656,1,-15,2,164,121
36.6942973799499,-1.34730739134043,436,1427.43615722656,56,31,10,1870,17,58,23,21,18.9648246765137,2,3,7,199,111
36.7047139574858,-1.34730739134043,448,1456.8095703125,54,31,62,1874,18,62,24,22,18.9507179260254,3,0,16,247,112
36.7255471125576,-1.34730739134043,396,1503.81262207031,52,30,10,1859,18,60,27,21,18.917631149292,2,43,30,-65,110
36.7317970590791,-1.34730739134043,471,1509.22204589844,54,30,10,1840,16,63,27,19,18.8974723815918,2,6,5,2,107
36.7380470056006,-1.34730739134043,451,1512.29724121094,51,29,10,1826,14,65,30,19,18.8774738311768,1,-3,5,43,107
36.7401303211078,-1.34730739134043,421,1512.29724121094,51,29,10,1826,14,65,30,19,18.8774738311768,1,-3,5,43,107
36.7609634761796,-1.34730739134043,446,1537.01428222656,53,29,10,1797,15,61,29,18,18.8180923461914,0,10,6,-74,108
36.7838799467586,-1.34730739134043,415,1544.14929199219,50,30,62,1770,20,59,28,22,18.7712345123291,3,43,37,411,106
36.8651292515385,-1.34730739134043,462,1252.30932617188,49,28,10,1640,16,72,31,20,18.4847831726074,1,11,5,1597,122
36.8859624066103,-1.34730739134043,518,1277.24230957031,43,27,190,1637,13,73,38,20,18.4303684234619,0,10,6,1386,122
36.9151288237108,-1.34730739134043,636,1307.27905273438,46,28,40,1622,15,75,34,20,18.3689765930176,1,-7,3,1013,118
36.7672134227011,-1.34939074537691,435,1537.54272460938,54,30,10,1793,18,59,27,19,18.8252735137939,2,-2,22,30,107
36.7692967382083,-1.34939074537691,423,1538.93823242188,50,30,62,1778,20,58,29,21,18.8023815155029,2,21,43,170,107
36.8109630483519,-1.34939074537691,475,1352.01293945312,47,28,10,1665,19,69,32,22,18.6164245605469,2,4,6,1414,109
36.823462941395,-1.34939074537691,550,1322.36450195312,47,28,10,1656,17,70,31,22,18.5912570953369,2,1,8,1470,109
36.8338795189309,-1.34939074537691,614,1306.21752929688,45,28,10,1651,17,71,33,22,18.5691738128662,1,-15,5,1428,110
36.8442960964667,-1.34939074537691,561,1272.0751953125,46,28,10,1649,16,71,33,21,18.529447555542,2,38,2,547,117
36.8859624066103,-1.34939074537691,552,1269.70178222656,46,27,10,1635,17,74,35,19,18.4348049163818,0,2,1,1335,123
36.8880457221175,-1.34939074537691,578,1269.70178222656,46,27,10,1635,17,74,35,19,18.4348049163818,0,2,1,1335,123
36.7109639040073,-1.35147409941338,481,1472.34826660156,51,30,60,1869,21,60,26,23,18.9402236938477,3,97,28,-78,106
36.7172138505289,-1.35147409941338,423,1472.34826660156,51,30,60,1869,21,60,26,23,18.9402236938477,3,97,28,-78,106
36.719297166036,-1.35147409941338,419,1488.38586425781,51,30,60,1855,16,60,27,22,18.9228363037109,2,58,37,-18,107
36.7359636900935,-1.35147409941338,483,1510.01696777344,52,29,10,1829,17,65,30,19,18.8850784301758,1,14,10,-36,108
36.7734633692227,-1.35147409941338,400,1538.93823242188,50,30,62,1778,20,58,29,21,18.8023815155029,2,21,43,170,107
36.8088797328447,-1.35147409941338,468,1396.01611328125,48,28,10,1677,20,67,32,20,18.6462917327881,2,-21,7,1425,107
36.8109630483519,-1.35147409941338,494,1352.01293945312,47,28,10,1665,19,69,32,22,18.6164245605469,2,4,6,1414,109
36.8297128879165,-1.35147409941338,548,1306.21752929688,45,28,10,1651,17,71,33,22,18.5691738128662,1,-15,5,1428,110
36.8338795189309,-1.35147409941338,605,1306.21752929688,45,28,10,1651,17,71,33,22,18.5691738128662,1,-15,5,1428,110
36.8380461499452,-1.35147409941338,612,1293.78845214844,45,28,10,1649,16,71,32,23,18.5495414733887,1,6,5,1117,114
36.8567959895098,-1.35147409941338,550,1248.79797363281,45,27,10,1637,14,68,34,21,18.5060119628906,2,-27,0,428,115
36.8859624066103,-1.35147409941338,603,1269.70178222656,46,27,10,1635,17,74,35,19,18.4348049163818,0,2,1,1335,123
36.8901290376247,-1.35147409941338,634,1269.70178222656,46,27,10,1635,17,74,35,19,18.4348049163818,0,2,1,1335,123
36.917212139218,-1.35147409941338,586,1310.64001464844,44,28,40,1624,14,75,37,19,18.3763656616211,2,0,5,1006,118
36.706797272993,-1.35355745344986,479,1450.75305175781,52,30,62,1865,23,57,25,23,18.955415725708,5,11,33,101,111
36.7172138505289,-1.35355745344986,401,1472.34826660156,51,30,60,1869,21,60,26,23,18.9402236938477,3,97,28,-78,106
36.7255471125576,-1.35355745344986,443,1488.38586425781,51,30,60,1855,16,60,27,22,18.9228363037109,2,58,37,-18,107
36.742213636615,-1.35355745344986,387,1510.01696777344,52,29,10,1829,17,65,30,19,18.8850784301758,1,14,10,-36,108
36.7463802676294,-1.35355745344986,391,1519.88037109375,51,28,10,1817,15,65,31,19,18.8657417297363,1,10,5,-16,107
36.8317962034237,-1.35355745344986,557,1306.21752929688,45,28,10,1651,17,71,33,22,18.5691738128662,1,-15,5,1428,110
36.8776291445816,-1.35355745344986,488,1255.95922851562,47,27,10,1633,16,73,34,20,18.4516334533691,1,-22,5,1473,118
36.8922123531319,-1.35355745344986,614,1269.70178222656,46,27,10,1635,17,74,35,19,18.4348049163818,0,2,1,1335,123
36.8984622996534,-1.35355745344986,616,1296.14196777344,45,28,130,1637,17,76,37,19,18.4190311431885,0,17,0,1201,132
36.9047122461749,-1.35355745344986,622,1313.46533203125,42,27,40,1633,15,75,38,20,18.3998336791992,1,12,4,1077,124
36.7151305350217,-1.35564080748633,400,1472.34826660156,51,30,60,1869,21,60,26,23,18.9402236938477,3,97,28,-78,106
36.7734633692227,-1.35564080748633,385,1538.93823242188,50,30,62,1778,20,58,29,21,18.8023815155029,2,21,43,170,107
36.7755466847299,-1.35564080748633,419,1538.93823242188,50,30,62,1778,20,58,29,21,18.8023815155029,2,21,43,170,107
36.777630000237,-1.35564080748633,411,1529.80651855469,48,29,62,1762,19,60,31,21,18.7744674682617,1,34,36,426,107
36.8172129948734,-1.35564080748633,565,1352.01293945312,47,28,10,1665,19,69,32,22,18.6164245605469,2,4,6,1414,109
36.8463794119739,-1.35564080748633,553,1272.0751953125,46,28,10,1649,16,71,33,21,18.529447555542,2,38,2,547,117
36.8547126740026,-1.35564080748633,514,1248.79797363281,45,27,10,1637,14,68,34,21,18.5060119628906,2,-27,0,428,115
36.9088788771893,-1.35564080748633,585,1313.46533203125,42,27,40,1633,15,75,38,20,18.3998336791992,1,12,4,1077,124
36.7172138505289,-1.35772416152281,410,1450.39392089844,50,30,10,1831,22,57,27,24,18.9395961761475,4,-37,53,189,105
36.719297166036,-1.35772416152281,405,1456.01293945312,52,30,60,1843,22,60,27,21,18.9226531982422,3,35,17,8,103
36.7213804815432,-1.35772416152281,389,1456.01293945312,52,30,60,1843,22,60,27,21,18.9226531982422,3,35,17,8,103
36.7234637970504,-1.35772416152281,382,1456.01293945312,52,30,60,1843,22,60,27,21,18.9226531982422,3,35,17,8,103
36.7359636900935,-1.35772416152281,391,1491.3125,54,30,10,1825,16,64,27,19,18.890007019043,1,44,10,-25,108
36.7380470056006,-1.35772416152281,380,1491.3125,54,30,10,1825,16,64,27,19,18.890007019043,1,44,10,-25,108
36.7588801606724,-1.35772416152281,433,1524.37854003906,52,29,10,1807,19,61,30,19,18.852388381958,1,28,9,-103,108
36.7713800537155,-1.35772416152281,408,1526.74670410156,50,29,62,1766,20,58,29,21,18.8047771453857,2,19,23,195,106
36.7922132087873,-1.35772416152281,397,1470.21447753906,49,28,62,1733,19,62,32,19,18.7301940917969,7,102,28,614,103
36.8026297863232,-1.35772416152281,459,1391.75634765625,47,28,10,1674,19,67,32,21,18.6521053314209,2,-20,6,1122,107
36.8067964173375,-1.35772416152281,500,1391.75634765625,47,28,10,1674,19,67,32,21,18.6521053314209,2,-20,6,1122,107
36.8401294654524,-1.35772416152281,575,1272.689453125,46,28,10,1642,16,70,33,21,18.5480346679688,1,2,1,698,111
36.8422127809596,-1.35772416152281,553,1272.689453125,46,28,10,1642,16,70,33,21,18.5480346679688,1,2,1,698,111
36.8526293584955,-1.35772416152281,498,1227.30822753906,44,27,10,1625,13,68,35,21,18.5055522918701,2,-36,3,483,115
36.719297166036,-1.35980751555928,412,1456.01293945312,52,30,60,1843,22,60,27,21,18.9226531982422,3,35,17,8,103
36.7588801606724,-1.35980751555928,424,1524.37854003906,52,29,10,1807,19,61,30,19,18.852388381958,1,28,9,-103,108
36.7755466847299,-1.35980751555928,418,1526.74670410156,50,29,62,1766,20,58,29,21,18.8047771453857,2,19,23,195,106
36.7984631553088,-1.35980751555928,456,1430.22827148438,49,28,10,1685,19,66,32,19,18.6860332489014,3,-40,7,968,103
36.8047131018304,-1.35980751555928,497,1391.75634765625,47,28,10,1674,19,67,32,21,18.6521053314209,2,-20,6,1122,107
36.8338795189309,-1.35980751555928,528,1292.43334960938,46,28,10,1643,15,68,32,21,18.5702133178711,2,7,12,903,113
36.8755458290744,-1.35980751555928,515,1236.92443847656,48,28,10,1637,16,72,32,20,18.4738712310791,1,29,6,1415,117
36.894295668639,-1.35980751555928,534,1289.49035644531,46,28,40,1636,16,74,34,19,18.4238052368164,0,19,3,1150,122
36.7172138505289,-1.36189086959575,413,1450.39392089844,50,30,10,1831,22,57,27,24,18.9395961761475,4,-37,53,189,105
36.7380470056006,-1.36189086959575,409,1491.3125,54,30,10,1825,16,64,27,19,18.890007019043,1,44,10,-25,108
36.7609634761796,-1.36189086959575,421,1533.45520019531,52,30,62,1792,17,59,29,19,18.8317832946777,2,38,15,-110,107
36.7630467916868,-1.36189086959575,429,1533.45520019531,52,30,62,1792,17,59,29,19,18.8317832946777,2,38,15,-110,107
36.7672134227011,-1.36189086959575,398,1533.45520019531,52,30,62,1792,17,59,29,19,18.8317832946777,2,38,15,-110,107
36.7838799467586,-1.36189086959575,440,1503.95336914062,48,29,62,1746,18,60,31,21,18.7669467926025,4,-6,39,412,106
36.7880465777729,-1.36189086959575,424,1470.21447753906,49,28,62,1733,19,62,32,19,18.7301940917969,7,102,28,614,103
36.8130463638591,-1.36189086959575,491,1355.39074707031,46,28,10,1654,16,66,33,22,18.6218223571777,2,-43,8,1140,108
36.8151296793663,-1.36189086959575,479,1355.39074707031,46,28,10,1654,16,66,33,22,18.6218223571777,2,-43,8,1140,108
36.8192963103806,-1.36189086959575,471,1318.84423828125,48,28,10,1654,18,66,31,21,18.5928382873535,3,-17,6,957,110
36.8442960964667,-1.36189086959575,474,1249.99475097656,45,27,10,1642,17,69,34,21,18.5276851654053,1,31,2,399,114
36.8755458290744,-1.36189086959575,527,1236.92443847656,48,28,10,1637,16,72,32,20,18.4738712310791,1,29,6,1415,117
36.7297137435719,-1.36397422363223,406,1473.30505371094,53,30,10,1833,18,59,27,20,18.9074306488037,1,51,11,-3,107
36.7359636900935,-1.36397422363223,411,1491.3125,54,30,10,1825,16,64,27,19,18.890007019043,1,44,10,-25,108
36.7484635831365,-1.36397422363223,399,1507.53088378906,53,30,10,1814,14,63,28,18,18.8710136413574,2,34,8,-51,107
36.7547135296581,-1.36397422363223,413,1524.37854003906,52,29,10,1807,19,61,30,19,18.852388381958,1,28,9,-103,108
36.7567968451653,-1.36397422363223,397,1524.37854003906,52,29,10,1807,19,61,30,19,18.852388381958,1,28,9,-103,108
36.7630467916868,-1.36397422363223,422,1533.45520019531,52,30,62,1792,17,59,29,19,18.8317832946777,2,38,15,-110,107
36.7901298932801,-1.36397422363223,432,1470.21447753906,49,28,62,1733,19,62,32,19,18.7301940917969,7,102,28,614,103
36.8047131018304,-1.36397422363223,501,1391.75634765625,47,28,10,1674,19,67,32,21,18.6521053314209,2,-20,6,1122,107
36.8109630483519,-1.36397422363223,516,1355.39074707031,46,28,10,1654,16,66,33,22,18.6218223571777,2,-43,8,1140,108
36.8255462569021,-1.36397422363223,527,1318.84423828125,48,28,10,1654,18,66,31,21,18.5928382873535,3,-17,6,957,110
36.8442960964667,-1.36397422363223,444,1249.99475097656,45,27,10,1642,17,69,34,21,18.5276851654053,1,31,2,399,114
36.8630459360314,-1.36397422363223,488,1224.4580078125,45,27,10,1636,14,72,34,21,18.4881839752197,2,16,4,692,113
36.8922123531319,-1.36397422363223,513,1260.28198242188,47,28,10,1631,16,73,33,20,18.4378261566162,1,-7,5,1313,120
36.8963789841462,-1.36397422363223,565,1289.49035644531,46,28,40,1636,16,74,34,19,18.4238052368164,0,19,3,1150,122
36.8984622996534,-1.36397422363223,551,1289.49035644531,46,28,40,1636,16,74,34,19,18.4238052368164,0,19,3,1150,122
36.7255471125576,-1.3660575776687,433,1423.93212890625,54,30,10,1798,19,58,26,20,18.9218082427979,5,-101,27,405,101
36.7484635831365,-1.3660575776687,408,1471.32287597656,51,30,62,1790,17,59,28,21,18.8704299926758,2,7,21,31,105
36.7547135296581,-1.3660575776687,396,1497.73461914062,53,30,190,1797,17,58,28,19,18.8547630310059,2,53,10,-30,108
36.7797133157442,-1.3660575776687,387,1465.59045410156,51,29,10,1712,19,60,29,19,18.7571468353271,3,-97,14,707,104
36.7838799467586,-1.3660575776687,432,1465.59045410156,51,29,10,1712,19,60,29,19,18.7571468353271,3,-97,14,707,104
36.8088797328447,-1.3660575776687,523,1381.91284179688,46,28,10,1677,16,67,33,22,18.6581954956055,1,15,5,858,108
36.823462941395,-1.3660575776687,484,1312.50561523438,48,28,10,1638,17,66,32,20,18.5950469970703,5,-33,6,662,109
36.858879305017,-1.3660575776687,467,1201.11535644531,46,28,10,1629,16,68,34,20,18.5036602020264,2,31,3,646,112
36.8901290376247,-1.3660575776687,524,1249.23425292969,46,28,10,1629,16,73,33,21,18.439489364624,1,7,6,1271,119
36.9067955616821,-1.3660575776687,619,1297.98388671875,47,28,40,1629,15,73,34,19,18.4071063995361,2,16,1,1124,117
36.7276304280648,-1.36814093170518,419,1433.08581542969,53,30,62,1821,19,58,27,20,18.9058284759521,5,47,12,61,102
36.7359636900935,-1.36814093170518,400,1450.28833007812,52,30,62,1807,21,59,28,20,18.8882389068604,6,20,21,115,103
36.7672134227011,-1.36814093170518,398,1511.92529296875,53,29,10,1787,17,59,28,19,18.8348617553711,1,75,8,-30,108
36.7922132087873,-1.36814093170518,470,1427.92590332031,48,28,10,1694,18,64,33,19,18.7168388366699,1,-85,6,930,106
36.8422127809596,-1.36814093170518,425,1253.64587402344,48,28,10,1635,15,65,33,20,18.5454254150391,2,-41,6,487,111
36.7297137435719,-1.37022428574165,439,1433.08581542969,53,30,62,1821,19,58,27,20,18.9058284759521,5,47,12,61,102
36.7630467916868,-1.37022428574165,392,1511.92529296875,53,29,10,1787,17,59,28,19,18.8348617553711,1,75,8,-30,108
36.7463802676294,-1.37230763977812,396,1471.32287597656,51,30,62,1790,17,59,28,21,18.8704299926758,2,7,21,31,105
36.7547135296581,-1.37230763977812,385,1497.73461914062,53,30,190,1797,17,58,28,19,18.8547630310059,2,53,10,-30,108
36.7609634761796,-1.37230763977812,406,1511.92529296875,53,29,10,1787,17,59,28,19,18.8348617553711,1,75,8,-30,108
36.7734633692227,-1.37230763977812,412,1499.98400878906,54,30,62,1769,20,59,27,19,18.805082321167,5,97,20,173,104
36.7942965242945,-1.37230763977812,470,1401.68115234375,46,27,10,1686,18,68,33,20,18.6856956481934,1,-22,5,995,107
36.8130463638591,-1.37230763977812,479,1353.01684570312,47,28,10,1669,16,66,32,21,18.628849029541,2,52,7,625,110
36.8526293584955,-1.37230763977812,438,1201.11535644531,46,28,10,1629,16,68,34,20,18.5036602020264,2,31,3,646,112
36.8547126740026,-1.37230763977812,476,1201.11535644531,46,28,10,1629,16,68,34,20,18.5036602020264,2,31,3,646,112
36.8630459360314,-1.37230763977812,508,1198.18884277344,45,27,10,1627,14,69,34,21,18.4853935241699,1,2,6,1146,115
36.7338803745863,-1.3743909938146,423,1400.26489257812,53,29,10,1773,17,59,28,19,18.9056529998779,4,-53,16,486,101
36.7942965242945,-1.3743909938146,466,1373.25756835938,44,27,10,1681,16,64,35,21,18.6893043518066,1,-17,2,872,106
36.8484627274811,-1.3743909938146,410,1224.50512695312,49,28,10,1623,18,66,32,19,18.5253238677979,3,10,8,759,112
36.8609626205242,-1.3743909938146,450,1193.240234375,46,28,10,1619,13,68,34,20,18.4823913574219,4,-46,0,1172,113
36.881795775596,-1.3743909938146,432,1228.98461914062,46,27,10,1618,14,71,34,21,18.4555606842041,2,11,4,1297,118
36.8859624066103,-1.3743909938146,499,1232.1259765625,46,27,10,1621,14,73,34,20,18.4356384277344,2,9,6,1240,117
36.9026289306677,-1.3743909938146,508,1276.90209960938,47,28,10,1623,14,73,34,19,18.4068737030029,0,22,6,1143,117
36.7380470056006,-1.37647434785107,450,1410.47839355469,53,30,60,1771,19,57,27,21,18.8836059570312,4,-80,25,345,101
36.7401303211078,-1.37647434785107,428,1410.47839355469,53,30,60,1771,19,57,27,21,18.8836059570312,4,-80,25,345,101
36.742213636615,-1.37647434785107,428,1410.47839355469,53,30,60,1771,19,57,27,21,18.8836059570312,4,-80,25,345,101
36.7838799467586,-1.37647434785107,439,1416.43041992188,52,29,10,1706,19,62,30,19,18.751802444458,2,-48,7,715,101
36.7880465777729,-1.37647434785107,471,1386.44384765625,46,27,20,1693,19,62,34,20,18.7163639068604,2,-24,1,817,106
36.8151296793663,-1.37647434785107,431,1340.28381347656,47,28,10,1660,15,64,33,20,18.6308841705322,2,15,11,566,108
36.8567959895098,-1.37647434785107,433,1198.59509277344,48,28,120,1603,16,66,33,19,18.5022468566895,4,-64,9,1003,113
36.8713791980601,-1.37647434785107,559,1214.3359375,45,27,10,1623,15,69,34,21,18.4721527099609,1,26,1,1270,117
36.8984622996534,-1.37647434785107,500,1251.73779296875,47,28,10,1625,16,73,33,20,18.4230632781982,1,29,6,1167,118
36.9005456151606,-1.37647434785107,483,1251.73779296875,47,28,10,1625,16,73,33,20,18.4230632781982,1,29,6,1167,118
36.9088788771893,-1.37647434785107,548,1276.90209960938,47,28,10,1623,14,73,34,19,18.4068737030029,0,22,6,1143,117
36.7609634761796,-1.37855770188755,397,1462.28369140625,55,30,60,1770,17,57,26,19,18.8250923156738,6,94,34,79,103
36.7755466847299,-1.37855770188755,460,1449.12072753906,53,30,10,1754,17,57,28,19,18.7936153411865,7,48,20,207,102
36.8380461499452,-1.37855770188755,400,1249.05725097656,48,28,10,1623,16,66,33,19,18.5488052368164,1,-19,8,290,113
36.9151288237108,-1.37855770188755,524,1290.9306640625,47,28,120,1617,14,72,34,19,18.3880519866943,1,1,6,1109,117
36.917212139218,-1.37855770188755,523,1290.9306640625,47,28,120,1617,14,72,34,19,18.3880519866943,1,1,6,1109,117
36.7547135296581,-1.38064105592402,432,1450.25842285156,53,30,62,1785,18,58,27,20,18.8474578857422,5,89,18,71,103
36.7880465777729,-1.38064105592402,455,1386.44384765625,46,27,20,1693,19,62,34,20,18.7163639068604,2,-24,1,817,106
36.7963798398016,-1.38064105592402,429,1373.25756835938,44,27,10,1681,16,64,35,21,18.6893043518066,1,-17,2,872,106
36.8505460429883,-1.38064105592402,426,1224.50512695312,49,28,10,1623,18,66,32,19,18.5253238677979,3,10,8,759,112
36.8547126740026,-1.38064105592402,408,1198.59509277344,48,28,120,1603,16,66,33,19,18.5022468566895,4,-64,9,1003,113
36.8609626205242,-1.38064105592402,438,1193.240234375,46,28,10,1619,13,68,34,20,18.4823913574219,4,-46,0,1172,113
36.8651292515385,-1.38064105592402,524,1193.240234375,46,28,10,1619,13,68,34,20,18.4823913574219,4,-46,0,1172,113
36.7734633692227,-1.3827244099605,480,1390.49597167969,50,29,10,1719,15,62,32,18,18.7811622619629,3,-30,6,599,103
36.8255462569021,-1.3827244099605,437,1298.32019042969,47,27,10,1621,14,64,35,18,18.6035289764404,1,-95,9,612,108
36.8672125670457,-1.3827244099605,484,1214.21887207031,47,28,10,1599,15,69,33,19,18.4852256774902,5,-32,6,1150,112
36.894295668639,-1.3827244099605,509,1210.34777832031,45,27,10,1613,13,72,37,19,18.4137878417969,2,44,2,1215,113
36.9130455082036,-1.3827244099605,518,1254.21899414062,46,27,10,1618,13,73,35,19,18.3850479125977,1,62,7,1116,115
36.7692967382083,-1.38480776399697,453,1390.49597167969,50,29,10,1719,15,62,32,18,18.7811622619629,3,-30,6,599,103
36.8297128879165,-1.38480776399697,417,1275.18237304688,46,27,10,1621,16,68,35,19,18.5757827758789,2,-100,3,331,110
36.8401294654524,-1.38480776399697,434,1261.69543457031,45,27,10,1627,15,66,36,19,18.5540046691895,3,-25,4,259,116
36.9067955616821,-1.38480776399697,510,1231.51013183594,45,27,10,1616,14,72,36,19,18.3987522125244,2,46,4,1212,112
36.8692958825529,-1.38689111803344,459,1223.52697753906,47,28,10,1617,15,69,34,19,18.4705123901367,2,25,3,1198,113
36.9067955616821,-1.38689111803344,521,1231.51013183594,45,27,10,1616,14,72,36,19,18.3987522125244,2,46,4,1212,112
36.8713791980601,-1.38897447206992,439,1223.52697753906,47,28,10,1617,15,69,34,19,18.4705123901367,2,25,3,1198,113
36.881795775596,-1.38897447206992,438,1221.20288085938,46,27,10,1616,15,69,34,20,18.4522018432617,6,59,6,1203,114
36.8963789841462,-1.38897447206992,478,1210.34777832031,45,27,10,1613,13,72,37,19,18.4137878417969,2,44,2,1215,113
36.8984622996534,-1.38897447206992,476,1210.34777832031,45,27,10,1613,13,72,37,19,18.4137878417969,2,44,2,1215,113
36.8692958825529,-1.39105782610639,424,1222.35339355469,48,28,10,1613,14,70,34,18,18.4642162322998,1,60,5,1114,110
36.9067955616821,-1.39105782610639,483,1152.5673828125,44,26,10,1587,13,69,37,19,18.374979019165,9,-44,4,1460,108
36.9130455082036,-1.39105782610639,502,1170.41564941406,43,26,10,1604,12,72,39,18,18.364465713501,2,68,1,1253,107
36.8776291445816,-1.39314118014287,420,1194.19555664062,49,28,10,1597,15,67,33,18,18.4415225982666,7,47,4,1201,108
36.9276287167539,-1.39314118014287,502,1205.94152832031,44,26,10,1603,13,72,38,18,18.3345012664795,2,55,7,1111,112
36.9047122461749,-1.39522453417934,536,1152.5673828125,44,26,10,1587,13,69,37,19,18.374979019165,9,-44,4,1460,108
36.9109621926965,-1.39522453417934,478,1170.41564941406,43,26,10,1604,12,72,39,18,18.364465713501,2,68,1,1253,107
36.9151288237108,-1.39522453417934,455,1170.41564941406,43,26,10,1604,12,72,39,18,18.364465713501,2,68,1,1253,107
36.858879305017,-1.39730788821581,488,1253.37963867188,46,28,10,1621,13,68,35,19,18.5101375579834,2,23,5,710,109
36.8880457221175,-1.39730788821581,485,1163.91967773438,46,27,10,1583,17,69,34,20,18.4114589691162,9,-117,5,1696,113
36.8984622996534,-1.39730788821581,505,1149.5419921875,45,27,10,1598,13,68,36,19,18.3953952789307,5,75,2,1333,108
36.9234620857395,-1.39730788821581,468,1193.44226074219,44,26,10,1596,13,74,38,18,18.3528423309326,1,61,3,1198,113
36.8755458290744,-1.39939124225229,447,1205.09313964844,48,28,10,1571,16,65,33,19,18.451530456543,4,-79,7,1242,111
36.881795775596,-1.39939124225229,430,1142.88024902344,47,28,10,1591,15,67,34,19,18.4240341186523,9,57,1,1189,109
36.8859624066103,-1.39939124225229,490,1099.80712890625,46,28,10,1565,13,68,34,20,18.3958950042725,6,-85,6,1576,113
36.8984622996534,-1.39939124225229,568,1073.64379882812,46,27,10,1548,14,68,34,20,18.3744678497314,2,-67,0,1751,107
36.9192954547252,-1.39939124225229,532,1069.98559570312,43,26,40,1554,14,71,39,18,18.3221435546875,8,-42,1,1581,110
36.9297120322611,-1.39939124225229,603,1087.51354980469,44,26,40,1549,14,72,37,19,18.3053932189941,4,-110,3,1648,110
36.9359619787826,-1.39939124225229,605,1109.99389648438,44,27,40,1568,11,72,37,19,18.2948741912842,8,-23,1,1345,106
36.8734625135672,-1.40147459628876,442,1205.09313964844,48,28,10,1571,16,65,33,19,18.451530456543,4,-79,7,1242,111
36.8755458290744,-1.40147459628876,465,1205.09313964844,48,28,10,1571,16,65,33,19,18.451530456543,4,-79,7,1242,111
36.8901290376247,-1.40147459628876,567,1099.80712890625,46,28,10,1565,13,68,34,20,18.3958950042725,6,-85,6,1576,113
36.9276287167539,-1.40147459628876,596,1087.51354980469,44,26,40,1549,14,72,37,19,18.3053932189941,4,-110,3,1648,110
36.9338786632754,-1.40147459628876,652,1087.51354980469,44,26,40,1549,14,72,37,19,18.3053932189941,4,-110,3,1648,110
36.8901290376247,-1.40355795032524,520,1099.80712890625,46,28,10,1565,13,68,34,20,18.3958950042725,6,-85,6,1576,113
36.9005456151606,-1.40355795032524,551,1073.64379882812,46,27,10,1548,14,68,34,20,18.3744678497314,2,-67,0,1751,107
36.917212139218,-1.40355795032524,565,1051.87023925781,43,26,10,1549,14,71,38,20,18.3337993621826,8,-91,5,1830,106
36.8901290376247,-1.40564130436171,528,1099.80712890625,46,28,10,1565,13,68,34,20,18.3958950042725,6,-85,6,1576,113
36.8922123531319,-1.40564130436171,513,1099.80712890625,46,28,10,1565,13,68,34,20,18.3958950042725,6,-85,6,1576,113
36.8963789841462,-1.40564130436171,558,1073.64379882812,46,27,10,1548,14,68,34,20,18.3744678497314,2,-67,0,1751,107
36.9088788771893,-1.40564130436171,602,1054.14868164062,44,26,10,1544,13,69,36,20,18.3507976531982,3,-66,6,1919,108
36.917212139218,-1.40564130436171,593,1051.87023925781,43,26,10,1549,14,71,38,20,18.3337993621826,8,-91,5,1830,106
36.9047122461749,-1.40772465839819,618,1023.39166259766,44,27,10,1527,15,72,35,21,18.3466892242432,0,-115,6,2107,109
36.9255454012467,-1.40772465839819,573,967.978576660156,44,26,10,1538,13,71,36,20,18.3071575164795,2,-26,1,1883,111
36.9338786632754,-1.40772465839819,585,974.919921875,45,27,40,1534,14,72,36,20,18.2915306091309,4,-74,1,1928,112
36.9005456151606,-1.40980801243466,608,1068.2451171875,45,27,10,1542,12,70,35,21,18.3732566833496,3,-59,0,1700,111
36.9088788771893,-1.41189136647113,711,1023.39166259766,44,27,10,1527,15,72,35,21,18.3466892242432,0,-115,6,2107,109
36.9338786632754,-1.41189136647113,586,974.919921875,45,27,40,1534,14,72,36,20,18.2915306091309,4,-74,1,1928,112
36.9151288237108,-1.41397472050761,702,981.213745117188,44,27,10,1528,14,71,34,21,18.3228988647461,4,-81,2,2003,109
36.9359619787826,-1.41397472050761,575,1006.84564208984,46,27,40,1533,14,71,35,20,18.2785148620605,2,-66,1,1834,108
36.9213787702324,-1.41605807454408,687,951.266357421875,44,27,10,1522,13,72,34,21,18.3070526123047,1,-58,13,2134,112
36.9380452942898,-1.41605807454408,579,947.505920410156,45,28,40,1522,12,70,35,20,18.2736854553223,4,-64,0,2073,111
36.9213787702324,-1.41814142858056,670,951.266357421875,44,27,10,1522,13,72,34,21,18.3070526123047,1,-58,13,2134,112
36.9442952408113,-1.41814142858056,602,993.3427734375,45,27,130,1547,11,74,36,19,18.2637214660645,4,75,0,1757,112
36.9380452942898,-1.42022478261703,577,947.505920410156,45,28,40,1522,12,70,35,20,18.2736854553223,4,-64,0,2073,111
36.9151288237108,-1.42230813665351,581,1009.57604980469,44,27,10,1523,11,69,35,20,18.331823348999,1,-65,2,2150,110
36.9255454012467,-1.42230813665351,648,951.266357421875,44,27,10,1522,13,72,34,21,18.3070526123047,1,-58,13,2134,112
36.9442952408113,-1.42230813665351,555,993.3427734375,45,27,130,1547,11,74,36,19,18.2637214660645,4,75,0,1757,112
36.9484618718257,-1.42230813665351,550,993.3427734375,45,27,130,1547,11,74,36,19,18.2637214660645,4,75,0,1757,112
36.940128609797,-1.42439149068998,570,961.655578613281,45,28,10,1515,11,70,35,21,18.278621673584,0,-69,0,2134,112
36.9484618718257,-1.42439149068998,531,965.161743164062,45,27,10,1533,11,69,36,20,18.2614593505859,2,38,0,1903,111
36.95262850284,-1.42647484472645,506,966.648376464844,44,27,130,1522,11,71,37,19,18.2438850402832,4,12,0,2077,115
36.9463785563185,-1.4306415527994,552,965.161743164062,45,27,10,1533,11,69,36,20,18.2614593505859,2,38,0,1903,111
36.9547118183472,-1.43480826087235,596,921.12939453125,44,27,10,1513,10,70,35,21,18.2520408630371,2,-41,0,2198,114
36.9567951338544,-1.43480826087235,594,921.12939453125,44,27,10,1513,10,70,35,21,18.2520408630371,2,-41,0,2198,114
