"X","Y","k","annual_precip","clay","h20cap_pf2_0","h20cap_pf2_3","h20cap_pf2_5","land_cover","land_elevation","occ","ph20","sand","silt","temp_annual_range","terrain_slope","topo_pst_index","tree_cover","valley_depth","wet_index"
34.5880699526246,1.13603505185357,402,1618.56066894531,0,0,0,0,30,3913,140,57,0,0,17.5462207794189,14,647,39,-667,75
34.5859866192946,1.13395171852357,404,1573.68542480469,20,22,22,22,30,3841,139,57,47,34,17.4913291931152,23,-43,54,-1001,74
34.5797366193046,1.13186838519357,407,1469.51123046875,0,0,0,0,120,3714,153,57,0,0,17.539363861084,18,-572,53,505,78
34.5964032859446,1.12770171853357,409,1691.86999511719,20,21,21,21,30,3984,121,57,47,34,17.4548072814941,20,384,55,-3432,69
34.6026532859346,1.11728505188357,443,1810.88464355469,19,21,21,21,90,3912,130,56,48,33,17.3739757537842,14,-49,56,-5029,71
34.5901532859546,1.11311838522357,429,1672.49523925781,18,22,22,22,30,4053,138,57,48,34,17.3639030456543,8,276,36,-3757,68
34.5880699526246,1.11103505189357,416,1672.49523925781,18,22,22,22,30,4053,138,57,48,34,17.3639030456543,8,276,36,-3757,68
34.5922366192846,1.11103505189357,426,1672.49523925781,18,22,22,22,30,4053,138,57,48,34,17.3639030456543,8,276,36,-3757,68
34.6047366192646,1.11103505189357,441,1810.88464355469,19,21,21,21,90,3912,130,56,48,33,17.3739757537842,14,-49,56,-5029,71
34.5943199526146,1.10895171856357,448,1801.77294921875,18,22,22,22,30,4015,126,56,49,34,17.3401031494141,21,282,47,-4332,67
34.5818199526346,1.10478505190357,392,1694.96801757812,18,22,22,22,30,4166,115,60,49,33,17.3265647888184,14,615,15,-3767,83
34.6109866192546,1.10478505190357,362,1847.59399414062,18,22,22,22,30,3753,92,62,48,33,17.4790077209473,18,-72,38,-4325,73
34.5422366193646,1.10270171857357,470,1711.05322265625,18,22,22,22,10,4175,63,60,48,34,17.2615146636963,14,415,24,-1251,72
34.5484866193546,1.10270171857357,465,1691.73388671875,0,0,0,0,110,4167,67,60,0,0,17.2793617248535,18,317,27,-1270,75
34.5359866193746,1.10061838524357,435,1647.03857421875,19,21,21,21,30,4046,65,59,48,33,17.267635345459,18,68,17,60,75
34.5630699526646,1.10061838524357,445,1742.11865234375,18,22,22,22,30,4129,59,59,49,34,17.2752590179443,19,421,20,-1887,69
34.5401532860346,1.09853505191357,458,1647.03857421875,19,21,21,21,30,4046,65,59,48,33,17.267635345459,18,68,17,60,75
34.5505699526846,1.09853505191357,498,1700.4482421875,18,21,21,21,30,4159,66,60,48,34,17.2602291107178,16,427,19,-739,72
34.5734866193146,1.09853505191357,388,1755.97473144531,17,22,22,22,30,4219,86,60,49,34,17.2879867553711,18,830,15,-1269,69
34.6234866192346,1.09853505191357,380,1883.62915039062,20,20,20,20,120,3608,106,61,48,32,17.5583324432373,16,102,37,-3707,75
34.5339032860446,1.09645171858357,469,1588.50354003906,20,21,21,21,30,4052,90,60,47,33,17.2910499572754,28,17,20,2086,74
34.5693199526546,1.09645171858357,462,1755.97473144531,17,22,22,22,30,4219,86,60,49,34,17.2879867553711,18,830,15,-1269,69
34.5943199526146,1.09645171858357,425,1823.12109375,18,21,21,21,120,3888,105,61,49,33,17.3570079803467,24,-174,26,-2896,70
34.6109866192546,1.09645171858357,463,1862.29565429688,19,21,21,21,180,3743,79,62,48,33,17.5114059448242,11,15,21,-3691,72
34.5255699527246,1.09436838525357,477,1527.48132324219,20,21,21,21,180,3904,64,61,47,33,17.2812576293945,14,-311,14,2278,74
34.5776532859746,1.09436838525357,431,1777.20642089844,17,22,22,22,30,4090,64,60,49,34,17.2961101531982,19,345,21,-2361,66
34.6214032859046,1.09436838525357,401,1883.62915039062,20,20,20,20,120,3608,106,61,48,32,17.5583324432373,16,102,37,-3707,75
34.5193199527346,1.09228505192357,494,1459.88598632812,23,20,20,20,30,3921,61,59,45,32,17.3468589782715,16,86,8,2799,78
34.5234866193946,1.09228505192357,487,1459.88598632812,23,20,20,20,30,3921,61,59,45,32,17.3468589782715,16,86,8,2799,78
34.5276532860546,1.09228505192357,476,1506.11853027344,22,20,20,20,30,3986,50,59,47,32,17.3125877380371,21,359,17,1361,72
34.5672366193246,1.09228505192357,453,1762.15881347656,19,22,22,22,120,3992,52,60,48,33,17.2794914245605,11,-103,15,544,70
34.5859866192946,1.09228505192357,450,1823.7626953125,18,22,22,22,120,3874,66,60,49,33,17.3548336029053,27,-243,18,-1429,71
34.5776532859746,1.09020171859357,444,1807.57116699219,19,21,21,21,180,4043,58,61,48,33,17.3042984008789,27,311,14,-1144,69
34.5630699526646,1.08811838526357,497,1762.15881347656,19,22,22,22,120,3992,52,60,48,33,17.2794914245605,11,-103,15,544,70
34.6214032859046,1.08811838526357,402,1900.50012207031,20,20,20,20,180,3526,93,62,48,32,17.5655117034912,23,69,27,-3291,72
34.6234866192346,1.08811838526357,402,1900.50012207031,20,20,20,20,180,3526,93,62,48,32,17.5655117034912,23,69,27,-3291,72
34.6380699525446,1.08811838526357,344,1929.56970214844,24,19,19,19,30,3247,41,61,44,33,17.601261138916,11,-512,29,-2662,79
34.6484866191946,1.08603505193357,341,1944.63024902344,24,19,19,19,30,3207,26,63,43,33,17.6102294921875,13,-343,21,-3277,80
34.5339032860446,1.08395171860357,471,1493.02905273438,24,20,20,20,30,3810,48,61,43,32,17.3714122772217,20,-195,13,3372,74
34.5901532859546,1.08395171860357,432,1840.54992675781,20,21,21,21,180,3849,57,62,46,34,17.4240283966064,17,177,14,-269,72
34.6047366192646,1.08395171860357,376,1876.66638183594,21,21,21,21,180,3643,85,62,45,34,17.5264072418213,14,-118,16,-1547,75
34.6130699525846,1.08395171860357,428,1897.45483398438,21,21,21,21,180,3610,85,62,46,34,17.5518398284912,15,124,18,-2718,73
34.6297366192246,1.08395171860357,387,1933.00756835938,22,19,19,19,30,3318,52,62,45,33,17.5900192260742,12,-282,29,-2486,74
34.5401532860346,1.07978505194357,511,1542.18395996094,24,20,20,20,120,3923,56,60,44,33,17.3626956939697,12,202,17,3187,76
34.5672366193246,1.07978505194357,479,1755.00268554688,22,21,21,21,180,3908,56,61,45,34,17.329948425293,15,42,7,2017,72
34.5943199526146,1.07978505194357,407,1858.05004882812,21,21,21,21,30,3757,73,63,45,34,17.4846000671387,12,-47,11,-1095,75
34.6130699525846,1.07978505194357,446,1897.45483398438,21,21,21,21,180,3610,85,62,46,34,17.5518398284912,15,124,18,-2718,73
34.6214032859046,1.07978505194357,446,1918.00048828125,20,20,20,20,180,3479,59,62,46,34,17.5715103149414,22,13,19,-2694,69
34.6297366192246,1.07978505194357,358,1933.00756835938,22,19,19,19,30,3318,52,62,45,33,17.5900192260742,12,-282,29,-2486,74
34.5568199526746,1.07770171861357,510,1696.84851074219,22,21,21,21,180,3966,55,60,45,33,17.31471824646,12,280,18,2103,70
34.5797366193046,1.07770171861357,422,1818.31213378906,20,21,21,21,120,3898,49,60,46,33,17.3579502105713,10,268,15,120,69
34.6339032858846,1.07770171861357,357,1933.00756835938,22,19,19,19,30,3318,52,62,45,33,17.5900192260742,12,-282,29,-2486,74
34.6401532858746,1.07561838528357,356,1953.70971679688,25,18,18,18,90,3207,32,64,41,34,17.6070289611816,15,-187,18,-2928,79
34.5839032859646,1.06936838529357,478,1824.34265136719,22,20,20,20,180,3755,52,62,44,34,17.4402656555176,23,4,18,1195,71
34.5922366192846,1.06936838529357,447,1856.85266113281,21,20,20,20,180,3784,49,62,44,35,17.4677352905273,11,349,17,-508,69
34.6214032859046,1.06936838529357,431,1933.83276367188,23,20,20,20,180,3423,47,63,42,35,17.5767440795898,11,-17,11,-2110,75
34.6234866192346,1.06936838529357,434,1933.83276367188,23,20,20,20,180,3423,47,63,42,35,17.5767440795898,11,-17,11,-2110,75
34.5339032860446,1.06728505196357,621,1547.46618652344,25,19,19,19,30,3648,56,60,42,33,17.4966640472412,10,52,8,3266,78
34.5818199526346,1.06728505196357,525,1825.16333007812,25,20,20,20,120,3581,69,63,42,33,17.5172367095947,20,-357,15,2099,76
34.6505699525246,1.06728505196357,366,1972.39343261719,26,18,18,18,180,3156,19,63,39,35,17.6160430908203,10,-270,47,-2746,83
34.5984866192746,1.06520171863357,460,1895.88781738281,22,20,20,20,180,3600,60,64,43,35,17.5419883728027,15,159,15,-111,71
34.6130699525846,1.06520171863357,453,1931.14611816406,25,19,19,19,180,3434,49,63,41,34,17.5684585571289,9,-76,24,-1034,77
34.6151532859146,1.06520171863357,449,1931.14611816406,25,19,19,19,180,3434,49,63,41,34,17.5684585571289,9,-76,24,-1034,77
34.6172366192446,1.06520171863357,438,1931.14611816406,25,19,19,19,180,3434,49,63,41,34,17.5684585571289,9,-76,24,-1034,77
34.6255699525646,1.06520171863357,426,1945.65258789062,25,19,19,19,180,3382,39,64,40,34,17.5804538726807,6,-23,30,-1630,78
34.5047366194246,1.06311838530357,534,1461.93566894531,22,21,21,21,30,3551,56,63,43,35,17.4944972991943,20,-259,29,4128,82
34.6068199525946,1.06311838530357,448,1914.88854980469,24,20,20,20,30,3489,58,63,42,35,17.5564060211182,11,-31,19,-489,75
34.6443199525346,1.06311838530357,394,1972.39343261719,26,18,18,18,180,3156,19,63,39,35,17.6160430908203,10,-270,47,-2746,83
34.5297366193846,1.06103505197357,523,1547.46618652344,25,19,19,19,30,3648,56,60,42,33,17.4966640472412,10,52,8,3266,78
34.6130699525846,1.06103505197357,461,1931.14611816406,25,19,19,19,180,3434,49,63,41,34,17.5684585571289,9,-76,24,-1034,77
34.5193199527346,1.05895171864357,507,1563.05151367188,24,20,20,20,30,3528,58,62,42,34,17.5007190704346,15,170,13,3043,81
34.6401532858746,1.05895171864357,428,1969.16662597656,27,18,18,18,30,3319,34,64,38,35,17.6036605834961,16,265,39,-2656,92
34.5734866193146,1.05686838531357,561,1813.1552734375,25,20,20,20,90,3563,59,63,41,34,17.5295085906982,21,130,16,3205,75
34.5964032859446,1.05686838531357,528,1905.24755859375,23,19,19,19,30,3440,39,63,43,34,17.5503807067871,10,-142,19,831,75
34.6068199525946,1.05478505198357,491,1926.75854492188,25,19,19,19,30,3440,36,63,41,34,17.5604686737061,9,-9,18,-236,76
34.6214032859046,1.05478505198357,426,1952.97814941406,25,18,18,18,180,3332,33,64,41,34,17.5815906524658,4,-82,21,-1330,79
34.6359866192146,1.05270171865356,433,1969.16662597656,27,18,18,18,30,3319,34,64,38,35,17.6036605834961,16,265,39,-2656,92
34.6339032858846,1.05061838532356,425,1967.29711914062,26,18,18,18,11,3266,27,61,40,35,17.5912933349609,8,-83,21,-1498,83
34.5068199527546,1.04853505199356,473,1542.2734375,20,20,20,20,30,3530,61,62,45,35,17.4916172027588,22,422,22,3131,78
34.5755699526446,1.04853505199356,520,1845.04528808594,25,19,19,19,30,3525,50,64,42,33,17.532169342041,15,269,17,3545,76
34.6568199525146,1.04853505199356,361,2006.69995117188,29,17,17,17,90,3203,31,61,38,33,17.6173419952393,5,319,20,-3103,86
34.5943199526146,1.04645171866356,472,1906.06396484375,26,18,18,18,30,3449,23,63,41,33,17.5555000305176,3,175,19,766,82
34.5984866192746,1.04645171866356,536,1906.06396484375,26,18,18,18,30,3449,23,63,41,33,17.5555000305176,3,175,19,766,82
34.5005699527646,1.04436838533356,481,1540.15698242188,19,20,20,20,30,3246,32,58,45,35,17.486665725708,23,-799,46,4608,79
34.6047366192646,1.04436838533356,488,1930.95104980469,25,18,18,18,180,3382,29,63,41,34,17.5636043548584,6,-35,17,147,79
34.6464032858646,1.04436838533356,399,1991.39196777344,28,18,18,18,180,3255,30,62,39,34,17.609037399292,6,253,21,-2925,91
34.6526532858546,1.04436838533356,397,2006.69995117188,29,17,17,17,90,3203,31,61,38,33,17.6173419952393,5,319,20,-3103,86
34.5130699527446,1.04228505200356,532,1569.47814941406,23,20,20,20,30,3284,39,60,44,34,17.4965724945068,27,-381,33,4805,77
34.5922366192846,1.04228505200356,519,1870.2607421875,25,18,18,18,30,3332,34,64,42,33,17.5517864227295,15,-240,27,2236,83
34.5984866192746,1.04228505200356,483,1898.81262207031,25,18,18,18,90,3322,32,62,41,34,17.5576438903809,7,-13,32,1320,85
34.6047366192646,1.04228505200356,490,1926.04455566406,25,18,18,18,90,3342,32,61,41,34,17.565034866333,9,43,28,608,82
34.6401532858746,1.04228505200356,380,1988.15771484375,28,18,18,18,90,3207,30,61,39,34,17.598237991333,12,-54,45,-1735,85
34.6172366192446,1.04020171867356,398,1946.22448730469,25,18,18,18,30,3395,23,62,42,34,17.5722904205322,10,389,28,0,81
34.6089032859246,1.03811838534356,389,1926.04455566406,25,18,18,18,90,3342,32,61,41,34,17.565034866333,9,43,28,608,82
34.6276532858946,1.03811838534356,410,1974.73278808594,27,18,18,18,30,3288,28,63,39,34,17.5900382995605,13,76,31,-1176,85
34.6464032858646,1.03811838534356,361,2004.01806640625,29,18,18,18,30,3176,26,61,38,33,17.606632232666,8,31,55,-1969,85
34.5193199527346,1.03603505201356,514,1594.21118164062,22,19,19,19,30,3402,40,62,42,36,17.501501083374,16,278,16,3180,82
34.5964032859446,1.03603505201356,441,1898.81262207031,25,18,18,18,90,3322,32,62,41,34,17.5576438903809,7,-13,32,1320,85
34.6651532858346,1.03603505201356,348,2033.53869628906,28,18,18,18,90,3096,29,60,41,31,17.6153354644775,19,263,50,-2677,79
34.5484866193546,1.03395171868356,504,1606.29736328125,23,19,19,19,30,3372,23,63,42,35,17.5183067321777,4,171,16,2823,85
34.5984866192746,1.03395171868356,432,1887.54431152344,24,18,18,18,120,3316,34,62,42,34,17.5597763061523,15,177,19,970,87
34.6089032859246,1.03395171868356,406,1910.67175292969,26,18,18,18,30,3221,29,62,40,34,17.5671291351318,10,-127,52,1347,84
34.5151532860746,1.03186838535356,495,1538.23474121094,22,20,20,20,30,3186,29,58,44,34,17.4968223571777,25,-441,29,5067,78
34.4984866194346,1.02978505202356,438,1539.32336425781,22,20,20,20,11,3192,35,59,42,36,17.4860076904297,25,-357,96,5229,81
34.5172366194046,1.02978505202356,493,1538.23474121094,22,20,20,20,30,3186,29,58,44,34,17.4968223571777,25,-441,29,5067,78
34.5484866193546,1.02978505202356,463,1606.29736328125,23,19,19,19,30,3372,23,63,42,35,17.5183067321777,4,171,16,2823,85
34.5505699526846,1.02978505202356,480,1606.29736328125,23,19,19,19,30,3372,23,63,42,35,17.5183067321777,4,171,16,2823,85
34.6547366191846,1.02978505202356,366,2032.02209472656,28,17,17,17,90,3025,35,57,41,31,17.6110553741455,11,-395,58,-854,85
34.4984866194346,1.02770171869356,427,1539.32336425781,22,20,20,20,11,3192,35,59,42,36,17.4860076904297,25,-357,96,5229,81
34.6297366192246,1.02770171869356,370,1981.72424316406,26,18,18,18,90,3274,25,60,40,34,17.5882091522217,6,328,17,65,83
34.6589032858446,1.02770171869356,344,2032.02209472656,28,17,17,17,90,3025,35,57,41,31,17.6110553741455,11,-395,58,-854,85
34.5443199526946,1.02561838536356,468,1649.17614746094,23,19,19,19,180,3368,28,64,41,36,17.5155181884766,8,327,15,2051,92
34.5964032859446,1.02561838536356,457,1887.4765625,26,18,18,18,120,3294,23,61,41,34,17.5614204406738,10,305,34,1260,85
34.6214032859046,1.02561838536356,362,1938.50988769531,26,18,18,18,30,3121,22,60,42,32,17.581470489502,17,-285,84,1191,81
34.6255699525646,1.02561838536356,377,1938.50988769531,26,18,18,18,30,3121,22,60,42,32,17.581470489502,17,-285,84,1191,81
34.6755699524846,1.02561838536356,357,2068.79321289062,28,18,18,18,50,2812,44,55,41,32,17.5836658477783,18,-418,87,-1190,86
34.5318199527146,1.02353505203356,533,1507.96118164062,21,20,20,20,90,3213,25,60,41,37,17.5072689056396,11,-145,17,3752,88
34.5464032860246,1.02353505203356,485,1649.17614746094,23,19,19,19,180,3368,28,64,41,36,17.5155181884766,8,327,15,2051,92
34.5151532860746,1.02145171870356,484,1491.89868164062,23,20,20,20,90,3073,26,56,43,35,17.4938335418701,17,-580,88,5370,79
34.5214032860646,1.02145171870356,417,1513.88610839844,22,20,20,20,11,3293,37,59,42,36,17.4992351531982,7,449,18,3231,79
34.5526532860146,1.02145171870356,501,1784.03308105469,23,20,20,20,30,3328,27,64,42,35,17.5200214385986,4,-19,16,2080,85
34.6318199525546,1.02145171870356,370,1977.51147460938,26,18,18,18,30,3187,27,59,43,32,17.5880794525146,14,134,48,176,78
34.6214032859046,1.01936838537356,356,1938.50988769531,26,18,18,18,30,3121,22,60,42,32,17.581470489502,17,-285,84,1191,81
34.5318199527146,1.01728505204356,425,1531.48583984375,22,21,21,21,30,3279,35,60,42,36,17.5033073425293,21,370,24,2702,93
34.5464032860246,1.01728505204356,456,1714.10546875,22,19,19,19,30,3339,36,62,41,36,17.5122299194336,7,432,17,1657,83
34.5526532860146,1.01728505204356,474,1826.3154296875,23,19,19,19,30,3244,25,61,42,35,17.5189342498779,19,-48,46,1816,80
34.5589032860046,1.01728505204356,492,1826.3154296875,23,19,19,19,30,3244,25,61,42,35,17.5189342498779,19,-48,46,1816,80
34.6234866192346,1.01728505204356,359,1932.44641113281,26,18,18,18,90,3075,22,59,41,34,17.5764503479004,8,-189,56,1717,88
34.6255699525646,1.01728505204356,347,1932.44641113281,26,18,18,18,90,3075,22,59,41,34,17.5764503479004,8,-189,56,1717,88
34.6151532859146,1.01520171871356,321,1916.37902832031,26,18,18,18,90,3116,29,58,40,35,17.5752201080322,4,-1,15,1528,90
34.6526532858546,1.01520171871356,369,2046.35180664062,27,19,19,19,30,3062,30,58,41,32,17.5969219207764,4,254,13,124,83
34.5901532859546,1.01311838538356,418,1922.29541015625,25,18,18,18,11,3162,27,60,41,34,17.5531406402588,14,-147,31,1963,83
34.5943199526146,1.01311838538356,354,1898.8779296875,26,17,17,17,30,3096,20,61,40,34,17.5599403381348,18,-376,97,2102,84
34.6464032858646,1.01311838538356,329,2022.71423339844,26,19,19,19,90,2977,35,57,41,33,17.593448638916,27,-320,97,913,81
34.5172366194046,1.01103505205356,468,1467.76989746094,23,20,20,20,10,3007,31,55,41,36,17.4780158996582,17,-552,93,5379,79
34.5797366193046,1.01103505205356,459,1954.23193359375,24,19,19,19,90,3248,34,61,40,36,17.5408000946045,16,142,41,1107,78
34.6505699525246,1.01103505205356,317,2022.71423339844,26,19,19,19,90,2977,35,57,41,33,17.593448638916,27,-320,97,913,81
34.6630699525046,1.01103505205356,346,2067.244140625,28,18,18,18,10,3045,36,57,40,31,17.5907592773438,6,386,13,-434,88
34.4984866194346,1.00895171872356,386,1575.51501464844,23,20,20,20,90,3068,51,55,42,36,17.4494609832764,10,282,98,4747,84
34.6380699525446,1.00895171872356,332,1997.490234375,26,19,19,19,90,2968,24,56,42,32,17.5746269226074,28,-185,97,1097,84
34.6505699525246,1.00895171872356,309,2007.86181640625,26,19,19,19,90,2916,33,56,42,32,17.5723361968994,7,-175,80,1330,84
34.6776532858146,1.00895171872356,317,2092.78979492188,30,18,18,18,90,2836,34,54,41,29,17.5647430419922,17,82,60,-1673,77
34.5318199527146,1.00686838539356,385,1585.09240722656,23,20,20,20,90,3283,35,58,42,35,17.4969844818115,21,740,18,1674,87
34.6276532858946,1.00686838539356,370,1983.66357421875,27,19,19,19,30,3022,22,56,40,34,17.5689239501953,8,-163,75,1509,87
34.5130699527446,1.00478505206356,387,1471.01342773438,23,19,19,19,90,2931,33,56,42,35,17.4561805725098,18,-475,69,5433,81
34.5839032859646,1.00478505206356,517,1968.23120117188,24,18,18,18,30,3238,31,60,40,36,17.5401229858398,23,373,31,518,79
34.6047366192646,1.00478505206356,316,1922.4462890625,26,18,18,18,30,3080,25,58,41,33,17.5614948272705,9,-14,60,1752,88
34.6109866192546,1.00478505206356,351,1946.35327148438,26,19,19,19,30,3075,26,58,41,33,17.5684547424316,7,106,60,1519,95
34.5214032860646,1.00270171873356,426,1507.84765625,24,20,20,20,10,3073,43,54,41,35,17.4824542999268,27,-104,81,3941,75
34.5318199527146,1.00270171873356,395,1585.09240722656,23,20,20,20,90,3283,35,58,42,35,17.4969844818115,21,740,18,1674,87
34.5339032860446,1.00270171873356,410,1585.09240722656,23,20,20,20,90,3283,35,58,42,35,17.4969844818115,21,740,18,1674,87
34.5547366193446,1.00270171873356,432,1855.33825683594,23,20,20,20,30,3241,27,60,41,36,17.5176239013672,12,69,35,1293,80
34.5589032860046,1.00270171873356,437,1855.33825683594,23,20,20,20,30,3241,27,60,41,36,17.5176239013672,12,69,35,1293,80
34.6214032859046,1.00270171873356,359,1964.42456054688,26,19,19,19,30,3083,33,58,41,34,17.5693035125732,9,132,31,1181,93
34.6380699525446,1.00270171873356,314,1997.490234375,26,19,19,19,90,2968,24,56,42,32,17.5746269226074,28,-185,97,1097,84
34.5068199527546,1.00061838540356,427,1527.7099609375,23,20,20,20,10,2988,44,54,42,35,17.4273624420166,8,187,67,4993,83
34.5380699527046,1.00061838540356,435,1688.36364746094,21,20,20,20,90,3082,37,56,43,36,17.4977588653564,31,-462,97,2258,79
34.6734866191546,1.00061838540356,353,2087.67919921875,28,18,18,18,10,2955,37,55,42,31,17.5714092254639,15,501,59,-2028,82
34.5589032860046,0.998535052073562,429,1866.76831054688,22,20,20,20,30,3137,19,60,42,36,17.5140075683594,10,-220,30,971,84
34.6068199525946,0.998535052073562,351,1923.11791992188,26,18,18,18,11,2974,33,56,42,33,17.5426692962646,32,-362,97,1639,87
34.6776532858146,0.998535052073562,306,2099.10424804688,29,18,18,18,90,2838,29,54,41,30,17.5581550598145,14,33,91,-1359,80
34.6443199525346,0.996451718743562,300,2003.34094238281,26,19,19,19,30,2803,25,56,43,32,17.5492649078369,18,-422,98,1758,86
34.6568199525146,0.996451718743562,305,2023.81323242188,26,19,19,19,11,2863,34,56,42,32,17.5573921203613,23,-221,97,467,86
34.6609866191746,0.996451718743562,301,2059.67358398438,27,19,19,19,90,2906,42,54,42,32,17.5672302246094,21,44,77,-713,83
34.6734866191546,0.996451718743562,327,2087.67919921875,28,18,18,18,10,2955,37,55,42,31,17.5714092254639,15,501,59,-2028,82
34.6964032857845,0.996451718743562,294,2093.25610351562,33,18,18,18,10,2631,42,55,37,30,17.5438079833984,4,-213,31,-1685,86
34.5068199527546,0.994368385413562,434,1527.7099609375,23,20,20,20,10,2988,44,54,42,35,17.4273624420166,8,187,67,4993,83
34.5922366192846,0.994368385413562,381,1938.84777832031,23,19,19,19,30,3070,29,59,42,34,17.5390567779541,13,5,35,1601,86
34.6130699525846,0.994368385413562,355,1948.23315429688,25,19,19,19,11,3086,37,56,42,33,17.5520038604736,13,293,70,816,89
34.6526532858546,0.994368385413562,304,2023.81323242188,26,19,19,19,11,2863,34,56,42,32,17.5573921203613,23,-221,97,467,86
34.6609866191746,0.994368385413562,318,2059.67358398438,27,19,19,19,90,2906,42,54,42,32,17.5672302246094,21,44,77,-713,83
34.6943199524545,0.994368385413562,310,2093.25610351562,33,18,18,18,10,2631,42,55,37,30,17.5438079833984,4,-213,31,-1685,86
34.4964032861046,0.992285052083562,447,1568.2705078125,24,19,19,19,10,2911,58,54,40,36,17.3814811706543,14,157,93,5144,86
34.5422366193646,0.992285052083562,396,1684.69360351562,22,20,20,20,90,3020,41,55,43,36,17.4737968444824,32,-493,96,2457,81
34.5526532860146,0.992285052083562,413,1867.71716308594,21,20,20,20,30,3076,22,59,43,36,17.5015716552734,12,-229,18,996,87
34.5547366193446,0.992285052083562,406,1867.71716308594,21,20,20,20,30,3076,22,59,43,36,17.5015716552734,12,-229,18,996,87
34.5755699526446,0.992285052083562,391,1939.91430664062,23,19,19,19,90,3114,30,56,43,35,17.513786315918,27,205,54,964,83
34.5776532859746,0.992285052083562,423,1902.97509765625,23,18,18,18,120,2982,31,56,43,33,17.502571105957,14,-439,64,1563,80
34.6026532859346,0.992285052083562,345,1927.00305175781,25,19,19,19,30,2974,38,55,42,33,17.5214977264404,30,87,62,1710,88
34.6109866192546,0.992285052083562,338,1915.88757324219,25,19,19,19,90,2951,28,55,41,33,17.5198707580566,20,-176,92,1202,88
34.6901532857945,0.992285052083562,308,2097.80249023438,32,18,18,18,90,2706,38,55,38,31,17.5422897338867,8,-124,44,-1418,88
34.4922366194446,0.990201718753562,411,1616.03100585938,23,20,20,20,10,2793,63,54,39,37,17.3674163818359,7,-418,69,6147,87
34.5839032859646,0.990201718753562,400,1902.97509765625,23,18,18,18,120,2982,31,56,43,33,17.502571105957,14,-439,64,1563,80
34.6297366192246,0.990201718753562,339,2010.33911132812,26,19,19,19,90,2983,31,55,43,32,17.5393753051758,10,74,97,158,87
34.6922366191245,0.990201718753562,305,2097.80249023438,32,18,18,18,90,2706,38,55,38,31,17.5422897338867,8,-124,44,-1418,88
34.5026532860946,0.988118385423562,379,1509.35534667969,24,20,20,20,90,2867,54,56,41,35,17.3849964141846,25,-116,57,5124,84
34.5818199526346,0.988118385423562,394,1902.97509765625,23,18,18,18,120,2982,31,56,43,33,17.502571105957,14,-439,64,1563,80
34.5068199527546,0.986035052093562,389,1509.35534667969,24,20,20,20,90,2867,54,56,41,35,17.3849964141846,25,-116,57,5124,84
34.5089032860846,0.986035052093562,375,1509.35534667969,24,20,20,20,90,2867,54,56,41,35,17.3849964141846,25,-116,57,5124,84
34.5568199526746,0.986035052093562,386,1867.71716308594,21,20,20,20,30,3076,22,59,43,36,17.5015716552734,12,-229,18,996,87
34.6276532858946,0.986035052093562,306,2010.33911132812,26,19,19,19,90,2983,31,55,43,32,17.5393753051758,10,74,97,158,87
34.6693199524946,0.986035052093562,324,2070.75659179688,29,18,18,18,90,2857,38,56,40,31,17.5433616638184,5,205,42,-1641,85
34.5547366193446,0.983951718763562,371,1874.90393066406,22,20,20,20,30,3065,20,57,44,35,17.4841747283936,4,5,28,944,88
34.5568199526746,0.983951718763562,380,1874.90393066406,22,20,20,20,30,3065,20,57,44,35,17.4841747283936,4,5,28,944,88
34.5589032860046,0.983951718763562,403,1874.90393066406,22,20,20,20,30,3065,20,57,44,35,17.4841747283936,4,5,28,944,88
34.5984866192746,0.983951718763562,333,1935.013671875,24,19,19,19,90,2991,29,55,43,33,17.5080337524414,16,211,91,1023,93
34.6109866192546,0.983951718763562,319,1893.12780761719,26,19,19,19,90,2884,40,54,42,33,17.5027332305908,29,6,97,788,88
34.6359866192146,0.983951718763562,328,2052.76000976562,27,18,18,18,90,2926,37,54,40,33,17.5321235656738,8,130,56,182,96
34.6380699525446,0.983951718763562,346,2052.76000976562,27,18,18,18,90,2926,37,54,40,33,17.5321235656738,8,130,56,182,96
34.6401532858746,0.983951718763562,354,2052.76000976562,27,18,18,18,90,2926,37,54,40,33,17.5321235656738,8,130,56,182,96
34.6484866191946,0.983951718763562,318,2065.5859375,28,18,18,18,90,2895,29,54,41,31,17.5295372009277,13,3,79,-312,90
34.6505699525246,0.983951718763562,292,2065.5859375,28,18,18,18,90,2895,29,54,41,31,17.5295372009277,13,3,79,-312,90
34.5714032859846,0.981868385433562,424,1925.81640625,23,19,19,19,11,3079,23,58,43,34,17.4957847595215,14,371,51,1078,82
34.5734866193146,0.981868385433562,455,1925.81640625,23,19,19,19,11,3079,23,58,43,34,17.4957847595215,14,371,51,1078,82
34.6380699525446,0.981868385433562,347,2052.76000976562,27,18,18,18,90,2926,37,54,40,33,17.5321235656738,8,130,56,182,96
34.6443199525346,0.981868385433562,328,2065.5859375,28,18,18,18,90,2895,29,54,41,31,17.5295372009277,13,3,79,-312,90
34.6526532858546,0.981868385433562,293,2060.6005859375,28,18,18,18,90,2817,38,56,40,32,17.5278968811035,10,41,90,-299,92
34.5005699527646,0.979785052103562,391,1552.9150390625,25,20,20,20,10,2836,47,54,40,35,17.3523197174072,6,123,50,5364,89
34.5214032860646,0.979785052103562,390,1583.14086914062,25,19,19,19,90,2943,55,55,41,34,17.415922164917,14,-17,95,3386,81
34.5401532860346,0.979785052103562,412,1680.65441894531,22,19,19,19,90,2989,46,54,42,36,17.4500122070312,8,93,54,2367,84
34.5484866193546,0.979785052103562,385,1758.50805664062,21,20,20,20,30,3081,29,56,43,36,17.4702224731445,8,312,42,731,83
34.6276532858946,0.979785052103562,300,1990.36706542969,26,19,19,19,10,2908,41,54,42,33,17.5247745513916,7,-15,14,674,93
34.6964032857845,0.979785052103562,324,2098.30981445312,34,17,17,17,10,2692,45,55,37,29,17.5381908416748,14,111,65,-2614,93
34.7026532857745,0.979785052103562,316,2099.76098632812,36,17,17,17,90,2629,34,55,36,28,17.5361099243164,10,-15,94,-2572,91
34.7089032857645,0.979785052103562,334,2099.76098632812,36,17,17,17,90,2629,34,55,36,28,17.5361099243164,10,-15,94,-2572,91
34.5547366193446,0.977701718773562,386,1874.90393066406,22,20,20,20,30,3065,20,57,44,35,17.4841747283936,4,5,28,944,88
34.5714032859846,0.977701718773562,424,1925.81640625,23,19,19,19,11,3079,23,58,43,34,17.4957847595215,14,371,51,1078,82
34.5984866192746,0.977701718773562,312,1935.013671875,24,19,19,19,90,2991,29,55,43,33,17.5080337524414,16,211,91,1023,93
34.6359866192146,0.977701718773562,368,2052.76000976562,27,18,18,18,90,2926,37,54,40,33,17.5321235656738,8,130,56,182,96
34.6818199524745,0.977701718773562,324,2074.43090820312,31,18,18,18,90,2753,31,55,38,32,17.5291576385498,13,-129,93,-1410,90
34.4901532861146,0.975618385443562,445,1610.55419921875,25,20,20,20,10,2683,59,54,39,37,17.3130321502686,21,-388,72,6336,87
34.5026532860946,0.975618385443562,399,1535.77294921875,25,20,20,20,10,2698,61,53,40,35,17.3384876251221,12,-391,74,5851,87
34.5401532860346,0.975618385443562,411,1672.84973144531,23,19,19,19,90,2826,52,52,42,35,17.4148464202881,32,-638,94,2842,82
34.5547366193446,0.975618385443562,395,1867.86682128906,22,20,20,20,90,3023,23,54,44,35,17.4590797424316,8,265,45,932,86
34.6026532859346,0.975618385443562,305,1975.28869628906,24,19,19,19,90,2932,31,55,42,34,17.4973373413086,16,164,73,1014,89
34.6151532859146,0.975618385443562,308,1895.56384277344,26,19,19,19,90,2810,30,53,42,33,17.4890289306641,16,-341,98,1343,91
34.5880699526246,0.973535052113563,328,1764.35119628906,24,19,19,19,90,2886,37,53,42,34,17.466646194458,15,-198,88,1628,81
34.5964032859446,0.973535052113563,323,1919.10217285156,24,19,19,19,90,2993,32,55,42,34,17.492712020874,9,382,64,285,87
34.5401532860346,0.971451718783563,363,1672.84973144531,23,19,19,19,90,2826,52,52,42,35,17.4148464202881,32,-638,94,2842,82
34.5443199526946,0.971451718783563,360,1741.51379394531,21,20,20,20,10,2985,34,53,44,34,17.4384346008301,19,140,93,1345,84
34.6297366192246,0.971451718783563,302,1967.79260253906,27,19,19,19,10,2896,34,53,40,33,17.5137805938721,5,118,12,-159,93
34.6339032858846,0.971451718783563,303,1967.79260253906,27,19,19,19,10,2896,34,53,40,33,17.5137805938721,5,118,12,-159,93
34.6589032858446,0.971451718783563,311,2088.81689453125,29,18,18,18,90,2827,25,54,40,32,17.5228538513184,2,-80,60,-718,93
34.6651532858346,0.971451718783563,304,2085.51123046875,31,18,18,18,90,2786,25,54,39,31,17.52370262146,5,53,97,-953,97
34.7047366191045,0.971451718783563,299,2091.92602539062,37,16,16,16,10,2640,38,55,36,27,17.5319595336914,6,79,97,-2508,94
34.4964032861046,0.969368385453563,540,1555.61743164062,25,20,20,20,10,2761,59,54,39,36,17.3261299133301,13,-43,90,5740,88
34.5484866193546,0.969368385453563,393,1741.51379394531,21,20,20,20,10,2985,34,53,44,34,17.4384346008301,19,140,93,1345,84
34.5734866193146,0.969368385453563,343,1871.62280273438,23,19,19,19,10,2970,39,54,43,34,17.46484375,23,121,61,1184,75
34.6568199525146,0.969368385453563,309,2088.81689453125,29,18,18,18,90,2827,25,54,40,32,17.5228538513184,2,-80,60,-718,93
34.6609866191746,0.969368385453563,319,2085.51123046875,31,18,18,18,90,2786,25,54,39,31,17.52370262146,5,53,97,-953,97
34.6984866191145,0.969368385453563,322,2086.11010742188,34,17,17,17,10,2671,39,55,38,29,17.5295753479004,7,172,57,-2491,91
34.5068199527546,0.967285052123563,428,1587.87646484375,26,20,20,20,90,2762,52,52,40,34,17.3252449035645,20,-106,83,5854,87
34.5255699527246,0.967285052123563,398,1676.76831054688,26,20,20,20,10,2859,56,51,41,34,17.3710880279541,16,164,98,3012,82
34.5568199526746,0.967285052123563,375,1835.26635742188,23,20,20,20,90,2913,26,53,43,35,17.4269199371338,10,64,65,1816,84
34.5922366192846,0.967285052123563,313,1701.13513183594,24,19,19,19,90,2850,38,53,41,35,17.4458236694336,16,-75,97,2012,82
34.6359866192146,0.967285052123563,335,2064.09106445312,29,19,19,19,90,2883,37,54,39,32,17.514669418335,4,69,77,-875,95
34.6568199525146,0.967285052123563,290,2101.51025390625,31,18,18,18,90,2786,40,54,39,31,17.519437789917,2,-25,47,-887,91
34.6734866191546,0.967285052123563,291,2104.40478515625,31,18,18,18,90,2739,36,55,39,31,17.5201892852783,8,76,94,-1183,94
34.6922366191245,0.967285052123563,311,2079.080078125,32,18,18,18,10,2603,45,56,37,31,17.5125045776367,16,-389,67,-1727,92
34.4922366194446,0.965201718793563,436,1599.14013671875,25,20,20,20,90,2697,51,52,39,36,17.2901210784912,22,-241,91,6132,87
34.5339032860446,0.965201718793563,386,1672.046875,25,20,20,20,10,2876,49,51,41,34,17.3802070617676,21,52,92,2756,77
34.5339032860446,0.963118385463563,403,1672.046875,25,20,20,20,10,2876,49,51,41,34,17.3802070617676,21,52,92,2756,77
34.5839032859646,0.963118385463563,314,1655.71887207031,24,19,19,19,90,2774,50,53,40,35,17.4284076690674,12,-138,76,2220,82
34.5339032860446,0.961035052133563,407,1672.046875,25,20,20,20,10,2876,49,51,41,34,17.3802070617676,21,52,92,2756,77
34.5464032860246,0.961035052133563,378,1723.10778808594,23,19,19,19,10,2880,40,53,43,35,17.4044399261475,19,9,97,2195,85
34.5526532860146,0.958951718803563,355,1795.32336425781,25,19,19,19,90,2838,41,52,41,34,17.4001083374023,11,209,91,1869,84
34.5589032860046,0.958951718803563,345,1795.32336425781,25,19,19,19,90,2838,41,52,41,34,17.4001083374023,11,209,91,1869,84
34.5964032859446,0.958951718803563,358,1882.34851074219,24,19,19,19,90,2924,41,52,41,34,17.465892791748,9,404,99,-10,81
34.6651532858346,0.958951718803563,297,2108.12133789062,32,18,18,18,90,2815,30,54,39,30,17.5150051116943,2,254,85,-1999,95
34.5089032860846,0.956868385473563,445,1646.98095703125,27,20,20,20,90,2743,48,51,40,33,17.309455871582,8,112,93,5126,90
34.5130699527446,0.956868385473563,460,1685.23095703125,26,20,20,20,90,2736,57,52,40,34,17.3280735015869,16,-83,75,4549,87
34.5943199526146,0.956868385473563,352,1882.34851074219,24,19,19,19,90,2924,41,52,41,34,17.465892791748,9,404,99,-10,81
34.6130699525846,0.956868385473563,342,1944.91979980469,26,18,18,18,90,2825,39,52,40,34,17.4771575927734,18,114,96,232,85
34.6422366192046,0.956868385473563,369,2068.89697265625,29,18,18,18,90,2794,38,54,39,32,17.5027351379395,18,-130,95,-699,91
34.6526532858546,0.956868385473563,315,2094.24169921875,32,18,18,18,90,2802,37,53,39,30,17.5091724395752,13,218,93,-1511,88
34.6589032858446,0.956868385473563,311,2094.24169921875,32,18,18,18,90,2802,37,53,39,30,17.5091724395752,13,218,93,-1511,88
34.7151532857545,0.956868385473563,278,2050.47778320312,38,16,16,16,10,2531,26,56,36,26,17.5135936737061,9,-86,95,-2432,94
34.7214032857445,0.956868385473563,288,2051.138671875,39,16,16,16,10,2528,34,57,36,25,17.520320892334,3,4,85,-2684,100
34.4839032861246,0.954785052143563,464,1614.79626464844,0,0,0,0,10,2653,50,52,0,0,17.2492752075195,37,308,98,4849,87
34.4901532861146,0.954785052143563,415,1586.47839355469,26,20,20,20,10,2694,53,52,39,35,17.2650909423828,17,32,92,5095,86
34.5505699526846,0.954785052143563,363,1722.23168945312,26,19,19,19,90,2753,48,52,40,34,17.3803329467773,13,-104,65,3113,87
34.6026532859346,0.954785052143563,360,2012.73999023438,26,19,19,19,90,2924,33,53,40,34,17.4815692901611,5,324,53,-459,101
34.6255699525646,0.954785052143563,365,1865.04626464844,28,18,18,18,90,2731,41,54,39,33,17.4694061279297,20,-626,97,1198,90
34.6693199524946,0.954785052143563,314,2120.845703125,33,17,17,17,90,2736,34,54,39,29,17.5173683166504,12,143,97,-1588,90
34.6859866191345,0.954785052143563,294,2092.64135742188,34,17,17,17,90,2621,38,53,36,29,17.5110931396484,15,89,98,-1346,93
34.7005699524445,0.954785052143563,292,2068.8984375,35,17,17,17,10,2570,34,54,36,29,17.5073108673096,9,-127,97,-1625,94
34.7130699524245,0.954785052143563,295,2050.47778320312,38,16,16,16,10,2531,26,56,36,26,17.5135936737061,9,-86,95,-2432,94
34.4922366194446,0.952701718813563,454,1586.47839355469,26,20,20,20,10,2694,53,52,39,35,17.2650909423828,17,32,92,5095,86
34.5714032859846,0.952701718813563,367,1689.93139648438,26,19,19,19,10,2765,54,52,39,35,17.4033088684082,8,-129,59,2451,82
34.6005699526046,0.952701718813563,352,1882.34851074219,24,19,19,19,90,2924,41,52,41,34,17.465892791748,9,404,99,-10,81
34.6318199525546,0.952701718813563,366,1972.11437988281,27,18,18,18,90,2891,34,54,39,34,17.4937057495117,2,322,54,-1001,93
34.6693199524946,0.952701718813563,301,2120.845703125,33,17,17,17,90,2736,34,54,39,29,17.5173683166504,12,143,97,-1588,90
34.7255699524045,0.952701718813563,322,2051.138671875,39,16,16,16,10,2528,34,57,36,25,17.520320892334,3,4,85,-2684,100
34.6422366192046,0.950618385483563,338,2069.478515625,31,18,18,18,10,2828,40,53,38,31,17.4919090270996,13,295,97,-1333,85
34.6839032858045,0.950618385483563,296,2121.14233398438,33,17,17,17,10,2735,34,55,38,29,17.51344871521,9,389,95,-2398,93
34.6984866191145,0.950618385483563,305,2065.02514648438,34,17,17,17,90,2532,42,54,35,30,17.4972953796387,9,-176,74,-1571,90
34.5089032860846,0.948535052153563,397,1703.10693359375,27,19,19,19,10,2695,44,51,40,33,17.2915363311768,4,91,77,5087,92
34.6089032859246,0.948535052153563,332,1984.45727539062,28,18,18,18,90,2895,32,53,39,34,17.4619750976562,9,452,53,-831,82
34.6172366192446,0.948535052153563,353,1920.50061035156,29,18,18,18,90,2867,39,54,38,33,17.4609355926514,22,479,75,-783,80
34.5026532860946,0.946451718823563,381,1703.10693359375,27,19,19,19,10,2695,44,51,40,33,17.2915363311768,4,91,77,5087,92
34.5693199526546,0.946451718823563,382,1652.4150390625,28,18,18,18,90,2690,47,51,38,34,17.381217956543,18,-337,88,2983,85
34.6130699525846,0.946451718823563,354,1920.50061035156,29,18,18,18,90,2867,39,54,38,33,17.4609355926514,22,479,75,-783,80
34.6151532859146,0.946451718823563,365,1920.50061035156,29,18,18,18,90,2867,39,54,38,33,17.4609355926514,22,479,75,-783,80
34.6234866192346,0.946451718823563,359,1855.37158203125,29,18,18,18,90,2678,51,52,38,33,17.4538955688477,31,-697,97,1317,88
34.6443199525346,0.946451718823563,349,2084.37866210938,31,18,18,18,90,2747,38,53,39,31,17.4902648925781,16,-50,85,-1043,84
34.7297366190645,0.946451718823563,283,2056.30346679688,39,16,16,16,10,2479,36,58,35,26,17.5201473236084,15,-1,74,-2743,96
34.4839032861246,0.944368385493563,482,1583.69653320312,26,20,20,20,90,2487,52,51,40,34,17.213020324707,9,-387,86,5896,87
34.5297366193846,0.944368385493563,419,1640.99267578125,27,19,19,19,90,2660,55,51,40,34,17.3159675598145,20,-134,79,4113,84
34.5568199526746,0.944368385493563,401,1759.45471191406,26,18,18,18,90,2786,43,52,40,34,17.3712310791016,7,286,78,2107,82
34.6359866192146,0.944368385493563,348,2069.478515625,31,18,18,18,10,2828,40,53,38,31,17.4919090270996,13,295,97,-1333,85
34.7068199524345,0.944368385493563,336,2056.83349609375,35,17,17,17,10,2575,31,54,36,29,17.5072364807129,11,227,62,-1860,96
34.5755699526446,0.942285052163563,377,1647.11413574219,28,18,18,18,90,2693,41,52,38,34,17.3614063262939,24,-29,79,2744,84
34.6068199525946,0.942285052163563,346,1913.37756347656,30,18,18,18,10,2722,39,52,38,32,17.4285163879395,15,-36,98,-40,77
34.6297366192246,0.942285052163563,335,1952.54223632812,31,18,18,18,10,2784,38,54,37,32,17.4610748291016,9,357,64,-1204,84
34.6797366191445,0.942285052163563,297,2090.70703125,35,16,16,16,10,2671,34,53,37,29,17.4973430633545,21,459,95,-2913,80
34.6901532857945,0.942285052163563,285,2070.74096679688,36,17,17,17,10,2541,39,52,36,29,17.4863948822021,8,-144,58,-1516,79
34.6984866191145,0.942285052163563,306,2052.89672851562,36,17,17,17,10,2468,42,52,35,30,17.4859752655029,17,-407,94,-1119,88
34.5234866193946,0.940201718833563,421,1654.78918457031,29,19,19,19,10,2636,45,51,39,33,17.2822437286377,29,97,97,4058,85
34.5818199526346,0.940201718833563,374,1655.11767578125,28,19,19,19,10,2640,39,52,38,34,17.3783149719238,11,-56,98,2118,90
34.6089032859246,0.940201718833563,339,1913.37756347656,30,18,18,18,10,2722,39,52,38,32,17.4285163879395,15,-36,98,-40,77
34.6526532858546,0.940201718833563,350,2066.14501953125,30,18,18,18,10,2642,39,53,38,31,17.4762725830078,8,-208,67,-1029,85
34.6609866191746,0.940201718833563,310,2065.41870117188,31,18,18,18,10,2727,51,52,39,30,17.4847316741943,13,350,84,-2233,82
34.7359866190545,0.940201718833563,330,2051.10205078125,41,16,16,16,10,2484,39,57,34,25,17.5265064239502,2,355,18,-2714,92
34.5026532860946,0.938118385503563,411,1745.01245117188,28,19,19,19,90,2639,45,52,39,33,17.2709121704102,7,239,80,4701,90
34.5068199527546,0.938118385503563,413,1745.01245117188,28,19,19,19,90,2639,45,52,39,33,17.2709121704102,7,239,80,4701,90
34.5130699527446,0.938118385503563,419,1729.80090332031,28,19,19,19,10,2640,44,53,39,33,17.2805519104004,15,106,97,4649,88
34.5255699527246,0.938118385503563,409,1654.78918457031,29,19,19,19,10,2636,45,51,39,33,17.2822437286377,29,97,97,4058,85
34.6380699525446,0.938118385503563,310,2060.98095703125,31,18,18,18,10,2723,41,53,37,31,17.4724826812744,9,-75,64,-1118,79
34.6818199524745,0.938118385503563,341,2090.70703125,35,16,16,16,10,2671,34,53,37,29,17.4973430633545,21,459,95,-2913,80
34.7297366190645,0.938118385503563,333,2033.63586425781,40,16,16,16,10,2447,26,59,34,26,17.5099239349365,4,15,38,-2235,95
34.7318199523945,0.938118385503563,328,2033.63586425781,40,16,16,16,10,2447,26,59,34,26,17.5099239349365,4,15,38,-2235,95
34.5359866193746,0.936035052173563,406,1703.96496582031,29,19,19,19,90,2710,39,55,39,32,17.323221206665,7,293,92,3423,81
34.5859866192946,0.936035052173563,365,1728.67858886719,29,18,18,18,10,2726,44,52,38,34,17.3961086273193,19,24,78,1659,83
34.7089032857645,0.936035052173563,334,2058.18676757812,35,17,17,17,10,2552,34,54,36,29,17.4979515075684,16,320,56,-2701,91
34.7234866190745,0.936035052173563,320,2022.1640625,38,17,17,17,10,2429,30,58,35,27,17.4980049133301,7,-119,15,-2015,93
34.5276532860546,0.933951718843563,409,1651.00122070312,30,18,18,18,10,2549,45,52,38,32,17.2736110687256,30,-374,97,5426,85
34.6068199525946,0.933951718843563,320,1859.810546875,32,18,18,18,10,2676,31,52,37,31,17.4022006988525,6,45,80,374,82
34.6755699524846,0.933951718843563,339,1976.64636230469,35,17,17,17,10,2512,39,54,35,31,17.4582004547119,26,-380,97,-614,78
34.6922366191245,0.933951718843563,319,2029.89794921875,36,17,17,17,10,2456,39,53,36,29,17.4703922271729,14,-258,77,-1086,79
34.6984866191145,0.933951718843563,326,2040.51965332031,36,16,16,16,10,2512,31,54,36,29,17.4824810028076,10,51,60,-1227,89
34.7172366190845,0.933951718843563,323,2047.7568359375,39,16,16,16,10,2441,35,58,36,26,17.4893760681152,6,-117,43,-1427,95
34.4755699528046,0.931868385513563,410,1642.96618652344,0,0,0,0,90,2431,48,52,0,0,17.1755466461182,18,-159,99,5202,91
34.5755699526446,0.931868385513563,392,1650.60522460938,29,18,18,18,90,2560,46,52,37,34,17.3363456726074,27,-323,81,2902,83
34.5922366192846,0.931868385513563,392,1763.97216796875,30,18,18,18,10,2598,39,51,37,33,17.3754577636719,10,-277,86,1493,87
34.6130699525846,0.931868385513563,347,1780.56945800781,31,18,18,18,10,2581,47,53,36,33,17.3998584747314,24,-126,84,665,85
34.6339032858846,0.931868385513563,323,1936.64123535156,31,18,18,18,10,2755,46,53,38,31,17.4417400360107,25,518,76,-1594,79
34.6568199525146,0.931868385513563,331,2035.94482421875,33,18,18,18,10,2619,48,53,37,30,17.4582710266113,15,215,58,-1232,86
34.6589032858446,0.931868385513563,322,2035.94482421875,33,18,18,18,10,2619,48,53,37,30,17.4582710266113,15,215,58,-1232,86
34.7005699524445,0.931868385513563,344,2040.51965332031,36,16,16,16,10,2512,31,54,36,29,17.4824810028076,10,51,60,-1227,89
34.4797366194646,0.929785052183563,425,1592.73022460938,28,19,19,19,90,2467,45,53,40,33,17.1792144775391,34,-342,97,6539,90
34.5672366193246,0.929785052183563,391,1677.70751953125,29,19,19,19,10,2586,34,54,37,34,17.3257713317871,9,-81,99,2906,85
34.6255699525646,0.929785052183563,326,1789.95434570312,32,18,18,18,10,2611,46,52,36,32,17.4129695892334,29,-295,80,1175,86
34.6297366192246,0.929785052183563,336,1936.64123535156,31,18,18,18,10,2755,46,53,38,31,17.4417400360107,25,518,76,-1594,79
34.6484866191946,0.929785052183563,333,2067.41088867188,33,18,18,18,10,2647,46,53,37,30,17.4537506103516,14,-65,96,-1058,79
34.6505699525246,0.929785052183563,329,2067.41088867188,33,18,18,18,10,2647,46,53,37,30,17.4537506103516,14,-65,96,-1058,79
34.7255699524045,0.929785052183563,360,2030.40795898438,40,16,16,16,10,2413,30,57,35,25,17.4907989501953,9,-146,98,-1339,95
34.4818199527946,0.927701718853563,467,1592.73022460938,28,19,19,19,90,2467,45,53,40,33,17.1792144775391,34,-342,97,6539,90
34.5859866192946,0.927701718853563,390,1763.97216796875,30,18,18,18,10,2598,39,51,37,33,17.3754577636719,10,-277,86,1493,87
34.5922366192846,0.927701718853563,406,1763.97216796875,30,18,18,18,10,2598,39,51,37,33,17.3754577636719,10,-277,86,1493,87
34.6234866192346,0.927701718853563,326,1789.95434570312,32,18,18,18,10,2611,46,52,36,32,17.4129695892334,29,-295,80,1175,86
34.6672366191646,0.927701718853563,353,1986.30163574219,33,18,18,18,10,2623,48,52,37,30,17.456714630127,23,167,72,-1608,84
34.6776532858146,0.927701718853563,358,2010.19543457031,35,17,17,17,10,2617,35,52,35,29,17.4721870422363,17,432,86,-2625,72
34.6984866191145,0.927701718853563,389,2040.51965332031,36,16,16,16,10,2512,31,54,36,29,17.4824810028076,10,51,60,-1227,89
34.5026532860946,0.925618385523563,385,1754.67041015625,31,18,18,18,90,2509,38,52,38,32,17.2222862243652,10,48,99,4750,89
34.6255699525646,0.925618385523563,345,1769.04553222656,31,18,18,18,10,2592,43,53,37,31,17.3909454345703,11,118,61,424,84
34.6526532858546,0.925618385523563,319,1977.18627929688,34,16,16,16,10,2586,48,53,37,29,17.4293308258057,26,330,48,-1320,77
34.7130699524245,0.925618385523563,355,2044.86633300781,40,16,16,16,90,2422,31,53,35,25,17.4830875396729,9,-70,60,-878,95
34.7339032857245,0.925618385523563,365,2021.78112792969,40,16,16,16,10,2373,32,61,35,24,17.5253200531006,12,74,45,-968,94
34.4839032861246,0.923535052193563,451,1598.75805664062,30,19,19,19,90,2519,40,53,39,32,17.1809387207031,14,324,99,5406,90
34.5297366193846,0.923535052193563,410,1702.28881835938,30,18,18,18,90,2606,36,54,38,32,17.2705860137939,10,309,98,3180,80
34.5672366193246,0.923535052193563,384,1684.90307617188,29,19,19,19,10,2491,34,53,37,34,17.3010997772217,17,-274,87,3324,86
34.5818199526346,0.923535052193563,414,1715.17785644531,31,18,18,18,10,2594,31,54,37,33,17.3405284881592,10,170,99,1588,90
34.6297366192246,0.923535052193563,318,1908.052734375,31,18,18,18,10,2631,44,52,38,31,17.4151039123535,9,269,97,-695,78
34.6589032858446,0.923535052193563,351,1977.18627929688,34,16,16,16,10,2586,48,53,37,29,17.4293308258057,26,330,48,-1320,77
34.6943199524545,0.923535052193563,333,2001.48876953125,37,16,16,16,90,2536,37,53,36,27,17.4735012054443,19,465,89,-1648,85
34.7005699524445,0.923535052193563,336,2001.48876953125,37,16,16,16,90,2536,37,53,36,27,17.4735012054443,19,465,89,-1648,85
34.4734866194746,0.921451718863563,437,1591.43603515625,29,18,18,18,90,2346,44,52,40,32,17.2032299041748,25,-317,92,5102,86
34.4755699528046,0.921451718863563,451,1591.43603515625,29,18,18,18,90,2346,44,52,40,32,17.2032299041748,25,-317,92,5102,86
34.5922366192846,0.921451718863563,354,1802.07543945312,31,18,18,18,90,2601,44,53,37,33,17.3570728302002,16,5,93,1158,88
34.6589032858446,0.921451718863563,365,1977.18627929688,34,16,16,16,10,2586,48,53,37,29,17.4293308258057,26,330,48,-1320,77
34.6797366191445,0.921451718863563,323,1908.40869140625,36,16,16,16,10,2447,48,52,35,29,17.4504203796387,7,-167,98,-477,82
34.6839032858045,0.921451718863563,348,1908.40869140625,36,16,16,16,10,2447,48,52,35,29,17.4504203796387,7,-167,98,-477,82
34.6922366191245,0.921451718863563,364,1973.79943847656,36,17,17,17,10,2436,40,54,35,29,17.456693649292,13,-236,62,-367,84
34.7797366189845,0.921451718863563,439,1976.92102050781,42,17,17,17,10,2158,29,62,33,25,17.8733310699463,8,-191,21,-727,89
34.4818199527946,0.919368385533563,429,1598.75805664062,30,19,19,19,90,2519,40,53,39,32,17.1809387207031,14,324,99,5406,90
34.4880699527846,0.919368385533563,433,1657.86254882812,30,19,19,19,10,2417,41,53,39,31,17.1794700622559,18,-337,97,5909,89
34.4943199527746,0.919368385533563,441,1732.05310058594,30,18,18,18,90,2550,31,52,38,32,17.2055435180664,8,216,96,5043,92
34.5047366194246,0.919368385533563,430,1754.67041015625,31,18,18,18,90,2509,38,52,38,32,17.2222862243652,10,48,99,4750,89
34.5339032860446,0.919368385533563,384,1702.28881835938,30,18,18,18,90,2606,36,54,38,32,17.2705860137939,10,309,98,3180,80
34.5359866193746,0.919368385533563,362,1819.30847167969,31,18,18,18,90,2599,37,54,37,33,17.2892265319824,6,236,92,3314,89
34.5734866193146,0.919368385533563,407,1664.11462402344,30,18,18,18,10,2489,35,53,36,33,17.3143177032471,10,-311,78,3048,85
34.6380699525446,0.919368385533563,297,2024.74523925781,32,18,18,18,10,2607,36,52,37,31,17.4278907775879,5,33,73,-618,76
34.6776532858146,0.919368385533563,339,1908.40869140625,36,16,16,16,10,2447,48,52,35,29,17.4504203796387,7,-167,98,-477,82
34.6859866191345,0.919368385533563,357,1973.79943847656,36,17,17,17,10,2436,40,54,35,29,17.456693649292,13,-236,62,-367,84
34.7255699524045,0.919368385533563,350,2044.96594238281,41,16,16,16,10,2428,28,55,35,24,17.4924068450928,14,168,95,-652,98
34.7609866190145,0.919368385533563,440,1999.55480957031,41,16,16,16,10,2275,31,60,34,25,17.7043132781982,15,76,18,-1219,88
34.7755699523245,0.919368385533563,425,1988.35546875,42,17,17,17,10,2189,37,61,34,25,17.803316116333,4,-269,18,-1008,87
34.4859866194546,0.917285052203563,389,1698.04284667969,31,18,18,18,10,2474,33,53,39,31,17.1728954315186,5,71,97,5602,92
34.5005699527646,0.917285052203563,439,1754.21618652344,31,18,18,18,90,2488,33,55,38,31,17.1868705749512,14,239,99,5073,92
34.5672366193246,0.917285052203563,360,1713.06860351562,30,18,18,18,90,2426,32,54,36,34,17.2817859649658,9,-314,90,3313,88
34.6339032858846,0.917285052203563,307,1856.31530761719,32,17,17,17,10,2512,40,53,39,29,17.3871555328369,18,-59,50,363,78
34.6839032858045,0.917285052203563,381,1852.32885742188,37,16,16,16,10,2466,35,55,35,28,17.4497661590576,6,287,55,-692,94
34.6964032857845,0.917285052203563,342,1918.302734375,39,15,15,15,10,2389,26,54,36,25,17.4861164093018,7,30,98,-896,80
34.7589032856845,0.917285052203563,403,1939.11889648438,43,16,16,16,10,2311,31,60,35,23,17.7148532867432,5,227,15,-896,87
34.7609866190145,0.917285052203563,418,1985.80627441406,41,17,17,17,10,2282,33,61,35,23,17.7094650268555,4,253,19,-995,93
34.4776532861346,0.915201718873563,409,1614.5634765625,30,18,18,18,90,2379,42,52,38,32,17.194507598877,7,-79,99,5412,92
34.4839032861246,0.915201718873563,388,1614.5634765625,30,18,18,18,90,2379,42,52,38,32,17.194507598877,7,-79,99,5412,92
34.4880699527846,0.915201718873563,398,1698.04284667969,31,18,18,18,10,2474,33,53,39,31,17.1728954315186,5,71,97,5602,92
34.5526532860146,0.915201718873563,390,1790.65222167969,30,18,18,18,10,2504,35,54,37,34,17.2772235870361,6,-61,99,2746,88
34.5693199526546,0.915201718873563,348,1689.89050292969,31,18,18,18,90,2475,30,54,36,32,17.2979469299316,8,56,97,2324,88
34.6026532859346,0.915201718873563,329,1828.02526855469,33,17,17,17,10,2486,41,51,36,31,17.3504848480225,13,-138,61,943,83
34.6276532858946,0.915201718873563,306,1856.31530761719,32,17,17,17,10,2512,40,53,39,29,17.3871555328369,18,-59,50,363,78
34.6422366192046,0.915201718873563,309,1988.18737792969,33,17,17,17,10,2572,36,52,38,29,17.404899597168,18,355,55,-620,76
34.6484866191946,0.915201718873563,319,2022.05322265625,34,17,17,17,10,2491,35,54,37,29,17.4052562713623,8,-72,64,-8,77
34.7547366190245,0.915201718873563,418,1939.11889648438,43,16,16,16,10,2311,31,60,35,23,17.7148532867432,5,227,15,-896,87
34.7672366190045,0.915201718873563,439,1985.80627441406,41,17,17,17,10,2282,33,61,35,23,17.7094650268555,4,253,19,-995,93
34.7714032856645,0.915201718873563,426,1983.54455566406,41,17,17,17,10,2260,26,61,35,24,17.8077220916748,9,266,15,-1407,85
34.7734866189945,0.915201718873563,424,1983.54455566406,41,17,17,17,10,2260,26,61,35,24,17.8077220916748,9,266,15,-1407,85
34.4651532861547,0.913118385543563,400,1513.93981933594,29,18,18,18,90,2376,44,54,38,33,17.2743072509766,24,52,98,5717,88
34.5464032860246,0.913118385543563,350,1869.97827148438,31,18,18,18,90,2479,35,53,37,32,17.2714157104492,16,-155,96,2801,87
34.5672366193246,0.913118385543563,340,1713.06860351562,30,18,18,18,90,2426,32,54,36,34,17.2817859649658,9,-314,90,3313,88
34.6380699525446,0.913118385543563,330,1988.18737792969,33,17,17,17,10,2572,36,52,38,29,17.404899597168,18,355,55,-620,76
34.7859866189745,0.913118385543563,431,1952.40014648438,42,16,16,16,10,2161,33,60,34,24,17.9812068939209,14,153,12,-1225,85
34.4651532861547,0.911035052213563,377,1513.93981933594,29,18,18,18,90,2376,44,54,38,33,17.2743072509766,24,52,98,5717,88
34.4797366194646,0.911035052213563,400,1614.5634765625,30,18,18,18,90,2379,42,52,38,32,17.194507598877,7,-79,99,5412,92
34.4984866194346,0.911035052213563,436,1754.21618652344,31,18,18,18,90,2488,33,55,38,31,17.1868705749512,14,239,99,5073,92
34.5464032860246,0.911035052213563,363,1869.97827148438,31,18,18,18,90,2479,35,53,37,32,17.2714157104492,16,-155,96,2801,87
34.5568199526746,0.911035052213563,343,1790.65222167969,30,18,18,18,10,2504,35,54,37,34,17.2772235870361,6,-61,99,2746,88
34.6984866191145,0.911035052213563,328,1918.302734375,39,15,15,15,10,2389,26,54,36,25,17.4861164093018,7,30,98,-896,80
34.7380699523845,0.911035052213563,408,1934.03063964844,43,16,16,16,10,2333,33,60,34,24,17.677978515625,16,338,19,-559,86
34.7401532857145,0.911035052213563,447,1934.03063964844,43,16,16,16,10,2333,33,60,34,24,17.677978515625,16,338,19,-559,86
34.7609866190145,0.911035052213563,383,1985.80627441406,41,17,17,17,10,2282,33,61,35,23,17.7094650268555,4,253,19,-995,93
34.7859866189745,0.911035052213563,442,1952.40014648438,42,16,16,16,10,2161,33,60,34,24,17.9812068939209,14,153,12,-1225,85
34.4818199527946,0.908951718883563,419,1660.37707519531,31,18,18,18,90,2379,34,53,38,31,17.2075328826904,16,-178,97,6069,95
34.5109866194146,0.908951718883563,414,1579.15466308594,31,18,18,18,90,2360,28,52,37,32,17.3037776947021,38,-17,97,4375,78
34.6193199525746,0.908951718883563,334,1701.79541015625,34,16,16,16,10,2400,32,54,37,29,17.3931579589844,18,-187,96,1519,82
34.6609866191746,0.908951718883563,387,1864.29235839844,38,16,16,16,10,2330,31,57,35,27,17.4797420501709,12,-132,71,912,84
34.7068199524345,0.908951718883563,357,1905.76879882812,40,15,15,15,10,2341,24,54,35,25,17.5645084381104,16,-122,98,941,84
34.7172366190845,0.908951718883563,421,1987.44787597656,40,15,15,15,10,2371,28,56,36,25,17.5392265319824,12,307,98,0,85
34.7359866190545,0.908951718883563,379,1878.29223632812,42,17,17,17,10,2196,40,61,34,24,17.8365058898926,7,-227,23,897,81
34.7464032857045,0.908951718883563,417,1821.69982910156,42,16,16,16,10,2154,49,60,34,24,17.9082984924316,16,-173,27,671,88
34.4651532861547,0.906868385553563,390,1478.92175292969,31,18,18,18,90,2265,36,53,37,31,17.328161239624,25,-360,97,7482,89
34.5026532860946,0.906868385553563,417,1688.40380859375,30,18,18,18,90,2392,30,53,39,32,17.2401676177979,16,-187,98,5529,88
34.5255699527246,0.906868385553563,442,1621.69372558594,31,18,18,18,10,2462,33,53,37,32,17.2465400695801,13,3,97,4591,81
34.5589032860046,0.906868385553563,386,1834.63891601562,32,17,17,17,10,2477,35,56,36,32,17.2617645263672,3,72,99,2409,94
34.5734866193146,0.906868385553563,379,1715.61474609375,35,17,17,17,10,2427,35,55,35,30,17.2971611022949,7,-40,89,2160,90
34.5859866192946,0.906868385553563,363,1801.50598144531,35,17,17,17,10,2423,33,52,37,29,17.3154067993164,14,-163,89,1905,88
34.6172366192446,0.906868385553563,331,1726.81726074219,36,16,16,16,10,2367,30,55,36,28,17.3616924285889,17,-89,99,1842,82
34.7109866190945,0.906868385553563,406,1987.44787597656,40,15,15,15,10,2371,28,56,36,25,17.5392265319824,12,307,98,0,85
34.7255699524045,0.906868385553563,393,1998.86462402344,40,15,15,15,10,2319,30,61,37,24,17.6238651275635,17,-77,87,443,79
34.7318199523945,0.906868385553563,369,1960.65002441406,40,16,16,16,10,2223,50,60,37,23,17.7038307189941,18,-130,73,1015,79
34.7526532856945,0.906868385553563,390,1870.65185546875,42,16,16,16,10,2252,33,61,34,23,17.8703155517578,18,157,13,498,84
34.7630699523445,0.906868385553563,380,1942.67578125,42,17,17,17,10,2262,33,61,36,22,17.8219604492188,13,417,9,-918,82
34.7943199522945,0.906868385553563,475,1909.20922851562,44,16,16,16,10,2080,31,60,33,24,18.1618938446045,10,0,19,-803,87
34.4714032861446,0.904785052223563,420,1570.13623046875,31,18,18,18,90,2433,40,53,38,31,17.2238216400146,19,293,97,5129,92
34.5776532859746,0.904785052223563,421,1738.29504394531,35,17,17,17,10,2465,32,53,36,29,17.3077907562256,7,80,94,1638,90
34.6276532858946,0.904785052223563,356,1795.32800292969,34,16,16,16,10,2442,29,54,37,29,17.3820056915283,4,-14,63,851,80
34.6401532858746,0.904785052223563,330,1927.8681640625,34,16,16,16,10,2485,31,52,37,29,17.390157699585,2,135,95,48,78
34.7464032857045,0.904785052223563,433,1821.69982910156,42,16,16,16,10,2154,49,60,34,24,17.9082984924316,16,-173,27,671,88
34.7484866190345,0.904785052223563,417,1821.69982910156,42,16,16,16,10,2154,49,60,34,24,17.9082984924316,16,-173,27,671,88
34.7776532856545,0.904785052223563,448,1923.25805664062,42,17,17,17,10,2137,35,60,32,26,18.0345726013184,15,111,12,-884,81
34.4547366195047,0.902701718893563,377,1473.81640625,0,0,0,0,90,2252,35,54,0,0,17.4074020385742,7,-245,87,6665,90
34.4568199528347,0.902701718893563,367,1473.81640625,0,0,0,0,90,2252,35,54,0,0,17.4074020385742,7,-245,87,6665,90
34.5026532860946,0.902701718893563,374,1688.40380859375,30,18,18,18,90,2392,30,53,39,32,17.2401676177979,16,-187,98,5529,88
34.5047366194246,0.902701718893563,420,1688.40380859375,30,18,18,18,90,2392,30,53,39,32,17.2401676177979,16,-187,98,5529,88
34.5672366193246,0.902701718893563,376,1756.68444824219,33,17,17,17,10,2412,31,55,35,32,17.2733707427979,11,-11,95,2645,92
34.5797366193046,0.902701718893563,359,1738.29504394531,35,17,17,17,10,2465,32,53,36,29,17.3077907562256,7,80,94,1638,90
34.5839032859646,0.902701718893563,371,1738.29504394531,35,17,17,17,10,2465,32,53,36,29,17.3077907562256,7,80,94,1638,90
34.6651532858346,0.902701718893563,405,1864.29235839844,38,16,16,16,10,2330,31,57,35,27,17.4797420501709,12,-132,71,912,84
34.4609866194947,0.900618385563563,434,1511.92565917969,32,18,18,18,10,2377,36,52,38,31,17.3150329589844,14,340,97,5826,84
34.5255699527246,0.900618385563563,449,1636.27233886719,31,18,18,18,10,2412,31,54,37,32,17.2654685974121,3,101,81,3827,82
34.5401532860346,0.900618385563563,423,1949.275390625,35,17,17,17,10,2472,36,58,35,30,17.2350330352783,9,6,91,2780,87
34.5464032860246,0.900618385563563,413,1920.07873535156,34,18,18,18,10,2449,35,58,36,30,17.2531681060791,8,17,34,2356,85
34.5568199526746,0.900618385563563,443,1852.59802246094,34,17,17,17,10,2427,38,59,35,30,17.2646408081055,10,36,72,2239,92
34.6089032859246,0.900618385563563,395,1840.5517578125,39,17,17,17,10,2335,34,58,35,26,17.3694496154785,4,-182,63,1847,87
34.6297366192246,0.900618385563563,372,1733.87036132812,37,16,16,16,10,2402,33,55,36,27,17.4324569702148,7,124,94,876,83
34.6672366191646,0.900618385563563,377,1942.10168457031,37,16,16,16,10,2354,36,59,37,26,17.472188949585,17,240,56,505,83
34.7255699524045,0.900618385563563,371,1953.31298828125,40,16,16,16,10,2218,40,59,36,24,17.777925491333,14,-344,96,2049,78
34.7609866190145,0.900618385563563,408,1901.38037109375,43,16,16,16,10,2191,33,60,34,23,17.9718170166016,20,304,10,0,82
34.4568199528347,0.898535052233563,452,1455.31921386719,33,18,18,18,90,2173,34,54,37,30,17.4703769683838,21,-684,95,8334,90
34.4964032861046,0.898535052233563,370,1801.56225585938,32,18,18,18,90,2384,39,53,36,32,17.2156639099121,12,-81,96,5227,96
34.5026532860946,0.898535052233563,436,1688.39868164062,31,18,18,18,10,2332,30,53,37,32,17.2823791503906,24,42,99,5413,88
34.6130699525846,0.898535052233563,397,1742.63720703125,39,16,16,16,10,2372,30,54,35,26,17.427318572998,14,68,54,1341,85
34.6401532858746,0.898535052233563,342,1845.21557617188,36,16,16,16,10,2405,30,55,37,28,17.4217567443848,18,70,67,520,79
34.6651532858346,0.898535052233563,402,1942.10168457031,37,16,16,16,10,2354,36,59,37,26,17.472188949585,17,240,56,505,83
34.6859866191345,0.898535052233563,450,1768.55505371094,41,15,15,15,10,2341,23,55,35,24,17.649923324585,19,352,72,108,79
34.7297366190645,0.898535052233563,395,1931.62817382812,42,16,16,16,10,2215,41,60,35,24,17.8175582885742,15,34,14,1260,82
34.7443199523745,0.898535052233563,407,1813.75354003906,43,17,17,17,10,2155,37,60,33,24,17.9808692932129,4,-30,24,1515,96
34.7901532856345,0.898535052233563,430,1844.17932128906,43,16,16,16,10,2031,29,60,34,23,18.2130813598633,6,-108,23,13,87
34.4755699528046,0.896451718903563,346,1635.03112792969,33,18,18,18,90,2370,33,53,36,30,17.2279453277588,9,235,96,5597,98
34.5026532860946,0.896451718903563,444,1688.39868164062,31,18,18,18,10,2332,30,53,37,32,17.2823791503906,24,42,99,5413,88
34.5672366193246,0.896451718903563,393,1784.47961425781,35,18,18,18,10,2413,31,60,36,29,17.2885837554932,11,45,51,1920,93
34.7380699523845,0.896451718903563,418,1871.30786132812,43,17,17,17,10,2140,38,61,33,24,17.9183578491211,6,-139,13,1838,86
34.7630699523445,0.896451718903563,408,1901.38037109375,43,16,16,16,10,2191,33,60,34,23,17.9718170166016,20,304,10,0,82
34.4547366195047,0.894368385573563,456,1455.31921386719,33,18,18,18,90,2173,34,54,37,30,17.4703769683838,21,-684,95,8334,90
34.5089032860846,0.894368385573563,416,1688.39868164062,31,18,18,18,10,2332,30,53,37,32,17.2823791503906,24,42,99,5413,88
34.5255699527246,0.894368385573563,414,1636.27233886719,31,18,18,18,10,2412,31,54,37,32,17.2654685974121,3,101,81,3827,82
34.5484866193546,0.894368385573563,401,1920.07873535156,34,18,18,18,10,2449,35,58,36,30,17.2531681060791,8,17,34,2356,85
34.5651532859946,0.894368385573563,416,1784.47961425781,35,18,18,18,10,2413,31,60,36,29,17.2885837554932,11,45,51,1920,93
34.5734866193146,0.894368385573563,396,1730.37097167969,36,17,17,17,10,2384,30,58,36,29,17.3345355987549,13,-1,57,1947,90
34.5797366193046,0.894368385573563,372,1733.52026367188,37,17,17,17,10,2390,30,58,36,27,17.3395080566406,10,-72,93,1594,89
34.7234866190745,0.894368385573563,364,1953.31298828125,40,16,16,16,10,2218,40,59,36,24,17.777925491333,14,-344,96,2049,78
34.7464032857045,0.894368385573563,404,1813.75354003906,43,17,17,17,10,2155,37,60,33,24,17.9808692932129,4,-30,24,1515,96
34.7526532856945,0.894368385573563,397,1833.15307617188,43,16,16,16,10,2094,39,60,34,23,18.0165386199951,15,-400,29,1700,89
34.7755699523245,0.894368385573563,413,1914.23718261719,43,16,16,16,10,2066,35,61,34,23,18.0643100738525,5,-253,25,574,82
34.7859866189745,0.894368385573563,399,1844.17932128906,43,16,16,16,10,2031,29,60,34,23,18.2130813598633,6,-108,23,13,87
34.4547366195047,0.892285052243563,459,1476.62841796875,35,18,18,18,10,2148,32,57,36,29,17.489143371582,28,-819,97,8872,90
34.4568199528347,0.892285052243563,500,1476.62841796875,35,18,18,18,10,2148,32,57,36,29,17.489143371582,28,-819,97,8872,90
34.4797366194646,0.892285052243563,370,1746.98046875,34,18,18,18,10,2387,34,53,36,31,17.2603054046631,6,42,98,5320,96
34.5505699526846,0.892285052243563,419,1896.05773925781,34,18,18,18,10,2367,41,59,36,29,17.3180961608887,15,-122,63,2541,86
34.5547366193446,0.892285052243563,424,1826.86767578125,34,18,18,18,10,2387,39,58,36,29,17.3431034088135,9,143,26,1952,88
34.6380699525446,0.892285052243563,364,1780.28454589844,38,16,16,16,10,2308,29,55,36,26,17.5087757110596,16,-240,95,1107,83
34.6859866191345,0.892285052243563,443,1696.66442871094,42,16,16,16,10,2170,26,54,34,24,17.8213844299316,17,-211,98,1681,86
34.7255699524045,0.892285052243563,382,1924.00073242188,41,16,16,16,10,2150,40,61,35,23,17.8677043914795,6,-260,34,2081,82
34.7380699523845,0.892285052243563,379,1895.74072265625,42,17,17,17,10,2122,39,61,35,24,17.9498882293701,8,-37,18,1668,89
34.7526532856945,0.892285052243563,408,1833.96484375,44,15,15,15,10,2047,42,60,34,22,18.0852947235107,7,-255,26,1276,92
34.7755699523245,0.892285052243563,422,1892.5517578125,43,16,16,16,10,2098,31,60,35,21,18.1134147644043,4,110,19,95,89
34.4630699528247,0.890201718913563,454,1570.2314453125,34,18,18,18,10,2353,35,55,37,29,17.3226451873779,12,196,92,6081,83
34.4922366194446,0.890201718913563,355,1805.91748046875,33,18,18,18,90,2403,33,53,36,31,17.2490997314453,7,77,95,5198,97
34.5234866193946,0.890201718913563,415,1667.36022949219,34,17,17,17,10,2431,37,57,36,30,17.2990283966064,4,272,72,3353,82
34.5297366193846,0.890201718913563,412,1877.83276367188,35,18,18,18,10,2449,40,57,36,29,17.2190036773682,4,142,87,2703,83
34.5568199526746,0.890201718913563,414,1826.86767578125,34,18,18,18,10,2387,39,58,36,29,17.3431034088135,9,143,26,1952,88
34.6047366192646,0.890201718913563,349,1881.42639160156,41,17,17,17,10,2383,35,57,34,25,17.3937759399414,12,239,15,839,93
34.6547366191846,0.890201718913563,368,2016.48889160156,38,16,16,16,10,2343,31,55,35,27,17.4440364837646,6,33,99,668,93
34.6859866191345,0.890201718913563,427,1696.66442871094,42,16,16,16,10,2170,26,54,34,24,17.8213844299316,17,-211,98,1681,86
34.6943199524545,0.890201718913563,410,1773.83923339844,42,15,15,15,10,2241,27,55,34,24,17.7672500610352,5,-1,97,1656,88
34.5130699527446,0.888118385583563,437,1581.9541015625,33,17,17,17,10,2204,33,55,36,31,17.4211177825928,12,-768,95,5956,84
34.5776532859746,0.888118385583563,353,1734.81628417969,39,17,17,17,10,2376,39,58,34,27,17.3899841308594,8,-27,32,1650,92
34.6318199525546,0.888118385583563,396,1692.35205078125,39,16,16,16,90,2350,29,54,36,25,17.5389881134033,10,68,98,1034,84
34.6380699525446,0.888118385583563,371,1780.28454589844,38,16,16,16,10,2308,29,55,36,26,17.5087757110596,16,-240,95,1107,83
34.6651532858346,0.888118385583563,338,1993.01196289062,39,16,16,16,10,2350,28,54,36,25,17.5145359039307,9,104,97,591,86
34.6755699524846,0.888118385583563,415,1870.94836425781,39,16,16,16,10,2162,30,59,36,25,17.6777858734131,12,-308,22,1862,86
34.6880699524645,0.888118385583563,401,1696.66442871094,42,16,16,16,10,2170,26,54,34,24,17.8213844299316,17,-211,98,1681,86
34.6984866191145,0.888118385583563,453,1773.83923339844,42,15,15,15,10,2241,27,55,34,24,17.7672500610352,5,-1,97,1656,88
34.7130699524245,0.888118385583563,559,1927.71154785156,42,16,16,16,10,2214,27,57,34,24,17.7927112579346,9,10,96,1725,82
34.7172366190845,0.888118385583563,544,1927.71154785156,42,16,16,16,10,2214,27,57,34,24,17.7927112579346,9,10,96,1725,82
34.4776532861346,0.886035052253563,335,1746.98046875,34,18,18,18,10,2387,34,53,36,31,17.2603054046631,6,42,98,5320,96
34.5526532860146,0.886035052253563,405,1826.86767578125,34,18,18,18,10,2387,39,58,36,29,17.3431034088135,9,143,26,1952,88
34.5714032859846,0.886035052253563,388,1731.29504394531,38,17,17,17,10,2367,37,59,35,28,17.4013233184814,11,-160,19,1954,90
34.5964032859446,0.886035052253563,335,1893.87072753906,39,17,17,17,10,2417,32,57,34,26,17.3546085357666,10,283,14,813,94
34.7484866190345,0.886035052253563,387,1844.97119140625,44,17,17,17,10,2121,29,61,33,23,18.0338382720947,10,-2,23,1249,91
34.4651532861547,0.883951718923563,375,1600.96691894531,35,19,19,19,10,2338,40,58,37,28,17.3380699157715,6,586,41,5616,85
34.4755699528046,0.883951718923563,310,1697.52893066406,36,18,18,18,90,2314,31,54,36,28,17.3077068328857,16,139,98,5590,90
34.5755699526446,0.883951718923563,346,1724.83178710938,38,17,17,17,10,2281,34,58,34,28,17.469030380249,18,-250,76,2030,92
34.5964032859446,0.883951718923563,332,1901.53967285156,42,17,17,17,10,2308,35,58,33,25,17.4320812225342,10,-82,12,1211,92
34.6609866191746,0.883951718923563,362,2018.00695800781,39,16,16,16,10,2271,29,55,35,26,17.5741634368896,13,63,36,699,86
34.7026532857745,0.883951718923563,436,1852.38635253906,44,15,15,15,10,2190,23,55,34,23,17.8530769348145,12,42,97,1507,88
34.7797366189845,0.883951718923563,422,1823.06726074219,44,15,15,15,10,2019,26,59,34,22,18.2481575012207,8,120,10,303,90
34.5297366193846,0.881868385593563,466,1885.40209960938,35,18,18,18,10,2462,42,58,37,28,17.2491474151611,8,525,48,1829,80
34.6297366192246,0.881868385593563,349,1693.99792480469,40,16,16,16,90,2226,29,52,35,25,17.6243667602539,19,-370,97,1995,86
34.7089032857645,0.881868385593563,458,1852.38635253906,44,15,15,15,10,2190,23,55,34,23,17.8530769348145,12,42,97,1507,88
34.7672366190045,0.881868385593563,419,1844.41857910156,44,15,15,15,10,2071,26,59,33,22,18.1591720581055,6,143,14,693,92
34.7734866189945,0.881868385593563,423,1851.63208007812,43,15,15,15,10,2034,30,60,35,22,18.1979999542236,6,41,17,581,90
34.9880699519844,0.881868385593563,248,1240.55346679688,46,14,14,14,10,1778,16,59,34,20,18.6942558288574,4,-64,12,1202,104
35.0172366186044,0.881868385593563,295,1278.41101074219,47,14,14,14,10,1785,23,61,33,20,18.6866264343262,3,-17,12,1264,104
34.4859866194546,0.879785052263563,326,1817.83410644531,33,18,18,18,90,2364,33,54,36,31,17.2937850952148,13,-60,97,5041,94
34.6068199525946,0.879785052263563,361,1904.8583984375,43,17,17,17,10,2362,32,58,33,24,17.452356338501,14,292,16,526,91
34.6589032858446,0.879785052263563,369,2007.29370117188,40,16,16,16,10,2336,29,55,35,26,17.5006523132324,4,199,99,482,91
34.6880699524645,0.879785052263563,351,1681.87451171875,42,16,16,16,10,2095,22,54,34,24,17.9197978973389,10,-373,95,2304,91
34.6943199524545,0.879785052263563,412,1748.99047851562,42,15,15,15,10,2233,24,54,35,23,17.8484649658203,8,368,99,1313,91
34.7359866190545,0.879785052263563,415,1903.91918945312,44,17,17,17,10,2127,33,61,33,23,18.0133152008057,7,87,16,1068,90
34.7568199523545,0.879785052263563,411,1834.24609375,44,15,15,15,10,2032,30,61,34,22,18.1530456542969,3,-73,14,1101,91
34.7797366189845,0.879785052263563,402,1823.06726074219,44,15,15,15,10,2019,26,59,34,22,18.2481575012207,8,120,10,303,90
34.9755699520044,0.879785052263563,255,1149.20581054688,47,14,14,14,10,1763,16,58,33,20,18.7206172943115,3,0,6,1156,106
34.4755699528046,0.877701718933563,287,1697.52893066406,36,18,18,18,90,2314,31,54,36,28,17.3077068328857,16,139,98,5590,90
34.4880699527846,0.877701718933563,279,1817.83410644531,33,18,18,18,90,2364,33,54,36,31,17.2937850952148,13,-60,97,5041,94
34.5005699527646,0.877701718933563,454,1870.19934082031,33,18,18,18,90,2330,37,55,35,32,17.2802429199219,10,-118,99,4711,94
34.5297366193846,0.877701718933563,424,1885.40209960938,35,18,18,18,10,2462,42,58,37,28,17.2491474151611,8,525,48,1829,80
34.7172366190845,0.877701718933563,486,1890.24462890625,43,16,16,16,10,2167,23,56,34,23,17.8812217712402,6,69,99,1985,86
34.7214032857445,0.877701718933563,405,1899.73291015625,42,16,16,16,10,2117,38,60,34,23,17.9371318817139,3,-145,29,2061,85
34.7443199523745,0.877701718933563,401,1864.18444824219,45,16,16,16,10,2059,34,60,33,22,18.0956535339355,3,-94,22,1190,90
34.7797366189845,0.877701718933563,394,1823.06726074219,44,15,15,15,10,2019,26,59,34,22,18.2481575012207,8,120,10,303,90
34.9818199519944,0.877701718933563,239,1171.37133789062,47,14,14,14,10,1759,19,60,33,20,18.7113952636719,3,-56,15,1208,105
34.9901532853144,0.877701718933563,243,1240.55346679688,46,14,14,14,10,1778,16,59,34,20,18.6942558288574,4,-64,12,1202,104
34.4526532861747,0.875618385603563,457,1466.57348632812,37,19,19,19,10,2172,43,58,36,27,17.5989665985107,21,411,16,7769,78
34.6589032858446,0.875618385603563,369,1969.23059082031,39,16,16,16,10,2285,26,54,36,25,17.59494972229,5,155,99,538,80
34.6714032858246,0.875618385603563,366,1954.84582519531,40,16,16,16,10,2196,25,56,36,24,17.7270641326904,15,68,97,1931,84
34.7297366190645,0.875618385603563,398,1879.24523925781,44,17,17,17,10,2118,31,60,32,23,18.0450019836426,5,184,11,1588,87
34.7547366190245,0.875618385603563,383,1821.27770996094,44,14,14,14,10,1998,27,58,33,22,18.2323226928711,11,-7,15,1282,91
35.0151532852744,0.875618385603563,282,1253.00952148438,46,14,14,14,10,1772,19,59,34,20,18.6933860778809,2,-78,11,1371,105
34.4734866194746,0.873535052273563,286,1649.29345703125,36,18,18,18,10,2229,30,54,36,28,17.3913536071777,20,-82,99,6269,87
34.4859866194546,0.873535052273563,254,1812.11926269531,35,18,18,18,90,2299,27,52,37,28,17.3436126708984,18,-169,98,5191,92
34.5505699526846,0.873535052273563,427,1883.0654296875,40,17,17,17,10,2259,40,57,33,27,17.4432888031006,2,-246,18,2286,89
34.7464032857045,0.873535052273563,420,1862.86169433594,45,14,14,14,10,2043,30,60,32,22,18.1569175720215,4,51,17,1380,91
34.7547366190245,0.873535052273563,355,1821.27770996094,44,14,14,14,10,1998,27,58,33,22,18.2323226928711,11,-7,15,1282,91
34.4818199527946,0.871451718943563,262,1721.50646972656,36,18,18,18,90,2292,26,53,36,27,17.3552627563477,11,68,98,5189,87
34.5193199527346,0.871451718943563,341,1658.4990234375,36,17,17,17,10,2283,39,57,37,27,17.434139251709,15,-131,47,3653,84
34.6026532859346,0.871451718943563,371,1903.1025390625,43,16,16,16,10,2292,34,60,32,25,17.5283298492432,7,120,13,658,86
34.6130699525846,0.871451718943563,384,1851.39685058594,42,16,16,16,10,2217,29,58,33,25,17.5928516387939,4,-143,58,1550,85
34.6484866191946,0.871451718943563,393,1860.0751953125,40,16,16,16,90,2293,26,52,35,25,17.6267681121826,15,85,97,749,82
34.6568199525146,0.871451718943563,376,1969.23059082031,39,16,16,16,10,2285,26,54,36,25,17.59494972229,5,155,99,538,80
34.7109866190945,0.871451718943563,404,1830.49865722656,43,16,16,16,10,2119,25,56,34,23,18.0007724761963,9,14,96,2085,88
34.7339032857245,0.871451718943563,414,1879.24523925781,44,17,17,17,10,2118,31,60,32,23,18.0450019836426,5,184,11,1588,87
34.7880699523045,0.871451718943563,388,1732.62524414062,46,16,16,16,10,1956,26,60,32,22,18.3576316833496,11,133,6,668,90
35.0047366186244,0.871451718943563,332,1348.87390136719,48,14,14,14,10,1809,25,61,32,21,18.6683654785156,5,100,11,987,109
34.5630699526646,0.869368385613563,383,1785.95678710938,41,17,17,17,10,2268,33,58,33,27,17.4847049713135,7,3,42,1623,96
34.5964032859446,0.869368385613563,398,1886.73400878906,42,17,17,17,10,2266,35,58,33,25,17.5111827850342,10,-49,10,1116,87
34.5984866192746,0.869368385613563,393,1886.73400878906,42,17,17,17,10,2266,35,58,33,25,17.5111827850342,10,-49,10,1116,87
34.6005699526046,0.869368385613563,392,1886.73400878906,42,17,17,17,10,2266,35,58,33,25,17.5111827850342,10,-49,10,1116,87
34.6734866191546,0.869368385613563,384,1954.84582519531,40,16,16,16,10,2196,25,56,36,24,17.7270641326904,15,68,97,1931,84
34.7880699523045,0.869368385613563,378,1732.62524414062,46,16,16,16,10,1956,26,60,32,22,18.3576316833496,11,133,6,668,90
34.9630699520244,0.869368385613563,279,1141.92065429688,47,13,13,13,10,1735,18,59,33,20,18.7361736297607,4,-83,28,1406,107
34.9755699520044,0.869368385613563,249,1151.13891601562,48,13,13,13,10,1744,20,60,32,20,18.7202472686768,5,-34,15,1419,109
34.9797366186644,0.869368385613563,256,1168.82849121094,47,14,14,14,10,1763,19,62,32,21,18.7113742828369,3,-53,11,1303,105
34.4755699528046,0.867285052283563,291,1564.51013183594,37,18,18,18,10,2173,29,55,37,26,17.516284942627,21,-60,98,6274,84
34.4776532861346,0.867285052283563,280,1665.52575683594,37,18,18,18,10,2258,29,54,37,27,17.4420795440674,4,52,98,5339,84
34.5193199527346,0.867285052283563,375,1600.78686523438,36,18,18,18,10,2228,37,58,36,28,17.5148983001709,7,105,40,3275,86
34.5214032860646,0.867285052283563,381,1600.78686523438,36,18,18,18,10,2228,37,58,36,28,17.5148983001709,7,105,40,3275,86
34.5443199526946,0.867285052283563,407,1928.6923828125,40,17,17,17,10,2241,40,57,36,25,17.4519309997559,1,-181,37,2163,87
34.6005699526046,0.867285052283563,399,1869.56164550781,43,16,16,16,10,2235,45,60,32,25,17.5893840789795,6,-6,10,1057,86
34.6089032859246,0.867285052283563,379,1884.61083984375,43,16,16,16,10,2258,36,59,33,25,17.6057605743408,6,145,13,835,87
34.7297366190645,0.867285052283563,411,1830.73779296875,46,16,16,16,10,2037,31,59,30,24,18.1703948974609,12,59,25,1780,84
34.7443199523745,0.867285052283563,405,1846.36535644531,46,15,15,15,10,2011,27,58,32,22,18.2344779968262,6,97,10,1540,90
34.7526532856945,0.867285052283563,381,1805.03662109375,46,16,16,16,10,1943,30,58,31,22,18.2922344207764,9,-42,11,1819,91
34.9755699520044,0.867285052283563,263,1190.48181152344,49,13,13,13,10,1768,20,60,30,20,18.7045593261719,4,-19,15,1173,106
34.9859866186544,0.867285052283563,243,1266.99523925781,46,14,14,14,10,1781,20,60,32,21,18.6858921051025,3,-50,13,1194,104
35.0068199519544,0.867285052283563,268,1335.49523925781,47,14,14,14,10,1788,21,60,33,20,18.6771926879883,4,-3,19,1145,103
34.4755699528046,0.865201718953563,302,1564.51013183594,37,18,18,18,10,2173,29,55,37,26,17.516284942627,21,-60,98,6274,84
34.5109866194146,0.865201718953563,319,1618.32067871094,36,17,17,17,10,2107,29,56,36,29,17.5607833862305,13,-575,98,4788,88
34.5172366194046,0.865201718953563,377,1618.32067871094,36,17,17,17,10,2107,29,56,36,29,17.5607833862305,13,-575,98,4788,88
34.5276532860546,0.865201718953563,429,1753.98645019531,37,18,18,18,10,2274,43,59,37,26,17.4347724914551,14,35,36,2451,81
34.5589032860046,0.865201718953563,348,1882.826171875,42,17,17,17,10,2241,40,58,33,25,17.5010604858398,4,-2,27,1618,95
34.6026532859346,0.865201718953563,420,1884.61083984375,43,16,16,16,10,2258,36,59,33,25,17.6057605743408,6,145,13,835,87
34.6234866192346,0.865201718953563,433,1811.72839355469,43,15,15,15,10,2193,25,55,33,24,17.6894111633301,8,-60,97,1424,87
34.6255699525646,0.865201718953563,415,1811.72839355469,43,15,15,15,10,2193,25,55,33,24,17.6894111633301,8,-60,97,1424,87
34.6526532858546,0.865201718953563,393,1894.18420410156,37,16,16,16,10,2209,34,59,38,24,17.7443199157715,21,80,15,580,80
34.6714032858246,0.865201718953563,401,1957.17346191406,38,17,17,17,10,2196,37,58,37,25,17.7978935241699,22,347,69,730,80
34.7776532856545,0.865201718953563,352,1659.69799804688,49,15,15,15,10,1907,24,61,30,22,18.4073085784912,4,19,30,1609,91
34.7922366189645,0.865201718953563,349,1659.06005859375,47,15,15,15,10,1895,24,60,31,21,18.4183654785156,6,115,13,1193,92
34.9964032853044,0.865201718953563,324,1351.80932617188,47,14,14,14,10,1817,21,61,32,21,18.6657543182373,2,95,7,1051,107
34.4526532861747,0.863118385623563,340,1379.1513671875,41,18,18,18,10,1950,38,58,34,26,17.8152179718018,33,-192,29,8995,75
34.4672366194847,0.863118385623563,397,1468.33984375,39,18,18,18,10,2190,44,58,36,26,17.6530342102051,13,483,40,6239,80
34.4776532861346,0.863118385623563,286,1665.52575683594,37,18,18,18,10,2258,29,54,37,27,17.4420795440674,4,52,98,5339,84
34.5297366193846,0.863118385623563,418,1753.98645019531,37,18,18,18,10,2274,43,59,37,26,17.4347724914551,14,35,36,2451,81
34.5859866192946,0.863118385623563,406,1803.07788085938,44,17,17,17,10,2282,40,58,32,25,17.5626220703125,9,230,12,499,91
34.6109866192546,0.863118385623563,403,1853.7880859375,43,16,16,16,10,2205,31,61,33,24,17.6513767242432,6,8,16,1154,87
34.6443199525346,0.863118385623563,391,1813.15783691406,40,16,16,16,10,2166,24,54,36,24,17.76247215271,9,-37,98,1250,84
34.6734866191546,0.863118385623563,378,1957.17346191406,38,17,17,17,10,2196,37,58,37,25,17.7978935241699,22,347,69,730,80
34.6776532858146,0.863118385623563,387,1866.36242675781,42,17,17,17,10,2079,27,60,34,24,17.9492244720459,6,-147,30,2668,89
34.7401532857145,0.863118385623563,412,1852.2646484375,46,16,16,16,10,2012,29,59,31,23,18.1990222930908,9,-14,23,1895,87
34.9734866186744,0.863118385623563,263,1190.48181152344,49,13,13,13,10,1768,20,60,30,20,18.7045593261719,4,-19,15,1173,106
34.9859866186544,0.863118385623563,210,1266.99523925781,46,14,14,14,10,1781,20,60,32,21,18.6858921051025,3,-50,13,1194,104
34.5026532860946,0.861035052293563,331,1790.43054199219,35,18,18,18,10,2277,27,53,36,29,17.4404373168945,12,87,98,3711,88
34.5151532860746,0.861035052293563,338,1618.32067871094,36,17,17,17,10,2107,29,56,36,29,17.5607833862305,13,-575,98,4788,88
34.5672366193246,0.861035052293563,367,1823.55651855469,42,16,16,16,10,2233,36,58,33,25,17.5309009552002,7,-8,17,1443,97
34.6276532858946,0.861035052293563,413,1781.65905761719,42,16,16,16,10,2176,25,54,34,24,17.7262668609619,17,17,41,1459,87
34.7089032857645,0.861035052293563,352,1751.18908691406,43,16,16,16,10,2053,30,59,33,25,18.0884990692139,8,63,75,2469,94
34.7380699523845,0.861035052293563,389,1852.2646484375,46,16,16,16,10,2012,29,59,31,23,18.1990222930908,9,-14,23,1895,87
34.7568199523545,0.861035052293563,347,1805.03662109375,46,16,16,16,10,1943,30,58,31,22,18.2922344207764,9,-42,11,1819,91
34.7651532856745,0.861035052293563,330,1732.77819824219,47,15,15,15,10,1891,29,60,30,23,18.3520240783691,6,-259,16,2068,92
34.7797366189845,0.861035052293563,343,1659.69799804688,49,15,15,15,10,1907,24,61,30,22,18.4073085784912,4,19,30,1609,91
34.9672366186844,0.861035052293563,224,1183.26696777344,49,14,14,14,10,1743,18,58,31,20,18.7124443054199,5,-16,11,1248,105
34.4484866195147,0.858951718963563,294,1229.45788574219,46,16,16,16,10,1607,31,58,30,25,17.9274711608887,27,-701,26,11403,82
34.5484866193546,0.858951718963563,397,1975.36120605469,40,17,17,17,10,2285,45,57,36,24,17.4551181793213,6,107,17,1319,86
34.5922366192846,0.858951718963563,416,1810.14953613281,43,16,16,16,10,2203,45,58,32,25,17.6342735290527,8,194,14,989,93
34.5943199526146,0.858951718963563,403,1861.05334472656,43,16,16,16,10,2187,40,59,33,24,17.6598682403564,2,14,20,1417,90
34.6214032859046,0.858951718963563,455,1805.69873046875,43,16,16,16,10,2135,28,56,33,24,17.7798156738281,11,-140,84,1545,87
34.6255699525646,0.858951718963563,405,1805.69873046875,43,16,16,16,10,2135,28,56,33,24,17.7798156738281,11,-140,84,1545,87
34.6401532858746,0.858951718963563,364,1813.01452636719,41,16,16,16,10,2099,26,56,35,24,17.8324813842773,5,-260,97,2149,89
34.7922366189645,0.858951718963563,326,1550.83874511719,47,14,14,14,10,1872,23,60,31,22,18.4988136291504,8,250,24,1199,88
34.9589032853644,0.858951718963563,241,1215.41967773438,50,13,13,13,10,1761,20,60,30,20,18.6923828125,3,51,13,1022,103
34.9755699520044,0.858951718963563,233,1272.25158691406,50,13,13,13,10,1781,20,60,30,20,18.6808071136475,5,-20,26,1138,104
34.9943199519744,0.858951718963563,283,1401.55285644531,46,14,14,14,10,1812,20,60,33,21,18.6612415313721,2,32,20,1039,109
34.4651532861547,0.856868385633563,321,1382.99584960938,43,17,17,17,10,1930,40,58,33,25,17.8276653289795,23,-264,24,8134,81
34.4922366194446,0.856868385633563,291,1754.76953125,37,17,17,17,30,2180,27,52,36,26,17.4800472259521,5,-17,98,4584,88
34.5005699527646,0.856868385633563,335,1853.81713867188,37,17,17,17,90,2221,29,53,36,27,17.4358730316162,18,279,98,3812,94
34.5089032860846,0.856868385633563,331,1773.9365234375,37,17,17,17,90,2212,27,53,36,28,17.5159072875977,14,173,98,3815,88
34.6255699525646,0.856868385633563,423,1805.69873046875,43,16,16,16,10,2135,28,56,33,24,17.7798156738281,11,-140,84,1545,87
34.6443199525346,0.856868385633563,407,1790.08447265625,38,17,17,17,10,2077,31,61,37,25,17.885232925415,22,-290,34,1883,87
34.6693199524946,0.856868385633563,440,1930.19348144531,40,16,16,16,10,2140,38,59,35,25,17.904333114624,9,194,75,0,84
34.6755699524846,0.856868385633563,418,1930.19348144531,40,16,16,16,10,2140,38,59,35,25,17.904333114624,9,194,75,0,84
34.6797366191445,0.856868385633563,422,1900.45227050781,41,16,16,16,10,2063,32,59,35,25,17.9889240264893,8,-54,72,1756,91
34.7193199524145,0.856868385633563,386,1772.01940917969,46,16,16,16,10,1975,30,60,31,23,18.2294483184814,8,25,15,2579,90
34.7839032856445,0.856868385633563,325,1517.88293457031,47,15,15,15,10,1823,27,58,29,23,18.5205345153809,25,-190,18,1921,90
34.9609866186944,0.856868385633563,230,1254.77282714844,50,13,13,13,10,1777,21,60,30,20,18.6814460754395,5,72,7,828,106
34.9818199519944,0.856868385633563,223,1288.20080566406,47,13,13,13,10,1773,15,59,32,20,18.6774234771729,2,-34,18,1245,104
34.4589032861647,0.854785052303563,273,1296.48876953125,45,16,16,16,10,1816,38,58,31,24,17.9267902374268,15,-154,24,9526,79
34.4776532861346,0.854785052303563,312,1605.94750976562,37,18,18,18,90,2181,25,52,37,26,17.5544815063477,21,39,98,4950,84
34.4839032861246,0.854785052303563,262,1605.94750976562,37,18,18,18,90,2181,25,52,37,26,17.5544815063477,21,39,98,4950,84
34.4922366194446,0.854785052303563,287,1754.76953125,37,17,17,17,30,2180,27,52,36,26,17.4800472259521,5,-17,98,4584,88
34.5359866193746,0.854785052303563,430,1880.71691894531,39,17,17,17,10,2337,38,58,36,25,17.4300785064697,6,308,85,1175,82
34.5859866192946,0.854785052303563,399,1810.14953613281,43,16,16,16,10,2203,45,58,32,25,17.6342735290527,8,194,14,989,93
34.6005699526046,0.854785052303563,385,1861.05334472656,43,16,16,16,10,2187,40,59,33,24,17.6598682403564,2,14,20,1417,90
34.6484866191946,0.854785052303563,428,1790.08447265625,38,17,17,17,10,2077,31,61,37,25,17.885232925415,22,-290,34,1883,87
34.6984866191145,0.854785052303563,340,1766.8994140625,42,16,16,16,10,1995,34,60,33,25,18.1412258148193,2,-65,42,2856,94
34.7859866189745,0.854785052303563,316,1550.83874511719,47,14,14,14,10,1872,23,60,31,22,18.4988136291504,8,250,24,1199,88
34.7880699523045,0.854785052303563,317,1550.83874511719,47,14,14,14,10,1872,23,60,31,22,18.4988136291504,8,250,24,1199,88
34.9526532853744,0.854785052303563,283,1215.41967773438,50,13,13,13,10,1761,20,60,30,20,18.6923828125,3,51,13,1022,103
34.9922366186444,0.854785052303563,289,1337.11877441406,46,14,14,14,10,1787,21,60,33,21,18.6717395782471,2,-39,12,1211,104
35.0130699519444,0.854785052303563,291,1282.62036132812,45,14,14,14,10,1772,21,60,35,20,18.690372467041,3,-76,13,1457,104
34.4568199528347,0.852701718973563,284,1296.48876953125,45,16,16,16,10,1816,38,58,31,24,17.9267902374268,15,-154,24,9526,79
34.5359866193746,0.852701718973563,400,1880.71691894531,39,17,17,17,10,2337,38,58,36,25,17.4300785064697,6,308,85,1175,82
34.6359866192146,0.852701718973563,394,1813.01452636719,41,16,16,16,10,2099,26,56,35,24,17.8324813842773,5,-260,97,2149,89
34.7130699524245,0.852701718973563,351,1763.0009765625,44,16,16,16,10,1969,32,60,32,24,18.1991424560547,7,-98,37,2907,93
34.7193199524145,0.852701718973563,373,1772.01940917969,46,16,16,16,10,1975,30,60,31,23,18.2294483184814,8,25,15,2579,90
34.7359866190545,0.852701718973563,314,1804.09643554688,47,16,16,16,10,1990,26,59,31,22,18.2699546813965,8,231,15,2004,88
34.7797366189845,0.852701718973563,358,1517.88293457031,47,15,15,15,10,1823,27,58,29,23,18.5205345153809,25,-190,18,1921,90
34.7839032856445,0.852701718973563,359,1517.88293457031,47,15,15,15,10,1823,27,58,29,23,18.5205345153809,25,-190,18,1921,90
34.7880699523045,0.852701718973563,309,1550.83874511719,47,14,14,14,10,1872,23,60,31,22,18.4988136291504,8,250,24,1199,88
34.9880699519844,0.852701718973563,288,1337.11877441406,46,14,14,14,10,1787,21,60,33,21,18.6717395782471,2,-39,12,1211,104
35.0026532852944,0.852701718973563,244,1380.72424316406,45,14,14,14,10,1786,20,60,34,20,18.6724510192871,3,-41,6,1173,105
34.4693199528147,0.850618385643563,385,1443.34411621094,42,17,17,17,10,2003,27,57,33,25,17.793514251709,31,-172,55,6451,82
34.4964032861046,0.850618385643563,341,1823.72717285156,38,18,18,18,10,2244,31,55,36,26,17.5092506408691,11,433,98,3233,81
34.5026532860946,0.850618385643563,298,1740.94934082031,37,18,18,18,10,2109,25,54,37,27,17.6020202636719,13,-114,98,4191,85
34.5234866193946,0.850618385643563,382,1512.486328125,36,18,18,18,10,2044,33,58,36,28,17.6793937683105,6,-246,85,4569,90
34.5255699527246,0.850618385643563,392,1512.486328125,36,18,18,18,10,2044,33,58,36,28,17.6793937683105,6,-246,85,4569,90
34.5734866193146,0.850618385643563,373,1843.13537597656,44,16,16,16,10,2117,45,58,32,24,17.6868686676025,10,-118,33,1920,96
34.6297366192246,0.850618385643563,440,1826.79174804688,41,16,16,16,10,2156,27,55,35,24,17.8472995758057,7,241,98,1219,87
34.6568199525146,0.850618385643563,421,1765.08154296875,39,17,17,17,10,2015,40,60,37,25,18.0187835693359,16,-295,36,2048,88
34.6651532858346,0.850618385643563,363,1817.36206054688,40,16,16,16,10,2068,37,60,35,24,18.0085926055908,12,51,16,927,88
34.6672366191646,0.850618385643563,372,1817.36206054688,40,16,16,16,10,2068,37,60,35,24,18.0085926055908,12,51,16,927,88
34.7776532856545,0.850618385643563,354,1401.28698730469,47,15,15,15,10,1729,19,60,29,24,18.5794639587402,5,-236,25,2872,95
34.4526532861747,0.848535052313563,290,1257.32177734375,47,16,16,16,10,1747,37,56,30,23,17.9537029266357,12,-17,39,9008,82
34.4568199528347,0.848535052313563,271,1257.32177734375,47,16,16,16,10,1747,37,56,30,23,17.9537029266357,12,-17,39,9008,82
34.5172366194046,0.848535052313563,340,1586.14025878906,38,18,18,18,10,2169,27,53,36,27,17.6673202514648,13,163,98,3740,90
34.6922366191245,0.848535052313563,373,1873.892578125,43,16,16,16,10,2010,42,60,32,25,18.1169509887695,9,49,16,1956,93
34.7943199522945,0.848535052313563,304,1432.36437988281,47,15,15,15,10,1720,21,59,31,22,18.6021842956543,11,-67,16,2376,90
34.9505699520444,0.848535052313563,281,1193.67785644531,46,14,14,14,10,1767,23,60,33,20,18.7040920257568,4,46,10,942,100
34.4214032862247,0.846451718983563,242,1171.75036621094,45,14,14,14,10,1436,20,58,32,23,17.838249206543,3,-267,34,11803,95
34.5318199527146,0.846451718983563,360,1612.70361328125,38,18,18,18,10,2181,44,58,36,26,17.6224956512451,17,-220,34,2867,84
34.5734866193146,0.846451718983563,370,1843.13537597656,44,16,16,16,10,2117,45,58,32,24,17.6868686676025,10,-118,33,1920,96
34.5755699526446,0.846451718983563,350,1843.13537597656,44,16,16,16,10,2117,45,58,32,24,17.6868686676025,10,-118,33,1920,96
34.5943199526146,0.846451718983563,414,1857.99084472656,42,16,16,16,10,2179,44,60,33,25,17.7362327575684,12,166,20,1184,92
34.6026532859346,0.846451718983563,420,1847.66345214844,43,16,16,16,10,2158,38,59,33,24,17.7815532684326,6,77,11,1669,90
34.6609866191746,0.846451718983563,432,1817.36206054688,40,16,16,16,10,2068,37,60,35,24,18.0085926055908,12,51,16,927,88
34.6776532858146,0.846451718983563,396,1909.8251953125,42,16,16,16,10,2077,39,59,33,24,18.0486450195312,7,172,17,0,93
34.7068199524345,0.846451718983563,291,1776.97082519531,46,16,16,16,10,1946,33,59,30,24,18.233772277832,11,-102,33,2848,93
34.7797366189845,0.846451718983563,350,1401.28698730469,47,15,15,15,10,1729,19,60,29,24,18.5794639587402,5,-236,25,2872,95
34.9172366187644,0.846451718983563,411,1219.08178710938,46,15,15,15,10,1691,24,63,32,22,18.7178440093994,3,-138,14,1240,106
34.9193199520944,0.846451718983563,395,1149.98962402344,45,14,14,14,10,1690,23,62,33,22,18.7224941253662,7,-138,26,1346,105
34.9318199520744,0.846451718983563,305,1151.92150878906,46,14,14,14,10,1724,24,60,34,21,18.7218914031982,8,16,18,1112,102
34.9359866187344,0.846451718983563,307,1165.89208984375,46,14,14,14,10,1712,25,60,33,20,18.7202777862549,6,-139,15,1309,102
34.9401532853944,0.846451718983563,289,1165.89208984375,46,14,14,14,10,1712,25,60,33,20,18.7202777862549,6,-139,15,1309,102
34.9484866187144,0.846451718983563,293,1193.67785644531,46,14,14,14,10,1767,23,60,33,20,18.7040920257568,4,46,10,942,100
34.9547366187044,0.846451718983563,261,1255.08532714844,48,14,14,14,10,1800,22,61,33,20,18.6751308441162,4,159,16,648,103
34.6068199525946,0.844368385653563,408,1847.66345214844,43,16,16,16,10,2158,38,59,33,24,17.7815532684326,6,77,11,1669,90
34.6276532858946,0.844368385653563,452,1826.79174804688,41,16,16,16,10,2156,27,55,35,24,17.8472995758057,7,241,98,1219,87
34.6401532858746,0.844368385653563,421,1845.2890625,41,16,16,16,10,2110,25,56,36,24,17.8777446746826,18,213,63,1134,87
34.8047366189445,0.844368385653563,325,1352.63732910156,47,15,15,15,10,1704,20,59,30,23,18.6161403656006,3,-264,18,2354,94
34.9318199520744,0.844368385653563,302,1151.92150878906,46,14,14,14,10,1724,24,60,34,21,18.7218914031982,8,16,18,1112,102
34.9693199520144,0.844368385653563,221,1372.14855957031,50,14,14,14,10,1788,17,59,30,20,18.6571865081787,3,-37,47,944,102
34.9901532853144,0.844368385653563,288,1415.25354003906,46,14,14,14,10,1809,15,59,34,20,18.654712677002,4,1,13,936,103
34.4630699528247,0.842285052323563,267,1339.08972167969,47,16,16,16,10,1794,37,57,31,22,17.9452304840088,13,-50,31,7441,83
34.4672366194847,0.842285052323563,267,1339.08972167969,47,16,16,16,10,1794,37,57,31,22,17.9452304840088,13,-50,31,7441,83
34.4776532861346,0.842285052323563,340,1560.8603515625,41,18,18,18,10,2057,32,59,34,25,17.7451629638672,8,242,95,5009,80
34.5318199527146,0.842285052323563,371,1573.51086425781,37,18,18,18,10,2072,43,58,37,26,17.6938896179199,35,-511,52,4141,85
34.6047366192646,0.842285052323563,400,1849.43322753906,44,16,16,16,10,2115,40,58,31,25,17.8612060546875,6,109,15,1651,91
34.7401532857145,0.842285052323563,278,1597.70422363281,46,16,16,16,10,1753,31,59,31,23,18.4915103912354,14,-204,23,3287,89
34.7484866190345,0.842285052323563,264,1548.97827148438,46,15,15,15,10,1744,21,60,31,23,18.5187339782715,4,-180,12,3462,91
34.7672366190045,0.842285052323563,337,1390.40344238281,45,16,16,16,10,1710,19,60,31,23,18.5583934783936,4,-138,23,3311,95
34.9214032854244,0.842285052323563,369,1142.18054199219,46,14,14,14,10,1707,21,61,33,21,18.7196006774902,6,-64,13,1136,104
34.9359866187344,0.842285052323563,297,1200.74255371094,46,14,14,14,10,1757,22,60,34,20,18.6923885345459,7,143,21,790,101
34.9443199520544,0.842285052323563,260,1225.81225585938,47,14,14,14,10,1736,20,59,33,20,18.6971206665039,4,-176,10,1096,101
34.9609866186944,0.842285052323563,243,1370.75500488281,47,14,14,14,10,1806,20,62,33,19,18.6502742767334,5,56,27,648,99
34.9839032853244,0.842285052323563,261,1413.568359375,46,14,14,14,10,1820,14,58,34,20,18.6528816223145,2,88,13,595,106
35.0068199519544,0.842285052323563,253,1425.2509765625,48,14,14,14,10,1826,22,62,33,19,18.6569156646729,3,130,20,711,108
34.4318199528747,0.840201718993563,252,1156.05603027344,43,14,14,14,10,1531,16,57,34,22,17.8236408233643,12,52,18,9612,96
34.4464032861847,0.840201718993563,277,1193.0791015625,47,14,14,14,10,1604,27,56,31,22,17.8804244995117,9,-41,36,8801,88
34.4859866194546,0.840201718993563,349,1704.20324707031,40,18,18,18,10,2122,32,58,35,25,17.6460151672363,24,134,99,4617,79
34.5214032860646,0.840201718993563,417,1462.22399902344,38,18,18,18,10,2124,38,62,36,27,17.7799892425537,28,431,29,2925,83
34.5255699527246,0.840201718993563,403,1462.22399902344,38,18,18,18,10,2124,38,62,36,27,17.7799892425537,28,431,29,2925,83
34.5318199527146,0.840201718993563,374,1573.51086425781,37,18,18,18,10,2072,43,58,37,26,17.6938896179199,35,-511,52,4141,85
34.5422366193646,0.840201718993563,391,1810.57836914062,39,16,16,16,10,2255,41,57,37,24,17.5367584228516,16,454,17,1316,78
34.5672366193246,0.840201718993563,409,1982.91784667969,44,16,16,16,10,2121,45,59,33,23,17.6423835754395,4,-186,12,1647,89
34.6776532858146,0.840201718993563,360,1888.39794921875,44,16,16,16,10,2001,40,61,31,24,18.1234397888184,11,-37,31,418,90
34.7609866190145,0.840201718993563,337,1390.40344238281,45,16,16,16,10,1710,19,60,31,23,18.5583934783936,4,-138,23,3311,95
34.7693199523345,0.840201718993563,353,1313.87451171875,47,16,16,16,10,1702,18,60,30,24,18.5726337432861,2,-115,39,3298,97
34.9005699521244,0.840201718993563,337,1524.01904296875,47,14,14,14,10,1769,21,60,34,19,18.6651935577393,3,127,12,476,108
34.9609866186944,0.840201718993563,270,1370.75500488281,47,14,14,14,10,1806,20,62,33,19,18.6502742767334,5,56,27,648,99
35.0151532852744,0.840201718993563,260,1348.70080566406,48,14,14,14,10,1803,23,62,32,20,18.6729736328125,3,72,17,968,103
34.4609866194947,0.838118385663563,275,1339.08972167969,47,16,16,16,10,1794,37,57,31,22,17.9452304840088,13,-50,31,7441,83
34.4693199528147,0.838118385663563,282,1439.2470703125,45,16,16,16,10,1876,36,59,32,23,17.863410949707,28,-196,33,6795,81
34.6401532858746,0.838118385663563,405,1824.21997070312,41,16,16,16,10,2091,26,58,36,23,17.9647178649902,8,290,99,1449,84
34.6651532858346,0.838118385663563,356,1772.05932617188,43,16,16,16,10,1983,39,60,33,24,18.0997505187988,10,-47,22,1432,87
34.6693199524946,0.838118385663563,363,1839.44201660156,44,16,16,16,10,2044,37,62,33,24,18.0921649932861,9,236,15,173,88
34.6714032858246,0.838118385663563,378,1839.44201660156,44,16,16,16,10,2044,37,62,33,24,18.0921649932861,9,236,15,173,88
34.6755699524846,0.838118385663563,365,1839.44201660156,44,16,16,16,10,2044,37,62,33,24,18.0921649932861,9,236,15,173,88
34.7401532857145,0.838118385663563,266,1597.70422363281,46,16,16,16,10,1753,31,59,31,23,18.4915103912354,14,-204,23,3287,89
34.7734866189945,0.838118385663563,361,1313.87451171875,47,16,16,16,10,1702,18,60,30,24,18.5726337432861,2,-115,39,3298,97
34.7797366189845,0.838118385663563,375,1346.64611816406,48,15,15,15,10,1712,18,60,29,23,18.5842952728271,3,-81,23,2914,99
34.7964032856245,0.838118385663563,303,1430.22766113281,48,15,15,15,10,1713,17,60,31,21,18.606029510498,5,-9,20,2385,100
34.9005699521244,0.838118385663563,307,1524.01904296875,47,14,14,14,10,1769,21,60,34,19,18.6651935577393,3,127,12,476,108
34.9922366186444,0.838118385663563,271,1415.76965332031,45,14,14,14,10,1823,19,59,36,19,18.654296875,4,100,8,701,110
34.4714032861446,0.836035052333563,294,1439.2470703125,45,16,16,16,10,1876,36,59,32,23,17.863410949707,28,-196,33,6795,81
34.5214032860646,0.836035052333563,398,1462.22399902344,38,18,18,18,10,2124,38,62,36,27,17.7799892425537,28,431,29,2925,83
34.5297366193846,0.836035052333563,362,1573.51086425781,37,18,18,18,10,2072,43,58,37,26,17.6938896179199,35,-511,52,4141,85
34.5339032860446,0.836035052333563,376,1573.51086425781,37,18,18,18,10,2072,43,58,37,26,17.6938896179199,35,-511,52,4141,85
34.5672366193246,0.836035052333563,431,1982.91784667969,44,16,16,16,10,2121,45,59,33,23,17.6423835754395,4,-186,12,1647,89
34.6047366192646,0.836035052333563,404,1849.43322753906,44,16,16,16,10,2115,40,58,31,25,17.8612060546875,6,109,15,1651,91
34.6172366192446,0.836035052333563,356,1776.03479003906,44,16,16,16,10,2036,38,59,31,25,17.9330749511719,5,-65,15,2381,89
34.6651532858346,0.836035052333563,347,1772.05932617188,43,16,16,16,10,1983,39,60,33,24,18.0997505187988,10,-47,22,1432,87
34.7130699524245,0.836035052333563,282,1732.17028808594,47,15,15,15,10,1926,27,58,31,23,18.3398170471191,14,292,16,2616,92
34.7818199523145,0.836035052333563,368,1346.64611816406,48,15,15,15,10,1712,18,60,29,23,18.5842952728271,3,-81,23,2914,99
34.9193199520944,0.836035052333563,337,1142.18054199219,46,14,14,14,10,1707,21,61,33,21,18.7196006774902,6,-64,13,1136,104
35.0047366186244,0.836035052333563,281,1425.2509765625,48,14,14,14,10,1826,22,62,33,19,18.6569156646729,3,130,20,711,108
35.0172366186044,0.836035052333563,293,1348.70080566406,48,14,14,14,10,1803,23,62,32,20,18.6729736328125,3,72,17,968,103
34.4776532861346,0.833951719003563,303,1533.66772460938,45,16,16,16,10,1973,44,59,32,24,17.8590488433838,12,206,38,4709,77
34.5193199527346,0.833951719003563,404,1387.70397949219,41,17,17,17,10,1835,42,58,35,24,17.94482421875,27,-443,16,4862,87
34.5714032859846,0.833951719003563,438,1991.99279785156,45,15,15,15,10,2098,43,58,31,24,17.74049949646,16,-214,18,1516,92
34.6130699525846,0.833951719003563,376,1766.4443359375,46,16,16,16,10,1996,44,58,30,24,18.0211620330811,13,121,33,2195,85
34.6234866192346,0.833951719003563,367,1687.61950683594,45,16,16,16,10,1916,36,59,31,24,18.0817890167236,9,-42,20,2751,90
34.6401532858746,0.833951719003563,394,1750.09338378906,44,16,16,16,10,2019,34,60,33,23,18.0731010437012,10,287,15,1900,82
34.6443199525346,0.833951719003563,372,1745.28698730469,45,16,16,16,10,1957,38,60,31,24,18.1284503936768,13,-169,35,2520,86
34.6568199525146,0.833951719003563,352,1731.83642578125,46,16,16,16,10,1932,33,59,31,24,18.1604518890381,13,-76,19,2076,88
34.7234866190745,0.833951719003563,296,1617.82568359375,48,15,15,15,10,1772,30,60,30,22,18.4595375061035,7,18,23,3314,92
34.7339032857245,0.833951719003563,256,1592.00329589844,47,15,15,15,10,1718,20,58,31,22,18.5011558532715,3,-210,17,3889,95
34.7672366190045,0.833951719003563,357,1354.04504394531,46,15,15,15,10,1690,19,58,32,23,18.5546455383301,3,-63,18,3383,99
34.9026532854544,0.833951719003563,322,1374.65649414062,47,14,14,14,10,1727,20,60,33,20,18.6989212036133,5,-6,15,791,105
34.9380699520644,0.833951719003563,303,1218.91955566406,47,14,14,14,10,1781,17,60,33,19,18.6854610443115,4,172,15,655,103
34.9818199519944,0.833951719003563,277,1339.79040527344,45,14,14,14,10,1780,15,58,36,19,18.6829452514648,5,-45,15,930,99
34.4339032862047,0.831868385673563,258,1150.84777832031,44,15,15,15,10,1500,16,59,35,21,17.8104286193848,7,101,19,8198,98
34.4839032861246,0.831868385673563,303,1533.66772460938,45,16,16,16,10,1973,44,59,32,24,17.8590488433838,12,206,38,4709,77
34.4901532861146,0.831868385673563,324,1651.56909179688,43,16,16,16,10,2070,46,58,33,24,17.7806072235107,26,385,26,4438,72
34.4922366194446,0.831868385673563,336,1651.56909179688,43,16,16,16,10,2070,46,58,33,24,17.7806072235107,26,385,26,4438,72
34.4943199527746,0.831868385673563,351,1694.79077148438,42,16,16,16,10,2039,52,58,33,25,17.7688522338867,37,529,20,3648,66
34.6130699525846,0.831868385673563,368,1766.4443359375,46,16,16,16,10,1996,44,58,30,24,18.0211620330811,13,121,33,2195,85
34.6193199525746,0.831868385673563,343,1687.61950683594,45,16,16,16,10,1916,36,59,31,24,18.0817890167236,9,-42,20,2751,90
34.7109866190945,0.831868385673563,255,1652.40979003906,47,15,15,15,10,1773,32,59,29,24,18.4428310394287,20,-263,36,3157,93
34.7318199523945,0.831868385673563,240,1592.00329589844,47,15,15,15,10,1718,20,58,31,22,18.5011558532715,3,-210,17,3889,95
34.7693199523345,0.831868385673563,368,1290.39868164062,47,15,15,15,10,1693,18,60,30,23,18.5639228820801,1,-47,21,3150,98
34.9255699520844,0.831868385673563,264,1138.50158691406,46,14,14,14,10,1685,16,59,34,20,18.7167301177979,4,-157,23,1431,105
35.0214032852644,0.831868385673563,299,1219.888671875,47,14,14,14,10,1765,20,60,33,20,18.7043724060059,1,-75,13,1383,106
34.4380699528647,0.829785052343563,237,1157.08703613281,45,14,14,14,10,1524,18,57,33,22,17.8203430175781,5,-11,21,8282,94
34.4464032861847,0.829785052343563,226,1189.38000488281,46,14,14,14,10,1554,23,58,32,22,17.849328994751,10,-153,28,8007,89
34.4505699528447,0.829785052343563,236,1189.38000488281,46,14,14,14,10,1554,23,58,32,22,17.849328994751,10,-153,28,8007,89
34.4547366195047,0.829785052343563,254,1257.79028320312,47,15,15,15,10,1643,31,57,31,21,17.8988742828369,9,-29,27,7312,85
34.6109866192546,0.829785052343563,300,1766.4443359375,46,16,16,16,10,1996,44,58,30,24,18.0211620330811,13,121,33,2195,85
34.6172366192446,0.829785052343563,313,1766.4443359375,46,16,16,16,10,1996,44,58,30,24,18.0211620330811,13,121,33,2195,85
34.6339032858846,0.829785052343563,364,1699.86633300781,46,16,16,16,10,1976,40,59,31,23,18.0883541107178,11,13,26,2215,86
34.7026532857745,0.829785052343563,294,1741.56164550781,48,15,15,15,10,1834,37,58,29,23,18.3724365234375,19,-97,31,2976,91
34.7859866189745,0.829785052343563,331,1450.40991210938,48,15,15,15,10,1735,20,59,31,21,18.590669631958,3,71,12,2407,108
34.8797366188245,0.829785052343563,269,1557.97216796875,48,14,14,14,10,1739,17,58,33,19,18.6531372070312,2,-99,34,666,105
34.9839032853244,0.829785052343563,282,1339.79040527344,45,14,14,14,10,1780,15,58,36,19,18.6829452514648,5,-45,15,930,99
34.9901532853144,0.829785052343563,278,1327.55834960938,46,14,14,14,10,1802,18,59,35,20,18.6794891357422,2,36,31,737,100
34.9922366186444,0.829785052343563,281,1327.55834960938,46,14,14,14,10,1802,18,59,35,20,18.6794891357422,2,36,31,737,100
34.9943199519744,0.829785052343563,283,1328.03796386719,47,14,14,14,10,1782,21,60,33,19,18.6830272674561,4,-66,26,1063,102
35.0214032852644,0.829785052343563,284,1219.888671875,47,14,14,14,10,1765,20,60,33,20,18.7043724060059,1,-75,13,1383,106
34.4714032861446,0.827701719013563,267,1433.64526367188,46,16,16,16,10,1837,33,58,31,23,17.923547744751,18,91,33,5679,77
34.5047366194246,0.827701719013563,378,1580.19567871094,43,16,16,16,10,2034,44,58,33,24,17.8766803741455,29,404,19,4080,70
34.5734866193146,0.827701719013563,435,1991.99279785156,45,15,15,15,10,2098,43,58,31,24,17.74049949646,16,-214,18,1516,92
34.7797366189845,0.827701719013563,327,1332.83752441406,47,15,15,15,10,1706,17,60,30,22,18.5768051147461,4,-34,23,2776,104
34.9443199520544,0.827701719013563,315,1247.59191894531,48,14,14,14,10,1766,15,61,33,19,18.6830673217773,4,55,20,860,105
34.9630699520244,0.827701719013563,236,1369.2939453125,46,14,14,14,10,1826,15,60,35,19,18.6586322784424,5,182,29,291,98
34.9776532853344,0.827701719013563,250,1339.79040527344,45,14,14,14,10,1780,15,58,36,19,18.6829452514648,5,-45,15,930,99
34.4255699528847,0.825618385683563,224,1130.74768066406,43,15,15,15,10,1433,16,58,36,21,17.7986183166504,2,1,22,6692,101
34.5193199527346,0.825618385683563,368,1313.70581054688,45,16,16,16,10,1713,46,59,33,23,18.0304145812988,21,-832,45,6930,88
34.5255699527246,0.825618385683563,388,1313.70581054688,45,16,16,16,10,1713,46,59,33,23,18.0304145812988,21,-832,45,6930,88
34.5484866193546,0.825618385683563,380,1775.94873046875,44,16,16,16,10,2095,41,58,33,23,17.721887588501,15,-93,45,2072,81
34.5693199526546,0.825618385683563,444,2053.2021484375,44,15,15,15,10,2126,41,59,32,24,17.6986122131348,15,164,22,1464,86
34.6318199525546,0.825618385683563,342,1604.14013671875,48,15,15,15,10,1890,35,59,30,22,18.2009544372559,18,130,15,2927,88
34.6505699525246,0.825618385683563,304,1663.79772949219,46,15,15,15,10,1851,35,58,31,24,18.2098731994629,8,-55,52,3192,85
34.6714032858246,0.825618385683563,281,1665.92553710938,47,15,15,15,10,1831,33,59,31,22,18.3132991790771,20,-232,36,2529,83
34.7193199524145,0.825618385683563,242,1536.68786621094,47,16,16,16,10,1739,21,58,31,22,18.485050201416,3,0,16,3479,96
34.7297366190645,0.825618385683563,244,1569.70703125,47,16,16,16,10,1738,20,59,32,21,18.5020732879639,2,63,22,3376,106
34.7526532856945,0.825618385683563,289,1431.28369140625,46,16,16,16,10,1728,18,59,32,22,18.5375843048096,3,133,17,2937,114
34.7901532856345,0.825618385683563,325,1449.90893554688,47,15,15,15,10,1727,19,58,32,21,18.5836162567139,3,59,26,2341,108
34.8026532856145,0.825618385683563,298,1371.38806152344,48,15,15,15,10,1686,18,60,31,21,18.599235534668,4,-41,20,2217,104
34.8776532854945,0.825618385683563,250,1564.81823730469,48,14,14,14,10,1755,17,59,33,19,18.644847869873,6,50,18,492,101
34.8797366188245,0.825618385683563,213,1564.81823730469,48,14,14,14,10,1755,17,59,33,19,18.644847869873,6,50,18,492,101
34.9047366187844,0.825618385683563,260,1360.15832519531,47,14,14,14,10,1704,19,61,34,19,18.6984882354736,5,-50,11,1239,103
34.9464032853844,0.825618385683563,308,1236.37487792969,47,14,14,14,10,1757,15,60,35,18,18.7070446014404,6,33,32,795,99
34.9609866186944,0.825618385683563,253,1349.17016601562,45,14,14,14,10,1792,16,60,35,19,18.6759281158447,6,118,11,609,98
34.4359866195347,0.823535052353563,236,1135.90380859375,45,14,14,14,10,1478,15,57,33,21,17.8093852996826,7,-128,30,6653,94
34.4568199528347,0.823535052353563,235,1260.798828125,46,15,15,15,10,1609,17,58,32,22,17.8647632598877,8,-2,13,5630,86
34.4922366194446,0.823535052353563,366,1569.0029296875,46,16,16,16,10,1847,32,59,31,24,17.9302101135254,25,-92,41,5376,71
34.4964032861046,0.823535052353563,342,1596.05444335938,46,16,16,16,10,1870,44,58,31,24,17.9239730834961,27,363,22,4826,71
34.4984866194346,0.823535052353563,345,1596.05444335938,46,16,16,16,10,1870,44,58,31,24,17.9239730834961,27,363,22,4826,71
34.5547366193446,0.823535052353563,312,1949.51342773438,44,16,16,16,10,2113,44,58,32,24,17.6612071990967,17,-273,29,1968,82
34.5755699526446,0.823535052353563,384,2053.2021484375,44,15,15,15,10,2126,41,59,32,24,17.6986122131348,15,164,22,1464,86
34.6276532858946,0.823535052353563,233,1604.14013671875,48,15,15,15,10,1890,35,59,30,22,18.2009544372559,18,130,15,2927,88
34.7151532857545,0.823535052353563,227,1560.35229492188,47,16,16,16,10,1693,22,58,30,23,18.4667682647705,6,-330,23,4202,95
34.7734866189945,0.823535052353563,382,1293.65258789062,47,15,15,15,10,1687,18,59,31,22,18.5545043945312,1,-43,35,2981,102
34.7880699523045,0.823535052353563,306,1449.90893554688,47,15,15,15,10,1727,19,58,32,21,18.5836162567139,3,59,26,2341,108
34.8901532854744,0.823535052353563,282,1522.1259765625,48,14,14,14,10,1736,16,59,33,18,18.6745777130127,4,-98,40,791,103
34.9130699521044,0.823535052353563,278,1213.09606933594,47,14,14,14,10,1681,20,60,33,20,18.7070140838623,3,-122,18,1398,106
34.9943199519744,0.823535052353563,329,1225.22790527344,47,14,14,14,10,1776,18,62,33,20,18.7055549621582,3,45,28,1070,102
35.0089032852844,0.823535052353563,341,1230.30187988281,48,14,14,14,10,1774,17,61,33,19,18.7047176361084,5,-68,22,1240,101
35.0151532852744,0.823535052353563,300,1243.119140625,47,14,14,14,30,1799,20,60,33,20,18.6907806396484,3,115,9,1001,107
34.4339032862047,0.821451719023563,217,1121.90576171875,45,15,15,15,10,1448,16,59,34,21,17.8064842224121,3,-43,17,6695,98
34.4568199528347,0.821451719023563,225,1260.798828125,46,15,15,15,10,1609,17,58,32,22,17.8647632598877,8,-2,13,5630,86
34.4797366194646,0.821451719023563,286,1475.19250488281,46,16,16,16,10,1765,38,57,31,23,17.959156036377,23,-208,37,5443,77
34.5005699527646,0.821451719023563,361,1596.05444335938,46,16,16,16,10,1870,44,58,31,24,17.9239730834961,27,363,22,4826,71
34.5359866193746,0.821451719023563,330,1601.89721679688,43,16,16,16,10,2066,42,59,34,23,17.7610263824463,10,222,30,2315,75
34.5401532860346,0.821451719023563,325,1601.89721679688,43,16,16,16,10,2066,42,59,34,23,17.7610263824463,10,222,30,2315,75
34.5693199526546,0.821451719023563,416,2053.2021484375,44,15,15,15,10,2126,41,59,32,24,17.6986122131348,15,164,22,1464,86
34.6651532858346,0.821451719023563,286,1696.86279296875,47,15,15,15,10,1851,32,58,32,22,18.2663841247559,19,-104,41,2391,87
34.7005699524445,0.821451719023563,312,1760.31066894531,48,15,15,15,10,1794,40,58,29,23,18.3785514831543,17,-86,54,2516,87
34.7089032857645,0.821451719023563,259,1671.73376464844,47,16,16,16,10,1742,33,58,29,24,18.4231624603271,16,-17,31,3304,92
34.7339032857245,0.821451719023563,276,1569.70703125,47,16,16,16,10,1738,20,59,32,21,18.5020732879639,2,63,22,3376,106
34.7693199523345,0.821451719023563,383,1293.65258789062,47,15,15,15,10,1687,18,59,31,22,18.5545043945312,1,-43,35,2981,102
34.8089032856045,0.821451719023563,293,1371.38806152344,48,15,15,15,10,1686,18,60,31,21,18.599235534668,4,-41,20,2217,104
34.8109866189345,0.821451719023563,296,1242.18383789062,48,15,15,15,10,1678,18,59,31,21,18.6058959960938,4,-98,19,2130,99
34.9276532854144,0.821451719023563,292,1159.87158203125,46,14,14,14,10,1725,17,60,34,20,18.7159118652344,4,21,7,1104,103
34.9318199520744,0.821451719023563,296,1159.87158203125,46,14,14,14,10,1725,17,60,34,20,18.7159118652344,4,21,7,1104,103
34.9401532853944,0.821451719023563,382,1203.34729003906,47,14,14,14,10,1760,16,60,33,19,18.7052574157715,4,108,18,830,101
34.9422366187244,0.821451719023563,352,1203.34729003906,47,14,14,14,10,1760,16,60,33,19,18.7052574157715,4,108,18,830,101
35.0339032852444,0.821451719023563,313,1191.66589355469,47,14,14,14,10,1759,19,59,34,20,18.7093238830566,0,-114,21,1483,105
34.4214032862247,0.819368385693563,231,1130.74768066406,43,15,15,15,10,1433,16,58,36,21,17.7986183166504,2,1,22,6692,101
34.4526532861747,0.819368385693563,228,1260.798828125,46,15,15,15,10,1609,17,58,32,22,17.8647632598877,8,-2,13,5630,86
34.4964032861046,0.819368385693563,338,1596.05444335938,46,16,16,16,10,1870,44,58,31,24,17.9239730834961,27,363,22,4826,71
34.5839032859646,0.819368385693563,334,1992.89916992188,44,15,15,15,10,2026,38,59,32,23,17.8250694274902,18,-70,13,2106,92
34.5859866192946,0.819368385693563,327,1909.03784179688,45,15,15,15,10,2049,39,58,31,24,17.9342803955078,9,86,16,2185,96
34.5922366192846,0.819368385693563,285,1909.03784179688,45,15,15,15,10,2049,39,58,31,24,17.9342803955078,9,86,16,2185,96
34.6151532859146,0.819368385693563,271,1743.99169921875,46,15,15,15,10,1885,35,58,31,22,18.1068935394287,9,-158,20,2946,86
34.6172366192446,0.819368385693563,266,1743.99169921875,46,15,15,15,10,1885,35,58,31,22,18.1068935394287,9,-158,20,2946,86
34.7255699524045,0.819368385693563,260,1536.68786621094,47,16,16,16,10,1739,21,58,31,22,18.485050201416,3,0,16,3479,96
34.7297366190645,0.819368385693563,257,1569.70703125,47,16,16,16,10,1738,20,59,32,21,18.5020732879639,2,63,22,3376,106
34.7609866190145,0.819368385693563,307,1363.04577636719,47,15,15,15,10,1689,18,60,31,22,18.5465221405029,5,6,24,3064,106
34.8089032856045,0.819368385693563,293,1371.38806152344,48,15,15,15,10,1686,18,60,31,21,18.599235534668,4,-41,20,2217,104
34.8589032855245,0.819368385693563,271,1334.45861816406,46,15,15,15,10,1742,13,60,35,19,18.6523914337158,4,51,7,527,109
34.8859866188144,0.819368385693563,255,1522.1259765625,48,14,14,14,10,1736,16,59,33,18,18.6745777130127,4,-98,40,791,103
34.8880699521444,0.819368385693563,263,1522.1259765625,48,14,14,14,10,1736,16,59,33,18,18.6745777130127,4,-98,40,791,103
34.9109866187744,0.819368385693563,292,1213.09606933594,47,14,14,14,10,1681,20,60,33,20,18.7070140838623,3,-122,18,1398,106
34.9318199520744,0.819368385693563,310,1159.87158203125,46,14,14,14,10,1725,17,60,34,20,18.7159118652344,4,21,7,1104,103
34.9464032853844,0.819368385693563,349,1236.37487792969,47,14,14,14,10,1757,15,60,35,18,18.7070446014404,6,33,32,795,99
34.4276532862147,0.817285052363563,248,1088.99340820312,43,14,14,14,10,1400,15,58,35,22,17.8024768829346,4,-247,29,5333,98
34.4484866195147,0.817285052363563,227,1186.96520996094,45,15,15,15,10,1535,17,58,34,21,17.8003044128418,9,14,38,4326,92
34.5547366193446,0.817285052363563,320,1955.96899414062,45,16,16,16,10,2201,34,59,32,23,17.6605567932129,11,416,56,1221,76
34.6401532858746,0.817285052363563,264,1480.42138671875,47,15,15,15,10,1742,29,58,30,23,18.3002471923828,13,-185,31,4187,85
34.6484866191946,0.817285052363563,294,1526.02502441406,47,15,15,15,10,1731,27,59,30,24,18.308048248291,13,-405,29,4468,87
34.6797366191445,0.817285052363563,268,1557.76147460938,48,15,15,15,10,1734,26,58,29,23,18.393030166626,6,-203,42,2998,87
34.7401532857145,0.817285052363563,268,1550.95739746094,46,15,15,15,10,1725,20,58,32,22,18.5058917999268,4,61,11,3021,108
34.7422366190445,0.817285052363563,275,1550.95739746094,46,15,15,15,10,1725,20,58,32,22,18.5058917999268,4,61,11,3021,108
34.7484866190345,0.817285052363563,276,1486.341796875,46,16,16,16,10,1697,21,58,32,22,18.5146789550781,4,6,19,3098,106
34.8714032855045,0.817285052363563,269,1547.69458007812,47,14,14,14,10,1776,14,59,34,19,18.6316833496094,3,142,7,60,103
35.0214032852644,0.817285052363563,272,1260.31298828125,47,14,14,14,10,1797,20,61,34,19,18.6849822998047,4,90,13,1062,107
35.0276532852544,0.817285052363563,313,1254.04382324219,47,14,14,14,10,1783,19,58,34,20,18.6907691955566,4,22,10,1285,104
34.4464032861847,0.815201719033563,224,1186.96520996094,45,15,15,15,10,1535,17,58,34,21,17.8003044128418,9,14,38,4326,92
34.4589032861647,0.815201719033563,246,1267.45666503906,46,15,15,15,10,1560,17,58,33,21,17.8325099945068,8,-142,21,4067,88
34.4693199528147,0.815201719033563,275,1366.25341796875,48,15,15,15,10,1633,24,59,31,21,17.9088001251221,5,-125,45,4741,85
34.5026532860946,0.815201719033563,383,1398.83764648438,47,16,16,16,10,1685,25,58,31,23,18.016242980957,7,-151,21,6651,86
34.5047366194246,0.815201719033563,395,1398.83764648438,47,16,16,16,10,1685,25,58,31,23,18.016242980957,7,-151,21,6651,86
34.5151532860746,0.815201719033563,430,1280.6416015625,47,16,16,16,10,1639,20,59,30,23,18.0289096832275,3,-319,25,7096,90
34.5401532860346,0.815201719033563,272,1509.52783203125,44,16,16,16,50,1891,36,59,32,24,17.9345264434814,19,-491,27,3645,78
34.5464032860246,0.815201719033563,295,1739.72692871094,44,16,16,16,10,2066,34,58,32,24,17.777027130127,14,-39,68,2380,78
34.5714032859846,0.815201719033563,374,2071.42578125,44,15,15,15,10,2107,40,58,33,24,17.7585754394531,9,55,18,953,82
34.6589032858446,0.815201719033563,292,1617.54528808594,46,16,16,16,10,1902,33,59,30,23,18.2815265655518,13,571,15,2227,82
34.6922366191245,0.815201719033563,243,1633.38891601562,48,15,15,15,10,1769,26,59,30,23,18.4041328430176,5,18,17,2827,92
34.7193199524145,0.815201719033563,274,1470.93737792969,46,15,15,15,10,1710,24,58,32,22,18.4770679473877,6,-68,20,3504,99
34.7630699523445,0.815201719033563,264,1352.76232910156,47,15,15,15,10,1702,21,59,31,22,18.5362777709961,4,103,16,2750,108
34.7776532856545,0.815201719033563,339,1315.41052246094,47,15,15,15,10,1683,17,59,31,22,18.5572357177734,4,-73,39,2609,109
34.7880699523045,0.815201719033563,273,1432.82067871094,47,15,15,15,10,1713,18,60,32,21,18.5738067626953,4,17,26,2134,107
34.8005699522845,0.815201719033563,289,1470.03198242188,46,15,15,15,10,1728,17,59,33,21,18.5864448547363,3,146,25,1853,112
34.8026532856145,0.815201719033563,295,1350.72253417969,48,15,15,15,10,1686,18,60,31,21,18.5912380218506,6,20,19,2036,104
34.8401532855545,0.815201719033563,285,1270.46459960938,48,15,15,15,10,1705,21,60,33,20,18.6329784393311,5,-35,16,1234,105
34.9005699521244,0.815201719033563,244,1439.46533203125,46,14,14,14,10,1742,15,59,35,19,18.6882076263428,5,90,14,694,103
35.0089032852844,0.815201719033563,318,1169.18420410156,47,14,14,14,10,1749,17,60,34,19,18.7267208099365,4,-114,15,1464,102
34.4714032861446,0.813118385703563,269,1366.25341796875,48,15,15,15,10,1633,24,59,31,21,17.9088001251221,5,-125,45,4741,85
34.4839032861246,0.813118385703563,293,1416.33947753906,47,15,15,15,10,1668,25,58,31,22,17.9438457489014,7,-171,19,5294,83
34.5443199526946,0.813118385703563,280,1739.72692871094,44,16,16,16,10,2066,34,58,32,24,17.777027130127,14,-39,68,2380,78
34.5505699526846,0.813118385703563,311,1739.72692871094,44,16,16,16,10,2066,34,58,32,24,17.777027130127,14,-39,68,2380,78
34.5797366193046,0.813118385703563,340,2013.93212890625,45,15,15,15,10,2050,38,59,32,23,17.8420066833496,12,286,15,1844,87
34.5859866192946,0.813118385703563,325,1878.15185546875,45,16,16,16,10,1877,41,58,31,24,18.033203125,35,-71,39,2760,91
34.6505699525246,0.813118385703563,299,1526.02502441406,47,15,15,15,10,1731,27,59,30,24,18.308048248291,13,-405,29,4468,87
34.7172366190845,0.813118385703563,251,1498.14929199219,48,15,15,15,10,1694,22,59,30,22,18.4627094268799,3,-110,16,3747,98
34.7776532856545,0.813118385703563,344,1315.41052246094,47,15,15,15,10,1683,17,59,31,22,18.5572357177734,4,-73,39,2609,109
34.9026532854544,0.813118385703563,271,1343.57336425781,47,14,14,14,10,1725,20,62,34,19,18.6972789764404,3,111,13,960,105
34.9443199520544,0.813118385703563,279,1225.23645019531,46,14,14,14,10,1718,15,60,35,19,18.7214164733887,3,-144,20,1268,99
34.9568199520344,0.813118385703563,297,1276.99914550781,47,14,14,14,10,1761,17,57,33,19,18.7055149078369,8,29,24,1005,95
34.9776532853344,0.813118385703563,302,1196.00842285156,45,14,14,14,10,1727,20,60,35,19,18.736743927002,3,-114,10,1440,100
34.9880699519844,0.813118385703563,311,1169.47131347656,47,14,14,14,10,1762,16,59,34,19,18.7303924560547,3,69,2,1167,101
34.4755699528046,0.811035052373563,263,1366.25341796875,48,15,15,15,10,1633,24,59,31,21,17.9088001251221,5,-125,45,4741,85
34.5505699526846,0.811035052373563,316,1739.72692871094,44,16,16,16,10,2066,34,58,32,24,17.777027130127,14,-39,68,2380,78
34.6109866192546,0.811035052373563,284,1683.26196289062,47,15,15,15,10,1872,50,58,31,22,18.1690311431885,19,435,20,3200,83
34.6505699525246,0.811035052373563,285,1526.02502441406,47,15,15,15,10,1731,27,59,30,24,18.308048248291,13,-405,29,4468,87
34.6922366191245,0.811035052373563,253,1633.38891601562,48,15,15,15,10,1769,26,59,30,23,18.4041328430176,5,18,17,2827,92
34.7714032856645,0.811035052373563,287,1288.76245117188,47,15,15,15,10,1679,18,59,30,22,18.544563293457,1,-66,23,2870,103
34.7880699523045,0.811035052373563,265,1432.82067871094,47,15,15,15,10,1713,18,60,32,21,18.5738067626953,4,17,26,2134,107
34.8380699522245,0.811035052373563,286,1270.46459960938,48,15,15,15,10,1705,21,60,33,20,18.6329784393311,5,-35,16,1234,105
34.8422366188845,0.811035052373563,295,1270.46459960938,48,15,15,15,10,1705,21,60,33,20,18.6329784393311,5,-35,16,1234,105
34.8693199521745,0.811035052373563,239,1547.69458007812,47,14,14,14,10,1776,14,59,34,19,18.6316833496094,3,142,7,60,103
34.9797366186644,0.811035052373563,301,1196.00842285156,45,14,14,14,10,1727,20,60,35,19,18.736743927002,3,-114,10,1440,100
35.0339032852444,0.811035052373563,312,1254.04382324219,47,14,14,14,10,1783,19,58,34,20,18.6907691955566,4,22,10,1285,104
34.4214032862247,0.808951719043563,220,1097.73095703125,43,14,14,14,10,1393,14,59,35,22,17.770040512085,6,-96,17,3692,105
34.4505699528447,0.808951719043563,228,1219.3681640625,46,14,14,14,10,1526,16,58,34,20,17.7801609039307,11,-1,22,3149,94
34.4547366195047,0.808951719043563,230,1297.02319335938,46,14,14,14,10,1574,16,56,34,19,17.8094005584717,5,88,16,2236,93
34.5818199526346,0.808951719043563,298,2000.755859375,45,15,15,15,10,2037,35,59,32,22,17.908763885498,23,469,22,1532,78
34.6714032858246,0.808951719043563,256,1457.55041503906,47,15,15,15,10,1688,19,59,31,22,18.378345489502,2,-137,38,3781,93
34.6797366191445,0.808951719043563,257,1449.63610839844,47,15,15,15,10,1695,21,59,31,22,18.3933429718018,4,-141,28,3607,92
34.7401532857145,0.808951719043563,265,1551.44958496094,45,15,15,15,10,1689,21,59,33,22,18.4950332641602,1,-78,17,3085,109
34.7651532856745,0.808951719043563,256,1333.67614746094,47,15,15,15,10,1685,19,59,31,22,18.5235481262207,3,14,22,2692,106
34.7818199523145,0.808951719043563,288,1323.33947753906,47,15,15,15,10,1676,22,60,31,22,18.5489807128906,5,-74,18,2551,104
34.8047366189445,0.808951719043563,280,1298.23864746094,47,15,15,15,10,1677,20,60,32,20,18.5809669494629,6,6,16,1975,105
34.8089032856045,0.808951719043563,321,1298.23864746094,47,15,15,15,10,1677,20,60,32,20,18.5809669494629,6,6,16,1975,105
34.8401532855545,0.808951719043563,290,1379.7119140625,49,15,15,15,10,1707,19,58,32,19,18.6266574859619,5,-56,17,1234,104
34.9964032853044,0.808951719043563,281,1140.373046875,46,14,14,14,10,1731,14,60,35,19,18.7397480010986,3,-83,12,1538,102
35.0380699519044,0.808951719043563,302,1273.82446289062,47,14,14,14,10,1776,19,60,33,20,18.698543548584,3,-38,10,1237,107
34.4047366195847,0.806868385713563,211,1141.20227050781,38,14,14,14,10,1374,12,60,43,20,17.7467784881592,6,-163,16,4350,100
34.4464032861847,0.806868385713563,206,1219.3681640625,46,14,14,14,10,1526,16,58,34,20,17.7801609039307,11,-1,22,3149,94
34.5568199526746,0.806868385713563,373,1946.74829101562,45,16,16,16,10,2099,39,59,33,23,17.7646999359131,13,250,27,1220,72
34.5734866193146,0.806868385713563,396,2033.90563964844,44,16,16,16,10,1989,40,58,33,24,17.8754959106445,21,-294,44,2090,77
34.5839032859646,0.806868385713563,307,2000.755859375,45,15,15,15,10,2037,35,59,32,22,17.908763885498,23,469,22,1532,78
34.5880699526246,0.806868385713563,315,1846.73620605469,45,16,16,16,10,1755,32,58,33,23,18.0916118621826,26,-322,17,3840,81
34.5901532859546,0.806868385713563,374,1846.73620605469,45,16,16,16,10,1755,32,58,33,23,18.0916118621826,26,-322,17,3840,81
34.5964032859446,0.806868385713563,311,1632.82019042969,47,15,15,15,10,1639,24,58,30,23,18.1926651000977,6,-723,35,5541,93
34.6422366192046,0.806868385713563,199,1386.67626953125,47,15,15,15,10,1672,17,59,31,22,18.2998943328857,4,-146,29,4873,93
34.7339032857245,0.806868385713563,216,1502.93908691406,46,15,15,15,10,1716,21,58,33,21,18.4823703765869,1,76,17,2957,109
34.7922366189645,0.806868385713563,269,1420.8154296875,48,14,14,14,10,1706,20,59,32,20,18.5656108856201,1,44,26,2118,112
34.8089032856045,0.806868385713563,279,1298.23864746094,47,15,15,15,10,1677,20,60,32,20,18.5809669494629,6,6,16,1975,105
34.8859866188144,0.806868385713563,232,1465.15356445312,46,14,14,14,10,1709,14,59,35,19,18.6772804260254,3,-52,12,893,102
34.8984866187944,0.806868385713563,277,1401.88989257812,46,14,14,14,10,1715,16,61,35,18,18.6868591308594,4,16,31,988,105
34.9380699520644,0.806868385713563,333,1227.18688964844,46,14,14,14,10,1723,16,60,35,19,18.7189483642578,6,24,12,1370,103
35.0234866185944,0.806868385713563,273,1285.91284179688,47,14,14,14,10,1808,20,60,34,19,18.6827049255371,2,91,10,966,104
34.4089032862447,0.804785052383563,237,1141.20227050781,38,14,14,14,10,1374,12,60,43,20,17.7467784881592,6,-163,16,4350,100
34.4255699528847,0.804785052383563,232,1097.73095703125,43,14,14,14,10,1393,14,59,35,22,17.770040512085,6,-96,17,3692,105
34.4547366195047,0.804785052383563,204,1297.02319335938,46,14,14,14,10,1574,16,56,34,19,17.8094005584717,5,88,16,2236,93
34.4901532861146,0.804785052383563,237,1436.72717285156,47,15,15,15,10,1669,22,59,31,22,17.9476661682129,7,19,11,5644,94
34.5068199527546,0.804785052383563,247,1341.1796875,47,15,15,15,10,1644,18,60,31,23,17.9809188842773,6,-103,20,6686,92
34.5151532860746,0.804785052383563,288,1263.11547851562,48,15,15,15,10,1617,18,58,29,23,18.0007762908936,10,-197,45,6857,92
34.5255699527246,0.804785052383563,274,1247.15185546875,48,16,16,16,10,1689,34,58,29,23,18.0333347320557,9,5,36,5948,92
34.6464032858646,0.804785052383563,225,1391.20629882812,46,15,15,15,10,1674,26,57,31,23,18.3152389526367,9,-242,23,4696,92
34.7859866189745,0.804785052383563,276,1420.8154296875,48,14,14,14,10,1706,20,59,32,20,18.5656108856201,1,44,26,2118,112
34.8089032856045,0.804785052383563,265,1298.23864746094,47,15,15,15,10,1677,20,60,32,20,18.5809669494629,6,6,16,1975,105
34.8151532855945,0.804785052383563,279,1217.388671875,47,15,15,15,10,1658,19,59,33,21,18.5899219512939,1,-129,20,2078,102
34.8193199522545,0.804785052383563,289,1230.65856933594,48,15,15,15,10,1672,21,60,33,20,18.6039810180664,4,-91,13,1979,104
34.9109866187744,0.804785052383563,299,1194.46423339844,47,14,14,14,10,1683,22,60,34,19,18.697961807251,4,-10,14,1307,104
34.9172366187644,0.804785052383563,304,1194.46423339844,47,14,14,14,10,1683,22,60,34,19,18.697961807251,4,-10,14,1307,104
34.9901532853144,0.804785052383563,249,1142.01135253906,47,14,14,14,10,1725,18,60,34,20,18.7434616088867,2,-72,10,1461,102
34.4130699529047,0.802701719053563,235,1110.04772949219,41,14,14,14,10,1366,12,59,37,21,17.7617816925049,6,-215,28,4251,98
34.4922366194446,0.802701719053563,229,1436.72717285156,47,15,15,15,10,1669,22,59,31,22,17.9476661682129,7,19,11,5644,94
34.6964032857845,0.802701719053563,229,1582.71411132812,49,15,15,15,10,1722,23,60,29,22,18.430419921875,4,36,17,3211,100
34.7026532857745,0.802701719053563,234,1567.46130371094,48,15,15,15,10,1711,21,59,30,22,18.4432048797607,1,-25,28,3324,99
34.7609866190145,0.802701719053563,248,1333.67614746094,47,15,15,15,10,1685,19,59,31,22,18.5235481262207,3,14,22,2692,106
34.7776532856545,0.802701719053563,250,1323.33947753906,47,15,15,15,10,1676,22,60,31,22,18.5489807128906,5,-74,18,2551,104
34.8193199522545,0.802701719053563,236,1230.65856933594,48,15,15,15,10,1672,21,60,33,20,18.6039810180664,4,-91,13,1979,104
35.0464032852244,0.802701719053563,329,1200.68017578125,47,14,14,14,10,1758,17,58,33,20,18.713020324707,3,-87,14,1611,106
34.4234866195547,0.800618385723563,219,1173.33557128906,42,14,14,14,10,1438,13,59,40,19,17.7329883575439,4,64,13,1840,106
34.4276532862147,0.800618385723563,230,1175.23181152344,43,14,14,14,10,1431,16,58,38,20,17.745080947876,7,-70,15,1883,104
34.4651532861547,0.800618385723563,198,1348.96936035156,44,13,13,13,10,1577,18,60,37,19,17.8120555877686,5,110,8,250,98
34.4797366194646,0.800618385723563,237,1347.79663085938,46,15,15,15,10,1625,19,60,33,22,17.8701114654541,9,87,11,3513,91
34.5255699527246,0.800618385723563,284,1249.04858398438,48,15,15,15,10,1626,24,57,29,23,18.0037899017334,4,-107,22,6195,91
34.5276532860546,0.800618385723563,280,1314.61157226562,48,15,15,15,10,1678,36,57,29,23,18.0277328491211,10,-260,48,5907,83
34.6214032859046,0.800618385723563,205,1467.8583984375,48,15,15,15,10,1677,19,57,31,22,18.2531967163086,4,23,39,4657,92
34.6359866192146,0.800618385723563,196,1380.85791015625,47,15,15,15,10,1627,15,58,31,22,18.2789497375488,4,-139,34,5112,96
34.6609866191746,0.800618385723563,251,1370.06994628906,47,15,15,15,10,1676,20,57,31,21,18.3395042419434,6,-42,34,4008,95
34.6859866191345,0.800618385723563,261,1421.93688964844,49,15,15,15,10,1703,19,59,30,21,18.3954181671143,4,39,18,3324,101
34.7026532857745,0.800618385723563,244,1539.15051269531,47,15,15,15,10,1715,21,58,32,21,18.4312553405762,3,56,15,3104,106
34.7193199524145,0.800618385723563,238,1432.12829589844,46,15,15,15,10,1666,18,58,32,22,18.4500045776367,5,-158,35,3233,97
34.7630699523445,0.800618385723563,259,1347.53234863281,46,15,15,15,10,1663,19,60,32,22,18.5139579772949,1,-71,29,2703,104
34.7755699523245,0.800618385723563,237,1288.06982421875,45,15,15,15,10,1664,18,59,32,23,18.5242919921875,1,-75,30,2593,101
34.8359866188945,0.800618385723563,290,1481.39221191406,47,14,14,14,10,1747,16,59,34,19,18.6159152984619,1,152,12,728,108
34.8964032854644,0.800618385723563,283,1372.05383300781,48,14,14,14,10,1718,19,61,33,19,18.6816959381104,3,103,12,990,108
34.9109866187744,0.800618385723563,275,1179.23352050781,47,14,14,14,10,1663,21,60,34,19,18.6928272247314,2,-110,24,1604,105
35.0026532852944,0.800618385723563,240,1181.09838867188,46,14,14,14,10,1763,15,59,35,19,18.7058334350586,6,25,13,1253,100
35.0193199519344,0.800618385723563,275,1322.67785644531,48,14,14,14,10,1804,17,60,33,18,18.6793022155762,0,28,11,946,105
35.0401532852344,0.800618385723563,273,1376.42065429688,47,14,14,14,10,1794,16,60,33,19,18.679220199585,4,15,15,1159,105
34.4359866195347,0.798535052393563,249,1208.654296875,44,14,14,14,10,1481,15,58,36,19,17.7482852935791,8,-29,18,1493,100
34.4443199528547,0.798535052393563,212,1276.40649414062,45,14,14,14,10,1520,17,60,36,19,17.7590065002441,6,11,14,853,98
34.5172366194046,0.798535052393563,270,1267.10180664062,48,15,15,15,10,1643,18,58,29,23,17.979175567627,3,58,34,6398,105
34.5943199526146,0.798535052393563,315,1611.70739746094,48,15,15,15,10,1632,26,58,30,23,18.1852073669434,9,-330,34,5331,88
34.6401532858746,0.798535052393563,190,1380.85791015625,47,15,15,15,10,1627,15,58,31,22,18.2789497375488,4,-139,34,5112,96
34.6505699525246,0.798535052393563,188,1335.81213378906,46,15,15,15,10,1630,16,57,31,23,18.2922554016113,4,-177,26,5022,95
34.6818199524745,0.798535052393563,247,1377.02624511719,47,15,15,15,10,1665,19,58,31,22,18.3751583099365,2,-98,31,3824,94
34.6839032858045,0.798535052393563,262,1377.02624511719,47,15,15,15,10,1665,19,58,31,22,18.3751583099365,2,-98,31,3824,94
34.7297366190645,0.798535052393563,234,1469.97595214844,47,15,15,15,10,1708,20,58,31,22,18.4686489105225,4,57,19,2623,106
34.7693199523345,0.798535052393563,254,1288.06982421875,45,15,15,15,10,1664,18,59,32,23,18.5242919921875,1,-75,30,2593,101
34.7755699523245,0.798535052393563,240,1288.06982421875,45,15,15,15,10,1664,18,59,32,23,18.5242919921875,1,-75,30,2593,101
34.8005699522845,0.798535052393563,222,1373.04919433594,47,15,15,15,10,1674,20,59,33,20,18.5637359619141,5,-29,14,1932,106
34.8422366188845,0.798535052393563,245,1481.39221191406,47,14,14,14,10,1747,16,59,34,19,18.6159152984619,1,152,12,728,108
34.8714032855045,0.798535052393563,217,1460.48461914062,47,14,14,14,10,1724,17,60,34,18,18.6586837768555,4,36,10,658,105
34.9130699521044,0.798535052393563,277,1179.23352050781,47,14,14,14,10,1663,21,60,34,19,18.6928272247314,2,-110,24,1604,105
34.9714032853444,0.798535052393563,327,1166.10375976562,48,14,14,14,10,1727,20,60,33,19,18.7366790771484,4,27,11,1304,102
35.0443199518944,0.798535052393563,320,1301.09533691406,47,14,14,14,10,1788,16,61,32,20,18.6931419372559,5,44,9,1275,105
34.4859866194546,0.796451719063563,208,1376.60217285156,45,15,15,15,10,1627,20,58,33,22,17.9064598083496,5,99,11,5142,99
34.5214032860646,0.796451719063563,264,1249.04858398438,48,15,15,15,10,1626,24,57,29,23,18.0037899017334,4,-107,22,6195,91
34.5443199526946,0.796451719063563,332,1734.33813476562,46,16,16,16,10,2088,40,58,32,22,17.8645858764648,24,1181,16,1251,62
34.5505699526846,0.796451719063563,310,1734.33813476562,46,16,16,16,10,2088,40,58,32,22,17.8645858764648,24,1181,16,1251,62
34.5526532860146,0.796451719063563,318,1840.99011230469,45,16,16,16,10,1912,36,58,31,24,17.9289817810059,28,-273,19,2503,70
34.5589032860046,0.796451719063563,314,1840.99011230469,45,16,16,16,10,1912,36,58,31,24,17.9289817810059,28,-273,19,2503,70
34.5755699526446,0.796451719063563,301,1948.82507324219,45,16,16,16,10,1882,37,59,31,23,17.9913692474365,33,-462,40,3278,75
34.5964032859446,0.796451719063563,301,1611.70739746094,48,15,15,15,10,1632,26,58,30,23,18.1852073669434,9,-330,34,5331,88
34.7859866189745,0.796451719063563,290,1425.14184570312,48,14,14,14,10,1712,19,58,33,20,18.5576629638672,4,137,30,1823,113
34.8505699522045,0.796451719063563,218,1454.44812011719,47,14,14,14,10,1743,16,59,34,19,18.6259746551514,6,159,11,556,106
34.9297366187444,0.796451719063563,298,1224.43310546875,48,14,14,14,10,1726,20,60,33,19,18.7098731994629,3,126,15,1186,102
34.9339032854044,0.796451719063563,265,1224.43310546875,48,14,14,14,10,1726,20,60,33,19,18.7098731994629,3,126,15,1186,102
34.9901532853144,0.796451719063563,307,1143.48449707031,46,14,14,14,10,1741,18,58,34,20,18.736213684082,4,36,17,1418,102
34.3839032862847,0.794368385733563,213,1159.51721191406,32,15,15,15,10,1346,8,58,50,19,17.6889533996582,6,-108,4,4719,106
34.3901532862747,0.794368385733563,201,1138.05822753906,36,15,15,15,10,1365,9,60,45,20,17.7010059356689,5,-87,14,4129,107
34.4130699529047,0.794368385733563,216,1176.4755859375,42,14,14,14,10,1408,13,58,39,20,17.7226219177246,6,29,16,2483,105
34.4151532862347,0.794368385733563,214,1176.4755859375,42,14,14,14,10,1408,13,58,39,20,17.7226219177246,6,29,16,2483,105
34.4318199528747,0.794368385733563,194,1175.23181152344,43,14,14,14,10,1431,16,58,38,20,17.745080947876,7,-70,15,1883,104
34.4422366195247,0.794368385733563,205,1208.654296875,44,14,14,14,10,1481,15,58,36,19,17.7482852935791,8,-29,18,1493,100
34.4464032861847,0.794368385733563,204,1276.40649414062,45,14,14,14,10,1520,17,60,36,19,17.7590065002441,6,11,14,853,98
34.4568199528347,0.794368385733563,211,1339.85986328125,47,14,14,14,10,1559,17,58,35,19,17.7872161865234,6,49,12,483,97
34.4859866194546,0.794368385733563,227,1376.60217285156,45,15,15,15,10,1627,20,58,33,22,17.9064598083496,5,99,11,5142,99
34.5839032859646,0.794368385733563,299,1974.98193359375,46,15,15,15,10,1977,34,59,32,22,17.9823188781738,16,615,16,2049,74
34.6443199525346,0.794368385733563,197,1335.81213378906,46,15,15,15,10,1630,16,57,31,23,18.2922554016113,4,-177,26,5022,95
34.6776532858146,0.794368385733563,254,1377.02624511719,47,15,15,15,10,1665,19,58,31,22,18.3751583099365,2,-98,31,3824,94
34.6922366191245,0.794368385733563,257,1421.93688964844,49,15,15,15,10,1703,19,59,30,21,18.3954181671143,4,39,18,3324,101
34.7130699524245,0.794368385733563,224,1499.71655273438,47,15,15,15,10,1690,18,58,32,21,18.442455291748,5,18,19,3042,107
34.7797366189845,0.794368385733563,279,1346.37683105469,48,14,14,14,10,1691,19,59,32,21,18.5413036346436,4,12,42,2233,108
34.7964032856245,0.794368385733563,221,1373.04919433594,47,15,15,15,10,1674,20,59,33,20,18.5637359619141,5,-29,14,1932,106
34.9234866187544,0.794368385733563,330,1166.97021484375,47,14,14,14,10,1688,21,60,33,19,18.7011127471924,5,-39,14,1533,102
34.9505699520444,0.794368385733563,291,1233.92846679688,48,14,14,14,10,1710,18,61,33,19,18.7218036651611,3,-43,13,1377,105
34.9547366187044,0.794368385733563,323,1195.20849609375,47,14,14,14,10,1709,21,62,33,20,18.727668762207,3,-19,20,1383,103
34.9776532853344,0.794368385733563,317,1147.38146972656,47,14,14,14,10,1708,20,60,33,19,18.7411041259766,2,-115,22,1559,103
34.4484866195147,0.792285052403563,216,1324.39794921875,44,14,14,14,10,1528,17,60,37,19,17.7380905151367,4,83,14,734,102
34.6068199525946,0.792285052403563,234,1453.38757324219,48,15,15,15,10,1602,18,58,30,23,18.1783962249756,3,-154,44,5503,95
34.6089032859246,0.792285052403563,218,1453.38757324219,48,15,15,15,10,1602,18,58,30,23,18.1783962249756,3,-154,44,5503,95
34.6172366192446,0.792285052403563,201,1372.4697265625,47,15,15,15,10,1607,17,57,31,22,18.1939067840576,7,-143,26,5165,97
34.6464032858646,0.792285052403563,194,1358.72619628906,47,15,15,15,10,1617,15,58,31,21,18.2780609130859,6,-51,16,4829,100
34.6693199524946,0.792285052403563,190,1312.94018554688,47,15,15,15,10,1663,19,58,32,21,18.3367576599121,3,-8,17,3804,101
34.8214032855845,0.792285052403563,244,1365.46203613281,49,14,14,14,10,1732,21,61,33,18,18.5964488983154,3,154,18,1014,104
34.9276532854144,0.792285052403563,300,1221.1923828125,48,14,14,14,10,1702,19,60,33,20,18.7052230834961,4,36,12,1359,103
34.9609866186944,0.792285052403563,283,1152.87414550781,48,14,14,14,10,1691,20,60,33,19,18.7304782867432,1,-96,15,1577,104
34.9880699519844,0.792285052403563,315,1150.77172851562,47,14,14,14,10,1747,14,59,34,19,18.7321262359619,3,56,20,1282,103
35.0505699518844,0.792285052403563,316,1375.47216796875,47,14,14,14,10,1808,16,60,33,20,18.6787738800049,6,103,8,1135,106
34.3818199529547,0.790201719073563,224,1105.23803710938,36,15,15,15,10,1337,7,61,45,19,17.6748657226562,2,-59,8,3634,106
34.4568199528347,0.790201719073563,219,1366.06188964844,45,14,14,14,10,1553,18,60,36,19,17.7617435455322,5,105,14,349,101
34.5026532860946,0.790201719073563,221,1279.43798828125,46,15,15,15,10,1595,18,59,32,22,17.9193572998047,8,-97,15,6129,95
34.5255699527246,0.790201719073563,267,1240.33984375,47,15,15,15,10,1599,20,57,30,23,17.9728889465332,4,-144,33,5943,91
34.5339032860446,0.790201719073563,281,1283.04772949219,48,15,15,15,10,1658,27,58,30,23,18.006067276001,7,-114,40,5565,84
34.5964032859446,0.790201719073563,301,1657.11572265625,48,15,15,15,10,1637,22,59,30,22,18.1777782440186,5,-196,27,5041,89
34.7422366190445,0.790201719073563,272,1497.87622070312,48,15,15,15,10,1711,22,58,31,21,18.4726066589355,3,99,10,2255,109
34.7672366190045,0.790201719073563,241,1368.30017089844,47,15,15,15,10,1672,20,60,32,22,18.5060157775879,4,18,24,2415,111
34.8109866189345,0.790201719073563,218,1271.85485839844,48,14,14,14,10,1688,23,59,33,19,18.5796031951904,4,47,19,1626,104
34.8214032855845,0.790201719073563,242,1365.46203613281,49,14,14,14,10,1732,21,61,33,18,18.5964488983154,3,154,18,1014,104
34.8401532855545,0.790201719073563,234,1476.62060546875,46,14,14,14,10,1729,16,60,35,19,18.6156768798828,5,111,9,712,105
34.8443199522145,0.790201719073563,232,1404.53283691406,47,14,14,14,10,1717,17,60,34,19,18.6232891082764,4,40,17,759,101
34.8901532854744,0.790201719073563,226,1431.00439453125,47,14,14,14,10,1683,17,58,33,19,18.6683540344238,2,-124,12,1155,104
34.9089032854444,0.790201719073563,313,1280.83117675781,48,14,14,14,10,1689,21,60,32,20,18.6819553375244,3,21,16,1331,106
34.9693199520144,0.790201719073563,296,1157.38073730469,48,14,14,14,10,1701,20,59,32,20,18.7360801696777,2,-87,36,1605,104
34.9859866186544,0.790201719073563,298,1150.77172851562,47,14,14,14,10,1747,14,59,34,19,18.7321262359619,3,56,20,1282,103
35.0359866185744,0.790201719073563,314,1436.37231445312,46,14,14,14,10,1824,17,62,34,20,18.6686820983887,2,106,8,850,113
34.4089032862447,0.788118385743563,201,1251.17004394531,39,14,14,14,10,1432,14,60,42,19,17.6777954101562,6,93,28,2428,106
34.4464032861847,0.788118385743563,218,1324.39794921875,44,14,14,14,10,1528,17,60,37,19,17.7380905151367,4,83,14,734,102
34.4734866194746,0.788118385743563,216,1285.05126953125,44,14,14,14,10,1520,16,57,35,21,17.797191619873,7,-206,28,2815,92
34.5047366194246,0.788118385743563,207,1279.43798828125,46,15,15,15,10,1595,18,59,32,22,17.9193572998047,8,-97,15,6129,95
34.5255699527246,0.788118385743563,266,1240.33984375,47,15,15,15,10,1599,20,57,30,23,17.9728889465332,4,-144,33,5943,91
34.5714032859846,0.788118385743563,306,1838.62414550781,48,16,16,16,10,1805,34,57,30,22,18.0784397125244,29,-344,43,3513,76
34.6026532859346,0.788118385743563,258,1453.38757324219,48,15,15,15,10,1602,18,58,30,23,18.1783962249756,3,-154,44,5503,95
34.6464032858646,0.788118385743563,186,1358.72619628906,47,15,15,15,10,1617,15,58,31,21,18.2780609130859,6,-51,16,4829,100
34.6776532858146,0.788118385743563,194,1328.33032226562,47,15,15,15,10,1652,19,58,31,21,18.3562030792236,3,-23,21,3638,101
34.7234866190745,0.788118385743563,222,1461.51953125,44,15,15,15,10,1664,19,58,35,22,18.4399585723877,2,-98,19,2860,107
34.7526532856945,0.788118385743563,280,1477.99633789062,47,15,15,15,10,1698,23,60,31,21,18.498815536499,1,85,14,2163,122
34.7568199523545,0.788118385743563,247,1477.99633789062,47,15,15,15,10,1698,23,60,31,21,18.498815536499,1,85,14,2163,122
34.8255699522445,0.788118385743563,225,1365.46203613281,49,14,14,14,10,1732,21,61,33,18,18.5964488983154,3,154,18,1014,104
34.8943199521344,0.788118385743563,209,1376.98254394531,47,14,14,14,10,1693,21,60,33,20,18.6754627227783,4,-35,12,1184,105
34.9255699520844,0.788118385743563,327,1168.91857910156,48,14,14,14,10,1688,20,59,32,20,18.6964263916016,4,-7,11,1598,103
34.9401532853944,0.788118385743563,315,1247.42919921875,47,14,14,14,10,1721,20,58,33,20,18.7126865386963,3,96,18,1234,106
34.9484866187144,0.788118385743563,259,1211.84033203125,46,14,14,14,10,1694,16,59,34,20,18.7184963226318,3,-32,24,1451,105
34.9714032853444,0.788118385743563,300,1157.38073730469,48,14,14,14,10,1701,20,59,32,20,18.7360801696777,2,-87,36,1605,104
34.9964032853044,0.788118385743563,285,1166.64086914062,46,14,14,14,10,1762,13,57,35,19,18.7177486419678,3,67,9,1111,102
35.0255699519244,0.788118385743563,270,1365.46069335938,47,14,14,14,10,1812,20,60,35,18,18.6696319580078,3,29,22,885,103
34.4339032862047,0.786035052413563,206,1253.25830078125,42,14,14,14,10,1473,15,60,40,19,17.714635848999,3,86,16,1435,108
34.4505699528447,0.786035052413563,194,1324.39794921875,44,14,14,14,10,1528,17,60,37,19,17.7380905151367,4,83,14,734,102
34.4734866194746,0.786035052413563,211,1285.05126953125,44,14,14,14,10,1520,16,57,35,21,17.797191619873,7,-206,28,2815,92
34.6464032858646,0.786035052413563,187,1358.72619628906,47,15,15,15,10,1617,15,58,31,21,18.2780609130859,6,-51,16,4829,100
34.6693199524946,0.786035052413563,179,1312.94018554688,47,15,15,15,10,1663,19,58,32,21,18.3367576599121,3,-8,17,3804,101
34.6818199524745,0.786035052413563,203,1328.33032226562,47,15,15,15,10,1652,19,58,31,21,18.3562030792236,3,-23,21,3638,101
34.6880699524645,0.786035052413563,161,1348.99328613281,47,15,15,15,10,1682,18,59,32,21,18.3751525878906,3,37,14,3299,101
34.7193199524145,0.786035052413563,222,1461.51953125,44,15,15,15,10,1664,19,58,35,22,18.4399585723877,2,-98,19,2860,107
34.7734866189945,0.786035052413563,225,1304.88549804688,46,15,15,15,10,1658,20,60,32,23,18.5147724151611,2,-102,32,2472,102
34.7797366189845,0.786035052413563,182,1372.93859863281,47,15,15,15,10,1681,18,59,32,21,18.5326156616211,4,-32,18,2114,110
34.8734866188345,0.786035052413563,228,1396.24133300781,48,14,14,14,10,1729,18,61,33,18,18.6540546417236,3,109,11,690,106
34.8797366188245,0.786035052413563,214,1446.99499511719,47,14,14,14,10,1694,21,60,34,19,18.6621131896973,3,-79,24,1057,103
34.9255699520844,0.786035052413563,336,1168.91857910156,48,14,14,14,10,1688,20,59,32,20,18.6964263916016,4,-7,11,1598,103
34.9276532854144,0.786035052413563,322,1221.1923828125,48,14,14,14,10,1702,19,60,33,20,18.7052230834961,4,36,12,1359,103
34.9318199520744,0.786035052413563,278,1221.1923828125,48,14,14,14,10,1702,19,60,33,20,18.7052230834961,4,36,12,1359,103
34.9693199520144,0.786035052413563,309,1157.38073730469,48,14,14,14,10,1701,20,59,32,20,18.7360801696777,2,-87,36,1605,104
34.9901532853144,0.786035052413563,260,1150.77172851562,47,14,14,14,10,1747,14,59,34,19,18.7321262359619,3,56,20,1282,103
35.0089032852844,0.786035052413563,246,1214.07299804688,45,14,14,14,10,1793,13,58,36,18,18.6919059753418,5,86,11,997,99
35.0505699518844,0.786035052413563,408,1375.47216796875,47,14,14,14,10,1808,16,60,33,20,18.6787738800049,6,103,8,1135,106
34.4568199528347,0.783951719083563,193,1360.89526367188,43,14,14,14,10,1524,15,60,38,19,17.7373085021973,4,108,14,534,105
34.5089032860846,0.783951719083563,206,1261.86328125,46,14,14,14,10,1636,17,59,33,21,17.9009628295898,2,275,17,5491,97
34.5193199527346,0.783951719083563,233,1215.43920898438,45,15,15,15,10,1580,18,57,33,21,17.9430179595947,3,-106,16,5574,91
34.5484866193546,0.783951719083563,272,1472.06884765625,47,15,15,15,10,1667,29,57,32,22,18.048957824707,8,-237,31,4357,81
34.6172366192446,0.783951719083563,185,1395.39990234375,48,15,15,15,10,1587,15,58,30,22,18.172815322876,3,-156,27,5054,99
34.6193199525746,0.783951719083563,183,1353.99279785156,48,14,14,14,10,1600,14,58,30,21,18.1932468414307,4,-69,19,4846,105
34.6339032858846,0.783951719083563,165,1385.83422851562,46,14,14,14,10,1622,16,57,32,21,18.2202968597412,4,8,12,4645,105
34.7443199523745,0.783951719083563,247,1447.99462890625,46,15,15,15,10,1672,21,58,32,21,18.4698734283447,4,-41,21,2288,113
34.7547366190245,0.783951719083563,272,1429.51391601562,46,15,15,15,10,1694,22,60,32,21,18.4855861663818,2,108,16,1927,115
34.7901532856345,0.783951719083563,195,1484.83911132812,46,14,14,14,10,1711,16,58,35,20,18.5418281555176,3,144,15,1321,113
34.8193199522545,0.783951719083563,239,1329.81335449219,47,14,14,14,10,1688,21,59,34,19,18.582447052002,6,-23,19,1371,101
34.8422366188845,0.783951719083563,223,1385.23010253906,47,14,14,14,10,1684,16,59,35,19,18.6053943634033,5,-18,20,1011,103
34.8589032855245,0.783951719083563,208,1229.59448242188,47,14,14,14,10,1660,15,58,34,19,18.6211624145508,3,-113,16,1110,104
34.8609866188545,0.783951719083563,219,1243.42846679688,48,14,14,14,10,1685,15,60,33,19,18.6329650878906,4,-59,14,1177,102
34.8672366188445,0.783951719083563,211,1243.42846679688,48,14,14,14,10,1685,15,60,33,19,18.6329650878906,4,-59,14,1177,102
34.8797366188245,0.783951719083563,228,1452.15051269531,48,14,14,14,10,1719,19,61,33,19,18.6576328277588,3,66,11,911,107
34.8922366188044,0.783951719083563,217,1491.49853515625,47,14,14,14,10,1710,17,60,33,19,18.6644515991211,4,18,17,1121,100
34.8984866187944,0.783951719083563,216,1438.73657226562,47,14,14,14,10,1694,21,60,33,19,18.6721019744873,5,-3,17,1319,102
34.9484866187144,0.783951719083563,277,1181.23022460938,46,14,14,14,10,1688,22,60,34,20,18.7142772674561,4,7,16,1509,106
35.0484866185544,0.783951719083563,388,1344.10034179688,45,14,14,14,10,1812,14,58,36,20,18.690824508667,4,57,3,1049,104
35.0505699518844,0.783951719083563,396,1344.10034179688,45,14,14,14,10,1812,14,58,36,20,18.690824508667,4,57,3,1049,104
34.3943199529347,0.781868385753563,185,1226.96984863281,38,14,14,14,10,1405,12,59,45,17,17.6544284820557,7,43,17,430,102
34.4172366195647,0.781868385753563,207,1297.29577636719,40,14,14,14,10,1419,12,60,41,19,17.6760635375977,2,-98,12,1848,108
34.4234866195547,0.781868385753563,208,1289.57104492188,39,14,14,14,10,1439,14,60,42,19,17.6866645812988,5,-19,17,1678,107
34.5464032860246,0.781868385753563,262,1472.06884765625,47,15,15,15,10,1667,29,57,32,22,18.048957824707,8,-237,31,4357,81
34.5526532860146,0.781868385753563,258,1514.58117675781,46,15,15,15,10,1679,26,57,33,21,18.0785541534424,5,-198,20,4147,84
34.5943199526146,0.781868385753563,270,1739.62243652344,49,14,14,14,10,1644,24,57,30,21,18.1688671112061,5,-164,33,4487,90
34.5984866192746,0.781868385753563,254,1739.62243652344,49,14,14,14,10,1644,24,57,30,21,18.1688671112061,5,-164,33,4487,90
34.6276532858946,0.781868385753563,157,1385.83422851562,46,14,14,14,10,1622,16,57,32,21,18.2202968597412,4,8,12,4645,105
34.6526532858546,0.781868385753563,168,1292.59484863281,47,14,14,14,10,1592,16,58,33,21,18.270299911499,4,-143,38,4669,99
34.6714032858246,0.781868385753563,166,1294.56091308594,47,14,14,14,10,1640,20,58,32,21,18.3178386688232,4,-42,16,3763,104
34.6901532857945,0.781868385753563,145,1313.8720703125,47,15,15,15,10,1647,20,57,32,21,18.3554649353027,5,-79,26,3279,96
34.7526532856945,0.781868385753563,248,1429.51391601562,46,15,15,15,10,1694,22,60,32,21,18.4855861663818,2,108,16,1927,115
34.7568199523545,0.781868385753563,253,1429.51391601562,46,15,15,15,10,1694,22,60,32,21,18.4855861663818,2,108,16,1927,115
34.9047366187844,0.781868385753563,222,1330.68664550781,47,14,14,14,10,1682,21,60,33,20,18.6779346466064,3,-3,18,1496,104
34.9505699520444,0.781868385753563,274,1181.23022460938,46,14,14,14,10,1688,22,60,34,20,18.7142772674561,4,7,16,1509,106
34.9839032853244,0.781868385753563,276,1165.01379394531,46,14,14,14,10,1741,12,58,34,20,18.7363910675049,4,113,8,1173,108
34.4630699528247,0.779785052423563,211,1302.18493652344,43,14,14,14,10,1522,15,59,39,19,17.757568359375,7,70,12,1177,101
34.5047366194246,0.779785052423563,230,1261.86328125,46,14,14,14,10,1636,17,59,33,21,17.9009628295898,2,275,17,5491,97
34.5422366193646,0.779785052423563,239,1362.23254394531,47,14,14,14,10,1644,26,57,31,22,18.0137348175049,7,-177,27,4716,83
34.5443199526946,0.779785052423563,247,1472.06884765625,47,15,15,15,10,1667,29,57,32,22,18.048957824707,8,-237,31,4357,81
34.5464032860246,0.779785052423563,246,1472.06884765625,47,15,15,15,10,1667,29,57,32,22,18.048957824707,8,-237,31,4357,81
34.5839032859646,0.779785052423563,274,1913.37548828125,48,15,15,15,10,1868,37,59,30,21,18.0462417602539,29,723,17,1836,75
34.6151532859146,0.779785052423563,195,1395.39990234375,48,15,15,15,10,1587,15,58,30,22,18.172815322876,3,-156,27,5054,99
34.6964032857845,0.779785052423563,139,1343.74719238281,47,15,15,15,10,1676,19,58,32,21,18.3774871826172,3,25,28,2870,103
34.7943199522945,0.779785052423563,222,1419.44873046875,48,14,14,14,10,1675,19,59,32,20,18.5473346710205,5,19,17,1537,106
34.8005699522845,0.779785052423563,209,1419.44873046875,48,14,14,14,10,1675,19,59,32,20,18.5473346710205,5,19,17,1537,106
34.9068199521144,0.779785052423563,246,1330.68664550781,47,14,14,14,10,1682,21,60,33,20,18.6779346466064,3,-3,18,1496,104
34.9089032854444,0.779785052423563,249,1330.68664550781,47,14,14,14,10,1682,21,60,33,20,18.6779346466064,3,-3,18,1496,104
34.9568199520344,0.779785052423563,308,1156.41442871094,47,14,14,14,10,1686,20,60,34,19,18.7208309173584,2,-56,16,1688,106
35.0297366185844,0.779785052423563,251,1384.10144042969,45,14,14,14,10,1822,20,60,36,19,18.6714324951172,5,138,16,806,106
34.4234866195547,0.777701719093563,210,1289.57104492188,39,14,14,14,10,1439,14,60,42,19,17.6866645812988,5,-19,17,1678,107
34.4672366194847,0.777701719093563,206,1302.18493652344,43,14,14,14,10,1522,15,59,39,19,17.757568359375,7,70,12,1177,101
34.5505699526846,0.777701719093563,241,1472.06884765625,47,15,15,15,10,1667,29,57,32,22,18.048957824707,8,-237,31,4357,81
34.6297366192246,0.777701719093563,156,1385.83422851562,46,14,14,14,10,1622,16,57,32,21,18.2202968597412,4,8,12,4645,105
34.6505699525246,0.777701719093563,189,1387.0537109375,47,14,14,14,10,1639,18,58,33,20,18.2633056640625,5,114,26,4298,105
34.6839032858045,0.777701719093563,150,1317.82409667969,47,15,15,15,10,1651,20,58,32,21,18.3407592773438,6,35,25,3467,117
34.6922366191245,0.777701719093563,159,1313.8720703125,47,15,15,15,10,1647,20,57,32,21,18.3554649353027,5,-79,26,3279,96
34.7359866190545,0.777701719093563,261,1446.83020019531,48,15,15,15,10,1684,19,58,31,21,18.4552631378174,3,14,24,2263,109
34.7484866190345,0.777701719093563,245,1447.99462890625,46,15,15,15,10,1672,21,58,32,21,18.4698734283447,4,-41,21,2288,113
34.7776532856545,0.777701719093563,172,1398.78894042969,47,14,14,14,10,1687,19,59,33,20,18.5248165130615,4,3,19,1730,110
34.8005699522845,0.777701719093563,196,1419.44873046875,48,14,14,14,10,1675,19,59,32,20,18.5473346710205,5,19,17,1537,106
34.8359866188945,0.777701719093563,215,1385.23010253906,47,14,14,14,10,1684,16,59,35,19,18.6053943634033,5,-18,20,1011,103
34.8859866188144,0.777701719093563,220,1491.49853515625,47,14,14,14,10,1710,17,60,33,19,18.6644515991211,4,18,17,1121,100
34.8880699521444,0.777701719093563,242,1491.49853515625,47,14,14,14,10,1710,17,60,33,19,18.6644515991211,4,18,17,1121,100
34.9464032853844,0.777701719093563,287,1181.23022460938,46,14,14,14,10,1688,22,60,34,20,18.7142772674561,4,7,16,1509,106
34.9484866187144,0.777701719093563,284,1181.23022460938,46,14,14,14,10,1688,22,60,34,20,18.7142772674561,4,7,16,1509,106
35.0005699519644,0.777701719093563,199,1161.47888183594,45,14,14,14,10,1736,15,59,36,19,18.7342548370361,5,-91,11,1142,97
35.0401532852344,0.777701719093563,274,1389.47204589844,45,14,14,14,10,1795,15,60,37,19,18.6825733184814,4,-37,19,1051,106
35.0464032852244,0.777701719093563,321,1344.10034179688,45,14,14,14,10,1812,14,58,36,20,18.690824508667,4,57,3,1049,104
34.3839032862847,0.775618385763563,199,1076.49658203125,38,14,14,14,10,1320,7,59,43,18,17.6345767974854,2,-90,14,2294,107
34.4630699528247,0.775618385763563,204,1246.7880859375,44,14,14,14,10,1476,15,58,37,20,17.7478141784668,3,-42,19,1559,104
34.5068199527546,0.775618385763563,205,1217.7763671875,44,14,14,14,10,1579,14,58,36,20,17.8632431030273,9,124,17,4973,95
34.5297366193846,0.775618385763563,211,1312.2509765625,46,14,14,14,10,1589,19,56,33,21,17.9618301391602,4,-189,29,5091,90
34.5339032860446,0.775618385763563,234,1312.2509765625,46,14,14,14,10,1589,19,56,33,21,17.9618301391602,4,-189,29,5091,90
34.5672366193246,0.775618385763563,251,1534.98352050781,47,15,15,15,10,1663,22,57,32,21,18.0745964050293,4,-155,35,3692,86
34.6297366192246,0.775618385763563,149,1370.76672363281,48,14,14,14,10,1589,14,57,31,21,18.1929702758789,5,-87,16,4628,105
34.7339032857245,0.775618385763563,255,1525.68627929688,47,15,15,15,190,1671,19,58,32,20,18.4341278076172,5,-5,15,2284,109
34.8630699521845,0.775618385763563,177,1218.98608398438,47,14,14,14,10,1669,15,58,34,19,18.6275062561035,4,-66,20,1362,103
34.8714032855045,0.775618385763563,178,1325.42858886719,48,14,14,14,10,1693,17,60,33,19,18.6406230926514,4,-102,20,1217,101
34.8818199521545,0.775618385763563,213,1480.40393066406,48,14,14,14,10,1726,18,60,33,19,18.6502647399902,4,22,11,892,99
34.8839032854845,0.775618385763563,230,1480.40393066406,48,14,14,14,10,1726,18,60,33,19,18.6502647399902,4,22,11,892,99
34.8880699521444,0.775618385763563,250,1562.21655273438,48,14,14,14,10,1740,17,58,34,19,18.6513042449951,3,139,14,741,102
34.9547366187044,0.775618385763563,259,1147.9580078125,45,14,14,14,10,1697,17,59,35,20,18.7173137664795,0,62,11,1572,108
34.9568199520344,0.775618385763563,256,1147.9580078125,45,14,14,14,10,1697,17,59,35,20,18.7173137664795,0,62,11,1572,108
34.9943199519744,0.775618385763563,250,1147.82434082031,45,14,14,14,10,1738,14,57,36,19,18.7374458312988,4,30,12,1065,99
34.4964032861046,0.773535052433563,216,1202.546875,46,14,14,14,10,1566,16,58,33,21,17.8305263519287,11,45,19,5504,95
34.5755699526446,0.773535052433563,252,1666.46655273438,48,15,15,15,10,1713,36,57,31,22,18.0958633422852,13,-148,53,3204,83
34.5839032859646,0.773535052433563,242,1837.58020019531,48,15,15,15,10,1859,37,58,31,21,18.0913867950439,33,358,25,1380,74
34.5922366192846,0.773535052433563,240,1891.09899902344,48,15,15,15,10,1763,35,58,30,21,18.1180763244629,26,406,32,2377,82
34.5984866192746,0.773535052433563,229,1805.26306152344,49,14,14,14,10,1659,23,57,30,21,18.1544914245605,8,-58,24,3662,88
34.6609866191746,0.773535052433563,134,1255.63073730469,45,15,15,15,10,1598,15,58,34,21,18.2723789215088,5,-95,15,4000,103
34.6922366191245,0.773535052433563,148,1305.63317871094,45,15,15,15,10,1623,20,57,34,21,18.3383235931396,3,-99,40,3248,97
34.7526532856945,0.773535052433563,247,1379.20727539062,46,15,15,15,10,1672,21,60,32,22,18.468864440918,3,32,13,1803,109
34.9068199521144,0.773535052433563,237,1429.26379394531,47,14,14,14,10,1673,21,60,33,20,18.6744537353516,3,-108,22,1427,102
35.0214032852644,0.773535052433563,231,1246.57641601562,44,14,14,14,10,1757,21,58,38,18,18.7169742584229,6,-96,11,1101,97
34.4089032862447,0.771451719103563,200,1274.82727050781,35,14,14,14,10,1418,12,60,48,16,17.6446056365967,5,98,6,1477,117
34.4464032861847,0.771451719103563,212,1346.70275878906,41,14,14,14,10,1490,17,59,41,19,17.7063827514648,4,40,8,1138,104
34.4589032861647,0.771451719103563,221,1328.81799316406,43,14,14,14,10,1510,16,60,39,19,17.7213973999023,6,157,15,625,105
34.4964032861046,0.771451719103563,220,1202.546875,46,14,14,14,10,1566,16,58,33,21,17.8305263519287,11,45,19,5504,95
34.5005699527646,0.771451719103563,225,1202.546875,46,14,14,14,10,1566,16,58,33,21,17.8305263519287,11,45,19,5504,95
34.5443199526946,0.771451719103563,214,1529.61633300781,47,14,14,14,10,1665,19,57,32,21,18.0340633392334,2,-26,25,4020,93
34.5693199526546,0.771451719103563,240,1666.46655273438,48,15,15,15,10,1713,36,57,31,22,18.0958633422852,13,-148,53,3204,83
34.6276532858946,0.771451719103563,157,1370.76672363281,48,14,14,14,10,1589,14,57,31,21,18.1929702758789,5,-87,16,4628,105
34.7484866190345,0.771451719103563,252,1421.30200195312,45,15,15,15,10,1652,21,59,33,22,18.4539642333984,3,-59,14,2137,107
34.7693199523345,0.771451719103563,192,1303.79382324219,44,15,15,15,10,1665,22,59,35,21,18.4948177337646,4,-30,14,1720,108
34.8943199521344,0.771451719103563,224,1522.44885253906,47,14,14,14,10,1702,22,59,33,19,18.6661434173584,5,-10,18,1052,101
34.9526532853744,0.771451719103563,245,1147.9580078125,45,14,14,14,10,1697,17,59,35,20,18.7173137664795,0,62,11,1572,108
35.0068199519544,0.771451719103563,232,1195.21447753906,44,14,14,14,10,1774,18,58,38,19,18.7154026031494,7,82,12,557,96
35.0318199519144,0.771451719103563,257,1268.36926269531,44,14,14,14,10,1804,18,58,37,18,18.7033462524414,6,125,7,882,98
35.0547366185444,0.771451719103563,367,1187.17443847656,45,14,14,14,10,1796,16,58,36,20,18.7169876098633,3,150,12,1344,106
34.4464032861847,0.769368385773563,220,1346.70275878906,41,14,14,14,10,1490,17,59,41,19,17.7063827514648,4,40,8,1138,104
34.4568199528347,0.769368385773563,215,1328.81799316406,43,14,14,14,10,1510,16,60,39,19,17.7213973999023,6,157,15,625,105
34.5047366194246,0.769368385773563,205,1217.7763671875,44,14,14,14,10,1579,14,58,36,20,17.8632431030273,9,124,17,4973,95
34.6734866191546,0.769368385773563,131,1303.00158691406,46,15,15,15,10,1638,17,58,33,21,18.3034362792969,3,53,20,3542,104
34.6922366191245,0.769368385773563,126,1305.63317871094,45,15,15,15,10,1623,20,57,34,21,18.3383235931396,3,-99,40,3248,97
34.7005699524445,0.769368385773563,131,1299.87072753906,46,15,15,15,10,1659,18,57,33,21,18.3581638336182,6,37,23,2680,103
34.7734866189945,0.769368385773563,179,1303.79382324219,44,15,15,15,10,1665,22,59,35,21,18.4948177337646,4,-30,14,1720,108
34.8130699522645,0.769368385773563,171,1261.09191894531,46,14,14,14,10,1651,22,60,34,20,18.553129196167,5,-35,14,1559,103
34.9526532853744,0.769368385773563,236,1147.9580078125,45,14,14,14,10,1697,17,59,35,20,18.7173137664795,0,62,11,1572,108
34.9922366186444,0.769368385773563,251,1129.87902832031,45,14,14,14,10,1704,15,57,35,20,18.7407073974609,6,-112,10,1397,100
35.0026532852944,0.769368385773563,213,1195.21447753906,44,14,14,14,10,1774,18,58,38,19,18.7154026031494,7,82,12,557,96
34.3880699529447,0.767285052443563,202,1144.70654296875,39,14,14,14,10,1330,8,60,44,17,17.6191062927246,3,-192,23,1310,103
34.3943199529347,0.767285052443563,195,1177.48510742188,36,14,14,14,10,1387,11,60,47,16,17.6274337768555,6,10,15,1048,99
34.4505699528447,0.767285052443563,231,1332.82299804688,41,14,14,14,10,1468,16,60,41,18,17.6950416564941,5,10,17,1201,106
34.4630699528247,0.767285052443563,223,1201.98083496094,42,14,14,14,10,1446,12,58,39,19,17.7397747039795,2,-134,11,1869,98
34.4922366194446,0.767285052443563,238,1165.63195800781,45,14,14,14,10,1537,15,57,34,21,17.7784957885742,8,104,26,4433,98
34.5526532860146,0.767285052443563,212,1601.84558105469,47,14,14,14,10,1645,22,57,31,21,18.0362567901611,4,-4,23,3322,96
34.5589032860046,0.767285052443563,200,1601.84558105469,47,14,14,14,10,1645,22,57,31,21,18.0362567901611,4,-4,23,3322,96
34.5734866193146,0.767285052443563,218,1596.83093261719,48,15,15,15,10,1649,23,57,32,21,18.0700035095215,4,-161,26,3141,89
34.5943199526146,0.767285052443563,232,1797.73388671875,49,15,15,15,10,1675,25,56,30,21,18.1443195343018,7,87,31,3044,91
34.6089032859246,0.767285052443563,192,1714.41735839844,50,14,14,14,10,1632,16,57,30,20,18.148265838623,4,-3,21,3735,99
34.6755699524846,0.767285052443563,143,1295.43090820312,44,15,15,15,10,1638,15,60,35,21,18.2830123901367,4,129,17,3151,105
34.6943199524545,0.767285052443563,126,1268.04235839844,45,15,15,15,10,1618,17,56,33,22,18.336727142334,3,-82,16,2740,100
34.7422366190445,0.767285052443563,244,1541.10546875,46,15,15,15,10,1660,20,59,32,22,18.4367084503174,4,-55,18,2011,111
34.8339032855645,0.767285052443563,226,1244.88354492188,46,14,14,14,10,1680,14,59,34,20,18.5729637145996,4,112,12,1372,103
34.8443199522145,0.767285052443563,177,1175.49584960938,47,14,14,14,10,1645,15,60,33,20,18.5922393798828,3,-95,14,1598,106
34.8651532855145,0.767285052443563,223,1225.19677734375,46,14,14,14,10,1704,16,60,34,19,18.6237964630127,3,99,12,1017,103
34.8818199521545,0.767285052443563,252,1490.18139648438,48,14,14,14,10,1734,20,61,34,19,18.6418571472168,5,42,15,818,100
34.8922366188044,0.767285052443563,246,1590.24047851562,48,14,14,14,10,1747,18,58,34,19,18.6406536102295,6,144,23,636,101
34.9401532853944,0.767285052443563,258,1133.80810546875,45,14,14,14,10,1652,21,61,36,20,18.6961498260498,3,-86,12,1885,106
35.0380699519044,0.767285052443563,287,1168.98974609375,45,14,14,14,10,1780,19,58,35,20,18.7264957427979,3,110,11,1334,102
35.0547366185444,0.767285052443563,358,1124.94458007812,45,14,14,14,10,1746,16,57,34,20,18.7439079284668,7,-89,7,1654,103
34.4068199529147,0.765201719113563,196,1219.33276367188,34,15,15,15,10,1424,11,60,50,16,17.6338729858398,6,185,8,1002,104
34.4443199528547,0.765201719113563,230,1332.82299804688,41,14,14,14,10,1468,16,60,41,18,17.6950416564941,5,10,17,1201,106
34.4484866195147,0.765201719113563,227,1332.82299804688,41,14,14,14,10,1468,16,60,41,18,17.6950416564941,5,10,17,1201,106
34.5151532860746,0.765201719113563,203,1191.02087402344,42,15,15,15,10,1549,16,57,36,22,17.8604335784912,11,-169,21,5126,90
34.5422366193646,0.765201719113563,189,1640.40905761719,45,15,15,15,10,1728,21,56,34,21,18.0154838562012,16,482,22,3194,90
34.5797366193046,0.765201719113563,211,1717.80297851562,48,15,15,15,10,1677,28,58,31,21,18.0945816040039,10,-157,28,2893,85
34.6130699525846,0.765201719113563,175,1605.39599609375,49,14,14,14,10,1620,15,57,31,20,18.1559772491455,4,63,27,3985,106
34.6234866192346,0.765201719113563,145,1492.94323730469,48,14,14,14,10,1581,14,57,31,20,18.1626682281494,4,-51,29,4309,107
34.6943199524545,0.765201719113563,130,1268.04235839844,45,15,15,15,10,1618,17,56,33,22,18.336727142334,3,-82,16,2740,100
34.7380699523845,0.765201719113563,239,1541.10546875,46,15,15,15,10,1660,20,59,32,22,18.4367084503174,4,-55,18,2011,111
34.7568199523545,0.765201719113563,208,1396.97924804688,47,15,15,15,10,1632,16,59,32,21,18.4561042785645,3,-121,23,1948,104
34.8568199521945,0.765201719113563,203,1176.63684082031,48,14,14,14,10,1674,15,60,33,19,18.60764503479,4,24,14,1219,104
34.8630699521845,0.765201719113563,198,1225.19677734375,46,14,14,14,10,1704,16,60,34,19,18.6237964630127,3,99,12,1017,103
34.9901532853144,0.765201719113563,268,1088.40759277344,46,14,14,14,10,1699,18,58,34,20,18.7382392883301,3,-6,5,1290,101
35.0047366186244,0.765201719113563,266,1147.66186523438,45,14,14,14,10,1734,14,57,37,19,18.7412376403809,6,12,9,614,96
34.4693199528147,0.763118385783563,212,1154.69140625,41,14,14,14,10,1452,12,59,38,21,17.7521705627441,6,-117,17,2939,101
34.5443199526946,0.763118385783563,193,1670.33239746094,46,14,14,14,10,1692,19,56,33,21,18.0297431945801,5,197,17,3088,96
34.6151532859146,0.763118385783563,143,1605.39599609375,49,14,14,14,10,1620,15,57,31,20,18.1559772491455,4,63,27,3985,106
34.7526532856945,0.763118385783563,238,1396.97924804688,47,15,15,15,10,1632,16,59,32,21,18.4561042785645,3,-121,23,1948,104
34.7589032856845,0.763118385783563,175,1396.97924804688,47,15,15,15,10,1632,16,59,32,21,18.4561042785645,3,-121,23,1948,104
34.7839032856445,0.763118385783563,173,1385.20520019531,46,15,15,15,10,1663,21,59,33,21,18.5017757415771,5,-53,16,1070,109
34.9005699521244,0.763118385783563,214,1587.51708984375,47,14,14,14,10,1709,15,59,34,19,18.6594200134277,4,-95,16,1199,101
34.9318199520744,0.763118385783563,243,1247.49560546875,45,14,14,14,10,1652,22,60,35,20,18.6902923583984,6,-39,15,1903,102
34.9818199519944,0.763118385783563,308,1099.94030761719,45,14,14,14,10,1680,18,58,35,20,18.7324638366699,5,-22,11,1452,101
35.0297366185844,0.763118385783563,252,1155.11840820312,44,14,14,14,10,1740,18,58,38,19,18.7410316467285,5,-69,10,1548,97
35.0318199519144,0.763118385783563,253,1155.11840820312,44,14,14,14,10,1740,18,58,38,19,18.7410316467285,5,-69,10,1548,97
34.4901532861146,0.761035052453563,227,1165.63195800781,45,14,14,14,10,1537,15,57,34,21,17.7784957885742,8,104,26,4433,98
34.5026532860946,0.761035052453563,185,1177.34326171875,43,14,14,14,10,1518,14,58,36,21,17.8243408203125,6,-160,19,5013,92
34.5401532860346,0.761035052453563,191,1640.40905761719,45,15,15,15,10,1728,21,56,34,21,18.0154838562012,16,482,22,3194,90
34.5568199526746,0.761035052453563,199,1601.84558105469,47,14,14,14,10,1645,22,57,31,21,18.0362567901611,4,-4,23,3322,96
34.5776532859746,0.761035052453563,190,1717.80297851562,48,15,15,15,10,1677,28,58,31,21,18.0945816040039,10,-157,28,2893,85
34.5839032859646,0.761035052453563,198,1717.80297851562,48,15,15,15,10,1677,28,58,31,21,18.0945816040039,10,-157,28,2893,85
34.6109866192546,0.761035052453563,149,1605.39599609375,49,14,14,14,10,1620,15,57,31,20,18.1559772491455,4,63,27,3985,106
34.6234866192346,0.761035052453563,132,1492.94323730469,48,14,14,14,10,1581,14,57,31,20,18.1626682281494,4,-51,29,4309,107
34.6839032858045,0.761035052453563,123,1330.77368164062,46,15,15,15,10,1642,18,57,33,21,18.3067398071289,2,87,18,2996,107
34.6984866191145,0.761035052453563,122,1268.04235839844,45,15,15,15,10,1618,17,56,33,22,18.336727142334,3,-82,16,2740,100
34.7255699524045,0.761035052453563,238,1507.86535644531,45,15,15,15,10,1699,19,59,35,20,18.4102649688721,3,96,17,1723,109
34.8297366189045,0.761035052453563,204,1244.88354492188,46,14,14,14,10,1680,14,59,34,20,18.5729637145996,4,112,12,1372,103
34.9047366187844,0.761035052453563,231,1541.01245117188,47,14,14,14,10,1707,21,59,34,20,18.6713676452637,5,-29,12,1363,100
34.3964032862647,0.758951719123563,196,1179.89990234375,36,14,14,14,10,1348,9,60,47,17,17.6087265014648,7,-187,18,1431,103
34.4276532862147,0.758951719123563,209,1343.92443847656,39,14,14,14,10,1443,14,61,43,19,17.6538639068604,4,93,9,1461,117
34.4443199528547,0.758951719123563,214,1298.51831054688,38,14,14,14,10,1456,13,60,43,18,17.6871185302734,8,128,17,1274,105
34.4589032861647,0.758951719123563,227,1228.69360351562,40,14,14,14,10,1424,12,59,42,19,17.7145118713379,7,-136,13,1673,97
34.5276532860546,0.758951719123563,178,1632.89990234375,44,15,15,15,10,1652,20,56,35,21,17.9623413085938,20,45,16,3159,85
34.5609866193346,0.758951719123563,192,1618.69836425781,48,15,15,15,10,1618,20,55,32,20,18.0271034240723,3,-127,27,2754,92
34.7047366191045,0.758951719123563,131,1249.34924316406,44,14,14,14,10,1644,17,58,35,20,18.3412857055664,6,78,14,2033,100
34.7089032857645,0.758951719123563,133,1249.34924316406,44,14,14,14,10,1644,17,58,35,20,18.3412857055664,6,78,14,2033,100
34.8109866189345,0.758951719123563,179,1302.23425292969,47,14,14,14,10,1645,14,59,33,21,18.5375308990479,6,81,11,1386,107
34.8589032855245,0.758951719123563,174,1181.37377929688,46,14,14,14,10,1666,16,60,34,20,18.6021423339844,3,2,12,1419,105
34.8880699521444,0.758951719123563,226,1552.20227050781,46,14,14,14,10,1744,16,60,35,19,18.6434841156006,4,74,12,711,102
34.9318199520744,0.758951719123563,220,1274.49780273438,45,14,14,14,10,1661,22,60,36,19,18.686164855957,4,-27,10,1780,102
35.0339032852444,0.758951719123563,309,1068.40698242188,44,14,14,14,10,1729,19,58,37,20,18.7566814422607,6,8,17,1777,98
34.4318199528747,0.756868385793563,212,1343.92443847656,39,14,14,14,10,1443,14,61,43,19,17.6538639068604,4,93,9,1461,117
34.5005699527646,0.756868385793563,180,1196.06225585938,43,14,14,14,10,1494,13,59,37,21,17.7815380096436,5,-257,19,5086,93
34.5359866193746,0.756868385793563,181,1752.091796875,44,15,15,15,10,1707,21,56,36,20,17.9950866699219,9,325,13,2198,91
34.5922366192846,0.756868385793563,202,1691.89331054688,49,14,14,14,10,1648,24,57,31,20,18.0909976959229,10,-52,40,2614,91
34.6151532859146,0.756868385793563,132,1660.83166503906,48,14,14,14,10,1626,17,58,32,20,18.1410846710205,2,87,35,3278,108
34.6505699525246,0.756868385793563,121,1316.00048828125,48,14,14,14,10,1581,14,58,32,20,18.1909084320068,3,59,19,3981,108
34.7068199524345,0.756868385793563,127,1249.34924316406,44,14,14,14,10,1644,17,58,35,20,18.3412857055664,6,78,14,2033,100
34.7630699523445,0.756868385793563,158,1331.74145507812,46,14,14,14,10,1625,18,59,33,21,18.4547634124756,3,-80,29,1522,104
34.8172366189245,0.756868385793563,200,1302.23425292969,47,14,14,14,10,1645,14,59,33,21,18.5375308990479,6,81,11,1386,107
34.8255699522445,0.756868385793563,235,1219.13012695312,47,14,14,14,10,1619,15,59,32,21,18.5452575683594,4,-129,25,1845,106
34.8880699521444,0.756868385793563,241,1552.20227050781,46,14,14,14,10,1744,16,60,35,19,18.6434841156006,4,74,12,711,102
34.8901532854744,0.756868385793563,226,1552.20227050781,46,14,14,14,10,1744,16,60,35,19,18.6434841156006,4,74,12,711,102
34.8922366188044,0.756868385793563,221,1552.20227050781,46,14,14,14,10,1744,16,60,35,19,18.6434841156006,4,74,12,711,102
34.9151532854344,0.756868385793563,223,1550.64428710938,46,14,14,14,10,1726,17,60,35,19,18.6694869995117,11,173,14,1171,101
34.9380699520644,0.756868385793563,234,1119.25891113281,46,14,14,14,10,1640,22,62,35,20,18.6910095214844,4,-105,21,2094,107
34.9672366186844,0.756868385793563,238,1083.658203125,46,14,14,14,10,1653,20,60,34,20,18.7142772674561,6,-99,14,1821,104
34.9734866186744,0.756868385793563,245,1087.1591796875,46,14,14,14,10,1665,21,60,34,20,18.7217197418213,6,-40,14,1619,102
34.9984866186344,0.756868385793563,276,1068.0498046875,45,14,14,14,10,1683,20,60,36,19,18.7411403656006,4,-53,19,1198,101
34.5193199527346,0.754785052463563,210,1418.18872070312,44,14,14,14,10,1611,20,56,35,21,17.9010696411133,14,-22,13,3781,88
34.6505699525246,0.754785052463563,130,1316.00048828125,48,14,14,14,10,1581,14,58,32,20,18.1909084320068,3,59,19,3981,108
34.6526532858546,0.754785052463563,133,1243.75842285156,47,15,15,15,10,1546,15,58,32,20,18.2048454284668,4,-75,16,4065,103
34.7193199524145,0.754785052463563,127,1382.04724121094,45,14,14,14,10,1661,19,57,35,20,18.3871612548828,6,-30,20,1738,104
34.7214032857445,0.754785052463563,127,1382.04724121094,45,14,14,14,10,1661,19,57,35,20,18.3871612548828,6,-30,20,1738,104
34.7609866190145,0.754785052463563,161,1331.74145507812,46,14,14,14,10,1625,18,59,33,21,18.4547634124756,3,-80,29,1522,104
34.8130699522645,0.754785052463563,170,1302.23425292969,47,14,14,14,10,1645,14,59,33,21,18.5375308990479,6,81,11,1386,107
34.8276532855745,0.754785052463563,229,1194.45458984375,48,14,14,14,10,1653,16,60,32,20,18.5606575012207,2,63,30,1533,107
34.8922366188044,0.754785052463563,214,1552.20227050781,46,14,14,14,10,1744,16,60,35,19,18.6434841156006,4,74,12,711,102
34.9151532854344,0.754785052463563,222,1550.64428710938,46,14,14,14,10,1726,17,60,35,19,18.6694869995117,11,173,14,1171,101
34.9505699520444,0.754785052463563,246,1074.94091796875,46,14,14,14,10,1656,22,61,34,20,18.6989803314209,4,25,16,1810,107
34.9568199520344,0.754785052463563,242,1076.47094726562,46,14,14,14,10,1646,23,60,35,20,18.7066955566406,3,-74,13,1934,107
34.9672366186844,0.754785052463563,265,1083.658203125,46,14,14,14,10,1653,20,60,34,20,18.7142772674561,6,-99,14,1821,104
35.0214032852644,0.754785052463563,269,1058.19873046875,44,14,14,14,10,1689,15,58,36,20,18.7557945251465,2,-126,14,1820,99
34.5109866194146,0.752701719133563,195,1274.23229980469,42,14,14,14,10,1542,17,56,36,22,17.8466300964355,3,-241,8,4283,91
34.5172366194046,0.752701719133563,191,1274.23229980469,42,14,14,14,10,1542,17,56,36,22,17.8466300964355,3,-241,8,4283,91
34.5714032859846,0.752701719133563,190,1609.86535644531,48,15,15,15,10,1627,19,58,32,20,18.0433578491211,2,-93,18,2817,92
34.6109866192546,0.752701719133563,146,1660.83166503906,48,14,14,14,10,1626,17,58,32,20,18.1410846710205,2,87,35,3278,108
34.6193199525746,0.752701719133563,128,1583.25854492188,48,14,14,14,10,1608,15,58,31,20,18.1524658203125,1,79,37,3656,113
34.6297366192246,0.752701719133563,125,1479.80773925781,48,14,14,14,10,1591,15,58,32,20,18.1626358032227,5,90,20,3932,111
34.6714032858246,0.752701719133563,151,1264.54504394531,44,15,15,15,10,1599,14,58,34,21,18.2564907073975,3,31,18,3231,106
34.7026532857745,0.752701719133563,125,1249.34924316406,44,14,14,14,10,1644,17,58,35,20,18.3412857055664,6,78,14,2033,100
34.8505699522045,0.752701719133563,207,1162.607421875,46,14,14,14,10,1639,15,60,34,20,18.5850372314453,4,-100,14,1671,106
34.8547366188645,0.752701719133563,207,1181.37377929688,46,14,14,14,10,1666,16,60,34,20,18.6021423339844,3,2,12,1419,105
34.8651532855145,0.752701719133563,218,1226.28234863281,47,14,14,14,10,1681,16,60,34,19,18.6168441772461,4,-44,13,1195,104
34.9026532854544,0.752701719133563,248,1595.92907714844,45,14,14,14,10,1745,16,60,36,19,18.6607780456543,5,134,11,879,107
34.9089032854444,0.752701719133563,224,1595.92907714844,45,14,14,14,10,1745,16,60,36,19,18.6607780456543,5,134,11,879,107
34.9151532854344,0.752701719133563,236,1550.64428710938,46,14,14,14,10,1726,17,60,35,19,18.6694869995117,11,173,14,1171,101
34.9297366187444,0.752701719133563,203,1274.49780273438,45,14,14,14,10,1661,22,60,36,19,18.686164855957,4,-27,10,1780,102
34.4630699528247,0.750618385803563,196,1152.82336425781,42,14,14,14,10,1468,14,58,39,19,17.7124767303467,6,177,30,2016,103
34.5380699527046,0.750618385803563,159,1739.95703125,43,15,15,15,10,1654,18,56,37,20,17.9562435150146,7,65,8,2042,88
34.5880699526246,0.750618385803563,206,1632.5361328125,50,14,14,14,10,1609,16,57,31,19,18.0577697753906,4,-72,18,2168,97
34.5964032859446,0.750618385803563,193,1631.06823730469,51,14,14,14,10,1608,18,57,30,19,18.0781059265137,3,-52,26,1491,100
34.6422366192046,0.750618385803563,134,1405.39489746094,46,14,14,14,10,1547,16,58,33,20,18.149471282959,5,-73,15,4177,103
34.6672366191646,0.750618385803563,128,1198.30029296875,49,15,15,15,10,1541,13,59,31,21,18.2027454376221,6,-137,20,3817,106
34.6693199524946,0.750618385803563,124,1235.25305175781,46,15,15,15,10,1575,14,59,33,21,18.2333889007568,2,37,16,3210,109
34.6714032858246,0.750618385803563,132,1235.25305175781,46,15,15,15,10,1575,14,59,33,21,18.2333889007568,2,37,16,3210,109
34.7318199523945,0.750618385803563,235,1366.37329101562,45,14,14,14,10,1661,16,59,34,21,18.3908061981201,5,26,15,1540,104
34.7672366190045,0.750618385803563,158,1410.22155761719,47,14,14,14,10,1622,20,58,32,21,18.4464092254639,1,-104,22,1361,112
34.9276532854144,0.750618385803563,193,1221.73400878906,46,14,14,14,10,1659,20,61,35,19,18.6801509857178,5,14,12,1757,100
35.0193199519344,0.750618385803563,289,1028.73046875,44,14,14,14,10,1688,15,59,36,20,18.7545948028564,4,-109,10,1902,101
34.4818199527946,0.748535052473563,178,1175.7587890625,38,14,14,14,10,1478,14,58,43,19,17.727632522583,8,-86,7,3195,97
34.5693199526546,0.748535052473563,180,1697.60925292969,48,14,14,14,10,1614,18,56,32,20,18.0326080322266,5,-81,27,2338,97
34.5984866192746,0.748535052473563,189,1631.06823730469,51,14,14,14,10,1608,18,57,30,19,18.0781059265137,3,-52,26,1491,100
34.6005699526046,0.748535052473563,178,1631.06823730469,51,14,14,14,10,1608,18,57,30,19,18.0781059265137,3,-52,26,1491,100
34.6047366192646,0.748535052473563,155,1648.50671386719,50,13,13,13,10,1615,17,58,31,19,18.1004085540771,1,0,33,793,105
34.6401532858746,0.748535052473563,127,1405.39489746094,46,14,14,14,10,1547,16,58,33,20,18.149471282959,5,-73,15,4177,103
34.7089032857645,0.748535052473563,128,1189.38940429688,44,14,14,14,10,1589,14,57,36,21,18.3137073516846,6,-72,11,2283,101
34.7464032857045,0.748535052473563,212,1591.9326171875,49,14,14,14,10,1681,23,58,30,21,18.4341087341309,3,86,19,1201,113
34.9109866187744,0.748535052473563,216,1510.8955078125,45,14,14,14,10,1716,17,60,36,19,18.6679534912109,9,26,9,1041,99
34.9151532854344,0.748535052473563,231,1510.8955078125,45,14,14,14,10,1716,17,60,36,19,18.6679534912109,9,26,9,1041,99
34.4380699528647,0.746451719143563,198,1307.38818359375,40,14,14,14,10,1413,13,60,41,19,17.6658630371094,7,-43,21,1874,104
34.4589032861647,0.746451719143563,218,1184.99853515625,40,14,14,14,10,1394,11,59,40,20,17.7071800231934,7,-183,18,2237,98
34.4859866194546,0.746451719143563,194,1223.46008300781,41,14,14,14,10,1478,14,58,40,20,17.7466583251953,10,-302,23,4210,92
34.4984866194346,0.746451719143563,198,1300.513671875,45,14,14,14,10,1578,18,56,35,20,17.7890949249268,16,151,47,4150,89
34.5193199527346,0.746451719143563,191,1586.4140625,44,14,14,14,10,1605,19,55,34,22,17.9027938842773,17,-95,19,3162,86
34.6005699526046,0.746451719143563,174,1631.06823730469,51,14,14,14,10,1608,18,57,30,19,18.0781059265137,3,-52,26,1491,100
34.7109866190945,0.746451719143563,129,1213.03356933594,43,14,14,14,10,1627,14,58,37,21,18.340482711792,4,57,19,1810,103
34.7630699523445,0.746451719143563,177,1410.22155761719,47,14,14,14,10,1622,20,58,32,21,18.4464092254639,1,-104,22,1361,112
34.7859866189745,0.746451719143563,172,1343.37048339844,50,14,14,14,10,1646,20,59,30,21,18.4877529144287,5,29,15,777,108
34.8068199522745,0.746451719143563,162,1335.70397949219,46,14,14,14,10,1649,19,59,33,21,18.5152111053467,2,40,21,1241,112
34.8547366188645,0.746451719143563,170,1190.22424316406,47,14,14,14,10,1680,16,60,33,20,18.5958881378174,3,72,20,1195,107
34.8693199521745,0.746451719143563,222,1288.53564453125,47,14,14,14,10,1698,16,60,33,20,18.6227035522461,3,-14,15,1110,103
34.8776532854945,0.746451719143563,223,1378.42175292969,47,14,14,14,10,1720,17,60,34,19,18.6350002288818,4,28,9,920,100
34.8922366188044,0.746451719143563,241,1490.82397460938,47,14,14,14,10,1714,16,59,34,19,18.6438827514648,5,-76,21,1080,101
34.9276532854144,0.746451719143563,198,1221.73400878906,46,14,14,14,10,1659,20,61,35,19,18.6801509857178,5,14,12,1757,100
34.4714032861446,0.744368385813563,189,1155.73791503906,41,14,14,14,10,1469,15,58,40,19,17.7195014953613,8,-14,17,2681,98
34.5109866194146,0.744368385813563,187,1465.9736328125,45,14,14,14,10,1574,20,55,34,21,17.8639698028564,19,-93,19,3579,85
34.5130699527446,0.744368385813563,174,1465.9736328125,45,14,14,14,10,1574,20,55,34,21,17.8639698028564,19,-93,19,3579,85
34.5526532860146,0.744368385813563,155,1638.8359375,44,14,14,14,10,1646,17,57,35,20,17.9875946044922,5,18,14,2178,97
34.5943199526146,0.744368385813563,174,1631.06823730469,51,14,14,14,10,1608,18,57,30,19,18.0781059265137,3,-52,26,1491,100
34.6068199525946,0.744368385813563,137,1648.50671386719,50,13,13,13,10,1615,17,58,31,19,18.1004085540771,1,0,33,793,105
34.6276532858946,0.744368385813563,126,1529.20776367188,46,14,14,14,10,1573,18,58,33,21,18.1424217224121,6,-25,21,3649,110
34.6359866192146,0.744368385813563,112,1405.39489746094,46,14,14,14,10,1547,16,58,33,20,18.149471282959,5,-73,15,4177,103
34.6839032858045,0.744368385813563,153,1252.95812988281,46,15,15,15,10,1590,14,58,33,21,18.2575798034668,4,36,13,2833,107
34.7109866190945,0.744368385813563,132,1213.03356933594,43,14,14,14,10,1627,14,58,37,21,18.340482711792,4,57,19,1810,103
34.7651532856745,0.744368385813563,182,1410.22155761719,47,14,14,14,10,1622,20,58,32,21,18.4464092254639,1,-104,22,1361,112
34.7797366189845,0.744368385813563,183,1316.59509277344,48,14,14,14,10,1640,19,59,31,21,18.4720993041992,4,-13,28,835,110
34.7984866189545,0.744368385813563,169,1351.35375976562,48,14,14,14,10,1630,19,58,31,21,18.4998779296875,2,-54,11,1143,108
34.8984866187944,0.744368385813563,225,1578.51867675781,45,14,14,14,10,1744,17,60,36,19,18.6491832733154,2,97,12,825,107
34.5214032860646,0.742285052483563,180,1653.18444824219,43,14,14,14,10,1651,18,57,38,19,17.8801383972168,9,154,20,1898,87
34.5401532860346,0.742285052483563,188,1647.18383789062,42,14,14,14,10,1614,18,57,38,20,17.9153137207031,4,-24,16,1938,90
34.5589032860046,0.742285052483563,165,1558.01684570312,42,14,14,14,10,1617,18,57,38,20,17.9515419006348,9,-38,15,1602,91
34.6505699525246,0.742285052483563,129,1321.83581542969,47,14,14,14,10,1514,18,58,31,21,18.1447563171387,3,-172,21,4038,102
34.6714032858246,0.742285052483563,134,1208.0810546875,48,15,15,15,10,1565,17,58,30,22,18.2121105194092,2,79,17,3029,111
34.7068199524345,0.742285052483563,131,1174.21813964844,45,14,14,14,10,1559,13,56,35,21,18.2960357666016,5,-124,27,2333,107
34.7151532857545,0.742285052483563,126,1177.1064453125,44,14,14,14,10,1587,15,57,35,21,18.3182716369629,3,-38,15,1913,104
34.7359866190545,0.742285052483563,111,1395.47668457031,46,14,14,14,10,1670,17,58,34,20,18.3976249694824,6,77,12,1021,105
34.7464032857045,0.742285052483563,159,1531.01489257812,48,14,14,14,10,1678,20,58,32,20,18.420482635498,3,47,28,980,111
34.7505699523645,0.742285052483563,160,1531.01489257812,48,14,14,14,10,1678,20,58,32,20,18.420482635498,3,47,28,980,111
34.7714032856645,0.742285052483563,166,1431.90869140625,48,14,14,14,10,1628,20,59,32,20,18.4527587890625,4,-44,33,1053,112
34.8339032855645,0.742285052483563,216,1172.23913574219,46,14,14,14,10,1623,14,60,33,20,18.5422515869141,4,-16,14,1770,109
34.8943199521344,0.742285052483563,217,1583.81396484375,45,14,14,14,10,1738,14,59,36,19,18.645975112915,2,62,22,958,108
34.9193199520944,0.742285052483563,174,1280.62817382812,45,14,14,14,10,1659,19,60,36,19,18.6666984558105,6,-67,11,1754,102
34.6464032858646,0.740201719153563,120,1321.83581542969,47,14,14,14,10,1514,18,58,31,21,18.1447563171387,3,-172,21,4038,102
34.7464032857045,0.740201719153563,154,1531.01489257812,48,14,14,14,10,1678,20,58,32,20,18.420482635498,3,47,28,980,111
34.8505699522045,0.740201719153563,177,1173.94055175781,46,14,14,14,10,1669,16,60,33,21,18.5731163024902,4,101,10,1298,109
34.8693199521745,0.740201719153563,215,1330.31481933594,47,14,14,14,10,1678,16,60,34,19,18.6184329986572,6,-80,19,1373,102
34.4505699528447,0.738118385823563,211,1186.38208007812,38,14,14,14,10,1407,12,59,43,20,17.6753005981445,6,98,8,2010,109
34.4526532861747,0.738118385823563,215,1145.07885742188,41,14,14,14,10,1380,10,58,39,21,17.6974277496338,3,-163,15,2616,99
34.4672366194847,0.738118385823563,195,1142.48583984375,40,14,14,14,10,1419,15,58,39,20,17.7030811309814,7,-69,25,2757,98
34.4693199528147,0.738118385823563,190,1177.67712402344,40,14,14,14,10,1459,12,58,40,20,17.7027721405029,5,0,14,2984,96
34.5172366194046,0.738118385823563,184,1605.07531738281,44,14,14,14,10,1714,22,54,36,19,17.8572902679443,6,540,14,1506,88
34.5818199526346,0.738118385823563,142,1724.11474609375,43,14,14,14,10,1618,17,56,37,20,18.0287971496582,4,37,18,1562,102
34.5859866192946,0.738118385823563,119,1644.279296875,46,14,14,14,10,1586,15,56,34,20,18.0373401641846,3,-77,30,1563,100
34.5984866192746,0.738118385823563,122,1593.69213867188,49,14,14,14,10,1586,17,58,32,19,18.0519905090332,4,-88,26,1136,102
34.6464032858646,0.738118385823563,117,1321.83581542969,47,14,14,14,10,1514,18,58,31,21,18.1447563171387,3,-172,21,4038,102
34.6505699525246,0.738118385823563,118,1321.83581542969,47,14,14,14,10,1514,18,58,31,21,18.1447563171387,3,-172,21,4038,102
34.7068199524345,0.738118385823563,121,1174.21813964844,45,14,14,14,10,1559,13,56,35,21,18.2960357666016,5,-124,27,2333,107
34.7109866190945,0.738118385823563,128,1177.1064453125,44,14,14,14,10,1587,15,57,35,21,18.3182716369629,3,-38,15,1913,104
34.7651532856745,0.738118385823563,155,1518.29345703125,47,14,14,14,10,1632,21,59,32,20,18.4436264038086,5,-80,17,1105,112
34.8068199522745,0.738118385823563,215,1288.41552734375,48,14,14,14,10,1634,18,59,31,21,18.5011157989502,4,35,25,1225,109
34.8276532855745,0.738118385823563,166,1172.23913574219,46,14,14,14,10,1623,14,60,33,20,18.5422515869141,4,-16,14,1770,109
34.8651532855145,0.738118385823563,213,1262.23449707031,48,14,14,14,10,1683,16,60,33,19,18.6050682067871,4,-2,10,1355,103
34.8776532854945,0.738118385823563,208,1401.20727539062,46,14,14,14,10,1684,14,60,35,19,18.6291561126709,3,-144,15,1341,102
34.4943199527746,0.736035052493563,179,1432.05871582031,43,14,14,14,10,1626,16,57,38,20,17.780834197998,9,318,18,2694,91
34.5193199527346,0.736035052493563,190,1653.18444824219,43,14,14,14,10,1651,18,57,38,19,17.8801383972168,9,154,20,1898,87
34.5276532860546,0.736035052493563,176,1683.0205078125,42,14,14,14,10,1659,16,57,38,20,17.9047107696533,7,225,14,1859,89
34.5443199526946,0.736035052493563,180,1566.16735839844,43,14,14,14,10,1580,18,57,37,20,17.9257850646973,3,-160,18,2140,93
34.5609866193346,0.736035052493563,139,1663.84289550781,44,14,14,14,10,1679,19,57,37,20,17.9953918457031,10,236,16,854,92
34.6047366192646,0.736035052493563,136,1604.21875,49,13,13,13,10,1602,19,58,32,20,18.0758056640625,2,32,14,691,109
34.6276532858946,0.736035052493563,112,1560.61511230469,43,14,14,14,10,1577,15,60,36,21,18.1276741027832,5,78,20,3327,113
34.6839032858045,0.736035052493563,129,1208.96337890625,48,14,14,14,10,1559,15,58,31,21,18.2335605621338,3,22,18,2842,110
34.7026532857745,0.736035052493563,122,1174.21813964844,45,14,14,14,10,1559,13,56,35,21,18.2960357666016,5,-124,27,2333,107
34.7068199524345,0.736035052493563,120,1174.21813964844,45,14,14,14,10,1559,13,56,35,21,18.2960357666016,5,-124,27,2333,107
34.7818199523145,0.736035052493563,211,1376.15063476562,48,14,14,14,10,1610,16,59,31,21,18.4624423980713,4,-113,37,1098,113
34.7839032856445,0.736035052493563,176,1376.15063476562,48,14,14,14,10,1610,16,59,31,21,18.4624423980713,4,-113,37,1098,113
34.8797366188245,0.736035052493563,212,1401.20727539062,46,14,14,14,10,1684,14,60,35,19,18.6291561126709,3,-144,15,1341,102
34.8901532854744,0.736035052493563,226,1497.79736328125,47,14,14,14,10,1706,15,59,34,19,18.6391906738281,3,-99,16,1184,102
34.8964032854644,0.736035052493563,204,1583.81396484375,45,14,14,14,10,1738,14,59,36,19,18.645975112915,2,62,22,958,108
34.4672366194847,0.733951719163563,181,1144.32385253906,40,14,14,14,10,1416,14,58,40,20,17.688892364502,3,-16,13,2928,100
34.5172366194046,0.733951719163563,193,1567.64880371094,42,14,14,14,10,1568,15,58,40,18,17.798849105835,10,-111,15,2013,84
34.5318199527146,0.733951719163563,172,1535.29833984375,41,14,14,14,10,1600,15,57,39,20,17.8437957763672,10,-35,8,1574,84
34.5651532859946,0.733951719163563,139,1565.9501953125,42,14,14,14,10,1601,19,57,38,20,17.9528007507324,10,-68,17,992,91
34.5734866193146,0.733951719163563,135,1723.30078125,44,14,14,14,10,1637,16,58,37,20,17.9956588745117,4,153,19,519,100
34.5943199526146,0.733951719163563,130,1586.49487304688,48,14,14,14,10,1572,16,57,32,20,18.0308494567871,3,-48,25,955,105
34.6568199525146,0.733951719163563,136,1286.84143066406,47,14,14,14,10,1510,16,57,31,22,18.1469440460205,0,-119,18,3692,105
34.6630699525046,0.733951719163563,124,1207.49865722656,47,14,14,14,10,1519,16,58,31,22,18.1634044647217,3,-100,22,3465,106
34.6797366191445,0.733951719163563,132,1163.26025390625,46,15,15,15,10,1539,16,58,33,21,18.2082862854004,5,21,18,2702,105
34.7214032857445,0.733951719163563,117,1188.98498535156,44,14,14,14,10,1584,13,59,36,20,18.3277835845947,2,-83,18,1731,106
34.7380699523845,0.733951719163563,108,1298.25988769531,47,14,14,14,10,1632,15,59,33,20,18.3783664703369,2,-43,19,1110,106
34.8505699522045,0.733951719163563,208,1171.45532226562,46,14,14,14,10,1627,16,60,33,21,18.5627155303955,5,-117,23,1731,105
34.4339032862047,0.731868385833563,177,1318.21838378906,37,14,14,14,10,1367,13,58,44,19,17.6230449676514,3,-80,18,2253,107
34.4672366194847,0.731868385833563,183,1144.32385253906,40,14,14,14,10,1416,14,58,40,20,17.688892364502,3,-16,13,2928,100
34.4859866194546,0.731868385833563,149,1386.59887695312,42,14,14,14,10,1563,13,58,39,19,17.7176399230957,9,165,10,2915,96
34.5068199527546,0.731868385833563,195,1538.58227539062,41,14,14,14,10,1631,17,56,41,18,17.7795028686523,5,263,11,1937,89
34.5151532860746,0.731868385833563,182,1567.64880371094,42,14,14,14,10,1568,15,58,40,18,17.798849105835,10,-111,15,2013,84
34.5318199527146,0.731868385833563,179,1535.29833984375,41,14,14,14,10,1600,15,57,39,20,17.8437957763672,10,-35,8,1574,84
34.6234866192346,0.731868385833563,123,1609.30444335938,46,14,14,14,10,1567,21,58,33,20,18.0914726257324,2,-50,24,2602,112
34.6464032858646,0.731868385833563,111,1405.92919921875,46,14,14,14,10,1533,15,58,33,21,18.1370086669922,7,11,14,3617,110
34.7859866189745,0.731868385833563,167,1471.73803710938,48,14,14,14,10,1636,21,58,31,21,18.473991394043,5,24,34,975,110
34.8589032855245,0.731868385833563,215,1211.95227050781,47,14,14,14,10,1667,18,60,33,20,18.5819225311279,6,6,18,1437,100
34.8714032855045,0.731868385833563,231,1396.17858886719,45,14,14,14,10,1727,17,60,35,19,18.6161270141602,3,154,16,1000,106
34.8943199521344,0.731868385833563,245,1598.48596191406,46,14,14,14,10,1752,15,59,36,19,18.6349773406982,3,162,18,906,104
34.4464032861847,0.729785052503563,209,1134.13671875,39,14,14,14,10,1378,10,60,40,21,17.6667232513428,5,-1,12,2556,103
34.4651532861547,0.729785052503563,192,1144.32385253906,40,14,14,14,10,1416,14,58,40,20,17.688892364502,3,-16,13,2928,100
34.5359866193746,0.729785052503563,166,1515.388671875,41,14,14,14,10,1583,14,58,39,19,17.8716220855713,11,-108,14,1932,90
34.6089032859246,0.729785052503563,124,1581.17761230469,49,13,13,13,10,1583,20,57,32,20,18.0526809692383,3,-20,30,858,107
34.6172366192446,0.729785052503563,120,1612.19177246094,47,14,14,14,10,1589,20,58,34,20,18.0758438110352,3,52,20,1601,114
34.6714032858246,0.729785052503563,111,1176.89123535156,47,15,15,15,10,1536,19,57,32,21,18.1866989135742,9,6,16,2988,108
34.6901532857945,0.729785052503563,119,1163.05444335938,46,14,14,14,10,1539,17,57,33,21,18.2327480316162,3,-81,31,2757,105
34.7672366190045,0.729785052503563,212,1595.61511230469,48,14,14,14,10,1669,18,58,32,20,18.4416732788086,4,32,20,669,116
34.7693199523345,0.729785052503563,209,1557.16674804688,49,14,14,14,10,1658,22,57,32,20,18.4528656005859,6,56,19,762,111
34.8443199522145,0.729785052503563,207,1171.45532226562,46,14,14,14,10,1627,16,60,33,21,18.5627155303955,5,-117,23,1731,105
34.8714032855045,0.729785052503563,220,1396.17858886719,45,14,14,14,10,1727,17,60,35,19,18.6161270141602,3,154,16,1000,106
34.9151532854344,0.729785052503563,243,1416.94262695312,45,14,14,14,10,1680,20,60,35,19,18.6578636169434,5,18,11,1589,99
34.9193199520944,0.729785052503563,235,1224.95983886719,46,14,14,14,10,1634,17,60,35,19,18.6605339050293,1,-121,16,2126,103
34.5109866194146,0.727701719173563,177,1567.64880371094,42,14,14,14,10,1568,15,58,40,18,17.798849105835,10,-111,15,2013,84
34.5380699527046,0.727701719173563,173,1515.388671875,41,14,14,14,10,1583,14,58,39,19,17.8716220855713,11,-108,14,1932,90
34.5401532860346,0.727701719173563,179,1515.388671875,41,14,14,14,10,1583,14,58,39,19,17.8716220855713,11,-108,14,1932,90
34.5776532859746,0.727701719173563,133,1752.31213378906,42,14,14,14,10,1599,14,58,38,20,18.0086669921875,4,-41,9,975,102
34.6568199525146,0.727701719173563,119,1286.84143066406,47,14,14,14,10,1510,16,57,31,22,18.1469440460205,0,-119,18,3692,105
34.6609866191746,0.727701719173563,123,1207.49865722656,47,14,14,14,10,1519,16,58,31,22,18.1634044647217,3,-100,22,3465,106
34.7047366191045,0.727701719173563,132,1202.37939453125,46,14,14,14,10,1583,15,58,34,20,18.2909297943115,3,34,29,1903,108
34.7234866190745,0.727701719173563,112,1188.98498535156,44,14,14,14,10,1584,13,59,36,20,18.3277835845947,2,-83,18,1731,106
34.8130699522645,0.727701719173563,207,1247.27709960938,48,14,14,14,10,1608,18,60,30,21,18.5021228790283,2,-74,27,1577,110
34.8630699521845,0.727701719173563,228,1295.27795410156,48,14,14,14,10,1704,20,59,33,19,18.6008358001709,4,102,30,1117,101
34.4276532862147,0.725618385843563,172,1278.32116699219,38,14,14,14,10,1349,17,60,42,19,17.6096515655518,2,-106,18,2414,103
34.4443199528547,0.725618385843563,220,1129.13696289062,44,14,14,14,10,1365,17,60,35,22,17.6499900817871,1,-44,34,2904,101
34.4547366195047,0.725618385843563,186,1131.57006835938,41,14,14,14,10,1376,14,58,38,21,17.6653938293457,3,-75,14,3082,102
34.4589032861647,0.725618385843563,203,1131.57006835938,41,14,14,14,10,1376,14,58,38,21,17.6653938293457,3,-75,14,3082,102
34.5464032860246,0.725618385843563,173,1358.0234375,42,14,14,14,10,1572,14,58,39,19,17.8616523742676,8,135,16,1148,91
34.5609866193346,0.725618385843563,150,1476.53515625,43,14,14,14,10,1577,16,56,38,19,17.919189453125,8,-92,22,784,93
34.5776532859746,0.725618385843563,127,1745.57702636719,47,14,14,14,10,1608,18,58,34,20,17.9876117706299,4,63,20,283,103
34.6589032858446,0.725618385843563,117,1381.28186035156,46,14,14,14,10,1536,16,58,32,22,18.1395244598389,5,46,18,3229,114
34.6922366191245,0.725618385843563,120,1144.30773925781,45,14,14,14,10,1546,17,59,34,21,18.2155666351318,5,27,16,2386,106
34.7734866189945,0.725618385843563,233,1614.96643066406,49,14,14,14,10,1670,22,59,31,19,18.4482345581055,3,40,52,484,118
34.8109866189345,0.725618385843563,200,1334.28601074219,47,14,14,14,10,1600,16,59,31,22,18.4973182678223,5,-98,19,1621,108
34.8339032855645,0.725618385843563,178,1155.44909667969,47,14,14,14,10,1608,15,59,32,21,18.5192737579346,4,-52,13,1727,107
34.8693199521745,0.725618385843563,219,1401.70068359375,46,14,14,14,10,1704,16,60,35,19,18.6071510314941,6,-9,16,1183,100
34.4318199528747,0.723535052513563,215,1278.32116699219,38,14,14,14,10,1349,17,60,42,19,17.6096515655518,2,-106,18,2414,103
34.4943199527746,0.723535052513563,192,1399.126953125,40,14,14,14,10,1526,14,58,41,19,17.7070236206055,11,-53,16,2664,92
34.5380699527046,0.723535052513563,176,1374.01977539062,42,14,14,14,10,1567,18,56,38,19,17.8316287994385,11,10,21,1742,90
34.5797366193046,0.723535052513563,131,1745.57702636719,47,14,14,14,10,1608,18,58,34,20,17.9876117706299,4,63,20,283,103
34.6401532858746,0.723535052513563,140,1545.44848632812,47,14,14,14,10,1549,16,58,32,21,18.1090087890625,2,-40,18,3292,114
34.7818199523145,0.723535052513563,203,1609.37451171875,49,14,14,14,10,1668,20,58,31,20,18.4617233276367,5,26,16,588,112
34.8109866189345,0.723535052513563,202,1334.28601074219,47,14,14,14,10,1600,16,59,31,22,18.4973182678223,5,-98,19,1621,108
34.8484866188745,0.723535052513563,219,1162.78479003906,46,14,14,14,10,1641,15,60,33,21,18.5537166595459,5,1,13,1763,103
34.9068199521144,0.723535052513563,208,1499.95300292969,45,14,14,14,10,1709,15,60,36,19,18.6468315124512,4,71,15,1198,98
34.5297366193846,0.721451719183563,163,1378.31994628906,39,14,14,14,10,1519,13,58,42,19,17.7961082458496,4,-161,12,2054,90
34.5380699527046,0.721451719183563,170,1374.01977539062,42,14,14,14,10,1567,18,56,38,19,17.8316287994385,11,10,21,1742,90
34.5589032860046,0.721451719183563,183,1350.43713378906,43,14,14,14,10,1526,14,58,38,19,17.8779602050781,4,-204,33,1388,92
34.5880699526246,0.721451719183563,138,1671.97058105469,47,14,14,14,10,1572,15,58,34,19,17.9966373443604,2,-63,16,668,104
34.6714032858246,0.721451719183563,126,1183.52954101562,47,14,14,14,10,1507,16,57,32,22,18.1686534881592,4,-88,32,2988,110
34.7318199523945,0.721451719183563,115,1220.7744140625,48,14,14,14,10,1611,14,57,32,20,18.3417491912842,3,-35,28,1153,107
34.8359866188945,0.721451719183563,178,1143.48522949219,46,14,14,14,10,1605,15,60,33,21,18.5352249145508,1,-85,19,1710,106
34.9109866187744,0.721451719183563,214,1377.13793945312,44,14,14,14,10,1679,19,60,36,20,18.6527061462402,6,49,12,1603,100
34.4401532861947,0.719368385853563,187,1159.67956542969,43,14,14,14,10,1358,16,60,36,22,17.6330490112305,0,-55,17,2694,101
34.4964032861046,0.719368385853563,200,1399.126953125,40,14,14,14,10,1526,14,58,41,19,17.7070236206055,11,-53,16,2664,92
34.5526532860146,0.719368385853563,182,1350.43713378906,43,14,14,14,10,1526,14,58,38,19,17.8779602050781,4,-204,33,1388,92
34.6276532858946,0.719368385853563,117,1584.83825683594,48,14,14,14,10,1557,19,58,32,21,18.0928688049316,3,-26,18,2641,116
34.7172366190845,0.719368385853563,134,1231.57873535156,46,14,14,14,10,1601,14,58,34,19,18.3050479888916,4,81,17,1238,107
34.7214032857445,0.719368385853563,136,1221.65881347656,46,14,14,14,10,1586,13,59,34,20,18.321533203125,3,-85,17,1396,107
34.7443199523745,0.719368385853563,141,1385.33093261719,49,14,14,14,10,1659,17,58,31,20,18.3916549682617,4,33,22,706,109
34.7922366189645,0.719368385853563,197,1599.14135742188,48,14,14,14,10,1663,19,57,32,20,18.4745693206787,3,83,35,607,113
34.8047366189445,0.719368385853563,191,1459.92333984375,50,14,14,14,10,1631,17,59,30,21,18.4907073974609,4,33,25,1234,108
34.4130699529047,0.717285052523563,197,1556.375,38,14,14,14,10,1401,13,57,43,19,17.5253086090088,2,2,16,1521,107
34.4443199528547,0.717285052523563,188,1177.42578125,38,14,14,14,10,1374,9,60,42,21,17.6236476898193,2,15,11,2858,112
34.4630699528247,0.717285052523563,186,1213.27685546875,38,14,14,14,10,1401,15,57,42,20,17.6489448547363,6,-54,13,3109,106
34.5568199526746,0.717285052523563,183,1285.07690429688,43,14,14,14,10,1519,17,57,38,19,17.8494243621826,7,-173,16,1783,94
34.5839032859646,0.717285052523563,127,1724.67407226562,46,14,14,14,10,1592,17,57,35,19,17.9635810852051,3,37,23,617,104
34.7589032856845,0.717285052523563,173,1526.73193359375,48,14,14,14,10,1676,13,58,33,20,18.4062328338623,1,62,8,388,113
34.7630699523445,0.717285052523563,156,1588.50183105469,48,14,14,14,10,1661,17,58,33,20,18.4216194152832,2,-53,27,484,118
34.7693199523345,0.717285052523563,189,1597.27319335938,50,14,14,14,10,1679,18,58,31,19,18.437084197998,3,44,16,278,115
34.7839032856445,0.717285052523563,207,1612.376953125,49,14,14,14,10,1684,19,58,31,20,18.4528541564941,3,98,13,189,117
34.7880699523045,0.717285052523563,209,1634.54943847656,48,14,14,14,10,1678,18,58,32,20,18.4672374725342,1,72,16,251,118
34.8047366189445,0.717285052523563,194,1543.88745117188,48,14,14,14,10,1643,19,59,32,21,18.4851036071777,4,53,15,1016,109
34.8422366188845,0.717285052523563,217,1132.54919433594,46,14,14,14,10,1610,14,60,33,21,18.5247688293457,4,-14,10,1807,107
34.9089032854444,0.717285052523563,217,1372.03210449219,47,14,14,14,10,1676,15,60,34,19,18.6367988586426,4,-17,15,1450,99
34.4130699529047,0.715201719193563,196,1556.375,38,14,14,14,10,1401,13,57,43,19,17.5253086090088,2,2,16,1521,107
34.5089032860846,0.715201719193563,169,1341.875,37,14,14,14,10,1516,13,58,43,19,17.7077770233154,8,102,14,2530,95
34.6714032858246,0.715201719193563,133,1256.80969238281,47,14,14,14,10,1502,16,57,32,21,18.1568641662598,3,-59,15,2781,110
34.7922366189645,0.715201719193563,201,1634.54943847656,48,14,14,14,10,1678,18,58,32,20,18.4672374725342,1,72,16,251,118
34.8130699522645,0.715201719193563,194,1419.45434570312,46,14,14,14,10,1640,15,58,33,21,18.493745803833,4,105,10,1282,111
34.8318199522345,0.715201719193563,192,1154.06518554688,47,14,14,14,10,1586,15,59,32,21,18.5090675354004,3,-111,27,1939,108
34.8464032855445,0.715201719193563,213,1162.990234375,46,14,14,14,10,1615,14,59,33,21,18.5431327819824,3,-75,13,1695,105
34.8714032855045,0.715201719193563,208,1375.63427734375,46,14,14,14,10,1699,16,61,34,20,18.5971927642822,2,68,10,1229,103
34.8776532854945,0.715201719193563,207,1404.81298828125,47,14,14,14,10,1685,15,60,34,20,18.6075553894043,4,2,9,1262,98
34.5214032860646,0.713118385863563,168,1320.96850585938,37,14,14,14,10,1511,12,59,44,19,17.7462615966797,8,83,6,2259,100
34.5422366193646,0.713118385863563,163,1245.6494140625,43,14,14,14,10,1528,14,57,38,19,17.7988681793213,6,94,15,1672,94
34.6422366192046,0.713118385863563,121,1550.55578613281,46,14,14,14,10,1562,18,58,33,21,18.0948352813721,2,65,14,2852,118
34.6484866191946,0.713118385863563,150,1503.07836914062,46,14,14,14,10,1537,19,57,33,21,18.1099033355713,1,-32,16,2917,115
34.6505699525246,0.713118385863563,150,1503.07836914062,46,14,14,14,10,1537,19,57,33,21,18.1099033355713,1,-32,16,2917,115
34.6568199525146,0.713118385863563,147,1437.28796386719,47,14,14,14,10,1545,16,58,32,21,18.1263866424561,1,40,17,2641,116
34.7047366191045,0.713118385863563,127,1183.34045410156,45,15,15,15,10,1583,17,57,34,20,18.2518405914307,11,46,18,1340,97
34.7276532857345,0.713118385863563,139,1252.16650390625,48,14,14,14,10,1606,13,58,32,20,18.3358535766602,2,-33,24,1108,107
34.7589032856845,0.713118385863563,190,1526.73193359375,48,14,14,14,10,1676,13,58,33,20,18.4062328338623,1,62,8,388,113
34.7776532856545,0.713118385863563,209,1612.376953125,49,14,14,14,10,1684,19,58,31,20,18.4528541564941,3,98,13,189,117
34.8380699522245,0.713118385863563,211,1132.54919433594,46,14,14,14,10,1610,14,60,33,21,18.5247688293457,4,-14,10,1807,107
34.8443199522145,0.713118385863563,205,1162.990234375,46,14,14,14,10,1615,14,59,33,21,18.5431327819824,3,-75,13,1695,105
34.4214032862247,0.711035052533563,186,1416.43395996094,38,14,14,14,10,1364,12,57,43,19,17.5582084655762,5,-47,22,1951,109
34.4380699528647,0.711035052533563,188,1175.3740234375,42,14,14,14,10,1369,11,58,38,21,17.6114044189453,3,7,11,2604,106
34.4443199528547,0.711035052533563,174,1177.42578125,38,14,14,14,10,1374,9,60,42,21,17.6236476898193,2,15,11,2858,112
34.4839032861246,0.711035052533563,189,1250.48718261719,38,14,14,14,10,1441,13,58,42,20,17.6757736206055,5,-85,12,3080,98
34.4901532861146,0.711035052533563,194,1274.25891113281,38,14,14,14,10,1439,13,59,43,19,17.686674118042,3,-187,16,3265,96
34.5276532860546,0.711035052533563,229,1263.478515625,39,14,14,14,10,1490,14,58,41,20,17.7742366790771,6,-130,20,2402,94
34.5818199526346,0.711035052533563,119,1724.67407226562,46,14,14,14,10,1592,17,57,35,19,17.9635810852051,3,37,23,617,104
34.6047366192646,0.711035052533563,120,1551.10009765625,49,14,14,14,10,1574,17,56,32,20,18.0115852355957,3,30,17,1024,108
34.6464032858646,0.711035052533563,143,1503.07836914062,46,14,14,14,10,1537,19,57,33,21,18.1099033355713,1,-32,16,2917,115
34.6609866191746,0.711035052533563,106,1358.19934082031,46,14,14,14,10,1534,17,58,33,21,18.1439075469971,4,74,21,2647,115
34.6693199524946,0.711035052533563,114,1256.80969238281,47,14,14,14,10,1502,16,57,32,21,18.1568641662598,3,-59,15,2781,110
34.6776532858146,0.711035052533563,133,1164.50354003906,47,14,14,14,10,1502,15,58,32,22,18.176176071167,3,-93,31,2626,106
34.7234866190745,0.711035052533563,142,1240.75817871094,47,14,14,14,10,1615,15,58,33,20,18.3161220550537,3,83,18,1081,106
34.7464032857045,0.711035052533563,175,1388.76672363281,50,14,14,14,10,1639,15,58,30,21,18.3801937103271,5,-77,18,771,108
34.7714032856645,0.711035052533563,219,1597.27319335938,50,14,14,14,10,1679,18,58,31,19,18.437084197998,3,44,16,278,115
34.9026532854544,0.711035052533563,229,1372.03210449219,47,14,14,14,10,1676,15,60,34,19,18.6367988586426,4,-17,15,1450,99
34.9172366187644,0.711035052533563,233,1303.58154296875,45,14,14,14,10,1679,19,60,35,20,18.6460266113281,5,96,14,1603,105
34.9214032854244,0.711035052533563,235,1171.49450683594,46,14,14,14,10,1636,20,60,35,20,18.6501369476318,5,-45,15,2127,103
34.4651532861547,0.708951719203563,187,1259.56616210938,37,14,14,14,10,1428,12,59,44,19,17.6259784698486,1,124,10,2646,116
34.5109866194146,0.708951719203563,161,1275.0830078125,37,14,14,14,10,1493,11,59,44,20,17.7126960754395,5,42,11,2771,99
34.5276532860546,0.708951719203563,157,1181.71704101562,40,14,14,14,10,1463,13,57,40,20,17.7642498016357,6,-130,23,2586,96
34.5380699527046,0.708951719203563,156,1166.24755859375,42,14,14,14,10,1473,15,57,38,20,17.7859802246094,5,-113,11,2290,96
34.5880699526246,0.708951719203563,119,1671.01953125,47,14,14,14,10,1563,18,57,34,19,17.9559535980225,1,-23,15,1108,109
34.6255699525646,0.708951719203563,111,1568.5029296875,46,14,14,14,10,1550,18,58,35,20,18.0361480712891,1,-30,18,1891,116
34.6443199525346,0.708951719203563,120,1496.91906738281,46,14,14,14,10,1543,18,58,34,20,18.0941200256348,4,32,17,2425,115
34.6984866191145,0.708951719203563,112,1112.55688476562,44,14,14,14,10,1494,15,58,35,20,18.2058639526367,4,-127,17,2262,105
34.7151532857545,0.708951719203563,146,1169.27758789062,45,15,15,15,10,1566,19,56,35,21,18.2562389373779,14,-23,15,1250,97
34.7234866190745,0.708951719203563,140,1214.68603515625,45,15,15,15,10,1638,15,57,35,20,18.295316696167,7,235,9,733,99
34.7359866190545,0.708951719203563,128,1333.4033203125,48,14,14,14,10,1627,15,58,32,20,18.3494129180908,3,-59,15,843,109
34.7693199523345,0.708951719203563,217,1557.17700195312,49,14,14,14,10,1655,17,58,31,19,18.4221572875977,3,-52,30,385,113
34.8005699522845,0.708951719203563,178,1624.15881347656,47,14,14,14,10,1654,18,58,33,20,18.4671764373779,4,15,24,572,111
34.8630699521845,0.708951719203563,207,1303.07165527344,47,14,14,14,10,1663,15,60,33,20,18.5723743438721,3,22,17,1488,105
34.8964032854644,0.708951719203563,210,1257.072265625,48,14,14,14,10,1650,16,60,32,20,18.6140403747559,4,-76,17,1717,100
34.9005699521244,0.708951719203563,218,1257.072265625,48,14,14,14,10,1650,16,60,32,20,18.6140403747559,4,-76,17,1717,100
34.9109866187744,0.708951719203563,221,1213.58862304688,46,14,14,14,10,1677,20,60,34,20,18.6371040344238,5,165,11,1504,102
34.4484866195147,0.706868385873563,188,1224.033203125,36,14,14,14,10,1395,11,61,44,20,17.599365234375,3,93,28,2480,109
34.4776532861346,0.706868385873563,189,1220.21728515625,40,15,15,15,10,1412,11,59,41,20,17.6687870025635,3,-91,20,3276,100
34.5068199527546,0.706868385873563,168,1259.68615722656,36,14,14,14,10,1452,12,59,45,19,17.703634262085,2,-106,9,2997,95
34.6026532859346,0.706868385873563,122,1534.88635253906,48,14,14,14,10,1550,18,56,32,20,17.9879207611084,4,-54,28,1224,105
34.6443199525346,0.706868385873563,120,1496.91906738281,46,14,14,14,10,1543,18,58,34,20,18.0941200256348,4,32,17,2425,115
34.6505699525246,0.706868385873563,144,1496.91906738281,46,14,14,14,10,1543,18,58,34,20,18.0941200256348,4,32,17,2425,115
34.7443199523745,0.706868385873563,174,1444.98547363281,50,14,14,14,10,1651,15,57,30,20,18.373514175415,3,-1,28,573,109
34.8568199521945,0.706868385873563,216,1238.97680664062,46,14,14,14,10,1639,13,60,34,21,18.5545520782471,3,-17,13,1629,106
34.9151532854344,0.706868385873563,220,1213.58862304688,46,14,14,14,10,1677,20,60,34,20,18.6371040344238,5,165,11,1504,102
34.4151532862347,0.704785052543563,169,1507.64416503906,38,14,14,14,10,1387,13,56,43,19,17.5136241912842,3,-13,17,1659,108
34.4380699528647,0.704785052543563,185,1193.38659667969,41,14,14,14,10,1356,13,58,38,21,17.5929431915283,4,-54,28,2576,108
34.4880699527846,0.704785052543563,185,1219.23791503906,38,14,14,14,10,1446,13,59,42,20,17.6790599822998,4,8,13,3167,101
34.5276532860546,0.704785052543563,162,1181.71704101562,40,14,14,14,10,1463,13,57,40,20,17.7642498016357,6,-130,23,2586,96
34.5526532860146,0.704785052543563,128,1287.9267578125,42,14,14,14,10,1503,14,58,39,20,17.8344898223877,11,-192,13,2028,94
34.5964032859446,0.704785052543563,133,1586.28356933594,48,14,14,14,10,1551,19,57,32,19,17.9689617156982,2,-28,19,1209,110
34.6797366191445,0.704785052543563,122,1250.83081054688,45,14,14,14,10,1500,15,58,34,21,18.1640377044678,4,-41,26,2479,109
34.6964032857845,0.704785052543563,118,1112.55688476562,44,14,14,14,10,1494,15,58,35,20,18.2058639526367,4,-127,17,2262,105
34.7297366190645,0.704785052543563,134,1264.11071777344,46,14,14,14,10,1635,15,56,34,20,18.3277416229248,4,163,37,753,110
34.7318199523945,0.704785052543563,130,1264.11071777344,46,14,14,14,10,1635,15,56,34,20,18.3277416229248,4,163,37,753,110
34.8255699522445,0.704785052543563,187,1283.53967285156,45,14,14,14,10,1603,14,59,34,21,18.4895191192627,4,9,23,1483,105
34.4172366195647,0.702701719213564,164,1507.64416503906,38,14,14,14,10,1387,13,56,43,19,17.5136241912842,3,-13,17,1659,108
34.5172366194046,0.702701719213564,173,1275.0830078125,37,14,14,14,10,1493,11,59,44,20,17.7126960754395,5,42,11,2771,99
34.5568199526746,0.702701719213564,145,1287.9267578125,42,14,14,14,10,1503,14,58,39,20,17.8344898223877,11,-192,13,2028,94
34.6672366191646,0.702701719213564,111,1402.23693847656,45,14,14,14,10,1547,18,58,34,21,18.1306400299072,2,86,8,2231,116
34.7922366189645,0.702701719213564,196,1601.40588378906,47,14,14,14,10,1670,18,58,33,20,18.4547290802002,1,41,16,204,115
34.8130699522645,0.702701719213564,174,1450.11804199219,46,14,14,14,10,1618,16,59,34,20,18.4818363189697,6,-37,15,1169,108
34.8297366189045,0.702701719213564,170,1158.2216796875,46,14,14,14,10,1579,14,60,33,21,18.4989185333252,4,-121,22,1937,107
34.8443199522145,0.702701719213564,198,1187.71337890625,46,14,14,14,10,1631,13,60,34,20,18.5358600616455,2,21,12,1733,108
34.8630699521845,0.702701719213564,224,1303.07165527344,47,14,14,14,10,1663,15,60,33,20,18.5723743438721,3,22,17,1488,105
34.8984866187944,0.702701719213564,204,1257.072265625,48,14,14,14,10,1650,16,60,32,20,18.6140403747559,4,-76,17,1717,100
34.9089032854444,0.702701719213564,213,1251.43481445312,47,14,14,14,10,1661,16,59,33,20,18.6263675689697,5,-31,15,1804,102
34.4401532861947,0.700618385883564,181,1181.83837890625,40,14,14,14,10,1353,15,56,39,21,17.577299118042,4,-39,21,2598,108
34.4443199528547,0.700618385883564,213,1219.30493164062,37,14,14,14,10,1390,10,57,43,20,17.5861778259277,4,78,17,2412,107
34.4714032861446,0.700618385883564,197,1226.06665039062,38,14,14,14,10,1404,10,59,43,19,17.6359615325928,3,24,17,2918,114
34.5214032860646,0.700618385883564,162,1183.30871582031,38,14,14,14,10,1448,13,58,41,21,17.7279205322266,5,-103,10,2773,98
34.5339032860446,0.700618385883564,156,1167.44030761719,40,14,14,14,10,1443,12,59,39,20,17.748140335083,6,-186,18,2880,98
34.5526532860146,0.700618385883564,135,1363.8505859375,44,14,14,14,10,1564,15,59,38,19,17.8281688690186,5,105,13,1523,97
34.5943199526146,0.700618385883564,129,1602.81311035156,47,14,14,14,10,1547,18,57,33,20,17.9507484436035,1,-36,16,1346,109
34.6297366192246,0.700618385883564,123,1557.60229492188,45,14,14,14,10,1540,18,58,35,19,18.0376586914062,3,-21,19,1983,113
34.7901532856345,0.700618385883564,197,1554.51293945312,47,14,14,14,10,1663,16,58,33,20,18.4413719177246,2,60,31,336,109
34.8464032855445,0.700618385883564,204,1225.66369628906,45,14,14,14,10,1616,15,60,34,20,18.5294456481934,3,-22,12,1812,107
34.9026532854544,0.700618385883564,212,1157.76879882812,46,14,14,14,10,1648,21,60,34,20,18.616283416748,4,71,15,1759,105
34.4193199528947,0.698535052553564,169,1379.6044921875,39,14,14,14,10,1342,13,59,43,18,17.5286464691162,2,-119,14,2187,107
34.4401532861947,0.698535052553564,186,1181.83837890625,40,14,14,14,10,1353,15,56,39,21,17.577299118042,4,-39,21,2598,108
34.5380699527046,0.698535052553564,156,1193.80407714844,42,14,14,14,10,1455,13,59,38,20,17.7680149078369,5,-179,19,2658,96
34.6880699524645,0.698535052553564,113,1237.32849121094,44,14,14,14,10,1501,15,57,36,20,18.1703796386719,2,-17,16,2243,111
34.7214032857445,0.698535052553564,144,1161.08032226562,45,15,15,15,10,1561,16,56,34,21,18.2635326385498,6,-58,15,1554,96
34.7255699524045,0.698535052553564,144,1161.08032226562,45,15,15,15,10,1561,16,56,34,21,18.2635326385498,6,-58,15,1554,96
34.7297366190645,0.698535052553564,135,1236.00939941406,45,15,15,15,10,1626,15,56,34,21,18.3042335510254,8,96,14,798,98
34.7672366190045,0.698535052553564,201,1571.60571289062,49,14,14,14,10,1662,17,57,31,19,18.3968334197998,1,38,16,308,111
34.7839032856445,0.698535052553564,193,1516.22741699219,47,14,14,14,10,1639,17,58,33,20,18.4223518371582,4,-96,26,410,111
34.8651532855145,0.698535052553564,202,1285.09838867188,45,14,14,14,10,1664,14,60,34,21,18.5611896514893,2,102,11,1397,105
34.8880699521444,0.698535052553564,203,1213.583984375,47,14,14,14,10,1640,17,60,33,20,18.5929279327393,4,-15,14,1726,102
34.9089032854444,0.698535052553564,187,1157.76879882812,46,14,14,14,10,1648,21,60,34,20,18.616283416748,4,71,15,1759,105
34.4297366195447,0.696451719223564,210,1219.52685546875,42,14,14,14,10,1335,14,57,38,20,17.5599212646484,2,-61,21,2393,109
34.5380699527046,0.696451719223564,149,1193.80407714844,42,14,14,14,10,1455,13,59,38,20,17.7680149078369,5,-179,19,2658,96
34.6005699526046,0.696451719223564,140,1602.81311035156,47,14,14,14,10,1547,18,57,33,20,17.9507484436035,1,-36,16,1346,109
34.6630699525046,0.696451719223564,115,1406.15856933594,45,14,14,14,10,1530,18,58,34,21,18.1116981506348,4,-27,16,2144,112
34.7089032857645,0.696451719223564,128,1100.21203613281,45,15,15,15,10,1492,15,59,35,21,18.2134857177734,4,-116,13,2140,104
34.7255699524045,0.696451719223564,148,1161.08032226562,45,15,15,15,10,1561,16,56,34,21,18.2635326385498,6,-58,15,1554,96
34.7339032857245,0.696451719223564,137,1236.00939941406,45,15,15,15,10,1626,15,56,34,21,18.3042335510254,8,96,14,798,98
34.7922366189645,0.696451719223564,203,1554.51293945312,47,14,14,14,10,1663,16,58,33,20,18.4413719177246,2,60,31,336,109
34.8984866187944,0.696451719223564,186,1174.4716796875,47,14,14,14,10,1627,18,61,34,20,18.6035499572754,4,-78,22,2013,102
34.9089032854444,0.696451719223564,186,1157.76879882812,46,14,14,14,10,1648,21,60,34,20,18.616283416748,4,71,15,1759,105
34.4734866194746,0.694368385893564,201,1226.06665039062,38,14,14,14,10,1404,10,59,43,19,17.6359615325928,3,24,17,2918,114
34.4880699527846,0.694368385893564,193,1173.35705566406,37,15,15,15,10,1432,11,59,44,20,17.67160987854,2,65,13,3153,102
34.5047366194246,0.694368385893564,169,1192.548828125,38,14,14,14,10,1448,12,59,43,19,17.695219039917,6,-26,11,2999,98
34.5151532860746,0.694368385893564,170,1203.0947265625,37,14,14,14,10,1490,13,59,43,20,17.7048053741455,6,164,9,2486,100
34.5484866193546,0.694368385893564,161,1263.99926757812,42,14,14,14,10,1497,14,58,38,19,17.7918853759766,7,-134,18,2316,95
34.6672366191646,0.694368385893564,110,1406.15856933594,45,14,14,14,10,1530,18,58,34,21,18.1116981506348,4,-27,16,2144,112
34.6839032858045,0.694368385893564,109,1332.72204589844,44,14,14,14,10,1529,17,58,36,20,18.1538944244385,3,86,19,2033,112
34.6964032857845,0.694368385893564,113,1138.92431640625,46,15,15,15,10,1485,15,59,33,21,18.1933403015137,2,-78,23,2310,110
34.7297366190645,0.694368385893564,130,1236.00939941406,45,15,15,15,10,1626,15,56,34,21,18.3042335510254,8,96,14,798,98
34.8068199522745,0.694368385893564,164,1595.47314453125,46,14,14,14,10,1645,18,58,34,20,18.4690494537354,3,44,18,906,109
34.8672366188445,0.694368385893564,203,1285.09838867188,45,14,14,14,10,1664,14,60,34,21,18.5611896514893,2,102,11,1397,105
34.4234866195547,0.692285052563564,171,1452.73376464844,39,14,14,14,10,1349,11,58,44,18,17.5021076202393,4,-62,12,2155,100
34.5130699527446,0.692285052563564,169,1156.71496582031,37,14,14,14,10,1438,12,58,44,20,17.6999015808105,7,-54,14,2802,99
34.6255699525646,0.692285052563564,118,1555.2900390625,46,14,14,14,10,1558,17,57,33,20,17.9998760223389,1,67,18,1443,110
34.6443199525346,0.692285052563564,115,1497.91333007812,45,14,14,14,10,1530,16,58,35,20,18.056468963623,4,-39,16,1845,113
34.8339032855645,0.692285052563564,187,1199.98046875,49,14,14,14,10,1589,15,60,30,21,18.4805946350098,4,-54,31,1797,106
34.8359866188945,0.692285052563564,188,1202.36474609375,48,14,14,14,10,1617,15,60,32,20,18.5015048980713,3,81,16,1610,106
34.8755699521645,0.692285052563564,215,1206.72912597656,47,14,14,14,10,1632,14,60,33,20,18.5591869354248,4,58,18,1638,101
34.4422366195247,0.690201719233564,167,1157.01403808594,40,14,14,14,10,1339,12,56,39,21,17.562593460083,3,-46,20,2650,110
34.4859866194546,0.690201719233564,180,1144.98010253906,37,15,15,15,10,1390,10,57,43,20,17.6610240936279,3,-114,13,3254,101
34.5130699527446,0.690201719233564,165,1156.71496582031,37,14,14,14,10,1438,12,58,44,20,17.6999015808105,7,-54,14,2802,99
34.5318199527146,0.690201719233564,167,1229.6220703125,41,14,14,14,10,1472,12,59,39,19,17.7205448150635,10,-63,23,2614,96
34.5401532860346,0.690201719233564,157,1316.49096679688,41,14,14,14,10,1532,14,59,39,19,17.7525157928467,10,118,14,1966,94
34.5443199526946,0.690201719233564,165,1402.39880371094,41,14,14,14,10,1543,15,59,40,19,17.7872695922852,8,65,10,2142,96
34.5568199526746,0.690201719233564,182,1450.71350097656,42,14,14,14,10,1565,15,60,38,19,17.8162403106689,2,142,10,1592,106
34.5651532859946,0.690201719233564,158,1493.86975097656,46,14,14,14,10,1541,19,57,34,19,17.8372135162354,2,-72,17,1552,105
34.5693199526546,0.690201719233564,144,1596.56237792969,48,14,14,14,10,1559,18,56,32,20,17.8693180084229,4,-43,19,1516,105
34.6276532858946,0.690201719233564,122,1575.88806152344,45,14,14,14,10,1543,19,58,35,20,18.0233554840088,3,33,17,1621,113
34.6297366192246,0.690201719233564,120,1575.88806152344,45,14,14,14,10,1543,19,58,35,20,18.0233554840088,3,33,17,1621,113
34.6859866191345,0.690201719233564,116,1311.57629394531,46,14,14,14,10,1512,15,57,34,21,18.1572589874268,3,39,60,2000,112
34.6901532857945,0.690201719233564,125,1311.57629394531,46,14,14,14,10,1512,15,57,34,21,18.1572589874268,3,39,60,2000,112
34.7755699523245,0.690201719233564,195,1529.54187011719,49,14,14,14,10,1653,18,57,31,19,18.3975696563721,1,76,27,298,111
34.8318199522345,0.690201719233564,185,1199.98046875,49,14,14,14,10,1589,15,60,30,21,18.4805946350098,4,-54,31,1797,106
34.8380699522245,0.690201719233564,193,1202.36474609375,48,14,14,14,10,1617,15,60,32,20,18.5015048980713,3,81,16,1610,106
34.8401532855545,0.690201719233564,179,1202.36474609375,48,14,14,14,10,1617,15,60,32,20,18.5015048980713,3,81,16,1610,106
34.8443199522145,0.690201719233564,182,1234.62756347656,44,14,14,14,10,1638,14,60,35,20,18.5200862884521,2,128,10,1580,108
34.9047366187844,0.690201719233564,184,1111.98498535156,48,14,14,14,10,1623,20,59,33,19,18.6063804626465,4,-13,13,1923,104
34.4214032862247,0.688118385903564,156,1452.73376464844,39,14,14,14,10,1349,11,58,44,18,17.5021076202393,4,-62,12,2155,100
34.4505699528447,0.688118385903564,180,1178.65881347656,37,15,15,15,10,1354,10,56,43,21,17.5773105621338,4,-30,18,2665,108
34.4964032861046,0.688118385903564,183,1140.0283203125,39,15,15,15,10,1402,12,58,40,21,17.6774291992188,5,-129,14,3449,100
34.5214032860646,0.688118385903564,160,1177.39501953125,38,14,14,14,10,1435,13,58,42,20,17.7084617614746,13,-211,21,3043,97
34.5422366193646,0.688118385903564,163,1316.49096679688,41,14,14,14,10,1532,14,59,39,19,17.7525157928467,10,118,14,1966,94
34.6047366192646,0.688118385903564,126,1544.74133300781,47,14,14,14,10,1549,17,57,33,20,17.951976776123,1,44,17,1467,119
34.6255699525646,0.688118385903564,124,1555.2900390625,46,14,14,14,10,1558,17,57,33,20,17.9998760223389,1,67,18,1443,110
34.6922366191245,0.688118385903564,131,1311.57629394531,46,14,14,14,10,1512,15,57,34,21,18.1572589874268,3,39,60,2000,112
34.8443199522145,0.688118385903564,176,1234.62756347656,44,14,14,14,10,1638,14,60,35,20,18.5200862884521,2,128,10,1580,108
34.9068199521144,0.688118385903564,184,1111.98498535156,48,14,14,14,10,1623,20,59,33,19,18.6063804626465,4,-13,13,1923,104
34.4276532862147,0.686035052573564,196,1227.02453613281,43,14,14,14,10,1325,13,56,38,20,17.5426902770996,1,-119,25,2576,106
34.4401532861947,0.686035052573564,172,1157.01403808594,40,14,14,14,10,1339,12,56,39,21,17.562593460083,3,-46,20,2650,110
34.4589032861647,0.686035052573564,191,1201.03894042969,38,15,15,15,10,1379,14,56,41,20,17.5913143157959,5,-8,16,2711,107
34.5339032860446,0.686035052573564,173,1229.6220703125,41,14,14,14,10,1472,12,59,39,19,17.7205448150635,10,-63,23,2614,96
34.5818199526346,0.686035052573564,154,1699.62451171875,49,14,14,14,10,1571,17,56,33,19,17.9005661010742,2,45,17,1301,111
34.6380699525446,0.686035052573564,117,1541.6748046875,44,14,14,14,10,1524,18,59,36,20,18.0380668640137,1,-76,18,1891,112
34.6505699525246,0.686035052573564,113,1497.91333007812,45,14,14,14,10,1530,16,58,35,20,18.056468963623,4,-39,16,1845,113
34.6672366191646,0.686035052573564,105,1401.05932617188,45,14,14,14,10,1506,17,58,35,20,18.0936603546143,3,-98,14,2058,112
34.6839032858045,0.686035052573564,114,1360.61499023438,44,15,15,15,10,1532,16,60,35,21,18.1389026641846,1,72,16,1766,115
34.7047366191045,0.686035052573564,120,1119.59558105469,46,15,15,15,10,1477,14,58,33,21,18.2021999359131,2,-83,32,2273,108
34.7380699523845,0.686035052573564,138,1337.97180175781,46,15,15,15,10,1661,16,57,33,21,18.3213195800781,4,210,20,293,97
34.7443199523745,0.686035052573564,171,1524.81921386719,48,14,14,14,10,1668,20,57,32,20,18.3562660217285,4,149,15,311,117
34.7568199523545,0.686035052573564,171,1597.68579101562,49,14,14,14,10,1635,16,58,31,20,18.3699588775635,3,-76,14,512,109
34.8109866189345,0.686035052573564,160,1519.34594726562,47,14,14,14,10,1626,19,58,33,21,18.4672603607178,2,44,33,1022,106
34.8797366188245,0.686035052573564,190,1192.64807128906,48,14,14,14,10,1636,19,61,32,20,18.571849822998,4,14,14,1772,102
34.4401532861947,0.683951719243564,180,1146.77551269531,38,14,14,14,10,1334,11,57,41,21,17.5451564788818,3,-34,14,2589,111
34.5151532860746,0.683951719243564,167,1156.90551757812,38,14,14,14,10,1430,14,57,42,20,17.6823654174805,7,-138,16,2968,98
34.5359866193746,0.683951719243564,166,1407.02661132812,44,14,14,14,10,1554,15,60,37,19,17.7385406494141,3,135,12,1707,100
34.5651532859946,0.683951719243564,170,1491.29675292969,45,14,14,14,10,1540,18,56,35,20,17.8154144287109,4,-95,16,1853,104
34.6172366192446,0.683951719243564,124,1512.23852539062,46,14,14,14,10,1528,18,57,34,20,17.9536724090576,4,1,15,1539,112
34.6359866192146,0.683951719243564,121,1578.87658691406,45,14,14,14,10,1536,18,57,35,20,18.0260162353516,4,40,17,1315,108
34.6797366191445,0.683951719243564,115,1352.82434082031,46,14,14,14,10,1526,16,56,33,21,18.1225547790527,2,62,8,1516,112
34.7339032857245,0.683951719243564,137,1146.26049804688,45,15,15,15,10,1526,16,58,35,20,18.2506713867188,5,-140,30,1827,97
34.7422366190445,0.683951719243564,172,1282.63586425781,46,15,15,15,10,1589,18,56,33,21,18.2949810028076,11,-135,35,1143,95
34.5505699526846,0.681868385913564,185,1461.82690429688,43,15,15,15,10,1568,16,60,38,19,17.7704315185547,3,172,14,1503,105
34.5547366193446,0.681868385913564,167,1458.07556152344,44,14,14,14,10,1550,18,59,36,20,17.7912101745605,4,46,13,1598,101
34.6234866192346,0.681868385913564,118,1528.9951171875,46,14,14,14,10,1537,18,58,34,20,17.9766979217529,4,-32,16,1389,107
34.6443199525346,0.681868385913564,103,1527.77392578125,45,14,14,14,10,1516,17,58,36,20,18.0392932891846,2,-81,17,1545,113
34.6484866191946,0.681868385913564,104,1527.77392578125,45,14,14,14,10,1516,17,58,36,20,18.0392932891846,2,-81,17,1545,113
34.6901532857945,0.681868385913564,112,1342.15075683594,45,14,14,14,10,1521,15,58,34,21,18.1419811248779,2,68,15,1623,113
34.7630699523445,0.681868385913564,197,1598.107421875,49,14,14,14,10,1627,18,57,32,20,18.3700084686279,3,-63,15,530,107
34.8193199522545,0.681868385913564,161,1395.24340820312,48,14,14,14,10,1585,16,59,31,21,18.4624652862549,2,-84,40,1546,103
34.4922366194446,0.679785052583564,185,1147.46166992188,37,14,14,14,10,1421,12,59,44,19,17.6366367340088,1,109,13,2946,107
34.5547366193446,0.679785052583564,175,1458.07556152344,44,14,14,14,10,1550,18,59,36,20,17.7912101745605,4,46,13,1598,101
34.6443199525346,0.679785052583564,100,1527.77392578125,45,14,14,14,10,1516,17,58,36,20,18.0392932891846,2,-81,17,1545,113
34.7505699523645,0.679785052583564,198,1493.58142089844,48,14,14,14,10,1674,17,56,32,20,18.3416442871094,1,189,17,165,103
34.8255699522445,0.679785052583564,171,1395.24340820312,48,14,14,14,10,1585,16,59,31,21,18.4624652862549,2,-84,40,1546,103
34.8380699522245,0.679785052583564,201,1180.40124511719,50,14,14,14,10,1597,16,60,30,20,18.4873008728027,4,39,20,1674,104
34.8484866188745,0.679785052583564,177,1179.81970214844,48,14,14,14,10,1600,15,60,31,20,18.5035552978516,5,6,33,1828,102
34.4922366194446,0.677701719253564,189,1147.46166992188,37,14,14,14,10,1421,12,59,44,19,17.6366367340088,1,109,13,2946,107
34.4984866194346,0.677701719253564,184,1145.85778808594,39,14,14,14,10,1396,11,58,41,20,17.6537246704102,3,-86,20,3227,102
34.5630699526646,0.677701719253564,153,1491.29675292969,45,14,14,14,10,1540,18,56,35,20,17.8154144287109,4,-95,16,1853,104
34.6359866192146,0.677701719253564,114,1578.87658691406,45,14,14,14,10,1536,18,57,35,20,18.0260162353516,4,40,17,1315,108
34.6380699525446,0.677701719253564,115,1578.87658691406,45,14,14,14,10,1536,18,57,35,20,18.0260162353516,4,40,17,1315,108
34.6422366192046,0.677701719253564,111,1578.87658691406,45,14,14,14,10,1536,18,57,35,20,18.0260162353516,4,40,17,1315,108
34.6714032858246,0.677701719253564,117,1347.544921875,45,14,14,14,10,1503,16,57,35,20,18.1014881134033,4,-93,32,1783,111
34.6839032858045,0.677701719253564,119,1352.82434082031,46,14,14,14,10,1526,16,56,33,21,18.1225547790527,2,62,8,1516,112
34.7714032856645,0.677701719253564,199,1531.71948242188,49,13,13,13,10,1633,16,58,32,20,18.3822631835938,2,-8,16,473,109
34.8443199522145,0.677701719253564,179,1179.81970214844,48,14,14,14,10,1600,15,60,31,20,18.5035552978516,5,6,33,1828,102
34.5526532860146,0.675618385923564,159,1431.22692871094,43,14,14,14,10,1520,17,58,38,20,17.7636947631836,1,-117,27,2044,102
34.5630699526646,0.675618385923564,151,1521.02673339844,43,14,14,14,10,1537,17,58,38,20,17.7995643615723,4,-98,17,2033,102
34.5714032859846,0.675618385923564,184,1668.06823730469,47,14,14,14,10,1572,17,56,34,19,17.8401737213135,3,37,26,1565,104
34.5755699526446,0.675618385923564,181,1668.06823730469,47,14,14,14,10,1572,17,56,34,19,17.8401737213135,3,37,26,1565,104
34.5839032859646,0.675618385923564,164,1761.95544433594,47,14,14,14,10,1581,18,57,35,18,17.869758605957,4,103,19,1267,116
34.6401532858746,0.675618385923564,114,1601.57116699219,44,14,14,14,10,1540,16,57,36,19,18.0094928741455,2,60,19,780,112
34.6568199525146,0.675618385923564,107,1493.55920410156,45,14,14,14,10,1523,17,57,35,20,18.0436878204346,3,49,20,1004,114
34.6755699524846,0.675618385923564,113,1330.7158203125,45,14,14,14,10,1488,17,57,36,20,18.090633392334,3,-94,21,1406,109
34.4193199528947,0.673535052593564,158,1424.21228027344,40,14,14,14,10,1336,10,56,42,18,17.4669456481934,6,-40,23,2158,95
34.4589032861647,0.673535052593564,170,1177.76806640625,37,14,14,14,10,1368,9,58,42,21,17.5527439117432,2,28,7,2580,112
34.4693199528147,0.673535052593564,170,1154.30224609375,38,14,14,14,10,1358,10,57,42,20,17.5925178527832,2,-129,18,3034,104
34.5026532860946,0.673535052593564,187,1175.51904296875,40,14,14,14,10,1446,14,58,42,19,17.638355255127,6,65,21,2799,100
34.5422366193646,0.673535052593564,165,1385.03686523438,44,14,14,14,10,1549,17,61,37,19,17.7122783660889,7,154,12,1736,97
34.5859866192946,0.673535052593564,159,1748.18627929688,46,14,14,14,10,1545,20,59,35,19,17.8823223114014,3,-63,13,1438,106
34.6130699525846,0.673535052593564,147,1513.84411621094,46,14,14,14,10,1534,18,58,35,19,17.9329242706299,3,54,12,1209,108
34.6297366192246,0.673535052593564,113,1572.19409179688,46,14,14,14,10,1544,18,57,35,20,17.986328125,2,28,32,893,109
34.7026532857745,0.673535052593564,112,1171.38708496094,46,14,14,14,10,1496,17,58,34,21,18.1784191131592,3,54,24,1887,111
34.7130699524245,0.673535052593564,129,1092.53771972656,45,14,14,14,10,1466,16,58,34,21,18.2036972045898,2,-85,17,2293,103
34.7693199523345,0.673535052593564,192,1565.26013183594,49,14,14,14,10,1611,14,57,31,20,18.3693180084229,3,-101,28,589,107
34.8068199522745,0.673535052593564,171,1515.40356445312,49,14,14,14,10,1637,14,58,31,20,18.4346523284912,2,70,20,518,108
34.8109866189345,0.673535052593564,180,1571.00756835938,48,14,14,14,10,1637,18,58,32,20,18.4522666931152,3,122,13,773,112
34.8484866188745,0.673535052593564,181,1113.11328125,47,14,14,14,10,1572,15,60,32,21,18.4864597320557,5,-55,17,2101,102
34.4380699528647,0.671451719263564,121,1147.79016113281,37,14,14,14,10,1338,9,58,43,21,17.5238552093506,4,-14,10,2601,111
34.4401532861947,0.671451719263564,136,1147.79016113281,37,14,14,14,10,1338,9,58,43,21,17.5238552093506,4,-14,10,2601,111
34.5047366194246,0.671451719263564,178,1175.51904296875,40,14,14,14,10,1446,14,58,42,19,17.638355255127,6,65,21,2799,100
34.5422366193646,0.671451719263564,162,1385.03686523438,44,14,14,14,10,1549,17,61,37,19,17.7122783660889,7,154,12,1736,97
34.6193199525746,0.671451719263564,110,1501.72888183594,45,14,14,14,10,1517,18,57,34,20,17.9542217254639,4,-111,25,1281,108
34.4172366195647,0.669368385933564,163,1640.56103515625,43,13,13,13,10,1445,20,53,40,17,17.413890838623,9,271,24,565,90
34.5359866193746,0.669368385933564,169,1385.03686523438,44,14,14,14,10,1549,17,61,37,19,17.7122783660889,7,154,12,1736,97
34.5776532859746,0.669368385933564,176,1761.95544433594,47,14,14,14,10,1581,18,57,35,18,17.869758605957,4,103,19,1267,116
34.7214032857445,0.669368385933564,122,1086.82165527344,45,14,14,14,10,1494,16,58,35,20,18.2182159423828,3,-30,16,1985,100
34.7318199523945,0.669368385933564,120,1130.13220214844,45,15,15,15,10,1507,16,59,35,20,18.2340984344482,4,-154,20,1892,98
34.7339032857245,0.669368385933564,114,1130.13220214844,45,15,15,15,10,1507,16,59,35,20,18.2340984344482,4,-154,20,1892,98
34.7818199523145,0.669368385933564,188,1480.8759765625,49,14,14,14,10,1617,14,57,31,20,18.3827171325684,2,-9,30,485,110
34.4734866194746,0.667285052603564,140,1188.05554199219,35,14,14,14,10,1375,9,58,47,19,17.5636444091797,1,-26,15,2716,106
34.5651532859946,0.667285052603564,162,1615.31408691406,43,14,14,14,10,1568,15,56,37,20,17.7919178009033,4,79,19,1936,102
34.5797366193046,0.667285052603564,169,1762.6298828125,47,14,14,14,10,1577,17,57,35,18,17.847957611084,2,82,11,1350,106
34.6130699525846,0.667285052603564,156,1558.50854492188,45,14,14,14,10,1509,18,57,36,19,17.9143981933594,2,-98,16,1239,106
34.6630699525046,0.667285052603564,94,1411.16357421875,43,14,14,14,10,1488,15,59,37,20,18.0531272888184,3,-26,14,1015,109
34.6672366191646,0.667285052603564,97,1411.16357421875,43,14,14,14,10,1488,15,59,37,20,18.0531272888184,3,-26,14,1015,109
34.6797366191445,0.667285052603564,98,1320.37121582031,45,14,14,14,10,1501,17,57,35,20,18.098518371582,3,30,11,1015,110
34.8172366189245,0.667285052603564,210,1566.84106445312,48,14,14,14,10,1640,17,58,32,20,18.4427814483643,2,123,19,0,110
34.5005699527646,0.665201719273564,166,1185.73095703125,35,14,14,14,10,1430,12,57,46,19,17.6103401184082,6,-42,15,2537,98
34.5214032860646,0.665201719273564,167,1322.74438476562,41,14,14,14,10,1495,16,59,41,18,17.6384944915771,3,22,21,2337,100
34.5297366193846,0.665201719273564,157,1328.13024902344,42,14,14,14,10,1505,19,59,40,18,17.6608486175537,4,-28,7,2151,99
34.5318199527146,0.665201719273564,149,1328.13024902344,42,14,14,14,10,1505,19,59,40,18,17.6608486175537,4,-28,7,2151,99
34.5464032860246,0.665201719273564,113,1397.88317871094,42,14,14,14,10,1501,17,59,39,19,17.7150001525879,5,-169,18,2398,99
34.5776532859746,0.665201719273564,172,1762.6298828125,47,14,14,14,10,1577,17,57,35,18,17.847957611084,2,82,11,1350,106
34.6484866191946,0.665201719273564,123,1572.54602050781,44,14,14,14,10,1512,16,58,36,19,18.0069847106934,3,-9,12,588,110
34.7672366190045,0.665201719273564,161,1693.39221191406,48,14,14,14,10,1647,18,57,32,20,18.3581066131592,4,43,18,244,102
34.7901532856345,0.665201719273564,192,1423.81286621094,48,14,14,14,10,1602,14,58,32,20,18.38356590271,3,-47,19,493,107
34.7984866189545,0.665201719273564,188,1382.14599609375,48,14,14,14,10,1592,14,58,32,20,18.3978519439697,2,-102,16,573,108
34.8297366189045,0.665201719273564,210,1339.876953125,49,14,14,14,10,1577,14,59,31,21,18.4566593170166,6,19,16,1438,101
34.4172366195647,0.663118385943564,135,1419.07189941406,39,14,14,14,10,1347,11,56,45,17,17.4262466430664,5,0,10,1845,95
34.4693199528147,0.663118385943564,137,1188.05554199219,35,14,14,14,10,1375,9,58,47,19,17.5636444091797,1,-26,15,2716,106
34.5422366193646,0.663118385943564,124,1344.31286621094,43,14,14,14,10,1493,18,59,37,19,17.6848125457764,4,-135,8,2324,99
34.5755699526446,0.663118385943564,171,1713.10473632812,46,14,14,14,10,1580,15,56,34,19,17.82297706604,1,95,17,1562,109
34.5859866192946,0.663118385943564,170,1770.91931152344,48,14,14,14,10,1560,19,56,33,18,17.8700199127197,4,35,13,1343,108
34.6109866192546,0.663118385943564,145,1558.50854492188,45,14,14,14,10,1509,18,57,36,19,17.9143981933594,2,-98,16,1239,106
34.6151532859146,0.663118385943564,150,1558.50854492188,45,14,14,14,10,1509,18,57,36,19,17.9143981933594,2,-98,16,1239,106
34.6172366192446,0.663118385943564,146,1558.50854492188,45,14,14,14,10,1509,18,57,36,19,17.9143981933594,2,-98,16,1239,106
34.6380699525446,0.663118385943564,151,1599.25439453125,44,14,14,14,10,1533,18,58,36,19,17.9913024902344,1,53,14,414,113
34.7609866190145,0.663118385943564,171,1693.39221191406,48,14,14,14,10,1647,18,57,32,20,18.3581066131592,4,43,18,244,102
34.7943199522945,0.663118385943564,199,1382.14599609375,48,14,14,14,10,1592,14,58,32,20,18.3978519439697,2,-102,16,573,108
34.8380699522245,0.663118385943564,156,1153.26403808594,48,14,14,14,10,1551,14,58,30,21,18.4623413085938,2,-67,22,2071,103
34.4276532862147,0.661035052613564,164,1177.419921875,37,14,14,14,10,1325,10,58,43,20,17.4865760803223,3,-33,10,2474,110
34.4359866195347,0.661035052613564,175,1160.99291992188,37,14,14,14,10,1326,10,57,43,20,17.504093170166,1,-42,12,2524,111
34.5443199526946,0.661035052613564,127,1397.88317871094,42,14,14,14,10,1501,17,59,39,19,17.7150001525879,5,-169,18,2398,99
34.5797366193046,0.661035052613564,173,1762.6298828125,47,14,14,14,10,1577,17,57,35,18,17.847957611084,2,82,11,1350,106
34.6130699525846,0.661035052613564,148,1558.50854492188,45,14,14,14,10,1509,18,57,36,19,17.9143981933594,2,-98,16,1239,106
34.6151532859146,0.661035052613564,148,1558.50854492188,45,14,14,14,10,1509,18,57,36,19,17.9143981933594,2,-98,16,1239,106
34.6401532858746,0.661035052613564,145,1599.25439453125,44,14,14,14,10,1533,18,58,36,19,17.9913024902344,1,53,14,414,113
34.6589032858446,0.661035052613564,107,1508.92272949219,44,14,14,14,10,1513,17,58,35,20,18.0273933410645,1,17,14,740,114
34.6630699525046,0.661035052613564,102,1411.16357421875,43,14,14,14,10,1488,15,59,37,20,18.0531272888184,3,-26,14,1015,109
34.6943199524545,0.661035052613564,106,1297.09350585938,46,14,14,14,10,1483,16,58,34,20,18.1415672302246,4,-12,17,1622,110
34.7693199523345,0.661035052613564,155,1632.05810546875,48,14,14,14,10,1613,16,57,32,20,18.3623447418213,3,-71,19,517,103
34.7984866189545,0.661035052613564,199,1382.14599609375,48,14,14,14,10,1592,14,58,32,20,18.3978519439697,2,-102,16,573,108
34.8214032855845,0.661035052613564,195,1521.26647949219,48,14,14,14,10,1614,16,57,32,20,18.4526901245117,3,70,18,875,105
34.4255699528847,0.658951719283564,161,1218.29162597656,38,14,14,14,10,1300,9,57,43,19,17.4435806274414,3,-118,15,2563,107
34.4297366195447,0.658951719283564,170,1195.67346191406,39,14,14,14,10,1320,12,57,41,20,17.4630279541016,3,-39,20,2487,110
34.5297366193846,0.658951719283564,174,1361.59167480469,41,14,14,14,10,1479,18,57,40,19,17.6447372436523,1,-128,13,2385,101
34.5505699526846,0.658951719283564,126,1473.17895507812,44,14,14,14,10,1548,18,56,37,19,17.713306427002,6,71,14,2082,93
34.5672366193246,0.658951719283564,164,1738.36254882812,46,14,14,14,10,1574,17,55,35,19,17.7828273773193,2,43,16,1947,102
34.5734866193146,0.658951719283564,202,1750.24658203125,46,14,14,14,10,1549,17,56,35,19,17.7970561981201,5,-81,14,1825,101
34.6422366192046,0.658951719283564,132,1578.82885742188,45,14,14,14,10,1531,17,57,36,19,17.9713096618652,1,80,31,84,110
34.7109866190945,0.658951719283564,123,1109.91857910156,46,14,14,14,10,1462,17,58,34,20,18.1833629608154,3,-77,27,2340,106
34.7234866190745,0.658951719283564,117,1098.50219726562,47,14,14,14,10,1488,17,58,33,20,18.1982669830322,3,14,19,2050,106
34.7901532856345,0.658951719283564,191,1476.89721679688,49,14,14,14,10,1589,12,57,31,20,18.3753204345703,4,-55,33,588,105
34.8005699522845,0.658951719283564,201,1388.81079101562,48,14,14,14,10,1587,13,58,32,20,18.3861618041992,3,-105,16,618,106
34.4609866194947,0.656868385953564,137,1241.25280761719,34,14,14,14,10,1395,10,58,49,17,17.5160999298096,5,5,17,2329,104
34.4651532861547,0.656868385953564,174,1241.25280761719,34,14,14,14,10,1395,10,58,49,17,17.5160999298096,5,5,17,2329,104
34.4901532861146,0.656868385953564,164,1221.23864746094,34,14,14,14,10,1417,12,57,48,18,17.5712070465088,4,-12,18,2491,100
34.5589032860046,0.656868385953564,138,1636.06225585938,44,14,14,14,10,1558,15,55,37,19,17.7562084197998,4,39,15,2020,94
34.6068199525946,0.656868385953564,146,1724.48315429688,44,14,14,14,10,1553,17,58,37,19,17.8913307189941,4,113,15,789,103
34.6464032858646,0.656868385953564,143,1571.55200195312,44,14,14,14,10,1508,16,58,36,20,17.9904384613037,4,-16,18,247,109
34.6797366191445,0.656868385953564,111,1306.49475097656,44,14,14,14,10,1482,17,57,36,20,18.0903129577637,3,-54,22,719,109
34.6901532857945,0.656868385953564,115,1347.2509765625,46,14,14,14,10,1508,18,58,34,20,18.1051464080811,1,92,25,434,114
34.7068199524345,0.656868385953564,109,1196.78173828125,44,14,14,14,10,1469,16,59,35,20,18.1594314575195,1,-30,18,1862,110
34.7130699524245,0.656868385953564,120,1109.91857910156,46,14,14,14,10,1462,17,58,34,20,18.1833629608154,3,-77,27,2340,106
34.7255699524045,0.656868385953564,127,1098.50219726562,47,14,14,14,10,1488,17,58,33,20,18.1982669830322,3,14,19,2050,106
34.7401532857145,0.656868385953564,107,1163.67712402344,44,14,14,14,10,1529,15,57,35,21,18.2323818206787,7,-82,17,1529,97
34.8109866189345,0.656868385953564,171,1525.74633789062,49,14,14,14,10,1630,13,58,31,20,18.4301681518555,2,86,17,54,108
34.8214032855845,0.656868385953564,191,1505.8486328125,48,14,14,14,10,1612,16,58,32,20,18.4431819915771,7,103,16,497,105
34.8255699522445,0.656868385953564,197,1505.8486328125,48,14,14,14,10,1612,16,58,32,20,18.4431819915771,7,103,16,497,105
34.8276532855745,0.656868385953564,206,1334.77331542969,49,14,14,14,10,1591,16,59,31,20,18.4461860656738,5,48,22,1102,102
34.8339032855645,0.656868385953564,169,1334.77331542969,49,14,14,14,10,1591,16,59,31,20,18.4461860656738,5,48,22,1102,102
34.4089032862447,0.654785052623564,186,1278.96228027344,41,14,14,14,10,1303,15,54,41,18,17.3999996185303,7,-121,17,2278,99
34.4151532862347,0.654785052623564,184,1258.04357910156,40,14,14,14,10,1293,14,55,41,19,17.4222812652588,2,-156,20,2345,101
34.4172366195647,0.654785052623564,182,1258.04357910156,40,14,14,14,10,1293,14,55,41,19,17.4222812652588,2,-156,20,2345,101
34.4839032861246,0.654785052623564,164,1222.26489257812,36,14,14,14,10,1400,11,57,46,18,17.555477142334,4,-83,13,2477,102
34.5047366194246,0.654785052623564,187,1325.78930664062,38,14,14,14,10,1450,12,58,45,17,17.5891628265381,7,-121,14,2423,95
34.5255699527246,0.654785052623564,161,1410.74182128906,41,14,14,14,10,1504,16,58,41,18,17.6181030273438,4,64,16,1937,103
34.5880699526246,0.654785052623564,179,1756.55004882812,46,14,14,14,10,1577,18,59,35,19,17.8503952026367,1,119,13,1179,106
34.6068199525946,0.654785052623564,121,1724.48315429688,44,14,14,14,10,1553,17,58,37,19,17.8913307189941,4,113,15,789,103
34.7172366190845,0.654785052623564,114,1109.91857910156,46,14,14,14,10,1462,17,58,34,20,18.1833629608154,3,-77,27,2340,106
34.7922366189645,0.654785052623564,212,1476.89721679688,49,14,14,14,10,1589,12,57,31,20,18.3753204345703,4,-55,33,588,105
34.4193199528947,0.652701719293564,176,1218.29162597656,38,14,14,14,10,1300,9,57,43,19,17.4435806274414,3,-118,15,2563,107
34.4776532861346,0.652701719293564,135,1222.26489257812,36,14,14,14,10,1400,11,57,46,18,17.555477142334,4,-83,13,2477,102
34.4922366194446,0.652701719293564,168,1221.23864746094,34,14,14,14,10,1417,12,57,48,18,17.5712070465088,4,-12,18,2491,100
34.5380699527046,0.652701719293564,173,1361.24169921875,44,14,14,14,10,1522,18,57,37,20,17.669189453125,6,46,10,2245,95
34.6005699526046,0.652701719293564,153,1768.45544433594,46,14,14,14,10,1576,19,58,36,18,17.8761444091797,2,164,20,884,109
34.6172366192446,0.652701719293564,149,1628.79028320312,44,14,14,14,10,1517,16,58,37,20,17.90309715271,4,-10,19,868,102
34.6359866192146,0.652701719293564,117,1578.82885742188,45,14,14,14,10,1531,17,57,36,19,17.9713096618652,1,80,31,84,110
34.6526532858546,0.652701719293564,134,1528.14367675781,44,14,14,14,10,1508,16,57,35,20,18.0125942230225,1,1,15,369,112
34.6568199525146,0.652701719293564,157,1528.14367675781,44,14,14,14,10,1508,16,57,35,20,18.0125942230225,1,1,15,369,112
34.6672366191646,0.652701719293564,107,1439.84899902344,45,14,14,14,10,1494,16,56,34,20,18.0390148162842,4,35,20,481,112
34.7214032857445,0.652701719293564,114,1098.50219726562,47,14,14,14,10,1488,17,58,33,20,18.1982669830322,3,14,19,2050,106
34.7526532856945,0.652701719293564,134,1529.32336425781,45,14,14,14,10,1687,16,57,35,20,18.325532913208,1,299,14,-19,97
34.8193199522545,0.652701719293564,202,1505.8486328125,48,14,14,14,10,1612,16,58,32,20,18.4431819915771,7,103,16,497,105
34.8234866189145,0.652701719293564,212,1505.8486328125,48,14,14,14,10,1612,16,58,32,20,18.4431819915771,7,103,16,497,105
34.3984866195947,0.650618385963564,186,1148.255859375,42,14,14,14,10,1248,14,56,39,19,17.3717823028564,7,-203,25,2666,103
34.4047366195847,0.650618385963564,196,1200.29333496094,42,14,14,14,10,1294,14,55,39,20,17.3818168640137,10,-114,17,2609,103
34.4714032861446,0.650618385963564,140,1305.96203613281,34,14,14,14,10,1434,13,58,49,17,17.5032768249512,2,105,7,1853,105
34.5755699526446,0.650618385963564,191,1793.80187988281,46,14,14,14,10,1541,17,56,34,20,17.7844104766846,9,-91,13,1992,95
34.6068199525946,0.650618385963564,143,1711.60302734375,47,14,14,14,10,1538,18,56,35,19,17.866247177124,3,29,15,735,101
34.6609866191746,0.650618385963564,124,1479.6494140625,46,14,14,14,10,1496,16,57,34,20,18.0253124237061,4,56,15,80,112
34.6672366191646,0.650618385963564,110,1479.6494140625,46,14,14,14,10,1496,16,57,34,20,18.0253124237061,4,56,15,80,112
34.7339032857245,0.650618385963564,102,1103.01501464844,44,14,14,14,10,1484,16,58,35,21,18.2058544158936,3,-39,34,2060,102
34.7651532856745,0.650618385963564,180,1650.57995605469,47,14,14,14,10,1675,18,56,33,20,18.3383197784424,2,211,13,-105,101
34.3943199529347,0.648535052633564,187,1148.255859375,42,14,14,14,10,1248,14,56,39,19,17.3717823028564,7,-203,25,2666,103
34.4422366195247,0.648535052633564,165,1267.18725585938,41,14,14,14,10,1340,11,56,41,19,17.453239440918,4,-33,20,2376,108
34.4776532861346,0.648535052633564,175,1316.96423339844,36,14,14,14,10,1417,12,57,47,17,17.5205707550049,6,-25,13,2078,101
34.5214032860646,0.648535052633564,169,1471.27258300781,40,14,14,14,10,1517,16,58,42,19,17.6013679504395,3,105,13,1621,107
34.5734866193146,0.648535052633564,192,1793.80187988281,46,14,14,14,10,1541,17,56,34,20,17.7844104766846,9,-91,13,1992,95
34.6047366192646,0.648535052633564,146,1711.60302734375,47,14,14,14,10,1538,18,56,35,19,17.866247177124,3,29,15,735,101
34.6859866191345,0.648535052633564,112,1334.47473144531,45,14,14,14,10,1497,17,57,35,19,18.0970821380615,2,72,19,55,111
34.7693199523345,0.648535052633564,192,1726.78662109375,49,14,14,14,10,1645,17,58,31,20,18.3521118164062,4,58,15,33,101
34.4089032862447,0.646451719303564,193,1200.29333496094,42,14,14,14,10,1294,14,55,39,20,17.3818168640137,10,-114,17,2609,103
34.4964032861046,0.646451719303564,183,1369.05859375,39,14,14,14,10,1473,14,56,44,17,17.5463180541992,10,16,16,1909,95
34.5922366192846,0.646451719303564,139,1708.26843261719,45,14,14,14,10,1548,18,56,36,19,17.8177833557129,5,18,22,1293,99
34.6464032858646,0.646451719303564,110,1557.69409179688,43,14,14,14,10,1499,17,57,38,19,17.9759292602539,4,-13,17,-19,108
34.6568199525146,0.646451719303564,155,1542.87438964844,45,14,14,14,10,1508,17,56,35,20,17.9989395141602,2,17,21,30,113
34.6922366191245,0.646451719303564,105,1334.47473144531,45,14,14,14,10,1497,17,57,35,19,18.0970821380615,2,72,19,55,111
34.6943199524545,0.646451719303564,115,1320.93041992188,43,14,14,14,10,1484,16,58,37,20,18.1190395355225,3,39,16,923,113
34.7047366191045,0.646451719303564,105,1215.49719238281,43,14,14,14,10,1463,18,59,37,20,18.1480255126953,0,-52,26,1801,111
34.7151532857545,0.646451719303564,118,1120.20373535156,45,14,14,14,10,1457,17,59,34,20,18.1730346679688,1,-60,40,2320,107
34.7484866190345,0.646451719303564,114,1220.71887207031,46,14,14,14,10,1544,18,57,34,20,18.247241973877,10,-141,13,1389,94
34.7547366190245,0.646451719303564,137,1419.48901367188,47,14,14,14,10,1635,20,55,33,20,18.2960014343262,12,71,15,347,91
34.7589032856845,0.646451719303564,132,1419.48901367188,47,14,14,14,10,1635,20,55,33,20,18.2960014343262,12,71,15,347,91
34.7984866189545,0.646451719303564,199,1411.76416015625,48,14,14,14,10,1572,13,57,31,20,18.3758678436279,0,-89,20,669,104
34.8047366189445,0.646451719303564,198,1395.48205566406,49,14,14,14,10,1603,14,58,31,20,18.393627166748,3,-2,32,448,105
34.8234866189145,0.646451719303564,213,1434.72814941406,50,14,14,14,10,1601,17,59,30,19,18.4296379089355,5,80,34,438,104
34.8318199522345,0.646451719303564,200,1282.49462890625,49,14,14,14,10,1555,16,59,31,20,18.43310546875,4,-97,17,1294,100
34.3943199529347,0.644368385973564,181,1148.255859375,42,14,14,14,10,1248,14,56,39,19,17.3717823028564,7,-203,25,2666,103
34.4255699528847,0.644368385973564,173,1271.9775390625,39,14,14,14,10,1328,9,58,43,18,17.4123210906982,2,43,10,2266,111
34.4609866194947,0.644368385973564,166,1279.20458984375,35,14,14,14,10,1419,12,58,49,17,17.4939041137695,5,84,18,1957,101
34.4714032861446,0.644368385973564,180,1305.96203613281,34,14,14,14,10,1434,13,58,49,17,17.5032768249512,2,105,7,1853,105
34.5234866193946,0.644368385973564,177,1471.27258300781,40,14,14,14,10,1517,16,58,42,19,17.6013679504395,3,105,13,1621,107
34.5359866193746,0.644368385973564,153,1393.66723632812,43,14,14,14,10,1490,15,56,37,20,17.6555919647217,6,-139,12,2090,97
34.5589032860046,0.644368385973564,148,1707.88391113281,46,14,14,14,10,1610,18,54,35,19,17.7533435821533,7,327,16,1328,94
34.6005699526046,0.644368385973564,153,1720.3505859375,48,14,14,14,10,1553,19,56,34,19,17.8465366363525,3,74,13,930,102
34.6068199525946,0.644368385973564,137,1711.60302734375,47,14,14,14,10,1538,18,56,35,19,17.866247177124,3,29,15,735,101
34.6755699524846,0.644368385973564,99,1358.22534179688,43,14,14,14,10,1464,15,58,38,19,18.0580501556396,2,-84,20,359,109
34.6859866191345,0.644368385973564,112,1334.47473144531,45,14,14,14,10,1497,17,57,35,19,18.0970821380615,2,72,19,55,111
34.7193199524145,0.644368385973564,109,1093.20678710938,45,14,14,14,10,1470,16,59,35,20,18.191255569458,2,-28,18,2180,106
34.8109866189345,0.644368385973564,201,1454.39892578125,50,14,14,14,10,1615,15,58,30,20,18.4150352478027,4,79,23,162,106
34.4047366195847,0.642285052643564,176,1231.44799804688,37,14,14,14,10,1308,9,56,45,18,17.354944229126,2,46,13,2277,109
34.4214032862247,0.642285052643564,166,1335.05834960938,37,14,14,14,10,1341,9,58,46,17,17.3864002227783,1,82,10,2037,113
34.5276532860546,0.642285052643564,194,1468.13464355469,42,14,14,14,10,1503,18,58,39,19,17.6063804626465,4,90,20,1344,102
34.5339032860446,0.642285052643564,180,1468.13464355469,42,14,14,14,10,1503,18,58,39,19,17.6063804626465,4,90,20,1344,102
34.5464032860246,0.642285052643564,163,1473.79553222656,43,14,14,14,10,1507,18,55,37,19,17.665397644043,15,-122,28,1761,89
34.5755699526446,0.642285052643564,154,1801.09191894531,45,14,14,14,10,1594,18,57,36,19,17.7720623016357,5,249,16,1230,96
34.6547366191846,0.642285052643564,121,1548.78430175781,45,14,14,14,10,1504,16,56,35,20,17.9865493774414,2,10,16,52,112
34.6568199525146,0.642285052643564,118,1548.78430175781,45,14,14,14,10,1504,16,56,35,20,17.9865493774414,2,10,16,52,112
34.7047366191045,0.642285052643564,107,1214.94567871094,44,14,14,14,10,1467,16,58,36,20,18.1367893218994,3,22,27,1655,111
34.7089032857645,0.642285052643564,110,1214.94567871094,44,14,14,14,10,1467,16,58,36,20,18.1367893218994,3,22,27,1655,111
34.7443199523745,0.642285052643564,109,1180.30908203125,45,14,14,14,10,1513,16,58,36,20,18.2276477813721,3,-147,18,1298,97
34.7734866189945,0.642285052643564,241,1734.05688476562,47,14,14,14,10,1645,17,57,33,20,18.342643737793,6,73,12,9,98
34.8234866189145,0.642285052643564,206,1338.39318847656,50,14,14,14,10,1598,16,59,30,20,18.4140510559082,5,86,12,647,104
34.8297366189045,0.642285052643564,213,1214.88916015625,48,14,14,14,10,1554,16,59,31,20,18.4220905303955,5,-23,16,1359,101
34.4151532862347,0.640201719313564,165,1298.98083496094,37,14,14,14,10,1328,10,57,46,17,17.3690929412842,2,66,13,2077,109
34.5089032860846,0.640201719313564,183,1413.98583984375,38,14,14,14,10,1488,13,58,45,17,17.5503845214844,9,107,13,1083,95
34.5818199526346,0.640201719313564,155,1728.8046875,42,14,14,14,10,1524,16,58,38,20,17.7769355773926,6,-29,11,1607,92
34.6422366192046,0.640201719313564,116,1532.47497558594,45,14,14,14,10,1516,18,58,36,19,17.9380836486816,1,64,21,-102,110
34.6693199524946,0.640201719313564,102,1401.69274902344,43,14,14,14,10,1465,16,59,38,19,18.0439319610596,2,-55,15,341,109
34.6734866191546,0.640201719313564,100,1401.69274902344,43,14,14,14,10,1465,16,59,38,19,18.0439319610596,2,-55,15,341,109
34.6755699524846,0.640201719313564,100,1401.69274902344,43,14,14,14,10,1465,16,59,38,19,18.0439319610596,2,-55,15,341,109
34.7818199523145,0.640201719313564,175,1688.65100097656,49,14,14,14,10,1597,16,56,31,20,18.3464088439941,2,-151,20,406,100
34.3964032862647,0.638118385983564,175,1170.24914550781,39,14,14,14,10,1293,12,56,42,19,17.3421211242676,2,34,27,2429,105
34.4109866195747,0.638118385983564,159,1298.98083496094,37,14,14,14,10,1328,10,57,46,17,17.3690929412842,2,66,13,2077,109
34.5589032860046,0.638118385983564,166,1648.10546875,46,14,14,14,10,1571,19,54,35,19,17.7080097198486,10,162,47,999,87
34.5693199526546,0.638118385983564,170,1801.09191894531,45,14,14,14,10,1594,18,57,36,19,17.7720623016357,5,249,16,1230,96
34.5922366192846,0.638118385983564,160,1649.80908203125,41,14,14,14,10,1507,17,58,39,20,17.7914237976074,3,-124,12,1435,98
34.6484866191946,0.638118385983564,98,1538.29321289062,44,14,14,14,10,1491,17,58,36,19,17.9632225036621,3,-27,13,55,109
34.6797366191445,0.638118385983564,104,1302.85437011719,43,14,14,14,10,1458,16,59,38,19,18.0716934204102,1,-89,30,451,111
34.6984866191145,0.638118385983564,116,1305.24633789062,44,14,14,14,10,1487,17,58,36,20,18.1094169616699,2,79,13,792,116
34.7547366190245,0.638118385983564,110,1345.02624511719,46,14,14,14,10,1569,18,56,34,20,18.270076751709,12,-158,20,906,93
34.7651532856745,0.638118385983564,138,1606.03784179688,46,14,14,14,10,1677,18,57,33,20,18.3231601715088,6,210,16,132,97
34.4109866195747,0.636035052653564,158,1298.98083496094,37,14,14,14,10,1328,10,57,46,17,17.3690929412842,2,66,13,2077,109
34.4859866194546,0.636035052653564,177,1426.97619628906,35,14,14,14,10,1478,14,57,48,17,17.5094757080078,4,117,10,1442,102
34.5464032860246,0.636035052653564,172,1473.79553222656,43,14,14,14,10,1507,18,55,37,19,17.665397644043,15,-122,28,1761,89
34.6068199525946,0.636035052653564,138,1641.68713378906,44,14,14,14,10,1501,17,57,37,19,17.8412666320801,3,-102,17,969,101
34.6214032859046,0.636035052653564,142,1617.95568847656,45,14,14,14,10,1517,18,58,36,19,17.8911590576172,4,62,18,304,106
34.6818199524745,0.636035052653564,107,1302.85437011719,43,14,14,14,10,1458,16,59,38,19,18.0716934204102,1,-89,30,451,111
34.6922366191245,0.636035052653564,103,1310.99194335938,45,14,14,14,10,1481,15,57,35,20,18.089542388916,2,20,23,161,110
34.6984866191145,0.636035052653564,118,1305.24633789062,44,14,14,14,10,1487,17,58,36,20,18.1094169616699,2,79,13,792,116
34.7089032857645,0.636035052653564,113,1214.94567871094,44,14,14,14,10,1467,16,58,36,20,18.1367893218994,3,22,27,1655,111
34.7547366190245,0.636035052653564,112,1345.02624511719,46,14,14,14,10,1569,18,56,34,20,18.270076751709,12,-158,20,906,93
34.8297366189045,0.636035052653564,209,1214.88916015625,48,14,14,14,10,1554,16,59,31,20,18.4220905303955,5,-23,16,1359,101
34.8318199522345,0.636035052653564,205,1214.88916015625,48,14,14,14,10,1554,16,59,31,20,18.4220905303955,5,-23,16,1359,101
34.4880699527846,0.633951719323564,177,1443.10302734375,37,14,14,14,10,1444,14,56,45,17,17.4994831085205,7,-25,15,1300,99
34.4922366194446,0.633951719323564,183,1443.10302734375,37,14,14,14,10,1444,14,56,45,17,17.4994831085205,7,-25,15,1300,99
34.5005699527646,0.633951719323564,188,1403.68774414062,39,14,14,14,10,1451,14,56,44,18,17.5255603790283,9,11,10,1079,96
34.5193199527346,0.633951719323564,214,1505.55090332031,41,14,14,14,10,1515,15,57,40,19,17.568021774292,1,131,10,762,102
34.6339032858846,0.633951719323564,139,1544.39624023438,41,14,14,14,10,1477,15,59,40,19,17.9036693572998,3,-132,22,468,106
34.7401532857145,0.633951719323564,135,1125.46423339844,45,14,14,14,10,1495,17,58,35,20,18.1985187530518,3,9,33,1230,104
34.7984866189545,0.633951719323564,202,1465.234375,47,14,14,14,10,1585,14,58,33,20,18.3556137084961,3,45,17,769,108
34.8089032856045,0.633951719323564,172,1355.736328125,47,14,14,14,10,1557,14,58,33,21,18.3657150268555,1,-60,22,1049,106
34.4505699528447,0.631868385993564,177,1292.3623046875,39,14,14,14,10,1332,10,56,43,18,17.4415397644043,4,-97,15,2379,105
34.5359866193746,0.631868385993564,198,1460.71069335938,40,14,14,14,10,1468,16,56,40,20,17.622220993042,4,-86,12,1404,103
34.5464032860246,0.631868385993564,178,1446.88513183594,41,14,14,14,10,1473,16,57,39,20,17.6472682952881,6,-163,14,1687,96
34.5547366193446,0.631868385993564,154,1556.64514160156,41,14,14,14,10,1509,16,55,40,19,17.6681652069092,5,-84,20,1598,93
34.5630699526646,0.631868385993564,159,1681.69860839844,41,14,14,14,10,1536,18,57,40,19,17.7005710601807,6,-11,8,1466,91
34.5859866192946,0.631868385993564,141,1574.04418945312,41,14,14,14,10,1499,17,57,39,20,17.7748794555664,5,-101,12,1498,98
34.6151532859146,0.631868385993564,155,1651.08020019531,46,14,14,14,10,1525,18,57,36,19,17.8512001037598,1,71,14,532,107
34.6172366192446,0.631868385993564,153,1651.08020019531,46,14,14,14,10,1525,18,57,36,19,17.8512001037598,1,71,14,532,107
34.7005699524445,0.631868385993564,114,1265.07763671875,44,14,14,14,10,1475,15,58,37,19,18.1014232635498,3,57,18,877,115
34.3984866195947,0.629785052663564,180,1290.96166992188,39,14,14,14,10,1293,10,58,43,18,17.3065319061279,0,22,14,2277,108
34.4109866195747,0.629785052663564,167,1322.00866699219,36,14,14,14,10,1313,10,57,46,18,17.3515777587891,2,-17,17,2178,109
34.4839032861246,0.629785052663564,184,1434.11889648438,35,14,14,14,10,1438,14,56,49,17,17.4823055267334,7,39,10,1256,100
34.4943199527746,0.629785052663564,205,1403.68774414062,39,14,14,14,10,1451,14,56,44,18,17.5255603790283,9,11,10,1079,96
34.5714032859846,0.629785052663564,158,1725.74133300781,42,14,14,14,10,1545,19,58,39,19,17.7318935394287,7,75,14,1091,91
34.5776532859746,0.629785052663564,157,1674.76635742188,42,14,14,14,10,1529,17,59,40,19,17.7526969909668,9,135,15,1209,93
34.6047366192646,0.629785052663564,143,1566.8525390625,44,14,14,14,10,1488,18,56,37,19,17.8254127502441,5,-119,19,1014,102
34.6089032859246,0.629785052663564,161,1566.8525390625,44,14,14,14,10,1488,18,56,37,19,17.8254127502441,5,-119,19,1014,102
34.6526532858546,0.629785052663564,143,1548.84558105469,44,14,14,14,10,1497,17,56,37,19,17.9744625091553,3,-3,19,108,112
34.6630699525046,0.629785052663564,119,1544.35205078125,44,14,14,14,10,1499,17,57,36,20,17.9978065490723,2,82,16,11,114
34.7443199523745,0.629785052663564,123,1166.0263671875,45,14,14,14,10,1520,17,56,35,20,18.2139110565186,4,-26,19,477,99
34.7797366189845,0.629785052663564,172,1709.09069824219,46,14,14,14,10,1629,19,57,33,20,18.3399314880371,3,37,12,261,98
34.7964032856245,0.629785052663564,219,1465.234375,47,14,14,14,10,1585,14,58,33,20,18.3556137084961,3,45,17,769,108
34.3880699529447,0.627701719333564,174,1297.91003417969,40,14,14,14,10,1285,12,56,43,18,17.2812023162842,7,48,22,2397,100
34.5005699527646,0.627701719333564,217,1403.68774414062,39,14,14,14,10,1451,14,56,44,18,17.5255603790283,9,11,10,1079,96
34.5151532860746,0.627701719333564,200,1390.32727050781,41,14,14,14,10,1460,15,54,41,18,17.5651531219482,10,-120,18,1327,94
34.5859866192946,0.627701719333564,144,1574.04418945312,41,14,14,14,10,1499,17,57,39,20,17.7748794555664,5,-101,12,1498,98
34.6484866191946,0.627701719333564,127,1518.04809570312,45,14,14,14,10,1488,16,58,36,19,17.9511566162109,4,-1,22,74,110
34.6547366191846,0.627701719333564,134,1548.84558105469,44,14,14,14,10,1497,17,56,37,19,17.9744625091553,3,-3,19,108,112
34.6651532858346,0.627701719333564,126,1544.35205078125,44,14,14,14,10,1499,17,57,36,20,17.9978065490723,2,82,16,11,114
34.6839032858045,0.627701719333564,102,1315.71936035156,44,14,14,14,10,1453,17,59,38,18,18.0596752166748,0,-79,18,466,111
34.6859866191345,0.627701719333564,106,1283.30297851562,45,14,14,14,10,1472,16,58,36,19,18.0805015563965,3,-7,16,291,112
34.6901532857945,0.627701719333564,117,1283.30297851562,45,14,14,14,10,1472,16,58,36,19,18.0805015563965,3,-7,16,291,112
34.7339032857245,0.627701719333564,110,1106.09704589844,44,14,14,14,10,1474,17,58,36,20,18.1858749389648,2,-4,22,1723,106
34.7839032856445,0.627701719333564,172,1709.09069824219,46,14,14,14,10,1629,19,57,33,20,18.3399314880371,3,37,12,261,98
34.7901532856345,0.627701719333564,182,1602.52954101562,48,14,14,14,10,1600,17,58,31,21,18.3454647064209,3,25,15,590,104
34.4714032861446,0.625618386003564,219,1362.28479003906,40,14,14,14,10,1400,13,55,43,17,17.4651966094971,4,47,16,1487,98
34.5047366194246,0.625618386003564,222,1301.17822265625,40,14,14,14,10,1406,13,57,42,18,17.550271987915,5,-187,28,1486,94
34.5109866194146,0.625618386003564,212,1375.16381835938,42,14,14,14,10,1458,17,56,40,18,17.5483493804932,8,33,15,992,92
34.5193199527346,0.625618386003564,203,1531.55444335938,40,14,14,14,10,1511,17,55,42,18,17.551290512085,2,119,17,485,99
34.5818199526346,0.625618386003564,159,1566.73803710938,40,14,14,14,10,1500,16,58,40,20,17.7316207885742,5,36,14,1231,98
34.6339032858846,0.625618386003564,113,1558.14379882812,43,14,14,14,10,1475,19,58,38,19,17.8895072937012,0,-73,16,396,106
34.6589032858446,0.625618386003564,115,1549.03112792969,44,14,14,14,10,1495,17,57,38,19,17.9618301391602,1,24,17,119,113
34.6609866191746,0.625618386003564,122,1552.5322265625,45,14,14,14,10,1487,16,57,36,19,17.9870700836182,2,30,27,99,114
34.6776532858146,0.625618386003564,113,1310.55676269531,44,14,14,14,10,1449,16,59,37,19,18.0479049682617,2,-43,18,585,112
34.6922366191245,0.625618386003564,119,1246.08581542969,45,14,14,14,10,1464,16,58,36,19,18.0706920623779,3,10,16,738,113
34.7297366190645,0.625618386003564,116,1116.81982421875,45,14,14,14,10,1471,16,58,35,21,18.1763668060303,3,-20,25,1699,107
34.7464032857045,0.625618386003564,124,1158.00610351562,43,14,14,14,10,1498,16,58,38,20,18.2049388885498,2,-58,19,955,99
34.7547366190245,0.625618386003564,139,1243.98303222656,42,14,14,14,10,1523,18,57,38,20,18.227180480957,6,-156,18,1182,94
34.7693199523345,0.625618386003564,164,1621.26477050781,44,14,14,14,10,1666,18,57,36,21,18.3162117004395,7,361,28,-77,90
34.7859866189745,0.625618386003564,165,1610.27172851562,46,14,14,14,10,1577,18,57,33,21,18.3323211669922,5,-116,19,892,99
34.7922366189645,0.625618386003564,166,1610.27172851562,46,14,14,14,10,1577,18,57,33,21,18.3323211669922,5,-116,19,892,99
34.8005699522845,0.625618386003564,206,1458.96704101562,47,14,14,14,10,1581,15,58,33,21,18.3403186798096,4,31,17,891,103
34.8255699522445,0.625618386003564,167,1161.78503417969,45,14,14,14,10,1539,14,59,33,21,18.3789939880371,3,-37,13,1540,104
34.4297366195447,0.623535052673564,188,1340.396484375,36,14,14,14,10,1317,9,57,47,17,17.3787021636963,2,-34,11,2260,111
34.4797366194646,0.623535052673564,197,1392.15393066406,37,14,14,14,10,1404,12,57,46,17,17.4824295043945,3,-22,14,1313,98
34.4922366194446,0.623535052673564,215,1395.8046875,40,14,14,14,10,1464,16,55,43,17,17.4959106445312,8,194,32,768,94
34.5797366193046,0.623535052673564,167,1566.73803710938,40,14,14,14,10,1500,16,58,40,20,17.7316207885742,5,36,14,1231,98
34.6130699525846,0.623535052673564,144,1628.80749511719,44,14,14,14,10,1527,17,58,37,18,17.8344764709473,1,127,21,286,109
34.6339032858846,0.623535052673564,95,1558.14379882812,43,14,14,14,10,1475,19,58,38,19,17.8895072937012,0,-73,16,396,106
34.7068199524345,0.623535052673564,130,1159.37768554688,46,14,14,14,10,1449,17,61,33,21,18.1182346343994,1,-45,11,1885,107
34.7359866190545,0.623535052673564,104,1128.25317382812,44,14,14,14,10,1487,16,57,36,20,18.191032409668,2,3,16,1318,105
34.7672366190045,0.623535052673564,156,1424.89050292969,42,15,15,15,10,1634,23,56,37,21,18.2730464935303,24,34,68,400,86
34.7964032856245,0.623535052673564,172,1458.96704101562,47,14,14,14,10,1581,15,58,33,21,18.3403186798096,4,31,17,891,103
34.3818199529547,0.621451719343564,167,1399.01171875,37,14,14,14,10,1320,10,58,47,16,17.22092628479,6,230,25,1974,103
34.3880699529447,0.621451719343564,154,1426.79248046875,34,14,14,14,10,1326,9,58,50,16,17.244047164917,3,191,3,1794,111
34.4755699528046,0.621451719343564,209,1362.28479003906,40,14,14,14,10,1400,13,55,43,17,17.4651966094971,4,47,16,1487,98
34.5193199527346,0.621451719343564,204,1531.55444335938,40,14,14,14,10,1511,17,55,42,18,17.551290512085,2,119,17,485,99
34.7776532856545,0.621451719343564,161,1690.70959472656,45,14,14,14,10,1604,17,57,35,20,18.3295440673828,7,-20,18,575,94
34.8005699522845,0.621451719343564,175,1458.96704101562,47,14,14,14,10,1581,15,58,33,21,18.3403186798096,4,31,17,891,103
34.8172366189245,0.621451719343564,163,1223.72094726562,45,14,14,14,10,1568,15,58,34,20,18.3652057647705,3,68,15,1090,106
34.5151532860746,0.619368386013564,199,1375.16381835938,42,14,14,14,10,1458,17,56,40,18,17.5483493804932,8,33,15,992,92
34.5526532860146,0.619368386013564,195,1509.60852050781,45,14,14,14,10,1508,18,55,36,19,17.6495971679688,4,157,9,1269,102
34.6255699525646,0.619368386013564,110,1643.80041503906,44,14,14,14,10,1507,18,58,37,19,17.8580951690674,3,46,15,247,106
34.6547366191846,0.619368386013564,101,1549.03112792969,44,14,14,14,10,1495,17,57,38,19,17.9618301391602,1,24,17,119,113
34.7172366190845,0.619368386013564,108,1121.23913574219,45,14,14,14,10,1452,16,60,35,21,18.1396045684814,1,-19,19,2147,110
34.7672366190045,0.619368386013564,183,1424.89050292969,42,15,15,15,10,1634,23,56,37,21,18.2730464935303,24,34,68,400,86
34.7964032856245,0.619368386013564,158,1458.96704101562,47,14,14,14,10,1581,15,58,33,21,18.3403186798096,4,31,17,891,103
34.8130699522645,0.619368386013564,159,1223.72094726562,45,14,14,14,10,1568,15,58,34,20,18.3652057647705,3,68,15,1090,106
34.3922366196047,0.617285052683564,150,1397.27453613281,33,14,14,14,10,1310,9,57,51,16,17.2307987213135,3,123,6,1892,105
34.4193199528947,0.617285052683564,168,1337.98498535156,38,14,14,14,10,1300,12,58,44,17,17.3383979797363,2,-48,15,2273,113
34.4464032861847,0.617285052683564,177,1277.3271484375,36,14,14,14,10,1318,9,56,46,18,17.411642074585,3,-44,13,2370,107
34.4734866194746,0.617285052683564,223,1289.20581054688,38,14,14,14,10,1354,11,56,45,17,17.4705753326416,7,-50,14,1893,99
34.5380699527046,0.617285052683564,139,1623.34094238281,44,13,13,13,10,1493,18,54,37,19,17.5813446044922,5,104,22,393,103
34.5547366193446,0.617285052683564,184,1490.55993652344,44,14,14,14,10,1460,18,55,37,20,17.6442832946777,6,-87,14,1366,99
34.5672366193246,0.617285052683564,162,1485.19384765625,43,14,14,14,10,1486,15,59,38,19,17.668384552002,4,76,12,1314,100
34.5839032859646,0.617285052683564,191,1443.74072265625,43,14,14,14,10,1503,18,57,38,19,17.7229480743408,2,101,12,984,100
34.5880699526246,0.617285052683564,153,1377.53967285156,42,14,14,14,10,1463,16,57,39,19,17.7529888153076,5,10,16,1202,101
34.6484866191946,0.617285052683564,123,1496.38659667969,42,14,14,14,10,1468,16,58,39,19,17.9286289215088,3,-84,19,283,111
34.6964032857845,0.617285052683564,116,1172.95141601562,45,14,14,14,10,1447,15,62,35,20,18.0842113494873,1,-14,13,1520,111
34.7526532856945,0.617285052683564,146,1230.86950683594,42,14,14,14,10,1517,17,57,38,21,18.211067199707,3,-56,15,1513,98
34.7797366189845,0.617285052683564,170,1606.99768066406,44,15,15,15,10,1636,18,56,36,21,18.3158798217773,8,297,33,341,99
34.7880699523045,0.617285052683564,160,1572.92993164062,45,14,14,14,10,1592,16,58,35,20,18.3206119537354,3,37,14,818,96
34.7922366189645,0.617285052683564,153,1572.92993164062,45,14,14,14,10,1592,16,58,35,20,18.3206119537354,3,37,14,818,96
34.3901532862747,0.615201719353564,152,1397.27453613281,33,14,14,14,10,1310,9,57,51,16,17.2307987213135,3,123,6,1892,105
34.4464032861847,0.615201719353564,179,1277.3271484375,36,14,14,14,10,1318,9,56,46,18,17.411642074585,3,-44,13,2370,107
34.4839032861246,0.615201719353564,181,1318.73596191406,39,14,14,14,10,1371,13,56,45,17,17.4866142272949,7,-106,15,1711,99
34.5672366193246,0.615201719353564,171,1485.19384765625,43,14,14,14,10,1486,15,59,38,19,17.668384552002,4,76,12,1314,100
34.5922366192846,0.615201719353564,136,1377.53967285156,42,14,14,14,10,1463,16,57,39,19,17.7529888153076,5,10,16,1202,101
34.6214032859046,0.615201719353564,103,1656.89697265625,45,14,14,14,10,1503,18,56,37,18,17.8418045043945,3,45,15,263,109
34.6630699525046,0.615201719353564,107,1548.14892578125,43,14,14,14,10,1482,15,58,39,19,17.9760932922363,3,39,14,138,113
34.7109866190945,0.615201719353564,107,1140.44348144531,43,14,14,14,10,1454,17,59,37,20,18.1254005432129,3,-28,12,2117,114
34.7234866190745,0.615201719353564,106,1151.33374023438,45,14,14,14,10,1458,16,59,35,20,18.1434535980225,2,-26,20,1999,111
34.8047366189445,0.615201719353564,186,1260.9921875,47,14,14,14,10,1535,15,58,32,21,18.3337821960449,3,-32,17,1519,104
34.4714032861446,0.613118386023564,180,1289.20581054688,38,14,14,14,10,1354,11,56,45,17,17.4705753326416,7,-50,14,1893,99
34.4755699528046,0.613118386023564,189,1289.20581054688,38,14,14,14,10,1354,11,56,45,17,17.4705753326416,7,-50,14,1893,99
34.6026532859346,0.613118386023564,104,1440.56335449219,44,14,14,14,10,1497,15,55,36,20,17.7988929748535,3,56,17,651,101
34.6693199524946,0.613118386023564,101,1429.99267578125,43,13,13,13,10,1458,15,58,38,19,18.0078678131104,2,-40,26,385,113
34.8047366189445,0.613118386023564,181,1260.9921875,47,14,14,14,10,1535,15,58,32,21,18.3337821960449,3,-32,17,1519,104
34.3922366196047,0.611035052693564,150,1397.27453613281,33,14,14,14,10,1310,9,57,51,16,17.2307987213135,3,123,6,1892,105
34.4089032862447,0.611035052693564,154,1359.50903320312,36,14,14,14,10,1300,11,58,46,18,17.2860164642334,2,5,12,2232,114
34.4464032861847,0.611035052693564,162,1277.3271484375,36,14,14,14,10,1318,9,56,46,18,17.411642074585,3,-44,13,2370,107
34.4505699528447,0.611035052693564,177,1277.3271484375,36,14,14,14,10,1318,9,56,46,18,17.411642074585,3,-44,13,2370,107
34.4651532861547,0.611035052693564,141,1269.25903320312,37,14,14,14,10,1341,10,57,46,18,17.452564239502,4,-27,8,2064,101
34.4922366194446,0.611035052693564,179,1331.65612792969,39,14,14,14,10,1391,14,55,44,18,17.4987735748291,7,-5,21,1319,96
34.4984866194346,0.611035052693564,198,1296.76049804688,40,14,14,14,10,1385,13,56,43,17,17.5205707550049,6,-8,19,1234,97
34.5672366193246,0.611035052693564,141,1485.19384765625,43,14,14,14,10,1486,15,59,38,19,17.668384552002,4,76,12,1314,100
34.6568199525146,0.611035052693564,115,1555.94482421875,42,14,14,14,10,1495,16,58,39,19,17.9485931396484,1,54,21,80,114
34.7609866190145,0.611035052693564,158,1326.40283203125,39,14,14,14,10,1542,15,58,41,21,18.2407817840576,7,-105,25,1437,93
34.8005699522845,0.611035052693564,176,1416.47827148438,46,14,14,14,10,1565,15,57,33,21,18.324743270874,3,28,14,1203,101
34.4068199529147,0.608951719363564,155,1358.74548339844,35,14,14,14,10,1304,12,58,47,18,17.2651824951172,1,47,17,2110,114
34.4255699528847,0.608951719363564,169,1339.36010742188,38,14,14,14,10,1299,10,58,45,18,17.3192043304443,3,-33,14,2304,113
34.5026532860946,0.608951719363564,165,1247.77099609375,41,14,14,14,10,1370,16,55,42,18,17.5336151123047,8,-158,18,1602,96
34.5255699527246,0.608951719363564,149,1472.80725097656,40,14,14,14,10,1477,16,56,43,17,17.5335750579834,2,130,13,345,98
34.5359866193746,0.608951719363564,146,1616.92224121094,41,14,14,14,10,1498,17,55,40,19,17.5696640014648,2,148,12,75,103
34.5422366193646,0.608951719363564,160,1616.92224121094,41,14,14,14,10,1498,17,55,40,19,17.5696640014648,2,148,12,75,103
34.5630699526646,0.608951719363564,138,1424.8837890625,44,14,14,14,10,1443,19,56,36,20,17.6626567840576,4,-71,22,1444,102
34.5922366192846,0.608951719363564,137,1303.55236816406,43,14,14,14,10,1449,18,57,38,19,17.7454090118408,4,-27,11,1119,102
34.6255699525646,0.608951719363564,110,1676.42602539062,46,14,14,14,10,1516,18,55,36,18,17.8269653320312,1,111,15,92,112
34.6984866191145,0.608951719363564,101,1171.4736328125,45,14,14,14,10,1442,17,62,35,20,18.0712051391602,1,-53,24,1700,111
34.7276532857345,0.608951719363564,138,1229.90319824219,44,14,14,14,10,1486,17,58,36,20,18.1416912078857,3,31,27,1628,110
34.3755699529647,0.606868386033564,162,1196.23291015625,36,14,14,14,10,1231,11,58,45,19,17.191234588623,4,-161,10,2569,105
34.4005699529247,0.606868386033564,161,1339.91381835938,36,14,14,14,10,1283,10,57,47,17,17.243522644043,2,-39,16,2267,112
34.5547366193446,0.606868386033564,135,1487.15124511719,44,14,14,14,10,1437,17,56,36,20,17.6316909790039,2,-83,11,1414,103
34.6047366192646,0.606868386033564,105,1419.40625,43,14,14,14,10,1461,15,56,38,19,17.7881641387939,2,-113,12,812,102
34.6068199525946,0.606868386033564,108,1419.40625,43,14,14,14,10,1461,15,56,38,19,17.7881641387939,2,-113,12,812,102
34.7068199524345,0.606868386033564,103,1168.57629394531,44,14,14,14,10,1448,17,59,36,20,18.0921859741211,1,-44,18,1997,114
34.7359866190545,0.606868386033564,157,1243.27014160156,42,14,14,14,10,1486,17,57,37,20,18.1608600616455,4,-25,27,1605,108
34.7609866190145,0.606868386033564,152,1286.92224121094,39,14,14,14,10,1518,13,60,41,20,18.2193641662598,3,-52,24,1609,100
34.3755699529647,0.604785052703564,171,1196.23291015625,36,14,14,14,10,1231,11,58,45,19,17.191234588623,4,-161,10,2569,105
34.4151532862347,0.604785052703564,170,1354.37573242188,37,14,14,14,10,1297,13,57,44,19,17.2921714782715,2,19,14,2160,113
34.5234866193946,0.604785052703564,165,1472.80725097656,40,14,14,14,10,1477,16,56,43,17,17.5335750579834,2,130,13,345,98
34.5276532860546,0.604785052703564,141,1580.50793457031,39,14,14,14,10,1481,17,54,43,18,17.5503578186035,5,12,16,323,100
34.5464032860246,0.604785052703564,152,1569.24621582031,41,14,14,14,10,1471,17,56,39,19,17.5986995697021,3,55,16,835,103
34.5922366192846,0.604785052703564,142,1303.55236816406,43,14,14,14,10,1449,18,57,38,19,17.7454090118408,4,-27,11,1119,102
34.5964032859446,0.604785052703564,145,1320.47705078125,41,14,14,14,10,1453,16,56,39,20,17.7689762115479,4,-95,20,1131,103
34.6318199525546,0.604785052703564,145,1619.4443359375,47,14,14,14,10,1493,19,57,34,19,17.8578987121582,4,41,33,141,106
34.6359866192146,0.604785052703564,133,1510.81567382812,45,14,14,14,10,1462,16,59,37,18,17.8915042877197,2,-90,21,401,108
34.6818199524745,0.604785052703564,112,1247.69641113281,44,14,14,14,10,1440,17,61,36,20,18.0262241363525,0,-49,19,947,114
34.6859866191345,0.604785052703564,108,1182.80004882812,45,14,14,14,10,1443,16,63,35,20,18.0503330230713,1,-21,16,1304,114
34.7172366190845,0.604785052703564,107,1179.79992675781,44,14,14,14,10,1466,16,58,36,20,18.110746383667,2,0,16,1936,112
34.7484866190345,0.604785052703564,149,1263.75659179688,42,14,14,14,10,1494,16,58,38,20,18.1792087554932,4,-54,18,1623,108
34.7755699523245,0.604785052703564,157,1354.39147949219,39,14,14,14,10,1529,22,56,40,20,18.2468757629395,10,-171,17,1490,91
34.7818199523145,0.604785052703564,153,1458.95935058594,42,15,15,15,10,1646,18,58,37,21,18.2847652435303,11,413,10,97,85
34.4609866194947,0.602701719373564,159,1219.49975585938,37,14,14,14,10,1317,9,56,45,17,17.4435062408447,4,-43,14,2194,104
34.4984866194346,0.602701719373564,148,1260.56701660156,39,14,14,14,10,1373,13,56,43,17,17.5126972198486,7,50,28,1396,101
34.6380699525446,0.602701719373564,114,1510.81567382812,45,14,14,14,10,1462,16,59,37,18,17.8915042877197,2,-90,21,401,108
34.6609866191746,0.602701719373564,99,1530.88806152344,45,13,13,13,10,1473,17,56,37,19,17.9657497406006,2,5,55,281,114
34.6714032858246,0.602701719373564,125,1393.23657226562,45,13,13,13,10,1462,16,56,36,19,17.9964733123779,3,32,12,482,113
34.6818199524745,0.602701719373564,121,1247.69641113281,44,14,14,14,10,1440,17,61,36,20,18.0262241363525,0,-49,19,947,114
34.6880699524645,0.602701719373564,115,1182.80004882812,45,14,14,14,10,1443,16,63,35,20,18.0503330230713,1,-21,16,1304,114
34.7193199524145,0.602701719373564,105,1209.06579589844,45,14,14,14,10,1483,16,59,34,20,18.1256046295166,2,51,19,1712,111
34.7318199523945,0.602701719373564,151,1229.90319824219,44,14,14,14,10,1486,17,58,36,20,18.1416912078857,3,31,27,1628,110
34.7339032857245,0.602701719373564,154,1229.90319824219,44,14,14,14,10,1486,17,58,36,20,18.1416912078857,3,31,27,1628,110
34.7589032856845,0.602701719373564,140,1276.51123046875,41,14,14,14,10,1520,16,59,39,20,18.1979904174805,1,44,10,1493,107
34.4318199528747,0.600618386043564,152,1296.634765625,37,14,14,14,10,1288,9,57,46,18,17.3285388946533,3,-29,10,2321,112
34.4443199528547,0.600618386043564,154,1224.59008789062,37,14,14,14,10,1307,8,58,45,17,17.3792667388916,2,50,8,2211,113
34.4943199527746,0.600618386043564,144,1219.72534179688,37,14,14,14,10,1349,11,56,45,18,17.5062522888184,3,-41,8,1620,100
34.5214032860646,0.600618386043564,175,1383.50817871094,39,14,14,14,10,1464,15,56,43,17,17.5329303741455,6,151,11,455,96
34.5234866193946,0.600618386043564,173,1383.50817871094,39,14,14,14,10,1464,15,56,43,17,17.5329303741455,6,151,11,455,96
34.7068199524345,0.600618386043564,101,1217.85546875,45,14,14,14,10,1461,16,57,35,20,18.074613571167,3,16,18,1830,115
34.4026532862547,0.598535052713564,157,1355.1591796875,35,14,14,14,10,1292,10,58,48,17,17.2461071014404,2,27,8,2188,117
34.5380699527046,0.598535052713564,148,1524.474609375,38,14,14,14,10,1465,15,56,43,20,17.5668392181396,4,45,5,509,100
34.5568199526746,0.598535052713564,141,1479.11096191406,43,14,14,14,10,1451,18,56,37,20,17.6163673400879,3,40,12,1048,107
34.5630699526646,0.598535052713564,132,1403.55944824219,44,14,14,14,10,1425,19,57,36,20,17.6489238739014,1,-87,39,1424,105
34.5672366193246,0.598535052713564,125,1403.55944824219,44,14,14,14,10,1425,19,57,36,20,17.6489238739014,1,-87,39,1424,105
34.5922366192846,0.598535052713564,116,1298.900390625,43,14,14,14,10,1433,18,56,38,19,17.7292671203613,5,-99,14,1195,103
34.7255699524045,0.598535052713564,146,1257.29077148438,44,14,14,14,10,1486,16,57,36,20,18.110897064209,4,5,43,1700,110
34.7276532857345,0.598535052713564,147,1290.4736328125,42,14,14,14,10,1505,14,59,38,21,18.1254692077637,1,84,13,1434,113
34.7839032856445,0.598535052713564,168,1290.13623046875,40,14,14,14,10,1505,15,57,39,21,18.2572612762451,4,-138,15,1774,89
34.3943199529347,0.596451719383564,167,1335.11743164062,36,14,14,14,10,1281,10,58,47,17,17.2211017608643,2,-2,11,2305,115
34.5068199527546,0.596451719383564,158,1213.38342285156,40,14,14,14,10,1354,16,55,42,18,17.5259037017822,4,-140,17,1673,98
34.5318199527146,0.596451719383564,129,1466.91979980469,38,14,14,14,10,1452,15,55,44,18,17.550012588501,3,15,13,530,99
34.5359866193746,0.596451719383564,151,1524.474609375,38,14,14,14,10,1465,15,56,43,20,17.5668392181396,4,45,5,509,100
34.5714032859846,0.596451719383564,125,1327.99841308594,43,14,14,14,10,1441,18,57,37,20,17.6791496276855,2,9,4,1195,105
34.5839032859646,0.596451719383564,129,1286.32409667969,43,14,14,14,10,1422,18,56,37,20,17.7080135345459,1,-101,17,1320,104
34.5943199526146,0.596451719383564,119,1366.46179199219,43,14,14,14,10,1464,16,56,38,19,17.7465591430664,4,7,15,861,102
34.6234866192346,0.596451719383564,116,1692.02160644531,45,14,14,14,10,1515,17,55,37,19,17.8114814758301,3,127,12,-39,108
34.6401532858746,0.596451719383564,103,1530.31115722656,44,14,14,14,10,1456,16,59,38,18,17.8776473999023,3,-120,16,460,108
34.6672366191646,0.596451719383564,145,1500.9072265625,46,14,14,14,10,1464,17,58,36,18,17.9545745849609,3,13,12,525,112
34.7089032857645,0.596451719383564,110,1217.85546875,45,14,14,14,10,1461,16,57,35,20,18.074613571167,3,16,18,1830,115
34.7339032857245,0.596451719383564,155,1290.4736328125,42,14,14,14,10,1505,14,59,38,21,18.1254692077637,1,84,13,1434,113
34.7755699523245,0.596451719383564,148,1260.83581542969,39,14,14,14,10,1489,13,60,40,20,18.2337589263916,2,-133,19,1844,98
34.7818199523145,0.596451719383564,141,1290.13623046875,40,14,14,14,10,1505,15,57,39,21,18.2572612762451,4,-138,15,1774,89
34.7943199522945,0.596451719383564,165,1219.72875976562,46,14,14,14,10,1507,19,56,33,21,18.2921752929688,12,24,28,1918,98
34.3922366196047,0.594368386053564,173,1295.89367675781,38,14,14,14,10,1269,10,59,44,18,17.1984996795654,1,-13,18,2401,115
34.4109866195747,0.594368386053564,159,1352.06604003906,36,14,14,14,10,1284,11,58,47,18,17.2735176086426,2,-43,13,2291,114
34.4943199527746,0.594368386053564,140,1219.72534179688,37,14,14,14,10,1349,11,56,45,18,17.5062522888184,3,-41,8,1620,100
34.5255699527246,0.594368386053564,158,1383.50817871094,39,14,14,14,10,1464,15,56,43,17,17.5329303741455,6,151,11,455,96
34.5297366193846,0.594368386053564,126,1466.91979980469,38,14,14,14,10,1452,15,55,44,18,17.550012588501,3,15,13,530,99
34.5609866193346,0.594368386053564,118,1403.55944824219,44,14,14,14,10,1425,19,57,36,20,17.6489238739014,1,-87,39,1424,105
34.6693199524946,0.594368386053564,128,1345.25158691406,47,13,13,13,10,1451,16,58,34,19,17.9865455627441,2,-13,20,742,114
34.6797366191445,0.594368386053564,128,1217.30090332031,46,14,14,14,10,1439,16,60,33,21,18.014741897583,1,-36,10,1092,114
34.6818199524745,0.594368386053564,122,1217.30090332031,46,14,14,14,10,1439,16,60,33,21,18.014741897583,1,-36,10,1092,114
34.7255699524045,0.594368386053564,147,1257.29077148438,44,14,14,14,10,1486,16,57,36,20,18.110897064209,4,5,43,1700,110
34.7276532857345,0.594368386053564,148,1290.4736328125,42,14,14,14,10,1505,14,59,38,21,18.1254692077637,1,84,13,1434,113
34.4339032862047,0.592285052723564,152,1253.03100585938,38,14,14,14,10,1280,11,56,44,18,17.3114891052246,3,-53,20,2401,110
34.4964032861046,0.592285052723564,147,1172.64416503906,39,14,14,14,10,1325,14,56,44,17,17.496976852417,3,-71,13,1875,101
34.5318199527146,0.592285052723564,129,1358.37048339844,41,14,14,14,10,1410,15,55,41,19,17.5489597320557,7,-130,16,909,98
34.5443199526946,0.592285052723564,131,1450.71594238281,40,14,14,14,10,1430,16,56,41,20,17.5841484069824,2,-70,17,874,104
34.5818199526346,0.592285052723564,117,1298.12683105469,44,14,14,14,10,1427,17,56,36,20,17.6891860961914,4,-63,47,1085,105
34.6339032858846,0.592285052723564,113,1636.88391113281,45,14,14,14,10,1492,19,58,36,19,17.826868057251,3,70,16,88,109
34.6380699525446,0.592285052723564,113,1533.54406738281,44,14,14,14,10,1467,18,57,36,19,17.862398147583,4,-15,12,349,106
34.6755699524846,0.592285052723564,166,1308.08959960938,49,14,14,14,10,1439,20,59,31,20,17.9759845733643,1,-52,16,1042,114
34.6776532858146,0.592285052723564,170,1197.88708496094,48,14,14,14,10,1435,20,60,31,21,18.0029602050781,1,-40,32,1266,113
34.7901532856345,0.592285052723564,238,1142.96325683594,42,14,14,14,10,1483,24,58,36,22,18.2725353240967,4,-36,19,1942,94
34.3755699529647,0.590201719393564,204,1391.97778320312,44,14,14,14,10,1275,13,55,38,18,17.1120567321777,1,75,28,2259,116
34.3901532862747,0.590201719393564,184,1343.08508300781,38,14,14,14,10,1268,11,58,43,18,17.1736278533936,2,-25,12,2348,117
34.4234866195547,0.590201719393564,163,1301.84008789062,38,14,14,14,10,1292,11,57,44,18,17.2805976867676,2,53,12,2188,118
34.4318199528747,0.590201719393564,168,1253.03100585938,38,14,14,14,10,1280,11,56,44,18,17.3114891052246,3,-53,20,2401,110
34.4359866195347,0.590201719393564,160,1211.48217773438,37,14,14,14,10,1295,12,56,44,19,17.3376998901367,2,48,12,2194,115
34.4651532861547,0.590201719393564,152,1207.71728515625,39,14,14,14,10,1316,10,57,44,17,17.4063472747803,2,35,11,2047,111
34.5047366194246,0.590201719393564,182,1175.12451171875,41,14,14,14,10,1355,14,55,41,19,17.5131340026855,5,-28,17,1688,100
34.5547366193446,0.590201719393564,120,1455.37219238281,38,14,14,14,10,1448,16,58,43,20,17.6033840179443,0,36,14,817,109
34.5859866192946,0.590201719393564,126,1345.66528320312,45,14,14,14,10,1459,15,55,36,19,17.7078628540039,2,35,13,682,105
34.6005699526046,0.590201719393564,114,1437.0947265625,44,14,14,14,10,1484,17,56,37,19,17.7257442474365,2,87,22,346,105
34.6359866192146,0.590201719393564,110,1533.54406738281,44,14,14,14,10,1467,18,57,36,19,17.862398147583,4,-15,12,349,106
34.6568199525146,0.590201719393564,125,1543.72302246094,46,13,13,13,10,1482,17,56,35,19,17.9116458892822,1,74,10,396,116
34.6630699525046,0.590201719393564,143,1474.76806640625,48,13,13,13,10,1456,19,58,32,19,17.9429969787598,3,-1,24,699,112
34.7318199523945,0.590201719393564,144,1319.75720214844,44,14,14,14,10,1498,15,58,36,20,18.1164569854736,2,36,14,1475,114
34.3714032863047,0.588118386063564,206,1391.97778320312,44,14,14,14,10,1275,13,55,38,18,17.1120567321777,1,75,28,2259,116
34.3734866196347,0.588118386063564,205,1391.97778320312,44,14,14,14,10,1275,13,55,38,18,17.1120567321777,1,75,28,2259,116
34.3839032862847,0.588118386063564,175,1353.07104492188,43,14,14,14,10,1276,10,57,39,18,17.1442127227783,2,59,16,2223,120
34.4234866195547,0.588118386063564,167,1301.84008789062,38,14,14,14,10,1292,11,57,44,18,17.2805976867676,2,53,12,2188,118
34.4505699528447,0.588118386063564,186,1185.96618652344,39,14,14,14,10,1284,11,57,43,18,17.3651657104492,2,-35,13,2274,109
34.4714032861446,0.588118386063564,125,1222.94091796875,39,14,14,14,10,1326,10,58,43,17,17.4272041320801,2,51,13,1914,111
34.5547366193446,0.588118386063564,119,1455.37219238281,38,14,14,14,10,1448,16,58,43,20,17.6033840179443,0,36,14,817,109
34.5964032859446,0.588118386063564,119,1437.0947265625,44,14,14,14,10,1484,17,56,37,19,17.7257442474365,2,87,22,346,105
34.6505699525246,0.588118386063564,118,1508.96264648438,45,14,14,14,10,1461,15,56,37,19,17.8904514312744,4,-86,18,522,111
34.6526532858546,0.588118386063564,121,1543.72302246094,46,13,13,13,10,1482,17,56,35,19,17.9116458892822,1,74,10,396,116
34.6589032858446,0.588118386063564,160,1543.72302246094,46,13,13,13,10,1482,17,56,35,19,17.9116458892822,1,74,10,396,116
34.6776532858146,0.588118386063564,161,1197.88708496094,48,14,14,14,10,1435,20,60,31,21,18.0029602050781,1,-40,32,1266,113
34.6964032857845,0.588118386063564,112,1233.79235839844,45,14,14,14,10,1468,14,57,35,20,18.0407943725586,2,55,13,1417,114
34.7922366189645,0.588118386063564,174,1142.96325683594,42,14,14,14,10,1483,24,58,36,22,18.2725353240967,4,-36,19,1942,94
34.4255699528847,0.586035052733564,164,1301.84008789062,38,14,14,14,10,1292,11,57,44,18,17.2805976867676,2,53,12,2188,118
34.4401532861947,0.586035052733564,160,1211.48217773438,37,14,14,14,10,1295,12,56,44,19,17.3376998901367,2,48,12,2194,115
34.4984866194346,0.586035052733564,152,1172.64416503906,39,14,14,14,10,1325,14,56,44,17,17.496976852417,3,-71,13,1875,101
34.5693199526546,0.586035052733564,119,1325.21008300781,43,14,14,14,10,1414,17,58,37,20,17.6652717590332,1,-106,12,1158,105
34.5755699526446,0.586035052733564,115,1325.21008300781,43,14,14,14,10,1414,17,58,37,20,17.6652717590332,1,-106,12,1158,105
34.5797366193046,0.586035052733564,120,1298.12683105469,44,14,14,14,10,1427,17,56,36,20,17.6891860961914,4,-63,47,1085,105
34.5964032859446,0.586035052733564,124,1437.0947265625,44,14,14,14,10,1484,17,56,37,19,17.7257442474365,2,87,22,346,105
34.6151532859146,0.586035052733564,101,1606.17114257812,43,14,14,14,10,1497,15,56,39,19,17.7735900878906,4,52,12,107,106
34.7297366190645,0.586035052733564,129,1319.75720214844,44,14,14,14,10,1498,15,58,36,20,18.1164569854736,2,36,14,1475,114
34.7484866190345,0.586035052733564,134,1434.95581054688,43,14,14,14,10,1521,13,58,37,20,18.1542072296143,1,60,15,1387,114
34.7943199522945,0.586035052733564,157,1108.18395996094,46,14,14,14,10,1496,18,58,33,21,18.291410446167,9,-22,26,1738,97
34.4109866195747,0.583951719403564,178,1276.55749511719,38,14,14,14,10,1284,12,58,42,19,17.236156463623,2,43,15,2226,114
34.4297366195447,0.583951719403564,172,1199.73205566406,38,14,14,14,10,1278,13,57,43,19,17.2952575683594,2,-13,18,2304,111
34.4505699528447,0.583951719403564,190,1152.57312011719,41,14,14,14,10,1280,11,57,41,19,17.3486557006836,1,-35,16,2306,108
34.5609866193346,0.583951719403564,121,1413.97973632812,38,14,14,14,10,1439,15,57,42,20,17.6146411895752,3,52,20,594,113
34.6651532858346,0.583951719403564,141,1476.10864257812,47,14,14,14,10,1455,17,56,34,19,17.9295024871826,3,-3,20,844,112
34.7005699524445,0.583951719403564,121,1266.87145996094,47,14,14,14,10,1455,15,57,32,21,18.026876449585,2,-34,42,1620,115
34.7214032857445,0.583951719403564,132,1316.60437011719,45,14,14,14,10,1478,17,58,35,20,18.0886878967285,1,-20,17,1648,116
34.7276532857345,0.583951719403564,117,1339.88293457031,45,14,14,14,10,1481,16,58,35,20,18.1078090667725,1,-58,15,1696,113
34.7568199523545,0.583951719403564,140,1461.34826660156,44,14,14,14,10,1509,15,57,36,20,18.1647777557373,4,84,14,1571,110
34.7839032856445,0.583951719403564,147,1106.53552246094,43,14,14,14,10,1460,15,58,36,22,18.2482604980469,2,-24,13,2274,97
34.7922366189645,0.583951719403564,166,1071.53588867188,44,14,14,14,10,1454,17,58,35,22,18.2693748474121,2,-90,15,2344,96
34.3776532862947,0.581868386073564,175,1390.07763671875,41,14,14,14,10,1260,13,57,40,19,17.1223430633545,0,-41,28,2313,117
34.3839032862847,0.581868386073564,210,1390.07763671875,41,14,14,14,10,1260,13,57,40,19,17.1223430633545,0,-41,28,2313,117
34.4380699528647,0.581868386073564,166,1167.39501953125,40,14,14,14,10,1276,12,58,40,20,17.3225555419922,2,-11,14,2295,110
34.4401532861947,0.581868386073564,161,1167.39501953125,40,14,14,14,10,1276,12,58,40,20,17.3225555419922,2,-11,14,2295,110
34.4880699527846,0.581868386073564,150,1146.83630371094,38,14,14,14,10,1318,13,58,44,18,17.4625759124756,3,-6,12,1882,104
34.4943199527746,0.581868386073564,145,1133.38293457031,38,14,14,14,10,1316,15,56,44,18,17.4850120544434,2,-70,13,1966,101
34.5568199526746,0.581868386073564,118,1440.68310546875,39,14,14,14,10,1443,17,56,41,20,17.5891418457031,1,39,13,615,108
34.6214032859046,0.581868386073564,108,1597.16809082031,44,14,14,14,10,1486,18,56,37,19,17.7897872924805,3,-8,11,199,106
34.6505699525246,0.581868386073564,128,1502.8408203125,47,14,14,14,10,1467,15,56,34,19,17.8761539459229,2,-31,19,536,111
34.6609866191746,0.581868386073564,118,1476.10864257812,47,14,14,14,10,1455,17,56,34,19,17.9295024871826,3,-3,20,844,112
34.6693199524946,0.581868386073564,122,1304.32055664062,48,14,14,14,10,1437,18,58,32,20,17.9630527496338,0,-55,34,1200,114
34.3776532862947,0.579785052743564,178,1390.07763671875,41,14,14,14,10,1260,13,57,40,19,17.1223430633545,0,-41,28,2313,117
34.3818199529547,0.579785052743564,189,1390.07763671875,41,14,14,14,10,1260,13,57,40,19,17.1223430633545,0,-41,28,2313,117
34.3839032862847,0.579785052743564,199,1390.07763671875,41,14,14,14,10,1260,13,57,40,19,17.1223430633545,0,-41,28,2313,117
34.3984866195947,0.579785052743564,172,1343.54345703125,38,14,14,14,10,1278,11,59,42,19,17.1783123016357,2,43,16,2190,117
34.4255699528847,0.579785052743564,176,1241.90539550781,38,14,14,14,10,1279,11,58,43,19,17.2655258178711,3,20,17,2213,112
34.5568199526746,0.579785052743564,113,1440.68310546875,39,14,14,14,10,1443,17,56,41,20,17.5891418457031,1,39,13,615,108
34.5630699526646,0.579785052743564,134,1413.97973632812,38,14,14,14,10,1439,15,57,42,20,17.6146411895752,3,52,20,594,113
34.5651532859946,0.579785052743564,133,1413.97973632812,38,14,14,14,10,1439,15,57,42,20,17.6146411895752,3,52,20,594,113
34.6297366192246,0.579785052743564,104,1588.88146972656,45,14,14,14,10,1487,18,58,38,18,17.8156185150146,3,81,15,46,109
34.6568199525146,0.579785052743564,116,1549.08386230469,47,13,13,13,10,1479,15,57,34,19,17.8976287841797,1,71,4,495,121
34.7443199523745,0.579785052743564,134,1472.884765625,44,14,14,14,10,1517,13,57,37,20,18.1425704956055,2,74,12,1462,112
34.7505699523645,0.579785052743564,160,1472.884765625,44,14,14,14,10,1517,13,57,37,20,18.1425704956055,2,74,12,1462,112
34.7755699523245,0.579785052743564,159,1193.57348632812,43,14,14,14,10,1464,16,58,36,21,18.2244834899902,2,-57,14,2094,102
34.4922366194446,0.577701719413564,156,1146.83630371094,38,14,14,14,10,1318,13,58,44,18,17.4625759124756,3,-6,12,1882,104
34.4964032861046,0.577701719413564,153,1133.38293457031,38,14,14,14,10,1316,15,56,44,18,17.4850120544434,2,-70,13,1966,101
34.5130699527446,0.577701719413564,142,1173.66467285156,39,14,14,14,10,1353,13,56,44,18,17.5172939300537,5,-41,11,1498,100
34.5401532860346,0.577701719413564,109,1368.77600097656,42,14,14,14,10,1436,18,56,39,19,17.5485744476318,2,92,11,675,108
34.5547366193446,0.577701719413564,110,1440.68310546875,39,14,14,14,10,1443,17,56,41,20,17.5891418457031,1,39,13,615,108
34.5922366192846,0.577701719413564,135,1374.17651367188,45,14,14,14,10,1454,16,56,36,19,17.6922264099121,2,25,15,506,109
34.6505699525246,0.577701719413564,119,1502.8408203125,47,14,14,14,10,1467,15,56,34,19,17.8761539459229,2,-31,19,536,111
34.6943199524545,0.577701719413564,175,1266.87145996094,47,14,14,14,10,1455,15,57,32,21,18.026876449585,2,-34,42,1620,115
34.7089032857645,0.577701719413564,142,1310.44604492188,47,14,14,14,10,1466,17,57,32,21,18.0458755493164,3,-42,28,1690,114
34.7880699523045,0.577701719413564,136,1071.53588867188,44,14,14,14,10,1454,17,58,35,22,18.2693748474121,2,-90,15,2344,96
34.3797366196247,0.575618386083564,187,1381.14990234375,41,14,14,14,10,1261,12,56,40,19,17.0991859436035,2,-33,16,2234,117
34.4026532862547,0.575618386083564,178,1250.21508789062,39,14,14,14,10,1270,12,59,42,19,17.1911907196045,2,14,20,2159,116
34.4047366195847,0.575618386083564,176,1250.21508789062,39,14,14,14,10,1270,12,59,42,19,17.1911907196045,2,14,20,2159,116
34.4589032861647,0.575618386083564,154,1154.42333984375,40,14,14,14,10,1288,15,56,40,20,17.3518257141113,2,-11,16,2064,111
34.4797366194646,0.575618386083564,151,1126.03112792969,42,14,14,14,10,1297,15,57,39,19,17.4239540100098,2,-49,15,2038,108
34.4964032861046,0.575618386083564,155,1121.78405761719,42,14,14,14,10,1313,16,56,40,19,17.4670333862305,2,-66,13,1836,105
34.5109866194146,0.575618386083564,140,1166.94299316406,41,14,14,14,10,1347,13,56,42,18,17.5012683868408,3,-73,11,1588,101
34.5234866193946,0.575618386083564,118,1232.40307617188,40,14,14,14,10,1381,17,54,42,18,17.5092372894287,5,-1,12,1210,99
34.6776532858146,0.575618386083564,146,1218.38562011719,48,14,14,14,10,1432,18,57,30,21,17.9768447875977,3,-60,63,1569,113
34.7297366190645,0.575618386083564,108,1357.24426269531,45,14,14,14,10,1493,15,57,34,21,18.0963821411133,2,44,15,1652,111
34.3755699529647,0.573535052753564,169,1415.04187011719,41,14,14,14,10,1261,12,56,41,18,17.068733215332,2,-8,13,2138,115
34.4443199528547,0.573535052753564,141,1160.81359863281,42,14,14,14,10,1273,14,58,39,19,17.3264942169189,2,-67,16,2214,109
34.5526532860146,0.573535052753564,111,1436.384765625,40,14,14,14,10,1445,14,56,41,20,17.5744743347168,1,88,26,552,109
34.5630699526646,0.573535052753564,130,1416.99865722656,37,14,14,14,10,1432,14,56,43,20,17.6006946563721,4,43,2,588,108
34.6443199525346,0.573535052753564,121,1506.50036621094,47,14,14,14,10,1464,14,56,34,19,17.8602046966553,3,-38,17,610,109
34.7193199524145,0.573535052753564,116,1338.15258789062,44,14,14,14,10,1473,15,56,34,21,18.0785999298096,3,-54,28,1796,114
34.7568199523545,0.573535052753564,137,1445.44396972656,44,14,14,14,10,1505,15,58,36,20,18.1581439971924,2,73,11,1674,110
34.7693199523345,0.573535052753564,162,1166.87976074219,43,15,15,15,10,1457,16,58,36,21,18.2172183990479,4,-16,13,2326,102
34.3984866195947,0.571451719423564,183,1301.68518066406,38,14,14,14,10,1261,12,59,43,19,17.1607227325439,2,-11,12,2172,116
34.4318199528747,0.571451719423564,171,1193.54943847656,40,14,14,14,10,1262,13,58,40,20,17.2737407684326,2,-79,16,2303,109
34.4797366194646,0.571451719423564,156,1126.03112792969,42,14,14,14,10,1297,15,57,39,19,17.4239540100098,2,-49,15,2038,108
34.5505699526846,0.571451719423564,109,1388.94592285156,44,14,14,14,10,1418,14,55,37,19,17.558032989502,4,-60,24,898,106
34.5526532860146,0.571451719423564,105,1436.384765625,40,14,14,14,10,1445,14,56,41,20,17.5744743347168,1,88,26,552,109
34.5839032859646,0.571451719423564,110,1333.87268066406,46,14,14,14,10,1438,18,56,36,19,17.6565761566162,2,41,22,602,109
34.7276532857345,0.571451719423564,122,1357.24426269531,45,14,14,14,10,1493,15,57,34,21,18.0963821411133,2,44,15,1652,111
34.7609866190145,0.571451719423564,140,1315.88269042969,43,14,14,14,10,1487,18,60,36,21,18.1870651245117,3,75,10,1930,105
34.7651532856745,0.571451719423564,167,1315.88269042969,43,14,14,14,10,1487,18,60,36,21,18.1870651245117,3,75,10,1930,105
34.4651532861547,0.569368386093564,164,1149.02465820312,42,14,14,14,10,1297,14,56,39,20,17.3758296966553,2,16,16,1929,112
34.4714032861446,0.569368386093564,162,1136.86657714844,42,14,14,14,10,1289,16,58,39,19,17.401517868042,2,-56,13,2024,106
34.4734866194746,0.569368386093564,156,1136.86657714844,42,14,14,14,10,1289,16,58,39,19,17.401517868042,2,-56,13,2024,106
34.4839032861246,0.569368386093564,167,1126.03112792969,42,14,14,14,10,1297,15,57,39,19,17.4239540100098,2,-49,15,2038,108
34.5068199527546,0.569368386093564,159,1132.67504882812,41,14,14,14,10,1323,12,57,41,18,17.4863872528076,2,-76,9,1717,103
34.5255699527246,0.569368386093564,126,1232.40307617188,40,14,14,14,10,1381,17,54,42,18,17.5092372894287,5,-1,12,1210,99
34.6026532859346,0.569368386093564,110,1424.42565917969,45,14,14,14,10,1447,16,56,36,19,17.7328872680664,3,-51,16,497,104
34.6380699525446,0.569368386093564,106,1458.20776367188,46,14,14,14,10,1446,17,57,35,19,17.8387432098389,2,-74,16,560,108
34.6589032858446,0.569368386093564,173,1577.70361328125,45,14,14,14,10,1482,13,58,36,19,17.8811912536621,2,83,3,556,116
34.7672366190045,0.569368386093564,158,1315.88269042969,43,14,14,14,10,1487,18,60,36,21,18.1870651245117,3,75,10,1930,105
34.4422366195247,0.567285052763564,154,1223.75048828125,43,14,14,14,10,1292,14,55,38,19,17.2690925598145,3,41,18,1910,115
34.4755699528046,0.567285052763564,154,1140.90869140625,44,14,14,14,10,1289,16,56,36,20,17.3801383972168,2,-48,35,1937,108
34.5026532860946,0.567285052763564,161,1167.29992675781,44,14,14,14,10,1336,13,55,38,18,17.460880279541,3,-15,13,1515,105
34.5130699527446,0.567285052763564,147,1204.64953613281,42,14,14,14,10,1346,15,55,39,18,17.4762744903564,3,-69,22,1449,102
34.5401532860346,0.567285052763564,108,1327.15893554688,41,14,14,14,10,1396,16,56,39,19,17.5264911651611,1,-50,12,827,105
34.5526532860146,0.567285052763564,121,1435.9375,39,14,14,14,40,1433,14,56,42,20,17.5621604919434,1,58,12,572,109
34.4026532862547,0.565201719433564,162,1214.19592285156,38,14,14,14,10,1249,12,60,43,19,17.1719379425049,2,-69,13,2191,111
34.4401532861947,0.565201719433564,161,1223.75048828125,43,14,14,14,10,1292,14,55,38,19,17.2690925598145,3,41,18,1910,115
34.4734866194746,0.565201719433564,157,1140.90869140625,44,14,14,14,10,1289,16,56,36,20,17.3801383972168,2,-48,35,1937,108
34.4797366194646,0.565201719433564,159,1126.31726074219,43,14,14,14,10,1301,16,57,37,20,17.403434753418,2,-37,16,1814,109
34.5922366192846,0.565201719433564,106,1337.83959960938,44,14,14,14,10,1424,17,57,37,19,17.6700000762939,2,-67,16,763,108
34.6172366192446,0.565201719433564,111,1461.4228515625,45,14,14,14,10,1451,17,57,37,19,17.7425804138184,2,-37,39,580,109
34.6234866192346,0.565201719433564,108,1478.46240234375,46,14,14,14,10,1471,18,57,35,19,17.7664852142334,2,59,13,371,112
34.6276532858946,0.565201719433564,111,1433.41564941406,46,14,14,14,10,1461,17,56,34,19,17.7971000671387,4,30,15,396,107
34.4026532862547,0.563118386103564,158,1214.19592285156,38,14,14,14,10,1249,12,60,43,19,17.1719379425049,2,-69,13,2191,111
34.4151532862347,0.563118386103564,185,1220.05004882812,39,14,14,14,10,1264,13,57,42,19,17.1943340301514,3,-29,14,2057,112
34.4464032861847,0.563118386103564,147,1212.07641601562,44,14,14,14,10,1290,13,56,37,19,17.2959938049316,3,19,10,1918,112
34.4818199527946,0.563118386103564,150,1126.31726074219,43,14,14,14,10,1301,16,57,37,20,17.403434753418,2,-37,16,1814,109
34.5609866193346,0.563118386103564,164,1413.22607421875,36,14,14,14,190,1422,13,57,43,20,17.5888671875,3,8,10,690,107
34.6068199525946,0.563118386103564,114,1417.4658203125,43,14,14,14,10,1436,16,57,39,18,17.718957901001,1,-90,15,748,108
34.6130699525846,0.563118386103564,120,1461.4228515625,45,14,14,14,10,1451,17,57,37,19,17.7425804138184,2,-37,39,580,109
34.6214032859046,0.563118386103564,107,1478.46240234375,46,14,14,14,10,1471,18,57,35,19,17.7664852142334,2,59,13,371,112
34.6547366191846,0.563118386103564,137,1617.49353027344,46,14,14,14,10,1487,14,56,34,20,17.8644371032715,3,100,18,538,120
34.7276532857345,0.563118386103564,116,1361.3662109375,45,14,14,14,10,1475,18,57,34,21,18.0903568267822,3,-14,19,1787,109
34.3839032862847,0.561035052773564,159,1361.84838867188,40,14,14,14,10,1263,13,56,42,19,17.0755462646484,1,2,19,2045,118
34.4005699529247,0.561035052773564,182,1254.6875,38,14,14,14,10,1249,13,58,43,19,17.1437854766846,1,-61,25,2165,113
34.4026532862547,0.561035052773564,163,1214.19592285156,38,14,14,14,10,1249,12,60,43,19,17.1719379425049,2,-69,13,2191,111
34.4380699528647,0.561035052773564,154,1223.75048828125,43,14,14,14,10,1292,14,55,38,19,17.2690925598145,3,41,18,1910,115
34.5047366194246,0.561035052773564,148,1167.29992675781,44,14,14,14,10,1336,13,55,38,18,17.460880279541,3,-15,13,1515,105
34.5068199527546,0.561035052773564,148,1167.29992675781,44,14,14,14,10,1336,13,55,38,18,17.460880279541,3,-15,13,1515,105
34.5172366194046,0.561035052773564,142,1204.64953613281,42,14,14,14,10,1346,15,55,39,18,17.4762744903564,3,-69,22,1449,102
34.5651532859946,0.561035052773564,144,1413.22607421875,36,14,14,14,190,1422,13,57,43,20,17.5888671875,3,8,10,690,107
34.5839032859646,0.561035052773564,110,1330.38671875,48,14,14,14,10,1429,19,55,33,19,17.6426658630371,2,24,17,679,111
34.6276532858946,0.561035052773564,122,1433.41564941406,46,14,14,14,10,1461,17,56,34,19,17.7971000671387,4,30,15,396,107
34.6297366192246,0.561035052773564,123,1433.41564941406,46,14,14,14,10,1461,17,56,34,19,17.7971000671387,4,30,15,396,107
34.6797366191445,0.561035052773564,144,1247.60827636719,48,14,14,14,10,1429,20,57,30,21,17.9635620117188,1,-69,25,1668,112
34.6922366191245,0.561035052773564,185,1231.76904296875,48,14,14,14,10,1447,14,56,31,21,17.9845180511475,3,-21,16,1701,113
34.7068199524345,0.561035052773564,168,1389.07983398438,46,14,14,14,10,1484,15,58,33,21,18.0181674957275,0,63,19,1558,117
34.7380699523845,0.561035052773564,108,1426.537109375,45,14,14,14,10,1496,15,58,34,21,18.1067276000977,1,46,15,1702,109
34.3964032862647,0.558951719443564,160,1228.63024902344,37,14,14,14,10,1253,14,57,44,19,17.1212539672852,2,-41,19,2120,113
34.4068199529147,0.558951719443564,163,1207.57543945312,37,14,14,14,10,1262,12,57,45,18,17.1466045379639,2,8,13,1958,114
34.4318199528747,0.558951719443564,194,1243.14050292969,43,14,14,14,10,1294,13,55,37,20,17.2197551727295,2,59,14,1610,118
34.4609866194947,0.558951719443564,172,1226.44519042969,44,14,14,14,10,1306,15,56,36,20,17.3213634490967,3,19,15,1585,108
34.5005699527646,0.558951719443564,139,1187.18237304688,45,14,14,14,10,1332,15,56,36,19,17.4199504852295,2,-13,14,1442,106
34.5089032860846,0.558951719443564,147,1221.33227539062,46,14,14,14,10,1355,14,54,35,19,17.4347152709961,3,26,13,1225,105
34.5589032860046,0.558951719443564,155,1471.25183105469,38,14,14,14,40,1429,14,56,43,19,17.5466709136963,1,51,12,562,114
34.5693199526546,0.558951719443564,138,1357.08337402344,46,14,14,14,190,1416,16,55,34,19,17.6013088226318,4,-31,19,822,107
34.5859866192946,0.558951719443564,109,1338.71899414062,45,14,14,14,10,1429,17,56,36,19,17.6550960540771,3,-29,11,709,108
34.5984866192746,0.558951719443564,107,1400.9365234375,43,14,14,14,10,1452,16,56,38,19,17.6765956878662,2,50,12,556,109
34.6005699526046,0.558951719443564,111,1400.9365234375,43,14,14,14,10,1452,16,56,38,19,17.6765956878662,2,50,12,556,109
34.6380699525446,0.558951719443564,116,1400.51342773438,47,14,14,14,10,1447,17,56,35,19,17.8113899230957,3,-66,17,882,109
34.6484866191946,0.558951719443564,127,1543.36694335938,46,14,14,14,10,1467,15,55,34,19,17.8281021118164,3,-19,19,781,110
34.6505699525246,0.558951719443564,138,1543.36694335938,46,14,14,14,10,1467,15,55,34,19,17.8281021118164,3,-19,19,781,110
34.6651532858346,0.558951719443564,190,1617.72644042969,49,14,14,14,10,1475,16,56,31,20,17.8794136047363,3,63,26,939,111
34.7047366191045,0.558951719443564,156,1389.6591796875,46,14,14,14,10,1480,15,57,32,21,18.0080261230469,3,45,17,1685,111
34.4755699528046,0.556868386113564,169,1190.87231445312,43,14,14,14,10,1298,14,57,38,19,17.3515243530273,2,-59,12,1649,108
34.5984866192746,0.556868386113564,100,1400.9365234375,43,14,14,14,10,1452,16,56,38,19,17.6765956878662,2,50,12,556,109
34.6755699524846,0.556868386113564,126,1453.08776855469,49,14,14,14,10,1451,17,58,31,20,17.9161128997803,3,12,21,1328,111
34.6922366191245,0.556868386113564,163,1230.50512695312,47,14,14,14,10,1443,15,56,31,21,17.9744434356689,3,-23,23,1745,113
34.7276532857345,0.556868386113564,105,1372.43481445312,44,14,14,14,10,1462,15,57,34,22,18.0808143615723,3,-83,30,2099,111
34.3776532862947,0.554785052783564,143,1345.22668457031,35,14,14,14,10,1265,10,58,46,18,17.0514755249023,1,44,9,1866,115
34.3859866196147,0.554785052783564,151,1297.4443359375,35,14,14,14,10,1257,12,57,47,18,17.0852279663086,4,31,12,1852,116
34.3984866195947,0.554785052783564,153,1228.63024902344,37,14,14,14,10,1253,14,57,44,19,17.1212539672852,2,-41,19,2120,113
34.6526532858546,0.554785052783564,132,1653.97399902344,48,14,14,14,10,1493,17,55,33,20,17.8475818634033,2,86,15,710,114
34.6568199525146,0.554785052783564,150,1653.97399902344,48,14,14,14,10,1493,17,55,33,20,17.8475818634033,2,86,15,710,114
34.6672366191646,0.554785052783564,153,1617.72644042969,49,14,14,14,10,1475,16,56,31,20,17.8794136047363,3,63,26,939,111
34.7318199523945,0.554785052783564,106,1372.43481445312,44,14,14,14,10,1462,15,57,34,22,18.0808143615723,3,-83,30,2099,111
34.4547366195047,0.552701719453564,229,1247.41967773438,44,14,14,14,10,1309,16,56,37,20,17.2939071655273,3,51,15,1550,111
34.4651532861547,0.552701719453564,217,1226.44519042969,44,14,14,14,10,1306,15,56,36,20,17.3213634490967,3,19,15,1585,108
34.4859866194546,0.552701719453564,151,1164.19384765625,45,14,14,14,10,1313,15,55,36,19,17.4009799957275,3,-69,18,1575,107
34.6089032859246,0.552701719453564,115,1471.25378417969,44,14,14,14,10,1457,17,55,37,19,17.698938369751,2,40,25,591,111
34.6151532859146,0.552701719453564,117,1476.76123046875,45,14,14,14,10,1466,17,56,35,20,17.7253742218018,1,87,15,544,114
34.6505699525246,0.552701719453564,116,1543.36694335938,46,14,14,14,10,1467,15,55,34,19,17.8281021118164,3,-19,19,781,110
34.7526532856945,0.552701719453564,146,1268.81274414062,44,14,14,14,10,1471,17,58,35,21,18.1519050598145,3,7,12,2202,108
34.3984866195947,0.550618386123564,151,1227.66333007812,36,14,14,14,10,1252,12,57,45,19,17.0948429107666,3,-26,10,1953,113
34.4214032862247,0.550618386123564,142,1236.14111328125,38,14,14,14,10,1267,13,57,43,19,17.1750259399414,1,-76,15,1660,111
34.4297366195447,0.550618386123564,176,1239.51147460938,40,14,14,14,10,1272,14,56,41,20,17.200345993042,1,-85,14,1629,110
34.5214032860646,0.550618386123564,118,1302.94030761719,45,14,14,14,10,1388,19,55,37,19,17.4500579833984,3,11,17,845,103
34.5318199527146,0.550618386123564,132,1356.85034179688,43,14,14,14,10,1405,19,55,38,19,17.4660320281982,3,32,10,689,103
34.5401532860346,0.550618386123564,111,1450.80615234375,43,14,14,14,10,1402,17,55,39,19,17.4840888977051,4,-50,13,694,99
34.5672366193246,0.550618386123564,133,1442.70751953125,40,14,14,14,190,1394,13,58,40,20,17.5627288818359,2,-103,12,830,104
34.5797366193046,0.550618386123564,113,1329.93994140625,46,14,14,14,10,1422,18,56,35,19,17.6129398345947,4,39,20,628,108
34.6339032858846,0.550618386123564,114,1351.20373535156,47,14,14,14,10,1431,16,56,34,19,17.7737903594971,4,-92,19,1093,108
34.6401532858746,0.550618386123564,124,1433.15881347656,46,14,14,14,10,1453,18,55,35,19,17.7937660217285,2,-60,21,911,108
34.6609866191746,0.550618386123564,145,1627.99865722656,48,14,14,14,10,1474,15,56,32,20,17.8671474456787,3,57,19,972,111
34.6943199524545,0.550618386123564,130,1314.16296386719,45,14,14,14,10,1445,15,57,33,22,17.9801273345947,3,-46,24,2007,112
34.4318199528747,0.548535052793564,181,1239.51147460938,40,14,14,14,10,1272,14,56,41,20,17.200345993042,1,-85,14,1629,110
34.4359866195347,0.548535052793564,181,1242.56408691406,39,15,15,15,10,1282,15,56,42,19,17.2258396148682,3,-79,26,1579,110
34.4526532861747,0.548535052793564,200,1260.99572753906,44,14,14,14,10,1320,17,55,38,19,17.2711334228516,2,52,15,1233,111
34.4859866194546,0.548535052793564,184,1246.95129394531,46,14,14,14,10,1329,18,56,35,19,17.3705635070801,3,-22,18,1306,104
34.5151532860746,0.548535052793564,133,1283.35583496094,46,14,14,14,10,1365,17,56,36,18,17.4329986572266,1,-29,12,901,106
34.6214032859046,0.548535052793564,102,1379.14709472656,45,14,14,14,10,1431,17,56,35,19,17.7488269805908,1,-77,14,884,107
34.6734866191546,0.548535052793564,123,1471.64392089844,48,14,14,14,10,1456,16,57,32,20,17.9024639129639,2,31,36,1388,112
34.4089032862447,0.546451719463564,196,1227.98022460938,35,15,15,15,10,1250,10,57,46,19,17.1206455230713,1,-63,15,1851,113
34.4526532861747,0.546451719463564,221,1260.99572753906,44,14,14,14,10,1320,17,55,38,19,17.2711334228516,2,52,15,1233,111
34.5047366194246,0.546451719463564,125,1283.21704101562,47,14,14,14,10,1364,15,55,35,19,17.4113998413086,1,27,12,976,107
34.5776532859746,0.546451719463564,125,1329.93994140625,46,14,14,14,10,1422,18,56,35,19,17.6129398345947,4,39,20,628,108
34.5880699526246,0.546451719463564,123,1362.37145996094,46,14,14,14,10,1419,20,55,34,19,17.6383171081543,4,-82,29,855,106
34.6047366192646,0.546451719463564,104,1535.43103027344,45,14,14,14,10,1462,16,54,36,18,17.680492401123,1,70,13,592,108
34.6234866192346,0.546451719463564,113,1379.14709472656,45,14,14,14,10,1431,17,56,35,19,17.7488269805908,1,-77,14,884,107
34.6359866192146,0.546451719463564,109,1433.15881347656,46,14,14,14,10,1453,18,55,35,19,17.7937660217285,2,-60,21,911,108
34.6964032857845,0.546451719463564,162,1314.16296386719,45,14,14,14,10,1445,15,57,33,22,17.9801273345947,3,-46,24,2007,112
34.7026532857745,0.546451719463564,156,1384.45690917969,46,14,14,14,10,1474,14,56,33,21,17.9978351593018,1,44,16,1812,114
34.7109866190945,0.546451719463564,115,1385.546875,45,14,14,14,10,1469,15,56,34,20,18.0229454040527,5,20,20,1886,110
34.7297366190645,0.546451719463564,123,1383.3154296875,44,14,14,14,10,1478,14,57,35,21,18.0677433013916,2,49,22,2022,110
34.7380699523845,0.546451719463564,118,1374.39965820312,43,14,14,14,10,1489,17,57,36,21,18.0901317596436,3,120,16,1954,111
34.4734866194746,0.544368386133564,183,1244.86437988281,45,14,14,14,10,1322,17,55,37,18,17.320104598999,3,26,16,1374,108
34.5026532860946,0.544368386133564,122,1283.21704101562,47,14,14,14,10,1364,15,55,35,19,17.4113998413086,1,27,12,976,107
34.5651532859946,0.544368386133564,128,1442.70751953125,40,14,14,14,190,1394,13,58,40,20,17.5627288818359,2,-103,12,830,104
34.5734866193146,0.544368386133564,140,1354.80944824219,46,14,14,14,190,1424,19,56,35,19,17.5861225128174,3,36,11,730,106
34.5818199526346,0.544368386133564,119,1329.93994140625,46,14,14,14,10,1422,18,56,35,19,17.6129398345947,4,39,20,628,108
34.5943199526146,0.544368386133564,124,1464.71459960938,46,14,14,14,10,1441,18,54,35,19,17.6569690704346,6,-28,21,783,105
34.6130699525846,0.544368386133564,119,1475.61706542969,46,14,14,14,10,1448,17,54,35,19,17.7164707183838,5,-10,11,638,107
34.6318199525546,0.544368386133564,121,1351.20373535156,47,14,14,14,10,1431,16,56,34,19,17.7737903594971,4,-92,19,1093,108
34.6672366191646,0.544368386133564,133,1627.99865722656,48,14,14,14,10,1474,15,56,32,20,17.8671474456787,3,57,19,972,111
34.6901532857945,0.544368386133564,163,1245.26733398438,47,14,14,14,10,1429,17,56,32,21,17.9628047943115,2,-82,65,1971,114
34.7005699524445,0.544368386133564,191,1314.16296386719,45,14,14,14,10,1445,15,57,33,22,17.9801273345947,3,-46,24,2007,112
34.7130699524245,0.544368386133564,108,1385.546875,45,14,14,14,10,1469,15,56,34,20,18.0229454040527,5,20,20,1886,110
34.4297366195447,0.542285052803564,205,1267.44885253906,39,15,15,15,10,1296,14,56,42,19,17.1701259613037,4,69,11,1166,110
34.5276532860546,0.542285052803564,118,1425.39367675781,39,14,14,14,10,1415,16,56,43,18,17.4452114105225,4,26,7,443,100
34.5943199526146,0.542285052803564,121,1519.9755859375,47,14,14,14,10,1464,20,53,34,19,17.6379623413086,3,81,18,415,104
34.6193199525746,0.542285052803564,104,1351.86437988281,47,14,14,14,10,1436,16,54,34,19,17.7353572845459,4,-21,17,1010,106
34.6672366191646,0.542285052803564,125,1610.74304199219,48,14,14,14,10,1464,17,56,32,20,17.8594970703125,3,-14,17,1200,111
34.7255699524045,0.542285052803564,116,1365.865234375,45,14,14,14,10,1464,13,57,34,21,18.0366058349609,3,-15,16,2205,111
34.4276532862147,0.540201719473564,202,1267.44885253906,39,15,15,15,10,1296,14,56,42,19,17.1701259613037,4,69,11,1166,110
34.4505699528447,0.540201719473564,200,1274.10437011719,39,15,15,15,10,1290,14,56,42,19,17.2246417999268,1,-98,16,1318,108
34.4672366194847,0.540201719473564,182,1276.85437011719,45,14,14,14,10,1321,16,55,37,18,17.274471282959,4,-51,20,1079,107
34.5089032860846,0.540201719473564,120,1352.56176757812,45,14,14,14,10,1364,18,55,36,19,17.388729095459,3,28,15,768,107
34.5422366193646,0.540201719473564,149,1550.41967773438,43,14,14,14,10,1440,19,53,39,19,17.4578266143799,4,104,12,388,99
34.6005699526046,0.540201719473564,116,1519.9755859375,47,14,14,14,10,1464,20,53,34,19,17.6379623413086,3,81,18,415,104
34.6026532859346,0.540201719473564,124,1576.63854980469,46,14,14,14,10,1479,18,53,35,19,17.6626110076904,4,185,19,275,114
34.6589032858446,0.540201719473564,126,1679.71655273438,47,14,14,14,10,1473,16,54,32,20,17.8248081207275,4,14,14,986,111
34.7130699524245,0.540201719473564,104,1363.18530273438,45,14,14,14,10,1446,15,57,35,20,18.0151863098145,1,-74,12,2230,110
34.7214032857445,0.540201719473564,120,1365.865234375,45,14,14,14,10,1464,13,57,34,21,18.0366058349609,3,-15,16,2205,111
34.4214032862247,0.538118386143564,195,1254.72375488281,36,15,15,15,10,1282,13,55,45,19,17.1466407775879,3,6,15,1362,112
34.4318199528747,0.538118386143564,169,1267.44885253906,39,15,15,15,10,1296,14,56,42,19,17.1701259613037,4,69,11,1166,110
34.4422366195247,0.538118386143564,160,1275.14331054688,38,15,15,15,10,1300,13,55,43,19,17.1954517364502,5,30,16,1337,110
34.4505699528447,0.538118386143564,174,1274.10437011719,39,15,15,15,10,1290,14,56,42,19,17.2246417999268,1,-98,16,1318,108
34.4568199528347,0.538118386143564,209,1272.5517578125,43,14,14,14,10,1300,14,56,39,18,17.2506847381592,2,-96,17,1251,108
34.4630699528247,0.538118386143564,178,1276.85437011719,45,14,14,14,10,1321,16,55,37,18,17.274471282959,4,-51,20,1079,107
34.4984866194346,0.538118386143564,133,1385.08959960938,46,14,14,14,10,1369,17,55,35,19,17.3592967987061,4,76,13,714,103
34.5047366194246,0.538118386143564,143,1352.56176757812,45,14,14,14,10,1364,18,55,36,19,17.388729095459,3,28,15,768,107
34.5401532860346,0.538118386143564,158,1550.41967773438,43,14,14,14,10,1440,19,53,39,19,17.4578266143799,4,104,12,388,99
34.5568199526746,0.538118386143564,124,1590.12268066406,42,14,14,14,10,1430,17,55,39,19,17.5093231201172,6,109,5,355,96
34.5901532859546,0.538118386143564,129,1389.38305664062,48,14,14,14,10,1435,18,54,33,19,17.6201457977295,3,27,13,657,103
34.5922366192846,0.538118386143564,114,1389.38305664062,48,14,14,14,10,1435,18,54,33,19,17.6201457977295,3,27,13,657,103
34.5964032859446,0.538118386143564,117,1519.9755859375,47,14,14,14,10,1464,20,53,34,19,17.6379623413086,3,81,18,415,104
34.6505699525246,0.538118386143564,149,1626.67517089844,46,14,14,14,10,1489,16,56,35,19,17.7943248748779,1,78,16,785,117
34.6609866191746,0.538118386143564,147,1610.74304199219,48,14,14,14,10,1464,17,56,32,20,17.8594970703125,3,-14,17,1200,111
34.6797366191445,0.538118386143564,118,1299.70520019531,47,14,14,14,10,1425,18,56,31,21,17.9250583648682,1,-60,26,1923,113
34.4609866194947,0.536035052813564,176,1276.85437011719,45,14,14,14,10,1321,16,55,37,18,17.274471282959,4,-51,20,1079,107
34.4859866194546,0.536035052813564,147,1364.90966796875,45,14,14,14,10,1359,19,54,36,19,17.3362770080566,4,40,14,767,103
34.4901532861146,0.536035052813564,137,1364.90966796875,45,14,14,14,10,1359,19,54,36,19,17.3362770080566,4,40,14,767,103
34.5734866193146,0.536035052813564,137,1341.03210449219,46,14,14,14,10,1412,18,56,35,19,17.5745487213135,2,18,12,672,108
34.6255699525646,0.536035052813564,121,1351.86437988281,47,14,14,14,10,1436,16,54,34,19,17.7353572845459,4,-21,17,1010,106
34.6380699525446,0.536035052813564,120,1478.49096679688,46,14,14,14,10,1469,16,54,35,19,17.7742023468018,3,33,18,893,110
34.6984866191145,0.536035052813564,126,1339.14916992188,45,14,14,14,10,1469,15,56,33,22,17.9648513793945,2,83,17,1868,112
34.7255699524045,0.536035052813564,123,1365.865234375,45,14,14,14,10,1464,13,57,34,21,18.0366058349609,3,-15,16,2205,111
34.7380699523845,0.536035052813564,129,1290.36657714844,42,14,14,14,10,1456,17,58,37,21,18.0873565673828,4,-16,11,2228,106
34.7401532857145,0.536035052813564,127,1290.36657714844,42,14,14,14,10,1456,17,58,37,21,18.0873565673828,4,-16,11,2228,106
34.4089032862447,0.533951719483564,214,1252.24060058594,38,14,14,14,10,1269,10,54,44,18,17.0713043212891,3,24,9,1256,112
34.4380699528647,0.533951719483564,165,1313.55993652344,38,14,14,14,10,1313,14,56,43,19,17.169002532959,3,33,19,819,107
34.4464032861847,0.533951719483564,164,1316.9736328125,41,14,14,14,10,1320,15,55,40,19,17.1936283111572,3,61,16,944,108
34.4818199527946,0.533951719483564,150,1417.39147949219,45,13,13,13,10,1364,15,54,37,19,17.2884578704834,3,35,30,471,106
34.4839032861246,0.533951719483564,141,1417.39147949219,45,13,13,13,10,1364,15,54,37,19,17.2884578704834,3,35,30,471,106
34.5443199526946,0.533951719483564,124,1615.42126464844,41,14,14,14,10,1436,18,55,41,18,17.4701519012451,8,15,12,207,98
34.5526532860146,0.533951719483564,110,1560.2626953125,39,14,14,14,10,1423,15,56,42,19,17.5004997253418,5,75,11,268,98
34.5651532859946,0.533951719483564,125,1420.72509765625,44,14,14,14,10,1384,15,55,36,20,17.5378856658936,3,-110,16,820,101
34.6214032859046,0.533951719483564,125,1327.18530273438,48,14,14,14,10,1427,17,53,33,20,17.7277297973633,5,-46,21,976,106
34.6401532858746,0.533951719483564,111,1500.81286621094,47,14,14,14,10,1467,18,54,33,19,17.7617588043213,4,15,14,873,109
34.4651532861547,0.531868386153564,162,1333.75280761719,43,14,14,14,10,1317,16,55,38,19,17.2467021942139,3,-51,13,938,106
34.5422366193646,0.531868386153564,123,1555.76879882812,41,14,14,14,10,1435,17,54,40,18,17.4454727172852,4,89,11,165,103
34.5484866193546,0.531868386153564,112,1615.42126464844,41,14,14,14,10,1436,18,55,41,18,17.4701519012451,8,15,12,207,98
34.6109866192546,0.531868386153564,138,1452.08142089844,46,14,14,14,10,1407,20,53,34,20,17.6938343048096,5,-63,44,856,101
34.6172366192446,0.531868386153564,115,1452.08142089844,46,14,14,14,10,1407,20,53,34,20,17.6938343048096,5,-63,44,856,101
34.6318199525546,0.531868386153564,132,1357.00988769531,47,14,14,14,10,1429,17,53,32,20,17.7475318908691,4,-62,15,1056,107
34.6339032858846,0.531868386153564,118,1357.00988769531,47,14,14,14,10,1429,17,53,32,20,17.7475318908691,4,-62,15,1056,107
34.6609866191746,0.531868386153564,163,1608.62097167969,47,14,14,14,10,1442,15,55,32,21,17.846305847168,3,-78,54,1488,111
34.7026532857745,0.531868386153564,118,1348.10791015625,45,14,14,14,10,1453,15,56,34,21,17.9795989990234,4,39,14,2027,112
34.7047366191045,0.531868386153564,112,1348.10791015625,45,14,14,14,10,1453,15,56,34,21,17.9795989990234,4,39,14,2027,112
34.4089032862447,0.529785052823564,210,1252.24060058594,38,14,14,14,10,1269,10,54,44,18,17.0713043212891,3,24,9,1256,112
34.5026532860946,0.529785052823564,151,1399.06213378906,47,14,14,14,10,1367,18,56,34,19,17.3698787689209,4,26,17,561,105
34.5214032860646,0.529785052823564,108,1346.89013671875,39,14,14,14,10,1395,17,56,43,18,17.4168319702148,5,36,10,571,100
34.6568199525146,0.529785052823564,169,1684.98791503906,48,14,14,14,10,1468,16,55,33,20,17.8108520507812,3,4,55,1237,113
34.6630699525046,0.529785052823564,152,1608.62097167969,47,14,14,14,10,1442,15,55,32,21,17.846305847168,3,-78,54,1488,111
34.6755699524846,0.529785052823564,189,1448.01611328125,47,14,14,14,10,1428,16,56,31,21,17.8817977905273,2,-69,69,1825,113
34.7193199524145,0.529785052823564,109,1341.74047851562,45,14,14,14,10,1469,15,57,34,21,18.0248222351074,1,72,16,2199,115
34.7234866190745,0.529785052823564,116,1341.74047851562,45,14,14,14,10,1469,15,57,34,21,18.0248222351074,1,72,16,2199,115
34.4359866195347,0.527701719493564,152,1313.55993652344,38,14,14,14,10,1313,14,56,43,19,17.169002532959,3,33,19,819,107
34.4589032861647,0.527701719493564,197,1319.37426757812,45,14,14,14,10,1326,17,55,36,19,17.2195262908936,3,36,15,858,107
34.4651532861547,0.527701719493564,168,1333.75280761719,43,14,14,14,10,1317,16,55,38,19,17.2467021942139,3,-51,13,938,106
34.4755699528046,0.527701719493564,173,1366.5244140625,43,13,13,13,10,1331,16,55,39,18,17.2695560455322,3,-80,17,826,105
34.4776532861346,0.527701719493564,173,1417.39147949219,45,13,13,13,10,1364,15,54,37,19,17.2884578704834,3,35,30,471,106
34.4797366194646,0.527701719493564,171,1417.39147949219,45,13,13,13,10,1364,15,54,37,19,17.2884578704834,3,35,30,471,106
34.5589032860046,0.527701719493564,123,1560.2626953125,39,14,14,14,10,1423,15,56,42,19,17.5004997253418,5,75,11,268,98
34.5672366193246,0.527701719493564,132,1420.72509765625,44,14,14,14,10,1384,15,55,36,20,17.5378856658936,3,-110,16,820,101
34.5859866192946,0.527701719493564,157,1424.43981933594,47,14,14,14,10,1424,21,54,33,20,17.605541229248,2,-27,27,616,105
34.6109866192546,0.527701719493564,116,1452.08142089844,46,14,14,14,10,1407,20,53,34,20,17.6938343048096,5,-63,44,856,101
34.6464032858646,0.527701719493564,111,1645.89086914062,46,14,14,14,10,1489,20,55,34,20,17.7806186676025,1,95,19,830,119
34.7068199524345,0.527701719493564,115,1348.10791015625,45,14,14,14,10,1453,15,56,34,21,17.9795989990234,4,39,14,2027,112
34.4026532862547,0.525618386163564,176,1246.96203613281,41,14,14,14,10,1262,11,55,41,18,17.0481586456299,3,-5,18,1267,114
34.4214032862247,0.525618386163564,162,1279.28112792969,40,14,14,14,10,1288,11,55,43,18,17.1004199981689,2,37,14,789,112
34.4234866195547,0.525618386163564,163,1279.28112792969,40,14,14,14,10,1288,11,55,43,18,17.1004199981689,2,37,14,789,112
34.4318199528747,0.525618386163564,146,1304.14782714844,37,14,14,14,10,1304,11,55,45,18,17.1237983703613,2,53,12,682,111
34.4651532861547,0.525618386163564,182,1415.05053710938,43,14,14,14,10,1348,15,54,38,19,17.2174892425537,2,54,14,456,107
34.4797366194646,0.525618386163564,164,1482.37451171875,45,13,13,13,10,1373,15,55,37,18,17.2664642333984,0,84,13,201,111
34.6005699526046,0.525618386163564,134,1567.23754882812,46,14,14,14,10,1452,18,53,35,19,17.6106433868408,2,72,16,221,108
34.6193199525746,0.525618386163564,122,1295.75061035156,47,14,14,14,10,1402,15,55,33,20,17.7178478240967,4,-137,18,1402,110
34.6297366192246,0.525618386163564,124,1341.89367675781,48,14,14,14,10,1438,17,53,33,19,17.7352523803711,4,9,20,1222,105
34.6568199525146,0.525618386163564,131,1663.708984375,45,14,14,14,10,1482,17,54,36,20,17.7993488311768,2,80,19,1138,112
34.6714032858246,0.525618386163564,131,1447.74926757812,45,14,14,14,10,1439,14,56,34,21,17.867639541626,2,21,14,1765,110
34.6964032857845,0.525618386163564,121,1293.71557617188,44,14,14,14,10,1446,12,57,34,21,17.9472579956055,3,45,8,2080,113
34.4443199528547,0.523535052833564,168,1345.39282226562,40,14,14,14,10,1318,15,54,40,19,17.1734657287598,4,-18,15,571,108
34.4714032861446,0.523535052833564,232,1450.05395507812,44,14,14,14,10,1363,16,54,36,19,17.2407188415527,4,79,23,385,108
34.6630699525046,0.523535052833564,135,1602.29650878906,47,14,14,14,10,1469,16,54,33,20,17.8303546905518,3,104,30,1345,114
34.6859866191345,0.523535052833564,124,1272.62377929688,45,14,14,14,10,1440,15,57,34,21,17.9244480133057,2,27,15,2132,114
34.7026532857745,0.523535052833564,120,1290.57019042969,43,14,14,14,10,1429,15,57,35,21,17.9724082946777,2,-58,15,2334,112
34.7193199524145,0.523535052833564,113,1271.92785644531,45,14,14,14,10,1461,16,58,35,21,18.0177536010742,3,71,20,2273,111
34.7234866190745,0.523535052833564,105,1271.92785644531,45,14,14,14,10,1461,16,58,35,21,18.0177536010742,3,71,20,2273,111
34.4276532862147,0.521451719503564,155,1304.14782714844,37,14,14,14,10,1304,11,55,45,18,17.1237983703613,2,53,12,682,111
34.4505699528447,0.521451719503564,181,1345.39282226562,40,14,14,14,10,1318,15,54,40,19,17.1734657287598,4,-18,15,571,108
34.4630699528247,0.521451719503564,184,1415.05053710938,43,14,14,14,10,1348,15,54,38,19,17.2174892425537,2,54,14,456,107
34.5172366194046,0.521451719503564,112,1299.28942871094,45,14,14,14,10,1338,17,55,35,19,17.3905582427979,3,-118,23,887,105
34.5547366193446,0.521451719503564,165,1510.2705078125,44,14,14,14,10,1405,15,54,37,19,17.4913101196289,5,27,9,401,103
34.5880699526246,0.521451719503564,160,1481.83813476562,47,14,14,14,10,1434,20,54,33,20,17.5868434906006,3,40,27,466,106
34.7297366190645,0.521451719503564,106,1225.27233886719,44,14,14,14,10,1451,17,57,35,21,18.0442562103271,3,41,38,2382,109
34.4151532862347,0.519368386173564,183,1260.70471191406,42,14,14,14,10,1272,13,56,40,18,17.0749778747559,2,12,12,1024,113
34.4568199528347,0.519368386173564,142,1376.88000488281,43,14,14,14,10,1341,14,54,38,19,17.1955490112305,3,55,30,477,108
34.5276532860546,0.519368386173564,122,1398.85241699219,38,14,14,14,10,1412,15,56,43,19,17.4208240509033,5,101,13,257,98
34.6693199524946,0.519368386173564,111,1447.74926757812,45,14,14,14,10,1439,14,56,34,21,17.867639541626,2,21,14,1765,110
34.4380699528647,0.517285052843564,155,1309.93371582031,40,14,14,14,10,1294,13,54,41,19,17.1318492889404,5,-61,17,450,108
34.4630699528247,0.517285052843564,168,1464.30053710938,41,14,14,14,10,1355,13,54,40,19,17.1971588134766,2,71,18,289,108
34.5068199527546,0.517285052843564,168,1312.2421875,47,14,14,14,180,1344,19,56,34,20,17.3482475280762,4,9,29,569,104
34.5755699526446,0.517285052843564,131,1381.10473632812,45,14,14,14,10,1400,15,55,36,20,17.5320205688477,4,9,14,575,103
34.5797366193046,0.517285052843564,123,1451.83361816406,45,14,14,14,10,1421,17,54,36,20,17.5471687316895,3,72,26,437,107
34.6005699526046,0.517285052843564,126,1530.80883789062,44,14,14,14,10,1420,14,54,37,19,17.6045188903809,3,2,10,384,107
34.6068199525946,0.517285052843564,131,1451.9951171875,45,14,14,14,10,1425,16,54,36,20,17.6392307281494,4,28,14,624,102
34.6734866191546,0.517285052843564,109,1398.91748046875,44,14,14,14,10,1435,16,57,35,20,17.8592147827148,4,41,24,1878,108
34.7234866190745,0.517285052843564,107,1195.63061523438,42,14,14,14,10,1433,15,58,37,21,18.0130672454834,2,-36,16,2634,110
34.4214032862247,0.515201719513564,155,1249.88073730469,41,14,14,14,10,1277,12,55,41,18,17.0831432342529,3,-4,11,596,109
34.4526532861747,0.515201719513564,134,1418.10107421875,40,14,14,14,10,1321,13,54,40,19,17.1746292114258,2,-40,12,518,107
34.4714032861446,0.515201719513564,152,1476.23510742188,43,14,14,14,10,1356,14,54,38,19,17.2267608642578,4,62,14,84,106
34.5068199527546,0.515201719513564,175,1312.2421875,47,14,14,14,180,1344,19,56,34,20,17.3482475280762,4,9,29,569,104
34.5297366193846,0.515201719513564,121,1356.06604003906,43,14,14,14,10,1376,19,54,38,19,17.4143524169922,3,-8,12,511,101
34.5589032860046,0.515201719513564,133,1493.63525390625,47,14,14,14,10,1406,19,54,34,19,17.4769458770752,3,85,12,378,109
34.6672366191646,0.515201719513564,117,1535.46350097656,43,14,14,14,10,1463,16,56,37,19,17.8237247467041,3,111,11,1458,110
34.6818199524745,0.515201719513564,123,1282.32275390625,46,14,14,14,10,1410,14,56,34,20,17.8914909362793,2,-92,25,2338,113
34.7151532857545,0.515201719513564,109,1212.62353515625,42,14,14,14,10,1438,15,60,36,22,17.988374710083,3,24,16,2487,112
34.4089032862447,0.513118386183564,166,1234.95532226562,42,14,14,14,10,1262,12,55,40,19,17.0256671905518,1,19,17,944,117
34.5172366194046,0.513118386183564,107,1253.76770019531,45,14,14,14,10,1326,16,55,36,19,17.3781681060791,2,-127,16,869,105
34.5401532860346,0.513118386183564,168,1437.94787597656,44,14,14,14,10,1383,16,54,37,19,17.4342956542969,3,-68,13,530,102
34.5839032859646,0.513118386183564,130,1451.83361816406,45,14,14,14,10,1421,17,54,36,20,17.5471687316895,3,72,26,437,107
34.5943199526146,0.513118386183564,136,1530.80883789062,44,14,14,14,10,1420,14,54,37,19,17.6045188903809,3,2,10,384,107
34.4609866194947,0.511035052853564,131,1464.30053710938,41,14,14,14,10,1355,13,54,40,19,17.1971588134766,2,71,18,289,108
34.5380699527046,0.511035052853564,138,1437.94787597656,44,14,14,14,10,1383,16,54,37,19,17.4342956542969,3,-68,13,530,102
34.5568199526746,0.511035052853564,140,1493.63525390625,47,14,14,14,10,1406,19,54,34,19,17.4769458770752,3,85,12,378,109
34.6193199525746,0.511035052853564,106,1275.31896972656,46,14,14,14,10,1397,15,54,34,20,17.7066707611084,4,-107,13,1477,110
34.6589032858446,0.511035052853564,119,1598.96643066406,43,14,14,14,10,1454,17,55,38,20,17.7949066162109,4,-29,16,1464,109
34.5109866194146,0.508951719523564,127,1243.08227539062,46,14,14,14,10,1338,18,56,35,19,17.3597984313965,3,-52,23,706,105
34.5880699526246,0.508951719523564,130,1520.8720703125,45,14,14,14,10,1426,16,53,35,20,17.5614128112793,3,101,18,135,110
34.6026532859346,0.508951719523564,131,1341.22180175781,42,14,14,14,10,1385,14,54,39,19,17.637544631958,3,-83,14,1026,107
34.6276532858946,0.508951719523564,120,1379.14697265625,45,14,14,14,10,1401,14,55,36,19,17.7109298706055,3,-115,20,1662,107
34.6693199524946,0.508951719523564,122,1310.80322265625,45,14,14,14,10,1402,15,57,35,20,17.8539276123047,2,-87,29,2241,109
34.6839032858045,0.508951719523564,129,1253.916015625,45,14,14,14,10,1421,14,56,34,21,17.8780574798584,3,-21,14,2397,113
34.4859866194546,0.506868386193564,135,1369.98767089844,46,14,14,14,10,1342,19,55,34,20,17.275577545166,3,64,18,349,107
34.5172366194046,0.506868386193564,116,1243.08227539062,46,14,14,14,10,1338,18,56,35,19,17.3597984313965,3,-52,23,706,105
34.5693199526546,0.506868386193564,127,1402.11645507812,43,14,14,14,10,1396,13,55,37,20,17.5204524993896,3,4,11,447,104
34.6276532858946,0.506868386193564,116,1379.14697265625,45,14,14,14,10,1401,14,55,36,19,17.7109298706055,3,-115,20,1662,107
34.6714032858246,0.506868386193564,122,1310.80322265625,45,14,14,14,10,1402,15,57,35,20,17.8539276123047,2,-87,29,2241,109
34.4109866195747,0.504785052863564,136,1220.56518554688,42,13,13,13,10,1254,13,56,40,18,17.0362434387207,2,-47,12,930,111
34.4547366195047,0.504785052863564,123,1433.20068359375,38,14,14,14,10,1338,10,54,43,19,17.1557235717773,2,70,11,274,107
34.5464032860246,0.504785052863564,162,1531.26745605469,46,14,14,14,10,1400,17,55,35,19,17.4362545013428,2,25,13,346,107
34.5672366193246,0.504785052863564,114,1418.92492675781,46,14,14,14,10,1370,15,55,35,19,17.4986419677734,1,-71,19,634,106
34.5901532859546,0.504785052863564,130,1520.8720703125,45,14,14,14,10,1426,16,53,35,20,17.5614128112793,3,101,18,135,110
34.5964032859446,0.504785052863564,130,1454.72924804688,44,14,14,14,10,1404,15,54,37,19,17.6001529693604,2,-9,15,613,107
34.6651532858346,0.504785052863564,119,1422.60339355469,43,15,15,15,10,1432,13,56,38,20,17.8216018676758,5,-11,26,1910,107
34.4568199528347,0.502701719533564,126,1433.20068359375,38,14,14,14,10,1338,10,54,43,19,17.1557235717773,2,70,11,274,107
34.4589032861647,0.502701719533564,119,1433.20068359375,38,14,14,14,10,1338,10,54,43,19,17.1557235717773,2,70,11,274,107
34.4714032861446,0.502701719533564,144,1439.95043945312,43,13,13,13,10,1326,16,54,39,19,17.2194213867188,3,-60,26,450,105
34.6401532858746,0.502701719533564,106,1468.11267089844,43,14,14,14,10,1417,14,56,37,20,17.7347736358643,3,-116,14,1674,107
34.6609866191746,0.502701719533564,113,1422.60339355469,43,15,15,15,10,1432,13,56,38,20,17.8216018676758,5,-11,26,1910,107
34.6922366191245,0.502701719533564,109,1228.86669921875,43,14,14,14,10,1427,16,57,36,21,17.90380859375,2,47,17,2392,123
34.4589032861647,0.500618386203564,127,1416.60852050781,39,14,14,14,10,1324,11,54,43,19,17.1417140960693,3,36,13,418,107
34.5276532860546,0.500618386203564,139,1523.30102539062,45,14,14,14,10,1403,16,54,35,19,17.364953994751,3,99,15,282,105
34.5589032860046,0.500618386203564,108,1507.12622070312,46,14,14,14,10,1382,17,56,35,19,17.4512729644775,3,19,16,399,110
34.5818199526346,0.500618386203564,122,1473.2509765625,46,14,14,14,10,1397,15,55,35,19,17.5275363922119,3,-10,12,613,107
34.6130699525846,0.500618386203564,123,1310.50561523438,45,14,14,14,10,1395,14,54,36,19,17.64870262146,4,-28,18,1435,105
34.6630699525046,0.500618386203564,113,1322.40014648438,43,14,14,14,10,1401,13,56,37,20,17.8153324127197,3,-45,37,2337,109
34.6839032858045,0.500618386203564,111,1225.3623046875,44,14,14,14,10,1432,15,58,35,21,17.8655834197998,1,108,20,2274,114
34.3943199529347,0.498535052873564,134,1260.86437988281,41,14,14,14,10,1240,10,55,40,19,16.9497871398926,2,-77,17,1127,112
34.4172366195647,0.498535052873564,122,1252.38549804688,41,14,14,14,10,1254,12,55,40,19,17.0095405578613,2,-48,18,984,110
34.4839032861246,0.498535052873564,144,1307.17724609375,42,14,14,14,10,1313,17,57,39,18,17.2395153045654,2,-26,15,682,107
34.5734866193146,0.498535052873564,107,1412.49572753906,46,14,14,14,10,1371,15,55,35,19,17.5100727081299,3,-86,13,656,107
34.6026532859346,0.498535052873564,119,1288.05834960938,44,14,14,14,10,1362,11,54,36,20,17.6286926269531,3,-130,18,1309,109
34.6172366192446,0.498535052873564,136,1310.50561523438,45,14,14,14,10,1395,14,54,36,19,17.64870262146,4,-28,18,1435,105
34.6339032858846,0.498535052873564,125,1470.29956054688,44,14,14,14,10,1430,14,54,36,19,17.6885757446289,4,70,16,1517,111
34.6839032858045,0.498535052873564,112,1225.3623046875,44,14,14,14,10,1432,15,58,35,21,17.8655834197998,1,108,20,2274,114
34.5234866193946,0.496451719543564,121,1409.24328613281,46,14,14,14,10,1370,18,54,35,19,17.3477210998535,3,17,13,558,103
34.5984866192746,0.496451719543564,115,1382.95764160156,44,14,14,14,10,1372,13,55,36,19,17.5941352844238,4,-76,13,990,107
34.6505699525246,0.496451719543564,114,1547.55737304688,44,14,14,14,10,1447,13,55,37,20,17.7431602478027,2,106,17,1584,115
34.3859866196147,0.494368386213564,129,1253.67687988281,43,14,14,14,10,1235,11,56,39,19,16.9192962646484,3,-81,17,1330,111
34.4193199528947,0.494368386213564,142,1260.05505371094,40,14,14,14,10,1265,11,54,41,19,17.0372257232666,4,-22,7,874,109
34.4797366194646,0.494368386213564,127,1307.17724609375,42,14,14,14,10,1313,17,57,39,18,17.2395153045654,2,-26,15,682,107
34.5589032860046,0.494368386213564,112,1507.12622070312,46,14,14,14,10,1382,17,56,35,19,17.4512729644775,3,19,16,399,110
34.6255699525646,0.494368386213564,117,1394.30603027344,44,14,14,14,10,1441,14,53,37,19,17.6640625,4,109,15,1236,105
34.6526532858546,0.494368386213564,105,1460.13757324219,43,14,14,14,10,1429,13,56,36,20,17.7791976928711,4,33,15,1855,108
34.6818199524745,0.494368386213564,124,1225.3623046875,44,14,14,14,10,1432,15,58,35,21,17.8655834197998,1,108,20,2274,114
34.4089032862447,0.492285052883564,127,1315.70812988281,39,14,14,14,10,1270,11,54,42,18,16.9475326538086,2,66,15,947,114
34.5380699527046,0.492285052883564,136,1616.61853027344,44,14,14,14,10,1390,15,54,37,19,17.3782634735107,4,-6,16,212,108
34.5693199526546,0.492285052883564,114,1444.55395507812,46,14,14,14,10,1379,13,55,35,19,17.4939403533936,3,-12,28,613,108
34.6026532859346,0.492285052883564,126,1280.00805664062,44,14,14,14,10,1378,14,54,36,20,17.6143054962158,5,-29,19,1371,110
34.6193199525746,0.492285052883564,133,1416.2734375,44,14,14,14,10,1441,13,54,36,20,17.6530742645264,8,223,16,1048,106
34.6359866192146,0.492285052883564,109,1512.75952148438,44,14,14,14,10,1442,14,54,36,20,17.7052669525146,3,104,14,1481,109
34.6401532858746,0.492285052883564,106,1512.75952148438,44,14,14,14,10,1442,14,54,36,20,17.7052669525146,3,104,14,1481,109
34.6818199524745,0.492285052883564,124,1198.73645019531,43,14,14,14,10,1416,15,59,36,22,17.8564052581787,3,57,13,2390,113
34.3943199529347,0.490201719553564,113,1334.6318359375,40,14,14,14,10,1266,10,54,42,18,16.9145240783691,3,48,25,1043,110
34.4151532862347,0.490201719553564,125,1292.39172363281,39,14,14,14,10,1275,11,54,42,19,16.9806957244873,1,62,20,863,116
34.4172366195647,0.490201719553564,125,1292.39172363281,39,14,14,14,10,1275,11,54,42,19,16.9806957244873,1,62,20,863,116
34.4505699528447,0.490201719553564,131,1338.431640625,42,14,14,14,10,1301,13,54,40,19,17.1013431549072,3,23,26,644,111
34.4568199528347,0.490201719553564,131,1360.73608398438,42,14,14,14,10,1305,14,55,40,18,17.1295299530029,2,6,14,649,109
34.5214032860646,0.490201719553564,136,1497.93493652344,44,14,14,14,10,1400,15,52,37,19,17.3243980407715,3,108,13,170,103
34.5464032860246,0.490201719553564,133,1556.22277832031,45,14,14,14,10,1381,17,55,35,20,17.4114551544189,3,-27,16,330,107
34.5984866192746,0.490201719553564,132,1333.46435546875,44,14,14,14,10,1368,12,56,38,19,17.5830078125,5,-9,15,1182,108
34.6089032859246,0.490201719553564,124,1280.00805664062,44,14,14,14,10,1378,14,54,36,20,17.6143054962158,5,-29,19,1371,110
34.6734866191546,0.490201719553564,118,1211.68054199219,42,14,14,14,10,1401,16,57,35,23,17.832311630249,4,-49,17,2574,111
34.3984866195947,0.488118386223564,117,1334.6318359375,40,14,14,14,10,1266,10,54,42,18,16.9145240783691,3,48,25,1043,110
34.4109866195747,0.488118386223564,122,1292.39172363281,39,14,14,14,10,1275,11,54,42,19,16.9806957244873,1,62,20,863,116
34.4151532862347,0.488118386223564,127,1292.39172363281,39,14,14,14,10,1275,11,54,42,19,16.9806957244873,1,62,20,863,116
34.4214032862247,0.488118386223564,130,1280.71374511719,40,14,14,14,10,1280,11,54,41,19,17.0136280059814,2,57,14,718,114
34.4984866194346,0.488118386223564,129,1186.89538574219,44,14,14,14,10,1306,16,54,36,20,17.2805233001709,4,-43,15,956,107
34.5255699527246,0.488118386223564,128,1497.93493652344,44,14,14,14,10,1400,15,52,37,19,17.3243980407715,3,108,13,170,103
34.6464032858646,0.488118386223564,109,1475.51171875,44,14,14,14,10,1433,13,54,36,21,17.7375297546387,4,82,15,1688,106
34.6568199525146,0.488118386223564,118,1361.29467773438,43,14,14,14,10,1409,12,56,35,21,17.7742290496826,4,8,18,2086,106
34.4005699529247,0.486035052893564,126,1334.6318359375,40,14,14,14,10,1266,10,54,42,18,16.9145240783691,3,48,25,1043,110
34.4526532861747,0.486035052893564,130,1360.73608398438,42,14,14,14,10,1305,14,55,40,18,17.1295299530029,2,6,14,649,109
34.4880699527846,0.486035052893564,130,1190.1298828125,43,14,14,14,10,1290,16,56,38,19,17.2569751739502,2,-65,16,819,108
34.5380699527046,0.486035052893564,119,1616.61853027344,44,14,14,14,10,1390,15,54,37,19,17.3782634735107,4,-6,16,212,108
34.5630699526646,0.486035052893564,103,1430.59313964844,45,14,14,14,10,1367,18,56,36,19,17.4718017578125,4,-8,14,428,106
34.5693199526546,0.486035052893564,117,1444.55395507812,46,14,14,14,10,1379,13,55,35,19,17.4939403533936,3,-12,28,613,108
34.6797366191445,0.486035052893564,115,1198.73645019531,43,14,14,14,10,1416,15,59,36,22,17.8564052581787,3,57,13,2390,113
34.4089032862447,0.483951719563564,139,1296.71801757812,39,14,14,14,10,1267,12,56,41,20,16.9291915893555,4,45,22,873,108
34.4193199528947,0.483951719563564,136,1242.08178710938,42,14,14,14,10,1254,11,55,39,19,16.9980602264404,3,-54,13,1088,110
34.4984866194346,0.483951719563564,185,1201.05383300781,43,14,14,14,10,1309,16,54,38,20,17.2604103088379,3,-54,28,819,107
34.5214032860646,0.483951719563564,128,1544.95227050781,45,14,14,14,10,1391,18,54,36,19,17.3080520629883,2,73,14,229,105
34.5964032859446,0.483951719563564,109,1290.42358398438,45,14,14,14,10,1358,12,56,37,19,17.5745182037354,4,-14,21,1314,110
34.6109866192546,0.483951719563564,121,1322.8076171875,42,14,14,14,10,1390,14,54,37,20,17.624340057373,4,28,13,1544,108
34.6234866192346,0.483951719563564,130,1362.16296386719,43,14,14,14,10,1382,14,54,38,20,17.6510906219482,3,-35,16,1671,106
34.4380699528647,0.481868386233564,128,1268.05322265625,43,14,14,14,10,1281,13,55,39,18,17.05544090271,3,30,13,815,110
34.5214032860646,0.481868386233564,125,1544.95227050781,45,14,14,14,10,1391,18,54,36,19,17.3080520629883,2,73,14,229,105
34.5401532860346,0.481868386233564,114,1595.85205078125,45,14,14,14,10,1380,16,55,36,20,17.3668823242188,1,-7,21,247,107
34.5797366193046,0.481868386233564,114,1495.90502929688,46,14,14,14,10,1373,14,55,36,19,17.5037498474121,4,7,16,619,113
34.6422366192046,0.481868386233564,120,1376.68579101562,44,14,14,14,10,1414,16,54,35,21,17.7045040130615,3,74,30,1763,106
34.6630699525046,0.481868386233564,129,1226.14428710938,43,14,14,14,10,1394,14,57,35,22,17.7928295135498,5,-36,18,2561,108
34.4589032861647,0.479785052903564,128,1277.0439453125,43,14,14,14,10,1286,14,55,38,19,17.1162719726562,3,-7,18,833,111
34.5859866192946,0.479785052903564,115,1401.06359863281,44,14,14,14,10,1369,17,56,38,19,17.5394382476807,3,-41,14,1037,109
34.6297366192246,0.479785052903564,119,1377.92468261719,44,14,14,14,10,1397,15,53,35,21,17.6784000396729,4,-28,16,1661,105
34.6380699525446,0.479785052903564,128,1376.68579101562,44,14,14,14,10,1414,16,54,35,21,17.7045040130615,3,74,30,1763,106
34.6734866191546,0.479785052903564,118,1204.90478515625,43,14,14,14,10,1415,15,57,35,22,17.8169116973877,1,75,17,2475,111
34.3922366196047,0.477701719573564,137,1378.24279785156,41,14,14,14,10,1268,10,55,42,18,16.8554191589355,1,63,9,937,113
34.5422366193646,0.477701719573564,111,1595.85205078125,45,14,14,14,10,1380,16,55,36,20,17.3668823242188,1,-7,21,247,107
34.5693199526546,0.477701719573564,125,1497.24462890625,46,14,14,14,10,1386,14,55,35,19,17.4766407012939,1,48,26,461,110
34.5922366192846,0.477701719573564,121,1401.06359863281,44,14,14,14,10,1369,17,56,38,19,17.5394382476807,3,-41,14,1037,109
34.6276532858946,0.477701719573564,112,1377.92468261719,44,14,14,14,10,1397,15,53,35,21,17.6784000396729,4,-28,16,1661,105
34.6526532858546,0.477701719573564,110,1265.603515625,44,14,14,14,10,1381,12,56,35,22,17.768383026123,2,-94,14,2299,107
34.6547366191846,0.477701719573564,106,1265.603515625,44,14,14,14,10,1381,12,56,35,22,17.768383026123,2,-94,14,2299,107
34.6630699525046,0.477701719573564,116,1226.14428710938,43,14,14,14,10,1394,14,57,35,22,17.7928295135498,5,-36,18,2561,108
34.6651532858346,0.477701719573564,115,1226.14428710938,43,14,14,14,10,1394,14,57,35,22,17.7928295135498,5,-36,18,2561,108
34.3901532862747,0.475618386243564,141,1312.60473632812,43,14,14,14,10,1253,11,56,39,18,16.8391246795654,3,9,16,1023,109
34.4026532862547,0.475618386243564,132,1234.4990234375,43,14,14,14,10,1237,13,57,37,20,16.9135341644287,1,-93,37,1242,109
34.5672366193246,0.475618386243564,131,1488.60217285156,46,14,14,14,10,1377,15,54,35,20,17.4389629364014,3,41,21,240,107
34.5859866192946,0.475618386243564,113,1361.94995117188,45,14,14,14,10,1345,14,57,36,19,17.5294284820557,3,-39,17,1217,110
34.4234866195547,0.473535052913564,125,1209.03308105469,44,13,13,13,10,1244,13,56,37,19,16.9791145324707,3,-90,17,1182,111
34.4422366195247,0.473535052913564,142,1208.30236816406,44,13,13,13,10,1266,14,56,38,18,17.0392589569092,3,-31,13,1077,111
34.4589032861647,0.473535052913564,138,1204.68029785156,44,13,13,13,10,1272,14,56,38,19,17.1014785766602,2,-32,8,1019,113
34.5693199526546,0.473535052913564,136,1532.9833984375,45,14,14,14,10,1391,15,56,36,19,17.460729598999,2,120,14,30,114
34.5755699526446,0.473535052913564,135,1532.9833984375,45,14,14,14,10,1391,15,56,36,19,17.460729598999,2,120,14,30,114
34.6401532858746,0.473535052913564,108,1229.31469726562,44,14,14,14,10,1378,13,54,35,21,17.7055988311768,5,-13,16,2102,103
34.3901532862747,0.471451719583564,117,1312.60473632812,43,14,14,14,10,1253,11,56,39,18,16.8391246795654,3,9,16,1023,109
34.4568199528347,0.471451719583564,136,1204.68029785156,44,13,13,13,10,1272,14,56,38,19,17.1014785766602,2,-32,8,1019,113
34.5547366193446,0.471451719583564,108,1435.71618652344,46,14,14,14,10,1347,16,56,34,19,17.419303894043,3,-87,18,543,108
34.6214032859046,0.471451719583564,102,1278.37451171875,43,14,14,14,10,1366,15,56,38,20,17.646764755249,4,0,25,1802,108
34.6609866191746,0.471451719583564,108,1209.55749511719,42,14,14,14,10,1413,17,57,36,21,17.7776412963867,1,110,27,2358,112
34.5130699527446,0.469368386253564,120,1441.75891113281,45,14,14,14,10,1360,18,54,35,19,17.2746067047119,2,7,17,431,107
34.5359866193746,0.469368386253564,128,1530.89379882812,46,14,14,14,10,1359,20,57,35,19,17.3581962585449,2,-16,12,427,106
34.5964032859446,0.469368386253564,110,1260.10534667969,45,14,14,14,10,1341,14,57,36,19,17.5653858184814,2,-61,17,1577,111
34.4339032862047,0.467285052923564,126,1203.88122558594,45,14,14,14,10,1249,13,56,36,19,16.9854736328125,1,-74,21,1215,111
34.5193199527346,0.467285052923564,116,1597.18908691406,46,14,14,14,10,1375,18,55,36,19,17.2783851623535,1,62,14,252,119
34.5984866192746,0.467285052923564,118,1237.83642578125,46,13,13,13,10,1336,16,56,34,19,17.5526638031006,4,-76,18,1694,111
34.5130699527446,0.465201719593564,129,1515.61145019531,46,14,14,14,10,1362,15,54,35,19,17.2533149719238,2,11,18,418,109
34.6151532859146,0.465201719593564,113,1242.16979980469,47,14,14,14,10,1367,14,57,34,19,17.6062679290771,3,83,12,1683,111
34.5359866193746,0.463118386263564,121,1462.83251953125,49,13,13,13,10,1352,19,57,32,19,17.3502349853516,5,-36,36,416,106
34.5609866193346,0.463118386263564,115,1521.43395996094,46,14,14,14,10,1372,15,55,35,19,17.4267959594727,4,50,16,200,111
34.5734866193146,0.463118386263564,112,1500.85034179688,45,14,14,14,10,1371,16,57,36,19,17.4555130004883,3,37,14,492,108
34.5964032859446,0.461035052933564,109,1237.83642578125,46,13,13,13,10,1336,16,56,34,19,17.5526638031006,4,-76,18,1694,111
34.5172366194046,0.458951719603564,115,1606.03564453125,47,14,14,14,10,1363,17,54,35,18,17.2312564849854,2,7,22,294,110
34.5964032859446,0.458951719603564,111,1208.72839355469,47,13,13,13,10,1330,16,57,33,20,17.5405349731445,1,-37,18,1685,115
34.6505699525246,0.458951719603564,105,1130.99670410156,41,14,14,14,10,1367,11,58,38,22,17.7120590209961,3,19,9,2444,109
34.5193199527346,0.456868386273564,119,1633.00500488281,48,14,14,14,10,1375,17,55,34,19,17.2606925964355,0,74,19,186,119
34.6151532859146,0.456868386273564,128,1183.814453125,46,13,13,13,10,1339,16,59,35,19,17.6003170013428,2,-20,24,1920,111
34.5234866193946,0.454785052943564,129,1633.00500488281,48,14,14,14,10,1375,17,55,34,19,17.2606925964355,0,74,19,186,119
34.6026532859346,0.454785052943564,120,1200.22534179688,47,13,13,13,10,1348,16,57,33,20,17.5692043304443,3,42,12,1707,111
34.6359866192146,0.454785052943564,130,1126.42761230469,43,14,14,14,10,1349,11,57,36,22,17.6874504089355,3,-48,16,2552,109
34.6380699525446,0.454785052943564,124,1126.42761230469,43,14,14,14,10,1349,11,57,36,22,17.6874504089355,3,-48,16,2552,109
34.5984866192746,0.452701719613564,117,1208.72839355469,47,13,13,13,10,1330,16,57,33,20,17.5405349731445,1,-37,18,1685,115
34.5901532859546,0.450618386283564,112,1212.2783203125,47,13,13,13,10,1336,14,57,34,20,17.4969463348389,2,63,21,1307,120
34.6005699526046,0.450618386283564,111,1183.97998046875,46,13,13,13,10,1325,15,58,34,20,17.528018951416,1,-28,16,1685,117
34.5818199526346,0.431868386313565,119,1287.18676757812,47,14,14,14,10,1310,14,59,35,19,17.4396381378174,1,-48,13,1325,111
34.5880699526246,0.431868386313565,113,1180.24426269531,48,13,13,13,10,1308,14,58,33,19,17.473726272583,2,-45,12,1486,114
34.5880699526246,0.429785052983565,117,1180.24426269531,48,13,13,13,10,1308,14,58,33,19,17.473726272583,2,-45,12,1486,114
35.0755699518444,0.89853505223357,287,1186.33642578125,47,13,13,13,10,1781,22,60,32,20,18.684476852417,1,-115,15,1237,103
35.0297366185844,0.89436838557357,294,1188.44750976562,48,14,14,14,10,1781,21,60,32,20,18.6940498352051,2,-53,19,1243,107
35.0234866185944,0.89228505224357,309,1196.04016113281,48,14,14,14,10,1771,23,61,32,21,18.698184967041,2,-91,26,1393,108
35.0276532852544,0.89228505224357,289,1199.13073730469,47,14,14,14,10,1777,22,60,33,20,18.6852378845215,4,-52,18,1389,104
35.0318199519144,0.88811838558357,295,1199.13073730469,47,14,14,14,10,1777,22,60,33,20,18.6852378845215,4,-52,18,1389,104
35.0630699518644,0.88603505225357,327,1302.92529296875,47,14,14,14,10,1812,25,62,32,21,18.6592540740967,4,36,12,1014,101
35.0297366185844,0.88395171892357,315,1213.02221679688,48,14,14,14,10,1815,21,60,32,20,18.6745510101318,3,67,24,996,105
35.0297366185844,0.88186838559357,342,1213.02221679688,48,14,14,14,10,1815,21,60,32,20,18.6745510101318,3,67,24,996,105
35.0318199519144,0.88186838559357,316,1213.02221679688,48,14,14,14,10,1815,21,60,32,20,18.6745510101318,3,67,24,996,105
35.0401532852344,0.88186838559357,334,1291.30810546875,48,14,14,14,10,1825,21,61,32,20,18.653039932251,4,54,14,891,104
35.0464032852244,0.88186838559357,339,1379.74523925781,48,14,14,14,10,1857,24,63,32,19,18.632532119751,1,170,8,618,106
35.0755699518444,0.88186838559357,294,1346.15649414062,48,14,14,14,10,1811,25,63,31,21,18.6527328491211,3,-6,12,935,102
35.0568199518744,0.87978505226357,335,1428.29724121094,47,14,14,14,10,1825,22,61,33,20,18.6306304931641,3,-16,20,934,101
35.0630699518644,0.87978505226357,348,1413.43762207031,47,14,14,14,10,1843,20,60,32,21,18.6335163116455,3,97,11,749,102
35.0193199519344,0.87770171893357,301,1195.44213867188,46,14,14,14,10,1778,23,60,33,20,18.6950492858887,5,-99,16,1430,108
35.0922366184843,0.87770171893357,338,1197.80541992188,47,14,14,14,10,1782,22,60,32,21,18.6791133880615,1,-136,7,1267,101
35.1130699517843,0.87561838560357,281,1102.115234375,44,14,14,14,10,1798,19,58,35,21,18.671314239502,4,-83,6,1129,99
35.0172366186044,0.87353505227357,288,1253.00952148438,46,14,14,14,10,1772,19,59,34,20,18.6933860778809,2,-78,11,1371,105
35.0297366185844,0.87353505227357,321,1210.49633789062,47,14,14,14,62,1798,24,62,32,20,18.6701602935791,2,-8,46,1213,106
35.0630699518644,0.87353505227357,330,1435.11938476562,48,14,14,14,10,1850,20,58,31,21,18.6219577789307,4,97,7,593,104
35.0859866184943,0.87353505227357,275,1243.90954589844,47,14,14,14,10,1804,21,60,32,20,18.6631336212158,4,-23,9,999,102
35.0964032851443,0.87353505227357,286,1157.8798828125,46,14,14,14,10,1788,23,61,33,21,18.6807861328125,2,-84,11,1174,103
35.0693199518544,0.87145171894357,331,1403.71569824219,47,14,14,14,10,1821,25,62,32,21,18.6364593505859,4,-55,17,908,104
35.1047366184643,0.87145171894357,307,1116.36950683594,46,14,14,14,10,1784,23,59,34,20,18.6826839447021,2,-110,18,1229,101
35.0964032851443,0.86936838561357,283,1157.8798828125,46,14,14,14,10,1788,23,61,33,21,18.6807861328125,2,-84,11,1174,103
35.1026532851343,0.86936838561357,268,1116.36950683594,46,14,14,14,10,1784,23,59,34,20,18.6826839447021,2,-110,18,1229,101
35.0714032851844,0.86728505228357,383,1377.94287109375,47,14,14,14,10,1849,23,62,32,21,18.627571105957,3,39,8,642,107
35.0318199519144,0.86520171895357,355,1189.81750488281,47,14,14,14,10,1823,21,61,32,20,18.6752414703369,3,145,21,909,106
35.0672366185244,0.86311838562357,360,1353.44091796875,47,14,14,14,10,1852,22,60,32,21,18.6378898620605,4,37,12,548,103
35.0505699518844,0.86103505229357,297,1265.47692871094,46,14,14,14,10,1832,21,60,34,20,18.6568183898926,3,22,9,748,102
35.0526532852144,0.86103505229357,325,1317.23254394531,48,14,14,14,10,1847,20,59,31,21,18.6443824768066,4,62,11,573,100
35.0609866185344,0.85895171896357,304,1261.0810546875,47,14,14,14,10,1818,18,59,32,21,18.6576728820801,5,-128,14,883,102
35.0964032851443,0.85895171896357,292,1186.923828125,45,14,14,14,10,1811,20,58,35,20,18.6554222106934,3,-116,13,1050,104
35.0276532852544,0.85686838563357,299,1168.91052246094,46,14,14,14,10,1783,23,58,34,20,18.6973857879639,3,-61,11,1216,103
35.1047366184643,0.85270171897357,320,1149.20971679688,46,14,14,14,10,1823,21,57,34,20,18.6482219696045,16,-91,12,884,100
35.0547366185444,0.84645171898357,366,1221.40759277344,48,14,14,14,10,1823,17,58,31,21,18.6520557403564,4,29,14,946,104
35.0859866184943,0.84645171898357,311,1292.68664550781,46,14,14,14,10,1858,21,58,35,19,18.6222095489502,3,64,11,588,106
35.0922366184843,0.84436838565357,312,1292.68664550781,46,14,14,14,10,1858,21,58,35,19,18.6222095489502,3,64,11,588,106
35.0297366185844,0.84228505232357,284,1165.61267089844,46,14,14,14,10,1776,22,60,34,20,18.703498840332,5,-90,21,1446,104
35.0526532852144,0.84228505232357,362,1209.02990722656,47,14,14,14,10,1834,17,62,32,21,18.6578731536865,3,74,5,710,106
35.0734866185144,0.84020171899357,372,1244.41125488281,48,14,14,14,10,1849,20,60,33,20,18.6370143890381,3,51,15,741,108
35.0589032852044,0.83603505233357,364,1209.02990722656,47,14,14,14,10,1834,17,62,32,21,18.6578731536865,3,74,5,710,106
35.0818199518343,0.83395171900357,303,1305.076171875,48,14,14,14,10,1875,20,58,33,19,18.6262054443359,2,86,7,393,107
35.1151532851143,0.83395171900357,350,1189.81176757812,47,14,14,14,10,1866,18,57,33,19,18.6384658813477,4,59,12,598,109
35.0443199518944,0.83186838567357,314,1169.48449707031,48,14,14,14,10,1812,15,59,32,20,18.685094833374,4,49,23,982,105
35.0526532852144,0.83186838567357,285,1173.57336425781,47,14,14,14,10,1802,16,59,33,20,18.6804904937744,3,-78,11,1143,105
35.0651532851944,0.83186838567357,326,1185.66345214844,47,14,14,14,10,1821,17,59,33,20,18.6679344177246,3,-40,19,992,105
35.0547366185444,0.82978505234357,278,1173.57336425781,47,14,14,14,10,1802,16,59,33,20,18.6804904937744,3,-78,11,1143,105
35.0922366184843,0.82978505234357,323,1336.04504394531,47,14,14,14,10,1867,18,58,35,19,18.6208171844482,4,78,9,492,112
35.0943199518143,0.82978505234357,329,1279.42980957031,46,14,14,14,10,1843,19,59,34,19,18.6388092041016,3,-67,15,758,110
35.1359866184143,0.82978505234357,369,1118.45275878906,47,14,14,14,10,1843,20,61,33,21,18.6416492462158,3,-82,2,918,110
35.0568199518744,0.82770171901357,313,1173.57336425781,47,14,14,14,10,1802,16,59,33,20,18.6804904937744,3,-78,11,1143,105
35.0901532851543,0.82770171901357,332,1336.04504394531,47,14,14,14,10,1867,18,58,35,19,18.6208171844482,4,78,9,492,112
35.0984866184743,0.82770171901357,348,1279.42980957031,46,14,14,14,10,1843,19,59,34,19,18.6388092041016,3,-67,15,758,110
35.0359866185744,0.82561838568357,293,1158.62231445312,47,14,14,14,10,1775,19,60,33,20,18.7121772766113,4,-59,16,1375,106
35.0630699518644,0.82561838568357,302,1167.17553710938,48,14,14,14,10,1816,17,59,32,20,18.6769199371338,2,5,9,1129,107
35.0526532852144,0.82353505235357,295,1146.0908203125,48,14,14,14,10,1804,15,58,32,20,18.6926383972168,4,14,21,1190,106
35.0609866185344,0.82353505235357,336,1167.17553710938,48,14,14,14,10,1816,17,59,32,20,18.6769199371338,2,5,9,1129,107
35.0776532851743,0.82353505235357,331,1287.21350097656,48,14,14,14,10,1867,20,58,33,19,18.638240814209,3,106,11,735,108
35.1089032851243,0.82353505235357,346,1192.62854003906,46,14,14,14,10,1816,22,60,34,20,18.6663436889648,1,-97,16,1220,110
35.1234866184343,0.82353505235357,338,1129.00122070312,44,14,14,14,10,1839,12,60,36,20,18.6603889465332,4,22,0,996,109
35.0901532851543,0.82145171902357,404,1323.78833007812,47,14,14,14,10,1868,19,58,34,19,18.632926940918,2,108,16,553,110
35.0943199518143,0.82145171902357,380,1272.89782714844,47,14,14,14,10,1837,21,59,34,19,18.649320602417,2,-26,11,932,108
35.1047366184643,0.82145171902357,368,1192.62854003906,46,14,14,14,10,1816,22,60,34,20,18.6663436889648,1,-97,16,1220,110
35.1109866184543,0.82145171902357,356,1147.65222167969,46,14,14,14,10,1841,19,57,34,20,18.6660537719727,4,16,4,968,108
35.0672366185244,0.81936838569357,367,1167.17553710938,48,14,14,14,10,1816,17,59,32,20,18.6769199371338,2,5,9,1129,107
35.0693199518544,0.81936838569357,340,1215.15844726562,48,14,14,14,10,1838,20,59,33,20,18.6581497192383,3,20,16,987,106
35.0714032851844,0.81936838569357,319,1215.15844726562,48,14,14,14,10,1838,20,59,33,20,18.6581497192383,3,20,16,987,106
35.1214032851043,0.81936838569357,357,1129.00122070312,44,14,14,14,10,1839,12,60,36,20,18.6603889465332,4,22,0,996,109
35.0464032852244,0.81728505236357,301,1148.84875488281,48,14,14,14,10,1771,23,62,32,20,18.7170085906982,4,-71,32,1436,107
35.0484866185544,0.81728505236357,311,1148.84875488281,48,14,14,14,10,1771,23,62,32,20,18.7170085906982,4,-71,32,1436,107
35.0547366185444,0.81728505236357,341,1136.27172851562,49,14,14,14,10,1783,16,60,31,20,18.7077865600586,3,-8,16,1267,107
35.0755699518444,0.81728505236357,345,1191.06921386719,48,14,14,14,10,1819,16,60,33,19,18.6751842498779,6,-31,24,1166,107
35.1005699518043,0.81728505236357,396,1244.763671875,47,14,14,14,10,1837,17,60,33,20,18.657995223999,3,71,9,1005,111
35.1068199517943,0.81728505236357,370,1168.15112304688,47,14,14,14,10,1810,17,58,32,20,18.6777610778809,3,-51,21,1366,110
35.0589032852044,0.81520171903357,351,1136.27172851562,49,14,14,14,10,1783,16,60,31,20,18.7077865600586,3,-8,16,1267,107
35.1401532850743,0.81520171903357,354,1111.90246582031,46,14,14,14,10,1855,21,58,33,20,18.6445217132568,4,14,6,1000,110
35.0609866185344,0.81103505237357,346,1153.09106445312,48,14,14,14,10,1810,16,60,32,19,18.691499710083,3,42,12,1185,107
35.0922366184843,0.81103505237357,402,1274.39208984375,48,14,14,14,10,1853,15,59,33,19,18.6545467376709,4,65,5,905,108
35.1318199517543,0.81103505237357,354,1109.21496582031,46,14,14,14,10,1825,22,62,34,20,18.656322479248,4,-72,9,1363,111
35.1443199517343,0.81103505237357,394,1116.60778808594,46,14,14,14,10,1870,22,59,34,20,18.6289176940918,3,25,5,1041,111
35.0693199518544,0.80895171904357,333,1159.74499511719,47,14,14,14,10,1809,15,59,33,20,18.694242477417,3,48,7,1255,108
35.0839032851643,0.80895171904357,377,1184.93041992188,48,14,14,14,10,1814,16,60,33,19,18.6848030090332,2,18,11,1238,110
35.0984866184743,0.80895171904357,427,1184.63598632812,46,14,14,14,10,1832,15,58,34,20,18.6775779724121,3,112,5,1078,111
35.1380699517443,0.80895171904357,371,1113.18737792969,46,14,14,14,10,1847,20,58,35,20,18.6465644836426,4,-43,9,1364,111
35.0984866184743,0.80686838571357,421,1184.63598632812,46,14,14,14,10,1832,15,58,34,20,18.6775779724121,3,112,5,1078,111
35.1214032851043,0.80686838571357,382,1099.17272949219,46,14,14,14,10,1834,17,57,34,20,18.6744194030762,4,40,13,1354,108
35.0734866185144,0.80478505238357,386,1159.74499511719,47,14,14,14,10,1809,15,59,33,20,18.694242477417,3,48,7,1255,108
35.0755699518444,0.80270171905357,373,1159.74499511719,47,14,14,14,10,1809,15,59,33,20,18.694242477417,3,48,7,1255,108
35.1047366184643,0.80270171905357,432,1134.05480957031,46,14,14,14,10,1808,15,57,33,21,18.6915111541748,3,-13,7,1398,110
35.1026532851343,0.79853505239357,465,1106.31042480469,46,14,14,14,10,1778,16,59,34,20,18.7026271820068,3,-136,11,1745,113
35.0797366185043,0.79645171906357,423,1137.61901855469,47,14,14,14,10,1804,15,58,33,20,18.7043304443359,3,70,14,1374,111
35.1089032851243,0.79645171906357,463,1106.31042480469,46,14,14,14,10,1778,16,59,34,20,18.7026271820068,3,-136,11,1745,113
35.1318199517543,0.79645171906357,428,1116.24792480469,46,14,14,14,10,1852,16,59,34,20,18.6542358398438,3,22,7,1395,111
35.0651532851944,0.79228505240357,389,1161.85241699219,46,14,14,14,10,1756,16,61,33,21,18.7240123748779,4,-61,12,1675,106
35.1318199517543,0.79228505240357,447,1127.57238769531,46,14,14,14,10,1857,19,59,34,20,18.64892578125,4,14,8,1517,110
35.0755699518444,0.79020171907357,446,1112.560546875,46,14,14,14,10,1776,16,60,33,21,18.7269706726074,3,-8,12,1720,109
35.1005699518043,0.79020171907357,438,1108.52368164062,47,14,14,14,10,1786,17,60,33,20,18.7029762268066,5,-54,6,1906,111
35.0901532851543,0.78811838574357,460,1109.58959960938,47,14,14,14,10,1771,17,62,32,20,18.71435546875,4,-106,16,1942,110
35.0693199518544,0.78603505241357,434,1112.560546875,46,14,14,14,10,1776,16,60,33,21,18.7269706726074,3,-8,12,1720,109
35.0901532851543,0.78603505241357,433,1109.58959960938,47,14,14,14,10,1771,17,62,32,20,18.71435546875,4,-106,16,1942,110
35.1005699518043,0.78603505241357,436,1108.52368164062,47,14,14,14,10,1786,17,60,33,20,18.7029762268066,5,-54,6,1906,111
35.1089032851243,0.78603505241357,450,1103.19909667969,47,14,14,14,10,1789,18,63,33,20,18.6956443786621,3,-72,12,1901,110
35.1359866184143,0.78603505241357,409,1133.12060546875,46,14,14,14,10,1850,16,59,33,20,18.6420040130615,2,-27,3,1556,112
35.0755699518444,0.78395171908357,403,1101.6689453125,45,14,14,14,10,1758,17,59,34,20,18.7309398651123,5,-89,15,1979,108
35.0922366184843,0.78395171908357,439,1111.59545898438,47,14,14,14,10,1782,15,58,33,21,18.7026805877686,2,-66,13,1886,108
35.0755699518444,0.78186838575357,422,1101.6689453125,45,14,14,14,10,1758,17,59,34,20,18.7309398651123,5,-89,15,1979,108
35.0839032851643,0.78186838575357,416,1102.11022949219,46,14,14,14,10,1777,17,59,34,21,18.7150802612305,4,-27,12,1878,108
35.0964032851443,0.78186838575357,446,1119.21228027344,46,14,14,14,10,1810,15,58,34,20,18.6910552978516,3,4,4,1710,109
35.1151532851143,0.78186838575357,398,1122.95654296875,47,14,14,14,10,1807,18,59,33,20,18.6767845153809,2,-140,20,1849,107
35.1214032851043,0.78186838575357,399,1131.39831542969,47,14,14,14,10,1830,19,58,34,20,18.6632843017578,4,-109,8,1644,107
35.1234866184343,0.77978505242357,393,1131.39831542969,47,14,14,14,10,1830,19,58,34,20,18.6632843017578,4,-109,8,1644,107
35.1339032850843,0.77770171909357,409,1144.82580566406,46,14,14,14,10,1871,17,58,34,20,18.6437072753906,4,44,8,1495,108
35.1109866184543,0.77561838576357,401,1167.91015625,47,14,14,14,10,1840,19,60,33,20,18.6495704650879,10,-88,9,1768,106
35.0693199518544,0.77353505243357,436,1086.72180175781,45,14,14,14,10,1768,22,60,35,20,18.7307415008545,3,-39,10,1908,106
35.0943199518143,0.77145171910357,448,1139.76062011719,45,14,14,14,10,1814,15,58,35,20,18.6720962524414,4,-71,8,1822,106
35.1193199517743,0.77145171910357,424,1178.91284179688,47,14,14,14,10,1862,22,60,33,20,18.6383476257324,4,31,11,1586,104
35.0714032851844,0.76936838577357,405,1086.72180175781,45,14,14,14,10,1768,22,60,35,20,18.7307415008545,3,-39,10,1908,106
35.0922366184843,0.76936838577357,429,1121.8583984375,45,14,14,14,10,1815,18,58,35,20,18.682710647583,4,51,8,1662,105
35.0984866184743,0.76936838577357,401,1139.76062011719,45,14,14,14,10,1814,15,58,35,20,18.6720962524414,4,-71,8,1822,106
35.1359866184143,0.76936838577357,411,1164.03540039062,46,14,14,14,10,1869,19,58,33,21,18.6301612854004,1,-26,4,1574,113
35.1234866184343,0.76728505244357,413,1236.67492675781,47,14,14,14,10,1895,20,58,33,20,18.613109588623,5,78,8,1347,108
35.1318199517543,0.76728505244357,426,1225.20568847656,47,14,14,14,10,1900,20,58,32,20,18.6134223937988,2,51,7,1418,109
35.1068199517943,0.76520171911357,407,1177.16345214844,46,14,14,14,10,1872,17,60,34,20,18.6365947723389,5,54,7,1427,106
35.1401532850743,0.76520171911357,407,1187.35461425781,47,14,14,14,10,1877,18,57,33,21,18.621696472168,2,-81,11,1698,110
35.0651532851944,0.76311838578357,363,1092.03820800781,45,14,14,14,10,1748,20,58,35,20,18.7444553375244,2,-61,7,1955,106
35.0776532851743,0.76311838578357,398,1090.13122558594,43,14,14,14,10,1799,21,58,37,20,18.7091217041016,11,7,4,1756,100
35.0922366184843,0.76311838578357,399,1114.599609375,44,14,14,14,10,1863,22,58,36,20,18.6738719940186,4,293,19,1336,103
35.1047366184643,0.76311838578357,431,1177.16345214844,46,14,14,14,10,1872,17,60,34,20,18.6365947723389,5,54,7,1427,106
35.1318199517543,0.76311838578357,435,1225.20568847656,47,14,14,14,10,1900,20,58,32,20,18.6134223937988,2,51,7,1418,109
35.1401532850743,0.76311838578357,414,1187.35461425781,47,14,14,14,10,1877,18,57,33,21,18.621696472168,2,-81,11,1698,110
35.0443199518944,0.76103505245357,353,1154.78344726562,46,14,14,14,10,1744,21,60,34,20,18.739767074585,3,-92,29,1748,104
35.0484866185544,0.76103505245357,365,1154.78344726562,46,14,14,14,10,1744,21,60,34,20,18.739767074585,3,-92,29,1748,104
35.1443199517343,0.76103505245357,419,1160.40502929688,47,14,14,14,10,1890,20,58,33,20,18.6191215515137,3,-53,8,1675,109
35.1380699517443,0.75895171912357,411,1213.61169433594,47,14,14,14,10,1904,19,58,32,21,18.6069717407227,4,-1,10,1586,110
35.0484866185544,0.75686838579357,359,1114.50317382812,47,14,14,14,12,1749,19,57,32,21,18.7403221130371,6,-67,8,1968,102
35.0609866185344,0.75686838579357,358,1105.6376953125,47,14,14,14,10,1759,20,59,33,21,18.7242107391357,8,-36,5,2104,104
35.0797366185043,0.75686838579357,349,1084.38330078125,46,14,14,14,10,1765,21,58,34,20,18.7168426513672,3,-168,13,2127,104
35.1068199517943,0.75686838579357,437,1176.31274414062,47,14,14,14,10,1881,19,61,33,20,18.6327533721924,5,21,9,1373,105
35.1339032850843,0.75686838579357,467,1252.90515136719,47,14,14,14,10,1918,20,58,33,20,18.6015949249268,2,70,6,1296,117
34.9859866186544,0.75478505246357,313,1061.81811523438,45,14,14,14,10,1669,20,59,36,20,18.7348365783691,4,-93,15,1507,102
35.0464032852244,0.75478505246357,371,1114.50317382812,47,14,14,14,12,1749,19,57,32,21,18.7403221130371,6,-67,8,1968,102
35.0714032851844,0.75478505246357,343,1089.50109863281,46,14,14,14,10,1763,23,59,34,20,18.7205638885498,7,-8,16,2024,105
35.1401532850743,0.75478505246357,418,1213.61169433594,47,14,14,14,10,1904,19,58,32,21,18.6069717407227,4,-1,10,1586,110
34.9630699520244,0.75270171913357,245,1083.658203125,46,14,14,14,10,1653,20,60,34,20,18.7142772674561,6,-99,14,1821,104
34.9651532853544,0.75270171913357,252,1083.658203125,46,14,14,14,10,1653,20,60,34,20,18.7142772674561,6,-99,14,1821,104
34.9880699519844,0.75270171913357,272,1061.81811523438,45,14,14,14,10,1669,20,59,36,20,18.7348365783691,4,-93,15,1507,102
35.0630699518644,0.75270171913357,333,1105.6376953125,47,14,14,14,10,1759,20,59,33,21,18.7242107391357,8,-36,5,2104,104
35.0109866186144,0.75061838580357,273,1037.8662109375,45,14,14,14,10,1680,18,59,35,20,18.7496185302734,4,-88,18,1850,101
35.0464032852244,0.75061838580357,335,1112.0859375,46,14,14,14,10,1754,18,57,33,21,18.728214263916,6,-51,13,1842,97
35.0839032851643,0.75061838580357,415,1100.61315917969,47,14,14,14,10,1772,22,59,33,20,18.7025585174561,5,-197,10,2179,107
35.1339032850843,0.75061838580357,524,1240.27160644531,46,14,14,14,10,1925,20,59,35,20,18.6022853851318,3,47,8,1427,115
35.1380699517443,0.75061838580357,473,1215.15942382812,47,14,14,14,10,1923,18,58,33,20,18.60178565979,3,85,7,1450,119
35.0484866185544,0.74853505247357,306,1112.0859375,46,14,14,14,10,1754,18,57,33,21,18.728214263916,6,-51,13,1842,97
35.0922366184843,0.74853505247357,370,1101.73229980469,46,14,14,14,10,1806,22,60,34,20,18.6848602294922,4,-92,16,1944,103
34.9526532853744,0.74645171914357,221,1117.12353515625,46,14,14,14,10,1638,24,61,35,19,18.7039394378662,6,-93,21,2136,101
34.9797366186644,0.74645171914357,239,1171.90087890625,46,14,14,14,10,1664,24,60,34,20,18.7263336181641,5,-76,12,1683,97
35.0505699518844,0.74645171914357,316,1112.0859375,46,14,14,14,10,1754,18,57,33,21,18.728214263916,6,-51,13,1842,97
35.1255699517643,0.74645171914357,472,1236.26281738281,47,14,14,14,10,1912,22,60,34,20,18.60964012146,2,9,9,1291,115
35.0359866185744,0.74436838581357,270,1065.25073242188,46,14,14,14,10,1712,18,59,33,21,18.7543163299561,6,-188,13,1813,99
35.0526532852144,0.74436838581357,318,1146.22448730469,48,14,14,14,12,1795,19,59,32,21,18.6989860534668,4,134,8,1478,100
35.0609866185344,0.74436838581357,345,1147.0810546875,47,14,14,14,10,1781,22,61,32,21,18.7011184692383,4,-55,5,1764,102
35.0755699518444,0.74436838581357,360,1122.24243164062,47,14,14,14,10,1790,22,61,32,21,18.7000865936279,5,33,9,1653,104
35.0984866184743,0.74436838581357,425,1128.544921875,45,14,14,14,10,1838,17,61,34,20,18.6596984863281,5,-97,8,1648,101
35.1172366184443,0.74436838581357,454,1210.95666503906,47,14,14,14,10,1909,17,58,34,19,18.615421295166,3,78,7,1178,116
34.9464032853844,0.74228505248357,232,1131.25891113281,46,14,14,14,10,1663,20,60,35,19,18.6916427612305,4,-59,12,1878,99
34.9630699520244,0.74228505248357,206,1277.04821777344,46,14,14,14,10,1687,22,60,35,19,18.7030334472656,7,-77,26,1625,96
34.9839032853244,0.74228505248357,294,1351.73413085938,46,14,14,14,10,1712,22,60,35,19,18.710786819458,6,-2,19,1334,93
35.0109866186144,0.74228505248357,302,1055.54638671875,46,14,14,14,10,1704,16,59,35,19,18.7476119995117,5,34,15,1653,103
35.1068199517943,0.74228505248357,441,1170.13952636719,46,14,14,14,10,1905,16,59,34,20,18.6278648376465,2,126,5,1342,108
34.9609866186944,0.74020171915357,228,1277.04821777344,46,14,14,14,10,1687,22,60,35,19,18.7030334472656,7,-77,26,1625,96
34.9755699520044,0.74020171915357,248,1334.12341308594,46,14,14,14,10,1705,22,61,35,19,18.706880569458,4,-60,23,1368,94
35.0609866185344,0.74020171915357,334,1212.82238769531,48,14,14,14,10,1794,24,60,32,20,18.6724681854248,4,-118,13,1674,99
35.1484866183943,0.74020171915357,440,1173.78051757812,47,14,14,14,10,1906,23,60,33,20,18.612190246582,1,-68,10,1903,115
35.0047366186244,0.73811838582357,363,1073.08068847656,46,14,14,14,10,1670,20,61,34,19,18.7418975830078,3,-107,16,1739,101
35.0422366185644,0.73811838582357,240,1079.00268554688,45,14,14,14,10,1734,18,56,35,20,18.7401790618896,4,-92,11,1861,94
35.0984866184743,0.73811838582357,428,1140.98522949219,45,14,14,14,10,1866,18,58,34,20,18.6450595855713,6,27,11,1595,104
35.1005699518043,0.73811838582357,439,1140.98522949219,45,14,14,14,10,1866,18,58,34,20,18.6450595855713,6,27,11,1595,104
35.1401532850743,0.73811838582357,426,1187.54699707031,47,14,14,14,10,1917,18,60,33,20,18.6146259307861,5,11,5,1664,111
34.9401532853944,0.73603505249357,220,1095.87573242188,46,14,14,14,10,1632,24,62,35,19,18.6823692321777,3,-120,15,2168,103
35.0109866186144,0.73603505249357,342,1055.54638671875,46,14,14,14,10,1704,16,59,35,19,18.7476119995117,5,34,15,1653,103
35.0318199519144,0.73603505249357,282,1055.75476074219,45,14,14,14,12,1690,18,57,34,20,18.751880645752,7,-161,15,2195,96
35.0672366185244,0.73603505249357,372,1212.82238769531,48,14,14,14,10,1794,24,60,32,20,18.6724681854248,4,-118,13,1674,99
35.1089032851243,0.73603505249357,424,1170.13952636719,46,14,14,14,10,1905,16,59,34,20,18.6278648376465,2,126,5,1342,108
35.1276532850943,0.73603505249357,449,1200.33776855469,47,14,14,14,10,1921,19,60,33,20,18.6129570007324,2,67,16,1518,114
35.1464032850643,0.73603505249357,445,1173.78051757812,47,14,14,14,10,1906,23,60,33,20,18.612190246582,1,-68,10,1903,115
34.9922366186444,0.73395171916357,305,1428.3994140625,46,14,14,14,10,1734,24,60,34,20,18.6827411651611,8,0,14,990,90
35.0255699519244,0.73395171916357,290,1076.71813964844,45,14,14,14,10,1737,17,59,35,20,18.7459812164307,3,97,11,1486,102
35.0339032852444,0.73395171916357,279,1077.49365234375,45,14,14,14,10,1759,19,59,35,20,18.7366218566895,1,137,15,1417,98
35.0943199518143,0.73395171916357,456,1158.87377929688,46,14,14,14,10,1886,19,58,34,20,18.6448345184326,8,90,11,1362,108
35.1068199517943,0.73395171916357,406,1175.84729003906,47,14,14,14,10,1875,18,59,33,20,18.6361541748047,3,-75,15,1558,111
34.9255699520844,0.73186838583357,207,1224.95983886719,46,14,14,14,10,1634,17,60,35,19,18.6605339050293,1,-121,16,2126,103
34.9318199520744,0.73186838583357,203,1106.03930664062,45,14,14,14,10,1640,21,61,35,19,18.6687126159668,4,-82,18,2190,106
34.9693199520144,0.73186838583357,245,1475.10205078125,47,14,14,14,10,1784,28,59,34,19,18.6493816375732,10,89,22,914,93
34.9859866186544,0.73186838583357,244,1428.3994140625,46,14,14,14,10,1734,24,60,34,20,18.6827411651611,8,0,14,990,90
34.9901532853144,0.73186838583357,259,1428.3994140625,46,14,14,14,10,1734,24,60,34,20,18.6827411651611,8,0,14,990,90
34.9964032853044,0.73186838583357,324,1265.92700195312,47,14,14,14,10,1699,23,61,33,20,18.7248229980469,5,-71,16,1128,96
35.0005699519644,0.73186838583357,378,1265.92700195312,47,14,14,14,10,1699,23,61,33,20,18.7248229980469,5,-71,16,1128,96
35.0422366185644,0.73186838583357,238,1098.91076660156,45,14,14,14,12,1784,19,57,36,20,18.7108726501465,7,77,9,1379,96
35.0464032852244,0.73186838583357,262,1162.66491699219,45,14,14,14,12,1786,22,59,35,20,18.6763572692871,8,-112,11,1661,95
35.0922366184843,0.73186838583357,417,1152.45495605469,45,14,14,14,10,1859,23,58,34,20,18.6562366485596,9,-51,11,1645,107
34.9964032853044,0.72978505250357,347,1265.92700195312,47,14,14,14,10,1699,23,61,33,20,18.7248229980469,5,-71,16,1128,96
35.1005699518043,0.72978505250357,376,1158.87377929688,46,14,14,14,10,1886,19,58,34,20,18.6448345184326,8,90,11,1362,108
35.1130699517843,0.72978505250357,380,1181.24401855469,47,14,14,14,10,1878,19,59,32,21,18.6328754425049,1,-81,11,1766,113
34.9339032854044,0.72770171917357,204,1106.03930664062,45,14,14,14,10,1640,21,61,35,19,18.6687126159668,4,-82,18,2190,106
34.9693199520144,0.72770171917357,309,1475.10205078125,47,14,14,14,10,1784,28,59,34,19,18.6493816375732,10,89,22,914,93
35.0901532851543,0.72770171917357,378,1152.45495605469,45,14,14,14,10,1859,23,58,34,20,18.6562366485596,9,-51,11,1645,107
35.1214032851043,0.72770171917357,379,1176.74621582031,48,14,14,14,10,1900,20,60,33,20,18.62961769104,4,0,6,1704,111
34.9443199520544,0.72561838584357,197,1143.0078125,47,14,14,14,10,1702,21,60,34,20,18.6816215515137,6,11,14,1578,95
34.9464032853844,0.72561838584357,207,1143.0078125,47,14,14,14,10,1702,21,60,34,20,18.6816215515137,6,11,14,1578,95
35.0089032852844,0.72561838584357,385,1209.83422851562,46,14,14,14,10,1704,21,60,33,20,18.7283954620361,3,-141,6,1389,99
35.1193199517743,0.72561838584357,379,1188.16247558594,47,14,14,14,10,1889,19,58,32,21,18.6271209716797,3,-69,24,1986,113
35.1214032851043,0.72561838584357,394,1188.16247558594,47,14,14,14,10,1889,19,58,32,21,18.6271209716797,3,-69,24,1986,113
34.9359866187344,0.72353505251357,212,1093.49755859375,47,14,14,14,10,1680,18,59,34,19,18.6763706207275,2,84,8,1748,103
35.0589032852044,0.72353505251357,307,1284.62145996094,49,14,14,14,12,1884,23,61,32,19,18.6216678619385,2,136,13,537,107
35.1172366184443,0.72353505251357,420,1203.02819824219,48,14,14,14,10,1893,21,60,32,21,18.6250152587891,2,-7,9,1758,112
34.9401532853944,0.72145171918357,240,1093.49755859375,47,14,14,14,10,1680,18,59,34,19,18.6763706207275,2,84,8,1748,103
34.9589032853644,0.72145171918357,255,1245.88708496094,46,15,15,15,10,1795,23,59,34,20,18.6578598022461,6,288,13,568,90
35.0026532852944,0.72145171918357,384,1209.83422851562,46,14,14,14,10,1704,21,60,33,20,18.7283954620361,3,-141,6,1389,99
35.1109866184543,0.72145171918357,429,1203.02819824219,48,14,14,14,10,1893,21,60,32,21,18.6250152587891,2,-7,9,1758,112
34.9464032853844,0.71936838585357,241,1143.0078125,47,14,14,14,10,1702,21,60,34,20,18.6816215515137,6,11,14,1578,95
35.0172366186044,0.71936838585357,389,1122.94604492188,46,14,14,14,10,1701,17,58,34,20,18.7398090362549,3,-128,8,1600,98
35.0589032852044,0.71936838585357,328,1284.62145996094,49,14,14,14,12,1884,23,61,32,19,18.6216678619385,2,136,13,537,107
34.9297366187444,0.71728505252357,244,1068.90417480469,45,14,14,14,10,1623,18,60,36,19,18.6565551757812,5,-156,14,2310,103
34.9818199519944,0.71728505252357,461,1542.70190429688,47,14,14,14,10,1844,22,62,34,19,18.6058769226074,2,105,15,16,110
35.0297366185844,0.71728505252357,327,1094.2587890625,45,14,14,14,10,1747,20,60,35,20,18.7291641235352,7,-130,6,1619,96
35.0443199518944,0.71728505252357,321,1188.83435058594,46,15,15,15,12,1855,26,59,34,20,18.6405811309814,3,54,82,612,105
35.1193199517743,0.71728505252357,495,1220.52111816406,49,15,15,15,10,1912,19,60,30,21,18.6139183044434,3,18,13,1897,110
35.1276532850943,0.71728505252357,494,1194.06420898438,48,15,15,15,10,1907,19,59,30,22,18.6181888580322,3,-47,8,2047,114
34.9755699520044,0.71520171919357,347,1455.87573242188,48,14,14,14,10,1828,23,61,34,19,18.611743927002,3,46,12,300,104
34.9984866186344,0.71520171919357,377,1420.26293945312,47,14,14,14,10,1791,23,60,33,20,18.6541500091553,10,68,15,218,101
35.0151532852744,0.71520171919357,388,1210.2900390625,47,14,14,14,10,1729,24,61,32,21,18.707555770874,4,-150,11,1454,92
35.0193199519344,0.71520171919357,373,1129.27490234375,46,14,14,14,10,1711,22,59,34,20,18.7304821014404,3,-201,14,1727,95
35.0401532852344,0.71520171919357,259,1116.8642578125,45,14,14,14,12,1789,29,58,35,20,18.6853103637695,11,-33,36,1286,98
35.0547366185444,0.71520171919357,290,1279.86022949219,46,14,14,14,10,1877,25,61,33,20,18.6194553375244,3,15,23,387,109
35.0839032851643,0.71520171919357,423,1240.06323242188,48,14,14,14,10,1882,21,58,32,21,18.6269912719727,4,-2,13,1270,113
34.9797366186644,0.71311838586357,337,1542.70190429688,47,14,14,14,10,1844,22,62,34,19,18.6058769226074,2,105,15,16,110
35.0068199519544,0.71311838586357,397,1311.28308105469,47,14,14,14,10,1737,21,60,33,21,18.6836242675781,5,-149,10,1101,94
34.9922366186444,0.71103505253357,374,1515.24963378906,48,14,14,14,10,1812,26,62,33,19,18.6274604797363,8,37,10,94,102
34.9943199519744,0.71103505253357,375,1420.26293945312,47,14,14,14,10,1791,23,60,33,20,18.6541500091553,10,68,15,218,101
35.0089032852844,0.71103505253357,403,1311.28308105469,47,14,14,14,10,1737,21,60,33,21,18.6836242675781,5,-149,10,1101,94
35.1255699517643,0.71103505253357,522,1220.52111816406,49,15,15,15,10,1912,19,60,30,21,18.6139183044434,3,18,13,1897,110
34.9318199520744,0.70895171920357,221,1050.24658203125,47,14,14,14,10,1611,20,59,34,19,18.6503562927246,2,-147,8,2317,101
34.9672366186844,0.70895171920357,289,1229.90576171875,47,15,15,15,10,1800,30,61,34,19,18.6491889953613,10,54,20,630,93
34.9734866186744,0.70895171920357,329,1370.77258300781,48,14,14,14,10,1837,23,61,33,19,18.61159324646,4,112,13,134,101
35.0026532852944,0.70895171920357,390,1408.44799804688,47,14,14,14,10,1841,22,59,33,20,18.6249103546143,8,177,13,276,101
35.0484866185544,0.70895171920357,279,1201.51599121094,46,14,14,14,10,1869,25,58,34,19,18.6297760009766,2,100,63,487,107
35.0755699518444,0.70895171920357,375,1263.91345214844,48,14,14,14,10,1883,25,62,31,21,18.6197929382324,1,-15,14,1120,115
35.1422366184043,0.70895171920357,480,1218.20788574219,48,15,15,15,10,1934,18,58,30,23,18.6071910858154,3,-13,9,2078,113
35.1464032850643,0.70895171920357,405,1231.92053222656,48,15,15,15,10,1945,18,58,30,22,18.5987110137939,4,42,4,2033,113
34.9380699520644,0.70686838587357,239,1050.46264648438,46,14,14,14,10,1634,18,59,35,19,18.6634654998779,4,-97,16,2166,99
34.9755699520044,0.70686838587357,336,1370.77258300781,48,14,14,14,10,1837,23,61,33,19,18.61159324646,4,112,13,134,101
35.0526532852144,0.70686838587357,266,1262.49890136719,46,14,14,14,10,1892,21,57,33,20,18.6159934997559,3,62,16,442,111
35.0609866185344,0.70686838587357,362,1283.85498046875,46,14,14,14,10,1896,20,57,33,21,18.6155319213867,2,70,5,528,116
35.1234866184343,0.70686838587357,519,1241.72741699219,48,15,15,15,10,1936,18,58,30,22,18.6053237915039,3,113,10,1626,118
34.9464032853844,0.70478505254357,238,1082.03442382812,48,14,14,14,10,1671,19,59,33,19,18.6775741577148,5,-73,9,1785,96
35.0484866185544,0.70478505254357,312,1201.51599121094,46,14,14,14,10,1869,25,58,34,19,18.6297760009766,2,100,63,487,107
34.9380699520644,0.70270171921357,242,1050.46264648438,46,14,14,14,10,1634,18,59,35,19,18.6634654998779,4,-97,16,2166,99
34.9505699520444,0.70270171921357,231,1082.03442382812,48,14,14,14,10,1671,19,59,33,19,18.6775741577148,5,-73,9,1785,96
34.9568199520344,0.70270171921357,248,1129.95373535156,47,14,14,14,10,1734,30,61,33,20,18.6829853057861,10,-36,33,1115,92
34.9859866186544,0.70270171921357,392,1479.55615234375,48,14,14,14,10,1832,21,60,31,21,18.6113681793213,3,-9,13,96,109
35.0568199518744,0.70270171921357,304,1262.49890136719,46,14,14,14,10,1892,21,57,33,20,18.6159934997559,3,62,16,442,111
35.0693199518544,0.70270171921357,361,1263.91345214844,48,14,14,14,10,1883,25,62,31,21,18.6197929382324,1,-15,14,1120,115
35.0943199518143,0.70270171921357,534,1258.65185546875,47,15,15,15,10,1915,19,59,31,22,18.6121463775635,0,38,6,1308,117
34.9234866187544,0.70061838588357,232,1079.05310058594,47,14,14,14,10,1607,18,60,33,19,18.6347217559814,3,-151,20,2283,101
34.9984866186344,0.70061838588357,402,1422.28625488281,48,14,14,14,10,1856,17,60,31,21,18.6035594940186,1,65,7,-303,110
35.0172366186044,0.70061838588357,442,1384.12194824219,48,14,14,14,10,1867,23,60,31,20,18.6088905334473,2,160,14,-22,114
35.0401532852344,0.70061838588357,324,1198.80554199219,46,14,14,14,10,1852,24,58,36,18,18.6377201080322,3,3,14,600,105
35.0484866185544,0.70061838588357,298,1221.9453125,46,14,14,14,10,1877,21,58,35,19,18.6231670379639,2,61,18,523,111
34.9776532853344,0.69853505255357,383,1395.68139648438,48,14,14,14,10,1848,20,60,32,20,18.6004467010498,1,56,9,-179,109
35.0193199519344,0.69853505255357,451,1298.24694824219,48,14,14,14,10,1857,22,60,33,19,18.6232261657715,2,166,13,185,105
35.0422366185644,0.69853505255357,317,1198.80554199219,46,14,14,14,10,1852,24,58,36,18,18.6377201080322,3,3,14,600,105
35.0547366185444,0.69853505255357,308,1246.75268554688,45,14,14,14,10,1886,17,57,35,20,18.6184787750244,2,52,17,529,117
34.9734866186744,0.69645171922357,397,1311.693359375,48,14,14,14,10,1827,26,60,33,19,18.6145801544189,3,44,7,86,101
35.0172366186044,0.69645171922357,457,1384.12194824219,48,14,14,14,10,1867,23,60,31,20,18.6088905334473,2,160,14,-22,114
35.0464032852244,0.69645171922357,297,1221.9453125,46,14,14,14,10,1877,21,58,35,19,18.6231670379639,2,61,18,523,111
35.1255699517643,0.69645171922357,530,1243.79125976562,48,15,15,15,10,1935,20,60,29,22,18.6071338653564,1,30,5,1610,117
34.9984866186344,0.69436838589357,466,1422.28625488281,48,14,14,14,10,1856,17,60,31,21,18.6035594940186,1,65,7,-303,110
35.0380699519044,0.69436838589357,330,1198.80554199219,46,14,14,14,10,1852,24,58,36,18,18.6377201080322,3,3,14,600,105
35.0401532852344,0.69436838589357,339,1198.80554199219,46,14,14,14,10,1852,24,58,36,18,18.6377201080322,3,3,14,600,105
35.0714032851844,0.69436838589357,384,1245.66760253906,45,14,14,14,10,1896,19,59,34,21,18.6176662445068,0,27,10,955,117
35.0880699518243,0.69436838589357,422,1265.88159179688,46,15,15,15,10,1914,21,58,32,22,18.6106243133545,2,22,12,1114,115
35.0943199518143,0.69436838589357,462,1282.23425292969,48,15,15,15,10,1915,22,59,30,23,18.6055126190186,6,11,15,1308,115
34.9130699521044,0.69228505256357,185,1084.79260253906,47,14,14,14,10,1603,20,59,33,20,18.6173248291016,0,-133,15,2131,103
34.9984866186344,0.69228505256357,464,1337.8828125,49,14,14,14,10,1858,18,60,31,21,18.6055126190186,2,36,9,-273,108
35.0318199519144,0.69228505256357,367,1267.08215332031,48,14,14,14,10,1880,19,58,33,18,18.6145172119141,2,127,9,313,111
35.1089032851243,0.69228505256357,459,1277.33813476562,47,15,15,15,10,1938,16,58,30,23,18.6053791046143,2,97,11,1235,121
34.9172366187644,0.69020171923357,182,1084.79260253906,47,14,14,14,10,1603,20,59,33,20,18.6173248291016,0,-133,15,2131,103
34.9443199520544,0.69020171923357,226,1110.17370605469,46,14,14,14,10,1685,20,60,35,19,18.6705722808838,6,-93,23,1642,93
34.9839032853244,0.69020171923357,417,1332.4365234375,48,14,14,14,10,1851,23,60,32,20,18.5980186462402,1,104,14,-193,113
35.0672366185244,0.69020171923357,414,1235.17370605469,46,14,14,14,10,1883,20,58,33,20,18.6219291687012,3,-41,11,898,114
35.1026532851343,0.69020171923357,458,1277.33813476562,47,15,15,15,10,1938,16,58,30,23,18.6053791046143,2,97,11,1235,121
34.9109866187744,0.68811838590357,179,1084.79260253906,47,14,14,14,10,1603,20,59,33,20,18.6173248291016,0,-133,15,2131,103
34.9401532853944,0.68811838590357,223,1091.49291992188,47,14,14,14,10,1678,16,59,34,19,18.6603107452393,5,14,13,1754,98
34.9568199520344,0.68811838590357,274,1152.83801269531,46,14,14,14,10,1724,28,60,35,19,18.6606101989746,14,-132,21,1230,90
34.9714032853444,0.68811838590357,440,1288.91455078125,48,14,14,14,10,1831,22,60,33,20,18.6047630310059,3,78,8,100,103
34.9880699519844,0.68811838590357,406,1333.01770019531,48,14,14,14,10,1841,20,61,31,21,18.6051216125488,0,10,11,-156,112
34.9901532853144,0.68811838590357,395,1333.01770019531,48,14,14,14,10,1841,20,61,31,21,18.6051216125488,0,10,11,-156,112
35.0089032852844,0.68811838590357,431,1348.80541992188,49,14,14,14,10,1862,20,62,30,21,18.6048069000244,2,63,7,-231,119
35.0693199518544,0.68811838590357,452,1244.54516601562,46,14,14,14,10,1894,18,56,33,21,18.615478515625,3,4,15,949,115
35.1151532851143,0.68811838590357,476,1247.74792480469,48,15,15,15,10,1918,20,59,29,23,18.6128196716309,1,-27,8,1559,116
34.9568199520344,0.68603505257357,276,1152.83801269531,46,14,14,14,10,1724,28,60,35,19,18.6606101989746,14,-132,21,1230,90
34.9755699520044,0.68603505257357,412,1288.91455078125,48,14,14,14,10,1831,22,60,33,20,18.6047630310059,3,78,8,100,103
34.9964032853044,0.68603505257357,444,1337.8828125,49,14,14,14,10,1858,18,60,31,21,18.6055126190186,2,36,9,-273,108
35.0630699518644,0.68603505257357,443,1235.17370605469,46,14,14,14,10,1883,20,58,33,20,18.6219291687012,3,-41,11,898,114
35.0818199518343,0.68603505257357,501,1261.21850585938,46,15,15,15,10,1906,21,58,32,22,18.6106452941895,3,13,23,1021,114
35.1026532851343,0.68603505257357,478,1277.33813476562,47,15,15,15,10,1938,16,58,30,23,18.6053791046143,2,97,11,1235,121
34.8964032854644,0.68395171924357,208,1159.7001953125,48,14,14,14,10,1640,22,57,32,20,18.5928897857666,8,58,22,1960,104
34.9609866186944,0.68395171924357,359,1228.48461914062,47,14,14,14,10,1828,20,59,33,19,18.6138286590576,2,227,10,22,103
35.0276532852544,0.68395171924357,340,1278.64233398438,46,14,14,14,10,1861,17,58,35,19,18.6118488311768,1,-67,33,342,111
35.1214032851043,0.68395171924357,511,1241.15270996094,49,15,15,15,10,1929,22,60,29,23,18.61474609375,3,-27,7,1676,117
34.9109866187744,0.68186838591357,198,1106.23657226562,44,15,15,15,10,1613,21,58,34,21,18.6144180297852,3,-127,57,2153,104
35.0797366185043,0.68186838591357,412,1270.21044921875,48,14,14,14,10,1913,21,58,31,21,18.6112022399902,2,39,25,868,118
35.0984866184743,0.68186838591357,396,1278.87121582031,46,15,15,15,10,1914,18,58,32,23,18.6138706207275,3,-15,11,1132,115
34.8901532854744,0.67978505258357,236,1161.34094238281,48,14,14,14,10,1614,17,57,31,20,18.5786991119385,5,-39,54,2148,103
34.9276532854144,0.67978505258357,202,1103.59399414062,47,14,14,14,10,1655,19,56,34,19,18.6445846557617,8,-65,28,1752,99
34.9484866187144,0.67978505258357,278,1144.72595214844,46,14,14,14,10,1736,28,59,35,18,18.6611576080322,13,0,16,1078,91
34.9672366186844,0.67978505258357,343,1228.48461914062,47,14,14,14,10,1828,20,59,33,19,18.6138286590576,2,227,10,22,103
35.0734866185144,0.67978505258357,420,1251.23461914062,49,14,14,14,10,1904,19,59,30,22,18.6148681640625,1,38,5,824,115
35.0839032851643,0.67978505258357,415,1270.21044921875,48,14,14,14,10,1913,21,58,31,21,18.6112022399902,2,39,25,868,118
35.1047366184643,0.67978505258357,455,1261.44140625,46,15,15,15,10,1921,21,59,32,22,18.6151027679443,4,17,8,1263,115
35.1172366184443,0.67978505258357,488,1240.12133789062,48,15,15,15,10,1918,19,58,29,23,18.6177196502686,0,-24,5,1536,119
35.1339032850843,0.67978505258357,477,1264.07824707031,50,14,14,14,10,1947,20,60,29,22,18.60715675354,0,45,5,1637,121
34.8839032854844,0.67770171925357,198,1148.67150878906,48,14,14,14,10,1593,15,61,32,20,18.5624828338623,3,-94,12,2115,104
34.9089032854444,0.67770171925357,175,1135.36999511719,46,14,14,14,10,1604,20,58,33,20,18.6031303405762,2,-133,19,2171,104
34.9234866187544,0.67770171925357,222,1096.72570800781,45,14,14,14,12,1641,17,57,34,20,18.6288871765137,3,-18,38,1954,102
34.9422366187244,0.67770171925357,187,1117.65686035156,48,14,14,14,12,1676,19,58,34,18,18.6590614318848,4,-75,25,1580,97
34.9484866187144,0.67770171925357,267,1144.72595214844,46,14,14,14,10,1736,28,59,35,18,18.6611576080322,13,0,16,1078,91
34.9568199520344,0.67770171925357,322,1188.50231933594,47,14,14,14,10,1789,26,60,34,19,18.632532119751,5,155,36,435,92
34.9672366186844,0.67770171925357,369,1228.48461914062,47,14,14,14,10,1828,20,59,33,19,18.6138286590576,2,227,10,22,103
34.9839032853244,0.67770171925357,393,1247.44885253906,46,14,14,14,10,1846,22,59,34,20,18.6161251068115,2,169,13,-285,101
35.0672366185244,0.67770171925357,395,1239.54675292969,46,14,14,14,10,1885,19,59,32,21,18.6210346221924,2,-30,7,874,113
35.1318199517543,0.67770171925357,484,1264.07824707031,50,14,14,14,10,1947,20,60,29,22,18.60715675354,0,45,5,1637,121
35.1505699517243,0.67770171925357,520,1290.45080566406,48,15,15,15,10,1957,18,59,30,22,18.604040145874,1,42,5,1819,123
34.8964032854644,0.67561838592357,221,1194.28649902344,45,14,14,14,10,1638,18,55,34,21,18.591796875,3,-21,88,1706,103
34.9630699520244,0.67561838592357,381,1188.97778320312,47,14,14,14,10,1795,31,62,34,20,18.6426200866699,8,129,14,92,93
34.9818199519944,0.67561838592357,385,1170.02502441406,46,14,14,14,10,1780,22,60,33,21,18.6554870605469,9,-116,8,94,94
35.0276532852544,0.67561838592357,288,1284.48950195312,45,14,14,14,10,1878,16,58,35,20,18.6087245941162,2,25,14,163,109
35.0484866185544,0.67561838592357,289,1319.01062011719,47,14,14,14,10,1881,23,56,34,19,18.6083641052246,2,27,14,602,107
35.1339032850843,0.67561838592357,506,1250.64245605469,49,14,14,14,10,1936,18,59,29,22,18.6158924102783,2,16,8,1710,121
34.9318199520744,0.67145171926357,224,1125.22583007812,47,14,14,14,10,1679,21,54,33,20,18.642707824707,8,-27,30,1394,99
34.9776532853344,0.67145171926357,408,1170.02502441406,46,14,14,14,10,1780,22,60,33,21,18.6554870605469,9,-116,8,94,94
35.0880699518243,0.67145171926357,515,1279.595703125,48,14,14,14,10,1909,20,58,30,22,18.6169910430908,1,12,9,1023,120
34.9651532853544,0.66936838593357,347,1188.97778320312,47,14,14,14,10,1795,31,62,34,20,18.6426200866699,8,129,14,92,93
35.0401532852344,0.66936838593357,350,1324.06665039062,46,14,14,14,10,1888,21,58,35,20,18.6031589508057,4,40,34,281,111
35.0484866185544,0.66936838593357,296,1319.01062011719,47,14,14,14,10,1881,23,56,34,19,18.6083641052246,2,27,14,602,107
35.0589032852044,0.66936838593357,390,1281.71228027344,47,15,15,15,10,1874,19,60,32,21,18.6193675994873,0,-57,12,704,115
35.0630699518644,0.66936838593357,387,1257.53381347656,47,14,14,14,10,1887,18,58,32,22,18.6209583282471,3,-26,11,853,114
35.0693199518544,0.66936838593357,419,1254.94091796875,47,14,14,14,10,1897,21,59,31,22,18.6190223693848,2,19,5,832,118
35.1047366184643,0.66936838593357,507,1245.51867675781,48,15,15,15,10,1918,22,61,30,22,18.6223621368408,1,19,11,1370,120
34.9422366187244,0.66728505260357,245,1140.09582519531,48,14,14,14,12,1708,19,55,34,19,18.6508464813232,6,52,16,968,100
35.0005699519644,0.66728505260357,381,1241.17736816406,46,14,14,14,10,1835,19,61,34,20,18.6190013885498,7,-16,27,115,98
35.0401532852344,0.66728505260357,344,1337.27734375,46,14,14,14,10,1898,19,58,34,20,18.6029205322266,1,80,17,174,113
35.0964032851443,0.66728505260357,445,1276.24487304688,46,14,14,14,10,1911,21,60,32,21,18.623950958252,0,21,20,1271,125
35.1339032850843,0.66728505260357,548,1215.40222167969,49,14,14,14,10,1927,24,60,29,22,18.6271209716797,1,48,4,1760,120
34.9089032854444,0.66520171927357,240,1191.67126464844,44,14,14,14,10,1680,21,56,35,21,18.6020450592041,1,139,92,1328,111
34.9193199520944,0.66520171927357,264,1151.18127441406,46,14,14,14,10,1661,19,55,33,21,18.6249237060547,4,-4,92,1520,104
34.9630699520244,0.66520171927357,357,1136.07434082031,45,14,14,14,10,1732,22,60,35,20,18.6725940704346,6,-76,9,734,94
34.9693199520144,0.66520171927357,358,1136.97631835938,46,14,14,14,10,1729,23,60,34,21,18.6697845458984,6,-185,10,881,95
34.9859866186544,0.66520171927357,388,1193.74340820312,45,14,14,14,10,1807,22,59,34,20,18.6358833312988,2,-34,12,208,97
35.0526532852144,0.66520171927357,344,1323.40307617188,46,14,14,14,10,1883,20,58,32,22,18.6157188415527,3,-27,31,709,115
35.1089032851243,0.66520171927357,485,1233.71752929688,47,15,15,15,10,1901,23,59,31,22,18.6323070526123,3,-22,9,1488,118
34.8922366188044,0.66311838594357,213,1174.10754394531,46,14,14,14,10,1637,20,56,32,22,18.5704727172852,5,-8,82,1728,100
34.9359866187344,0.66311838594357,218,1140.09582519531,48,14,14,14,12,1708,19,55,34,19,18.6508464813232,6,52,16,968,100
34.9589032853644,0.66311838594357,287,1143.53344726562,46,14,14,14,10,1746,21,59,35,19,18.6655540466309,5,88,10,605,94
35.0297366185844,0.66311838594357,326,1283.951171875,46,14,14,14,10,1879,21,56,34,20,18.6083946228027,2,32,63,227,108
35.1130699517843,0.66311838594357,470,1208.93298339844,47,15,15,15,10,1909,21,60,30,22,18.6333484649658,2,-2,6,1602,116
35.1172366184443,0.66311838594357,513,1208.93298339844,47,15,15,15,10,1909,21,60,30,22,18.6333484649658,2,-2,6,1602,116
34.8547366188645,0.66103505261357,172,1091.44555664062,46,14,14,14,10,1574,15,60,32,22,18.4966640472412,5,-28,24,2335,102
34.8714032855044,0.66103505261357,175,1136.82104492188,45,14,14,14,10,1611,14,59,35,20,18.5359859466553,8,60,17,2026,98
34.8734866188344,0.66103505261357,173,1136.82104492188,45,14,14,14,10,1611,14,59,35,20,18.5359859466553,8,60,17,2026,98
34.9297366187444,0.66103505261357,223,1139.23132324219,48,14,14,14,12,1694,20,56,33,19,18.6376190185547,5,49,21,1151,101
34.9380699520644,0.66103505261357,254,1140.09582519531,48,14,14,14,12,1708,19,55,34,19,18.6508464813232,6,52,16,968,100
34.9776532853344,0.66103505261357,366,1156.88500976562,45,14,14,14,10,1763,25,59,34,20,18.6508255004883,6,-83,16,720,96
35.0068199519544,0.66103505261357,391,1257.44897460938,47,14,14,14,10,1848,15,58,34,19,18.6114940643311,5,110,6,-168,108
35.0505699518844,0.66103505261357,293,1348.91625976562,47,14,14,14,10,1894,21,58,31,21,18.6076927185059,3,53,9,272,112
35.0568199518744,0.66103505261357,361,1323.40307617188,46,14,14,14,10,1883,20,58,32,22,18.6157188415527,3,-27,31,709,115
35.0755699518444,0.66103505261357,510,1251.66235351562,46,15,15,15,10,1885,23,59,31,23,18.627290725708,2,-20,8,956,116
35.1005699518043,0.66103505261357,499,1276.24487304688,46,14,14,14,10,1911,21,60,32,21,18.623950958252,0,21,20,1271,125
35.1068199517943,0.66103505261357,453,1233.71752929688,47,15,15,15,10,1901,23,59,31,22,18.6323070526123,3,-22,9,1488,118
34.8505699522045,0.65895171928357,191,1089.30358886719,47,14,14,14,10,1564,15,60,32,22,18.4681701660156,4,-23,21,2077,102
34.8901532854744,0.65895171928357,232,1145.80603027344,46,14,14,14,10,1618,22,56,33,21,18.5573139190674,4,-25,46,1677,99
34.9109866187744,0.65895171928357,198,1150.80541992188,47,14,14,14,10,1675,18,60,33,20,18.6038017272949,5,103,19,1201,100
34.9276532854144,0.65895171928357,240,1127.08642578125,46,14,14,14,10,1676,15,57,33,20,18.6288032531738,2,32,31,1384,102
34.9984866186344,0.65895171928357,410,1288.46435546875,47,14,14,14,10,1840,19,61,31,21,18.6077861785889,5,34,34,-59,100
35.0484866185544,0.65895171928357,277,1350.09936523438,46,15,15,15,10,1885,18,57,33,21,18.6116733551025,2,18,23,451,116
35.0568199518744,0.65895171928357,374,1350.36572265625,47,14,14,14,10,1890,20,59,31,22,18.6137847900391,1,21,77,586,117
35.1193199517743,0.65895171928357,392,1173.21520996094,48,14,14,14,10,1915,19,59,31,21,18.6421966552734,1,70,7,1667,112
34.8714032855044,0.65686838595357,217,1143.81469726562,44,15,15,15,10,1617,14,59,35,20,18.5261993408203,5,62,14,1671,100
34.9839032853244,0.65686838595357,364,1188.75854492188,46,14,14,14,10,1820,26,59,34,20,18.6235389709473,9,147,23,315,92
34.9901532853144,0.65686838595357,382,1248.22790527344,47,14,14,14,10,1807,23,61,33,21,18.6121940612793,4,6,15,192,98
35.0026532852944,0.65686838595357,441,1273.97692871094,48,14,14,14,10,1860,16,58,32,20,18.6124420166016,9,200,5,-370,109
35.0089032852844,0.65686838595357,418,1273.97692871094,48,14,14,14,10,1860,16,58,32,20,18.6124420166016,9,200,5,-370,109
35.0589032852044,0.65686838595357,386,1350.36572265625,47,14,14,14,10,1890,20,59,31,22,18.6137847900391,1,21,77,586,117
35.0922366184843,0.65686838595357,512,1285.34765625,46,14,14,14,10,1901,24,60,34,21,18.6252746582031,2,29,10,1140,118
34.9339032854044,0.65478505262357,256,1127.08642578125,46,14,14,14,10,1676,15,57,33,20,18.6288032531738,2,32,31,1384,102
34.9484866187144,0.65478505262357,286,1114.08520507812,46,14,14,14,10,1699,17,58,34,20,18.6522121429443,7,6,15,1033,96
34.9693199520144,0.65478505262357,314,1136.09240722656,45,14,14,14,10,1757,23,59,34,20,18.6565227508545,8,-21,12,789,91
34.9755699520044,0.65478505262357,299,1136.09240722656,45,14,14,14,10,1757,23,59,34,20,18.6565227508545,8,-21,12,789,91
35.0109866186144,0.65478505262357,410,1226.96215820312,48,14,14,14,10,1815,20,57,32,20,18.6325855255127,3,-135,28,465,104
34.8651532855145,0.65270171929357,212,1129.62158203125,44,15,15,15,10,1601,15,59,34,22,18.5078468322754,6,20,18,1839,103
34.8693199521745,0.65270171929357,209,1143.81469726562,44,15,15,15,10,1617,14,59,35,20,18.5261993408203,5,62,14,1671,100
35.0297366185844,0.65270171929357,430,1271.76513671875,48,14,14,14,10,1871,23,57,31,21,18.6150035858154,2,42,14,120,109
35.0568199518744,0.65270171929357,315,1350.36572265625,47,14,14,14,10,1890,20,59,31,22,18.6137847900391,1,21,77,586,117
35.0839032851643,0.65270171929357,525,1247.47814941406,48,14,14,14,10,1892,28,60,30,22,18.6330966949463,2,13,14,1066,115
34.9005699521244,0.65061838596357,230,1118.94445800781,47,14,14,14,10,1593,18,59,32,20,18.5596694946289,5,-175,13,1870,99
34.9359866187344,0.65061838596357,252,1097.19262695312,46,14,14,14,10,1642,15,59,33,20,18.6322441101074,5,-110,19,1692,100
34.9443199520544,0.65061838596357,273,1104.40515136719,46,14,14,14,10,1652,16,59,34,20,18.645694732666,6,-161,20,1640,99
34.9651532853544,0.65061838596357,291,1111.15112304688,46,14,14,14,10,1709,23,59,34,21,18.6671962738037,5,-87,18,1109,95
34.9859866186544,0.65061838596357,400,1259.41467285156,47,14,14,14,10,1841,21,59,32,21,18.6105442047119,2,156,25,-223,104
34.9943199519744,0.65061838596357,421,1282.54187011719,48,14,14,14,10,1853,20,59,31,21,18.6130771636963,5,143,18,-300,101
35.0464032852244,0.65061838596357,318,1307.98010253906,46,14,14,14,10,1880,24,57,33,21,18.6249675750732,4,28,6,490,108
35.0797366185043,0.65061838596357,496,1224.22338867188,47,14,14,14,10,1891,22,59,31,22,18.6426086425781,3,46,16,1093,107
34.8422366188845,0.64853505263357,170,1131.39001464844,48,14,14,14,10,1537,16,60,32,20,18.4420795440674,5,-156,16,1939,103
34.9380699520644,0.64853505263357,263,1097.19262695312,46,14,14,14,10,1642,15,59,33,20,18.6322441101074,5,-110,19,1692,100
34.9589032853644,0.64853505263357,320,1103.36218261719,45,14,14,14,10,1667,18,59,34,21,18.6583194732666,5,-183,14,1484,98
34.9734866186744,0.64853505263357,284,1144.22192382812,44,14,14,14,10,1786,23,59,35,20,18.6520328521729,11,80,48,812,91
35.0276532852544,0.64853505263357,387,1254.74780273438,48,14,14,14,10,1869,21,60,31,20,18.6249370574951,1,93,13,273,107
35.0589032852044,0.64853505263357,352,1323.20397949219,47,14,14,14,10,1899,26,58,32,21,18.6202220916748,2,148,59,474,114
35.0609866185344,0.64853505263357,308,1270.82214355469,50,14,14,14,10,1878,24,59,29,22,18.6368885040283,6,69,6,695,106
35.0880699518243,0.64853505263357,481,1254.24890136719,46,15,15,15,10,1903,21,59,33,21,18.6349811553955,2,123,6,1051,114
34.9818199519944,0.64645171930357,351,1201.43798828125,45,15,15,15,10,1821,28,60,35,20,18.6235389709473,6,136,16,35,95
34.9964032853044,0.64645171930357,435,1282.54187011719,48,14,14,14,10,1853,20,59,31,21,18.6130771636963,5,143,18,-300,101
35.0109866186144,0.64645171930357,383,1221.67236328125,47,14,14,14,10,1811,18,62,32,20,18.6395988464355,3,-144,15,541,103
35.0234866185944,0.64645171930357,434,1227.67126464844,49,14,14,14,10,1833,21,62,30,21,18.6348609924316,4,-59,9,475,104
35.0818199518343,0.64645171930357,492,1224.22338867188,47,14,14,14,10,1891,22,59,31,22,18.6426086425781,3,46,16,1093,107
35.0880699518243,0.64645171930357,487,1254.24890136719,46,15,15,15,10,1903,21,59,33,21,18.6349811553955,2,123,6,1051,114
34.8339032855645,0.64436838597357,202,1282.49462890625,49,14,14,14,10,1555,16,59,31,20,18.43310546875,4,-97,17,1294,100
34.8505699522045,0.64436838597357,203,1107.71740722656,46,14,14,14,10,1554,14,60,33,21,18.4633274078369,6,-32,20,2154,102
34.8943199521344,0.64436838597357,234,1118.94445800781,47,14,14,14,10,1593,18,59,32,20,18.5596694946289,5,-175,13,1870,99
35.0443199518944,0.64436838597357,349,1307.98010253906,46,14,14,14,10,1880,24,57,33,21,18.6249675750732,4,28,6,490,108
35.0818199518343,0.64436838597357,486,1224.22338867188,47,14,14,14,10,1891,22,59,31,22,18.6426086425781,3,46,16,1093,107
35.1130699517843,0.64436838597357,352,1140.18103027344,48,14,14,14,10,1898,24,59,32,21,18.6643753051758,13,58,6,1744,108
34.8422366188845,0.64228505264357,183,1114.72900390625,48,14,14,14,10,1551,18,60,31,21,18.433198928833,6,-87,21,1790,102
34.8589032855245,0.64228505264357,211,1149.03967285156,45,14,14,14,10,1613,17,59,33,21,18.4818305969238,5,138,13,1853,104
34.8776532854944,0.64228505264357,220,1218.64233398438,46,14,14,14,10,1641,17,59,33,21,18.5368022918701,5,96,15,1522,97
34.9089032854444,0.64228505264357,241,1148.88989257812,45,15,15,15,10,1622,17,59,34,21,18.5739822387695,7,-45,17,1789,100
34.9359866187344,0.64228505264357,260,1100.77978515625,44,14,14,14,10,1692,14,58,35,20,18.6285285949707,6,122,15,1164,96
34.9672366186844,0.64228505264357,305,1129.10949707031,45,14,14,14,10,1710,19,60,34,21,18.6670932769775,2,-74,19,1034,99
35.0193199519344,0.64228505264357,427,1264.63879394531,48,14,14,14,10,1831,22,61,32,20,18.6320743560791,2,2,8,479,105
34.8943199521344,0.640201719313571,234,1172.08435058594,45,15,15,15,10,1610,16,59,34,21,18.5603332519531,4,-58,18,1802,100
34.9255699520844,0.640201719313571,253,1128.20776367188,45,14,14,14,10,1620,15,59,34,21,18.6001815795898,7,-124,14,1861,99
34.9484866187144,0.640201719313571,280,1115.47717285156,44,14,14,14,10,1693,16,59,36,20,18.6454792022705,6,67,15,1340,100
34.9755699520044,0.640201719313571,254,1147.85864257812,45,14,14,14,10,1739,24,60,34,21,18.6587944030762,5,-90,18,788,97
35.0089032852844,0.640201719313571,391,1235.00854492188,47,14,14,14,10,1794,23,60,32,21,18.6367931365967,0,-133,17,355,101
35.0130699519444,0.640201719313571,430,1246.94494628906,47,14,14,14,10,1823,19,60,32,21,18.6350936889648,3,-37,14,447,102
35.0297366185844,0.640201719313571,408,1249.15710449219,48,14,14,14,10,1834,23,60,32,20,18.6411018371582,7,-28,14,576,102
34.9547366187044,0.638118385983571,337,1122.59777832031,44,14,14,14,10,1702,18,59,35,20,18.6593799591064,5,60,15,1166,99
34.9589032853644,0.638118385983571,341,1122.59777832031,44,14,14,14,10,1702,18,59,35,20,18.6593799591064,5,60,15,1166,99
34.9839032853244,0.638118385983571,288,1179.03234863281,44,14,14,14,10,1780,22,58,36,21,18.6425724029541,6,24,10,249,97
34.9880699519844,0.638118385983571,325,1213.44372558594,46,14,14,14,10,1816,22,59,33,21,18.6315536499023,3,40,15,-10,98
35.0234866185944,0.638118385983571,438,1264.63879394531,48,14,14,14,10,1831,22,61,32,20,18.6320743560791,2,2,8,479,105
35.0776532851743,0.638118385983571,514,1185.39184570312,47,15,15,15,10,1891,24,59,30,22,18.6515579223633,2,160,37,1126,103
34.8776532854944,0.636035052653571,214,1218.64233398438,46,14,14,14,10,1641,17,59,33,21,18.5368022918701,5,96,15,1522,97
34.8839032854844,0.636035052653571,215,1218.64233398438,46,14,14,14,10,1641,17,59,33,21,18.5368022918701,5,96,15,1522,97
34.9464032853844,0.636035052653571,276,1115.47717285156,44,14,14,14,10,1693,16,59,36,20,18.6454792022705,6,67,15,1340,100
34.9734866186744,0.636035052653571,249,1147.85864257812,45,14,14,14,10,1739,24,60,34,21,18.6587944030762,5,-90,18,788,97
34.9776532853344,0.636035052653571,310,1179.03234863281,44,14,14,14,10,1780,22,58,36,21,18.6425724029541,6,24,10,249,97
35.0172366186044,0.636035052653571,433,1246.94494628906,47,14,14,14,10,1823,19,60,32,21,18.6350936889648,3,-37,14,447,102
35.0818199518343,0.636035052653571,504,1185.39184570312,47,15,15,15,10,1891,24,59,30,22,18.6515579223633,2,160,37,1126,103
35.0901532851543,0.636035052653571,475,1195.84936523438,47,15,15,15,10,1872,28,59,31,22,18.6518840789795,8,91,14,1378,109
34.8734866188344,0.633951719323571,213,1212.966796875,47,14,14,14,10,1649,17,59,32,21,18.5196876525879,6,149,17,1227,97
34.8964032854644,0.633951719323571,227,1259.56213378906,46,14,14,14,10,1640,17,58,33,21,18.5646781921387,4,-51,27,1299,99
34.9214032854244,0.633951719323571,261,1213.13195800781,46,14,14,14,10,1670,16,59,33,21,18.6051082611084,6,75,15,1427,96
34.9359866187344,0.633951719323571,255,1142.97595214844,45,14,14,14,10,1655,16,59,34,21,18.6222534179688,8,-149,12,1294,97
35.0068199519544,0.633951719323571,404,1243.06176757812,46,14,14,14,10,1818,23,59,33,21,18.6306457519531,4,22,13,322,98
35.0401532852344,0.633951719323571,298,1186.57202148438,47,14,14,14,10,1790,24,59,32,21,18.6685447692871,4,-171,13,1051,100
34.8359866188945,0.631868385993571,187,1102.32336425781,47,14,14,14,10,1541,15,58,32,21,18.4230880737305,4,-131,17,1971,100
34.8776532854944,0.631868385993571,222,1267.36437988281,47,14,14,14,10,1662,17,59,32,21,18.5392208099365,4,57,14,1050,98
34.9484866187144,0.631868385993571,300,1130.05346679688,44,14,14,14,10,1706,15,58,35,20,18.6383228302002,8,80,11,1026,99
35.0089032852844,0.631868385993571,400,1243.06176757812,46,14,14,14,10,1818,23,59,33,21,18.6306457519531,4,22,13,322,98
35.0297366185844,0.631868385993571,356,1245.48254394531,47,14,14,14,10,1807,23,59,32,21,18.6485061645508,5,-48,13,895,99
34.8651532855145,0.629785052663571,184,1169.14074707031,46,14,14,14,10,1648,17,58,33,21,18.4955825805664,7,122,20,1254,95
34.8943199521344,0.629785052663571,224,1259.56213378906,46,14,14,14,10,1640,17,58,33,21,18.5646781921387,4,-51,27,1299,99
34.9130699521044,0.629785052663571,254,1224.216796875,46,14,14,14,10,1669,17,59,33,22,18.5923328399658,6,61,30,1247,97
34.9443199520544,0.629785052663571,282,1130.05346679688,44,14,14,14,10,1706,15,58,35,20,18.6383228302002,8,80,11,1026,99
34.9484866187144,0.629785052663571,310,1130.05346679688,44,14,14,14,10,1706,15,58,35,20,18.6383228302002,8,80,11,1026,99
34.9714032853444,0.629785052663571,248,1138.67309570312,45,14,14,14,10,1770,17,59,34,21,18.6570091247559,4,161,9,554,103
35.0172366186044,0.629785052663571,442,1280.05883789062,47,14,14,14,62,1828,22,60,32,21,18.6271457672119,4,35,12,434,104
34.8526532855345,0.627701719333571,169,1140.95861816406,47,14,14,14,10,1577,15,59,33,21,18.4695281982422,7,-103,15,1771,97
34.8839032854844,0.627701719333571,235,1267.36437988281,47,14,14,14,10,1662,17,59,32,21,18.5392208099365,4,57,14,1050,98
34.9214032854244,0.627701719333571,260,1213.13195800781,46,14,14,14,10,1670,16,59,33,21,18.6051082611084,6,75,15,1427,96
34.9484866187144,0.627701719333571,306,1130.05346679688,44,14,14,14,10,1706,15,58,35,20,18.6383228302002,8,80,11,1026,99
34.9359866187344,0.625618386003571,281,1242.63720703125,45,14,14,14,10,1639,16,58,33,22,18.6210346221924,3,-217,13,1678,95
34.8651532855145,0.623535052673571,163,1152.88708496094,45,14,14,14,10,1599,17,59,34,21,18.4842185974121,6,-143,19,1629,95
34.8672366188445,0.623535052673571,159,1152.88708496094,45,14,14,14,10,1599,17,59,34,21,18.4842185974121,6,-143,19,1629,95
34.9026532854544,0.623535052673571,237,1300.73754882812,47,14,14,14,10,1685,17,59,33,21,18.5814247131348,6,-9,23,1060,95
34.9526532853744,0.623535052673571,319,1124.34704589844,44,14,14,14,10,1678,17,60,35,21,18.6413631439209,6,-133,12,1250,101
34.9568199520344,0.623535052673571,317,1124.34704589844,44,14,14,14,10,1678,17,60,35,21,18.6413631439209,6,-133,12,1250,101
34.9630699520244,0.623535052673571,292,1107.90991210938,46,14,14,14,10,1702,21,60,33,21,18.6538848876953,6,-29,21,1046,102
34.9714032853444,0.623535052673571,271,1116.16162109375,45,14,14,14,10,1722,18,58,33,21,18.6639347076416,8,-9,10,811,102
34.8714032855044,0.621451719343571,165,1187.31616210938,46,14,14,14,10,1656,17,59,33,21,18.5093097686768,7,55,12,978,92
34.8943199521344,0.621451719343571,216,1316.75048828125,47,14,14,14,10,1678,15,57,32,21,18.568338394165,6,-84,17,1018,98
35.0214032852644,0.621451719343571,416,1253.2109375,47,15,15,15,10,1862,25,60,32,21,18.6389598846436,4,283,9,138,96
35.0234866185944,0.621451719343571,432,1253.2109375,47,15,15,15,10,1862,25,60,32,21,18.6389598846436,4,283,9,138,96
34.8339032855645,0.619368386013571,171,1119.45483398438,46,14,14,14,10,1522,16,59,32,21,18.3950653076172,3,-134,20,1695,101
34.8464032855445,0.619368386013571,203,1133.17358398438,48,14,14,14,10,1572,16,58,32,20,18.4433994293213,4,-40,22,1821,100
34.8755699521644,0.619368386013571,161,1187.31616210938,46,14,14,14,10,1656,17,59,33,21,18.5093097686768,7,55,12,978,92
34.8839032854844,0.619368386013571,246,1254.59985351562,47,14,14,14,10,1691,19,58,32,20,18.5365390777588,4,143,25,658,95
34.9276532854144,0.619368386013571,322,1295.21447753906,46,14,14,14,10,1708,16,58,33,21,18.6169300079346,11,148,11,1101,95
34.9651532853544,0.619368386013571,300,1107.90991210938,46,14,14,14,10,1702,21,60,33,21,18.6538848876953,6,-29,21,1046,102
34.8214032855845,0.617285052683571,161,1136.41088867188,47,14,14,14,10,1519,15,58,32,21,18.3681735992432,4,-132,16,1956,103
34.8401532855545,0.617285052683571,166,1143.35607910156,47,14,14,14,10,1578,15,59,33,20,18.4160976409912,6,17,21,1655,99
34.8422366188845,0.617285052683571,176,1143.35607910156,47,14,14,14,10,1578,15,59,33,20,18.4160976409912,6,17,21,1655,99
34.8547366188645,0.617285052683571,209,1156.82214355469,47,14,14,14,10,1614,16,58,33,20,18.4639949798584,4,88,10,1458,102
34.8880699521444,0.617285052683571,233,1272.92224121094,47,15,15,15,10,1727,19,58,32,20,18.5519237518311,0,186,23,0,97
34.8172366189245,0.615201719353571,157,1170.21850585938,46,14,14,14,10,1519,14,58,33,21,18.3485431671143,2,-124,19,1686,106
34.8380699522245,0.615201719353571,160,1143.35607910156,47,14,14,14,10,1578,15,59,33,20,18.4160976409912,6,17,21,1655,99
34.8443199522145,0.615201719353571,174,1155.85144042969,47,14,14,14,10,1600,18,59,33,20,18.4421691894531,4,113,13,1526,100
34.9089032854444,0.615201719353571,303,1346.58679199219,48,14,14,14,10,1730,18,58,32,21,18.5796642303467,3,96,21,455,99
34.9193199520944,0.615201719353571,251,1386.06896972656,47,14,14,14,10,1704,21,59,32,21,18.6003227233887,3,-76,10,908,96
34.8443199522145,0.613118386023571,172,1155.85144042969,47,14,14,14,10,1600,18,59,33,20,18.4421691894531,4,113,13,1526,100
34.9214032854244,0.613118386023571,274,1386.06896972656,47,14,14,14,10,1704,21,59,32,21,18.6003227233887,3,-76,10,908,96
34.9422366187244,0.613118386023571,304,1379.66711425781,47,14,14,14,10,1730,21,58,32,21,18.614278793335,7,158,18,722,98
34.9568199520344,0.613118386023571,332,1173.26586914062,45,14,14,14,10,1647,20,60,33,22,18.637580871582,1,-182,21,1417,101
34.8214032855845,0.611035052693571,153,1136.41088867188,47,14,14,14,10,1519,15,58,32,21,18.3681735992432,4,-132,16,1956,103
34.9068199521144,0.611035052693571,296,1346.58679199219,48,14,14,14,10,1730,18,58,32,21,18.5796642303467,3,96,21,455,99
34.8109866189345,0.608951719363571,166,1141.94714355469,47,14,14,14,10,1528,16,58,32,21,18.3380813598633,6,-38,33,1893,106
34.8547366188645,0.608951719363571,199,1148.03088378906,46,14,14,14,10,1624,17,58,34,20,18.4505558013916,8,128,15,1044,97
34.8234866189145,0.606868386033571,167,1139.19189453125,46,14,14,14,10,1565,16,59,33,21,18.3625164031982,2,132,13,1545,106
34.8297366189045,0.606868386033571,158,1148.85083007812,46,14,14,14,10,1563,16,58,33,21,18.3867340087891,4,60,22,1705,105
34.8484866188745,0.606868386033571,196,1150.63049316406,46,14,14,14,10,1596,15,59,34,20,18.4294281005859,8,53,12,1344,100
34.8526532855345,0.606868386033571,179,1148.03088378906,46,14,14,14,10,1624,17,58,34,20,18.4505558013916,8,128,15,1044,97
34.8818199521544,0.606868386033571,176,1166.30871582031,46,14,14,14,10,1662,17,58,33,21,18.5155067443848,6,-35,17,738,93
34.8172366189245,0.604785052703571,165,1141.94714355469,47,14,14,14,10,1528,16,58,32,21,18.3380813598633,6,-38,33,1893,106
34.8339032855645,0.604785052703571,169,1148.85083007812,46,14,14,14,10,1563,16,58,33,21,18.3867340087891,4,60,22,1705,105
34.8047366189445,0.602701719373571,142,1199.6875,47,14,14,14,10,1517,15,58,32,21,18.3178691864014,1,-65,15,1721,105
34.8068199522745,0.602701719373571,153,1199.6875,47,14,14,14,10,1517,15,58,32,21,18.3178691864014,1,-65,15,1721,105
34.8422366188845,0.602701719373571,162,1151.78881835938,46,14,14,14,10,1588,15,59,34,20,18.4088706970215,3,118,16,1658,105
34.9255699520844,0.602701719373571,368,1455.97692871094,47,14,14,14,10,1746,20,59,31,21,18.5757122039795,5,30,10,443,96
34.8089032856045,0.600618386043571,148,1136.63781738281,45,14,14,14,10,1524,16,58,35,20,18.3078632354736,7,-27,28,1966,103
34.8464032855445,0.600618386043571,165,1121.9833984375,45,14,14,14,10,1576,16,58,35,20,18.411714553833,6,29,14,1586,102
34.9276532854144,0.600618386043571,272,1555.84167480469,47,14,14,14,10,1765,22,60,32,21,18.5653877258301,4,-42,17,481,94
34.8109866189345,0.598535052713571,162,1113.12817382812,45,14,14,14,10,1523,15,58,34,20,18.3257923126221,6,40,14,1733,105
34.8818199521544,0.598535052713571,145,1133.38610839844,45,14,14,14,10,1623,16,58,33,22,18.4994163513184,5,-102,19,1065,93
34.9068199521144,0.598535052713571,215,1300.52941894531,46,15,15,15,10,1756,19,59,34,20,18.5572452545166,4,91,16,189,95
34.9193199520944,0.598535052713571,270,1520.05285644531,47,14,14,14,10,1773,22,60,32,21,18.5502662658691,3,29,10,120,95
34.8068199522745,0.596451719383571,146,1136.63781738281,45,14,14,14,10,1524,16,58,35,20,18.3078632354736,7,-27,28,1966,103
34.8151532855945,0.596451719383571,160,1113.12817382812,45,14,14,14,10,1523,15,58,34,20,18.3257923126221,6,40,14,1733,105
34.8484866188745,0.596451719383571,164,1121.9833984375,45,14,14,14,10,1576,16,58,35,20,18.411714553833,6,29,14,1586,102
34.8776532854944,0.596451719383571,170,1133.38610839844,45,14,14,14,10,1623,16,58,33,22,18.4994163513184,5,-102,19,1065,93
34.9151532854344,0.596451719383571,277,1422.87255859375,47,14,14,14,10,1768,21,59,32,21,18.5459384918213,3,14,16,204,93
34.9172366187644,0.596451719383571,268,1422.87255859375,47,14,14,14,10,1768,21,59,32,21,18.5459384918213,3,14,16,204,93
34.8089032856045,0.594368386053571,127,1136.63781738281,45,14,14,14,10,1524,16,58,35,20,18.3078632354736,7,-27,28,1966,103
34.8630699521845,0.594368386053571,163,1131.93579101562,46,14,14,14,10,1618,17,56,33,21,18.4582710266113,15,-19,38,1402,92
34.8755699521644,0.594368386053571,165,1138.16369628906,45,15,15,15,10,1677,16,57,34,21,18.4861221313477,14,464,17,614,90
34.8818199521544,0.594368386053571,131,1133.38610839844,45,14,14,14,10,1623,16,58,33,22,18.4994163513184,5,-102,19,1065,93
34.8193199522545,0.592285052723571,168,1132.30322265625,45,14,14,14,10,1515,15,58,34,21,18.3398609161377,4,-105,21,2008,100
34.8464032855445,0.592285052723571,151,1121.92333984375,46,14,14,14,10,1548,14,58,33,21,18.4012870788574,5,-63,18,1938,104
34.8651532855145,0.592285052723571,158,1116.41650390625,44,14,14,14,10,1569,14,58,35,21,18.4422035217285,5,-165,16,1804,94
34.8568199521945,0.590201719393571,166,1113.85119628906,45,14,14,14,10,1558,15,58,35,21,18.4224262237549,4,-73,26,1830,101
34.8630699521845,0.590201719393571,154,1116.41650390625,44,14,14,14,10,1569,14,58,35,21,18.4422035217285,5,-165,16,1804,94
34.8214032855845,0.588118386063571,147,1132.30322265625,45,14,14,14,10,1515,15,58,34,21,18.3398609161377,4,-105,21,2008,100
34.8818199521544,0.588118386063571,196,1102.92517089844,45,14,14,14,10,1587,16,58,33,22,18.48215675354,3,-167,19,1407,93
34.8255699522445,0.586035052733571,160,1132.30322265625,45,14,14,14,10,1515,15,58,34,21,18.3398609161377,4,-105,21,2008,100
34.8589032855245,0.586035052733571,171,1113.85119628906,45,14,14,14,10,1558,15,58,35,21,18.4224262237549,4,-73,26,1830,101
34.8818199521544,0.586035052733571,198,1102.92517089844,45,14,14,14,10,1587,16,58,33,22,18.48215675354,3,-167,19,1407,93
34.8339032855645,0.583951719403571,172,1197.32214355469,44,14,14,14,10,1568,15,58,35,20,18.3679962158203,8,81,23,1602,95
34.8047366189445,0.579785052743571,144,1065.21020507812,45,14,14,14,10,1476,17,57,34,21,18.2998447418213,4,-83,15,2472,99
34.8359866188945,0.579785052743571,195,1202.41674804688,45,14,14,14,10,1561,15,59,34,21,18.3845119476318,5,-46,22,1649,95
34.8443199522145,0.579785052743571,189,1168.02331542969,45,14,14,14,10,1563,14,59,34,20,18.3981266021729,6,-125,22,1769,95
34.8068199522745,0.575618386083571,133,1082.24645996094,45,14,14,14,10,1481,15,58,34,20,18.2861061096191,2,-24,11,2324,100
34.7818199523145,0.573535052753571,145,1089.82238769531,42,15,15,15,10,1445,15,58,36,22,18.2403297424316,0,-92,18,2423,101
34.7964032856245,0.573535052753571,127,1073.17272949219,44,15,15,15,10,1470,15,57,34,21,18.2730369567871,3,-15,17,2374,104
34.7776532856545,0.571451719423571,155,1089.82238769531,42,15,15,15,10,1445,15,58,36,22,18.2403297424316,0,-92,18,2423,101
34.8047366189445,0.569368386093571,125,1082.24645996094,45,14,14,14,10,1481,15,58,34,20,18.2861061096191,2,-24,11,2324,100
34.8068199522745,0.569368386093571,125,1082.24645996094,45,14,14,14,10,1481,15,58,34,20,18.2861061096191,2,-24,11,2324,100
34.8547366188645,0.569368386093571,194,1184.12548828125,44,14,14,14,10,1582,15,58,36,20,18.4157009124756,5,-84,16,1457,96
34.7839032856445,0.567285052763571,119,1092.44396972656,41,15,15,15,10,1461,16,58,38,22,18.2286128997803,2,3,15,2479,105
34.8609866188545,0.567285052763571,209,1170.48999023438,45,14,14,14,10,1611,19,59,35,20,18.4305896759033,5,-34,15,1544,97
34.8026532856145,0.565201719433571,116,1098.2431640625,44,14,14,14,10,1499,15,59,35,20,18.2730884552002,2,65,29,2247,110
34.8130699522645,0.565201719433571,116,1099.748046875,42,15,15,15,10,1507,15,59,37,21,18.2896251678467,2,9,7,2172,101
34.8464032855445,0.563118386103571,189,1278.76123046875,44,15,15,15,10,1618,15,58,36,21,18.4102172851562,7,100,12,1266,88
34.8047366189445,0.561035052773571,116,1098.2431640625,44,14,14,14,10,1499,15,59,35,20,18.2730884552002,2,65,29,2247,110
34.8193199522545,0.561035052773571,137,1121.69897460938,44,15,15,15,10,1524,16,59,35,21,18.3093929290771,4,-28,5,1950,94
34.8380699522245,0.561035052773571,185,1245.68078613281,45,15,15,15,10,1675,19,58,35,20,18.3854713439941,10,483,11,711,89
34.8505699522045,0.561035052773571,188,1278.76123046875,44,15,15,15,10,1618,15,58,36,21,18.4102172851562,7,100,12,1266,88
34.8339032855645,0.556868386113571,122,1115.82055664062,42,15,15,15,10,1516,17,59,37,21,18.3197536468506,5,-175,13,2281,90
34.7693199523345,0.554785052783571,164,1125.97973632812,42,15,15,15,10,1442,16,58,35,22,18.198823928833,1,-93,19,2639,106
34.7922366189645,0.554785052783571,110,1122.01843261719,42,15,15,15,10,1465,16,57,37,22,18.2347602844238,4,-47,19,2400,105
34.7984866189545,0.554785052783571,118,1114.92553710938,43,14,14,14,10,1478,16,57,36,21,18.2525501251221,3,12,12,2292,106
34.7943199522945,0.552701719453571,109,1114.92553710938,43,14,14,14,10,1478,16,57,36,21,18.2525501251221,3,12,12,2292,106
34.8193199522545,0.552701719453571,111,1082.47094726562,40,14,14,14,10,1496,13,59,39,21,18.301570892334,3,-53,7,2369,96
34.8297366189045,0.552701719453571,135,1115.82055664062,42,15,15,15,10,1516,17,59,37,21,18.3197536468506,5,-175,13,2281,90
34.7776532856545,0.550618386123571,131,1177.11437988281,43,15,15,15,10,1469,15,57,36,21,18.1987018585205,3,-13,17,2543,106
34.7818199523145,0.550618386123571,111,1177.11437988281,43,15,15,15,10,1469,15,57,36,21,18.1987018585205,3,-13,17,2543,106
34.8109866189345,0.550618386123571,117,1084.26354980469,44,14,14,14,10,1474,15,59,35,22,18.2800426483154,2,-88,8,2603,105
34.7839032856445,0.548535052793571,117,1177.11437988281,43,15,15,15,10,1469,15,57,36,21,18.1987018585205,3,-13,17,2543,106
34.7859866189745,0.548535052793571,109,1170.81530761719,45,15,15,15,10,1476,15,58,34,21,18.2179946899414,3,-1,12,2502,106
34.8214032855845,0.548535052793571,125,1062.82800292969,41,14,14,14,10,1481,12,59,37,22,18.2975463867188,3,-97,14,2690,96
34.7651532856745,0.546451719463571,96,1146.62707519531,43,14,14,14,10,1442,15,58,34,22,18.1666812896729,5,-102,17,2646,105
34.7776532856545,0.546451719463571,136,1177.11437988281,43,15,15,15,10,1469,15,57,36,21,18.1987018585205,3,-13,17,2543,106
34.7839032856445,0.546451719463571,128,1177.11437988281,43,15,15,15,10,1469,15,57,36,21,18.1987018585205,3,-13,17,2543,106
34.7880699523045,0.546451719463571,111,1170.81530761719,45,15,15,15,10,1476,15,58,34,21,18.2179946899414,3,-1,12,2502,106
34.7922366189645,0.546451719463571,115,1170.81530761719,45,15,15,15,10,1476,15,58,34,21,18.2179946899414,3,-1,12,2502,106
34.8151532855945,0.546451719463571,116,1084.26354980469,44,14,14,14,10,1474,15,59,35,22,18.2800426483154,2,-88,8,2603,105
34.7589032856845,0.544368386133571,103,1187.82189941406,44,14,14,14,10,1444,16,58,34,22,18.1464443206787,1,-74,17,2464,108
34.8422366188845,0.544368386133571,167,1122.12487792969,44,14,14,14,10,1537,17,57,35,21,18.3343772888184,5,-148,15,2170,88
34.8464032855445,0.544368386133571,220,1195.73840332031,45,15,15,15,10,1659,29,58,33,21,18.3812065124512,25,127,21,895,80
34.8484866188745,0.544368386133571,242,1195.73840332031,45,15,15,15,10,1659,29,58,33,21,18.3812065124512,25,127,21,895,80
34.8526532855345,0.544368386133571,204,1245.69250488281,44,15,15,15,10,1714,23,57,34,22,18.4271583557129,13,488,9,1076,86
34.8047366189445,0.542285052803571,108,1155.59997558594,45,14,14,14,10,1494,15,57,34,21,18.2417583465576,2,44,13,2475,109
34.8151532855945,0.542285052803571,129,1115.5087890625,46,15,15,15,10,1489,15,58,32,22,18.2636013031006,2,12,13,2574,108
34.7672366190045,0.540201719473571,109,1150.75476074219,43,14,14,14,10,1452,16,58,35,22,18.1534366607666,2,-48,11,2574,106
34.7880699523045,0.540201719473571,117,1206.26159667969,45,14,14,14,10,1495,16,58,34,21,18.202033996582,1,68,10,2324,116
34.7609866190145,0.538118386143571,112,1150.75476074219,43,14,14,14,10,1452,16,58,35,22,18.1534366607666,2,-48,11,2574,106
34.7651532856745,0.538118386143571,109,1150.75476074219,43,14,14,14,10,1452,16,58,35,22,18.1534366607666,2,-48,11,2574,106
34.7776532856545,0.538118386143571,113,1210.06005859375,44,14,14,14,10,1492,16,58,35,21,18.1834259033203,0,78,15,2309,114
34.8068199522745,0.538118386143571,122,1155.59997558594,45,14,14,14,10,1494,15,57,34,21,18.2417583465576,2,44,13,2475,109
34.8172366189245,0.538118386143571,122,1115.5087890625,46,15,15,15,10,1489,15,58,32,22,18.2636013031006,2,12,13,2574,108
34.7734866189945,0.536035052813571,122,1186.7578125,44,15,15,15,10,1484,17,58,35,21,18.1672286987305,3,53,9,2325,107
34.7797366189845,0.536035052813571,110,1210.06005859375,44,14,14,14,10,1492,16,58,35,21,18.1834259033203,0,78,15,2309,114
34.7859866189745,0.536035052813571,111,1206.26159667969,45,14,14,14,10,1495,16,58,34,21,18.202033996582,1,68,10,2324,116
34.8359866188945,0.536035052813571,142,1079.76965332031,44,14,14,14,10,1505,16,58,35,21,18.3187789916992,3,-157,22,2521,92
34.8651532855145,0.536035052813571,173,1193.66955566406,45,15,15,15,10,1699,21,57,34,21,18.4392433166504,8,281,10,1427,87
34.7755699523245,0.533951719483571,106,1176.04125976562,45,14,14,14,10,1480,16,57,34,21,18.1585311889648,2,50,19,2391,112
34.8589032855245,0.533951719483571,195,1123.123046875,47,14,14,14,10,1585,24,56,32,22,18.3705558776855,9,-130,36,2710,86
34.7984866189545,0.531868386153571,131,1193.87048339844,46,14,14,14,10,1498,16,57,33,22,18.2121639251709,1,28,17,2443,111
34.8005699522845,0.531868386153571,146,1193.87048339844,46,14,14,14,10,1498,16,57,33,22,18.2121639251709,1,28,17,2443,111
34.8693199521745,0.531868386153571,188,1173.31262207031,44,15,15,15,10,1777,24,57,35,21,18.4340229034424,19,524,20,1209,88
34.8047366189445,0.529785052823571,133,1172.26794433594,48,14,14,14,10,1503,16,57,31,22,18.2300186157227,1,51,15,2496,113
34.7630699523445,0.527701719493571,112,1153.40490722656,43,15,15,15,10,1475,17,58,34,22,18.1414642333984,3,48,19,2461,109
34.7651532856745,0.527701719493571,111,1153.40490722656,43,15,15,15,10,1475,17,58,34,22,18.1414642333984,3,48,19,2461,109
34.8484866188745,0.527701719493571,126,1084.84948730469,45,14,14,14,10,1543,17,58,33,21,18.3326816558838,5,-48,22,2817,92
34.8651532855145,0.527701719493571,187,1153.46008300781,46,15,15,15,10,1720,29,56,33,22,18.4132690429688,27,218,37,1319,81
34.8755699521644,0.527701719493571,150,1173.31262207031,44,15,15,15,10,1777,24,57,35,21,18.4340229034424,19,524,20,1209,88
34.7818199523145,0.525618386163571,104,1189.49194335938,44,14,14,14,10,1478,14,58,34,22,18.1663093566895,4,-47,19,2645,108
34.7922366189645,0.525618386163571,127,1214.21203613281,44,14,14,14,10,1477,16,57,35,22,18.1819877624512,0,-71,14,2692,105
34.8172366189245,0.525618386163571,110,1147.58483886719,44,13,13,13,10,1496,16,60,34,21,18.2414894104004,2,-35,13,2859,108
34.8193199522545,0.525618386163571,102,1128.892578125,43,14,14,14,10,1503,15,59,36,22,18.2588939666748,2,40,11,2972,110
34.8297366189045,0.525618386163571,115,1099.44213867188,43,14,14,14,10,1500,16,58,35,22,18.2792358398438,5,31,17,3155,108
34.8318199522345,0.525618386163571,126,1099.44213867188,43,14,14,14,10,1500,16,58,35,22,18.2792358398438,5,31,17,3155,108
34.8630699521845,0.525618386163571,175,1112.30944824219,45,15,15,15,10,1600,21,56,34,22,18.3784465789795,11,-70,12,2566,84
34.8193199522545,0.523535052833571,105,1128.892578125,43,14,14,14,10,1503,15,59,36,22,18.2588939666748,2,40,11,2972,110
34.8151532855945,0.521451719503571,114,1147.58483886719,44,13,13,13,10,1496,16,60,34,21,18.2414894104004,2,-35,13,2859,108
34.8172366189245,0.521451719503571,111,1147.58483886719,44,13,13,13,10,1496,16,60,34,21,18.2414894104004,2,-35,13,2859,108
34.8276532855745,0.521451719503571,123,1099.44213867188,43,14,14,14,10,1500,16,58,35,22,18.2792358398438,5,31,17,3155,108
34.8734866188344,0.521451719503571,152,1144.58654785156,45,15,15,15,10,1681,28,56,33,22,18.4122829437256,32,-71,28,1985,78
34.7880699523045,0.519368386173571,127,1214.21203613281,44,14,14,14,10,1477,16,57,35,22,18.1819877624512,0,-71,14,2692,105
34.8755699521644,0.519368386173571,154,1144.58654785156,45,15,15,15,10,1681,28,56,33,22,18.4122829437256,32,-71,28,1985,78
34.7318199523945,0.517285052843571,104,1172.3662109375,44,14,14,14,10,1423,15,57,36,21,18.0368976593018,2,-95,17,2774,109
34.7651532856745,0.517285052843571,101,1198.07751464844,44,14,14,14,10,1462,11,56,34,22,18.1149368286133,4,-22,17,2680,107
34.7964032856245,0.517285052843571,121,1243.68225097656,45,14,14,14,10,1515,16,57,33,22,18.1885528564453,4,101,26,2641,102
34.8797366188244,0.517285052843571,146,1144.50244140625,45,15,15,15,10,1703,30,56,33,22,18.4224872589111,24,-105,41,2257,77
34.8401532855545,0.515201719513571,130,1102.40759277344,43,14,14,14,10,1496,18,57,35,22,18.2898635864258,1,-59,16,3596,101
34.8547366188645,0.515201719513571,135,1054.75183105469,43,14,14,14,10,1510,16,58,35,22,18.3265914916992,2,-86,16,3862,93
34.8714032855044,0.515201719513571,148,1104.88488769531,45,15,15,15,10,1569,20,57,33,22,18.3867931365967,7,-320,14,3426,84
34.7859866189745,0.513118386183571,122,1259.88671875,45,14,14,14,10,1516,14,57,34,21,18.1661624908447,3,66,17,2475,104
34.8130699522645,0.513118386183571,102,1153.42565917969,44,13,13,13,10,1500,16,59,35,21,18.2290000915527,3,5,14,3012,108
34.8151532855945,0.513118386183571,103,1153.42565917969,44,13,13,13,10,1500,16,59,35,21,18.2290000915527,3,5,14,3012,108
34.8172366189245,0.513118386183571,108,1153.42565917969,44,13,13,13,10,1500,16,59,35,21,18.2290000915527,3,5,14,3012,108
34.8193199522545,0.513118386183571,113,1155.20190429688,44,14,14,14,10,1502,17,57,34,22,18.2482643127441,3,-31,18,3206,108
34.8880699521444,0.513118386183571,167,1182.7119140625,44,15,15,15,10,1822,19,56,34,22,18.441951751709,35,-84,14,1423,70
34.7255699524045,0.511035052853571,107,1195.63061523438,42,14,14,14,10,1433,15,58,37,21,18.0130672454834,2,-36,16,2634,110
34.7297366190645,0.511035052853571,110,1172.3662109375,44,14,14,14,10,1423,15,57,36,21,18.0368976593018,2,-95,17,2774,109
34.8422366188845,0.511035052853571,135,1102.40759277344,43,14,14,14,10,1496,18,57,35,22,18.2898635864258,1,-59,16,3596,101
34.7172366190845,0.508951719523571,112,1181.65234375,42,15,15,15,10,1416,17,58,36,22,17.9794616699219,1,-89,21,2743,111
34.8339032855645,0.508951719523571,113,1192.51672363281,45,14,14,14,10,1525,14,57,33,22,18.2655162811279,4,79,18,3298,105
34.8443199522145,0.508951719523571,134,1098.57580566406,41,14,14,14,10,1506,15,58,36,22,18.299430847168,2,-67,11,3913,97
34.8464032855445,0.508951719523571,138,1098.57580566406,41,14,14,14,10,1506,15,58,36,22,18.299430847168,2,-67,11,3913,97
34.8714032855044,0.508951719523571,149,1072.4150390625,45,14,14,14,10,1547,16,56,33,22,18.3675422668457,6,-140,11,4035,89
34.8755699521644,0.508951719523571,147,1072.4150390625,45,14,14,14,10,1547,16,56,33,22,18.3675422668457,6,-140,11,4035,89
34.7443199523745,0.506868386193571,111,1214.09936523438,43,14,14,14,10,1469,13,56,36,21,18.0577125549316,5,-6,14,2642,105
34.8568199521945,0.506868386193571,138,1061.97668457031,42,14,14,14,10,1516,17,57,36,22,18.3179016113281,1,-24,25,4029,95
34.7005699524445,0.504785052863571,112,1205.67224121094,43,14,14,14,10,1413,17,59,36,21,17.9318733215332,2,-44,20,2563,114
34.7089032857645,0.504785052863571,109,1192.54711914062,42,15,15,15,10,1413,17,58,36,21,17.9557723999023,4,-85,22,2788,112
34.7109866190945,0.504785052863571,112,1181.65234375,42,15,15,15,10,1416,17,58,36,22,17.9794616699219,1,-89,21,2743,111
34.7130699524245,0.504785052863571,111,1181.65234375,42,15,15,15,10,1416,17,58,36,22,17.9794616699219,1,-89,21,2743,111
34.7151532857545,0.504785052863571,113,1181.65234375,42,15,15,15,10,1416,17,58,36,22,17.9794616699219,1,-89,21,2743,111
34.7255699524045,0.504785052863571,110,1172.93884277344,43,14,14,14,10,1420,15,58,35,22,18.001127243042,2,-85,25,2829,110
34.7568199523545,0.504785052863571,108,1237.61279296875,43,14,14,14,10,1492,14,57,36,21,18.0720367431641,3,75,32,2521,106
34.7839032856445,0.504785052863571,114,1270.91748046875,43,14,14,14,10,1506,12,57,35,21,18.134822845459,4,-6,13,2494,103
34.8359866188945,0.504785052863571,127,1159.81921386719,42,14,14,14,10,1525,14,58,36,21,18.283992767334,5,36,14,3626,104
34.8401532855545,0.504785052863571,136,1159.81921386719,42,14,14,14,10,1525,14,58,36,21,18.283992767334,5,36,14,3626,104
34.8693199521745,0.504785052863571,165,1072.4150390625,45,14,14,14,10,1547,16,56,33,22,18.3675422668457,6,-140,11,4035,89
34.8755699521644,0.504785052863571,142,1072.4150390625,45,14,14,14,10,1547,16,56,33,22,18.3675422668457,6,-140,11,4035,89
34.7859866189745,0.502701719533571,114,1314.4375,44,14,14,14,10,1523,14,57,35,21,18.1578960418701,3,61,14,2517,104
34.7922366189645,0.502701719533571,113,1314.4375,44,14,14,14,10,1523,14,57,35,21,18.1578960418701,3,61,14,2517,104
34.8026532856145,0.502701719533571,110,1202.07983398438,44,14,14,14,10,1489,15,58,34,22,18.1998634338379,2,-88,12,3159,104
34.8068199522745,0.502701719533571,107,1202.07983398438,44,14,14,14,10,1489,15,58,34,22,18.1998634338379,2,-88,12,3159,104
34.8276532855745,0.502701719533571,131,1192.51672363281,45,14,14,14,10,1525,14,57,33,22,18.2655162811279,4,79,18,3298,105
34.8443199522145,0.502701719533571,132,1098.57580566406,41,14,14,14,10,1506,15,58,36,22,18.299430847168,2,-67,11,3913,97
34.8839032854844,0.502701719533571,185,1099.59716796875,45,15,15,15,10,1597,18,55,33,22,18.4010562896729,7,-161,16,3717,84
34.7443199523745,0.500618386203571,103,1223.35803222656,41,14,14,14,10,1476,13,57,38,22,18.0421504974365,3,11,26,2640,109
34.7630699523445,0.500618386203571,109,1245.62390136719,44,14,14,14,10,1493,13,57,35,21,18.076639175415,4,12,15,2549,109
34.8568199521945,0.500618386203571,144,1095.52136230469,43,14,14,14,10,1513,14,56,35,22,18.3124408721924,0,-65,13,4240,98
34.8734866188344,0.500618386203571,150,1065.85534667969,45,14,14,14,10,1551,16,54,33,22,18.3569240570068,2,-48,32,4297,91
34.8839032854844,0.500618386203571,181,1080.19604492188,45,15,15,15,10,1560,15,55,33,22,18.3845043182373,2,-114,23,4240,88
34.7151532857545,0.498535052873571,112,1200.19091796875,41,15,15,15,10,1433,15,57,37,22,17.9611701965332,4,1,12,2821,110
34.7359866190545,0.498535052873571,104,1214.55920410156,42,14,14,14,10,1478,13,57,36,21,18.0225467681885,1,99,11,2520,114
34.7526532856945,0.498535052873571,100,1238.43200683594,43,14,14,14,10,1509,13,57,36,21,18.0572185516357,4,97,13,2320,107
34.7568199523545,0.498535052873571,99,1238.43200683594,43,14,14,14,10,1509,13,57,36,21,18.0572185516357,4,97,13,2320,107
34.7922366189645,0.498535052873571,114,1357.06225585938,44,14,14,14,10,1537,13,55,35,21,18.1536769866943,4,91,13,2418,105
34.8297366189045,0.498535052873571,124,1222.99426269531,44,14,14,14,10,1555,15,55,34,22,18.2633438110352,2,100,19,3345,103
34.8734866188344,0.498535052873571,168,1065.85534667969,45,14,14,14,10,1551,16,54,33,22,18.3569240570068,2,-48,32,4297,91
34.7318199523945,0.496451719543571,108,1204.45678710938,45,14,14,14,10,1463,12,55,34,21,18.0031051635742,2,90,19,2611,110
34.7839032856445,0.496451719543571,112,1310.37902832031,43,14,14,14,10,1523,12,57,36,22,18.1258735656738,4,17,14,2539,104
34.8172366189245,0.496451719543571,119,1176.7919921875,45,14,14,14,10,1502,13,58,32,23,18.2090721130371,2,-73,16,3414,105
34.8255699522445,0.496451719543571,122,1197.32263183594,46,14,14,14,10,1524,13,56,32,22,18.2346725463867,4,-34,16,3383,103
34.8276532855745,0.496451719543571,123,1222.99426269531,44,14,14,14,10,1555,15,55,34,22,18.2633438110352,2,100,19,3345,103
34.8464032855445,0.496451719543571,130,1150.62280273438,42,14,14,14,10,1520,13,57,35,22,18.2954769134521,4,-45,9,4026,104
34.8609866188545,0.496451719543571,148,1067.85009765625,45,14,14,14,10,1521,14,55,33,22,18.3330764770508,2,-66,16,4375,95
34.8693199521745,0.496451719543571,160,1065.85534667969,45,14,14,14,10,1551,16,54,33,22,18.3569240570068,2,-48,32,4297,91
34.8714032855044,0.496451719543571,162,1065.85534667969,45,14,14,14,10,1551,16,54,33,22,18.3569240570068,2,-48,32,4297,91
34.7318199523945,0.494368386213571,106,1204.45678710938,45,14,14,14,10,1463,12,55,34,21,18.0031051635742,2,90,19,2611,110
34.7630699523445,0.494368386213571,103,1245.62390136719,44,14,14,14,10,1493,13,57,35,21,18.076639175415,4,12,15,2549,109
34.8693199521745,0.494368386213571,158,1065.85534667969,45,14,14,14,10,1551,16,54,33,22,18.3569240570068,2,-48,32,4297,91
34.7068199524345,0.492285052883571,95,1217.89672851562,41,14,14,14,10,1455,13,57,37,21,17.9224510192871,3,128,15,2501,112
34.8068199522745,0.492285052883571,116,1267.16967773438,45,14,14,14,10,1517,12,56,34,21,18.1815452575684,2,-40,20,3263,102
34.8526532855345,0.492285052883571,120,1137.95288085938,44,15,15,15,10,1535,13,55,34,23,18.3113765716553,4,-10,13,4216,104
34.8672366188445,0.492285052883571,149,1101.11059570312,45,14,14,14,10,1539,14,55,32,23,18.3300495147705,1,-22,14,4339,103
34.9047366187844,0.492285052883571,162,1116.38195800781,44,15,15,15,10,1643,18,56,34,22,18.4578685760498,23,-290,9,4128,82
34.8339032855645,0.490201719553571,122,1224.37109375,44,14,14,14,10,1565,13,56,34,22,18.2563285827637,3,111,11,3396,106
34.8609866188545,0.490201719553571,169,1101.11059570312,45,14,14,14,10,1539,14,55,32,23,18.3300495147705,1,-22,14,4339,103
34.8818199521544,0.490201719553571,174,1094.34802246094,45,15,15,15,10,1570,17,55,33,22,18.3782520294189,6,-56,14,4460,90
34.8901532854744,0.490201719553571,150,1100.99694824219,44,15,15,15,10,1606,16,58,34,22,18.4055652618408,2,66,12,4150,91
34.9026532854544,0.490201719553571,159,1116.38195800781,44,15,15,15,10,1643,18,56,34,22,18.4578685760498,23,-290,9,4128,82
34.9068199521144,0.490201719553571,182,1116.38195800781,44,15,15,15,10,1643,18,56,34,22,18.4578685760498,23,-290,9,4128,82
34.7234866190745,0.488118386223571,99,1207.96704101562,43,14,14,14,10,1450,12,56,35,22,17.9696750640869,2,36,15,2779,115
34.7339032857245,0.488118386223571,101,1210.67639160156,44,14,14,14,10,1455,14,56,35,21,17.9899921417236,5,-5,16,2822,110
34.7401532857145,0.488118386223571,96,1213.42553710938,42,14,14,14,10,1460,12,57,36,21,18.0110206604004,2,-52,16,2830,108
34.7422366190445,0.488118386223571,98,1213.42553710938,42,14,14,14,10,1460,12,57,36,21,18.0110206604004,2,-52,16,2830,108
34.7589032856845,0.488118386223571,105,1227.71594238281,43,14,14,14,10,1488,12,56,37,21,18.0462017059326,3,-37,13,2704,106
34.7609866190145,0.488118386223571,107,1241.69641113281,44,14,14,14,10,1519,12,56,35,21,18.0640983581543,4,52,14,2584,107
34.7693199523345,0.488118386223571,117,1269.00366210938,44,14,14,14,10,1517,12,56,35,21,18.0888328552246,2,11,16,2457,109
34.8297366189045,0.488118386223571,132,1224.37109375,44,14,14,14,10,1565,13,56,34,22,18.2563285827637,3,111,11,3396,106
34.8401532855545,0.488118386223571,113,1222.61779785156,42,14,14,14,10,1550,13,57,35,22,18.277587890625,4,50,12,3718,106
34.8443199522145,0.488118386223571,124,1188.73901367188,43,14,14,14,10,1545,16,55,35,22,18.2958526611328,3,2,20,3987,104
34.8505699522045,0.488118386223571,150,1188.73901367188,43,14,14,14,10,1545,16,55,35,22,18.2958526611328,3,2,20,3987,104
34.7047366191045,0.486035052893571,94,1217.89672851562,41,14,14,14,10,1455,13,57,37,21,17.9224510192871,3,128,15,2501,112
34.7401532857145,0.486035052893571,93,1213.42553710938,42,14,14,14,10,1460,12,57,36,21,18.0110206604004,2,-52,16,2830,108
34.9130699521044,0.486035052893571,189,1159.81665039062,45,15,15,15,10,1699,25,56,33,21,18.4707126617432,11,-401,18,3511,77
34.8089032856045,0.483951719563571,114,1328.63159179688,46,14,14,14,10,1540,13,56,33,22,18.1802711486816,4,18,19,3254,100
34.8443199522145,0.483951719563571,140,1195.27893066406,45,14,14,14,10,1575,14,55,32,23,18.2928428649902,2,115,27,3918,105
34.6776532858145,0.481868386233571,117,1182.95483398438,43,14,14,14,10,1396,14,57,36,22,17.8459548950195,2,-69,21,2737,112
34.6839032858045,0.481868386233571,110,1182.95483398438,43,14,14,14,10,1396,14,57,36,22,17.8459548950195,2,-69,21,2737,112
34.6922366191245,0.481868386233571,112,1177.75927734375,42,14,14,14,10,1403,14,57,36,22,17.8694477081299,3,-41,19,2809,111
34.8609866188545,0.481868386233571,243,1141.67419433594,44,15,15,15,10,1543,16,56,33,23,18.3289623260498,3,-87,51,4473,101
34.8880699521444,0.481868386233571,146,1124.14904785156,46,14,14,14,10,1583,18,56,32,22,18.3998546600342,5,-106,16,4436,89
34.4818199527946,0.479785052903571,122,1187.80822753906,43,14,14,14,10,1281,17,56,37,20,17.2107315063477,1,-80,32,965,109
34.8776532854944,0.479785052903571,134,1129.8486328125,46,15,15,15,10,1563,19,56,31,22,18.3775196075439,8,-50,26,4460,96
34.8818199521544,0.479785052903571,143,1129.8486328125,46,15,15,15,10,1563,19,56,31,22,18.3775196075439,8,-50,26,4460,96
34.9109866187744,0.479785052903571,200,1131.75183105469,45,15,15,15,10,1666,21,55,34,22,18.4670677185059,13,-381,16,4190,80
34.9193199520944,0.479785052903571,229,1215.72521972656,44,15,15,15,10,1839,28,56,35,21,18.442985534668,10,-25,26,2743,76
34.6839032858045,0.477701719573571,117,1182.95483398438,43,14,14,14,10,1396,14,57,36,22,17.8459548950195,2,-69,21,2737,112
34.7130699524245,0.477701719573571,107,1222.84191894531,43,14,14,14,10,1442,12,56,35,21,17.9333343505859,2,-17,15,2811,110
34.7193199524145,0.477701719573571,106,1213.60778808594,43,14,14,14,10,1437,11,57,36,21,17.9569053649902,3,-78,18,2957,108
34.7672366190045,0.477701719573571,110,1244.73840332031,44,14,14,14,10,1497,13,55,35,21,18.0547370910645,4,-106,20,2754,104
34.8297366189045,0.477701719573571,117,1208.60705566406,44,14,14,14,10,1537,14,56,33,24,18.2446422576904,1,-45,20,3724,106
34.8339032855645,0.477701719573571,129,1208.60705566406,44,14,14,14,10,1537,14,56,33,24,18.2446422576904,1,-45,20,3724,106
34.8505699522045,0.477701719573571,133,1195.27893066406,45,14,14,14,10,1575,14,55,32,23,18.2928428649902,2,115,27,3918,105
34.4172366195647,0.475618386243571,129,1222.18615722656,43,13,13,13,10,1240,12,56,38,19,16.945592880249,1,-91,17,1162,110
34.4797366194646,0.475618386243571,130,1199.10046386719,45,14,14,14,10,1302,17,54,36,20,17.1842060089111,3,38,21,867,109
34.4859866194546,0.475618386243571,131,1217.48059082031,42,14,14,14,10,1301,14,54,39,19,17.2097854614258,2,0,19,862,109
34.6922366191245,0.475618386243571,105,1176.80395507812,42,14,14,14,10,1422,12,57,37,22,17.8542442321777,2,39,12,2673,110
34.7193199524145,0.475618386243571,104,1222.45568847656,42,14,14,14,10,1464,10,57,37,21,17.9389934539795,4,39,12,2840,111
34.7547366190245,0.475618386243571,99,1273.36779785156,44,14,14,14,10,1514,12,55,35,21,18.0215682983398,3,38,14,2756,104
34.7859866189745,0.475618386243571,109,1456.54968261719,45,14,14,14,10,1557,17,55,33,21,18.1421146392822,2,-2,21,2925,99
34.8172366189245,0.475618386243571,120,1304.11352539062,47,14,14,14,10,1536,14,55,32,21,18.1958351135254,3,-72,17,3685,98
34.4859866194546,0.473535052913571,131,1217.48059082031,42,14,14,14,10,1301,14,54,39,19,17.2097854614258,2,0,19,862,109
34.8526532855345,0.473535052913571,129,1188.07531738281,46,14,14,14,10,1559,17,55,31,23,18.3082599639893,4,-48,26,4357,99
34.8984866187944,0.473535052913571,177,1138.96496582031,45,14,14,14,10,1627,16,58,33,22,18.4206104278564,4,42,11,4253,101
34.9005699521244,0.473535052913571,178,1138.96496582031,45,14,14,14,10,1627,16,58,33,22,18.4206104278564,4,42,11,4253,101
34.9089032854444,0.473535052913571,215,1122.40856933594,46,14,14,14,10,1650,16,59,32,22,18.4412937164307,1,71,13,4122,101
34.6839032858045,0.471451719583571,109,1169.85815429688,43,14,14,14,10,1394,15,56,36,22,17.8343181610107,4,-92,15,2835,111
34.7026532857745,0.471451719583571,99,1223.84692382812,42,14,14,14,10,1447,12,57,36,21,17.8939552307129,2,47,14,2714,111
34.7047366191045,0.471451719583571,99,1223.84692382812,42,14,14,14,10,1447,12,57,36,21,17.8939552307129,2,47,14,2714,111
34.7172366190845,0.471451719583571,107,1228.63732910156,44,14,14,14,10,1455,13,56,36,21,17.9158096313477,2,18,19,2790,110
34.7401532857145,0.471451719583571,103,1225.98767089844,43,14,14,14,10,1469,11,56,36,21,17.9818801879883,6,-123,15,3077,104
34.7776532856545,0.471451719583571,116,1364.29504394531,45,14,14,14,10,1555,16,54,34,22,18.1098155975342,4,29,14,2753,100
34.8089032856045,0.471451719583571,105,1413.25891113281,45,14,14,14,10,1562,14,56,34,21,18.1817989349365,3,32,16,3223,99
34.8464032855445,0.471451719583571,120,1190.83850097656,48,14,14,14,10,1569,15,55,29,23,18.2850685119629,4,-10,14,4049,101
34.7193199524145,0.469368386253571,106,1222.45568847656,42,14,14,14,10,1464,10,57,37,21,17.9389934539795,4,39,12,2840,111
34.7297366190645,0.469368386253571,115,1217.20397949219,42,14,14,14,10,1469,11,56,36,21,17.9624443054199,4,-26,15,2997,108
34.7339032857245,0.469368386253571,106,1217.20397949219,42,14,14,14,10,1469,11,56,36,21,17.9624443054199,4,-26,15,2997,108
34.7755699523245,0.469368386253571,116,1294.30700683594,44,14,14,14,10,1521,13,55,35,21,18.0750503540039,3,-101,22,2953,101
34.8734866188344,0.469368386253571,179,1188.48803710938,45,15,15,15,10,1597,20,58,32,23,18.3565216064453,4,4,38,4177,100
34.8880699521444,0.469368386253571,141,1156.08471679688,46,14,14,14,10,1616,17,58,32,22,18.3989353179932,4,41,15,4233,104
34.8964032854644,0.469368386253571,184,1138.96496582031,45,14,14,14,10,1627,16,58,33,22,18.4206104278564,4,42,11,4253,101
34.4568199528346,0.467285052923571,126,1176.29736328125,44,13,13,13,10,1267,15,56,37,19,17.0805320739746,3,-36,22,1147,113
34.8505699522045,0.467285052923571,173,1212.9013671875,47,14,14,14,10,1566,22,56,29,23,18.2842388153076,4,-88,19,4370,96
34.8589032855245,0.467285052923571,150,1240.96447753906,44,16,16,16,12,1597,19,54,32,24,18.3122539520264,5,-30,87,4252,95
34.9214032854244,0.467285052923571,200,1132.73449707031,44,15,15,15,10,1655,19,57,33,23,18.4667797088623,5,-425,22,4235,81
34.4943199527746,0.465201719593571,121,1317.94506835938,44,14,14,14,10,1313,15,54,36,20,17.2101593017578,2,-91,15,807,109
34.5484866193546,0.465201719593571,116,1429.98828125,48,13,13,13,10,1337,17,56,33,19,17.3785285949707,4,-103,24,642,108
34.6901532857945,0.465201719593571,108,1172.08178710938,42,14,14,14,10,1419,13,56,37,22,17.8419914245605,1,24,9,2753,108
34.7026532857745,0.465201719593571,104,1211.50231933594,44,14,14,14,10,1448,15,55,35,21,17.8830509185791,4,36,17,2678,108
34.7755699523245,0.465201719593571,111,1328.71875,43,14,14,14,10,1541,13,56,35,21,18.0701751708984,5,12,13,2881,108
34.7880699523045,0.465201719593571,139,1463.6630859375,46,14,14,14,10,1616,15,53,33,21,18.1385593414307,8,241,44,2703,97
34.3922366196047,0.463118386263571,130,1216.95092773438,42,14,14,14,10,1239,10,57,39,19,16.8252105712891,3,-14,20,1095,107
34.4484866195147,0.463118386263571,145,1178.51159667969,43,14,14,14,10,1260,14,57,38,19,17.0510196685791,3,-73,27,1145,112
34.6797366191445,0.463118386263571,127,1159.13696289062,42,14,14,14,10,1396,13,57,36,22,17.8208103179932,4,-67,21,2830,109
34.7089032857645,0.463118386263571,108,1211.50231933594,44,14,14,14,10,1448,15,55,35,21,17.8830509185791,4,36,17,2678,108
34.8464032855445,0.463118386263571,183,1212.9013671875,47,14,14,14,10,1566,22,56,29,23,18.2842388153076,4,-88,19,4370,96
34.9151532854344,0.463118386263571,241,1115.35632324219,46,15,15,15,10,1624,18,58,32,22,18.4488544464111,4,-178,14,4378,87
34.9276532854144,0.463118386263571,244,1223.22058105469,44,15,15,15,10,1906,24,56,33,22,18.4446105957031,35,64,77,1756,72
34.9297366187444,0.463118386263571,263,1223.22058105469,44,15,15,15,10,1906,24,56,33,22,18.4446105957031,35,64,77,1756,72
34.4047366195847,0.461035052933571,125,1206.33483886719,44,13,13,13,10,1258,12,56,38,19,16.8862247467041,2,39,25,1116,111
34.6693199524945,0.461035052933571,108,1162.31811523438,43,14,14,14,10,1381,15,57,36,21,17.7975940704346,0,-79,19,2647,109
34.7068199524345,0.461035052933571,109,1211.50231933594,44,14,14,14,10,1448,15,55,35,21,17.8830509185791,4,36,17,2678,108
34.7297366190645,0.461035052933571,99,1235.47509765625,42,14,14,14,10,1469,12,56,37,21,17.9439430236816,2,-22,14,2976,108
34.7526532856945,0.461035052933571,109,1313.6083984375,44,14,14,14,10,1543,12,54,36,21,18.01611328125,3,116,7,2652,105
34.7839032856445,0.461035052933571,123,1384.45141601562,45,14,14,14,10,1565,15,55,34,21,18.1035823822021,5,21,24,2792,99
34.7880699523045,0.461035052933571,149,1463.6630859375,46,14,14,14,10,1616,15,53,33,21,18.1385593414307,8,241,44,2703,97
34.7964032856245,0.461035052933571,136,1495.71520996094,46,14,14,14,10,1602,14,54,33,21,18.1653861999512,5,171,27,2782,97
34.8984866187944,0.461035052933571,148,1155.96105957031,47,14,14,14,10,1633,17,58,31,22,18.4115180969238,3,41,9,4196,106
34.9068199521144,0.461035052933571,160,1130.66967773438,47,14,14,14,10,1625,18,58,32,22,18.4285545349121,5,-44,10,4243,96
34.4068199529147,0.458951719603571,132,1200.30493164062,42,13,13,13,10,1250,10,56,39,19,16.8648242950439,3,-21,21,1097,110
34.4568199528346,0.458951719603571,136,1196.44763183594,44,14,14,14,10,1282,13,54,37,19,17.0544013977051,2,2,22,964,111
34.4734866194746,0.458951719603571,144,1230.98547363281,44,14,14,14,10,1296,15,54,37,19,17.1114063262939,2,-28,14,926,111
34.6672366191645,0.458951719603571,108,1147.53344726562,44,14,14,14,10,1375,15,56,35,21,17.7601833343506,2,-63,14,2822,108
34.6776532858145,0.458951719603571,107,1167.72973632812,43,14,14,14,10,1411,10,57,36,21,17.8041839599609,1,26,14,2728,110
34.7151532857545,0.458951719603571,104,1226.64916992188,43,14,14,14,10,1442,12,57,36,21,17.8916015625,4,-98,20,3060,105
34.7755699523245,0.458951719603571,112,1345.32666015625,44,14,14,14,10,1541,14,55,34,21,18.0593185424805,4,-10,27,3139,104
34.7839032856445,0.458951719603571,117,1362.29553222656,45,14,14,14,10,1571,13,55,34,21,18.0878410339355,5,111,16,2933,103
34.8047366189445,0.458951719603571,134,1343.29089355469,47,15,15,15,10,1599,14,54,32,21,18.1625518798828,6,216,18,3085,95
34.8234866189145,0.458951719603571,116,1241.95104980469,47,14,14,14,10,1555,15,54,31,22,18.2040176391602,2,-109,19,4049,99
34.8464032855445,0.458951719603571,199,1261.57946777344,44,15,15,15,12,1610,19,54,32,24,18.2905120849609,8,49,67,4268,94
34.8880699521444,0.458951719603571,132,1203.2841796875,48,14,14,14,10,1619,16,56,29,23,18.3821620941162,4,-17,19,4319,106
34.9151532854344,0.458951719603571,233,1116.38208007812,46,15,15,15,10,1631,15,59,32,22,18.4390735626221,3,32,15,4252,99
34.9255699520844,0.458951719603571,241,1113.86889648438,44,15,15,15,10,1641,16,59,33,22,18.459135055542,4,-229,14,4318,84
34.3880699529447,0.456868386273571,126,1199.15405273438,43,14,14,14,10,1230,11,57,38,19,16.7990970611572,3,-77,16,1257,108
34.4630699528246,0.456868386273571,171,1207.51245117188,44,14,14,14,10,1288,15,54,37,19,17.0831470489502,2,11,18,923,113
34.6818199524745,0.456868386273571,112,1167.72973632812,43,14,14,14,10,1411,10,57,36,21,17.8041839599609,1,26,14,2728,110
34.6922366191245,0.456868386273571,121,1175.78771972656,42,14,14,14,10,1407,11,57,37,21,17.8277339935303,2,-52,16,2967,108
34.7589032856845,0.456868386273571,112,1320.005859375,43,14,14,14,10,1544,12,55,36,21,18.0007953643799,3,95,15,2677,104
34.7714032856645,0.456868386273571,119,1345.32666015625,44,14,14,14,10,1541,14,55,34,21,18.0593185424805,4,-10,27,3139,104
34.8005699522845,0.456868386273571,131,1376.08581542969,45,15,15,15,10,1585,15,54,33,21,18.1370906829834,11,57,24,2924,92
34.8255699522445,0.456868386273571,127,1241.95104980469,47,14,14,14,10,1555,15,54,31,22,18.2040176391602,2,-109,19,4049,99
34.3734866196347,0.454785052943571,131,1200.89807128906,42,14,14,14,10,1221,11,57,40,19,16.7306232452393,2,-87,16,1227,108
34.4234866195547,0.454785052943571,128,1228.93762207031,42,14,14,14,10,1272,11,55,39,19,16.9227466583252,0,61,8,982,118
34.4859866194546,0.454785052943571,116,1336.75427246094,46,14,14,14,10,1338,17,55,35,19,17.156795501709,1,52,25,471,109
34.5755699526446,0.454785052943571,111,1448.69799804688,46,14,14,14,10,1330,16,56,35,19,17.4500198364258,2,-110,14,806,111
34.6234866192346,0.454785052943571,131,1151.26879882812,46,14,14,14,10,1331,16,59,34,20,17.6318397521973,3,-75,6,2320,110
34.6505699525246,0.454785052943571,108,1130.99670410156,41,14,14,14,10,1367,11,58,38,22,17.7120590209961,3,19,9,2444,109
34.6734866191545,0.454785052943571,113,1156.46826171875,44,14,14,14,10,1383,12,57,35,21,17.7824897766113,3,-76,24,2831,107
34.7505699523645,0.454785052943571,104,1299.42150878906,42,14,14,14,10,1517,12,55,37,21,17.9706363677979,4,-6,16,2865,107
34.7547366190245,0.454785052943571,108,1320.005859375,43,14,14,14,10,1544,12,55,36,21,18.0007953643799,3,95,15,2677,104
34.7609866190145,0.454785052943571,108,1331.71594238281,44,14,14,14,10,1524,14,55,35,21,18.028413772583,2,-39,14,2918,106
34.7984866189545,0.454785052943571,128,1376.08581542969,45,15,15,15,10,1585,15,54,33,21,18.1370906829834,11,57,24,2924,92
34.8943199521344,0.454785052943571,144,1162.95581054688,47,14,14,14,10,1615,15,58,31,22,18.4003772735596,4,40,10,4294,108
34.4484866195147,0.452701719613571,124,1191.73449707031,44,14,14,14,10,1265,15,56,37,19,17.0247497558594,3,-54,20,1136,110
34.4630699528246,0.452701719613571,133,1207.51245117188,44,14,14,14,10,1288,15,54,37,19,17.0831470489502,2,11,18,923,113
34.4734866194746,0.452701719613571,130,1230.98547363281,44,14,14,14,10,1296,15,54,37,19,17.1114063262939,2,-28,14,926,111
34.4818199527946,0.452701719613571,137,1278.498046875,45,14,14,14,10,1309,14,55,36,19,17.1355934143066,3,-10,19,778,109
34.4943199527746,0.452701719613571,118,1400.67456054688,45,14,14,14,10,1331,16,54,37,19,17.1829528808594,2,-21,12,590,109
34.6609866191746,0.452701719613571,105,1147.53344726562,44,14,14,14,10,1375,15,56,35,21,17.7601833343506,2,-63,14,2822,108
34.6818199524745,0.452701719613571,110,1167.72973632812,43,14,14,14,10,1411,10,57,36,21,17.8041839599609,1,26,14,2728,110
34.6839032858045,0.452701719613571,110,1167.72973632812,43,14,14,14,10,1411,10,57,36,21,17.8041839599609,1,26,14,2728,110
34.6901532857945,0.452701719613571,107,1175.78771972656,42,14,14,14,10,1407,11,57,37,21,17.8277339935303,2,-52,16,2967,108
34.6984866191145,0.452701719613571,125,1184.21752929688,45,14,14,14,10,1413,12,55,34,21,17.8523197174072,2,-97,27,2986,107
34.7318199523945,0.452701719613571,103,1262.03247070312,43,14,14,14,10,1498,12,54,37,21,17.92551612854,5,40,13,2822,105
34.7797366189845,0.452701719613571,118,1362.29553222656,45,14,14,14,10,1571,13,55,34,21,18.0878410339355,5,111,16,2933,103
34.8505699522045,0.452701719613571,237,1261.57946777344,44,15,15,15,12,1610,19,54,32,24,18.2905120849609,8,49,67,4268,94
34.8880699521444,0.452701719613571,143,1203.2841796875,48,14,14,14,10,1619,16,56,29,23,18.3821620941162,4,-17,19,4319,106
34.9026532854544,0.452701719613571,164,1136.20520019531,46,14,14,14,10,1615,15,59,32,22,18.4184017181396,4,-41,17,4470,92
34.9214032854244,0.452701719613571,197,1113.86889648438,44,15,15,15,10,1641,16,59,33,22,18.459135055542,4,-229,14,4318,84
34.9318199520744,0.452701719613571,227,1153.58618164062,44,15,15,15,10,1735,20,57,33,22,18.4719104766846,45,-370,54,3044,76
34.4005699529247,0.450618386283571,119,1262.45275878906,40,14,14,14,10,1255,10,56,42,18,16.7952690124512,2,29,12,1017,108
34.4443199528547,0.450618386283571,124,1239.06188964844,43,14,14,14,10,1284,13,54,38,19,16.9946937561035,2,-1,18,984,109
34.4505699528447,0.450618386283571,138,1239.06188964844,43,14,14,14,10,1284,13,54,38,19,16.9946937561035,2,-1,18,984,109
34.5109866194146,0.450618386283571,152,1677.83850097656,49,14,14,14,10,1377,17,55,33,19,17.2091293334961,1,74,29,77,118
34.7401532857145,0.450618386283571,102,1287.69274902344,45,14,14,14,10,1499,12,55,35,20,17.9351940155029,2,1,17,2983,111
34.7568199523545,0.450618386283571,104,1297.32116699219,44,14,14,14,10,1505,13,55,34,21,17.9847068786621,3,-59,15,3223,107
34.8047366189445,0.450618386283571,147,1237.07629394531,46,14,14,14,10,1525,15,54,32,21,18.1361484527588,9,-147,23,4137,96
34.8839032854844,0.450618386283571,129,1283.89428710938,48,14,14,14,10,1626,19,56,29,22,18.3605442047119,4,65,15,4279,100
34.9339032854044,0.450618386283571,208,1117.52514648438,44,15,15,15,10,1649,17,58,34,23,18.47194480896,7,-354,11,4057,82
34.3818199529547,0.448535052953571,114,1250.4541015625,40,14,14,14,10,1241,11,56,42,18,16.7291259765625,2,-7,13,1041,109
34.4151532862347,0.448535052953571,133,1205.109375,42,14,14,14,10,1254,13,56,39,19,16.871223449707,2,-46,17,1137,110
34.6151532859146,0.448535052953571,114,1159.66528320312,46,13,13,13,10,1325,15,57,34,20,17.5881290435791,2,-63,17,2167,111
34.8151532855945,0.448535052953571,140,1237.94152832031,47,15,15,15,10,1565,18,54,31,21,18.1704139709473,19,-68,16,4345,94
34.8797366188244,0.448535052953571,131,1283.89428710938,48,14,14,14,10,1626,19,56,29,22,18.3605442047119,4,65,15,4279,100
34.8922366188044,0.448535052953571,152,1207.54138183594,48,14,14,14,10,1599,15,57,29,22,18.3717784881592,2,-70,28,4568,104
34.9172366187644,0.448535052953571,181,1123.49829101562,46,15,15,15,10,1616,15,57,32,23,18.4284210205078,3,-23,17,4386,95
34.9380699520644,0.448535052953571,239,1184.60290527344,44,15,15,15,10,1718,24,56,34,22,18.4723243713379,47,-649,36,3044,74
34.4943199527746,0.446451719623571,121,1480.69250488281,45,13,13,13,10,1353,15,54,36,19,17.1589946746826,2,23,17,343,109
34.4984866194346,0.446451719623571,123,1480.69250488281,45,13,13,13,10,1353,15,54,36,19,17.1589946746826,2,23,17,343,109
34.5130699527446,0.446451719623571,165,1677.83850097656,49,14,14,14,10,1377,17,55,33,19,17.2091293334961,1,74,29,77,118
34.5214032860646,0.446451719623571,136,1652.31469726562,49,14,14,14,10,1365,19,56,32,18,17.2455501556396,4,43,16,187,110
34.5464032860246,0.446451719623571,108,1507.42529296875,43,14,14,14,10,1348,16,56,38,19,17.3411922454834,4,-35,10,339,109
34.6526532858546,0.446451719623571,141,1170.40100097656,43,14,14,14,10,1368,13,57,35,22,17.7170944213867,4,-59,27,2753,105
34.6964032857845,0.446451719623571,116,1203.74584960938,44,14,14,14,10,1430,13,56,35,21,17.8352947235107,3,-44,28,2916,106
34.8172366189245,0.446451719623571,133,1237.94152832031,47,15,15,15,10,1565,18,54,31,21,18.1704139709473,19,-68,16,4345,94
34.8339032855645,0.446451719623571,120,1248.50048828125,47,14,14,14,10,1592,16,54,31,22,18.2297496795654,5,6,16,4096,99
34.8630699521845,0.446451719623571,166,1378.15148925781,45,15,15,15,10,1659,22,57,31,23,18.3315773010254,4,118,20,3849,96
34.4380699528647,0.444368386293571,165,1230.44067382812,43,14,14,14,10,1273,11,55,38,20,16.9638233184814,1,-30,16,997,110
34.4443199528547,0.444368386293571,127,1239.06188964844,43,14,14,14,10,1284,13,54,38,19,16.9946937561035,2,-1,18,984,109
34.5026532860946,0.444368386293571,138,1591.56689453125,47,14,14,14,10,1368,16,55,34,19,17.1823596954346,1,52,18,178,109
34.6068199525946,0.444368386293571,118,1173.32238769531,46,13,13,13,10,1319,17,59,34,20,17.5582180023193,2,-77,17,2004,110
34.6276532858946,0.444368386293571,153,1161.87902832031,45,14,14,14,10,1353,14,58,34,21,17.6385974884033,4,0,25,2359,107
34.6318199525546,0.444368386293571,136,1161.87902832031,45,14,14,14,10,1353,14,58,34,21,17.6385974884033,4,0,25,2359,107
34.6422366192046,0.444368386293571,149,1179.36181640625,44,14,14,14,10,1346,15,56,35,21,17.6634693145752,4,-96,16,2717,103
34.6943199524545,0.444368386293571,106,1203.74584960938,44,14,14,14,10,1430,13,56,35,21,17.8352947235107,3,-44,28,2916,106
34.7505699523645,0.444368386293571,108,1288.86840820312,44,14,14,14,10,1513,13,54,34,21,17.9593143463135,6,56,23,2983,109
34.8589032855245,0.444368386293571,140,1334.9189453125,47,15,15,15,10,1644,22,56,30,23,18.3088111877441,3,80,15,4024,103
34.8734866188344,0.444368386293571,143,1360.9765625,48,15,15,15,10,1652,20,56,30,23,18.3484344482422,3,134,61,3924,98
34.8880699521444,0.444368386293571,139,1207.54138183594,48,14,14,14,10,1599,15,57,29,22,18.3717784881592,2,-70,28,4568,104
34.9234866187544,0.444368386293571,214,1109.35534667969,44,15,15,15,10,1620,15,60,33,23,18.4478435516357,2,-135,15,4430,86
34.9276532854144,0.444368386293571,211,1117.52514648438,44,15,15,15,10,1649,17,58,34,23,18.47194480896,7,-354,11,4057,82
34.3734866196347,0.442285052963571,119,1294.86437988281,40,14,14,14,10,1253,11,56,42,18,16.6590976715088,1,46,7,799,114
34.3922366196047,0.442285052963571,119,1356.34936523438,41,14,14,14,10,1270,10,55,41,17,16.7249641418457,1,48,11,770,111
34.4401532861947,0.442285052963571,127,1279.12158203125,43,14,14,14,10,1292,12,55,37,19,16.9325065612793,3,32,19,912,109
34.4609866194946,0.442285052963571,135,1389.70446777344,47,14,14,14,10,1304,15,54,35,19,17.0226917266846,3,-39,20,789,108
34.5318199527146,0.442285052963571,118,1507.31188964844,46,13,13,13,10,1325,18,55,35,19,17.2727069854736,4,-74,15,482,107
34.5464032860246,0.442285052963571,125,1518.72729492188,43,13,13,13,10,1357,13,55,39,18,17.3254928588867,2,40,11,216,111
34.5505699526846,0.442285052963571,113,1518.72729492188,43,13,13,13,10,1357,13,55,39,18,17.3254928588867,2,40,11,216,111
34.5547366193446,0.442285052963571,122,1607.00988769531,43,13,13,13,10,1370,12,55,38,19,17.3486843109131,1,75,13,95,113
34.5776532859746,0.442285052963571,125,1289.68811035156,47,13,13,13,10,1312,16,57,33,20,17.4557209014893,2,-74,19,1340,112
34.6318199525546,0.442285052963571,126,1211.939453125,45,14,14,14,10,1374,14,54,35,20,17.6126270294189,6,12,19,2300,102
34.6422366192046,0.442285052963571,160,1257.8544921875,44,14,14,14,10,1403,12,54,36,20,17.6297988891602,6,97,9,2147,98
34.6547366191846,0.442285052963571,147,1257.55700683594,43,14,14,14,10,1396,14,55,35,22,17.6881160736084,3,-10,12,2444,102
34.6880699524645,0.442285052963571,97,1254.14074707031,44,14,14,14,10,1440,11,56,36,21,17.7888050079346,3,71,12,2651,109
34.6922366191245,0.442285052963571,104,1254.14074707031,44,14,14,14,10,1440,11,56,36,21,17.7888050079346,3,71,12,2651,109
34.6964032857845,0.442285052963571,107,1247.38037109375,44,14,14,14,10,1424,14,56,35,21,17.8175449371338,1,-99,20,3021,105
34.8339032855645,0.442285052963571,126,1242.78112792969,48,14,14,14,10,1599,14,54,30,22,18.2176132202148,5,63,13,4267,101
34.8380699522245,0.442285052963571,126,1250.79577636719,48,14,14,14,10,1598,16,54,30,22,18.2432765960693,4,19,12,4278,100
34.8672366188445,0.442285052963571,150,1373.2587890625,49,14,14,14,10,1613,20,57,27,23,18.3164253234863,1,-105,14,4524,103
34.4943199527746,0.440201719633571,130,1539.79370117188,47,14,14,14,10,1345,15,54,34,19,17.1392307281494,2,-26,15,345,110
34.5193199527346,0.440201719633571,114,1650.92358398438,46,14,14,14,10,1358,18,55,35,19,17.2299423217773,4,39,4,196,108
34.5609866193346,0.440201719633571,118,1587.7373046875,44,14,14,14,10,1363,14,56,37,19,17.3812942504883,3,62,21,240,110
34.6130699525846,0.440201719633571,123,1178.42919921875,47,14,14,14,10,1330,16,58,34,20,17.5649452209473,3,-40,20,2199,106
34.6422366192046,0.440201719633571,166,1257.8544921875,44,14,14,14,10,1403,12,54,36,20,17.6297988891602,6,97,9,2147,98
34.7026532857745,0.440201719633571,115,1255.37866210938,44,14,14,14,10,1442,14,55,35,21,17.8405838012695,4,-97,13,2861,104
34.7193199524145,0.440201719633571,111,1286.92248535156,43,14,14,14,10,1491,13,56,36,21,17.8801174163818,4,108,8,2787,108
34.7380699523845,0.440201719633571,104,1271.41430664062,44,14,14,14,10,1498,13,56,35,21,17.9294033050537,2,61,11,3133,113
34.7651532856745,0.440201719633571,110,1263.1337890625,44,14,14,14,10,1515,16,55,34,22,18.0015525817871,5,22,13,3506,104
34.7922366189645,0.440201719633571,109,1198.439453125,45,14,14,14,10,1499,14,56,33,21,18.0728244781494,2,-81,17,4075,102
34.7984866189545,0.440201719633571,115,1187.451171875,45,14,14,14,10,1514,14,56,34,21,18.0959396362305,5,-62,13,4383,102
34.8484866188745,0.440201719633571,137,1282.87951660156,51,14,14,14,10,1604,19,55,27,23,18.2691612243652,4,-63,18,4590,99
34.8505699522045,0.440201719633571,134,1282.87951660156,51,14,14,14,10,1604,19,55,27,23,18.2691612243652,4,-63,18,4590,99
34.8568199521945,0.440201719633571,128,1336.4384765625,52,14,14,14,10,1617,19,57,25,23,18.2962856292725,3,-12,15,4478,104
34.8672366188445,0.440201719633571,122,1373.2587890625,49,14,14,14,10,1613,20,57,27,23,18.3164253234863,1,-105,14,4524,103
34.8797366188244,0.440201719633571,131,1278.89294433594,49,14,14,14,10,1599,16,57,28,22,18.3469848632812,5,-78,21,4406,103
34.8880699521444,0.440201719633571,125,1205.07360839844,49,14,14,14,10,1591,13,57,28,22,18.3610172271729,1,-74,14,4597,99
34.9005699521244,0.440201719633571,146,1167.51879882812,47,14,14,14,10,1609,14,57,31,22,18.3809089660645,2,2,14,4629,107
34.9339032854044,0.440201719633571,199,1109.43688964844,45,15,15,15,10,1653,17,58,32,22,18.4645366668701,3,-96,20,4060,86
34.9380699520644,0.440201719633571,199,1138.2021484375,43,15,15,15,10,1677,17,58,34,22,18.4784450531006,10,-473,8,3708,79
34.4068199529147,0.438118386303571,113,1282.38757324219,42,14,14,14,10,1254,11,56,39,19,16.8030948638916,3,-28,15,1122,108
34.4880699527846,0.438118386303571,142,1470.99829101562,47,14,14,14,10,1335,15,54,34,19,17.1131172180176,1,-21,21,425,113
34.5609866193346,0.438118386303571,124,1587.7373046875,44,14,14,14,10,1363,14,56,37,19,17.3812942504883,3,62,21,240,110
34.5693199526546,0.438118386303571,124,1452.07141113281,46,14,14,14,10,1340,15,57,35,19,17.4178028106689,4,41,14,740,110
34.5714032859846,0.438118386303571,129,1452.07141113281,46,14,14,14,10,1340,15,57,35,19,17.4178028106689,4,41,14,740,110
34.5964032859446,0.438118386303571,135,1164.5146484375,46,13,13,13,10,1328,16,58,34,19,17.5135078430176,2,23,18,1712,114
34.6026532859346,0.438118386303571,128,1172.51135253906,46,14,14,14,10,1340,16,57,34,19,17.5381126403809,3,32,17,1867,110
34.6318199525546,0.438118386303571,169,1211.939453125,45,14,14,14,10,1374,14,54,35,20,17.6126270294189,6,12,19,2300,102
34.6422366192046,0.438118386303571,157,1257.8544921875,44,14,14,14,10,1403,12,54,36,20,17.6297988891602,6,97,9,2147,98
34.6630699525046,0.438118386303571,109,1250.36157226562,42,14,14,14,10,1401,12,56,36,22,17.7143478393555,4,-30,14,2605,102
34.6839032858045,0.438118386303571,106,1256.97912597656,44,14,14,14,10,1424,13,55,35,21,17.7659664154053,5,-64,20,2783,104
34.7005699524445,0.438118386303571,106,1247.38037109375,44,14,14,14,10,1424,14,56,35,21,17.8175449371338,1,-99,20,3021,105
34.7318199523945,0.438118386303571,117,1280.46838378906,43,14,14,14,10,1476,13,56,35,21,17.9067058563232,4,-53,11,3175,110
34.7880699523045,0.438118386303571,117,1198.439453125,45,14,14,14,10,1499,14,56,33,21,18.0728244781494,2,-81,17,4075,102
34.8089032856045,0.438118386303571,123,1198.83190917969,45,14,14,14,10,1526,14,54,33,22,18.125617980957,4,-71,19,4455,101
34.8422366188845,0.438118386303571,123,1250.79577636719,48,14,14,14,10,1598,16,54,30,22,18.2432765960693,4,19,12,4278,100
34.5234866193946,0.436035052973571,127,1650.92358398438,46,14,14,14,10,1358,18,55,35,19,17.2299423217773,4,39,4,196,108
34.5297366193846,0.436035052973571,121,1507.31188964844,46,13,13,13,10,1325,18,55,35,19,17.2727069854736,4,-74,15,482,107
34.5464032860246,0.436035052973571,122,1518.72729492188,43,13,13,13,10,1357,13,55,39,18,17.3254928588867,2,40,11,216,111
34.5609866193346,0.436035052973571,128,1587.7373046875,44,14,14,14,10,1363,14,56,37,19,17.3812942504883,3,62,21,240,110
34.6526532858546,0.436035052973571,150,1257.55700683594,43,14,14,14,10,1396,14,55,35,22,17.6881160736084,3,-10,12,2444,102
34.6609866191746,0.436035052973571,114,1250.36157226562,42,14,14,14,10,1401,12,56,36,22,17.7143478393555,4,-30,14,2605,102
34.6984866191145,0.436035052973571,108,1247.38037109375,44,14,14,14,10,1424,14,56,35,21,17.8175449371338,1,-99,20,3021,105
34.7943199522945,0.436035052973571,118,1187.451171875,45,14,14,14,10,1514,14,56,34,21,18.0959396362305,5,-62,13,4383,102
34.8859866188144,0.436035052973571,118,1205.07360839844,49,14,14,14,10,1591,13,57,28,22,18.3610172271729,1,-74,14,4597,99
34.9172366187644,0.436035052973571,191,1134.80822753906,47,14,14,14,10,1618,14,58,31,22,18.4235153198242,3,12,13,4472,104
34.4276532862147,0.433951719643571,130,1314.373046875,43,14,14,14,10,1285,11,54,38,19,16.8730049133301,3,-47,13,881,107
34.4484866195147,0.433951719643571,132,1398.71606445312,47,14,14,14,10,1307,14,55,33,19,16.9325180053711,4,-6,36,706,107
34.4693199528146,0.433951719643571,155,1545.1142578125,46,13,13,13,10,1349,12,54,35,19,17.0217781066895,3,86,18,433,111
34.4922366194446,0.433951719643571,146,1517.55895996094,47,13,13,13,10,1339,16,55,34,19,17.0940399169922,3,-17,17,422,109
34.5068199527546,0.433951719643571,140,1645.14562988281,47,14,14,14,10,1356,14,54,34,19,17.1491775512695,3,18,16,137,109
34.5172366194046,0.433951719643571,121,1683.66882324219,44,13,13,13,10,1370,15,55,37,19,17.1792659759521,2,73,12,51,109
34.5193199527346,0.433951719643571,119,1618.66101074219,45,13,13,13,10,1352,15,56,36,19,17.2169361114502,2,34,14,265,107
34.6380699525446,0.433951719643571,154,1306.07690429688,45,14,14,14,10,1451,14,53,36,19,17.6045379638672,6,180,15,1414,96
34.7255699524045,0.433951719643571,108,1271.70043945312,45,14,14,14,10,1469,13,55,35,20,17.8761100769043,2,5,11,3114,109
34.7339032857245,0.433951719643571,116,1258.96704101562,45,14,14,14,10,1478,14,56,34,21,17.901876449585,4,-5,20,3273,110
34.8172366189245,0.433951719643571,145,1210.33447265625,46,14,14,14,10,1555,14,55,32,22,18.1435108184814,5,-9,12,4498,101
34.8380699522245,0.433951719643571,123,1225.04833984375,48,14,14,14,10,1575,14,55,30,22,18.2264080047607,2,-71,15,4809,99
34.8630699521845,0.433951719643571,132,1396.68969726562,49,14,14,14,10,1626,20,56,28,23,18.3109188079834,4,-10,14,4587,106
34.8693199521745,0.433951719643571,148,1366.8984375,49,14,14,14,10,1639,17,56,29,22,18.328161239624,4,138,21,4397,105
34.9359866187344,0.433951719643571,159,1122.24670410156,45,15,15,15,10,1663,17,58,33,23,18.4807720184326,7,-345,12,3882,83
34.4214032862247,0.431868386313571,122,1288.21691894531,43,14,14,14,10,1275,10,55,39,19,16.8416919708252,3,-19,14,1027,107
34.4234866195547,0.431868386313571,121,1288.21691894531,43,14,14,14,10,1275,10,55,39,19,16.8416919708252,3,-19,14,1027,107
34.4693199528146,0.431868386313571,127,1545.1142578125,46,13,13,13,10,1349,12,54,35,19,17.0217781066895,3,86,18,433,111
34.4755699528046,0.431868386313571,124,1545.1142578125,46,13,13,13,10,1349,12,54,35,19,17.0217781066895,3,86,18,433,111
34.4818199527946,0.431868386313571,125,1537.30017089844,47,13,13,13,10,1338,14,55,34,19,17.0584392547607,4,35,17,332,110
34.5276532860546,0.431868386313571,127,1487.66381835938,46,13,13,13,10,1331,16,56,35,19,17.2568244934082,5,1,12,415,106
34.5693199526546,0.431868386313571,135,1424.28002929688,46,13,13,13,10,1342,15,57,35,19,17.4045562744141,2,51,16,754,113
34.5797366193046,0.431868386313571,120,1287.18676757812,47,14,14,14,10,1310,14,59,35,19,17.4396381378174,1,-48,13,1325,111
34.6880699524645,0.431868386313571,104,1354.04467773438,45,14,14,14,10,1457,12,55,34,21,17.7684211730957,3,-27,22,2595,104
34.7526532856945,0.431868386313571,108,1227.22192382812,46,14,14,14,10,1483,15,55,32,21,17.9749736785889,6,-46,18,3663,107
34.8526532855345,0.431868386313571,138,1351.91772460938,50,14,14,14,10,1638,19,56,28,23,18.2887306213379,2,98,14,4429,104
34.8568199521945,0.431868386313571,134,1351.91772460938,50,14,14,14,10,1638,19,56,28,23,18.2887306213379,2,98,14,4429,104
34.8734866188344,0.431868386313571,133,1366.8984375,49,14,14,14,10,1639,17,56,29,22,18.328161239624,4,138,21,4397,105
34.9401532853944,0.431868386313571,153,1122.24670410156,45,15,15,15,10,1663,17,58,33,23,18.4807720184326,7,-345,12,3882,83
34.9464032853844,0.431868386313571,226,1176.89135742188,45,15,15,15,10,1832,36,57,33,22,18.4745540618896,40,-268,56,1743,73
34.4526532861747,0.429785052983571,138,1458.05407714844,47,14,14,14,10,1319,16,54,33,20,16.96142578125,3,-12,15,610,106
34.5026532860946,0.429785052983571,133,1645.14562988281,47,14,14,14,10,1356,14,54,34,19,17.1491775512695,3,18,16,137,109
34.5401532860346,0.429785052983571,125,1427.88500976562,45,13,13,13,10,1323,16,55,36,19,17.2910861968994,3,-90,18,680,108
34.6255699525646,0.429785052983571,141,1210.37939453125,45,14,14,14,10,1351,14,55,36,19,17.5716724395752,4,-51,16,2014,105
34.6276532858946,0.429785052983571,122,1241.57360839844,45,14,14,14,10,1384,16,54,35,20,17.5938854217529,7,-62,20,1919,100
34.6359866192146,0.429785052983571,156,1306.07690429688,45,14,14,14,10,1451,14,53,36,19,17.6045379638672,6,180,15,1414,96
34.6734866191545,0.429785052983571,107,1368.75158691406,44,14,14,14,10,1443,13,54,36,21,17.7118167877197,4,-46,15,2470,100
34.6797366191445,0.429785052983571,111,1370.435546875,44,14,14,14,10,1440,14,55,35,21,17.7396106719971,5,-43,14,2618,99
34.7068199524345,0.429785052983571,102,1302.58532714844,44,14,14,14,10,1456,13,56,36,20,17.8221340179443,5,-17,19,3029,105
34.7172366190845,0.429785052983571,111,1285.44055175781,45,14,14,14,10,1475,11,56,35,21,17.8489189147949,2,43,12,2926,110
34.7776532856545,0.429785052983571,130,1199.427734375,46,14,14,14,10,1491,13,56,32,21,18.0407314300537,2,-77,17,4365,106
34.8026532856145,0.429785052983571,135,1197.34643554688,46,14,14,14,10,1545,13,55,32,21,18.1139221191406,4,22,18,4396,104
34.8151532855945,0.429785052983571,145,1210.33447265625,46,14,14,14,10,1555,14,55,32,22,18.1435108184814,5,-9,12,4498,101
34.9109866187744,0.429785052983571,140,1141.09851074219,47,14,14,14,10,1634,15,57,31,22,18.4172325134277,2,89,15,4288,111
34.9339032854044,0.429785052983571,161,1116.51171875,46,15,15,15,10,1643,16,59,32,23,18.4625263214111,4,-77,15,4164,89
34.3547366196647,0.427701719653571,122,1270.75769042969,39,14,14,14,10,1237,9,56,43,18,16.5672378540039,2,-18,16,763,109
34.4109866195747,0.427701719653571,125,1282.33752441406,43,14,14,14,10,1268,9,56,39,18,16.8093643188477,4,-41,16,1095,108
34.4359866195347,0.427701719653571,142,1348.26513671875,46,14,14,14,10,1307,12,54,35,19,16.9029846191406,2,24,15,722,108
34.4609866194946,0.427701719653571,138,1510.94714355469,46,14,14,14,10,1337,12,53,35,19,16.9917030334473,3,39,16,441,109
34.4943199527746,0.427701719653571,143,1561.08728027344,47,13,13,13,10,1359,12,54,34,19,17.1210536956787,1,69,12,201,110
34.5005699527646,0.427701719653571,135,1561.08728027344,47,13,13,13,10,1359,12,54,34,19,17.1210536956787,1,69,12,201,110
34.5109866194146,0.427701719653571,134,1683.66882324219,44,13,13,13,10,1370,15,55,37,19,17.1792659759521,2,73,12,51,109
34.5651532859946,0.427701719653571,121,1529.33312988281,44,13,13,13,10,1333,13,56,37,19,17.3723812103271,2,-40,12,570,111
34.5964032859446,0.427701719653571,162,1145.34875488281,48,13,13,13,10,1311,14,58,33,19,17.5022583007812,3,-56,18,1697,111
34.6005699526046,0.427701719653571,116,1145.34875488281,48,13,13,13,10,1311,14,58,33,19,17.5022583007812,3,-56,18,1697,111
34.6047366192646,0.427701719653571,114,1166.55554199219,45,14,14,14,10,1338,15,56,36,19,17.5238609313965,6,6,15,1658,106
34.6214032859046,0.427701719653571,139,1210.37939453125,45,14,14,14,10,1351,14,55,36,19,17.5716724395752,4,-51,16,2014,105
34.6318199525546,0.427701719653571,132,1241.57360839844,45,14,14,14,10,1384,16,54,35,20,17.5938854217529,7,-62,20,1919,100
34.6422366192046,0.427701719653571,151,1306.07690429688,45,14,14,14,10,1451,14,53,36,19,17.6045379638672,6,180,15,1414,96
34.6818199524745,0.427701719653571,111,1370.435546875,44,14,14,14,10,1440,14,55,35,21,17.7396106719971,5,-43,14,2618,99
34.7401532857145,0.427701719653571,110,1247.58056640625,45,14,14,14,10,1482,13,56,33,21,17.9259071350098,3,26,17,3359,109
34.7464032857045,0.427701719653571,125,1236.30041503906,46,14,14,14,10,1477,16,55,33,21,17.9517097473145,3,-65,17,3727,108
34.7693199523345,0.427701719653571,125,1213.11730957031,46,14,14,14,10,1481,11,56,33,22,18.0198860168457,4,-106,17,4023,105
34.7714032856645,0.427701719653571,124,1213.11730957031,46,14,14,14,10,1481,11,56,33,22,18.0198860168457,4,-106,17,4023,105
34.7880699523045,0.427701719653571,131,1181.78918457031,46,14,14,14,10,1495,12,56,33,21,18.0628147125244,4,-81,12,4396,105
34.7943199522945,0.427701719653571,130,1182.84814453125,46,14,14,14,10,1532,12,56,33,21,18.0860481262207,3,60,14,4368,105
34.8755699521644,0.427701719653571,119,1366.8984375,49,14,14,14,10,1639,17,56,29,22,18.328161239624,4,138,21,4397,105
34.4005699529247,0.425618386323571,111,1350.44970703125,41,14,14,14,10,1279,9,56,41,18,16.7099609375,3,20,11,702,110
34.4026532862547,0.425618386323571,119,1324.77551269531,42,14,14,14,10,1282,11,56,40,19,16.7469348907471,3,22,16,759,109
34.4109866195747,0.425618386323571,128,1321.80053710938,44,14,14,14,10,1284,10,56,37,19,16.7812423706055,3,-10,9,836,109
34.5151532860746,0.425618386323571,130,1632.53942871094,47,14,14,14,10,1349,15,55,34,20,17.1702861785889,3,16,13,281,106
34.5234866193946,0.425618386323571,127,1554.79565429688,45,13,13,13,10,1334,16,56,35,20,17.2081851959229,2,-9,16,501,106
34.5443199526946,0.425618386323571,127,1457.00537109375,46,13,13,13,10,1345,15,56,34,19,17.3000583648682,1,58,13,480,111
34.5589032860046,0.425618386323571,132,1481.453125,46,13,13,13,10,1332,15,57,35,19,17.3302192687988,2,-11,14,616,111
34.5859866192946,0.425618386323571,120,1167.27258300781,47,13,13,13,10,1305,15,58,35,19,17.458251953125,2,-26,21,1580,112
34.5984866192746,0.425618386323571,157,1128.17932128906,47,13,13,13,10,1307,16,58,34,19,17.487663269043,1,-45,13,1785,112
34.7193199524145,0.425618386323571,110,1260.49304199219,46,14,14,14,10,1454,14,55,34,20,17.866138458252,3,-95,25,3570,109
34.7359866190545,0.425618386323571,112,1246.00378417969,46,14,14,14,10,1457,14,56,32,22,17.914026260376,0,-110,22,3795,109
34.7568199523545,0.425618386323571,130,1233.4853515625,45,14,14,14,10,1489,15,55,33,22,17.9571170806885,5,29,23,4034,107
34.7651532856745,0.425618386323571,115,1216.90979003906,45,14,14,14,10,1475,13,55,33,22,17.985668182373,4,-101,22,4263,107
34.8047366189445,0.425618386323571,142,1218.05212402344,46,14,14,14,10,1518,14,55,32,22,18.1050701141357,6,-54,18,4721,102
34.8464032855445,0.425618386323571,156,1275.41955566406,48,14,14,14,10,1587,16,54,30,22,18.24560546875,4,-66,9,4646,97
34.8859866188144,0.425618386323571,118,1207.02282714844,48,14,14,14,10,1606,13,57,30,22,18.3439979553223,3,51,11,4651,107
34.9109866187744,0.425618386323571,148,1142.36633300781,47,14,14,14,10,1611,15,58,32,21,18.4046611785889,2,-40,15,4466,102
34.9214032854244,0.425618386323571,170,1130.43591308594,46,14,14,14,10,1622,17,57,31,22,18.4290542602539,4,-82,16,4352,95
34.3714032863047,0.423535052993571,111,1309.06359863281,38,14,14,14,10,1248,9,57,45,17,16.6058578491211,3,-49,13,800,109
34.4359866195347,0.423535052993571,135,1440.54052734375,48,13,13,13,10,1303,13,54,34,18,16.8732051849365,3,-68,18,716,106
34.5755699526446,0.423535052993571,121,1360.84216308594,44,13,13,13,10,1331,17,57,37,19,17.3932342529297,2,-2,11,917,112
34.5859866192946,0.423535052993571,114,1167.27258300781,47,13,13,13,10,1305,15,58,35,19,17.458251953125,2,-26,21,1580,112
34.6089032859246,0.423535052993571,105,1144.85119628906,46,14,14,14,10,1331,15,56,35,19,17.5126724243164,5,-38,18,1683,107
34.6651532858345,0.423535052993571,136,1456.09204101562,44,14,14,14,10,1488,13,54,37,20,17.6545181274414,2,88,9,1711,100
34.6859866191345,0.423535052993571,100,1491.75061035156,46,14,14,14,10,1470,13,55,34,20,17.742618560791,5,-18,15,2621,102
34.7401532857145,0.423535052993571,117,1246.00378417969,46,14,14,14,10,1457,14,56,32,22,17.914026260376,0,-110,22,3795,109
34.8047366189445,0.423535052993571,134,1218.05212402344,46,14,14,14,10,1518,14,55,32,22,18.1050701141357,6,-54,18,4721,102
34.8068199522745,0.423535052993571,132,1218.05212402344,46,14,14,14,10,1518,14,55,32,22,18.1050701141357,6,-54,18,4721,102
34.8339032855645,0.423535052993571,137,1200.365234375,48,14,14,14,10,1562,14,55,30,22,18.1844806671143,3,-42,17,4931,101
34.8901532854744,0.423535052993571,121,1207.02282714844,48,14,14,14,10,1606,13,57,30,22,18.3439979553223,3,51,11,4651,107
34.4880699527846,0.421451719663571,141,1529.00854492188,47,13,13,13,10,1333,15,55,34,19,17.0796279907227,2,-36,14,448,107
34.5089032860846,0.421451719663571,124,1617.06127929688,46,14,14,14,10,1352,15,55,35,19,17.1363258361816,0,32,14,323,109
34.5130699527446,0.421451719663571,127,1632.53942871094,47,14,14,14,10,1349,15,55,34,20,17.1702861785889,3,16,13,281,106
34.5234866193946,0.421451719663571,113,1554.79565429688,45,13,13,13,10,1334,16,56,35,20,17.2081851959229,2,-9,16,501,106
34.5339032860446,0.421451719663571,108,1449.10791015625,43,13,13,13,10,1328,14,55,37,19,17.2437000274658,3,12,11,560,108
34.5755699526446,0.421451719663571,113,1360.84216308594,44,13,13,13,10,1331,17,57,37,19,17.3932342529297,2,-2,11,917,112
34.6234866192346,0.421451719663571,138,1223.36291503906,44,14,14,14,10,1384,16,54,37,20,17.5512180328369,2,81,12,1367,107
34.6797366191445,0.421451719663571,97,1527.46923828125,44,14,14,14,10,1475,13,53,36,19,17.707986831665,7,78,10,2183,98
34.6901532857945,0.421451719663571,101,1491.75061035156,46,14,14,14,10,1470,13,55,34,20,17.742618560791,5,-18,15,2621,102
34.8922366188044,0.421451719663571,120,1207.02282714844,48,14,14,14,10,1606,13,57,30,22,18.3439979553223,3,51,11,4651,107
34.8964032854644,0.421451719663571,143,1171.17797851562,47,14,14,14,10,1586,14,58,31,22,18.3612022399902,2,-96,13,4845,102
34.9297366187444,0.421451719663571,204,1122.91491699219,46,15,15,15,10,1772,22,57,31,22,18.4620609283447,25,552,62,3647,88
34.3797366196247,0.419368386333571,125,1352.19775390625,40,14,14,14,10,1268,9,55,43,18,16.6368179321289,2,21,16,718,109
34.5130699527446,0.419368386333571,127,1632.53942871094,47,14,14,14,10,1349,15,55,34,20,17.1702861785889,3,16,13,281,106
34.5255699527246,0.419368386333571,108,1554.79565429688,45,13,13,13,10,1334,16,56,35,20,17.2081851959229,2,-9,16,501,106
34.5672366193246,0.419368386333571,112,1440.28918457031,45,13,13,13,10,1335,15,56,36,19,17.3609485626221,3,22,16,641,116
34.6109866192546,0.419368386333571,106,1186.34875488281,44,14,14,14,10,1356,14,54,37,19,17.5322399139404,4,22,19,1511,106
34.6651532858345,0.419368386333571,133,1456.09204101562,44,14,14,14,10,1488,13,54,37,20,17.6545181274414,2,88,9,1711,100
34.6797366191445,0.419368386333571,99,1527.46923828125,44,14,14,14,10,1475,13,53,36,19,17.707986831665,7,78,10,2183,98
34.6880699524645,0.419368386333571,101,1491.75061035156,46,14,14,14,10,1470,13,55,34,20,17.742618560791,5,-18,15,2621,102
34.8339032855645,0.419368386333571,136,1200.365234375,48,14,14,14,10,1562,14,55,30,22,18.1844806671143,3,-42,17,4931,101
34.8464032855445,0.419368386333571,127,1275.41955566406,48,14,14,14,10,1587,16,54,30,22,18.24560546875,4,-66,9,4646,97
34.8734866188344,0.419368386333571,133,1371.8037109375,49,14,14,14,10,1619,14,55,28,23,18.3163833618164,4,8,15,4500,103
34.9151532854344,0.419368386333571,168,1142.36633300781,47,14,14,14,10,1611,15,58,32,21,18.4046611785889,2,-40,15,4466,102
34.9484866187144,0.419368386333571,164,1141.49243164062,45,15,15,15,10,1710,25,56,33,22,18.4859237670898,10,-433,14,3396,81
34.4359866195347,0.417285053003571,142,1517.87097167969,46,13,13,13,10,1330,11,54,36,18,16.8454666137695,0,52,14,469,115
34.4714032861446,0.417285053003571,138,1612.00903320312,47,13,13,13,10,1345,12,55,34,19,16.9852600097656,3,30,30,388,106
34.4755699528046,0.417285053003571,130,1612.00903320312,47,13,13,13,10,1345,12,55,34,19,16.9852600097656,3,30,30,388,106
34.4901532861146,0.417285053003571,133,1532.97314453125,47,13,13,13,10,1309,14,56,34,19,17.0637645721436,3,-113,24,674,106
34.5401532860346,0.417285053003571,128,1383.73107910156,48,14,14,14,10,1323,17,56,33,19,17.261438369751,4,-26,23,851,109
34.6089032859246,0.417285053003571,105,1126.37072753906,47,13,13,13,10,1316,15,57,34,19,17.5007247924805,2,-61,18,1677,108
34.7005699524445,0.417285053003571,100,1458.02600097656,47,14,14,14,10,1464,12,55,34,19,17.7624359130859,2,-23,18,2966,106
34.7318199523945,0.417285053003571,122,1250.17834472656,47,14,14,14,10,1487,15,55,33,20,17.8728218078613,4,77,17,3610,111
34.7359866190545,0.417285053003571,119,1248.09509277344,45,14,14,14,10,1490,15,56,34,21,17.895751953125,2,81,20,3717,111
34.7901532856345,0.417285053003571,125,1260.30871582031,45,14,14,14,10,1518,12,55,34,21,18.047420501709,3,-29,19,4437,103
34.8193199522545,0.417285053003571,145,1222.51220703125,47,14,14,14,10,1551,15,56,31,22,18.1521263122559,3,3,26,4889,103
34.9172366187644,0.417285053003571,166,1146.20629882812,46,15,15,15,10,1609,13,57,31,23,18.3964366912842,3,-9,15,4628,110
34.9214032854244,0.417285053003571,160,1129.69787597656,46,14,14,14,10,1622,15,57,31,23,18.4172477722168,3,-36,13,4434,97
34.4380699528647,0.415201719673571,132,1517.87097167969,46,13,13,13,10,1330,11,54,36,18,16.8454666137695,0,52,14,469,115
34.5068199527546,0.415201719673571,132,1585.75415039062,47,14,14,14,10,1344,14,56,33,19,17.1227855682373,3,37,16,374,108
34.6484866191946,0.415201719673571,147,1338.79736328125,46,14,14,14,10,1487,14,53,36,18,17.5950412750244,7,238,13,741,94
34.7089032857645,0.415201719673571,115,1338.74011230469,45,14,14,14,10,1461,12,55,35,20,17.7988834381104,2,-16,24,3165,109
34.7943199522945,0.415201719673571,137,1258.93432617188,45,14,14,14,10,1535,14,54,34,21,18.0730762481689,4,-21,32,4526,102
34.8318199522345,0.415201719673571,132,1211.66809082031,48,14,14,14,10,1567,15,55,30,22,18.1789512634277,3,22,17,4872,103
34.8609866188545,0.415201719673571,120,1429.83520507812,47,14,14,14,10,1625,16,57,31,22,18.2900829315186,2,33,15,4554,104
34.3651532863147,0.413118386343571,123,1249.21435546875,43,14,14,14,10,1250,9,58,39,18,16.5469646453857,2,23,20,756,107
34.3839032862847,0.413118386343571,117,1304.93640136719,42,14,14,14,10,1269,8,58,39,18,16.6136837005615,1,55,16,707,111
34.4193199528947,0.413118386343571,118,1417.94470214844,45,13,13,13,10,1301,14,57,37,18,16.783130645752,3,-23,23,691,105
34.4234866195547,0.413118386343571,114,1417.94470214844,45,13,13,13,10,1301,14,57,37,18,16.783130645752,3,-23,23,691,105
34.4901532861146,0.413118386343571,128,1532.97314453125,47,13,13,13,10,1309,14,56,34,19,17.0637645721436,3,-113,24,674,106
34.5047366194246,0.413118386343571,167,1585.75415039062,47,14,14,14,10,1344,14,56,33,19,17.1227855682373,3,37,16,374,108
34.5130699527446,0.413118386343571,124,1582.34716796875,49,14,14,14,10,1324,16,56,33,18,17.1577033996582,1,-5,15,561,107
34.5297366193846,0.413118386343571,112,1401.21301269531,46,13,13,13,10,1323,18,57,35,19,17.230432510376,2,24,15,669,111
34.6401532858746,0.413118386343571,149,1290.61743164062,43,13,13,13,10,1422,17,54,38,19,17.5770130157471,8,19,16,1084,102
34.6839032858045,0.413118386343571,109,1617.35046386719,44,14,14,14,10,1514,14,54,36,19,17.68727684021,2,144,6,1809,107
34.8297366189045,0.413118386343571,141,1211.66809082031,48,14,14,14,10,1567,15,55,30,22,18.1789512634277,3,22,17,4872,103
34.8318199522345,0.413118386343571,137,1211.66809082031,48,14,14,14,10,1567,15,55,30,22,18.1789512634277,3,22,17,4872,103
34.8818199521544,0.413118386343571,121,1261.4208984375,48,14,14,14,10,1597,13,57,30,22,18.318265914917,2,4,16,4801,107
34.8984866187944,0.413118386343571,118,1180.75842285156,46,14,14,14,10,1598,14,57,32,22,18.355131149292,3,-7,11,4812,106
34.9276532854144,0.413118386343571,147,1120.65551757812,46,15,15,15,10,1640,16,58,31,23,18.4432029724121,4,-56,13,4092,93
34.3568199529947,0.411035053013571,108,1230.94213867188,41,14,14,14,10,1228,10,57,41,19,16.5139713287354,4,-68,17,910,107
34.4026532862547,0.411035053013571,149,1318.50317382812,44,14,14,14,10,1278,10,56,39,17,16.7216300964355,3,-2,13,832,107
34.4172366195647,0.411035053013571,117,1361.86706542969,44,13,13,13,10,1277,9,55,38,17,16.7535133361816,2,-52,23,940,106
34.4339032862047,0.411035053013571,127,1472.00573730469,45,13,13,13,10,1328,11,55,37,18,16.8118801116943,1,76,19,475,106
34.4359866195347,0.411035053013571,119,1517.87097167969,46,13,13,13,10,1330,11,54,36,18,16.8454666137695,0,52,14,469,115
34.4964032861046,0.411035053013571,121,1516.75659179688,47,14,14,14,10,1327,14,55,33,20,17.0968608856201,3,-25,18,499,106
34.5443199526946,0.411035053013571,125,1400.9560546875,46,14,14,14,10,1334,15,57,34,20,17.2883186340332,3,65,12,644,111
34.5547366193446,0.411035053013571,128,1387.49584960938,46,14,14,14,10,1322,16,57,34,20,17.3204288482666,2,-26,17,856,112
34.6214032859046,0.411035053013571,164,1212.42700195312,45,14,14,14,10,1377,17,54,36,19,17.539119720459,6,21,16,1233,102
34.6276532858946,0.411035053013571,155,1252.55578613281,44,13,13,13,10,1423,14,55,37,19,17.5559787750244,2,157,14,834,103
34.6380699525446,0.411035053013571,143,1290.61743164062,43,13,13,13,10,1422,17,54,38,19,17.5770130157471,8,19,16,1084,102
34.6464032858646,0.411035053013571,145,1338.79736328125,46,14,14,14,10,1487,14,53,36,18,17.5950412750244,7,238,13,741,94
34.6526532858546,0.411035053013571,151,1400.25842285156,46,14,14,14,10,1477,14,53,35,19,17.6165027618408,6,51,11,1353,99
34.6734866191545,0.411035053013571,105,1587.728515625,45,14,14,14,10,1515,15,53,36,19,17.6595363616943,5,111,24,1625,102
34.7505699523645,0.411035053013571,114,1253.61706542969,45,14,14,14,10,1490,14,55,33,21,17.918306350708,4,20,18,3958,112
34.7734866189945,0.411035053013571,134,1244.21142578125,45,14,14,14,10,1529,13,54,33,21,17.9918746948242,6,72,15,4063,102
34.8297366189045,0.411035053013571,136,1211.66809082031,48,14,14,14,10,1567,15,55,30,22,18.1789512634277,3,22,17,4872,103
34.9255699520844,0.411035053013571,156,1129.69787597656,46,14,14,14,10,1622,15,57,31,23,18.4172477722168,3,-36,13,4434,97
34.9401532853944,0.411035053013571,171,1113.68786621094,45,15,15,15,10,1671,17,58,32,23,18.4659748077393,5,-26,10,3750,92
34.3609866196547,0.408951719683571,112,1229.93395996094,43,14,14,14,10,1240,9,57,38,19,16.5239810943604,4,-57,33,898,106
34.3714032863047,0.408951719683571,135,1250.48828125,45,14,14,14,10,1247,8,56,36,18,16.5587158203125,2,-13,12,821,107
34.4359866195347,0.408951719683571,116,1535.55932617188,44,13,13,13,10,1309,9,56,38,19,16.8273010253906,2,-59,10,609,106
34.4651532861546,0.408951719683571,127,1559.58728027344,47,13,13,13,10,1313,11,54,34,19,16.9372158050537,2,-91,15,658,106
34.4984866194346,0.408951719683571,134,1493.56909179688,46,14,14,14,10,1315,15,56,34,20,17.082010269165,3,-64,22,704,106
34.5109866194146,0.408951719683571,123,1538.00646972656,48,14,14,14,10,1331,17,58,34,19,17.1428127288818,3,70,9,498,107
34.5609866193346,0.408951719683571,122,1239.15112304688,49,13,13,13,180,1309,16,58,31,19,17.3432273864746,2,-4,16,1035,111
34.6255699525646,0.408951719683571,160,1179.369140625,47,14,14,14,10,1363,15,55,34,20,17.5323295593262,4,5,15,1056,104
34.6380699525446,0.408951719683571,146,1226.26000976562,44,14,14,14,10,1404,14,54,37,19,17.5781402587891,5,61,14,615,100
34.6568199525146,0.408951719683571,159,1342.44140625,47,14,14,14,10,1474,15,53,34,19,17.6137733459473,7,80,24,1378,95
34.7047366191045,0.408951719683571,106,1300.73864746094,45,14,14,14,10,1446,12,54,36,19,17.79030418396,2,-43,32,3592,107
34.7318199523945,0.408951719683571,111,1234.4443359375,46,14,14,14,10,1475,15,55,33,21,17.8654403686523,4,-15,33,3764,107
34.7714032856645,0.408951719683571,126,1268.9814453125,47,14,14,14,10,1502,14,54,32,21,17.9817676544189,4,-130,22,4325,104
34.8089032856045,0.408951719683571,140,1315.81640625,47,14,14,14,10,1578,14,54,32,21,18.1019191741943,3,97,19,4273,101
34.9443199520544,0.408951719683571,141,1116.65625,44,15,15,15,10,1683,20,57,33,22,18.4777050018311,9,-236,14,3770,86
34.4318199528747,0.406868386353571,125,1508.85705566406,43,13,13,13,10,1328,8,54,39,18,16.7877254486084,1,94,15,475,110
34.4839032861246,0.406868386353571,136,1628.30639648438,47,14,14,14,10,1341,15,55,34,19,17.0000705718994,2,86,13,336,112
34.4964032861046,0.406868386353571,134,1493.56909179688,46,14,14,14,10,1315,15,56,34,20,17.082010269165,3,-64,22,704,106
34.5089032860846,0.406868386353571,128,1554.58337402344,47,14,14,14,10,1341,16,56,33,19,17.1080665588379,2,78,8,466,107
34.5276532860546,0.406868386353571,123,1351.14611816406,48,13,13,13,10,1310,16,57,34,19,17.2180404663086,3,-11,15,862,109
34.5401532860346,0.406868386353571,139,1339.56237792969,48,13,13,13,20,1319,14,55,33,19,17.2474555969238,2,8,15,927,111
34.5964032859446,0.406868386353571,156,1123.55920410156,49,13,13,13,10,1309,15,56,32,19,17.4567356109619,1,-18,16,1616,111
34.7151532857545,0.406868386353571,291,1236.85986328125,46,14,14,14,10,1452,21,56,33,20,17.8203105926514,4,-56,24,3774,108
34.7401532857145,0.406868386353571,117,1235.28503417969,45,14,14,14,10,1478,15,55,34,21,17.8883666992188,1,-52,28,3889,107
34.7776532856545,0.406868386353571,141,1284.34411621094,46,14,14,14,10,1538,14,54,33,21,18.0153465270996,3,36,18,4083,104
34.7901532856345,0.406868386353571,130,1300.18347167969,46,15,15,15,10,1535,13,55,34,21,18.0455207824707,2,-20,19,4261,105
34.8234866189145,0.406868386353571,135,1261.02111816406,48,14,14,14,10,1570,14,55,30,22,18.1464977264404,1,25,17,4629,103
34.8255699522445,0.406868386353571,141,1261.02111816406,48,14,14,14,10,1570,14,55,30,22,18.1464977264404,1,25,17,4629,103
34.9047366187844,0.406868386353571,123,1181.95886230469,45,14,14,14,10,1619,15,57,32,22,18.3708038330078,3,64,13,4545,109
34.9172366187644,0.406868386353571,127,1150.23120117188,47,14,14,14,10,1599,16,57,30,23,18.3856086730957,3,-61,15,4626,102
34.9297366187444,0.406868386353571,148,1116.51013183594,46,15,15,15,10,1624,16,59,31,23,18.4300537109375,3,-73,16,4387,92
34.3964032862647,0.404785053023571,154,1265.8857421875,45,13,13,13,10,1262,8,56,38,17,16.6652774810791,2,-31,15,943,106
34.4776532861346,0.404785053023571,136,1628.30639648438,47,14,14,14,10,1341,15,55,34,19,17.0000705718994,2,86,13,336,112
34.5547366193446,0.404785053023571,128,1286.78723144531,47,14,14,14,10,1312,15,58,33,20,17.3114967346191,2,-14,16,990,112
34.5589032860046,0.404785053023571,123,1286.78723144531,47,14,14,14,10,1312,15,58,33,20,17.3114967346191,2,-14,16,990,112
34.6026532859346,0.404785053023571,163,1124.83422851562,48,13,13,13,10,1317,14,55,33,19,17.4840965270996,2,-14,19,1606,110
34.6797366191445,0.404785053023571,124,1573.22937011719,46,14,14,14,10,1508,14,54,35,18,17.6817874908447,2,113,15,2047,104
34.6859866191345,0.404785053023571,116,1527.03271484375,48,14,14,14,10,1478,16,54,33,19,17.7165088653564,3,24,17,2509,104
34.7026532857745,0.404785053023571,113,1300.73864746094,45,14,14,14,10,1446,12,54,36,19,17.79030418396,2,-43,32,3592,107
34.7547366190245,0.404785053023571,128,1282.294921875,46,14,14,14,10,1521,12,55,32,21,17.9312725067139,3,84,26,3836,106
34.8109866189345,0.404785053023571,128,1297.2412109375,48,14,14,14,10,1549,14,55,30,22,18.1231174468994,2,-15,28,4591,101
34.8130699522645,0.404785053023571,125,1297.2412109375,48,14,14,14,10,1549,14,55,30,22,18.1231174468994,2,-15,28,4591,101
34.8422366188845,0.404785053023571,126,1247.17175292969,47,14,14,14,10,1575,14,55,30,22,18.1995735168457,3,-25,19,4941,102
34.8505699522045,0.404785053023571,135,1328.84057617188,47,14,14,14,10,1593,17,53,30,23,18.2305431365967,5,-53,17,4990,95
34.8901532854744,0.404785053023571,122,1203.38916015625,47,14,14,14,10,1576,15,57,30,23,18.3251304626465,4,-120,16,4985,105
34.4297366195447,0.402701719693571,129,1508.85705566406,43,13,13,13,10,1328,8,54,39,18,16.7877254486084,1,94,15,475,110
34.4339032862047,0.402701719693571,118,1508.85705566406,43,13,13,13,10,1328,8,54,39,18,16.7877254486084,1,94,15,475,110
34.4693199528146,0.402701719693571,131,1612.779296875,47,13,13,13,10,1329,15,56,34,18,16.9664077758789,4,-13,13,551,107
34.4922366194446,0.402701719693571,133,1542.24206542969,47,14,14,14,10,1318,16,56,34,19,17.0440158843994,4,-6,32,671,105
34.5026532860946,0.402701719693571,145,1554.58337402344,47,14,14,14,10,1341,16,56,33,19,17.1080665588379,2,78,8,466,107
34.5714032859846,0.402701719693571,168,1198.25964355469,50,13,13,13,10,1306,16,58,32,19,17.3737754821777,1,-29,19,1252,113
34.6839032858045,0.402701719693571,130,1573.22937011719,46,14,14,14,10,1508,14,54,35,18,17.6817874908447,2,113,15,2047,104
34.7734866189945,0.402701719693571,129,1268.9814453125,47,14,14,14,10,1502,14,54,32,21,17.9817676544189,4,-130,22,4325,104
34.7755699523245,0.402701719693571,129,1268.9814453125,47,14,14,14,10,1502,14,54,32,21,17.9817676544189,4,-130,22,4325,104
34.7964032856245,0.402701719693571,130,1310.9814453125,47,14,14,14,10,1538,13,54,32,21,18.0720119476318,3,-51,20,4529,103
34.8172366189245,0.402701719693571,121,1297.2412109375,48,14,14,14,10,1549,14,55,30,22,18.1231174468994,2,-15,28,4591,101
34.8193199522545,0.402701719693571,125,1261.02111816406,48,14,14,14,10,1570,14,55,30,22,18.1464977264404,1,25,17,4629,103
34.8734866188344,0.402701719693571,128,1329.71850585938,47,14,14,14,10,1597,13,56,31,23,18.2913303375244,2,-50,16,4762,103
34.9214032854244,0.402701719693571,133,1126.41357421875,47,14,14,14,10,1603,14,57,30,23,18.4055919647217,2,-85,15,4605,94
34.3964032862647,0.400618386363571,133,1260.90380859375,45,13,13,13,10,1273,9,57,37,18,16.6408367156982,2,10,15,799,105
34.4359866195347,0.400618386363571,119,1511.25695800781,46,14,14,14,10,1301,9,55,35,19,16.8094005584717,2,-71,16,710,107
34.5401532860346,0.400618386363571,184,1278.33312988281,49,13,13,13,180,1311,18,59,32,20,17.2343139648438,1,42,13,965,115
34.5734866193146,0.400618386363571,146,1178.728515625,48,14,14,14,10,1293,18,57,32,20,17.3577766418457,1,-72,22,1297,113
34.5943199526146,0.400618386363571,170,1155.30651855469,48,14,14,14,10,1309,15,57,33,19,17.4377365112305,2,-45,21,1575,108
34.6234866192346,0.400618386363571,139,1154.79113769531,48,14,14,14,10,1351,13,55,32,20,17.521858215332,2,-7,15,934,108
34.6630699525046,0.400618386363571,127,1415.72204589844,49,14,14,14,10,1485,15,54,33,19,17.6201362609863,4,197,13,1334,98
34.7318199523945,0.400618386363571,129,1227.91088867188,45,14,14,14,10,1481,14,55,35,20,17.8504829406738,3,43,30,3918,106
34.7380699523845,0.400618386363571,121,1230.35205078125,45,14,14,14,10,1479,15,54,36,20,17.8730945587158,3,-42,26,4111,106
34.7672366190045,0.400618386363571,136,1318.73303222656,46,15,15,15,10,1528,13,54,34,21,17.9535312652588,4,9,32,4130,105
34.7880699523045,0.400618386363571,133,1333.51489257812,48,14,14,14,10,1564,15,54,32,21,18.0445518493652,5,89,18,4117,102
34.8151532855945,0.400618386363571,132,1369.33044433594,48,14,14,14,10,1575,13,54,31,21,18.1229476928711,2,-3,18,4553,98
34.8984866187944,0.400618386363571,184,1209.07336425781,42,15,15,15,90,1630,16,50,35,23,18.3459491729736,2,138,97,4505,105
34.9193199520944,0.400618386363571,134,1128.18640136719,47,14,14,14,10,1604,15,58,30,23,18.3973941802979,2,-60,26,4600,94
34.9401532853944,0.400618386363571,152,1112.11169433594,45,15,15,15,10,1664,16,57,33,22,18.4502086639404,5,-22,14,4047,91
34.4547366195047,0.398535053033571,128,1502.81884765625,47,13,13,13,10,1311,12,56,34,19,16.8827705383301,3,-4,17,574,106
34.5464032860246,0.398535053033571,169,1251.18579101562,50,14,14,14,180,1301,18,58,30,20,17.2673244476318,1,-2,14,1098,112
34.5526532860146,0.398535053033571,130,1213.06030273438,50,13,13,13,20,1300,17,60,31,20,17.3003730773926,1,-21,11,1157,112
34.5734866193146,0.398535053033571,141,1178.728515625,48,14,14,14,10,1293,18,57,32,20,17.3577766418457,1,-72,22,1297,113
34.7130699524245,0.398535053033571,249,1220.01635742188,47,15,15,15,10,1448,19,55,32,21,17.8080787658691,2,-61,16,3932,106
34.7318199523945,0.398535053033571,127,1227.91088867188,45,14,14,14,10,1481,14,55,35,20,17.8504829406738,3,43,30,3918,106
34.7359866190545,0.398535053033571,128,1230.35205078125,45,14,14,14,10,1479,15,54,36,20,17.8730945587158,3,-42,26,4111,106
34.7839032856445,0.398535053033571,134,1306.77014160156,48,14,14,14,10,1544,13,53,33,20,18.0113773345947,6,-40,27,4321,103
34.7922366189645,0.398535053033571,139,1333.51489257812,48,14,14,14,10,1564,15,54,32,21,18.0445518493652,5,89,18,4117,102
34.8297366189045,0.398535053033571,134,1281.84912109375,49,14,14,14,10,1563,15,55,30,21,18.1644077301025,2,-98,32,4936,101
34.8547366188645,0.398535053033571,135,1453.24060058594,47,15,15,15,10,1632,17,54,30,22,18.251407623291,6,145,17,4458,99
34.8589032855245,0.398535053033571,110,1453.24060058594,47,15,15,15,10,1632,17,54,30,22,18.251407623291,6,145,17,4458,99
34.9047366187844,0.398535053033571,158,1189.90869140625,43,15,15,15,10,1603,15,57,34,23,18.3624095916748,5,44,19,4560,104
34.4276532862147,0.396451719703571,115,1495.6572265625,46,14,14,14,10,1322,9,55,36,18,16.7699813842773,1,68,14,486,108
34.4339032862047,0.396451719703571,123,1495.6572265625,46,14,14,14,10,1322,9,55,36,18,16.7699813842773,1,68,14,486,108
34.4651532861546,0.396451719703571,121,1537.58630371094,45,13,13,13,10,1318,13,56,35,20,16.9177417755127,3,-31,13,623,105
34.4776532861346,0.396451719703571,149,1638.33764648438,46,14,14,14,10,1330,14,56,35,19,16.9838981628418,5,35,15,353,108
34.4964032861046,0.396451719703571,128,1476.11181640625,46,14,14,14,10,1303,19,57,34,20,17.0669021606445,2,-99,12,766,107
34.5297366193846,0.396451719703571,267,1296.58825683594,48,13,13,13,20,1304,17,59,33,19,17.2037162780762,1,0,9,1024,113
34.5568199526746,0.396451719703571,154,1213.06030273438,50,13,13,13,20,1300,17,60,31,20,17.3003730773926,1,-21,11,1157,112
34.6839032858045,0.396451719703571,124,1454.29565429688,47,14,14,14,10,1478,15,54,33,20,17.6828861236572,6,21,38,2375,100
34.6922366191245,0.396451719703571,109,1407.52453613281,46,14,14,14,10,1466,15,54,34,21,17.7145843505859,4,51,22,2705,102
34.7151532857545,0.396451719703571,235,1220.01635742188,47,15,15,15,10,1448,19,55,32,21,17.8080787658691,2,-61,16,3932,106
34.7901532856345,0.396451719703571,134,1333.51489257812,48,14,14,14,10,1564,15,54,32,21,18.0445518493652,5,89,18,4117,102
34.8568199521945,0.396451719703571,113,1453.24060058594,47,15,15,15,10,1632,17,54,30,22,18.251407623291,6,145,17,4458,99
34.8776532854944,0.396451719703571,129,1229.27160644531,47,14,14,14,10,1586,15,57,30,23,18.2959041595459,3,-4,33,4919,105
34.9401532853944,0.396451719703571,155,1112.11169433594,45,15,15,15,10,1664,16,57,33,22,18.4502086639404,5,-22,14,4047,91
34.4151532862347,0.394368386373571,128,1360.83227539062,42,14,14,14,10,1300,7,56,40,17,16.7062187194824,3,64,13,634,104
34.4526532861747,0.394368386373571,138,1502.81884765625,47,13,13,13,10,1311,12,56,34,19,16.8827705383301,3,-4,17,574,106
34.5047366194246,0.394368386373571,133,1517.28100585938,48,14,14,14,20,1324,19,57,33,19,17.0943241119385,4,5,14,713,109
34.6880699524645,0.394368386373571,103,1407.52453613281,46,14,14,14,10,1466,15,54,34,21,17.7145843505859,4,51,22,2705,102
34.7318199523945,0.394368386373571,110,1227.91088867188,45,14,14,14,10,1481,14,55,35,20,17.8504829406738,3,43,30,3918,106
34.7505699523645,0.394368386373571,118,1263.30627441406,45,14,14,14,10,1493,14,54,35,21,17.8942527770996,3,-59,18,4088,101
34.7589032856845,0.394368386373571,125,1314.47717285156,46,15,15,15,10,1545,13,54,33,21,17.9269771575928,3,82,12,3824,100
34.8276532855745,0.394368386373571,133,1281.84912109375,49,14,14,14,10,1563,15,55,30,21,18.1644077301025,2,-98,32,4936,101
34.9109866187744,0.394368386373571,140,1153.71252441406,46,14,14,14,10,1595,15,56,31,23,18.3768253326416,2,-84,21,4745,95
34.9443199520544,0.394368386373571,174,1115.25012207031,46,15,15,15,10,1689,18,57,32,22,18.4751663208008,4,-144,12,3691,88
34.4193199528947,0.392285053043571,116,1390.02990722656,45,14,14,14,10,1280,11,55,37,18,16.7216033935547,4,-102,17,942,102
34.4401532861947,0.392285053043571,121,1479.06213378906,45,14,14,14,10,1299,11,56,36,19,16.78932762146,1,-13,10,733,106
34.4922366194446,0.392285053043571,132,1527.04614257812,48,14,14,14,10,1313,15,57,34,19,17.0081062316895,4,32,14,618,106
34.4943199527746,0.392285053043571,137,1452.107421875,50,14,14,14,20,1300,16,56,32,19,17.0483932495117,4,-75,18,842,108
34.6318199525546,0.392285053043571,136,1184.99145507812,49,14,14,14,10,1364,16,55,32,19,17.5255794525146,7,94,24,845,102
34.6651532858345,0.392285053043571,127,1374.98205566406,48,14,14,14,10,1461,15,54,33,19,17.6147689819336,5,49,24,1600,97
34.7568199523545,0.392285053043571,120,1325.61462402344,46,14,14,14,10,1568,12,54,34,21,17.9181938171387,3,229,15,3585,99
34.7922366189645,0.392285053043571,128,1337.70654296875,49,14,14,14,10,1574,15,54,31,20,18.0342445373535,5,27,23,4142,102
34.7964032856245,0.392285053043571,128,1377.74353027344,48,14,14,14,10,1581,15,54,31,21,18.0663890838623,4,70,76,4186,104
34.8255699522445,0.392285053043571,141,1406.87243652344,49,14,14,14,10,1590,15,53,30,21,18.1458568572998,5,25,22,4620,98
34.8297366189045,0.392285053043571,134,1359.50927734375,49,14,14,14,10,1574,15,54,30,21,18.1642818450928,3,-54,14,4867,99
34.8339032855645,0.392285053043571,139,1359.50927734375,49,14,14,14,10,1574,15,54,30,21,18.1642818450928,3,-54,14,4867,99
34.8714032855044,0.392285053043571,113,1298.30432128906,47,14,14,14,10,1593,14,56,30,23,18.2685680389404,3,46,21,4887,104
34.6255699525646,0.390201719713571,137,1163.28662109375,48,14,14,14,10,1342,16,55,33,19,17.5047130584717,8,-65,20,1107,103
34.6380699525446,0.390201719713571,124,1194.84118652344,47,14,14,14,10,1371,16,56,34,19,17.5542163848877,3,-40,28,1007,103
34.7484866190345,0.390201719713571,106,1273.88659667969,44,14,14,14,10,1508,13,53,35,20,17.8817768096924,5,-29,15,4001,99
34.8943199521344,0.390201719713571,166,1202.30700683594,40,15,15,15,90,1615,15,49,36,25,18.3349418640137,0,85,97,4637,108
34.8984866187944,0.390201719713571,181,1202.30700683594,40,15,15,15,90,1615,15,49,36,25,18.3349418640137,0,85,97,4637,108
34.9526532853744,0.390201719713571,167,1145.41467285156,47,15,15,15,10,1789,23,56,32,22,18.4657497406006,23,-162,17,3146,79
34.4047366195847,0.388118386383571,113,1283.81164550781,44,14,14,14,10,1268,11,56,38,18,16.6539516448975,3,-66,13,894,103
34.4818199527946,0.388118386383571,124,1627.42041015625,46,14,14,14,10,1332,15,56,36,19,16.9652004241943,2,88,15,430,112
34.5047366194246,0.388118386383571,161,1466.17590332031,49,14,14,14,20,1327,16,58,32,19,17.077543258667,0,92,15,644,110
34.5568199526746,0.388118386383571,137,1190.17309570312,48,14,14,14,20,1292,16,58,32,20,17.2838134765625,3,-60,26,1327,111
34.5714032859846,0.388118386383571,113,1207.22900390625,47,14,14,14,10,1316,15,58,33,20,17.3347644805908,4,-31,18,1280,110
34.6422366192046,0.388118386383571,130,1194.84118652344,47,14,14,14,10,1371,16,56,34,19,17.5542163848877,3,-40,28,1007,103
34.7005699524445,0.388118386383571,150,1268.50427246094,45,15,15,15,10,1452,15,55,34,21,17.7399749755859,4,17,37,3499,108
34.7151532857545,0.388118386383571,190,1226.62268066406,47,15,15,15,10,1458,13,55,32,21,17.7916946411133,3,25,18,4038,107
34.4255699528847,0.386035053053571,134,1390.02990722656,45,14,14,14,10,1280,11,55,37,18,16.7216033935547,4,-102,17,942,102
34.6297366192246,0.386035053053571,113,1184.99145507812,49,14,14,14,10,1364,16,55,32,19,17.5255794525146,7,94,24,845,102
34.6693199524945,0.386035053053571,111,1392.88146972656,47,14,14,14,10,1459,13,54,34,19,17.6441059112549,2,57,25,2205,105
34.6776532858145,0.386035053053571,110,1351.01245117188,45,15,15,15,10,1439,15,55,34,22,17.6804485321045,3,-69,14,2813,103
34.6839032858045,0.386035053053571,133,1351.01245117188,45,15,15,15,10,1439,15,55,34,22,17.6804485321045,3,-69,14,2813,103
34.7151532857545,0.386035053053571,172,1226.62268066406,47,15,15,15,10,1458,13,55,32,21,17.7916946411133,3,25,18,4038,107
34.7734866189945,0.386035053053571,122,1312.43627929688,46,14,14,14,10,1541,12,55,34,20,17.9716758728027,3,-5,17,4163,109
34.4193199528947,0.383951719723571,126,1383.86157226562,45,14,14,14,10,1299,12,55,36,19,16.6976490020752,3,36,16,765,103
34.4547366195047,0.383951719723571,125,1520.85388183594,45,14,14,14,10,1309,12,56,36,19,16.8414497375488,3,-14,15,718,106
34.4859866194546,0.383951719723571,139,1443.83703613281,47,14,14,14,20,1307,15,58,35,19,16.9955520629883,3,22,15,637,105
34.5005699527646,0.383951719723571,172,1373.60205078125,47,14,14,14,180,1298,17,58,33,20,17.0340042114258,4,-37,28,867,107
34.5589032860046,0.383951719723571,127,1214.79772949219,47,14,14,14,180,1301,18,56,33,20,17.2616157531738,3,-8,10,1337,110
34.5964032859446,0.383951719723571,122,1252.40844726562,46,13,13,13,10,1332,15,57,35,19,17.3914432525635,2,-36,17,1226,110
34.6109866192546,0.383951719723571,153,1197.68371582031,48,14,14,14,10,1338,15,56,33,19,17.4560489654541,3,-91,21,1128,107
34.7047366191045,0.383951719723571,207,1241.52587890625,47,15,15,15,10,1452,15,55,32,21,17.753303527832,3,-31,19,4135,106
34.7359866190545,0.383951719723571,90,1281.53649902344,45,14,14,14,10,1489,13,54,35,20,17.8391609191895,5,-51,14,4317,102
34.8401532855545,0.383951719723571,134,1433.55920410156,48,14,14,14,10,1617,16,53,31,21,18.1872730255127,6,65,11,4643,99
34.5026532860946,0.381868386393571,243,1367.4990234375,48,14,14,14,180,1319,16,57,32,20,17.0651988983154,1,101,18,680,106
34.5401532860346,0.381868386393571,148,1210.96801757812,48,14,14,14,20,1287,18,56,31,21,17.2044811248779,1,-58,17,1296,112
34.5943199526146,0.381868386393571,123,1252.40844726562,46,13,13,13,10,1332,15,57,35,19,17.3914432525635,2,-36,17,1226,110
34.6234866192346,0.381868386393571,139,1200.45288085938,47,14,14,14,10,1343,16,55,34,19,17.4837532043457,11,-97,25,915,104
34.6255699525646,0.381868386393571,135,1200.45288085938,47,14,14,14,10,1343,16,55,34,19,17.4837532043457,11,-97,25,915,104
34.6443199525346,0.381868386393571,109,1276.796875,47,14,14,14,10,1399,14,54,34,19,17.5558815002441,6,-35,39,1299,104
34.7130699524245,0.381868386393571,142,1246.82299804688,47,15,15,15,10,1458,15,55,32,21,17.7758712768555,3,-49,23,4177,104
34.7693199523345,0.381868386393571,121,1297.220703125,46,14,14,14,10,1543,11,55,35,20,17.9570808410645,2,-11,16,4249,106
34.7776532856545,0.381868386393571,122,1295.57141113281,45,14,14,14,10,1540,13,54,35,20,17.9870567321777,2,-42,15,4366,106
34.7922366189645,0.381868386393571,121,1316.7626953125,47,14,14,14,10,1563,15,54,33,21,18.0189208984375,2,10,14,4226,102
34.4214032862247,0.379785053063571,130,1383.86157226562,45,14,14,14,10,1299,12,55,36,19,16.6976490020752,3,36,16,765,103
34.4839032861246,0.379785053063571,115,1561.71240234375,47,14,14,14,10,1309,15,57,34,19,16.9528884887695,3,11,17,557,107
34.5068199527546,0.379785053063571,204,1367.4990234375,48,14,14,14,180,1319,16,57,32,20,17.0651988983154,1,101,18,680,106
34.5422366193646,0.379785053063571,137,1210.96801757812,48,14,14,14,20,1287,18,56,31,21,17.2044811248779,1,-58,17,1296,112
34.5526532860146,0.379785053063571,174,1214.79772949219,47,14,14,14,180,1301,18,56,33,20,17.2616157531738,3,-8,10,1337,110
34.5880699526246,0.379785053063571,117,1270.98950195312,46,13,13,13,10,1346,13,56,34,19,17.36110496521,3,71,12,1049,110
34.5984866192746,0.379785053063571,150,1252.40844726562,46,13,13,13,10,1332,15,57,35,19,17.3914432525635,2,-36,17,1226,110
34.6026532859346,0.379785053063571,157,1222.53747558594,48,14,14,14,10,1353,11,56,33,20,17.4210090637207,2,48,17,1060,109
34.6234866192346,0.379785053063571,138,1200.45288085938,47,14,14,14,10,1343,16,55,34,19,17.4837532043457,11,-97,25,915,104
34.6380699525446,0.379785053063571,105,1247.28393554688,46,14,14,14,10,1416,16,55,35,19,17.5296363830566,1,135,24,676,104
34.6422366192046,0.379785053063571,111,1247.28393554688,46,14,14,14,10,1416,16,55,35,19,17.5296363830566,1,135,24,676,104
34.7276532857345,0.379785053063571,102,1294.48986816406,47,14,14,14,10,1505,16,54,33,20,17.813497543335,4,52,18,4035,102
34.7630699523445,0.379785053063571,109,1309.892578125,46,14,14,14,10,1522,12,55,35,19,17.9269981384277,2,-65,16,4257,104
34.8401532855545,0.379785053063571,132,1433.55920410156,48,14,14,14,10,1617,16,53,31,21,18.1872730255127,6,65,11,4643,99
34.9047366187844,0.379785053063571,175,1176.3720703125,45,16,16,16,10,1656,21,55,32,23,18.3468246459961,23,66,53,4855,94
34.9109866187744,0.379785053063571,174,1155.87390136719,45,15,15,15,10,1616,15,56,32,23,18.3695468902588,2,95,22,4616,98
34.9318199520744,0.379785053063571,146,1130.13439941406,47,15,15,15,10,1669,17,57,30,22,18.4212207794189,7,151,16,4172,95
34.4568199528346,0.377701719733571,128,1520.85388183594,45,14,14,14,10,1309,12,56,36,19,16.8414497375488,3,-14,15,718,106
34.5818199526346,0.377701719733571,124,1258.82116699219,47,14,14,14,10,1343,16,57,34,20,17.336296081543,4,73,18,1025,107
34.6234866192346,0.377701719733571,132,1200.45288085938,47,14,14,14,10,1343,16,55,34,19,17.4837532043457,11,-97,25,915,104
34.6797366191445,0.377701719733571,138,1300.19995117188,47,14,14,14,10,1427,17,54,33,21,17.6698207855225,4,-96,35,3101,103
34.7172366190845,0.377701719733571,118,1246.82299804688,47,15,15,15,10,1458,15,55,32,21,17.7758712768555,3,-49,23,4177,104
34.7422366190445,0.377701719733571,101,1281.53649902344,45,14,14,14,10,1489,13,54,35,20,17.8391609191895,5,-51,14,4317,102
34.7880699523045,0.377701719733571,123,1316.7626953125,47,14,14,14,10,1563,15,54,33,21,18.0189208984375,2,10,14,4226,102
34.8255699522445,0.377701719733571,142,1418.62902832031,49,14,14,14,10,1624,17,54,30,21,18.1384658813477,1,131,19,4210,102
34.8547366188645,0.377701719733571,116,1513.75744628906,46,15,15,15,10,1630,14,55,32,22,18.2334671020508,4,138,11,4511,103
34.8839032854844,0.377701719733571,125,1203.56982421875,47,14,14,14,10,1565,13,56,30,23,18.2718715667725,2,-83,29,5127,103
34.9297366187444,0.377701719733571,152,1130.13439941406,47,15,15,15,10,1669,17,57,30,22,18.4212207794189,7,151,16,4172,95
34.4297366195447,0.375618386403571,125,1428.88854980469,46,14,14,14,10,1287,11,57,35,19,16.7128028869629,1,-37,18,709,106
34.4859866194546,0.375618386403571,110,1332.33862304688,46,14,14,14,20,1285,17,59,35,19,16.9840030670166,1,-66,16,847,107
34.5130699527446,0.375618386403571,179,1253.37231445312,47,14,14,14,20,1293,17,56,32,21,17.088680267334,3,-21,15,964,109
34.5547366193446,0.375618386403571,225,1265.73486328125,48,14,14,14,20,1319,17,55,32,20,17.2365264892578,3,-6,10,1176,111
34.7464032857045,0.375618386403571,105,1284.22473144531,47,14,14,14,10,1504,12,54,33,20,17.8549461364746,4,-27,23,4349,107
34.8047366189445,0.375618386403571,129,1331.94702148438,48,14,14,14,10,1575,14,54,31,21,18.063591003418,3,-13,19,4507,103
34.8068199522745,0.375618386403571,129,1331.94702148438,48,14,14,14,10,1575,14,54,31,21,18.063591003418,3,-13,19,4507,103
34.8922366188044,0.375618386403571,140,1190.21313476562,49,14,14,14,10,1581,13,56,28,23,18.2882385253906,2,48,15,5067,106
34.8964032854644,0.375618386403571,149,1180.52673339844,46,15,15,15,10,1579,15,56,31,23,18.3092193603516,2,-25,18,5002,107
34.9005699521244,0.375618386403571,145,1180.52673339844,46,15,15,15,10,1579,15,56,31,23,18.3092193603516,2,-25,18,5002,107
34.4568199528346,0.373535053073571,131,1595.8916015625,45,14,14,14,10,1322,12,55,36,19,16.8154983520508,1,46,14,568,112
34.4651532861546,0.373535053073571,119,1612.80651855469,45,14,14,14,10,1322,13,56,36,19,16.8541965484619,0,59,15,501,116
34.4672366194846,0.373535053073571,125,1612.80651855469,45,14,14,14,10,1322,13,56,36,19,16.8541965484619,0,59,15,501,116
34.4776532861346,0.373535053073571,152,1446.94189453125,49,14,14,14,10,1294,16,58,33,19,16.9419441223145,4,-27,21,635,104
34.4964032861046,0.373535053073571,151,1284.81506347656,47,14,14,14,20,1282,17,57,32,21,17.0205039978027,1,-65,16,941,109
34.5401532860346,0.373535053073571,225,1243.55749511719,49,14,14,14,180,1307,14,54,31,21,17.1800212860107,2,6,19,1167,110
34.5443199526946,0.373535053073571,210,1255.76086425781,48,14,14,14,180,1316,15,53,31,21,17.2072677612305,3,32,7,1157,108
34.6130699525846,0.373535053073571,145,1252.92016601562,48,14,14,14,10,1354,18,55,33,19,17.4290313720703,4,-31,28,948,107
34.6214032859046,0.373535053073571,106,1256.56982421875,46,14,14,14,10,1382,16,55,34,19,17.4576988220215,4,40,47,613,104
34.7234866190745,0.373535053073571,107,1322.439453125,48,14,14,14,10,1497,16,54,32,21,17.7749328613281,6,6,16,4199,101
34.7693199523345,0.373535053073571,124,1282.24865722656,46,14,14,14,10,1530,12,54,34,20,17.941930770874,3,-27,16,4369,105
34.8297366189045,0.373535053073571,131,1402.88586425781,50,14,14,14,10,1603,16,54,29,21,18.1486701965332,3,48,14,4513,98
34.4297366195447,0.371451719743571,118,1428.88854980469,46,14,14,14,10,1287,11,57,35,19,16.7128028869629,1,-37,18,709,106
34.4422366195247,0.371451719743571,124,1473.58020019531,47,14,14,14,10,1302,12,56,34,19,16.7476692199707,2,-7,15,723,106
34.4839032861246,0.371451719743571,114,1446.94189453125,49,14,14,14,10,1294,16,58,33,19,16.9419441223145,4,-27,21,635,104
34.5318199527146,0.371451719743571,205,1238.08837890625,49,14,14,14,180,1301,17,54,30,21,17.1499900817871,2,19,8,1167,111
34.5505699526846,0.371451719743571,203,1255.76086425781,48,14,14,14,180,1316,15,53,31,21,17.2072677612305,3,32,7,1157,108
34.5880699526246,0.371451719743571,129,1251.86926269531,48,14,14,14,10,1352,14,56,33,19,17.3480701446533,4,52,17,861,109
34.5943199526146,0.371451719743571,131,1255.71618652344,47,14,14,14,10,1363,11,56,33,20,17.372802734375,2,82,14,899,110
34.6964032857845,0.371451719743571,126,1280.853515625,47,14,14,14,10,1457,16,54,32,21,17.7057857513428,4,-6,20,3816,105
34.6984866191145,0.371451719743571,125,1280.853515625,47,14,14,14,10,1457,16,54,32,21,17.7057857513428,4,-6,20,3816,105
34.8109866189345,0.371451719743571,132,1338.654296875,49,14,14,14,10,1578,15,54,30,21,18.0913276672363,3,12,14,4487,103
34.8380699522245,0.371451719743571,135,1460.35388183594,48,14,14,14,10,1619,14,53,30,21,18.1751098632812,5,71,18,4442,97
34.8922366188044,0.371451719743571,135,1190.21313476562,49,14,14,14,10,1581,13,56,28,23,18.2882385253906,2,48,15,5067,106
34.9068199521144,0.371451719743571,167,1160.00598144531,47,15,15,15,10,1573,18,56,31,23,18.3298358917236,4,-130,19,5050,97
34.9484866187144,0.371451719743571,144,1136.28405761719,46,15,15,15,10,1712,20,56,32,22,18.4563884735107,13,-264,16,3725,84
34.4234866195547,0.369368386413572,124,1413.91870117188,46,14,14,14,10,1282,11,55,35,19,16.6750202178955,3,-62,20,935,108
34.4859866194546,0.369368386413572,113,1332.33862304688,46,14,14,14,20,1285,17,59,35,19,16.9840030670166,1,-66,16,847,107
34.4880699527846,0.369368386413572,117,1332.33862304688,46,14,14,14,20,1285,17,59,35,19,16.9840030670166,1,-66,16,847,107
34.5193199527346,0.369368386413572,139,1236.36962890625,47,14,14,14,20,1287,16,54,32,21,17.1212387084961,2,-61,7,1196,110
34.5214032860646,0.369368386413572,134,1236.36962890625,47,14,14,14,20,1287,16,54,32,21,17.1212387084961,2,-61,7,1196,110
34.5818199526346,0.369368386413572,130,1242.42199707031,47,14,14,14,10,1343,16,56,33,20,17.3236560821533,4,20,15,1004,105
34.5964032859446,0.369368386413572,126,1255.71618652344,47,14,14,14,10,1363,11,56,33,20,17.372802734375,2,82,14,899,110
34.7068199524345,0.369368386413572,126,1268.72290039062,48,14,14,14,10,1448,16,54,32,21,17.7345008850098,3,-77,19,4372,106
34.7589032856845,0.369368386413572,119,1288.14892578125,47,14,14,14,10,1526,13,54,33,20,17.882022857666,3,18,26,4296,104
34.7839032856445,0.369368386413572,120,1282.97497558594,46,14,14,14,10,1534,13,54,33,20,17.973217010498,3,-64,22,4579,104
34.7880699523045,0.369368386413572,126,1297.56005859375,47,14,14,14,10,1552,14,54,32,21,18.0044441223145,3,-37,19,4562,105
34.7943199522945,0.369368386413572,129,1318.791015625,46,14,14,14,10,1569,13,55,33,21,18.0357303619385,3,34,14,4415,104
34.8276532855745,0.369368386413572,129,1402.88586425781,50,14,14,14,10,1603,16,54,29,21,18.1486701965332,3,48,14,4513,98
34.8880699521444,0.369368386413572,157,1190.21313476562,49,14,14,14,10,1581,13,56,28,23,18.2882385253906,2,48,15,5067,106
34.8922366188044,0.369368386413572,185,1190.21313476562,49,14,14,14,10,1581,13,56,28,23,18.2882385253906,2,48,15,5067,106
34.9068199521144,0.369368386413572,181,1160.00598144531,47,15,15,15,10,1573,18,56,31,23,18.3298358917236,4,-130,19,5050,97
34.9214032854244,0.369368386413572,132,1128.84899902344,47,14,14,14,10,1606,17,55,30,23,18.3769779205322,4,-124,15,4689,94
34.5005699527646,0.367285053083572,152,1256.6865234375,46,14,14,14,10,1288,17,54,34,20,16.9979820251465,2,-2,11,964,110
34.5484866193546,0.367285053083572,227,1283.14416503906,48,14,14,14,180,1335,14,54,32,21,17.1862335205078,2,58,21,994,109
34.5609866193346,0.367285053083572,158,1298.84948730469,48,14,14,14,10,1339,15,55,32,19,17.2433929443359,3,38,24,1062,111
34.6172366192446,0.367285053083572,113,1295.685546875,47,14,14,14,10,1383,13,55,34,19,17.4058532714844,3,14,20,568,105
34.7026532857745,0.367285053083572,122,1302.42468261719,47,14,14,14,10,1471,15,55,32,21,17.7176895141602,2,-19,18,4250,108
34.7089032857645,0.367285053083572,119,1302.42468261719,47,14,14,14,10,1471,15,55,32,21,17.7176895141602,2,-19,18,4250,108
34.8047366189445,0.367285053083572,128,1296.05114746094,48,14,14,14,10,1561,15,54,31,21,18.0461826324463,4,-14,14,4669,103
34.8422366188845,0.367285053083572,122,1497.2001953125,49,14,14,14,10,1584,16,53,29,21,18.1674289703369,3,-128,17,4837,95
34.8797366188244,0.367285053083572,147,1220.58203125,47,14,14,14,10,1561,14,56,30,22,18.2529621124268,3,-85,39,5269,102
34.9047366187844,0.367285053083572,205,1143.0263671875,42,15,15,15,90,1583,13,52,35,24,18.3183517456055,2,13,99,4985,109
34.4214032862247,0.365201719753572,126,1461.84094238281,46,14,14,14,10,1286,14,57,35,20,16.6509895324707,3,-25,14,733,107
34.6297366192246,0.365201719753572,103,1316.38793945312,45,14,14,14,10,1407,15,54,35,20,17.4630947113037,5,63,9,259,107
34.6755699524845,0.365201719753572,137,1288.49365234375,47,14,14,14,10,1413,15,55,32,21,17.6177291870117,4,-102,19,2625,104
34.6922366191245,0.365201719753572,124,1293.53698730469,47,14,14,14,10,1463,14,55,32,21,17.6674919128418,6,24,22,3235,102
34.6943199524545,0.365201719753572,120,1299.09643554688,46,14,14,14,10,1464,16,54,33,21,17.6921844482422,2,-8,14,3732,109
34.7193199524145,0.365201719753572,105,1355.29736328125,48,14,14,14,10,1502,15,54,33,20,17.7595634460449,3,28,36,4166,106
34.7755699523245,0.365201719753572,119,1272.83972167969,46,14,14,14,10,1537,13,55,34,20,17.9301414489746,3,51,13,4556,109
34.7922366189645,0.365201719753572,130,1291.31909179688,48,14,14,14,10,1536,14,54,31,21,17.9902858734131,5,-86,15,4727,104
34.7943199522945,0.365201719753572,127,1300.51110839844,48,14,14,14,10,1559,14,54,31,21,18.0197715759277,3,40,19,4538,104
34.8005699522845,0.365201719753572,127,1300.51110839844,48,14,14,14,10,1559,14,54,31,21,18.0197715759277,3,40,19,4538,104
34.8109866189345,0.365201719753572,133,1289.85656738281,50,14,14,14,10,1571,15,54,29,21,18.0731983184814,4,6,21,4679,102
34.8339032855645,0.365201719753572,126,1407.61462402344,50,14,14,14,10,1573,17,53,28,21,18.1356334686279,3,-119,17,4754,96
34.9089032854444,0.365201719753572,201,1143.0263671875,42,15,15,15,90,1583,13,52,35,24,18.3183517456055,2,13,99,4985,109
34.6526532858546,0.363118386423572,117,1334.96557617188,46,14,14,14,10,1429,15,55,34,20,17.553014755249,2,47,18,1486,106
34.7359866190545,0.363118386423572,112,1305.54296875,47,14,14,14,10,1488,14,54,33,20,17.8210964202881,3,-76,17,4403,102
34.8422366188845,0.363118386423572,137,1497.2001953125,49,14,14,14,10,1584,16,53,29,21,18.1674289703369,3,-128,17,4837,95
34.8484866188745,0.363118386423572,126,1520.84875488281,48,14,14,14,10,1608,16,55,30,21,18.1877422332764,2,-27,37,4970,98
34.8776532854944,0.363118386423572,156,1220.58203125,47,14,14,14,10,1561,14,56,30,22,18.2529621124268,3,-85,39,5269,102
34.9047366187844,0.363118386423572,225,1143.0263671875,42,15,15,15,90,1583,13,52,35,24,18.3183517456055,2,13,99,4985,109
34.3984866195947,0.361035053093572,120,1568.58557128906,44,14,14,14,10,1292,13,54,38,17,16.5182762145996,4,17,18,497,109
34.6443199525346,0.361035053093572,109,1341.16271972656,47,14,14,14,10,1437,14,55,33,19,17.5197944641113,1,96,27,915,105
34.7443199523745,0.361035053093572,114,1284.64074707031,47,14,14,14,10,1501,13,54,33,20,17.8447322845459,3,-41,21,4614,104
34.7880699523045,0.361035053093572,126,1291.31909179688,48,14,14,14,10,1536,14,54,31,21,17.9902858734131,5,-86,15,4727,104
34.9005699521244,0.361035053093572,202,1177.68627929688,41,16,16,16,90,1575,14,51,35,24,18.2981586456299,3,-6,100,5024,108
34.5005699527646,0.358951719763572,133,1265.71911621094,43,14,14,14,10,1303,9,56,38,19,16.9759407043457,3,42,8,797,108
34.5089032860846,0.358951719763572,155,1280.45068359375,45,14,14,14,10,1309,11,56,35,20,17.0069599151611,4,61,27,835,113
34.5318199527146,0.358951719763572,164,1301.5556640625,47,14,14,14,20,1330,14,56,33,20,17.1022663116455,2,91,6,896,112
34.5380699527046,0.358951719763572,139,1284.25610351562,48,14,14,14,180,1314,14,53,32,21,17.13671875,3,-9,26,1163,109
34.5484866193546,0.358951719763572,186,1279.16064453125,48,14,14,14,20,1325,16,54,31,20,17.168981552124,3,-28,12,1138,107
34.6068199525946,0.358951719763572,125,1307.47106933594,47,14,14,14,10,1369,16,55,33,20,17.3609027862549,4,-39,31,779,104
34.6339032858846,0.358951719763572,125,1327.68518066406,46,14,14,14,10,1415,14,55,36,19,17.4474067687988,3,67,20,337,108
34.6776532858145,0.358951719763572,122,1301.46228027344,46,14,14,14,10,1432,16,55,33,21,17.6285400390625,3,-56,20,3269,104
34.7339032857245,0.358951719763572,117,1321.55993652344,47,14,14,14,10,1486,14,54,33,20,17.7833042144775,5,-32,20,4456,104
34.7609866190145,0.358951719763572,116,1262.53735351562,48,14,14,14,10,1517,14,55,32,21,17.8867263793945,5,-31,22,4724,103
34.7880699523045,0.358951719763572,120,1296.48205566406,49,14,14,14,10,1552,15,54,31,21,17.9830913543701,5,81,28,4593,104
34.7964032856245,0.358951719763572,114,1310.087890625,48,14,14,14,10,1542,14,55,31,21,18.0100708007812,2,-53,16,4863,105
34.8068199522745,0.358951719763572,123,1304.31396484375,49,14,14,14,10,1544,15,54,29,22,18.0356426239014,1,-62,15,4975,105
34.8359866188945,0.358951719763572,163,1538.392578125,48,15,15,15,10,1674,19,53,30,22,18.1642971038818,12,414,30,4113,90
34.8714032855044,0.358951719763572,138,1332.5849609375,45,15,15,15,10,1582,19,55,33,23,18.2316036224365,5,52,19,4983,99
34.9234866187544,0.358951719763572,142,1096.71691894531,46,15,15,15,10,1577,15,56,31,23,18.3504447937012,4,-140,23,5015,89
34.3984866195947,0.356868386433572,122,1619.03271484375,45,14,14,14,10,1303,12,55,37,18,16.4931182861328,3,0,15,453,109
34.5005699527646,0.356868386433572,129,1265.71911621094,43,14,14,14,10,1303,9,56,38,19,16.9759407043457,3,42,8,797,108
34.5339032860446,0.356868386433572,157,1301.5556640625,47,14,14,14,20,1330,14,56,33,20,17.1022663116455,2,91,6,896,112
34.5859866192946,0.356868386433572,118,1292.32666015625,49,14,14,14,10,1342,12,56,33,19,17.3115558624268,3,-86,17,1029,104
34.5901532859546,0.356868386433572,123,1292.32666015625,49,14,14,14,10,1342,12,56,33,19,17.3115558624268,3,-86,17,1029,104
34.6255699525646,0.356868386433572,128,1324.05249023438,47,14,14,14,10,1399,11,56,35,19,17.4179344177246,0,33,21,325,111
34.6422366192046,0.356868386433572,113,1329.38830566406,47,14,14,14,10,1424,14,56,33,19,17.4788780212402,1,91,19,443,106
34.6443199525346,0.356868386433572,113,1327.58569335938,48,14,14,14,10,1420,13,55,33,20,17.5114250183105,5,32,44,995,101
34.6776532858145,0.356868386433572,118,1301.46228027344,46,14,14,14,10,1432,16,55,33,21,17.6285400390625,3,-56,20,3269,104
34.6818199524745,0.356868386433572,130,1301.46228027344,46,14,14,14,10,1432,16,55,33,21,17.6285400390625,3,-56,20,3269,104
34.7505699523645,0.356868386433572,107,1278.23779296875,48,14,14,14,10,1519,12,55,32,21,17.833158493042,1,108,26,4524,103
34.7755699523245,0.356868386433572,126,1257.82971191406,48,14,14,14,10,1510,15,54,32,20,17.9148445129395,5,-96,20,4873,104
34.7859866189745,0.356868386433572,132,1296.48205566406,49,14,14,14,10,1552,15,54,31,21,17.9830913543701,5,81,28,4593,104
34.8255699522445,0.356868386433572,130,1342.81652832031,50,14,14,14,10,1578,17,54,28,21,18.09592628479,4,8,17,4870,97
34.8734866188344,0.356868386433572,151,1332.5849609375,45,15,15,15,10,1582,19,55,33,23,18.2316036224365,5,52,19,4983,99
34.9172366187644,0.356868386433572,145,1100.34509277344,43,15,15,15,10,1571,15,57,33,24,18.3265743255615,2,-37,15,5115,97
34.3901532862747,0.354785053103572,123,1551.18908691406,44,14,14,14,10,1302,11,54,39,18,16.4545879364014,4,41,14,352,110
34.3984866195947,0.354785053103572,122,1619.03271484375,45,14,14,14,10,1303,12,55,37,18,16.4931182861328,3,0,15,453,109
34.4026532862547,0.354785053103572,121,1638.95544433594,46,13,13,13,10,1300,12,54,36,18,16.534517288208,5,65,18,368,108
34.4089032862447,0.354785053103572,123,1638.95544433594,46,13,13,13,10,1300,12,54,36,18,16.534517288208,5,65,18,368,108
34.4547366195047,0.354785053103572,125,1517.42895507812,46,14,14,14,10,1308,13,59,35,19,16.7813301086426,2,49,30,459,108
34.4734866194746,0.354785053103572,176,1336.75476074219,49,14,14,14,10,1287,15,60,33,18,16.8692588806152,1,-29,21,765,108
34.4755699528046,0.354785053103572,173,1336.75476074219,49,14,14,14,10,1287,15,60,33,18,16.8692588806152,1,-29,21,765,108
34.5151532860746,0.354785053103572,180,1285.77612304688,48,14,14,14,20,1303,15,56,32,20,17.0411167144775,3,-25,14,1010,109
34.5422366193646,0.354785053103572,200,1284.25610351562,48,14,14,14,180,1314,14,53,32,21,17.13671875,3,-9,26,1163,109
34.6214032859046,0.354785053103572,127,1324.05249023438,47,14,14,14,10,1399,11,56,35,19,17.4179344177246,0,33,21,325,111
34.6422366192046,0.354785053103572,118,1329.38830566406,47,14,14,14,10,1424,14,56,33,19,17.4788780212402,1,91,19,443,106
34.7005699524445,0.354785053103572,128,1307.22009277344,47,14,14,14,10,1480,17,54,33,21,17.6770992279053,4,81,20,3881,101
34.8089032856045,0.354785053103572,119,1304.31396484375,49,14,14,14,10,1544,15,54,29,22,18.0356426239014,1,-62,15,4975,105
34.8234866189145,0.354785053103572,131,1342.81652832031,50,14,14,14,10,1578,17,54,28,21,18.09592628479,4,8,17,4870,97
34.8568199521945,0.354785053103572,180,1488.52868652344,43,16,16,16,50,1598,15,52,33,23,18.197193145752,7,-66,98,4989,100
34.8609866188545,0.354785053103572,204,1441.13037109375,42,15,15,15,10,1607,20,56,35,23,18.2192001342773,2,123,26,4840,104
34.9318199520744,0.354785053103572,183,1117.59008789062,46,15,15,15,10,1627,20,56,31,23,18.3826084136963,12,-199,31,4768,81
34.4047366195847,0.352701719773572,120,1638.95544433594,46,13,13,13,10,1300,12,54,36,18,16.534517288208,5,65,18,368,108
34.4234866195547,0.352701719773572,128,1491.76843261719,45,14,14,14,10,1287,13,56,35,20,16.6281757354736,4,-56,13,832,106
34.5255699527246,0.352701719773572,153,1298.21447753906,48,14,14,14,180,1324,15,56,32,20,17.071268081665,1,66,11,898,108
34.6234866192346,0.352701719773572,135,1324.05249023438,47,14,14,14,10,1399,11,56,35,19,17.4179344177246,0,33,21,325,111
34.6297366192246,0.352701719773572,135,1327.68518066406,46,14,14,14,10,1415,14,55,36,19,17.4474067687988,3,67,20,337,108
34.6547366191846,0.352701719773572,131,1324.7080078125,47,14,14,14,10,1404,14,54,33,20,17.5431480407715,4,-112,17,1818,104
34.6734866191545,0.352701719773572,124,1316.068359375,47,14,14,14,10,1435,16,55,32,21,17.5985946655273,3,15,25,2633,102
34.6922366191245,0.352701719773572,124,1298.130859375,46,15,15,15,10,1436,13,55,33,22,17.6549243927002,5,-65,14,3826,102
34.6984866191145,0.352701719773572,120,1307.22009277344,47,14,14,14,10,1480,17,54,33,21,17.6770992279053,4,81,20,3881,101
34.7380699523845,0.352701719773572,111,1285.18676757812,47,14,14,14,10,1477,14,54,33,20,17.8141651153564,5,-121,26,4825,103
34.7839032856445,0.352701719773572,127,1272.87084960938,49,14,14,14,10,1538,14,54,30,21,17.9505081176758,4,39,21,4674,99
34.8297366189045,0.352701719773572,151,1453.10278320312,50,14,14,14,10,1614,21,53,29,22,18.133617401123,17,44,30,4782,89
34.8672366188445,0.352701719773572,194,1441.13037109375,42,15,15,15,10,1607,20,56,35,23,18.2192001342773,2,123,26,4840,104
34.9234866187544,0.352701719773572,140,1096.71691894531,46,15,15,15,10,1577,15,56,31,23,18.3504447937012,4,-140,23,5015,89
34.9276532854144,0.352701719773572,155,1117.59008789062,46,15,15,15,10,1627,20,56,31,23,18.3826084136963,12,-199,31,4768,81
34.4047366195847,0.350618386443572,124,1639.00146484375,47,13,13,13,10,1311,13,56,34,19,16.5117835998535,2,83,15,348,111
34.4839032861246,0.350618386443572,130,1307.12976074219,48,14,14,14,10,1278,15,55,33,19,16.8835792541504,3,-71,15,915,105
34.4859866194546,0.350618386443572,126,1297.86389160156,46,14,14,14,10,1289,9,57,36,18,16.9193382263184,3,-54,15,980,106
34.5026532860946,0.350618386443572,126,1304.21545410156,47,14,14,14,20,1308,13,56,34,19,16.9861927032471,2,-5,22,810,109
34.5359866193746,0.350618386443572,180,1298.31567382812,46,14,14,14,180,1330,15,54,34,20,17.1167469024658,2,35,11,946,112
34.5776532859746,0.350618386443572,123,1362.98352050781,49,14,14,14,10,1377,15,55,32,19,17.2550315856934,4,90,22,703,104
34.6234866192346,0.350618386443572,131,1313.16174316406,47,14,14,14,10,1389,15,55,34,19,17.4092559814453,4,-36,29,457,107
34.6901532857945,0.350618386443572,117,1283.69860839844,45,15,15,15,10,1455,15,54,33,22,17.6465759277344,4,51,20,3615,103
34.7130699524245,0.350618386443572,110,1308.51782226562,46,14,14,14,10,1482,14,54,34,20,17.7220420837402,3,30,19,4592,104
34.7380699523845,0.350618386443572,108,1261.642578125,47,14,14,14,10,1490,14,54,33,21,17.8049030303955,3,14,16,4877,105
34.7547366190245,0.350618386443572,116,1249.79113769531,48,14,14,14,10,1492,15,55,32,21,17.8539867401123,5,-8,18,4806,104
34.8109866189345,0.350618386443572,126,1359.38916015625,50,14,14,14,10,1557,16,54,28,22,18.0593318939209,5,-26,17,4901,99
34.9047366187844,0.350618386443572,238,1131.11535644531,42,15,15,15,10,1563,16,53,35,24,18.2983512878418,5,28,50,5110,109
34.9297366187444,0.350618386443572,162,1115.22839355469,47,15,15,15,10,1607,19,56,30,23,18.3744297027588,4,-234,23,4711,83
34.4130699529047,0.348535053113572,124,1562.39123535156,47,14,14,14,10,1286,13,56,33,19,16.5608043670654,4,-5,16,708,104
34.4151532862347,0.348535053113572,120,1562.39123535156,47,14,14,14,10,1286,13,56,33,19,16.5608043670654,4,-5,16,708,104
34.4526532861747,0.348535053113572,134,1387.27490234375,48,14,14,14,10,1293,16,57,33,19,16.7701950073242,4,-6,15,483,104
34.4755699528046,0.348535053113572,149,1320.75720214844,50,14,14,14,10,1276,15,56,31,19,16.8476409912109,3,-73,17,853,105
34.5297366193846,0.348535053113572,163,1324.4560546875,47,14,14,14,20,1316,15,55,33,20,17.0843868255615,3,-71,13,979,108
34.5755699526446,0.348535053113572,121,1343.81677246094,48,14,14,14,10,1364,15,55,33,19,17.2296237945557,1,62,22,764,111
34.6255699525646,0.348535053113572,127,1313.16174316406,47,14,14,14,10,1389,15,55,34,19,17.4092559814453,4,-36,29,457,107
34.6297366192246,0.348535053113572,127,1313.67883300781,46,14,14,14,10,1397,16,55,35,19,17.4393634796143,4,-19,23,365,104
34.6318199525546,0.348535053113572,127,1313.67883300781,46,14,14,14,10,1397,16,55,35,19,17.4393634796143,4,-19,23,365,104
34.6526532858546,0.348535053113572,125,1352.74169921875,48,14,14,14,10,1429,16,55,33,20,17.5255832672119,4,9,16,1692,100
34.6672366191645,0.348535053113572,121,1363.66931152344,47,14,14,14,10,1440,13,54,34,20,17.551061630249,4,80,18,2046,101
34.6755699524845,0.348535053113572,125,1345.05139160156,46,15,15,15,10,1457,13,54,33,21,17.582368850708,2,115,10,2518,107
34.7255699524045,0.348535053113572,111,1308.0751953125,46,14,14,14,10,1496,14,54,33,21,17.7485027313232,4,80,23,4474,102
34.8276532855745,0.348535053113572,130,1464.23815917969,50,14,14,14,10,1609,17,53,28,22,18.1216468811035,0,53,22,4610,99
34.8339032855645,0.348535053113572,135,1464.23815917969,50,14,14,14,10,1609,17,53,28,22,18.1216468811035,0,53,22,4610,99
34.8672366188445,0.348535053113572,183,1413.89721679688,41,15,15,15,90,1612,16,52,35,24,18.2070827484131,6,145,98,4800,99
34.8776532854944,0.348535053113572,194,1245.44653320312,40,15,15,15,90,1560,14,50,35,24,18.23850440979,5,-12,98,5236,105
34.9005699521244,0.348535053113572,231,1170.25695800781,41,15,15,15,90,1565,16,52,35,24,18.2781429290771,3,-22,45,5184,109
34.9089032854444,0.348535053113572,205,1131.11535644531,42,15,15,15,10,1563,16,53,35,24,18.2983512878418,5,28,50,5110,109
34.4484866195147,0.346451719783572,138,1445.62133789062,46,14,14,14,10,1298,16,58,34,20,16.7269554138184,3,23,13,440,102
34.4547366195047,0.346451719783572,131,1387.27490234375,48,14,14,14,10,1293,16,57,33,19,16.7701950073242,4,-6,15,483,104
34.5568199526746,0.346451719783572,112,1292.52807617188,48,14,14,14,10,1336,15,55,32,20,17.1777477264404,4,-11,15,1108,105
34.5693199526546,0.346451719783572,118,1343.81677246094,48,14,14,14,10,1364,15,55,33,19,17.2296237945557,1,62,22,764,111
34.5859866192946,0.346451719783572,126,1376.98876953125,50,14,14,14,10,1366,14,55,32,19,17.2830028533936,4,-7,19,872,104
34.6380699525446,0.346451719783572,122,1323.95080566406,46,14,14,14,10,1389,13,55,35,20,17.4693508148193,3,-95,12,814,104
34.6734866191545,0.346451719783572,126,1345.05139160156,46,15,15,15,10,1457,13,54,33,21,17.582368850708,2,115,10,2518,107
34.7255699524045,0.346451719783572,108,1308.0751953125,46,14,14,14,10,1496,14,54,33,21,17.7485027313232,4,80,23,4474,102
34.8172366189245,0.346451719783572,118,1359.38916015625,50,14,14,14,10,1557,16,54,28,22,18.0593318939209,5,-26,17,4901,99
34.8964032854644,0.346451719783572,257,1170.25695800781,41,15,15,15,90,1565,16,52,35,24,18.2781429290771,3,-22,45,5184,109
34.3880699529447,0.344368386453572,133,1574.04565429688,44,14,14,14,10,1296,12,54,38,18,16.4316272735596,2,-11,18,461,108
34.4068199529147,0.344368386453572,127,1639.00146484375,47,13,13,13,10,1311,13,56,34,19,16.5117835998535,2,83,15,348,111
34.4318199528747,0.344368386453572,125,1469.46716308594,47,14,14,14,10,1300,14,56,34,19,16.6444892883301,3,68,12,464,105
34.4526532861747,0.344368386453572,134,1387.27490234375,48,14,14,14,10,1293,16,57,33,19,16.7701950073242,4,-6,15,483,104
34.4630699528246,0.344368386453572,131,1341.12915039062,49,14,14,14,10,1279,15,58,31,19,16.8105754852295,1,-74,19,683,107
34.4922366194446,0.344368386453572,111,1297.86389160156,46,14,14,14,10,1289,9,57,36,18,16.9193382263184,3,-54,15,980,106
34.6089032859246,0.344368386453572,120,1345.29919433594,47,14,14,14,10,1393,14,56,34,20,17.3416194915771,1,69,20,580,109
34.6359866192146,0.344368386453572,124,1323.95080566406,46,14,14,14,10,1389,13,55,35,20,17.4693508148193,3,-95,12,814,104
34.6401532858746,0.344368386453572,128,1323.95080566406,46,14,14,14,10,1389,13,55,35,20,17.4693508148193,3,-95,12,814,104
34.7693199523345,0.344368386453572,123,1251.85729980469,48,14,14,14,10,1499,15,54,32,21,17.9032573699951,5,-111,14,5003,101
34.7880699523045,0.344368386453572,127,1315.19360351562,50,14,14,14,10,1554,15,54,29,21,17.9713897705078,2,40,21,4617,101
34.9172366187644,0.344368386453572,155,1096.9951171875,45,15,15,15,10,1564,14,56,33,23,18.3181037902832,2,-44,17,5283,97
34.4505699528447,0.342285053123572,122,1335.64721679688,48,14,14,14,10,1264,15,58,32,20,16.7137393951416,2,-107,15,726,104
34.4964032861046,0.342285053123572,112,1361.11499023438,43,14,14,14,10,1312,10,54,39,18,16.9253177642822,5,54,16,717,107
34.5526532860146,0.342285053123572,112,1316.96240234375,49,14,14,14,10,1329,15,56,32,19,17.1584186553955,3,-90,23,1114,106
34.6234866192346,0.342285053123572,123,1319.34436035156,48,14,14,14,10,1376,13,55,33,19,17.3931732177734,1,-75,17,678,106
34.7255699524045,0.342285053123572,113,1262.26782226562,45,15,15,15,10,1461,12,54,34,21,17.7466430664062,4,-47,20,5051,105
34.9276532854144,0.342285053123572,144,1114.00439453125,47,15,15,15,10,1614,17,56,30,22,18.3653907775879,5,-123,15,4697,85
34.4234866195547,0.340201719793572,124,1410.7333984375,49,14,14,14,10,1272,16,59,32,19,16.590311050415,2,-65,19,742,105
34.5380699527046,0.340201719793572,117,1355.63623046875,47,14,14,14,10,1322,15,55,34,20,17.0926342010498,3,-66,15,1040,105
34.5630699526646,0.340201719793572,116,1341.77404785156,49,14,14,14,10,1342,13,56,32,19,17.1851024627686,2,-61,17,1037,105
34.6234866192346,0.340201719793572,122,1319.34436035156,48,14,14,14,10,1376,13,55,33,19,17.3931732177734,1,-75,17,678,106
34.6859866191345,0.340201719793572,123,1249.61157226562,46,15,15,15,10,1415,13,55,32,21,17.643590927124,4,-63,21,4214,101
34.7005699524445,0.340201719793572,110,1243.98913574219,46,14,14,14,10,1425,14,55,33,21,17.6714763641357,5,-105,33,4548,100
34.7922366189645,0.340201719793572,119,1366.65686035156,49,14,14,14,10,1547,15,54,30,21,17.9648532867432,5,-90,17,5012,98
34.8693199521745,0.340201719793572,180,1300.39929199219,40,15,15,15,90,1553,15,52,34,25,18.2097778320312,5,-78,99,5374,98
34.8755699521644,0.340201719793572,180,1300.39929199219,40,15,15,15,90,1553,15,52,34,25,18.2097778320312,5,-78,99,5374,98
34.8818199521544,0.340201719793572,218,1235.07629394531,40,15,15,15,50,1580,13,50,35,25,18.2282485961914,5,4,97,5152,101
34.8922366188044,0.340201719793572,230,1201.90295410156,39,15,15,15,10,1558,12,50,36,25,18.2495994567871,0,-27,98,5190,103
34.3901532862747,0.338118386463572,129,1570.23095703125,46,13,13,13,10,1284,11,55,35,19,16.4113845825195,4,-58,20,484,107
34.3984866195947,0.338118386463572,126,1595.18017578125,47,13,13,13,10,1281,12,55,34,19,16.4517230987549,2,-53,17,475,107
34.4151532862347,0.338118386463572,155,1518.24365234375,48,13,13,13,10,1288,18,59,33,19,16.5402774810791,4,42,18,560,103
34.4297366195447,0.338118386463572,125,1374.9580078125,48,14,14,14,10,1277,13,58,33,19,16.631233215332,2,-15,14,593,106
34.5026532860946,0.338118386463572,115,1347.69177246094,47,14,14,14,10,1303,12,56,34,18,16.9634418487549,2,-67,25,884,107
34.5193199527346,0.338118386463572,168,1384.52941894531,46,14,14,14,180,1332,16,55,34,20,17.0232677459717,4,29,14,776,104
34.5401532860346,0.338118386463572,117,1355.63623046875,47,14,14,14,10,1322,15,55,34,20,17.0926342010498,3,-66,15,1040,105
34.6005699526046,0.338118386463572,128,1403.24169921875,47,14,14,14,10,1395,13,55,34,19,17.2949199676514,4,103,16,409,106
34.6151532859146,0.338118386463572,119,1333.59448242188,48,14,14,14,10,1381,14,55,33,20,17.3600158691406,3,-26,25,741,104
34.7901532856345,0.338118386463572,130,1366.65686035156,49,14,14,14,10,1547,15,54,30,21,17.9648532867432,5,-90,17,5012,98
34.8068199522745,0.338118386463572,113,1445.31188964844,49,14,14,14,10,1571,16,54,30,22,18.0285148620605,2,20,17,4757,107
34.8568199521945,0.338118386463572,182,1441.06323242188,41,15,15,15,90,1577,14,49,35,24,18.173864364624,3,4,99,5060,98
34.8589032855245,0.338118386463572,188,1441.06323242188,41,15,15,15,90,1577,14,49,35,24,18.173864364624,3,4,99,5060,98
34.8818199521544,0.338118386463572,228,1235.07629394531,40,15,15,15,50,1580,13,50,35,25,18.2282485961914,5,4,97,5152,101
34.8901532854744,0.338118386463572,225,1201.90295410156,39,15,15,15,10,1558,12,50,36,25,18.2495994567871,0,-27,98,5190,103
34.9172366187644,0.338118386463572,157,1109.12133789062,43,15,15,15,10,1563,14,56,34,23,18.3100433349609,2,-56,31,5212,97
34.9193199520944,0.338118386463572,144,1096.16003417969,46,15,15,15,10,1574,15,55,31,22,18.3328971862793,5,-64,32,5159,89
34.9401532853944,0.338118386463572,197,1137.50512695312,46,15,15,15,10,1759,25,56,32,22,18.4031848907471,20,-69,29,3805,74
34.4047366195847,0.336035053133572,129,1604.87329101562,47,13,13,13,10,1307,14,56,34,19,16.4914798736572,1,88,17,378,107
34.4109866195747,0.336035053133572,131,1518.24365234375,48,13,13,13,10,1288,18,59,33,19,16.5402774810791,4,42,18,560,103
34.4568199528346,0.336035053133572,129,1322.52990722656,48,14,14,14,10,1274,14,56,32,20,16.7511463165283,3,-76,37,667,106
34.5151532860746,0.336035053133572,132,1359.84521484375,47,14,14,14,20,1324,15,56,34,19,16.9939765930176,3,-25,21,789,107
34.5297366193846,0.336035053133572,120,1384.43811035156,46,14,14,14,10,1321,14,54,34,19,17.0577659606934,3,-66,16,963,104
34.5484866193546,0.336035053133572,112,1322.15966796875,47,14,14,14,10,1324,15,56,33,19,17.1273059844971,3,-35,27,995,106
34.6068199525946,0.336035053133572,131,1361.56115722656,47,14,14,14,10,1372,15,55,34,19,17.3296909332275,4,-50,18,584,104
34.8130699522645,0.336035053133572,122,1429.26196289062,49,14,14,14,10,1587,16,54,29,22,18.0544605255127,1,68,17,4583,106
34.8255699522445,0.336035053133572,120,1411.51354980469,50,14,14,14,10,1584,17,54,28,22,18.0780391693115,2,-1,20,4890,104
34.8505699522045,0.336035053133572,197,1470.19592285156,44,16,16,16,90,1607,13,52,33,23,18.1537742614746,2,49,98,4919,99
34.4026532862547,0.333951719803572,126,1526.75268554688,49,14,14,14,10,1285,14,57,32,19,16.4756889343262,3,10,21,468,105
34.4859866194546,0.333951719803572,120,1396.43005371094,42,14,14,14,10,1320,7,58,39,19,16.8678207397461,3,22,8,573,106
34.5005699527646,0.333951719803572,109,1399.9892578125,42,14,14,14,10,1326,10,57,40,18,16.8998908996582,4,64,13,570,111
34.5255699527246,0.333951719803572,107,1442.57958984375,46,14,14,14,10,1354,13,54,35,19,16.9973697662354,3,49,17,579,105
34.6005699526046,0.333951719803572,125,1386.17016601562,48,14,14,14,10,1371,12,55,33,19,17.28688621521,4,-11,17,646,101
34.6672366191645,0.333951719803572,126,1320.08972167969,45,14,14,14,10,1411,12,55,35,20,17.5384502410889,1,-34,26,2628,100
34.6776532858145,0.333951719803572,120,1258.55590820312,45,15,15,15,10,1413,13,54,34,21,17.6005210876465,5,-87,16,3866,101
34.8276532855745,0.333951719803572,126,1383.91943359375,48,14,14,14,10,1574,17,53,30,23,18.0875568389893,4,-95,22,4949,98
34.8943199521344,0.333951719803572,237,1201.12231445312,41,15,15,15,10,1582,19,53,35,24,18.2671356201172,3,55,52,5070,111
34.9401532853944,0.333951719803572,224,1132.37084960938,46,15,15,15,10,1664,23,55,32,22,18.392541885376,28,-285,26,4563,78
34.4443199528547,0.331868386473572,128,1308.55480957031,48,14,14,14,10,1279,14,56,32,19,16.6888656616211,2,0,26,538,107
34.4651532861546,0.331868386473572,123,1356.82189941406,48,14,14,14,10,1301,13,56,33,19,16.7607269287109,2,40,14,280,104
34.4839032861246,0.331868386473572,112,1396.08801269531,46,14,14,14,10,1308,13,54,35,19,16.833927154541,4,13,31,358,106
34.5443199526946,0.331868386473572,117,1377.28442382812,48,14,14,14,10,1347,16,56,33,19,17.1003456115723,4,36,15,840,105
34.5755699526446,0.331868386473572,114,1433.30871582031,48,14,14,14,10,1365,14,55,33,19,17.1912174224854,3,25,16,817,103
34.6318199525546,0.331868386473572,123,1350.62097167969,47,14,14,14,10,1423,14,54,33,19,17.4048595428467,2,112,19,375,104
34.6984866191145,0.331868386473572,116,1253.19885253906,45,14,14,14,10,1435,14,55,33,21,17.6564826965332,0,-21,22,4803,103
34.7234866190745,0.331868386473572,115,1246.08081054688,46,14,14,14,10,1456,14,53,33,21,17.7351913452148,6,-56,30,5351,106
34.7422366190445,0.331868386473572,114,1258.98718261719,47,14,14,14,10,1477,13,54,32,21,17.7815208435059,3,-4,34,5333,105
34.7901532856345,0.331868386473572,118,1436.87573242188,49,14,14,14,10,1570,15,53,30,21,17.9623222351074,4,19,26,4848,97
34.8651532855145,0.331868386473572,191,1354.56762695312,39,15,15,15,90,1568,15,48,36,25,18.1809577941895,3,-79,98,5187,100
34.9214032854244,0.331868386473572,163,1112.29736328125,45,15,15,15,10,1570,16,56,33,22,18.3256855010986,1,-86,38,5224,89
34.5672366193246,0.329785053143572,121,1400.2412109375,47,14,14,14,10,1376,13,56,33,19,17.1613121032715,2,93,18,791,105
34.6401532858746,0.329785053143572,116,1403.88757324219,48,14,14,14,10,1430,14,54,33,19,17.4319763183594,2,88,22,459,104
34.6630699525046,0.329785053143572,121,1320.08972167969,45,14,14,14,10,1411,12,55,35,20,17.5384502410889,1,-34,26,2628,100
34.7193199524145,0.329785053143572,119,1246.08081054688,46,14,14,14,10,1456,14,53,33,21,17.7351913452148,6,-56,30,5351,106
34.7234866190745,0.329785053143572,115,1246.08081054688,46,14,14,14,10,1456,14,53,33,21,17.7351913452148,6,-56,30,5351,106
34.7255699524045,0.329785053143572,114,1246.08081054688,46,14,14,14,10,1456,14,53,33,21,17.7351913452148,6,-56,30,5351,106
34.7651532856745,0.329785053143572,119,1246.56225585938,46,14,14,14,10,1507,14,55,33,20,17.8556613922119,5,-75,15,5160,102
34.8484866188745,0.329785053143572,191,1454.04077148438,40,15,15,15,90,1605,15,48,35,25,18.1440296173096,3,72,98,5006,100
34.9359866187344,0.329785053143572,177,1132.37084960938,46,15,15,15,10,1664,23,55,32,22,18.392541885376,28,-285,26,4563,78
34.4464032861847,0.327701719813572,121,1308.55480957031,48,14,14,14,10,1279,14,56,32,19,16.6888656616211,2,0,26,538,107
34.4526532861747,0.327701719813572,130,1315.53454589844,49,14,14,14,10,1287,12,56,33,19,16.7262783050537,2,22,13,450,110
34.4609866194946,0.327701719813572,119,1356.82189941406,48,14,14,14,10,1301,13,56,33,19,16.7607269287109,2,40,14,280,104
34.4859866194546,0.327701719813572,117,1396.43005371094,42,14,14,14,10,1320,7,58,39,19,16.8678207397461,3,22,8,573,106
34.4943199527746,0.327701719813572,102,1399.9892578125,42,14,14,14,10,1326,10,57,40,18,16.8998908996582,4,64,13,570,111
34.5214032860646,0.327701719813572,118,1442.57958984375,46,14,14,14,10,1354,13,54,35,19,16.9973697662354,3,49,17,579,105
34.5776532859746,0.327701719813572,116,1446.05432128906,47,14,14,14,10,1366,14,55,34,18,17.2225971221924,3,-63,15,854,105
34.5797366193046,0.327701719813572,115,1446.05432128906,47,14,14,14,10,1366,14,55,34,18,17.2225971221924,3,-63,15,854,105
34.6026532859346,0.327701719813572,128,1348.52868652344,49,14,14,14,10,1375,13,54,32,19,17.3155002593994,5,-28,11,858,101
34.6484866191946,0.327701719813572,117,1430.1669921875,46,14,14,14,10,1451,12,54,36,19,17.4616050720215,2,179,31,887,104
34.6526532858546,0.327701719813572,123,1384.81518554688,45,14,14,14,10,1410,12,54,36,20,17.5022239685059,5,-41,16,1900,100
34.6964032857845,0.327701719813572,116,1253.19885253906,45,14,14,14,10,1435,14,55,33,21,17.6564826965332,0,-21,22,4803,103
34.7214032857445,0.327701719813572,117,1246.08081054688,46,14,14,14,10,1456,14,53,33,21,17.7351913452148,6,-56,30,5351,106
34.7734866189945,0.327701719813572,125,1291.49206542969,48,14,14,14,10,1548,15,54,31,21,17.8890991210938,4,58,23,4856,98
34.7776532856545,0.327701719813572,109,1369.25476074219,49,14,14,14,10,1568,15,53,30,21,17.9289722442627,4,122,16,4661,103
34.8214032855845,0.327701719813572,133,1412.94812011719,50,14,14,14,10,1561,16,54,29,22,18.0639781951904,2,-58,20,4910,101
34.8797366188244,0.327701719813572,207,1225.13916015625,40,15,15,15,90,1552,14,49,35,25,18.2189598083496,0,-64,98,5328,102
34.8880699521444,0.327701719813572,235,1207.97497558594,40,15,15,15,90,1561,18,52,35,25,18.2422275543213,8,-65,39,5299,102
34.9130699521044,0.327701719813572,231,1141.27648925781,42,15,15,15,10,1564,16,53,35,23,18.3062877655029,1,-42,77,5254,96
34.9234866187544,0.327701719813572,152,1112.29736328125,45,15,15,15,10,1570,16,56,33,22,18.3256855010986,1,-86,38,5224,89
34.9339032854044,0.327701719813572,158,1115.54284667969,46,15,15,15,10,1590,18,55,31,23,18.3540878295898,6,-197,22,4983,85
34.3922366196047,0.325618386483572,137,1523.17077636719,49,13,13,13,10,1270,12,56,32,19,16.3665237426758,2,-64,17,598,108
34.4172366195647,0.325618386483572,132,1360.7294921875,51,14,14,14,10,1255,15,58,30,19,16.5073184967041,2,-77,20,768,105
34.4234866195547,0.325618386483572,123,1315.56811523438,50,14,14,14,10,1271,14,56,31,19,16.546630859375,2,36,17,711,109
34.4484866195147,0.325618386483572,124,1278.20275878906,48,14,14,14,10,1291,10,56,34,18,16.6678237915039,1,98,12,426,110
34.4880699527846,0.325618386483572,111,1345.29711914062,46,14,14,14,10,1309,12,54,35,19,16.8526134490967,4,-7,22,636,104
34.4922366194446,0.325618386483572,103,1345.29711914062,46,14,14,14,10,1309,12,54,35,19,16.8526134490967,4,-7,22,636,104
34.5484866193546,0.325618386483572,113,1427.82592773438,47,14,14,14,10,1359,14,55,34,18,17.0810604095459,3,-26,13,675,106
34.5568199526746,0.325618386483572,114,1446.87023925781,48,14,14,14,10,1366,13,56,34,19,17.1124458312988,2,20,12,679,109
34.5630699526646,0.325618386483572,120,1478.96472167969,48,14,14,14,10,1369,14,56,33,19,17.1419410705566,4,-12,14,776,105
34.6193199525746,0.325618386483572,123,1313.97045898438,46,14,14,14,10,1388,13,55,34,20,17.3679370880127,3,-9,10,659,102
34.7068199524345,0.325618386483572,129,1264.33972167969,45,15,15,15,10,1445,14,54,34,20,17.6670989990234,4,-28,16,5528,103
34.7130699524245,0.325618386483572,115,1237.98742675781,46,15,15,15,10,1448,12,54,34,21,17.6989307403564,1,-3,24,5391,105
34.7172366190845,0.325618386483572,114,1237.98742675781,46,15,15,15,10,1448,12,54,34,21,17.6989307403564,1,-3,24,5391,105
34.7193199524145,0.325618386483572,119,1246.58056640625,46,14,14,14,10,1468,14,54,34,20,17.719877243042,7,-26,14,5474,102
34.7276532857345,0.325618386483572,128,1278.36437988281,47,14,14,14,10,1480,16,54,32,21,17.7368335723877,6,-43,24,5352,103
34.7297366190645,0.325618386483572,124,1278.36437988281,47,14,14,14,10,1480,16,54,32,21,17.7368335723877,6,-43,24,5352,103
34.7589032856845,0.325618386483572,115,1260.35815429688,48,14,14,14,10,1502,13,54,32,20,17.8164196014404,5,-50,26,5222,104
34.7755699523245,0.325618386483572,118,1326.44250488281,49,14,14,14,10,1518,16,54,31,20,17.8779201507568,8,-132,30,5222,99
34.8380699522245,0.325618386483572,179,1376.04345703125,41,15,15,15,90,1569,15,50,35,25,18.1014842987061,3,-42,99,5183,100
34.8589032855245,0.325618386483572,187,1395.21325683594,39,15,15,15,90,1583,18,48,35,25,18.1525440216064,1,20,97,5053,101
34.8734866188344,0.325618386483572,209,1255.06188964844,39,15,15,15,90,1576,15,48,35,25,18.1894092559814,0,19,98,5171,101
34.9109866187744,0.325618386483572,264,1171.35815429688,41,15,15,15,30,1584,17,54,35,24,18.304895401001,6,39,76,5092,99
34.9339032854044,0.325618386483572,153,1122.94689941406,46,15,15,15,10,1597,16,55,32,22,18.3455295562744,4,-110,16,4969,88
34.3880699529447,0.323535053153572,124,1523.17077636719,49,13,13,13,10,1270,12,56,32,19,16.3665237426758,2,-64,17,598,108
34.4130699529047,0.323535053153572,143,1360.7294921875,51,14,14,14,10,1255,15,58,30,19,16.5073184967041,2,-77,20,768,105
34.5130699527446,0.323535053153572,112,1432.23852539062,47,14,14,14,10,1352,12,54,34,19,16.9460487365723,2,64,17,448,106
34.5464032860246,0.323535053153572,112,1427.82592773438,47,14,14,14,10,1359,14,55,34,18,17.0810604095459,3,-26,13,675,106
34.6068199525946,0.323535053153572,139,1308.20104980469,49,14,14,14,10,1385,13,55,32,19,17.3052558898926,4,73,29,489,104
34.7005699524445,0.323535053153572,115,1287.90563964844,46,15,15,15,10,1441,12,55,33,20,17.6351737976074,3,30,27,4894,101
34.7526532856945,0.323535053153572,107,1260.35815429688,48,14,14,14,10,1502,13,54,32,20,17.8164196014404,5,-50,26,5222,104
34.7630699523445,0.323535053153572,120,1272.29016113281,48,14,14,14,10,1503,13,54,32,20,17.8444347381592,6,-34,29,5269,100
34.8089032856045,0.323535053153572,114,1443.20471191406,50,14,14,14,10,1560,19,54,29,21,17.9982242584229,5,-51,19,4814,99
34.8547366188645,0.323535053153572,187,1395.21325683594,39,15,15,15,90,1583,18,48,35,25,18.1525440216064,1,20,97,5053,101
34.9130699521044,0.323535053153572,260,1171.35815429688,41,15,15,15,30,1584,17,54,35,24,18.304895401001,6,39,76,5092,99
34.4339032862047,0.321451719823572,124,1302.43603515625,50,14,14,14,10,1278,12,55,31,19,16.5877838134766,1,55,17,623,110
34.5484866193546,0.321451719823572,106,1427.82592773438,47,14,14,14,10,1359,14,55,34,18,17.0810604095459,3,-26,13,675,106
34.6443199525346,0.321451719823572,110,1410.23937988281,45,14,14,14,10,1423,13,54,36,20,17.4550971984863,2,73,10,1061,101
34.6755699524845,0.321451719823572,123,1250.58447265625,45,14,14,14,10,1401,12,54,34,21,17.5611972808838,5,-110,28,3494,99
34.7005699524445,0.321451719823572,115,1287.90563964844,46,15,15,15,10,1441,12,55,33,20,17.6351737976074,3,30,27,4894,101
34.7130699524245,0.321451719823572,113,1237.98742675781,46,15,15,15,10,1448,12,54,34,21,17.6989307403564,1,-3,24,5391,105
34.7443199523745,0.321451719823572,115,1277.16442871094,49,14,14,14,10,1480,13,55,31,21,17.790620803833,3,-88,24,5418,104
34.7651532856745,0.321451719823572,122,1272.29016113281,48,14,14,14,10,1503,13,54,32,20,17.8444347381592,6,-34,29,5269,100
34.7672366190045,0.321451719823572,120,1272.29016113281,48,14,14,14,10,1503,13,54,32,20,17.8444347381592,6,-34,29,5269,100
34.8443199522145,0.321451719823572,195,1414.12121582031,39,15,15,15,90,1597,15,48,36,25,18.1308784484863,2,78,97,4933,100
34.8568199521945,0.321451719823572,202,1395.21325683594,39,15,15,15,90,1583,18,48,35,25,18.1525440216064,1,20,97,5053,101
34.8589032855245,0.321451719823572,206,1395.21325683594,39,15,15,15,90,1583,18,48,35,25,18.1525440216064,1,20,97,5053,101
34.8797366188244,0.321451719823572,202,1222.74951171875,40,15,15,15,90,1553,15,48,35,25,18.2110729217529,1,-78,99,5390,103
34.9005699521244,0.321451719823572,193,1218.84313964844,40,15,15,15,90,1567,17,54,36,24,18.2614402770996,3,-83,78,5247,103
34.3901532862747,0.319368386493572,131,1523.17077636719,49,13,13,13,10,1270,12,56,32,19,16.3665237426758,2,-64,17,598,108
34.4464032861847,0.319368386493572,123,1278.20275878906,48,14,14,14,10,1291,10,56,34,18,16.6678237915039,1,98,12,426,110
34.4526532861747,0.319368386493572,125,1274.01806640625,49,14,14,14,10,1277,12,56,33,18,16.7092456817627,3,-5,16,479,107
34.5651532859946,0.319368386493572,111,1478.96472167969,48,14,14,14,10,1369,14,56,33,19,17.1419410705566,4,-12,14,776,105
34.6047366192646,0.319368386493572,117,1308.20104980469,49,14,14,14,10,1385,13,55,32,19,17.3052558898926,4,73,29,489,104
34.6130699525846,0.319368386493572,121,1296.05725097656,48,14,14,14,10,1364,12,55,33,20,17.3380317687988,3,-69,14,702,102
34.6276532858946,0.319368386493572,115,1359.04113769531,47,14,14,14,10,1401,13,54,34,19,17.396354675293,5,-15,12,556,102
34.6526532858546,0.319368386493572,117,1338.58618164062,46,14,14,14,10,1392,13,54,34,20,17.4958591461182,2,-74,16,2206,100
34.7026532857745,0.319368386493572,123,1264.33972167969,45,15,15,15,10,1445,14,54,34,20,17.6670989990234,4,-28,16,5528,103
34.7776532856545,0.319368386493572,120,1415.36535644531,50,14,14,14,10,1564,17,53,29,21,17.9192695617676,6,86,16,4836,98
34.8026532856145,0.319368386493572,130,1443.20471191406,50,14,14,14,10,1560,19,54,29,21,17.9982242584229,5,-51,19,4814,99
34.8339032855645,0.319368386493572,192,1358.56384277344,43,15,15,15,90,1565,13,51,33,24,18.0734233856201,5,-96,100,5187,99
34.8568199521945,0.319368386493572,203,1395.21325683594,39,15,15,15,90,1583,18,48,35,25,18.1525440216064,1,20,97,5053,101
34.8734866188344,0.319368386493572,210,1255.06188964844,39,15,15,15,90,1576,15,48,35,25,18.1894092559814,0,19,98,5171,101
34.9089032854444,0.319368386493572,232,1203.44372558594,41,14,14,14,90,1596,15,52,36,24,18.2849559783936,6,28,96,4950,101
34.9443199520544,0.319368386493572,223,1146.6572265625,45,15,15,15,10,1705,21,55,33,21,18.4117660522461,6,18,15,3415,81
34.4047366195847,0.317285053163572,126,1471.55517578125,51,14,14,14,10,1259,15,58,31,19,16.4338474273682,4,-29,48,677,103
34.4839032861246,0.317285053163572,97,1239.52331542969,47,14,14,14,10,1296,13,56,33,20,16.8062171936035,4,10,11,723,103
34.5526532860146,0.317285053163572,105,1531.36560058594,47,14,14,14,10,1366,11,54,34,19,17.0888004302979,4,6,12,686,102
34.5776532859746,0.317285053163572,114,1475.96411132812,45,14,14,14,10,1383,11,55,36,20,17.1920604705811,3,111,18,515,107
34.5818199526346,0.317285053163572,113,1475.96411132812,45,14,14,14,10,1383,11,55,36,20,17.1920604705811,3,111,18,515,107
34.5901532859546,0.317285053163572,117,1376.64733886719,48,14,14,14,10,1349,13,56,33,19,17.2325000762939,4,-18,24,877,104
34.6172366192446,0.317285053163572,119,1279.59350585938,48,14,14,14,10,1349,12,55,32,20,17.3268814086914,2,-131,14,956,103
34.7568199523545,0.317285053163572,110,1291.68127441406,47,14,14,14,10,1498,14,55,33,21,17.8024768829346,2,-63,14,5420,104
34.8234866189145,0.317285053163572,213,1377.02856445312,44,15,15,15,10,1562,19,54,33,23,18.0372753143311,4,-31,77,5151,99
34.8339032855645,0.317285053163572,183,1347.66979980469,41,15,15,15,10,1546,13,52,35,24,18.0620574951172,2,-68,93,5285,100
34.9005699521244,0.317285053163572,217,1224.85961914062,40,14,14,14,90,1595,15,50,36,24,18.2559700012207,2,44,98,5009,115
34.9130699521044,0.317285053163572,243,1180.86499023438,40,14,14,14,90,1596,14,52,36,24,18.2966499328613,2,64,79,4911,102
34.3839032862847,0.315201719833572,127,1492.98205566406,50,14,14,14,10,1267,13,56,31,19,16.298942565918,3,-17,13,464,106
34.4589032861646,0.315201719833572,142,1222.27062988281,48,14,14,14,10,1262,12,56,33,19,16.6947498321533,2,-84,17,770,105
34.4693199528146,0.315201719833572,120,1234.37768554688,48,14,14,14,10,1276,11,56,33,19,16.7705421447754,5,-65,27,770,103
34.4922366194446,0.315201719833572,116,1267.39111328125,47,14,14,14,10,1302,10,54,34,19,16.839729309082,5,56,27,586,104
34.5130699527446,0.315201719833572,103,1387.623046875,47,14,14,14,10,1332,14,54,33,19,16.9340324401855,4,-27,20,467,104
34.5776532859746,0.315201719833572,114,1475.96411132812,45,14,14,14,10,1383,11,55,36,20,17.1920604705811,3,111,18,515,107
34.5797366193046,0.315201719833572,118,1475.96411132812,45,14,14,14,10,1383,11,55,36,20,17.1920604705811,3,111,18,515,107
34.6089032859246,0.315201719833572,113,1271.78686523438,48,14,14,14,10,1357,10,55,32,20,17.2959308624268,6,10,13,764,104
34.6193199525746,0.315201719833572,119,1322.20935058594,48,14,14,14,10,1367,16,54,32,20,17.3531227111816,9,-92,17,921,102
34.6318199525546,0.315201719833572,125,1369.38977050781,48,14,14,14,10,1400,13,54,33,19,17.3792476654053,5,77,27,656,103
34.6484866191946,0.315201719833572,122,1354.16613769531,46,14,14,14,10,1398,12,54,34,20,17.4487895965576,3,11,14,1477,104
34.6651532858345,0.315201719833572,129,1230.45629882812,46,14,14,14,10,1393,15,55,32,22,17.5203170776367,5,-51,24,3062,101
34.7193199524145,0.315201719833572,119,1244.58435058594,48,14,14,14,10,1476,15,54,32,21,17.7075614929199,5,16,14,5388,97
34.9339032854044,0.315201719833572,183,1130.95678710938,44,15,15,15,10,1592,18,55,34,22,18.3385028839111,4,-59,23,5105,96
34.9422366187244,0.315201719833572,193,1125.87231445312,45,15,15,15,10,1617,20,55,33,22,18.3648433685303,2,-131,25,4910,85
34.3880699529447,0.313118386503572,140,1541.22058105469,49,14,14,14,10,1272,13,56,32,19,16.3403224945068,3,-41,24,577,107
34.4297366195447,0.313118386503572,119,1248.13403320312,49,13,13,13,10,1259,12,56,32,19,16.5727519989014,3,-28,15,697,104
34.4318199528747,0.313118386503572,120,1248.13403320312,49,13,13,13,10,1259,12,56,32,19,16.5727519989014,3,-28,15,697,104
34.4339032862047,0.313118386503572,125,1248.13403320312,49,13,13,13,10,1259,12,56,32,19,16.5727519989014,3,-28,15,697,104
34.4484866195147,0.313118386503572,142,1230.40759277344,49,14,14,14,10,1264,13,56,32,19,16.6543407440186,3,-53,12,705,103
34.5693199526546,0.313118386503572,113,1525.90026855469,45,14,14,14,10,1379,13,55,35,19,17.1578502655029,4,33,21,564,105
34.6589032858446,0.313118386503572,114,1276.43762207031,46,14,14,14,10,1390,13,55,34,21,17.4882183074951,4,-11,14,2294,101
34.6859866191345,0.313118386503572,118,1282.81433105469,46,15,15,15,10,1444,15,54,33,21,17.5961170196533,2,48,11,4481,104
34.7484866190345,0.313118386503572,107,1304.3291015625,49,14,14,14,10,1511,13,54,31,21,17.7752113342285,4,19,12,5268,103
34.7776532856545,0.313118386503572,106,1441.65454101562,50,14,14,14,10,1556,18,54,30,21,17.9058895111084,4,20,14,4877,103
34.8443199522145,0.313118386503572,201,1352.17639160156,39,14,14,14,90,1575,15,48,36,25,18.115104675293,3,40,98,5123,100
34.8464032855445,0.313118386503572,197,1352.17639160156,39,14,14,14,90,1575,15,48,36,25,18.115104675293,3,40,98,5123,100
34.8651532855145,0.313118386503572,212,1281.6982421875,40,15,15,15,90,1570,18,48,35,25,18.1583099365234,5,35,99,5144,101
34.4068199529147,0.311035053173572,136,1471.55517578125,51,14,14,14,10,1259,15,58,31,19,16.4338474273682,4,-29,48,677,103
34.4839032861246,0.311035053173572,110,1239.52331542969,47,14,14,14,10,1296,13,56,33,20,16.8062171936035,4,10,11,723,103
34.7172366190845,0.311035053173572,126,1229.54187011719,46,14,14,14,10,1436,15,54,34,21,17.6892681121826,7,-171,28,5826,101
34.7755699523245,0.311035053173572,108,1370.23742675781,49,14,14,14,10,1537,17,54,32,20,17.8726425170898,4,4,16,5202,102
34.8401532855545,0.311035053173572,200,1346.55041503906,39,14,14,14,90,1571,15,49,36,25,18.0897216796875,1,11,99,5159,99
34.8505699522045,0.311035053173572,202,1352.17639160156,39,14,14,14,90,1575,15,48,36,25,18.115104675293,3,40,98,5123,100
34.8859866188144,0.311035053173572,216,1228.41967773438,41,15,15,15,90,1601,15,49,35,24,18.23317527771,1,119,97,5013,100
34.9047366187844,0.311035053173572,238,1207.63977050781,40,14,14,14,90,1591,16,53,36,24,18.2768440246582,3,48,63,5056,111
34.9193199520944,0.311035053173572,220,1151.49035644531,41,15,15,15,90,1597,16,52,35,23,18.3168697357178,2,39,83,5008,105
34.9359866187344,0.311035053173572,182,1125.87231445312,45,15,15,15,10,1617,20,55,33,22,18.3648433685303,2,-131,25,4910,85
34.9443199520544,0.311035053173572,195,1135.02795410156,46,15,15,15,10,1662,20,55,32,22,18.3939094543457,6,-235,20,4316,81
34.3818199529547,0.308951719843572,143,1491.11352539062,50,13,13,13,10,1271,13,56,31,19,16.2732410430908,4,-13,25,664,105
34.3984866195947,0.308951719843572,137,1578.14697265625,47,13,13,13,10,1291,12,56,34,19,16.3578186035156,2,83,10,325,109
34.4339032862047,0.308951719843572,128,1205.85180664062,48,13,13,13,10,1244,11,55,33,19,16.5519790649414,5,-82,17,950,103
34.4359866195347,0.308951719843572,126,1225.20202636719,49,13,13,13,10,1264,12,56,32,19,16.5880527496338,5,-24,15,821,104
34.4422366195247,0.308951719843572,122,1225.20202636719,49,13,13,13,10,1264,12,56,32,19,16.5880527496338,5,-24,15,821,104
34.4568199528346,0.308951719843572,126,1250.38391113281,48,14,14,14,10,1269,11,56,33,19,16.6670036315918,2,-26,24,811,102
34.5047366194246,0.308951719843572,114,1291.87292480469,48,14,14,14,10,1323,12,55,33,19,16.8885135650635,2,63,20,495,103
34.5109866194146,0.308951719843572,110,1300.99938964844,48,14,14,14,10,1314,13,54,32,19,16.9256401062012,3,-58,33,549,104
34.5693199526546,0.308951719843572,115,1482.56872558594,48,14,14,14,10,1374,12,54,33,19,17.1478729248047,5,3,24,701,103
34.6318199525546,0.308951719843572,120,1359.50158691406,47,14,14,14,10,1386,14,54,34,19,17.36842918396,4,8,15,627,107
34.6526532858546,0.308951719843572,123,1229.208984375,46,14,14,14,10,1369,13,55,32,21,17.48024559021,1,-99,18,2545,103
34.6922366191245,0.308951719843572,131,1241.55834960938,46,15,15,15,10,1429,17,54,34,21,17.591100692749,4,38,23,4670,101
34.7255699524045,0.308951719843572,122,1247.330078125,47,14,14,14,10,1478,13,54,32,21,17.6964645385742,5,-32,28,5601,98
34.8026532856145,0.308951719843572,192,1386.41479492188,47,14,14,14,10,1551,18,55,33,21,17.9713191986084,1,9,17,5257,103
34.8755699521644,0.308951719843572,190,1241.01708984375,39,15,15,15,90,1563,17,50,35,25,18.1724948883057,4,12,99,5434,104
34.9443199520544,0.308951719843572,205,1126.89758300781,46,15,15,15,10,1635,20,55,32,22,18.3795852661133,8,-226,34,4578,83
34.4255699528847,0.306868386513572,113,1215.18957519531,48,13,13,13,10,1250,12,55,33,19,16.5131568908691,2,-44,18,777,104
34.4276532862147,0.306868386513572,125,1205.85180664062,48,13,13,13,10,1244,11,55,33,19,16.5519790649414,5,-82,17,950,103
34.4380699528647,0.306868386513572,120,1225.20202636719,49,13,13,13,10,1264,12,56,32,19,16.5880527496338,5,-24,15,821,104
34.5318199527146,0.306868386513572,98,1367.00988769531,47,14,14,14,10,1349,14,53,33,19,16.9838752746582,4,12,23,422,98
34.5464032860246,0.306868386513572,98,1528.60681152344,47,14,14,14,10,1381,13,55,34,19,17.0388374328613,4,78,18,513,104
34.5734866193146,0.306868386513572,112,1482.56872558594,48,14,14,14,10,1374,12,54,33,19,17.1478729248047,5,3,24,701,103
34.5776532859746,0.306868386513572,107,1414.16845703125,47,14,14,14,10,1366,11,55,34,19,17.1824932098389,4,74,20,686,102
34.5818199526346,0.306868386513572,117,1414.16845703125,47,14,14,14,10,1366,11,55,34,19,17.1824932098389,4,74,20,686,102
34.5964032859446,0.306868386513572,110,1262.14294433594,49,14,14,14,10,1344,12,55,32,20,17.254997253418,2,-23,13,946,105
34.6026532859346,0.306868386513572,121,1264.71435546875,49,14,14,14,10,1350,11,55,32,20,17.2819480895996,4,-46,17,1050,104
34.6380699525446,0.306868386513572,126,1339.1826171875,46,14,14,14,10,1395,14,54,34,20,17.4045238494873,2,34,20,899,107
34.6964032857845,0.306868386513572,136,1252.04919433594,44,15,15,15,10,1442,15,54,34,21,17.6190757751465,8,-13,15,5237,98
34.7214032857445,0.306868386513572,144,1247.330078125,47,14,14,14,10,1478,13,54,32,21,17.6964645385742,5,-32,28,5601,98
34.7339032857245,0.306868386513572,119,1274.92041015625,49,14,14,14,10,1503,15,54,30,21,17.7125339508057,9,30,35,5540,95
34.8255699522445,0.306868386513572,208,1347.58190917969,43,15,15,15,90,1566,15,52,34,23,18.0244140625,5,31,98,5281,99
34.8568199521945,0.306868386513572,194,1278.36975097656,39,14,14,14,30,1547,17,48,35,26,18.1229782104492,4,-63,98,5234,102
34.8609866188545,0.306868386513572,201,1259.80981445312,39,15,15,15,90,1565,17,49,35,26,18.1477355957031,3,-21,98,5424,103
34.9297366187444,0.306868386513572,234,1141.15124511719,42,15,15,15,90,1599,18,53,34,23,18.329906463623,2,-16,86,4961,96
34.4047366195847,0.304785053183572,177,1474.11462402344,47,13,13,13,10,1278,15,59,35,18,16.4081764221191,4,97,19,447,104
34.4193199528947,0.304785053183572,134,1215.18957519531,48,13,13,13,10,1250,12,55,33,19,16.5131568908691,2,-44,18,777,104
34.4214032862247,0.304785053183572,137,1215.18957519531,48,13,13,13,10,1250,12,55,33,19,16.5131568908691,2,-44,18,777,104
34.5464032860246,0.304785053183572,103,1528.60681152344,47,14,14,14,10,1381,13,55,34,19,17.0388374328613,4,78,18,513,104
34.6672366191645,0.304785053183572,130,1206.80310058594,46,14,14,14,10,1383,16,55,32,22,17.5111618041992,7,-77,24,3064,100
34.6901532857945,0.304785053183572,119,1241.55834960938,46,15,15,15,10,1429,17,54,34,21,17.591100692749,4,38,23,4670,101
34.7089032857645,0.304785053183572,129,1246.66564941406,44,14,14,14,10,1413,13,55,35,21,17.6480731964111,2,-155,15,5943,100
34.7172366190845,0.304785053183572,136,1238.41857910156,44,14,14,14,10,1446,12,55,35,21,17.6726112365723,3,-75,19,5932,100
34.7672366190045,0.304785053183572,121,1374.66967773438,47,14,14,14,10,1522,14,54,33,20,17.8281440734863,2,-57,18,5327,103
34.7859866189745,0.304785053183572,232,1470.02795410156,44,15,15,15,10,1551,19,54,34,23,17.9224262237549,4,21,44,4993,104
34.7943199522945,0.304785053183572,210,1425.93896484375,44,15,15,15,10,1530,19,54,34,22,17.9431476593018,2,-103,57,5325,101
34.8443199522145,0.304785053183572,210,1292.40661621094,39,14,14,14,90,1551,14,50,36,26,18.0980682373047,2,-39,99,5396,99
34.8734866188344,0.304785053183572,196,1241.01708984375,39,15,15,15,90,1563,17,50,35,25,18.1724948883057,4,12,99,5434,104
34.9130699521044,0.304785053183572,214,1182.68603515625,40,15,15,15,90,1573,15,51,36,25,18.2858657836914,2,-118,98,5250,101
34.3839032862847,0.302701719853572,158,1491.11352539062,50,13,13,13,10,1271,13,56,31,19,16.2732410430908,4,-13,25,664,105
34.3964032862647,0.302701719853572,185,1578.14697265625,47,13,13,13,10,1291,12,56,34,19,16.3578186035156,2,83,10,325,109
34.4839032861246,0.302701719853572,127,1229.82250976562,48,14,14,14,10,1264,11,56,32,20,16.7887058258057,1,-115,28,919,105
34.5172366194046,0.302701719853572,103,1300.99938964844,48,14,14,14,10,1314,13,54,32,19,16.9256401062012,3,-58,33,549,104
34.5964032859446,0.302701719853572,109,1262.14294433594,49,14,14,14,10,1344,12,55,32,20,17.254997253418,2,-23,13,946,105
34.6401532858746,0.302701719853572,118,1339.1826171875,46,14,14,14,10,1395,14,54,34,20,17.4045238494873,2,34,20,899,107
34.7484866190345,0.302701719853572,115,1311.2236328125,48,14,14,14,10,1513,15,54,32,21,17.7618274688721,6,-1,15,5113,102
34.7547366190245,0.302701719853572,113,1330.76647949219,47,14,14,14,10,1522,14,53,33,21,17.79225730896,3,-7,25,5335,105
34.7693199523345,0.302701719853572,111,1424.72912597656,48,14,14,14,10,1550,17,54,32,20,17.8618392944336,3,41,20,4959,105
34.8797366188244,0.302701719853572,203,1230.58776855469,39,15,15,15,90,1576,15,49,36,25,18.1963214874268,5,-15,98,5322,101
34.4276532862147,0.300618386523572,115,1196.95129394531,47,13,13,13,10,1265,9,55,35,19,16.5275554656982,2,26,27,708,106
34.4964032861046,0.300618386523572,113,1214.96752929688,49,14,14,14,10,1283,11,54,32,19,16.8421173095703,1,-62,17,956,107
34.5359866193746,0.300618386523572,105,1402.0712890625,46,14,14,14,10,1354,11,54,35,20,17.0016231536865,3,4,19,479,100
34.5714032859846,0.300618386523572,124,1390.65710449219,49,14,14,14,10,1363,13,55,33,19,17.1378993988037,3,43,34,779,106
34.5901532859546,0.300618386523572,119,1274.55920410156,49,14,14,14,10,1341,14,57,31,20,17.2103977203369,2,-11,14,995,106
34.5984866192746,0.300618386523572,117,1251.431640625,50,14,14,14,10,1351,12,55,31,20,17.2410068511963,3,-11,23,1004,107
34.6047366192646,0.300618386523572,114,1267.11169433594,48,14,14,14,10,1366,11,56,32,20,17.2666893005371,3,48,13,775,112
34.6068199525946,0.300618386523572,120,1267.11169433594,48,14,14,14,10,1366,11,56,32,20,17.2666893005371,3,48,13,775,112
34.6234866192346,0.300618386523572,123,1321.20544433594,47,14,14,14,10,1402,12,54,33,19,17.3233394622803,2,141,10,525,105
34.6318199525546,0.300618386523572,117,1305.99401855469,46,14,14,14,10,1381,13,54,34,19,17.3617973327637,2,26,22,667,103
34.7484866190345,0.300618386523572,119,1341.72814941406,47,14,14,14,10,1501,15,54,32,21,17.7524833679199,4,-59,16,5653,99
34.7547366190245,0.300618386523572,115,1411.34680175781,47,14,14,14,10,1522,16,53,32,21,17.7878932952881,6,-39,28,5443,101
34.7839032856445,0.300618386523572,231,1470.49877929688,46,15,15,15,10,1539,20,52,32,23,17.8795528411865,4,-54,88,5296,101
34.8380699522245,0.300618386523572,236,1269.57214355469,40,14,14,14,10,1535,15,51,35,25,18.0593528747559,3,-85,97,5387,102
34.9047366187844,0.300618386523572,195,1202.79113769531,40,15,15,15,90,1595,24,49,36,24,18.2613391876221,5,50,97,5142,103
34.9151532854344,0.300618386523572,208,1190.25671386719,40,15,15,15,50,1590,15,50,35,25,18.2831535339355,6,-38,99,5232,99
34.4547366195047,0.298535053193572,113,1353.6357421875,47,13,13,13,10,1290,11,54,34,18,16.632698059082,4,20,17,666,100
34.5568199526746,0.298535053193572,105,1522.86853027344,44,14,14,14,10,1364,11,53,37,20,17.0610389709473,3,45,14,446,102
34.5609866193346,0.298535053193572,109,1462.607421875,47,14,14,14,10,1338,13,55,33,20,17.104076385498,1,-83,9,900,100
34.5734866193146,0.298535053193572,117,1390.65710449219,49,14,14,14,10,1363,13,55,33,19,17.1378993988037,3,43,34,779,106
34.6068199525946,0.298535053193572,115,1267.11169433594,48,14,14,14,10,1366,11,56,32,20,17.2666893005371,3,48,13,775,112
34.7276532857345,0.298535053193572,118,1271.83837890625,48,14,14,14,10,1469,15,54,31,22,17.7054901123047,1,-138,21,5723,98
34.8255699522445,0.298535053193572,229,1308.06860351562,40,15,15,15,10,1541,20,54,35,25,18.0073757171631,4,-38,96,5411,100
34.8297366189045,0.298535053193572,228,1286.90686035156,40,15,15,15,10,1544,16,51,36,24,18.0335159301758,6,8,98,5234,96
34.9193199520944,0.298535053193572,214,1177.81799316406,41,15,15,15,90,1598,15,49,35,24,18.3066692352295,5,-14,100,5144,98
34.9339032854044,0.298535053193572,236,1160.09521484375,41,15,15,15,90,1600,14,52,34,25,18.3265647888184,5,-56,98,5117,95
34.4505699528447,0.296451719863572,134,1300.46179199219,47,14,14,14,10,1290,14,54,35,19,16.5944671630859,5,52,19,661,100
34.4526532861747,0.296451719863572,124,1353.6357421875,47,13,13,13,10,1290,11,54,34,18,16.632698059082,4,20,17,666,100
34.5047366194246,0.296451719863572,103,1230.43103027344,49,14,14,14,10,1294,10,54,32,19,16.8768692016602,0,-53,23,771,105
34.5130699527446,0.296451719863572,118,1241.58117675781,48,14,14,14,10,1306,13,54,32,19,16.9118194580078,4,-67,36,668,104
34.5255699527246,0.296451719863572,105,1266.9677734375,48,14,14,14,10,1330,11,55,33,20,16.943244934082,2,31,16,446,103
34.5526532860146,0.296451719863572,102,1522.86853027344,44,14,14,14,10,1364,11,53,37,20,17.0610389709473,3,45,14,446,102
34.5776532859746,0.296451719863572,116,1334.31604003906,49,14,14,14,10,1350,11,55,32,19,17.1745433807373,4,-19,14,996,104
34.6130699525846,0.296451719863572,124,1300.69555664062,48,14,14,14,10,1382,13,55,32,20,17.2924766540527,5,58,25,753,105
34.7193199524145,0.296451719863572,131,1268.20825195312,46,14,14,14,10,1462,14,54,33,21,17.6769199371338,3,-66,27,6001,99
34.7339032857245,0.296451719863572,118,1271.83837890625,48,14,14,14,10,1469,15,54,31,22,17.7054901123047,1,-138,21,5723,98
34.7443199523745,0.296451719863572,119,1341.72814941406,47,14,14,14,10,1501,15,54,32,21,17.7524833679199,4,-59,16,5653,99
34.7505699523645,0.296451719863572,137,1341.72814941406,47,14,14,14,10,1501,15,54,32,21,17.7524833679199,4,-59,16,5653,99
34.7547366190245,0.296451719863572,138,1411.34680175781,47,14,14,14,10,1522,16,53,32,21,17.7878932952881,6,-39,28,5443,101
34.8505699522045,0.296451719863572,250,1260.43041992188,40,14,14,14,10,1546,16,54,34,26,18.0865440368652,3,-63,98,5480,101
34.8693199521745,0.296451719863572,211,1261.81188964844,40,15,15,15,90,1581,15,49,36,25,18.1672840118408,2,54,98,5147,102
34.9089032854444,0.296451719863572,206,1202.79113769531,40,15,15,15,90,1595,24,49,36,24,18.2613391876221,5,50,97,5142,103
34.9484866187144,0.296451719863572,171,1127.10827636719,45,15,15,15,10,1616,17,55,33,22,18.3706569671631,3,-183,27,4959,85
34.4068199529147,0.294368386533572,149,1396.44189453125,46,14,14,14,10,1266,13,58,36,19,16.3904876708984,3,7,14,597,105
34.5109866194146,0.294368386533572,110,1241.58117675781,48,14,14,14,10,1306,13,54,32,19,16.9118194580078,4,-67,36,668,104
34.5172366194046,0.294368386533572,106,1241.58117675781,48,14,14,14,10,1306,13,54,32,19,16.9118194580078,4,-67,36,668,104
34.5693199526546,0.294368386533572,130,1390.65710449219,49,14,14,14,10,1363,13,55,33,19,17.1378993988037,3,43,34,779,106
34.6339032858846,0.294368386533572,126,1305.99401855469,46,14,14,14,10,1381,13,54,34,19,17.3617973327637,2,26,22,667,103
34.6630699525046,0.294368386533572,133,1213.42309570312,47,14,14,14,10,1385,13,56,32,22,17.4950103759766,2,15,27,3299,105
34.7089032857645,0.294368386533572,143,1256.69909667969,44,14,14,14,10,1456,14,54,35,21,17.6249160766602,9,-1,24,6191,95
34.7380699523845,0.294368386533572,110,1295.41540527344,48,14,14,14,10,1485,15,54,31,21,17.7272815704346,5,-157,22,5753,99
34.7505699523645,0.294368386533572,146,1341.72814941406,47,14,14,14,10,1501,15,54,32,21,17.7524833679199,4,-59,16,5653,99
34.7609866190145,0.294368386533572,136,1467.09887695312,47,14,14,14,10,1537,15,53,33,21,17.8225631713867,2,11,18,5306,104
34.7964032856245,0.294368386533572,218,1408.13366699219,42,15,15,15,10,1530,17,54,36,23,17.9310245513916,2,-89,64,5468,101
34.8443199522145,0.294368386533572,253,1260.43041992188,40,14,14,14,10,1546,16,54,34,26,18.0865440368652,3,-63,98,5480,101
34.8464032855445,0.294368386533572,262,1260.43041992188,40,14,14,14,10,1546,16,54,34,26,18.0865440368652,3,-63,98,5480,101
34.8776532854944,0.294368386533572,208,1245.33508300781,40,15,15,15,90,1558,16,49,35,25,18.1897144317627,4,-63,97,5348,100
34.9068199521144,0.294368386533572,207,1202.79113769531,40,15,15,15,90,1595,24,49,36,24,18.2613391876221,5,50,97,5142,103
34.4172366195647,0.292285053203572,146,1200.04602050781,50,13,13,13,10,1237,13,56,32,19,16.4243927001953,2,-34,17,826,106
34.5109866194146,0.292285053203572,103,1230.29809570312,47,14,14,14,10,1313,10,54,33,19,16.8920955657959,4,39,19,728,105
34.6318199525546,0.292285053203572,126,1241.73608398438,47,14,14,14,10,1348,13,55,33,20,17.3545989990234,4,-119,26,998,104
34.6401532858746,0.292285053203572,111,1250.67663574219,46,14,14,14,10,1382,13,54,34,20,17.3825054168701,3,22,15,1357,102
34.6505699525246,0.292285053203572,128,1257.28955078125,45,14,14,14,10,1397,12,55,35,20,17.4123020172119,4,110,15,1722,110
34.6547366191846,0.292285053203572,136,1250.10595703125,45,14,14,14,10,1399,12,55,34,21,17.4446067810059,3,85,17,2431,112
34.8109866189345,0.292285053203572,231,1313.27429199219,48,15,15,15,10,1524,21,55,30,22,17.9688663482666,3,-74,33,5505,103
34.8130699522645,0.292285053203572,256,1313.27429199219,48,15,15,15,10,1524,21,55,30,22,17.9688663482666,3,-74,33,5505,103
34.8776532854944,0.292285053203572,211,1273.1953125,40,15,15,15,90,1585,19,48,36,25,18.185998916626,4,58,99,5174,104
34.8818199521544,0.292285053203572,208,1273.1953125,40,15,15,15,90,1585,19,48,36,25,18.185998916626,4,58,99,5174,104
34.8984866187944,0.292285053203572,193,1216.67260742188,40,15,15,15,90,1577,16,48,36,24,18.227201461792,2,-60,98,5212,102
34.4068199529147,0.290201719873572,134,1276.43249511719,48,13,13,13,10,1257,11,57,34,19,16.3745651245117,2,35,18,685,106
34.4484866195147,0.290201719873572,107,1351.67224121094,46,13,13,13,10,1310,12,54,35,19,16.5677490234375,5,33,5,392,100
34.4755699528046,0.290201719873572,106,1522.20129394531,46,13,13,13,10,1321,12,54,35,19,16.6782608032227,5,79,16,422,99
34.4859866194546,0.290201719873572,114,1256.91711425781,47,14,14,14,10,1276,12,55,33,19,16.7827091217041,1,-76,17,1003,103
34.5214032860646,0.290201719873572,107,1254.85327148438,48,14,14,14,10,1303,10,55,33,19,16.9245872497559,3,-44,14,824,102
34.5547366193446,0.290201719873572,103,1427.48352050781,47,14,14,14,10,1351,14,55,33,20,17.0520687103271,4,56,16,602,102
34.6172366192446,0.290201719873572,122,1247.81140136719,47,14,14,14,10,1356,12,55,33,20,17.2863006591797,5,11,11,803,105
34.6505699525246,0.290201719873572,133,1257.28955078125,45,14,14,14,10,1397,12,55,35,20,17.4123020172119,4,110,15,1722,110
34.6964032857845,0.290201719873572,172,1240.76770019531,44,15,15,15,10,1446,13,54,35,22,17.5909194946289,8,34,16,5474,98
34.7818199523145,0.290201719873572,199,1430.25988769531,45,15,15,15,10,1535,18,53,32,22,17.8619079589844,1,12,93,5447,101
34.7943199522945,0.290201719873572,226,1359.4560546875,45,15,15,15,10,1541,22,54,34,22,17.9164333343506,4,-3,27,5533,102
34.8526532855345,0.290201719873572,234,1278.86926269531,43,14,14,14,10,1571,19,53,34,23,18.1108531951904,2,17,55,5237,100
34.8609866188545,0.290201719873572,222,1294.74145507812,41,14,14,14,90,1574,15,50,35,24,18.1389636993408,5,19,99,5144,99
34.9484866187144,0.290201719873572,184,1132.73156738281,44,15,15,15,10,1643,17,55,33,23,18.3643550872803,6,8,18,4621,101
34.4401532861947,0.288118386543572,110,1264.95361328125,46,13,13,13,10,1290,10,55,35,19,16.5355186462402,4,14,21,643,100
34.4484866195147,0.288118386543572,108,1351.67224121094,46,13,13,13,10,1310,12,54,35,19,16.5677490234375,5,33,5,392,100
34.5443199526946,0.288118386543572,105,1426.97521972656,46,14,14,14,10,1366,13,55,35,20,17.0163173675537,3,81,10,501,102
34.5630699526646,0.288118386543572,104,1357.1201171875,49,14,14,14,10,1328,12,55,32,19,17.0946884155273,6,-109,17,1189,102
34.5964032859446,0.288118386543572,123,1251.75732421875,49,14,14,14,10,1350,12,55,32,20,17.2245407104492,4,-4,20,1123,109
34.6880699524645,0.288118386543572,131,1220.18029785156,45,15,15,15,10,1406,13,54,33,21,17.568244934082,7,-128,15,5218,100
34.7297366190645,0.288118386543572,112,1305.72631835938,48,14,14,14,10,1475,15,54,31,21,17.6854629516602,2,-95,16,5962,98
34.7359866190545,0.288118386543572,128,1338.80554199219,48,14,14,14,10,1515,17,54,31,21,17.7119235992432,5,-12,22,5645,97
34.7443199523745,0.288118386543572,113,1417.78503417969,45,14,14,14,10,1535,13,54,35,20,17.74729347229,4,4,10,5453,98
34.7609866190145,0.288118386543572,129,1561.79064941406,46,14,14,14,10,1552,13,54,34,21,17.8152847290039,4,62,14,5134,105
34.8380699522245,0.288118386543572,226,1268.42419433594,44,14,14,14,10,1549,26,57,32,24,18.0534152984619,2,-19,93,5413,102
34.8568199521945,0.288118386543572,218,1278.86926269531,43,14,14,14,10,1571,19,53,34,23,18.1108531951904,2,17,55,5237,100
34.8901532854744,0.288118386543572,194,1240.681640625,40,15,15,15,90,1568,24,48,35,25,18.2044296264648,3,-108,100,5326,101
34.9255699520844,0.288118386543572,208,1190.814453125,40,15,15,15,90,1627,17,49,35,25,18.3025989532471,4,70,98,4806,100
34.9359866187344,0.288118386543572,226,1154.19702148438,42,15,15,15,90,1633,15,52,34,24,18.3455028533936,2,81,98,4799,101
34.4505699528447,0.286035053213572,109,1351.67224121094,46,13,13,13,10,1310,12,54,35,19,16.5677490234375,5,33,5,392,100
34.4672366194846,0.286035053213572,110,1541.61938476562,46,13,13,13,10,1326,13,54,36,19,16.6341896057129,5,56,19,434,97
34.5339032860446,0.286035053213572,98,1287.82482910156,46,14,14,14,10,1311,10,54,34,20,16.9590015411377,3,-104,9,719,102
34.5609866193346,0.286035053213572,104,1357.1201171875,49,14,14,14,10,1328,12,55,32,19,17.0946884155273,6,-109,17,1189,102
34.5672366193246,0.286035053213572,109,1357.1201171875,49,14,14,14,10,1328,12,55,32,19,17.0946884155273,6,-109,17,1189,102
34.5734866193146,0.286035053213572,117,1301.62536621094,50,14,14,14,10,1351,12,55,31,19,17.1283187866211,5,46,29,893,103
34.5797366193046,0.286035053213572,129,1281.97619628906,49,14,14,14,10,1325,12,55,31,20,17.1632671356201,3,-85,25,1237,105
34.5839032859646,0.286035053213572,123,1281.97619628906,49,14,14,14,10,1325,12,55,31,20,17.1632671356201,3,-85,25,1237,105
34.6130699525846,0.286035053213572,117,1247.81140136719,47,14,14,14,10,1356,12,55,33,20,17.2863006591797,5,11,11,803,105
34.6214032859046,0.286035053213572,122,1248.13452148438,47,14,14,14,10,1373,13,56,33,19,17.3198871612549,5,23,15,870,103
34.6422366192046,0.286035053213572,139,1250.67663574219,46,14,14,14,10,1382,13,54,34,20,17.3825054168701,3,22,15,1357,102
34.6547366191846,0.286035053213572,143,1250.10595703125,45,14,14,14,10,1399,12,55,34,21,17.4446067810059,3,85,17,2431,112
34.6755699524845,0.286035053213572,156,1229.68444824219,46,15,15,15,10,1404,13,55,32,22,17.5065021514893,3,35,22,3596,102
34.7172366190845,0.286035053213572,131,1287.09057617188,46,14,14,14,10,1475,16,54,33,20,17.6325588226318,4,83,24,5566,102
34.7255699524045,0.286035053213572,120,1297.65161132812,48,14,14,14,10,1502,14,54,32,21,17.6543636322021,2,84,33,5764,100
34.7297366190645,0.286035053213572,111,1305.72631835938,48,14,14,14,10,1475,15,54,31,21,17.6854629516602,2,-95,16,5962,98
34.8172366189245,0.286035053213572,130,1313.27429199219,48,15,15,15,10,1524,21,55,30,22,17.9688663482666,3,-74,33,5505,103
34.8214032855845,0.286035053213572,140,1295.43469238281,46,15,15,15,10,1520,20,55,32,23,17.9962310791016,5,-118,25,5691,102
34.8255699522445,0.286035053213572,131,1295.43469238281,46,15,15,15,10,1520,20,55,32,23,17.9962310791016,5,-118,25,5691,102
34.8734866188344,0.286035053213572,197,1293.126953125,40,15,15,15,90,1581,16,49,35,25,18.1622180938721,3,-22,98,5127,101
34.9443199520544,0.286035053213572,188,1132.73156738281,44,15,15,15,10,1643,17,55,33,23,18.3643550872803,6,8,18,4621,101
34.3964032862647,0.283951719883572,143,1223.0654296875,47,13,13,13,10,1234,11,55,33,20,16.3110446929932,2,-55,20,918,105
34.3984866195947,0.283951719883572,150,1223.0654296875,47,13,13,13,10,1234,11,55,33,20,16.3110446929932,2,-55,20,918,105
34.4422366195247,0.283951719883572,115,1286.35961914062,45,13,13,13,10,1281,10,54,36,19,16.5079708099365,4,-26,14,771,100
34.4734866194746,0.283951719883572,118,1572.09240722656,44,14,14,14,10,1332,13,52,38,19,16.6559066772461,6,64,12,192,99
34.5234866193946,0.283951719883572,107,1259.65124511719,48,14,14,14,10,1328,8,54,33,19,16.904260635376,3,110,15,680,105
34.5276532860546,0.283951719883572,103,1274.64318847656,45,14,14,14,10,1331,7,55,36,20,16.9406223297119,2,30,18,684,107
34.5589032860046,0.283951719883572,112,1314.94641113281,47,14,14,14,10,1342,12,55,34,20,17.0456981658936,5,24,30,897,100
34.6089032859246,0.283951719883572,122,1211.1484375,48,14,14,14,10,1330,11,55,33,20,17.2466201782227,2,-81,14,1358,108
34.7234866190745,0.283951719883572,121,1320.30065917969,47,14,14,14,10,1501,13,54,33,21,17.6416149139404,3,39,20,4767,99
34.7964032856245,0.283951719883572,144,1323.267578125,52,14,14,14,10,1530,18,55,27,21,17.9016075134277,5,-8,15,5367,103
34.8026532856145,0.283951719883572,132,1313.58972167969,52,14,14,14,10,1515,18,55,26,21,17.931360244751,5,-77,15,5556,101
34.8297366189045,0.283951719883572,130,1299.56958007812,52,14,14,14,10,1556,16,54,27,21,18.0222454071045,3,50,16,5277,102
34.8734866188344,0.283951719883572,191,1320.28125,40,15,15,15,90,1585,15,48,35,25,18.1592178344727,1,-9,99,5201,99
34.8818199521544,0.283951719883572,209,1305.55065917969,40,15,15,15,90,1596,15,49,35,25,18.1819400787354,3,21,94,4990,103
34.9401532853944,0.283951719883572,224,1159.38220214844,41,14,14,14,90,1639,14,51,36,24,18.3373260498047,4,84,99,4661,101
34.5005699527646,0.281868386553572,121,1243.87670898438,49,14,14,14,10,1288,12,55,32,19,16.7974281311035,7,-23,13,1029,102
34.5547366193446,0.281868386553572,103,1314.94641113281,47,14,14,14,10,1342,12,55,34,20,17.0456981658936,5,24,30,897,100
34.5839032859646,0.281868386553572,124,1253.91003417969,47,14,14,14,10,1342,12,55,33,20,17.14577293396,4,41,15,1268,105
34.7193199524145,0.281868386553572,122,1320.30065917969,47,14,14,14,10,1501,13,54,33,21,17.6416149139404,3,39,20,4767,99
34.7839032856445,0.281868386553572,128,1381.93005371094,50,14,14,14,10,1517,17,55,28,22,17.8441410064697,5,-76,16,5385,101
34.8109866189345,0.281868386553572,129,1311.01916503906,52,14,14,14,10,1544,17,54,27,21,17.9634590148926,4,39,14,5405,99
34.8755699521644,0.281868386553572,194,1320.28125,40,15,15,15,90,1585,15,48,35,25,18.1592178344727,1,-9,99,5201,99
34.8776532854944,0.281868386553572,212,1305.55065917969,40,15,15,15,90,1596,15,49,35,25,18.1819400787354,3,21,94,4990,103
34.9214032854244,0.281868386553572,224,1191.59875488281,41,15,15,15,90,1629,14,50,35,24,18.2937335968018,3,69,98,4846,98
34.9443199520544,0.281868386553572,219,1135.28308105469,41,15,15,15,50,1612,16,51,35,24,18.3553028106689,3,-119,70,5005,93
34.9589032853644,0.281868386553572,233,1132.47741699219,44,15,15,15,10,1625,22,55,33,22,18.3791656494141,13,-351,14,4854,80
34.5005699527646,0.279785053223572,115,1243.87670898438,49,14,14,14,10,1288,12,55,32,19,16.7974281311035,7,-23,13,1029,102
34.5547366193446,0.279785053223572,102,1314.94641113281,47,14,14,14,10,1342,12,55,34,20,17.0456981658936,5,24,30,897,100
34.6005699526046,0.279785053223572,120,1233.72009277344,48,14,14,14,10,1341,10,56,32,20,17.211612701416,4,51,26,1145,106
34.6109866192546,0.279785053223572,121,1201.72338867188,48,14,14,14,10,1334,12,55,32,20,17.2789421081543,2,-98,15,1381,107
34.6318199525546,0.279785053223572,133,1204.19201660156,48,14,14,14,10,1357,13,55,32,20,17.3435077667236,5,-60,22,1309,103
34.6339032858846,0.279785053223572,139,1204.19201660156,48,14,14,14,10,1357,13,55,32,20,17.3435077667236,5,-60,22,1309,103
34.6839032858045,0.279785053223572,141,1252.08374023438,45,14,14,14,10,1415,11,54,33,21,17.5183925628662,6,-40,14,4098,104
34.7172366190845,0.279785053223572,130,1290.34143066406,46,15,15,15,10,1478,14,54,33,21,17.6231422424316,2,-2,16,5171,100
34.7443199523745,0.279785053223572,112,1476.60693359375,43,14,14,14,10,1548,14,56,38,20,17.7380504608154,2,67,3,4048,100
34.7693199523345,0.279785053223572,170,1486.86010742188,48,14,14,14,10,1522,18,56,31,21,17.8227996826172,4,-60,18,5000,97
34.7755699523245,0.279785053223572,132,1486.86010742188,48,14,14,14,10,1522,18,56,31,21,17.8227996826172,4,-60,18,5000,97
34.7880699523045,0.279785053223572,132,1338.05200195312,50,14,14,14,10,1513,17,55,28,21,17.8720436096191,4,-113,28,5605,102
34.8089032856045,0.279785053223572,135,1313.58972167969,52,14,14,14,10,1515,18,55,26,21,17.931360244751,5,-77,15,5556,101
34.8234866189145,0.279785053223572,135,1309.5830078125,51,14,14,14,10,1546,17,54,27,21,17.9935626983643,4,41,54,5375,103
34.8526532855345,0.279785053223572,219,1290.45593261719,44,14,14,14,90,1579,22,51,33,23,18.1067676544189,4,16,75,5293,99
34.8609866188545,0.279785053223572,218,1311.79187011719,42,15,15,15,90,1608,15,49,35,24,18.1359958648682,3,145,98,4962,103
34.8630699521845,0.279785053223572,216,1311.79187011719,42,15,15,15,90,1608,15,49,35,24,18.1359958648682,3,145,98,4962,103
34.9047366187844,0.279785053223572,216,1214.13842773438,39,15,15,15,90,1613,21,49,36,24,18.2473297119141,4,119,98,4932,98
34.4505699528447,0.277701719893572,116,1395.77966308594,47,13,13,13,10,1296,11,53,35,18,16.540060043335,2,-64,11,629,97
34.5193199527346,0.277701719893572,106,1259.65124511719,48,14,14,14,10,1328,8,54,33,19,16.904260635376,3,110,15,680,105
34.5505699526846,0.277701719893572,106,1334.34692382812,45,14,14,14,10,1349,9,55,35,20,17.0072212219238,5,48,21,806,103
34.5880699526246,0.277701719893572,117,1253.61901855469,47,14,14,14,10,1366,11,55,33,20,17.1764430999756,1,117,26,1021,109
34.6005699526046,0.277701719893572,124,1233.72009277344,48,14,14,14,10,1341,10,56,32,20,17.211612701416,4,51,26,1145,106
34.7339032857245,0.277701719893572,122,1356.14221191406,48,14,14,14,10,1500,15,53,31,21,17.6678447723389,6,-11,30,4692,98
34.8839032854844,0.277701719893572,200,1305.55065917969,40,15,15,15,90,1596,15,49,35,25,18.1819400787354,3,21,94,4990,103
34.9234866187544,0.277701719893572,228,1191.59875488281,41,15,15,15,90,1629,14,50,35,24,18.2937335968018,3,69,98,4846,98
34.5068199527546,0.275618386563572,107,1293.59228515625,47,14,14,14,10,1317,11,55,34,19,16.8087463378906,4,86,13,763,106
34.5130699527446,0.275618386563572,112,1281.86145019531,48,14,14,14,10,1294,9,54,33,20,16.8516674041748,0,-119,30,1078,101
34.5776532859746,0.275618386563572,112,1234.42565917969,46,14,14,14,10,1342,10,55,34,20,17.1340618133545,4,29,23,1174,105
34.5984866192746,0.275618386563572,125,1213.83459472656,47,14,14,14,10,1319,13,55,33,20,17.2000274658203,3,-125,18,1556,106
34.6151532859146,0.275618386563572,131,1223.15344238281,48,14,14,14,10,1333,11,55,32,20,17.2579708099365,4,-56,16,1469,107
34.6755699524845,0.275618386563572,134,1253.71105957031,47,14,14,14,10,1415,12,54,32,22,17.4752178192139,3,-18,13,3397,103
34.6859866191345,0.275618386563572,128,1293.98803710938,45,15,15,15,10,1457,14,54,33,21,17.5256748199463,5,57,22,4030,102
34.7026532857745,0.275618386563572,163,1289.76989746094,46,15,15,15,10,1447,14,54,32,21,17.5877475738525,2,-95,20,5044,102
34.7193199524145,0.275618386563572,170,1325.98950195312,48,14,14,14,10,1490,14,53,31,21,17.6347751617432,8,-25,16,4174,97
34.7380699523845,0.275618386563572,138,1409.42358398438,50,14,14,14,10,1529,15,54,29,21,17.6898517608643,4,105,34,3278,103
34.8609866188545,0.275618386563572,215,1294.23266601562,40,15,15,15,90,1592,16,48,35,25,18.1234569549561,5,-12,98,4963,97
34.8797366188244,0.275618386563572,201,1319.27099609375,39,15,15,15,90,1593,22,47,36,25,18.1774997711182,4,-8,98,5016,104
34.9234866187544,0.275618386563572,230,1181.09924316406,40,14,14,14,90,1604,15,50,36,24,18.2793006896973,5,-3,98,4881,99
34.4422366195247,0.273535053233572,107,1313.56201171875,46,13,13,13,10,1298,9,54,36,19,16.4828720092773,3,-4,11,572,99
34.4651532861546,0.273535053233572,111,1648.09973144531,46,13,13,13,10,1362,12,53,36,18,16.5797328948975,4,155,19,-9,101
34.5109866194146,0.273535053233572,109,1281.86145019531,48,14,14,14,10,1294,9,54,33,20,16.8516674041748,0,-119,30,1078,101
34.5255699527246,0.273535053233572,106,1283.83117675781,47,14,14,14,10,1304,9,54,34,20,16.8873653411865,5,-85,21,993,100
34.7068199524345,0.273535053233572,163,1289.76989746094,46,15,15,15,10,1447,14,54,32,21,17.5877475738525,2,-95,20,5044,102
34.7734866189945,0.273535053233572,120,1424.97265625,50,14,14,14,10,1524,15,55,30,20,17.8085098266602,5,24,11,4124,100
34.8609866188545,0.273535053233572,205,1294.23266601562,40,15,15,15,90,1592,16,48,35,25,18.1234569549561,5,-12,98,4963,97
34.8734866188344,0.273535053233572,214,1318.34155273438,40,15,15,15,90,1611,20,48,35,25,18.1536655426025,3,109,97,4785,100
34.4130699529047,0.271451719903572,151,1170.61157226562,49,13,13,13,10,1243,10,55,33,18,16.3741569519043,0,-36,15,1000,104
34.4172366195647,0.271451719903572,140,1170.61157226562,49,13,13,13,10,1243,10,55,33,18,16.3741569519043,0,-36,15,1000,104
34.4672366194846,0.271451719903572,108,1648.09973144531,46,13,13,13,10,1362,12,53,36,18,16.5797328948975,4,155,19,-9,101
34.5276532860546,0.271451719903572,114,1282.3564453125,48,14,14,14,10,1307,10,54,33,20,16.9250679016113,6,-123,27,1088,101
34.5318199527146,0.271451719903572,121,1282.3564453125,48,14,14,14,10,1307,10,54,33,20,16.9250679016113,6,-123,27,1088,101
34.5359866193746,0.271451719903572,113,1282.9765625,47,14,14,14,10,1310,9,55,33,20,16.9618625640869,4,-104,24,975,102
34.6068199525946,0.271451719903572,117,1214.17333984375,47,14,14,14,10,1332,11,55,33,20,17.2285003662109,4,-87,15,1537,106
34.6214032859046,0.271451719903572,125,1221.58630371094,46,14,14,14,10,1366,12,54,34,20,17.2889728546143,6,84,14,1259,105
34.6797366191445,0.271451719903572,120,1277.62377929688,46,14,14,14,10,1433,13,54,33,21,17.4993782043457,2,-10,11,3594,102
34.7047366191045,0.271451719903572,161,1289.76989746094,46,15,15,15,10,1447,14,54,32,21,17.5877475738525,2,-95,20,5044,102
34.7589032856845,0.271451719903572,110,1516.71960449219,46,14,14,14,10,1548,13,54,36,18,17.7558097839355,5,68,19,895,99
34.7859866189745,0.271451719903572,118,1328.6259765625,52,14,14,14,10,1533,17,55,27,20,17.8668842315674,2,59,26,5233,106
34.7943199522945,0.271451719903572,129,1326.87829589844,53,13,13,13,10,1523,18,55,26,21,17.8953018188477,4,-22,27,5307,102
34.8130699522645,0.271451719903572,121,1309.65661621094,53,13,13,13,10,1546,16,54,26,21,17.9528026580811,5,53,15,5136,103
34.8297366189045,0.271451719903572,156,1294.4931640625,51,13,13,13,10,1563,17,54,27,22,18.0096454620361,3,51,14,5074,104
34.8776532854944,0.271451719903572,206,1319.27099609375,39,15,15,15,90,1593,22,47,36,25,18.1774997711182,4,-8,98,5016,104
34.8964032854644,0.271451719903572,182,1256.97973632812,39,15,15,15,90,1577,21,48,37,25,18.2168483734131,4,-78,98,5124,98
34.9401532853944,0.271451719903572,206,1153.85534667969,40,14,14,14,90,1606,13,50,36,25,18.3254375457764,3,-81,93,4872,93
34.9422366187244,0.271451719903572,211,1153.85534667969,40,14,14,14,90,1606,13,50,36,25,18.3254375457764,3,-81,93,4872,93
34.4422366195247,0.269368386573572,119,1313.56201171875,46,13,13,13,10,1298,9,54,36,19,16.4828720092773,3,-4,11,572,99
34.5172366194046,0.269368386573572,104,1281.86145019531,48,14,14,14,10,1294,9,54,33,20,16.8516674041748,0,-119,30,1078,101
34.6880699524645,0.269368386573572,140,1293.98803710938,45,15,15,15,10,1457,14,54,33,21,17.5256748199463,5,57,22,4030,102
34.7005699524445,0.269368386573572,168,1294.01147460938,46,15,15,15,10,1444,15,54,33,21,17.5570850372314,3,-33,20,4636,104
34.7047366191045,0.269368386573572,161,1289.76989746094,46,15,15,15,10,1447,14,54,32,21,17.5877475738525,2,-95,20,5044,102
34.7172366190845,0.269368386573572,158,1297.32421875,48,14,14,14,10,1477,15,54,31,21,17.6127433776855,4,-2,21,4356,100
34.7776532856545,0.269368386573572,129,1346.74353027344,52,14,14,14,10,1526,15,55,27,21,17.8340148925781,4,-19,37,5289,102
34.8089032856045,0.269368386573572,133,1315.96765136719,53,13,13,13,10,1532,16,54,26,21,17.9220428466797,3,-48,26,5351,102
34.8734866188344,0.269368386573572,221,1318.34155273438,40,15,15,15,90,1611,20,48,35,25,18.1536655426025,3,109,97,4785,100
34.9172366187644,0.269368386573572,247,1201.74719238281,40,15,15,15,90,1582,14,51,36,25,18.2572326660156,2,-84,96,5115,101
34.9464032853844,0.269368386573572,223,1132.66174316406,40,14,14,14,90,1631,13,50,35,25,18.346004486084,5,15,98,4758,99
34.9505699520444,0.269368386573572,212,1132.66174316406,40,14,14,14,90,1631,13,50,35,25,18.346004486084,5,15,98,4758,99
34.9568199520344,0.269368386573572,192,1126.88525390625,42,15,15,15,10,1634,22,55,35,23,18.3691577911377,4,-214,44,4689,84
34.4005699529247,0.267285053243572,135,1192.64794921875,47,14,14,14,10,1238,11,55,34,19,16.2587108612061,1,-34,23,1092,107
34.4505699528447,0.267285053243572,110,1447.83264160156,44,14,14,14,10,1327,10,54,38,19,16.4863624572754,5,6,28,587,96
34.5589032860046,0.267285053243572,116,1301.01745605469,46,14,14,14,10,1329,9,55,34,20,17.0083541870117,4,-9,12,1134,101
34.6318199525546,0.267285053243572,127,1237.46105957031,46,14,14,14,10,1356,10,55,34,20,17.3073291778564,2,-20,14,1640,105
34.6630699525046,0.267285053243572,137,1217.54064941406,48,14,14,14,10,1387,14,55,31,21,17.4381408691406,3,-82,17,2851,102
34.7026532857745,0.267285053243572,159,1315.08142089844,47,15,15,15,10,1475,13,54,32,21,17.5711898803711,2,76,15,4319,108
34.7109866190945,0.267285053243572,159,1302.20202636719,49,14,14,14,10,1479,13,55,31,21,17.6028614044189,4,9,20,3918,105
34.7234866190745,0.267285053243572,155,1305.64660644531,51,14,14,14,10,1473,14,54,29,20,17.6320762634277,3,-58,25,3416,99
34.7839032856445,0.267285053243572,132,1300.58154296875,52,14,14,14,10,1514,16,54,27,21,17.822624206543,6,-44,24,5222,103
34.8130699522645,0.267285053243572,121,1315.92761230469,52,13,13,13,10,1527,16,54,27,22,17.9416084289551,3,-91,16,5334,103
34.8255699522445,0.267285053243572,132,1303.27185058594,52,13,13,13,10,1529,15,55,26,22,17.9703826904297,3,-93,21,5260,104
34.8964032854644,0.267285053243572,204,1268.75708007812,40,15,15,15,90,1606,22,48,36,25,18.2138214111328,3,25,98,4914,102
34.9214032854244,0.267285053243572,216,1187.5263671875,41,14,14,14,10,1590,19,55,36,24,18.2718868255615,5,-102,28,5187,99
34.9547366187044,0.267285053243572,173,1128.53173828125,42,16,16,16,10,1617,19,55,34,23,18.3624572753906,6,-179,60,4934,86
34.3984866195947,0.265201719913572,132,1192.64794921875,47,14,14,14,10,1238,11,55,34,19,16.2587108612061,1,-34,23,1092,107
34.4505699528447,0.265201719913572,114,1447.83264160156,44,14,14,14,10,1327,10,54,38,19,16.4863624572754,5,6,28,587,96
34.4547366195047,0.265201719913572,121,1556.09460449219,43,13,13,13,10,1362,11,54,39,18,16.5208034515381,6,113,11,85,98
34.4693199528146,0.265201719913572,110,1519.40405273438,46,13,13,13,10,1316,10,54,35,19,16.6155529022217,4,-109,13,716,101
34.4839032861246,0.265201719913572,118,1395.74145507812,47,13,13,13,10,1329,10,54,34,18,16.6636047363281,3,-17,20,723,104
34.5193199527346,0.265201719913572,104,1360.84741210938,49,14,14,14,10,1342,10,54,33,19,16.8570709228516,4,42,24,843,98
34.5422366193646,0.265201719913572,109,1349.35498046875,49,14,14,14,10,1333,13,55,31,20,16.9328632354736,7,-23,17,1094,97
34.5589032860046,0.265201719913572,113,1301.01745605469,46,14,14,14,10,1329,9,55,34,20,17.0083541870117,4,-9,12,1134,101
34.5714032859846,0.265201719913572,115,1273.37951660156,47,14,14,14,10,1329,12,55,33,21,17.078519821167,5,-39,7,1483,104
34.5818199526346,0.265201719913572,101,1272.81652832031,46,14,14,14,10,1328,12,55,34,20,17.1120948791504,6,-76,29,1509,102
34.6068199525946,0.265201719913572,118,1269.64343261719,46,14,14,14,10,1355,11,54,34,19,17.2031288146973,3,42,17,1413,105
34.6109866192546,0.265201719913572,121,1294.96801757812,47,14,14,14,10,1363,11,54,33,20,17.2321510314941,4,-9,17,1523,104
34.6193199525746,0.265201719913572,116,1282.65588378906,46,14,14,14,10,1379,11,55,35,20,17.2664947509766,1,63,20,1380,110
34.6214032859046,0.265201719913572,119,1282.65588378906,46,14,14,14,10,1379,11,55,35,20,17.2664947509766,1,63,20,1380,110
34.6401532858746,0.265201719913572,124,1202.82470703125,47,14,14,14,10,1363,10,55,33,20,17.3443489074707,6,-62,24,2121,104
34.6547366191846,0.265201719913572,129,1188.34875488281,46,15,15,15,10,1396,14,55,33,21,17.4104042053223,4,3,22,2590,101
34.7359866190545,0.265201719913572,168,1353.99133300781,53,14,14,14,10,1510,17,54,27,20,17.6817817687988,6,19,16,2243,100
34.8005699522845,0.265201719913572,133,1334.59899902344,53,13,13,13,10,1552,14,54,26,20,17.8903255462646,3,108,28,5042,109
34.8276532855745,0.265201719913572,123,1289.697265625,51,13,13,13,10,1532,16,54,26,22,17.9970893859863,2,-131,14,5272,103
34.8318199522345,0.265201719913572,131,1289.697265625,51,13,13,13,10,1532,16,54,26,22,17.9970893859863,2,-131,14,5272,103
34.8630699521845,0.265201719913572,198,1270.88562011719,40,15,15,15,90,1578,16,48,36,25,18.1102752685547,4,-50,99,5065,97
34.9089032854444,0.265201719913572,217,1244.09228515625,40,15,15,15,10,1606,17,49,36,24,18.2343406677246,1,-8,87,4927,100
34.9255699520844,0.265201719913572,193,1187.5263671875,41,14,14,14,10,1590,19,55,36,24,18.2718868255615,5,-102,28,5187,99
34.9672366186844,0.265201719913572,223,1165.48095703125,44,15,15,15,10,1673,25,54,33,23,18.3841438293457,27,-490,17,4407,75
34.4609866194946,0.263118386583572,112,1591.68859863281,45,13,13,13,10,1343,10,53,37,18,16.5645370483398,5,-5,16,252,99
34.4776532861346,0.263118386583572,110,1395.74145507812,47,13,13,13,10,1329,10,54,34,18,16.6636047363281,3,-17,20,723,104
34.5339032860446,0.263118386583572,113,1352.53503417969,48,14,14,14,10,1340,11,54,32,20,16.8962860107422,3,-3,14,993,99
34.5568199526746,0.263118386583572,113,1301.01745605469,46,14,14,14,10,1329,9,55,34,20,17.0083541870117,4,-9,12,1134,101
34.5901532859546,0.263118386583572,107,1252.162109375,46,14,14,14,10,1330,10,56,34,20,17.1469020843506,4,-99,18,1592,103
34.6089032859246,0.263118386583572,124,1269.64343261719,46,14,14,14,10,1355,11,54,34,19,17.2031288146973,3,42,17,1413,105
34.7214032857445,0.263118386583572,139,1305.64660644531,51,14,14,14,10,1473,14,54,29,20,17.6320762634277,3,-58,25,3416,99
34.7318199523945,0.263118386583572,162,1331.99951171875,52,14,14,14,10,1503,16,55,28,20,17.6548404693604,5,45,21,2755,99
34.7443199523745,0.263118386583572,152,1373.87329101562,52,14,14,14,10,1512,17,57,29,19,17.7087326049805,3,-15,21,1984,101
34.7693199523345,0.263118386583572,122,1335.29760742188,51,14,14,14,10,1513,15,55,29,20,17.7944412231445,5,9,16,4168,101
34.8609866188545,0.263118386583572,190,1270.88562011719,40,15,15,15,90,1578,16,48,36,25,18.1102752685547,4,-50,99,5065,97
34.9214032854244,0.263118386583572,192,1187.5263671875,41,14,14,14,10,1590,19,55,36,24,18.2718868255615,5,-102,28,5187,99
34.9526532853744,0.263118386583572,219,1128.53173828125,42,16,16,16,10,1617,19,55,34,23,18.3624572753906,6,-179,60,4934,86
34.4422366195247,0.261035053253572,118,1346.59948730469,46,13,13,13,10,1299,10,54,36,18,16.454345703125,7,-44,14,810,97
34.4505699528447,0.261035053253572,125,1447.83264160156,44,14,14,14,10,1327,10,54,38,19,16.4863624572754,5,6,28,587,96
34.4984866194346,0.261035053253572,107,1318.79150390625,48,14,14,14,10,1324,12,55,33,19,16.7463932037354,5,41,12,748,102
34.5422366193646,0.261035053253572,111,1349.35498046875,49,14,14,14,10,1333,13,55,31,20,16.9328632354736,7,-23,17,1094,97
34.6130699525846,0.261035053253572,115,1294.96801757812,47,14,14,14,10,1363,11,54,33,20,17.2321510314941,4,-9,17,1523,104
34.6151532859146,0.261035053253572,112,1294.96801757812,47,14,14,14,10,1363,11,54,33,20,17.2321510314941,4,-9,17,1523,104
34.6589032858446,0.261035053253572,115,1188.34875488281,46,15,15,15,10,1396,14,55,33,21,17.4104042053223,4,3,22,2590,101
34.6922366191245,0.261035053253572,138,1328.08166503906,46,15,15,15,10,1450,14,54,33,21,17.5102481842041,5,-35,11,3632,106
34.7484866190345,0.261035053253572,156,1373.87329101562,52,14,14,14,10,1512,17,57,29,19,17.7087326049805,3,-15,21,1984,101
34.7964032856245,0.261035053253572,119,1334.59899902344,53,13,13,13,10,1552,14,54,26,20,17.8903255462646,3,108,28,5042,109
34.8193199522545,0.261035053253572,159,1303.27185058594,52,13,13,13,10,1529,15,55,26,22,17.9703826904297,3,-93,21,5260,104
34.8234866189145,0.261035053253572,152,1303.27185058594,52,13,13,13,10,1529,15,55,26,22,17.9703826904297,3,-93,21,5260,104
34.8255699522445,0.261035053253572,131,1303.27185058594,52,13,13,13,10,1529,15,55,26,22,17.9703826904297,3,-93,21,5260,104
34.8318199522345,0.261035053253572,138,1289.697265625,51,13,13,13,10,1532,16,54,26,22,17.9970893859863,2,-131,14,5272,103
34.8839032854844,0.261035053253572,210,1300.44775390625,40,14,14,14,50,1615,20,48,35,25,18.1670608520508,1,52,97,4712,102
34.9339032854044,0.261035053253572,175,1171.10119628906,43,15,15,15,10,1592,20,55,34,23,18.2941875457764,1,-120,67,5060,97
34.9401532853944,0.261035053253572,175,1156.32434082031,44,15,15,15,10,1625,16,55,33,23,18.3183326721191,2,-24,33,4743,100
34.9484866187144,0.261035053253572,201,1137.63940429688,43,15,15,15,10,1631,13,52,33,24,18.340160369873,5,-24,98,4901,91
34.4464032861847,0.258951719923572,119,1404.85070800781,44,13,13,13,10,1345,9,55,38,18,16.46555519104,3,112,12,332,105
34.5339032860446,0.258951719923572,118,1429.46374511719,47,14,14,14,10,1343,12,54,33,20,16.8689975738525,3,-83,27,969,98
34.5380699527046,0.258951719923572,116,1440.10119628906,49,14,14,14,10,1369,12,55,32,19,16.9012584686279,3,72,30,740,98
34.5609866193346,0.258951719923572,110,1357.22314453125,45,14,14,14,10,1340,12,54,34,20,17.0173931121826,3,-41,26,1129,103
34.6047366192646,0.258951719923572,117,1346.7255859375,44,14,14,14,10,1375,12,54,36,20,17.1768627166748,3,24,15,1351,104
34.6151532859146,0.258951719923572,116,1371.76257324219,45,14,14,14,10,1379,12,54,35,20,17.2064151763916,5,7,15,1487,103
34.7443199523745,0.258951719923572,163,1319.58825683594,53,14,14,14,10,1480,15,56,28,19,17.7051734924316,1,-114,34,1954,104
34.7609866190145,0.258951719923572,116,1299.13757324219,51,14,14,14,10,1504,15,56,29,20,17.7612342834473,5,-4,19,3382,103
34.8547366188645,0.258951719923572,200,1275.01684570312,44,15,15,15,10,1574,13,51,32,24,18.0768871307373,3,-8,96,5047,99
34.9464032853844,0.258951719923572,153,1148.52319335938,46,15,15,15,10,1632,18,54,31,22,18.3385181427002,6,-18,27,4744,92
34.5359866193746,0.256868386593572,116,1440.10119628906,49,14,14,14,10,1369,12,55,32,19,16.9012584686279,3,72,30,740,98
34.5505699526846,0.256868386593572,107,1432.8583984375,48,14,14,14,10,1356,14,53,33,20,16.9396991729736,4,3,25,881,98
34.5839032859646,0.256868386593572,101,1360.00158691406,45,14,14,14,10,1384,12,54,35,20,17.0788459777832,3,112,32,1141,100
34.5880699526246,0.256868386593572,112,1336.35192871094,46,14,14,14,10,1364,11,55,35,20,17.1163864135742,3,8,18,1318,101
34.6130699525846,0.256868386593572,114,1371.76257324219,45,14,14,14,10,1379,12,54,35,20,17.2064151763916,5,7,15,1487,103
34.6234866192346,0.256868386593572,118,1351.27990722656,45,14,14,14,10,1389,13,55,34,20,17.2436046600342,1,9,27,1535,104
34.6484866191946,0.256868386593572,112,1205.9970703125,47,14,14,14,10,1362,13,55,33,20,17.360538482666,1,-84,37,2239,103
34.6505699525246,0.256868386593572,117,1205.9970703125,47,14,14,14,10,1362,13,55,33,20,17.360538482666,1,-84,37,2239,103
34.6568199525146,0.256868386593572,114,1204.27795410156,46,14,14,14,10,1379,12,55,33,21,17.3907470703125,6,-70,16,2676,100
34.6630699525046,0.256868386593572,114,1239.31274414062,46,14,14,14,10,1391,15,54,32,21,17.4176044464111,5,-97,45,2852,99
34.7193199524145,0.256868386593572,154,1272.23010253906,50,14,14,14,10,1468,15,55,30,20,17.6277313232422,4,-63,20,2699,101
34.8089032856045,0.256868386593572,113,1363.53735351562,53,13,13,13,10,1542,15,54,26,21,17.9114646911621,3,21,10,4893,103
34.8443199522145,0.256868386593572,136,1278.91467285156,49,14,14,14,10,1551,17,54,29,23,18.0463695526123,2,-79,18,5251,100
34.9047366187844,0.256868386593572,220,1254.39978027344,41,14,14,14,10,1619,20,52,35,24,18.2315196990967,4,41,16,4729,101
34.9547366187044,0.256868386593572,151,1135.74340820312,45,15,15,15,10,1643,17,55,32,23,18.3609886169434,3,-109,18,4735,87
34.4089032862447,0.254785053263572,120,1268.40344238281,45,13,13,13,10,1258,8,54,36,18,16.2687606811523,5,-25,18,1041,103
34.4547366195047,0.254785053263572,109,1460.83642578125,44,13,13,13,10,1318,10,55,38,19,16.5074157714844,5,-66,12,546,100
34.4714032861446,0.254785053263572,124,1475.28015136719,44,14,14,14,10,1349,11,54,38,19,16.5896263122559,5,83,18,448,104
34.5193199527346,0.254785053263572,101,1438.43640136719,47,14,14,14,10,1358,11,54,34,19,16.827730178833,4,47,12,676,98
34.5714032859846,0.254785053263572,117,1356.07116699219,46,14,14,14,10,1366,13,55,34,20,17.0485534667969,4,49,15,1144,103
34.6172366192446,0.254785053263572,108,1371.76257324219,45,14,14,14,10,1379,12,54,35,20,17.2064151763916,5,7,15,1487,103
34.6193199525746,0.254785053263572,119,1351.27990722656,45,14,14,14,10,1389,13,55,34,20,17.2436046600342,1,9,27,1535,104
34.6401532858746,0.254785053263572,138,1244.38745117188,46,14,14,14,10,1381,10,54,34,20,17.3210678100586,5,13,16,1980,103
34.7484866190345,0.254785053263572,147,1319.58825683594,53,14,14,14,10,1480,15,56,28,19,17.7051734924316,1,-114,34,1954,104
34.8151532855945,0.254785053263572,164,1356.13122558594,52,13,13,13,10,1537,16,54,26,22,17.9360198974609,5,-107,34,5144,101
34.8484866188745,0.254785053263572,151,1278.91467285156,49,14,14,14,10,1551,17,54,29,23,18.0463695526123,2,-79,18,5251,100
34.8505699522045,0.254785053263572,183,1278.91467285156,49,14,14,14,10,1551,17,54,29,23,18.0463695526123,2,-79,18,5251,100
34.9089032854444,0.254785053263572,251,1254.39978027344,41,14,14,14,10,1619,20,52,35,24,18.2315196990967,4,41,16,4729,101
34.4005699529247,0.252701719933572,107,1255.99035644531,46,13,13,13,10,1258,8,54,35,19,16.2259426116943,3,15,10,958,107
34.4130699529047,0.252701719933572,123,1291.560546875,44,13,13,13,10,1278,8,54,39,18,16.3095149993896,4,51,9,818,104
34.4193199528947,0.252701719933572,112,1307.47241210938,45,13,13,13,10,1285,11,54,37,18,16.3516063690186,5,-39,22,804,101
34.4214032862247,0.252701719933572,124,1307.47241210938,45,13,13,13,10,1285,11,54,37,18,16.3516063690186,5,-39,22,804,101
34.4464032861847,0.252701719933572,110,1404.85070800781,44,13,13,13,10,1345,9,55,38,18,16.46555519104,3,112,12,332,105
34.4776532861346,0.252701719933572,100,1395.89880371094,45,13,13,13,10,1323,9,55,36,19,16.6401672363281,5,1,13,619,100
34.4797366194646,0.252701719933572,105,1395.89880371094,45,13,13,13,10,1323,9,55,36,19,16.6401672363281,5,1,13,619,100
34.4839032861246,0.252701719933572,104,1395.89880371094,45,13,13,13,10,1323,9,55,36,19,16.6401672363281,5,1,13,619,100
34.5026532860946,0.252701719933572,125,1398.85546875,47,14,14,14,10,1346,8,55,34,19,16.7548751831055,2,9,25,654,102
34.5047366194246,0.252701719933572,126,1398.85546875,47,14,14,14,10,1346,8,55,34,19,16.7548751831055,2,9,25,654,102
34.5089032860846,0.252701719933572,118,1398.85546875,47,14,14,14,10,1346,8,55,34,19,16.7548751831055,2,9,25,654,102
34.5380699527046,0.252701719933572,119,1440.10119628906,49,14,14,14,10,1369,12,55,32,19,16.9012584686279,3,72,30,740,98
34.5422366193646,0.252701719933572,119,1440.10119628906,49,14,14,14,10,1369,12,55,32,19,16.9012584686279,3,72,30,740,98
34.5464032860246,0.252701719933572,116,1432.8583984375,48,14,14,14,10,1356,14,53,33,20,16.9396991729736,4,3,25,881,98
34.5526532860146,0.252701719933572,107,1391.7978515625,46,14,14,14,10,1359,12,54,34,19,16.9792003631592,4,32,11,972,101
34.5901532859546,0.252701719933572,101,1336.35192871094,46,14,14,14,10,1364,11,55,35,20,17.1163864135742,3,8,18,1318,101
34.6984866191145,0.252701719933572,120,1332.65075683594,44,15,15,15,10,1446,11,54,34,22,17.5313491821289,3,-43,15,3608,103
34.7089032857645,0.252701719933572,154,1309.21228027344,48,14,14,14,10,1476,13,55,31,21,17.5627307891846,4,60,16,3579,103
34.7422366190445,0.252701719933572,151,1307.39831542969,53,14,14,14,10,1481,17,55,28,19,17.6781806945801,4,-93,19,1609,103
34.7630699523445,0.252701719933572,140,1299.13757324219,51,14,14,14,10,1504,15,56,29,20,17.7612342834473,5,-4,19,3382,103
34.8380699522245,0.252701719933572,149,1300.72338867188,50,14,14,14,10,1544,19,54,28,22,18.0202865600586,5,-91,32,5290,100
34.8484866188745,0.252701719933572,171,1278.91467285156,49,14,14,14,10,1551,17,54,29,23,18.0463695526123,2,-79,18,5251,100
34.8651532855145,0.252701719933572,207,1282.85144042969,41,14,14,14,90,1571,16,49,35,25,18.1037578582764,6,-86,58,5229,99
34.8901532854744,0.252701719933572,216,1266.26123046875,40,14,14,14,90,1607,15,48,36,25,18.1808185577393,2,7,99,4888,105
34.9401532853944,0.252701719933572,186,1168.81481933594,46,15,15,15,10,1621,19,54,31,22,18.3163509368896,5,-57,14,4794,98
34.9422366187244,0.252701719933572,178,1168.81481933594,46,15,15,15,10,1621,19,54,31,22,18.3163509368896,5,-57,14,4794,98
34.9693199520144,0.252701719933572,219,1305.68078613281,43,16,16,16,10,1913,36,55,35,22,18.3765640258789,30,29,23,1575,68
34.4526532861747,0.250618386603572,106,1373.54956054688,46,13,13,13,10,1310,8,56,35,19,16.4934177398682,5,-109,11,667,99
34.5318199527146,0.250618386603572,103,1481.82092285156,45,14,14,14,10,1349,11,53,35,19,16.8408737182617,5,-133,14,848,97
34.5380699527046,0.250618386603572,124,1500.3125,46,14,14,14,10,1391,13,54,35,19,16.8713092803955,4,59,38,656,96
34.5609866193346,0.250618386603572,107,1429.2998046875,46,14,14,14,10,1361,14,54,35,20,16.9879894256592,5,-107,23,1000,101
34.6068199525946,0.250618386603572,115,1416.03686523438,43,14,14,14,10,1417,12,54,37,20,17.1484298706055,6,83,14,1239,103
34.7026532857745,0.250618386603572,121,1283.81469726562,51,14,14,14,10,1452,15,55,29,20,17.5572299957275,4,-52,19,3145,103
34.7130699524245,0.250618386603572,156,1263.52575683594,52,14,14,14,10,1450,16,56,29,19,17.5896072387695,6,-36,22,2865,102
34.8401532855545,0.250618386603572,145,1350.52661132812,49,14,14,14,10,1575,18,53,29,22,18.0195693969727,2,39,16,4979,99
34.8547366188645,0.250618386603572,196,1312.322265625,44,15,15,15,50,1600,13,50,33,24,18.0733470916748,3,93,98,4729,104
34.9005699521244,0.250618386603572,252,1242.18127441406,41,14,14,14,10,1619,15,52,35,24,18.1959991455078,4,12,98,4734,101
34.9109866187744,0.250618386603572,280,1243.80346679688,40,15,15,15,90,1652,21,49,35,25,18.2508697509766,3,155,97,4389,100
34.9505699520444,0.250618386603572,149,1160.94140625,45,15,15,15,10,1648,19,55,34,22,18.3358707427979,2,-33,18,4430,100
34.9547366187044,0.250618386603572,154,1146.04553222656,45,15,15,15,10,1667,18,55,33,22,18.360523223877,6,-67,13,4340,87
34.3984866195947,0.248535053273572,108,1314.33215332031,44,14,14,14,10,1267,9,54,38,19,16.1934070587158,3,24,17,900,106
34.4234866195547,0.248535053273572,108,1350.14855957031,45,13,13,13,10,1303,11,54,37,19,16.3206367492676,3,51,18,726,102
34.4609866194946,0.248535053273572,102,1417.24011230469,45,13,13,13,10,1335,10,56,36,19,16.530200958252,2,-17,16,481,100
34.4818199527946,0.248535053273572,115,1412.39721679688,46,13,13,13,10,1328,9,55,36,18,16.6124649047852,5,-62,15,812,98
34.4984866194346,0.248535053273572,115,1406.19982910156,49,13,13,13,10,1342,11,59,32,19,16.6912364959717,4,-57,23,693,96
34.5484866193546,0.248535053273572,119,1508.32604980469,46,14,14,14,10,1385,14,53,35,19,16.9074058532715,5,43,24,882,97
34.5818199526346,0.248535053273572,113,1423.42810058594,45,14,14,14,10,1404,12,54,36,20,17.0506744384766,3,103,17,856,103
34.6776532858145,0.248535053273572,109,1342.19592285156,43,15,15,15,10,1456,13,55,36,21,17.4528179168701,4,6,17,2560,109
34.6818199524745,0.248535053273572,111,1342.19592285156,43,15,15,15,10,1456,13,55,36,21,17.4528179168701,4,6,17,2560,109
34.6901532857945,0.248535053273572,112,1338.40966796875,43,15,15,15,10,1456,14,55,36,21,17.4866981506348,4,-22,8,2807,108
34.7193199524145,0.248535053273572,161,1260.85864257812,50,14,14,14,10,1445,19,55,30,20,17.6175804138184,3,-123,15,2646,102
34.7422366190445,0.248535053273572,147,1306.11767578125,51,14,14,14,10,1485,17,55,30,19,17.6601657867432,4,25,30,1394,105
34.7693199523345,0.248535053273572,122,1254.87475585938,51,14,14,14,10,1499,15,55,28,21,17.7783107757568,3,-21,22,4592,105
34.8547366188645,0.248535053273572,192,1312.322265625,44,15,15,15,50,1600,13,50,33,24,18.0733470916748,3,93,98,4729,104
34.3984866195947,0.246451719943572,110,1314.33215332031,44,14,14,14,10,1267,9,54,38,19,16.1934070587158,3,24,17,900,106
34.4193199528947,0.246451719943572,108,1350.14855957031,45,13,13,13,10,1303,11,54,37,19,16.3206367492676,3,51,18,726,102
34.5547366193446,0.246451719943572,116,1471.48132324219,45,14,14,14,10,1381,20,55,35,19,16.9488105773926,4,-12,25,791,99
34.5755699526446,0.246451719943572,121,1419.45581054688,46,14,14,14,10,1378,14,54,35,20,17.0210819244385,5,-14,20,923,103
34.7734866189945,0.246451719943572,123,1254.87475585938,51,14,14,14,10,1499,15,55,28,21,17.7783107757568,3,-21,22,4592,105
34.7818199523145,0.246451719943572,129,1242.57275390625,52,14,14,14,10,1520,17,56,27,21,17.8006954193115,0,61,18,4890,106
34.9130699521044,0.246451719943572,222,1243.80346679688,40,15,15,15,90,1652,21,49,35,25,18.2508697509766,3,155,97,4389,100
34.9255699520844,0.246451719943572,211,1225.00793457031,40,15,15,15,90,1650,18,52,36,24,18.2733402252197,4,96,98,4480,103
34.9464032853844,0.246451719943572,178,1160.94140625,45,15,15,15,10,1648,19,55,34,22,18.3358707427979,2,-33,18,4430,100
34.4276532862147,0.244368386613572,109,1331.85095214844,44,13,13,13,10,1313,11,55,38,19,16.3662052154541,3,64,18,512,104
34.4297366195447,0.244368386613572,109,1331.85095214844,44,13,13,13,10,1313,11,55,38,19,16.3662052154541,3,64,18,512,104
34.4380699528647,0.244368386613572,117,1322.93896484375,44,13,13,13,10,1299,9,56,37,19,16.4116859436035,3,-48,17,699,101
34.4839032861246,0.244368386613572,126,1412.39721679688,46,13,13,13,10,1328,9,55,36,18,16.6124649047852,5,-62,15,812,98
34.4880699527846,0.244368386613572,123,1382.61560058594,48,13,13,13,10,1317,12,58,33,19,16.6575374603271,4,-140,18,926,97
34.5047366194246,0.244368386613572,111,1454.55810546875,49,14,14,14,10,1358,12,58,32,19,16.7239685058594,4,19,30,644,99
34.5089032860846,0.244368386613572,120,1454.55810546875,49,14,14,14,10,1358,12,58,32,19,16.7239685058594,4,19,30,644,99
34.5505699526846,0.244368386613572,128,1508.32604980469,46,14,14,14,10,1385,14,53,35,19,16.9074058532715,5,43,24,882,97
34.5818199526346,0.244368386613572,122,1423.42810058594,45,14,14,14,10,1404,12,54,36,20,17.0506744384766,3,103,17,856,103
34.8464032855445,0.244368386613572,172,1315.34252929688,49,14,14,14,10,1569,18,53,29,22,18.0435848236084,3,-43,20,5022,100
34.8526532855345,0.244368386613572,213,1312.322265625,44,15,15,15,50,1600,13,50,33,24,18.0733470916748,3,93,98,4729,104
34.8651532855145,0.244368386613572,186,1328.57604980469,41,14,14,14,10,1598,16,49,35,24,18.1013412475586,3,4,99,4960,98
34.9672366186844,0.244368386613572,213,1157.72375488281,45,15,15,15,10,1703,20,55,33,22,18.3829650878906,6,-182,23,4157,79
34.4714032861446,0.242285053283572,158,1448.96850585938,49,13,13,13,10,1343,12,57,33,18,16.5440063476562,3,-49,31,596,99
34.5526532860146,0.242285053283572,128,1507.97351074219,46,14,14,14,10,1410,13,54,35,19,16.9193859100342,6,104,38,618,102
34.5672366193246,0.242285053283572,111,1476.01696777344,46,14,14,14,10,1405,17,54,35,19,16.9579086303711,3,36,20,723,101
34.6193199525746,0.242285053283572,116,1484.56420898438,45,15,15,15,10,1447,12,54,35,20,17.1882915496826,4,107,25,1470,99
34.6234866192346,0.242285053283572,113,1484.56420898438,45,15,15,15,10,1447,12,54,35,20,17.1882915496826,4,107,25,1470,99
34.7109866190945,0.242285053283572,154,1289.10729980469,51,14,14,14,10,1445,17,55,29,20,17.5694980621338,3,-120,10,2844,99
34.7776532856545,0.242285053283572,141,1262.98413085938,52,14,14,14,10,1509,16,54,27,21,17.7905311584473,3,-44,22,4833,103
34.7839032856445,0.242285053283572,132,1262.98413085938,52,14,14,14,10,1509,16,54,27,21,17.7905311584473,3,-44,22,4833,103
34.7859866189745,0.242285053283572,133,1285.14831542969,52,14,14,14,10,1529,16,54,26,22,17.8228855133057,3,2,47,4675,100
34.8901532854744,0.242285053283572,222,1250.13977050781,40,15,15,15,10,1575,16,51,35,25,18.1584300994873,2,-133,61,5012,101
34.9109866187744,0.242285053283572,202,1230.330078125,40,14,14,14,10,1620,19,48,36,24,18.2380390167236,3,-63,97,4603,102
34.9776532853344,0.242285053283572,234,1499.99462890625,42,16,16,16,90,2128,30,53,36,23,18.3190879821777,20,811,62,496,65
34.4984866194346,0.240201719953572,114,1469.0576171875,49,14,14,14,10,1378,15,58,32,19,16.6579456329346,4,72,38,465,95
34.7193199524145,0.240201719953572,147,1298.14721679688,53,14,14,14,10,1469,15,55,28,19,17.596212387085,5,-24,16,2337,98
34.7526532856945,0.240201719953572,124,1365.38610839844,50,14,14,14,10,1500,16,54,30,20,17.7009048461914,2,-28,38,3024,107
34.7922366189645,0.240201719953572,137,1285.14831542969,52,14,14,14,10,1529,16,54,26,22,17.8228855133057,3,2,47,4675,100
34.8214032855845,0.240201719953572,176,1494.48120117188,51,14,14,14,10,1582,16,53,28,21,17.9580726623535,4,35,36,4490,103
34.8234866189145,0.240201719953572,174,1494.48120117188,51,14,14,14,10,1582,16,53,28,21,17.9580726623535,4,35,36,4490,103
34.8255699522445,0.240201719953572,178,1494.48120117188,51,14,14,14,10,1582,16,53,28,21,17.9580726623535,4,35,36,4490,103
34.8339032855645,0.240201719953572,140,1432.8681640625,50,14,14,14,10,1570,18,54,28,22,17.9820194244385,4,-64,37,4853,101
34.9214032854244,0.240201719953572,205,1213.69262695312,40,14,14,14,90,1648,19,50,36,24,18.2622108459473,2,57,97,4505,102
34.9443199520544,0.240201719953572,215,1178.95007324219,41,15,15,15,90,1674,17,52,35,23,18.3356170654297,4,-31,99,4273,94
34.4526532861747,0.238118386623572,122,1371.77124023438,50,13,13,13,10,1323,13,58,31,19,16.4664783477783,3,-33,18,662,96
34.4589032861646,0.238118386623572,137,1371.77124023438,50,13,13,13,10,1323,13,58,31,19,16.4664783477783,3,-33,18,662,96
34.4630699528246,0.238118386623572,155,1416.25415039062,49,13,13,13,10,1329,12,56,32,19,16.5049285888672,2,-48,26,640,98
34.4797366194646,0.238118386623572,113,1459.818359375,48,13,13,13,10,1368,13,57,34,18,16.5802192687988,5,109,21,414,99
34.5109866194146,0.238118386623572,111,1529.34387207031,51,14,14,14,10,1390,14,56,31,18,16.7342224121094,4,-3,49,506,103
34.5339032860446,0.238118386623572,104,1504.63415527344,47,14,14,14,10,1383,11,54,34,19,16.8142929077148,6,-56,13,765,100
34.5589032860046,0.238118386623572,104,1507.97351074219,46,14,14,14,10,1410,13,54,35,19,16.9193859100342,6,104,38,618,102
34.7047366191045,0.238118386623572,143,1284.60571289062,50,14,14,14,10,1443,17,55,30,20,17.5398826599121,6,-51,10,2777,100
34.7630699523445,0.238118386623572,120,1348.46533203125,50,14,14,14,10,1505,16,54,29,21,17.7325210571289,2,14,11,3711,103
34.7693199523345,0.238118386623572,108,1298.33166503906,51,14,14,14,10,1501,16,54,28,21,17.7615356445312,4,0,11,4404,103
34.7859866189745,0.238118386623572,128,1285.14831542969,52,14,14,14,10,1529,16,54,26,22,17.8228855133057,3,2,47,4675,100
34.7880699523045,0.238118386623572,130,1285.14831542969,52,14,14,14,10,1529,16,54,26,22,17.8228855133057,3,2,47,4675,100
34.8297366189045,0.238118386623572,184,1432.8681640625,50,14,14,14,10,1570,18,54,28,22,17.9820194244385,4,-64,37,4853,101
34.4214032862247,0.236035053293572,118,1320.20910644531,45,13,13,13,10,1299,12,55,37,19,16.3014545440674,6,51,20,552,100
34.4255699528847,0.236035053293572,118,1320.20910644531,45,13,13,13,10,1299,12,55,37,19,16.3014545440674,6,51,20,552,100
34.4672366194846,0.236035053293572,157,1416.25415039062,49,13,13,13,10,1329,12,56,32,19,16.5049285888672,2,-48,26,640,98
34.4776532861346,0.236035053293572,139,1459.818359375,48,13,13,13,10,1368,13,57,34,18,16.5802192687988,5,109,21,414,99
34.4859866194546,0.236035053293572,117,1455.97570800781,48,14,14,14,10,1350,14,58,32,20,16.6222152709961,6,-56,30,712,96
34.5443199526946,0.236035053293572,110,1520.79162597656,46,14,14,14,10,1427,13,54,36,19,16.8826503753662,1,169,10,374,101
34.5609866193346,0.236035053293572,107,1476.01696777344,46,14,14,14,10,1405,17,54,35,19,16.9579086303711,3,36,20,723,101
34.6568199525146,0.236035053293572,106,1268.20568847656,46,14,14,14,10,1394,15,56,34,20,17.3555145263672,4,-165,16,2520,100
34.7380699523845,0.236035053293572,145,1324.39709472656,51,14,14,14,10,1487,15,54,30,19,17.6448879241943,3,-52,21,1554,102
34.7401532857145,0.236035053293572,148,1324.39709472656,51,14,14,14,10,1487,15,54,30,19,17.6448879241943,3,-52,21,1554,102
34.7589032856845,0.236035053293572,106,1365.38610839844,50,14,14,14,10,1500,16,54,30,20,17.7009048461914,2,-28,38,3024,107
34.7880699523045,0.236035053293572,129,1285.14831542969,52,14,14,14,10,1529,16,54,26,22,17.8228855133057,3,2,47,4675,100
34.8214032855845,0.236035053293572,130,1494.48120117188,51,14,14,14,10,1582,16,53,28,21,17.9580726623535,4,35,36,4490,103
34.8297366189045,0.236035053293572,176,1432.8681640625,50,14,14,14,10,1570,18,54,28,22,17.9820194244385,4,-64,37,4853,101
34.9151532854344,0.236035053293572,196,1230.330078125,40,14,14,14,10,1620,19,48,36,24,18.2380390167236,3,-63,97,4603,102
34.9234866187544,0.236035053293572,212,1213.69262695312,40,14,14,14,90,1648,19,50,36,24,18.2622108459473,2,57,97,4505,102
34.9339032854044,0.236035053293572,217,1197.98034667969,40,14,14,14,90,1640,18,48,36,24,18.284854888916,6,9,97,4344,99
34.4255699528847,0.233951719963572,124,1279.29663085938,47,13,13,13,10,1275,11,56,34,19,16.2834224700928,3,-95,15,984,101
34.4380699528647,0.233951719963572,116,1338.94360351562,49,13,13,13,10,1309,12,58,32,19,16.359016418457,8,2,14,775,96
34.4901532861146,0.233951719963572,130,1469.7373046875,49,14,14,14,10,1386,13,56,33,19,16.5972328186035,1,113,33,348,104
34.5068199527546,0.233951719963572,122,1486.24426269531,50,14,14,14,10,1379,14,56,31,19,16.6801834106445,4,0,31,367,100
34.5464032860246,0.233951719963572,119,1465.20275878906,48,14,14,14,10,1387,14,55,33,18,16.871618270874,3,-80,12,656,101
34.5984866192746,0.233951719963572,129,1435.15710449219,44,15,15,15,10,1447,13,55,35,21,17.0709190368652,2,105,17,994,107
34.6214032859046,0.233951719963572,115,1531.13256835938,49,14,14,14,10,1453,15,54,32,19,17.1630363464355,4,34,13,1345,100
34.6464032858646,0.233951719963572,193,1422.01196289062,47,15,15,15,10,1425,15,55,34,19,17.2885246276855,4,4,16,2062,97
34.6714032858245,0.233951719963572,110,1329.43225097656,48,14,14,14,10,1416,15,55,33,19,17.3993740081787,5,-117,16,2279,101
34.8109866189345,0.233951719963572,118,1608.13586425781,51,14,14,14,10,1605,16,53,28,21,17.9281368255615,1,113,37,4193,104
34.8422366188845,0.233951719963572,145,1357.88110351562,52,14,14,14,10,1568,17,54,26,22,17.9922142028809,3,14,36,4684,96
34.8755699521644,0.233951719963572,218,1366.55578613281,41,14,14,14,10,1598,16,50,35,24,18.1112022399902,4,24,99,4657,102
34.4547366195047,0.231868386633572,123,1432.36682128906,50,13,13,13,10,1347,13,57,31,19,16.4342727661133,5,45,21,440,96
34.4589032861646,0.231868386633572,133,1432.36682128906,50,13,13,13,10,1347,13,57,31,19,16.4342727661133,5,45,21,440,96
34.5297366193846,0.231868386633572,117,1477.54577636719,48,14,14,14,10,1398,14,55,34,18,16.7967300415039,4,33,6,444,105
34.5880699526246,0.231868386633572,123,1436.24389648438,46,14,14,14,10,1426,15,55,34,20,17.0417346954346,5,-13,10,953,106
34.5943199526146,0.231868386633572,126,1435.15710449219,44,15,15,15,10,1447,13,55,35,21,17.0709190368652,2,105,17,994,107
34.6359866192146,0.231868386633572,199,1505.55090332031,46,14,14,14,10,1442,16,54,35,19,17.2410507202148,5,12,44,1864,95
34.6755699524845,0.231868386633572,142,1329.43225097656,48,14,14,14,10,1416,15,55,33,19,17.3993740081787,5,-117,16,2279,101
34.6880699524645,0.231868386633572,167,1274.99108886719,52,14,14,14,10,1431,16,56,30,19,17.4682121276855,4,-102,27,2232,101
34.6964032857845,0.231868386633572,155,1278.53234863281,52,14,14,14,10,1463,17,55,29,18,17.4954032897949,5,12,15,2136,100
34.7484866190345,0.231868386633572,114,1372.88488769531,53,14,14,14,10,1511,15,54,28,20,17.658317565918,2,-29,17,2218,106
34.8422366188845,0.231868386633572,135,1357.88110351562,52,14,14,14,10,1568,17,54,26,22,17.9922142028809,3,14,36,4684,96
34.8526532855345,0.231868386633572,157,1309.32788085938,53,14,14,14,10,1591,18,53,25,23,18.0503349304199,4,34,27,4699,94
34.8839032854844,0.231868386633572,247,1310.5869140625,40,14,14,14,10,1599,14,51,36,25,18.1304759979248,2,-5,98,4799,105
34.8984866187944,0.231868386633572,222,1265.20776367188,40,15,15,15,10,1586,17,52,36,24,18.1802425384521,3,-105,97,4924,96
34.9026532854544,0.231868386633572,220,1249.29113769531,40,14,14,14,90,1605,18,51,36,24,18.2022857666016,5,-85,37,4586,103
34.9422366187244,0.231868386633572,246,1192.19787597656,40,15,15,15,90,1684,18,48,36,25,18.3077507019043,11,114,96,4145,90
34.4172366195647,0.229785053303572,130,1269.28186035156,44,13,13,13,10,1272,11,55,37,19,16.2403812408447,6,-58,12,793,100
34.4234866195547,0.229785053303572,133,1279.29663085938,47,13,13,13,10,1275,11,56,34,19,16.2834224700928,3,-95,15,984,101
34.4255699528847,0.229785053303572,136,1279.29663085938,47,13,13,13,10,1275,11,56,34,19,16.2834224700928,3,-95,15,984,101
34.4318199528747,0.229785053303572,129,1301.84216308594,51,13,13,13,10,1296,12,58,31,19,16.3228549957275,4,-26,17,865,98
34.4339032862047,0.229785053303572,128,1301.84216308594,51,13,13,13,10,1296,12,58,31,19,16.3228549957275,4,-26,17,865,98
34.4380699528647,0.229785053303572,131,1338.94360351562,49,13,13,13,10,1309,12,58,32,19,16.359016418457,8,2,14,775,96
34.4484866195147,0.229785053303572,115,1385.349609375,50,13,13,13,10,1321,13,58,31,19,16.3974933624268,5,-18,22,663,98
34.5797366193046,0.229785053303572,117,1451.31640625,48,14,14,14,10,1430,14,55,33,19,17.0063495635986,5,91,15,797,110
34.5984866192746,0.229785053303572,96,1435.15710449219,44,15,15,15,10,1447,13,55,35,21,17.0709190368652,2,105,17,994,107
34.6255699525646,0.229785053303572,121,1531.13256835938,49,14,14,14,10,1453,15,54,32,19,17.1630363464355,4,34,13,1345,100
34.6672366191645,0.229785053303572,161,1333.11560058594,49,14,14,14,10,1405,16,55,33,19,17.3666191101074,5,-142,23,2402,98
34.7214032857445,0.229785053303572,131,1356.71484375,55,14,14,14,10,1507,17,54,27,19,17.5665645599365,7,113,18,1949,95
34.7318199523945,0.229785053303572,148,1353.38989257812,54,14,14,14,10,1486,17,54,27,19,17.5984497070312,4,-29,27,2089,99
34.7505699523645,0.229785053303572,120,1372.88488769531,53,14,14,14,10,1511,15,54,28,20,17.658317565918,2,-29,17,2218,106
34.7734866189945,0.229785053303572,118,1372.6220703125,53,14,14,14,10,1506,17,54,26,21,17.7536792755127,3,-64,19,4166,101
34.7984866189545,0.229785053303572,126,1400.02966308594,54,14,14,14,10,1564,18,53,25,21,17.8545455932617,5,7,19,4225,98
34.9255699520844,0.229785053303572,219,1197.86645507812,39,15,15,15,90,1614,19,52,37,24,18.2482032775879,2,-90,13,4632,99
34.3922366196047,0.227701719973572,120,1243.60424804688,44,14,14,14,10,1249,8,55,37,19,16.1031818389893,1,-72,19,1141,106
34.3943199529347,0.227701719973572,115,1249.73071289062,44,13,13,13,10,1251,10,56,37,19,16.1495132446289,1,-94,14,1008,105
34.4005699529247,0.227701719973572,116,1249.73071289062,44,13,13,13,10,1251,10,56,37,19,16.1495132446289,1,-94,14,1008,105
34.4109866195747,0.227701719973572,113,1269.28186035156,44,13,13,13,10,1272,11,55,37,19,16.2403812408447,6,-58,12,793,100
34.4214032862247,0.227701719973572,129,1279.29663085938,47,13,13,13,10,1275,11,56,34,19,16.2834224700928,3,-95,15,984,101
34.4401532861947,0.227701719973572,114,1338.94360351562,49,13,13,13,10,1309,12,58,32,19,16.359016418457,8,2,14,775,96
34.4922366194446,0.227701719973572,117,1469.7373046875,49,14,14,14,10,1386,13,56,33,19,16.5972328186035,1,113,33,348,104
34.5568199526746,0.227701719973572,121,1472.40698242188,48,14,14,14,10,1422,14,54,33,19,16.9028568267822,2,60,20,426,104
34.5901532859546,0.227701719973572,112,1436.24389648438,46,14,14,14,10,1426,15,55,34,20,17.0417346954346,5,-13,10,953,106
34.6172366192446,0.227701719973572,107,1495.91467285156,49,14,14,14,10,1438,14,55,32,19,17.1319313049316,3,-44,19,1383,101
34.6693199524945,0.227701719973572,181,1329.43225097656,48,14,14,14,10,1416,15,55,33,19,17.3993740081787,5,-117,16,2279,101
34.7672366190045,0.227701719973572,105,1419.72802734375,51,14,14,14,10,1525,15,54,28,21,17.7281112670898,3,25,21,3598,103
34.8484866188745,0.227701719973572,141,1293.55554199219,54,13,13,13,10,1548,16,53,24,22,18.0149993896484,5,-111,36,5037,96
34.9234866187544,0.227701719973572,258,1197.86645507812,39,15,15,15,90,1614,19,52,37,24,18.2482032775879,2,-90,13,4632,99
34.5172366194046,0.225618386643572,140,1445.00622558594,49,14,14,14,10,1390,12,57,32,19,16.7029075622559,3,50,18,464,101
34.5214032860646,0.225618386643572,133,1439.67651367188,50,14,14,14,10,1391,12,56,33,18,16.7423992156982,1,33,31,561,107
34.6047366192646,0.225618386643572,110,1403.31994628906,45,15,15,15,10,1435,15,55,35,21,17.0891304016113,5,-72,19,1402,100
34.6234866192346,0.225618386643572,189,1533.88671875,48,14,14,14,10,1492,18,54,33,19,17.137788772583,3,131,51,1399,100
34.6339032858846,0.225618386643572,151,1596.33251953125,49,14,14,14,10,1474,22,56,32,19,17.1704368591309,2,46,41,1655,102
34.6547366191846,0.225618386643572,140,1471.17846679688,51,14,14,14,10,1444,18,56,31,18,17.3008060455322,4,-43,13,1974,96
34.6609866191746,0.225618386643572,142,1438.9248046875,52,14,14,14,10,1460,19,56,31,17,17.3359680175781,8,34,18,1872,96
34.7172366190845,0.225618386643572,142,1339.71166992188,54,14,14,14,10,1518,17,55,28,19,17.5260257720947,3,128,16,1403,96
34.7484866190345,0.225618386643572,153,1386.90588378906,55,14,14,14,10,1521,16,54,25,20,17.6526165008545,3,-6,25,2580,102
34.8651532855145,0.225618386643572,236,1331.21398925781,42,15,15,15,10,1589,18,50,35,23,18.0682621002197,7,2,73,4607,96
34.4193199528947,0.223535053313572,121,1292.68505859375,47,13,13,13,10,1286,11,57,34,19,16.2555599212646,5,-60,12,991,99
34.4901532861146,0.223535053313572,106,1428.41589355469,50,14,14,14,10,1362,15,56,32,19,16.5856819152832,5,-51,30,517,99
34.5214032860646,0.223535053313572,128,1439.67651367188,50,14,14,14,10,1391,12,56,33,18,16.7423992156982,1,33,31,561,107
34.5380699527046,0.223535053313572,134,1390.50842285156,48,14,14,14,10,1392,12,56,32,19,16.8219413757324,2,18,20,700,105
34.7943199522945,0.223535053313572,124,1462.97277832031,54,14,14,14,10,1544,16,53,25,21,17.8447418212891,3,-105,23,4368,101
34.7964032856245,0.223535053313572,122,1462.97277832031,54,14,14,14,10,1544,16,53,25,21,17.8447418212891,3,-105,23,4368,101
34.8193199522545,0.223535053313572,135,1571.60095214844,53,14,14,14,10,1575,18,54,26,21,17.9369659423828,4,17,50,4401,100
34.8630699521845,0.223535053313572,206,1331.21398925781,42,15,15,15,10,1589,18,50,35,23,18.0682621002197,7,2,73,4607,96
34.8964032854644,0.223535053313572,255,1268.73461914062,40,15,15,15,10,1641,16,49,36,25,18.1753101348877,6,246,96,4374,93
34.9234866187544,0.223535053313572,271,1183.61840820312,39,15,15,15,10,1606,24,51,36,25,18.2363834381104,3,-40,97,4717,100
34.9276532854144,0.223535053313572,262,1177.12976074219,39,15,15,15,50,1638,21,49,36,25,18.262939453125,11,-65,97,4652,95
34.3922366196047,0.221451719983572,120,1253.51696777344,45,13,13,13,10,1259,9,56,36,19,16.0757732391357,3,-76,18,1200,105
34.4693199528146,0.221451719983572,118,1436.73876953125,50,13,13,13,10,1362,12,56,31,19,16.4997329711914,3,46,21,324,105
34.4818199527946,0.221451719983572,122,1424.662109375,50,14,14,14,10,1364,15,58,31,19,16.5444068908691,4,4,24,425,98
34.5214032860646,0.221451719983572,119,1439.67651367188,50,14,14,14,10,1391,12,56,33,18,16.7423992156982,1,33,31,561,107
34.5359866193746,0.221451719983572,144,1390.50842285156,48,14,14,14,10,1392,12,56,32,19,16.8219413757324,2,18,20,700,105
34.5984866192746,0.221451719983572,105,1377.25085449219,43,15,15,15,10,1435,15,56,37,21,17.0606555938721,5,38,12,1156,106
34.6047366192646,0.221451719983572,104,1403.31994628906,45,15,15,15,10,1435,15,55,35,21,17.0891304016113,5,-72,19,1402,100
34.6193199525746,0.221451719983572,121,1533.88671875,48,14,14,14,10,1492,18,54,33,19,17.137788772583,3,131,51,1399,100
34.6901532857945,0.221451719983572,121,1273.79223632812,51,14,14,14,10,1439,18,56,31,18,17.4534683227539,4,-78,14,1843,101
34.8005699522845,0.221451719983572,123,1462.97277832031,54,14,14,14,10,1544,16,53,25,21,17.8447418212891,3,-105,23,4368,101
34.8234866189145,0.221451719983572,138,1571.60095214844,53,14,14,14,10,1575,18,54,26,21,17.9369659423828,4,17,50,4401,100
34.8297366189045,0.221451719983572,131,1445.17358398438,52,14,14,14,10,1558,17,53,27,21,17.9548816680908,4,12,21,4760,99
34.8484866188745,0.221451719983572,143,1250.18334960938,54,13,13,13,10,1519,15,54,25,22,17.9952640533447,3,-118,9,5107,97
34.8505699522045,0.221451719983572,169,1250.18334960938,54,13,13,13,10,1519,15,54,25,22,17.9952640533447,3,-118,9,5107,97
34.8693199521745,0.221451719983572,227,1343.59753417969,41,14,14,14,10,1603,15,52,36,23,18.0963764190674,4,66,96,4451,102
34.3922366196047,0.219368386653572,113,1253.51696777344,45,13,13,13,10,1259,9,56,36,19,16.0757732391357,3,-76,18,1200,105
34.4047366195847,0.219368386653572,125,1278.93188476562,46,13,13,13,10,1280,10,55,35,18,16.1647891998291,3,34,26,1037,103
34.4401532861947,0.219368386653572,121,1372.76525878906,49,13,13,13,10,1337,13,56,32,19,16.3306751251221,2,70,30,478,100
34.4630699528246,0.219368386653572,121,1451.869140625,48,13,13,13,10,1366,11,57,33,19,16.4543762207031,2,80,27,116,103
34.4984866194346,0.219368386653572,101,1437.166015625,51,14,14,14,10,1352,11,57,31,19,16.625207901001,5,-119,14,704,98
34.5068199527546,0.219368386653572,119,1440.69482421875,49,14,14,14,10,1378,11,56,32,19,16.6641902923584,2,3,21,747,101
34.5130699527446,0.219368386653572,124,1445.00622558594,49,14,14,14,10,1390,12,57,32,19,16.7029075622559,3,50,18,464,101
34.5859866192946,0.219368386653572,120,1382.73840332031,45,15,15,15,10,1418,13,55,35,20,17.0303974151611,4,-33,15,1084,105
34.5984866192746,0.219368386653572,105,1377.25085449219,43,15,15,15,10,1435,15,56,37,21,17.0606555938721,5,38,12,1156,106
34.6068199525946,0.219368386653572,108,1403.31994628906,45,15,15,15,10,1435,15,55,35,21,17.0891304016113,5,-72,19,1402,100
34.6401532858746,0.219368386653572,147,1605.26220703125,50,14,14,14,10,1484,20,54,32,18,17.2079486846924,5,110,28,1513,101
34.7026532857745,0.219368386653572,108,1300.75,54,14,14,14,10,1481,16,55,28,18,17.5060882568359,2,54,11,1513,98
34.7339032857245,0.219368386653572,128,1369.34448242188,55,13,13,13,10,1516,16,54,26,19,17.5850982666016,3,65,22,1948,102
34.7818199523145,0.219368386653572,120,1429.72961425781,52,14,14,14,10,1534,16,54,27,21,17.7796001434326,4,-84,15,4372,101
34.8130699522645,0.219368386653572,139,1622.34765625,52,14,14,14,10,1600,14,53,27,21,17.9156360626221,3,128,22,4073,103
34.8318199522345,0.219368386653572,129,1445.17358398438,52,14,14,14,10,1558,17,53,27,21,17.9548816680908,4,12,21,4760,99
34.8547366188645,0.219368386653572,215,1275.59155273438,49,14,14,14,10,1570,24,53,29,23,18.0312690734863,6,-19,18,4711,94
34.9068199521144,0.219368386653572,290,1245.88208007812,40,15,15,15,90,1626,23,50,35,25,18.1945152282715,3,149,97,4508,97
34.9422366187244,0.219368386653572,227,1181.07373046875,39,15,15,15,90,1674,21,47,36,25,18.2919521331787,19,76,96,4186,92
34.5505699526846,0.217285053323572,119,1333.35302734375,47,14,14,14,10,1377,16,55,33,19,16.8484306335449,5,-82,23,943,103
34.5609866193346,0.217285053323572,100,1335.63159179688,47,14,14,14,10,1398,16,56,34,19,16.9201850891113,5,-28,17,981,102
34.5651532859946,0.217285053323572,107,1335.63159179688,47,14,14,14,10,1398,16,56,34,19,16.9201850891113,5,-28,17,981,102
34.7526532856945,0.217285053323572,130,1457.50988769531,55,14,14,14,10,1558,14,54,24,21,17.6820011138916,2,62,29,2935,105
34.7609866190145,0.217285053323572,146,1553.48352050781,53,14,14,14,10,1580,15,53,26,21,17.7214679718018,1,137,29,3055,104
34.7630699523445,0.217285053323572,157,1553.48352050781,53,14,14,14,10,1580,15,53,26,21,17.7214679718018,1,137,29,3055,104
34.7859866189745,0.217285053323572,127,1543.98181152344,53,14,14,14,10,1572,16,53,26,21,17.8105354309082,3,102,18,3869,102
34.8359866188945,0.217285053323572,137,1256.83288574219,52,14,14,14,10,1514,15,54,26,21,17.9554214477539,4,-109,34,5185,98
34.8609866188545,0.217285053323572,217,1291.8818359375,41,15,15,15,10,1572,15,52,36,23,18.0524921417236,3,65,48,4658,101
34.4026532862547,0.215201719993572,119,1353.29516601562,48,13,13,13,10,1297,10,56,33,18,16.1331996917725,2,52,14,856,105
34.4318199528747,0.215201719993572,119,1337.84057617188,47,13,13,13,10,1317,10,55,34,18,16.2708187103271,5,26,19,652,104
34.4839032861246,0.215201719993572,98,1366.98840332031,50,13,13,13,10,1343,11,56,32,18,16.5280342102051,3,-60,15,871,99
34.5172366194046,0.215201719993572,114,1383.83776855469,51,14,14,14,10,1365,12,57,30,19,16.6925678253174,3,-49,28,736,101
34.5443199526946,0.215201719993572,117,1333.35302734375,47,14,14,14,10,1377,16,55,33,19,16.8484306335449,5,-82,23,943,103
34.5693199526546,0.215201719993572,171,1341.529296875,47,14,14,14,10,1394,16,55,35,19,16.95263671875,4,-4,22,858,103
34.5734866193146,0.215201719993572,193,1341.529296875,47,14,14,14,10,1394,16,55,35,19,16.95263671875,4,-4,22,858,103
34.6068199525946,0.215201719993572,114,1351.45556640625,46,15,15,15,10,1439,16,54,34,19,17.0771942138672,5,-50,17,1433,100
34.6234866192346,0.215201719993572,190,1523.07019042969,48,14,14,14,10,1463,19,57,33,19,17.1237945556641,6,-90,89,1506,99
34.6776532858145,0.215201719993572,109,1374.8291015625,52,14,14,14,10,1449,14,56,30,18,17.3977165222168,3,-16,22,1624,100
34.7151532857545,0.215201719993572,101,1336.12719726562,55,14,14,14,10,1471,18,55,27,19,17.5163822174072,6,-106,22,1665,97
34.7339032857245,0.215201719993572,130,1363.2626953125,58,13,13,13,10,1518,17,54,23,19,17.5741882324219,4,-37,28,1991,99
34.7422366190445,0.215201719993572,113,1371.85375976562,56,13,13,13,10,1532,18,54,24,19,17.6051273345947,4,-1,37,2202,98
34.7984866189545,0.215201719993572,127,1547.67114257812,53,14,14,14,10,1556,16,54,26,21,17.8382930755615,3,-36,19,4162,103
34.8589032855245,0.215201719993572,229,1252.68542480469,46,15,15,15,10,1554,23,52,32,23,18.018087387085,8,-41,51,5021,94
34.8734866188344,0.215201719993572,261,1299.16345214844,40,15,15,15,90,1602,17,52,36,24,18.0791549682617,3,119,99,4605,104
34.8943199521344,0.215201719993572,266,1214.02795410156,39,15,15,15,12,1619,19,51,35,26,18.148063659668,22,156,85,4125,89
34.9026532854544,0.215201719993572,275,1195.58361816406,40,15,15,15,12,1573,18,52,35,26,18.1705894470215,4,-90,96,4971,95
34.9151532854344,0.215201719993572,285,1171.818359375,40,15,15,15,10,1582,21,50,36,25,18.1940441131592,9,-92,96,4696,98
34.9193199520944,0.215201719993572,293,1162.337890625,39,15,15,15,90,1583,20,50,36,25,18.2195987701416,4,-91,98,4622,99
34.9443199520544,0.215201719993572,269,1163.08666992188,41,15,15,15,10,1666,22,55,35,24,18.3062553405762,7,46,96,4310,98
34.4047366195847,0.213118386663572,121,1353.29516601562,48,13,13,13,10,1297,10,56,33,18,16.1331996917725,2,52,14,856,105
34.5172366194046,0.213118386663572,115,1383.83776855469,51,14,14,14,10,1365,12,57,30,19,16.6925678253174,3,-49,28,736,101
34.5922366192846,0.213118386663572,112,1320.46228027344,47,14,14,14,10,1402,17,56,34,19,17.0220241546631,4,-110,17,1381,104
34.6109866192546,0.213118386663572,111,1420.1552734375,47,14,14,14,10,1463,16,54,34,19,17.1007404327393,3,14,24,1300,100
34.6255699525646,0.213118386663572,177,1523.07019042969,48,14,14,14,10,1463,19,57,33,19,17.1237945556641,6,-90,89,1506,99
34.6380699525446,0.213118386663572,216,1654.76867675781,50,13,13,13,10,1505,19,56,32,18,17.1817665100098,2,105,19,1346,104
34.6422366192046,0.213118386663572,237,1654.76867675781,50,13,13,13,10,1505,19,56,32,18,17.1817665100098,2,105,19,1346,104
34.6568199525146,0.213118386663572,156,1579.46875,51,14,14,14,10,1474,17,56,31,17,17.2681827545166,6,14,15,1511,96
34.6630699525046,0.213118386663572,179,1553.59619140625,51,14,14,14,10,1482,16,56,32,18,17.3076992034912,2,60,9,1386,99
34.7109866190945,0.213118386663572,104,1336.12719726562,55,14,14,14,10,1471,18,55,27,19,17.5163822174072,6,-106,22,1665,97
34.8193199522545,0.213118386663572,153,1501.05236816406,53,13,13,13,10,1556,17,54,26,21,17.9157447814941,5,-8,35,4531,97
34.8339032855645,0.213118386663572,133,1375.33825683594,52,14,14,14,10,1539,15,53,26,21,17.9358997344971,4,36,26,4840,97
34.8630699521845,0.213118386663572,178,1291.8818359375,41,15,15,15,10,1572,15,52,36,23,18.0524921417236,3,65,48,4658,101
34.8734866188344,0.213118386663572,265,1299.16345214844,40,15,15,15,90,1602,17,52,36,24,18.0791549682617,3,119,99,4605,104
34.8755699521644,0.213118386663572,257,1299.16345214844,40,15,15,15,90,1602,17,52,36,24,18.0791549682617,3,119,99,4605,104
34.8797366188244,0.213118386663572,247,1261.35070800781,40,15,15,15,10,1572,18,51,36,25,18.0983219146729,3,-9,98,4771,100
34.9172366187644,0.213118386663572,265,1171.818359375,40,15,15,15,10,1582,21,50,36,25,18.1940441131592,9,-92,96,4696,98
34.9422366187244,0.213118386663572,230,1167.15954589844,40,15,15,15,10,1632,17,51,35,25,18.2778759002686,11,-154,99,4654,96
34.4568199528346,0.211035053333572,127,1387.53149414062,51,13,13,13,10,1343,10,57,32,18,16.3986663818359,2,10,16,435,102
34.5109866194146,0.211035053333572,106,1383.83776855469,51,14,14,14,10,1365,12,57,30,19,16.6925678253174,3,-49,28,736,101
34.5255699527246,0.211035053333572,111,1377.80249023438,50,14,14,14,10,1381,13,56,31,19,16.7314720153809,4,14,14,684,100
34.5734866193146,0.211035053333572,190,1341.529296875,47,14,14,14,10,1394,16,55,35,19,16.95263671875,4,-4,22,858,103
34.6047366192646,0.211035053333572,113,1351.45556640625,46,15,15,15,10,1439,16,54,34,19,17.0771942138672,5,-50,17,1433,100
34.6214032859046,0.211035053333572,144,1523.07019042969,48,14,14,14,10,1463,19,57,33,19,17.1237945556641,6,-90,89,1506,99
34.6234866192346,0.211035053333572,142,1523.07019042969,48,14,14,14,10,1463,19,57,33,19,17.1237945556641,6,-90,89,1506,99
34.6297366192246,0.211035053333572,159,1621.47180175781,51,14,14,14,10,1494,24,57,31,18,17.1494636535645,3,7,16,1433,99
34.6526532858546,0.211035053333572,160,1579.46875,51,14,14,14,10,1474,17,56,31,17,17.2681827545166,6,14,15,1511,96
34.6943199524545,0.211035053333572,115,1299.94226074219,52,14,14,14,10,1449,15,56,30,18,17.466272354126,5,-111,20,1519,100
34.7255699524045,0.211035053333572,133,1355.25793457031,56,14,14,14,10,1484,18,54,25,19,17.5458011627197,8,-141,18,1960,96
34.7630699523445,0.211035053333572,132,1553.48352050781,53,14,14,14,10,1580,15,53,26,21,17.7214679718018,1,137,29,3055,104
34.9276532854144,0.211035053333572,253,1164.25012207031,40,15,15,15,90,1593,17,49,35,25,18.2485980987549,7,-162,100,4719,97
34.9297366187444,0.211035053333572,235,1164.25012207031,40,15,15,15,90,1593,17,49,35,25,18.2485980987549,7,-162,100,4719,97
34.9380699520644,0.211035053333572,258,1167.15954589844,40,15,15,15,10,1632,17,51,35,25,18.2778759002686,11,-154,99,4654,96
34.9401532853944,0.211035053333572,233,1167.15954589844,40,15,15,15,10,1632,17,51,35,25,18.2778759002686,11,-154,99,4654,96
34.4505699528447,0.208951720003572,120,1348.5791015625,49,13,13,13,10,1329,10,56,33,18,16.3367576599121,3,3,15,591,102
34.5943199526146,0.208951720003572,116,1302.02172851562,46,14,14,14,10,1411,16,56,34,19,17.035249710083,5,-68,22,1369,102
34.6047366192646,0.208951720003572,112,1349.59680175781,47,14,14,14,10,1433,17,55,34,19,17.0597076416016,5,-80,21,1492,99
34.6276532858946,0.208951720003572,154,1619.95104980469,49,14,14,14,10,1511,19,55,33,18,17.127836227417,3,79,31,1278,100
34.6651532858345,0.208951720003572,164,1631.00122070312,51,14,14,14,10,1509,15,54,31,18,17.280200958252,3,106,19,1073,101
34.7276532857345,0.208951720003572,107,1395.14685058594,60,13,13,13,10,1509,16,55,21,18,17.5627117156982,5,-35,20,2166,95
34.7526532856945,0.208951720003572,118,1490.15576171875,55,14,14,14,10,1528,17,54,24,21,17.668586730957,2,-114,28,3020,99
34.7922366189645,0.208951720003572,124,1607.65405273438,53,13,13,13,10,1572,15,54,26,21,17.7973918914795,2,76,16,3647,102
34.8255699522445,0.208951720003572,143,1372.97521972656,52,14,14,14,10,1522,16,53,27,21,17.8948707580566,3,1,22,4726,95
34.8276532855745,0.208951720003572,129,1274.78771972656,52,14,14,14,10,1522,15,54,26,21,17.9208335876465,6,35,14,4921,96
34.8630699521845,0.208951720003572,196,1233.81188964844,42,15,15,15,10,1572,16,48,35,24,18.0339050292969,3,132,98,4770,99
34.4151532862347,0.206868386673572,104,1349.5458984375,47,13,13,13,10,1312,8,57,35,18,16.1578922271729,2,78,11,718,107
34.5547366193446,0.206868386673572,98,1334.35583496094,48,14,14,14,10,1370,13,55,33,19,16.8649806976318,5,-79,23,1046,100
34.5880699526246,0.206868386673572,109,1287.13500976562,47,14,14,14,10,1396,17,56,34,19,17.0086116790771,2,-102,14,1390,103
34.6943199524545,0.206868386673572,115,1373.73120117188,54,14,14,14,10,1472,15,56,28,18,17.4407405853271,4,-22,9,1360,97
34.7193199524145,0.206868386673572,104,1372.81945800781,60,13,13,13,10,1517,16,54,22,18,17.5277576446533,2,64,18,1697,100
34.7484866190345,0.206868386673572,102,1423.97595214844,56,13,13,13,10,1523,15,54,23,20,17.6319789886475,4,-69,19,2681,100
34.9172366187644,0.206868386673572,250,1139.998046875,40,15,15,15,90,1583,15,50,35,25,18.1847057342529,7,19,98,5151,102
34.4109866195747,0.204785053343572,109,1349.5458984375,47,13,13,13,10,1312,8,57,35,18,16.1578922271729,2,78,11,718,107
34.4714032861446,0.204785053343572,94,1324.47912597656,50,14,14,14,10,1337,11,55,32,18,16.470739364624,6,-71,9,766,100
34.4943199527746,0.204785053343572,161,1365.00817871094,48,14,14,14,10,1375,14,56,33,19,16.5903415679932,3,74,28,598,97
34.4984866194346,0.204785053343572,135,1365.00817871094,48,14,14,14,10,1375,14,56,33,19,16.5903415679932,3,74,28,598,97
34.5318199527146,0.204785053343572,115,1363.48742675781,50,14,14,14,10,1376,13,56,32,19,16.7502384185791,3,-18,18,917,100
34.5714032859846,0.204785053343572,115,1329.96374511719,47,14,14,14,10,1386,16,56,33,19,16.9365196228027,7,-40,34,1238,101
34.5839032859646,0.204785053343572,115,1302.73120117188,47,14,14,14,10,1379,15,56,33,19,16.9758796691895,3,-127,27,1324,103
34.6151532859146,0.204785053343572,118,1433.30407714844,47,14,14,14,10,1457,18,55,34,19,17.0812397003174,8,-80,28,1413,98
34.6589032858446,0.204785053343572,198,1642.52709960938,50,14,14,14,10,1497,18,55,32,18,17.2459487915039,3,-1,17,1122,103
34.6984866191145,0.204785053343572,104,1373.73120117188,54,14,14,14,10,1472,15,56,28,18,17.4407405853271,4,-22,9,1360,97
34.7422366190445,0.204785053343572,119,1407.17980957031,58,13,13,13,10,1520,16,54,23,19,17.5974140167236,4,-52,16,2395,97
34.7547366190245,0.204785053343572,110,1490.15576171875,55,14,14,14,10,1528,17,54,24,21,17.668586730957,2,-114,28,3020,99
34.7734866189945,0.204785053343572,140,1672.62573242188,52,13,13,13,10,1588,14,54,27,21,17.7454032897949,2,106,6,3187,106
34.8026532856145,0.204785053343572,134,1531.82507324219,52,14,14,14,10,1548,17,54,26,22,17.8468532562256,7,-33,17,4106,98
34.8214032855845,0.204785053343572,124,1372.97521972656,52,14,14,14,10,1522,16,53,27,21,17.8948707580566,3,1,22,4726,95
34.8547366188645,0.204785053343572,203,1223.72399902344,46,14,14,14,10,1553,21,52,32,22,18.0042533874512,5,94,26,4861,98
34.9005699521244,0.204785053343572,242,1165.18298339844,39,15,15,15,90,1530,17,50,35,26,18.129207611084,4,-212,96,5365,100
34.9047366187844,0.204785053343572,239,1150.365234375,39,15,15,15,90,1553,14,49,35,26,18.155933380127,2,-85,99,5163,100
34.3922366196047,0.202701720013572,100,1464.84191894531,44,14,14,14,10,1291,11,54,38,19,16.0057792663574,5,22,15,911,101
34.3984866195947,0.202701720013572,106,1439.69079589844,44,13,13,13,10,1295,10,56,38,18,16.05637550354,4,13,13,883,103
34.4776532861346,0.202701720013572,108,1336.18237304688,50,14,14,14,10,1359,10,55,32,18,16.5099353790283,5,66,8,557,101
34.5526532860146,0.202701720013572,109,1334.35583496094,48,14,14,14,10,1370,13,55,33,19,16.8649806976318,5,-79,23,1046,100
34.5609866193346,0.202701720013572,108,1341.08947753906,47,14,14,14,10,1372,16,55,34,19,16.900842666626,5,-89,20,1178,100
34.7151532857545,0.202701720013572,97,1357.0390625,57,13,13,13,10,1519,15,54,25,18,17.4959545135498,2,123,12,1301,97
34.7672366190045,0.202701720013572,130,1600.69152832031,53,14,14,14,10,1557,20,54,25,21,17.7078628540039,5,-58,28,3058,98
34.8547366188645,0.202701720013572,229,1223.72399902344,46,14,14,14,10,1553,21,52,32,22,18.0042533874512,5,94,26,4861,98
34.4526532861747,0.200618386683572,111,1339.91931152344,47,14,14,14,10,1320,11,56,34,18,16.3597755432129,3,-105,10,928,99
34.5214032860646,0.200618386683572,109,1374.16638183594,50,14,14,14,10,1396,13,56,31,19,16.6861610412598,1,116,29,612,107
34.5568199526746,0.200618386683572,119,1370.57653808594,50,14,14,14,10,1405,14,55,32,19,16.8389072418213,6,35,30,812,97
34.6151532859146,0.200618386683572,124,1483.83581542969,48,14,14,14,10,1466,19,54,33,18,17.056999206543,4,32,19,1275,97
34.6318199525546,0.200618386683572,178,1581.52062988281,48,14,14,14,10,1512,18,55,33,19,17.1213607788086,3,106,26,1033,99
34.6359866192146,0.200618386683572,213,1594.28674316406,48,14,14,14,10,1473,22,55,34,18,17.1620082855225,5,-106,17,1251,95
34.7214032857445,0.200618386683572,98,1403.43969726562,62,13,13,13,10,1498,18,54,21,17,17.5168933868408,8,-87,11,1714,95
34.7422366190445,0.200618386683572,124,1443.98571777344,58,13,13,13,10,1555,17,54,24,18,17.588586807251,3,144,30,1887,100
34.7734866189945,0.200618386683572,140,1694.09301757812,52,14,14,14,10,1582,18,54,27,21,17.7318115234375,6,145,12,3120,104
34.8276532855745,0.200618386683572,136,1198.80908203125,54,13,13,13,10,1488,15,54,25,21,17.9182262420654,4,-117,21,5132,97
34.4005699529247,0.198535053353572,104,1436.26513671875,46,13,13,13,10,1321,8,56,36,18,16.0309257507324,1,142,13,703,106
34.4089032862447,0.198535053353572,115,1367.49682617188,47,13,13,13,10,1290,11,57,36,18,16.0870208740234,2,-13,14,915,102
34.4880699527846,0.198535053353572,148,1347.25634765625,50,14,14,14,10,1336,11,55,32,18,16.5339488983154,4,-127,10,993,98
34.5089032860846,0.198535053353572,142,1328.81091308594,52,14,14,14,10,1369,12,55,30,19,16.6168003082275,5,-8,25,790,97
34.5380699527046,0.198535053353572,112,1371.78149414062,48,14,14,14,10,1378,12,55,32,19,16.7669639587402,6,-71,36,905,98
34.5672366193246,0.198535053353572,126,1384.89624023438,49,14,14,14,10,1406,13,55,33,19,16.8722896575928,6,64,13,824,99
34.5755699526446,0.198535053353572,127,1358.86254882812,46,14,14,14,10,1428,14,56,35,20,16.9133110046387,1,103,9,798,102
34.6443199525346,0.198535053353572,195,1628.18566894531,49,14,14,14,10,1503,20,55,32,19,17.1913414001465,5,30,17,1107,95
34.6568199525146,0.198535053353572,169,1659.189453125,51,14,14,14,10,1509,17,55,31,18,17.2255935668945,5,12,17,984,99
34.6714032858245,0.198535053353572,127,1560.30981445312,52,14,14,14,10,1512,15,55,30,18,17.3082103729248,1,86,16,930,105
34.6880699524645,0.198535053353572,112,1478.11999511719,54,14,14,14,10,1492,16,55,29,17,17.3788452148438,6,2,24,1225,97
34.7130699524245,0.198535053353572,112,1386.43591308594,58,13,13,13,10,1505,15,54,25,17,17.4874496459961,7,22,12,1234,97
34.7234866190745,0.198535053353572,109,1403.43969726562,62,13,13,13,10,1498,18,54,21,17,17.5168933868408,8,-87,11,1714,95
34.7443199523745,0.198535053353572,130,1466.37292480469,56,13,13,13,10,1546,16,54,25,20,17.6232719421387,4,43,23,2197,101
34.8276532855745,0.198535053353572,132,1198.80908203125,54,13,13,13,10,1488,15,54,25,21,17.9182262420654,4,-117,21,5132,97
34.4068199529147,0.196451720023572,116,1367.49682617188,47,13,13,13,10,1290,11,57,36,18,16.0870208740234,2,-13,14,915,102
34.4651532861546,0.196451720023572,100,1338.81884765625,48,14,14,14,10,1350,10,57,34,19,16.400562286377,3,68,10,686,99
34.4693199528146,0.196451720023572,99,1352.57348632812,50,14,14,14,10,1333,11,56,32,18,16.4442539215088,4,-36,16,883,98
34.5089032860846,0.196451720023572,147,1328.81091308594,52,14,14,14,10,1369,12,55,30,19,16.6168003082275,5,-8,25,790,97
34.5339032860446,0.196451720023572,111,1385.05493164062,50,14,14,14,10,1396,13,55,31,19,16.7240810394287,3,77,19,691,100
34.5651532859946,0.196451720023572,111,1384.89624023438,49,14,14,14,10,1406,13,55,33,19,16.8722896575928,6,64,13,824,99
34.5693199526546,0.196451720023572,131,1358.86254882812,46,14,14,14,10,1428,14,56,35,20,16.9133110046387,1,103,9,798,102
34.6005699526046,0.196451720023572,114,1318.3115234375,50,14,14,14,10,1440,15,55,32,18,17.0145568847656,4,52,20,1214,100
34.7880699523045,0.196451720023572,121,1557.50341796875,52,14,14,14,10,1529,16,53,26,21,17.77463722229,4,-21,20,3884,96
34.7943199522945,0.196451720023572,128,1491.51171875,52,13,13,13,10,1544,16,54,26,22,17.8011512756348,5,30,14,3904,97
34.8026532856145,0.196451720023572,123,1423.49609375,52,13,13,13,10,1534,15,55,26,22,17.8272399902344,7,24,22,4244,97
34.8276532855745,0.196451720023572,144,1198.80908203125,54,13,13,13,10,1488,15,54,25,21,17.9182262420654,4,-117,21,5132,97
34.4339032862047,0.194368386693572,123,1323.65795898438,47,13,13,13,10,1322,9,56,35,18,16.2256965637207,3,43,8,803,108
34.5630699526646,0.194368386693572,116,1384.89624023438,49,14,14,14,10,1406,13,55,33,19,16.8722896575928,6,64,13,824,99
34.7089032857645,0.194368386693572,113,1417.52062988281,54,14,14,14,10,1497,16,55,28,18,17.4529628753662,3,31,18,1007,100
34.7130699524245,0.194368386693572,112,1386.43591308594,58,13,13,13,10,1505,15,54,25,17,17.4874496459961,7,22,12,1234,97
34.8422366188845,0.194368386693572,173,1195.71789550781,53,13,13,13,10,1506,16,53,26,21,17.9382266998291,8,-29,19,5370,95
34.4547366195047,0.192285053363572,89,1383.85546875,45,14,14,14,10,1336,9,56,36,19,16.329288482666,5,-30,13,934,98
34.4630699528246,0.192285053363572,102,1400.32568359375,47,14,14,14,10,1345,10,56,34,19,16.3738059997559,4,-63,12,680,98
34.4651532861546,0.192285053363572,102,1400.32568359375,47,14,14,14,10,1345,10,56,34,19,16.3738059997559,4,-63,12,680,98
34.5276532860546,0.192285053363572,119,1378.40808105469,50,14,14,14,10,1412,12,54,32,19,16.7053070068359,2,87,11,505,99
34.5755699526446,0.192285053363572,102,1403.82104492188,48,14,14,14,10,1392,15,54,33,19,16.8922252655029,2,-110,41,825,99
34.6443199525346,0.192285053363572,180,1590.15710449219,49,14,14,14,10,1514,18,54,34,18,17.1820335388184,4,109,30,791,95
34.6714032858245,0.192285053363572,118,1496.45556640625,49,14,14,14,10,1486,17,55,32,19,17.309455871582,3,-83,13,1053,99
34.6776532858145,0.192285053363572,105,1469.53771972656,52,14,14,14,10,1497,18,55,30,18,17.3392124176025,6,27,25,1032,96
34.6839032858045,0.192285053363572,114,1469.53771972656,52,14,14,14,10,1497,18,55,30,18,17.3392124176025,6,27,25,1032,96
34.6901532857945,0.192285053363572,118,1480.81628417969,52,14,14,14,10,1503,16,54,30,18,17.3665313720703,8,148,21,747,98
34.7151532857545,0.192285053363572,109,1397.39953613281,56,13,13,13,10,1486,19,56,26,18,17.4786357879639,5,-76,17,1576,95
34.7380699523845,0.192285053363572,114,1420.00268554688,56,13,13,13,10,1509,18,54,26,19,17.5714683532715,4,-39,18,2132,98
34.8526532855345,0.192285053363572,221,1142.16564941406,44,15,15,15,10,1473,20,54,33,23,17.9859352111816,1,-210,60,5543,100
34.4318199528747,0.190201720033572,101,1317.85278320312,46,13,13,13,10,1306,9,56,36,18,16.2046031951904,3,-34,8,911,102
34.4693199528146,0.190201720033572,96,1431.83459472656,50,14,14,14,10,1366,10,56,31,19,16.4127922058105,3,36,13,716,97
34.4818199527946,0.190201720033572,102,1440.9755859375,51,14,14,14,10,1366,9,56,31,19,16.4562797546387,5,28,19,668,95
34.4901532861146,0.190201720033572,146,1405.78979492188,51,14,14,14,10,1362,8,56,31,18,16.5050067901611,5,-53,14,854,97
34.5109866194146,0.190201720033572,154,1337.17749023438,51,14,14,14,10,1359,13,55,30,19,16.6358814239502,1,-92,40,957,101
34.5339032860446,0.190201720033572,107,1378.40808105469,50,14,14,14,10,1412,12,54,32,19,16.7053070068359,2,87,11,505,99
34.5547366193446,0.190201720033572,97,1406.18176269531,49,14,14,14,10,1396,15,54,32,19,16.817834854126,6,-121,21,659,99
34.6026532859346,0.190201720033572,119,1446.40637207031,49,14,14,14,10,1483,15,54,33,18,17.0159893035889,5,102,20,916,95
34.6068199525946,0.190201720033572,114,1446.40637207031,49,14,14,14,10,1483,15,54,33,18,17.0159893035889,5,102,20,916,95
34.6172366192446,0.190201720033572,125,1522.18432617188,49,14,14,14,10,1492,17,54,34,18,17.0413513183594,6,139,17,706,104
34.6839032858045,0.190201720033572,118,1469.53771972656,52,14,14,14,10,1497,18,55,30,18,17.3392124176025,6,27,25,1032,96
34.6943199524545,0.190201720033572,127,1469.83532714844,53,14,14,14,10,1528,15,55,29,18,17.4021816253662,3,167,23,676,97
34.7068199524345,0.190201720033572,113,1424.271484375,55,14,14,14,10,1487,18,55,28,18,17.4427585601807,7,18,22,1101,95
34.7568199523545,0.190201720033572,134,1550.4921875,54,14,14,14,10,1549,22,54,25,21,17.6460514068604,6,10,25,2560,96
34.7630699523445,0.190201720033572,125,1635.63354492188,54,14,14,14,10,1572,16,54,26,21,17.6815872192383,5,165,28,2551,97
34.7901532856345,0.190201720033572,123,1425.96911621094,52,13,13,13,10,1512,16,54,26,21,17.7606182098389,3,-20,11,3932,97
34.4484866195147,0.188118386703572,108,1373.07495117188,44,14,14,14,10,1350,10,58,37,18,16.2836570739746,4,103,16,553,103
34.4651532861546,0.188118386703572,102,1400.32568359375,47,14,14,14,10,1345,10,56,34,19,16.3738059997559,4,-63,12,680,98
34.4693199528146,0.188118386703572,99,1431.83459472656,50,14,14,14,10,1366,10,56,31,19,16.4127922058105,3,36,13,716,97
34.5172366194046,0.188118386703572,117,1337.17749023438,51,14,14,14,10,1359,13,55,30,19,16.6358814239502,1,-92,40,957,101
34.5401532860346,0.188118386703572,110,1392.80322265625,51,14,14,14,10,1411,13,55,31,19,16.7395362854004,5,42,25,729,97
34.6026532859346,0.188118386703572,118,1446.40637207031,49,14,14,14,10,1483,15,54,33,18,17.0159893035889,5,102,20,916,95
34.6693199524945,0.188118386703572,136,1496.45556640625,49,14,14,14,10,1486,17,55,32,19,17.309455871582,3,-83,13,1053,99
34.7172366190845,0.188118386703572,123,1397.39953613281,56,13,13,13,10,1486,19,56,26,18,17.4786357879639,5,-76,17,1576,95
34.7609866190145,0.188118386703572,127,1635.63354492188,54,14,14,14,10,1572,16,54,26,21,17.6815872192383,5,165,28,2551,97
34.7943199522945,0.188118386703572,131,1354.39343261719,52,13,13,13,10,1505,16,54,27,22,17.7905292510986,3,-37,19,4278,98
34.8297366189045,0.188118386703572,158,1171.10009765625,53,13,13,13,10,1504,13,54,26,21,17.9074363708496,9,50,13,5033,99
34.8443199522145,0.188118386703572,210,1165.07922363281,46,15,15,15,10,1520,19,52,32,22,17.9571380615234,6,82,30,4810,95
34.4359866195347,0.186035053373572,102,1347.43737792969,45,13,13,13,10,1341,9,57,37,18,16.2435188293457,2,64,17,684,98
34.5109866194146,0.186035053373572,125,1337.17749023438,51,14,14,14,10,1359,13,55,30,19,16.6358814239502,1,-92,40,957,101
34.5255699527246,0.186035053373572,91,1351.80480957031,50,14,14,14,10,1377,13,55,32,18,16.6731967926025,3,-32,20,726,100
34.5589032860046,0.186035053373572,108,1406.18176269531,49,14,14,14,10,1396,15,54,32,19,16.817834854126,6,-121,21,659,99
34.6047366192646,0.186035053373572,115,1446.40637207031,49,14,14,14,10,1483,15,54,33,18,17.0159893035889,5,102,20,916,95
34.6818199524745,0.186035053373572,132,1469.53771972656,52,14,14,14,10,1497,18,55,30,18,17.3392124176025,6,27,25,1032,96
34.6880699524645,0.186035053373572,129,1480.81628417969,52,14,14,14,10,1503,16,54,30,18,17.3665313720703,8,148,21,747,98
34.8109866189345,0.186035053373572,143,1230.16821289062,52,14,14,14,10,1494,14,55,27,21,17.8554973602295,2,-26,24,4752,99
34.4276532862147,0.183951720043572,105,1328.9560546875,46,13,13,13,10,1305,9,57,36,18,16.1803321838379,3,-96,8,1005,102
34.4818199527946,0.183951720043572,109,1523.62023925781,51,14,14,14,10,1398,10,56,30,18,16.4242687225342,4,120,19,349,97
34.5109866194146,0.183951720043572,148,1363.06359863281,51,14,14,14,10,1373,13,56,31,19,16.6117267608643,6,-5,12,710,101
34.5172366194046,0.183951720043572,102,1363.06359863281,51,14,14,14,10,1373,13,56,31,19,16.6117267608643,6,-5,12,710,101
34.5234866193946,0.183951720043572,95,1340.17370605469,47,14,14,14,10,1394,12,56,33,19,16.6544494628906,3,-9,13,801,99
34.5818199526346,0.183951720043572,120,1414.13513183594,48,14,14,14,10,1417,14,54,32,20,16.9072170257568,5,-101,44,982,101
34.5859866192946,0.183951720043572,135,1414.685546875,50,14,14,14,10,1438,15,54,32,18,16.9397296905518,6,12,16,908,97
34.6089032859246,0.183951720043572,122,1505.13452148438,48,14,14,14,10,1470,17,54,34,18,17.0004444122314,5,5,17,892,99
34.6339032858846,0.183951720043572,129,1577.10009765625,49,14,14,14,10,1492,18,55,33,19,17.099739074707,5,44,17,1173,95
34.6797366191445,0.183951720043572,118,1392.21643066406,53,13,13,13,10,1478,15,56,30,18,17.3420486450195,2,23,10,1112,98
34.7026532857745,0.183951720043572,108,1364.82458496094,56,13,13,13,10,1482,17,55,27,17,17.4452514648438,5,68,10,1086,96
34.7089032857645,0.183951720043572,103,1364.82458496094,56,13,13,13,10,1482,17,55,27,17,17.4452514648438,5,68,10,1086,96
34.7984866189545,0.183951720043572,143,1263.81384277344,51,14,14,14,10,1482,15,54,28,22,17.7914543151855,7,-128,15,4401,99
34.3880699529447,0.181868386713572,123,1244.73852539062,50,13,13,13,10,1264,11,57,32,19,15.9520101547241,3,-88,12,1252,103
34.3901532862747,0.181868386713572,121,1244.73852539062,50,13,13,13,10,1264,11,57,32,19,15.9520101547241,3,-88,12,1252,103
34.4818199527946,0.181868386713572,122,1523.62023925781,51,14,14,14,10,1398,10,56,30,18,16.4242687225342,4,120,19,349,97
34.5151532860746,0.181868386713572,132,1363.06359863281,51,14,14,14,10,1373,13,56,31,19,16.6117267608643,6,-5,12,710,101
34.5505699526846,0.181868386713572,105,1404.13330078125,49,14,14,14,10,1427,11,54,32,19,16.757848739624,4,19,19,435,101
34.5526532860146,0.181868386713572,100,1444.55261230469,50,14,14,14,10,1411,13,54,32,19,16.7937870025635,4,-107,14,734,98
34.5818199526346,0.181868386713572,117,1414.13513183594,48,14,14,14,10,1417,14,54,32,20,16.9072170257568,5,-101,44,982,101
34.6422366192046,0.181868386713572,107,1549.53356933594,49,14,14,14,10,1487,17,54,33,18,17.1414699554443,6,90,9,1144,96
34.6526532858546,0.181868386713572,121,1479.3134765625,48,14,14,14,10,1465,13,55,33,18,17.2280502319336,6,-47,17,1075,95
34.7776532856545,0.181868386713572,117,1395.15808105469,53,14,14,14,10,1501,17,55,26,21,17.7280044555664,7,-55,23,3740,97
34.7839032856445,0.181868386713572,127,1395.15808105469,53,14,14,14,10,1501,17,55,26,21,17.7280044555664,7,-55,23,3740,97
34.4589032861646,0.179785053383572,100,1426.4677734375,46,14,14,14,10,1377,9,55,35,19,16.2998695373535,3,107,18,453,101
34.4672366194846,0.179785053383572,105,1465.46008300781,50,14,14,14,10,1359,11,56,32,18,16.3437385559082,3,-48,9,698,98
34.5276532860546,0.179785053383572,105,1352.03210449219,49,14,14,14,10,1407,12,55,33,19,16.6879863739014,3,62,13,711,100
34.6172366192446,0.179785053383572,111,1540.20178222656,49,14,14,14,10,1473,18,55,33,18,17.0348663330078,6,18,13,813,97
34.6193199525746,0.179785053383572,123,1567.146484375,48,14,14,14,10,1459,18,55,33,19,17.067798614502,4,-102,12,1100,98
34.6755699524845,0.179785053383572,124,1412.70007324219,47,14,14,14,10,1447,16,54,34,19,17.3078651428223,2,-103,18,1337,101
34.6797366191445,0.179785053383572,121,1392.21643066406,53,13,13,13,10,1478,15,56,30,18,17.3420486450195,2,23,10,1112,98
34.7547366190245,0.179785053383572,124,1472.01110839844,54,13,13,13,10,1542,16,54,25,21,17.627534866333,3,86,21,2575,97
34.8005699522845,0.179785053383572,137,1263.81384277344,51,14,14,14,10,1482,15,54,28,22,17.7914543151855,7,-128,15,4401,99
34.5818199526346,0.177701720053572,120,1414.13513183594,48,14,14,14,10,1417,14,54,32,20,16.9072170257568,5,-101,44,982,101
34.6484866191946,0.177701720053572,110,1506.79333496094,47,14,14,14,10,1487,14,55,35,18,17.1877403259277,6,37,14,1020,95
34.6526532858546,0.177701720053572,124,1479.3134765625,48,14,14,14,10,1465,13,55,33,18,17.2280502319336,6,-47,17,1075,95
34.7859866189745,0.177701720053572,121,1301.14440917969,52,14,14,14,10,1479,17,54,27,22,17.7619552612305,7,-149,17,4211,99
34.4609866194946,0.175618386723572,100,1474.54541015625,50,14,14,14,10,1394,10,56,32,18,16.3189392089844,4,102,11,272,103
34.4839032861246,0.175618386723572,116,1511.48803710938,51,14,14,14,10,1405,11,57,31,18,16.4062728881836,6,83,10,70,98
34.4964032861046,0.175618386723572,128,1509.20837402344,53,13,13,13,10,1407,10,55,30,17,16.491584777832,4,77,15,509,98
34.5130699527446,0.175618386723572,166,1420.11242675781,51,14,14,14,10,1395,11,55,31,18,16.5828666687012,4,52,19,664,98
34.5422366193646,0.175618386723572,106,1357.56823730469,50,14,14,14,10,1396,13,54,31,19,16.7082195281982,7,-107,30,855,97
34.5526532860146,0.175618386723572,106,1492.365234375,50,14,14,14,10,1450,14,54,31,19,16.7676582336426,6,43,15,600,97
34.5651532859946,0.175618386723572,117,1539.03955078125,50,14,14,14,10,1462,14,54,31,19,16.8050956726074,4,95,23,324,105
34.6401532858746,0.175618386723572,122,1487.35144042969,51,14,14,14,10,1461,16,56,32,18,17.1403408050537,6,32,17,1046,95
34.7151532857545,0.175618386723572,127,1336.96618652344,54,13,13,13,10,1458,21,56,29,17,17.4794292449951,8,-95,30,1599,95
34.7464032857045,0.175618386723572,117,1297.60827636719,52,14,14,14,10,1487,16,54,27,21,17.6003131866455,6,6,15,2605,100
34.7714032856645,0.175618386723572,118,1336.48095703125,50,14,14,14,10,1508,19,54,28,22,17.6826610565186,7,155,14,3464,101
34.4505699528447,0.173535053393572,112,1383.54870605469,47,13,13,13,10,1362,11,56,34,19,16.2397289276123,6,55,21,482,104
34.4880699527846,0.173535053393572,116,1522.35314941406,53,13,13,13,10,1396,12,56,29,18,16.4480400085449,4,53,21,406,101
34.7214032857445,0.173535053393572,122,1323.77355957031,54,13,13,13,10,1471,17,56,28,18,17.5100364685059,7,11,27,1664,93
34.7609866190145,0.173535053393572,102,1361.93737792969,52,14,14,14,10,1485,21,54,27,21,17.654167175293,13,-125,20,3347,97
34.7714032856645,0.173535053393572,152,1336.48095703125,50,14,14,14,10,1508,19,54,28,22,17.6826610565186,7,155,14,3464,101
34.7943199522945,0.173535053393572,139,1263.31945800781,49,14,14,14,10,1499,15,54,29,22,17.7672061920166,6,35,27,4239,98
34.8005699522845,0.173535053393572,145,1263.31945800781,49,14,14,14,10,1499,15,54,29,22,17.7672061920166,6,35,27,4239,98
34.4380699528647,0.171451720063572,124,1351.47607421875,47,13,13,13,10,1345,9,56,34,18,16.1968879699707,3,47,15,683,103
34.5505699526846,0.171451720063572,116,1411.93664550781,50,14,14,14,10,1435,12,54,31,19,16.7371349334717,5,67,12,650,96
34.5859866192946,0.171451720063572,132,1504.44006347656,51,14,14,14,10,1463,15,54,32,17,16.9161148071289,4,49,12,452,98
34.5880699526246,0.171451720063572,136,1504.44006347656,51,14,14,14,10,1463,15,54,32,17,16.9161148071289,4,49,12,452,98
34.6026532859346,0.171451720063572,134,1540.95373535156,48,14,14,14,10,1477,19,54,33,18,16.9865589141846,8,20,30,510,103
34.6401532858746,0.171451720063572,120,1487.35144042969,51,14,14,14,10,1461,16,56,32,18,17.1403408050537,6,32,17,1046,95
34.6714032858245,0.171451720063572,159,1354.94055175781,46,14,14,14,10,1455,14,55,35,19,17.2982616424561,8,94,9,1150,99
34.7005699524445,0.171451720063572,110,1318.35034179688,51,14,14,14,10,1430,17,55,31,19,17.4126510620117,6,-179,17,1374,97
34.7526532856945,0.171451720063572,116,1343.22680664062,52,13,13,13,10,1506,15,55,26,21,17.6243076324463,4,72,26,2640,99
34.7755699523245,0.171451720063572,136,1336.48095703125,50,14,14,14,10,1508,19,54,28,22,17.6826610565186,7,155,14,3464,101
34.7943199522945,0.171451720063572,137,1263.31945800781,49,14,14,14,10,1499,15,54,29,22,17.7672061920166,6,35,27,4239,98
34.4568199528346,0.169368386733572,117,1436.60363769531,48,14,14,14,10,1379,10,56,34,18,16.2765445709229,6,56,20,356,98
34.4630699528246,0.169368386733572,100,1474.54541015625,50,14,14,14,10,1394,10,56,32,18,16.3189392089844,4,102,11,272,103
34.4943199527746,0.169368386733572,114,1509.20837402344,53,13,13,13,10,1407,10,55,30,17,16.491584777832,4,77,15,509,98
34.5193199527346,0.169368386733572,95,1358.20031738281,50,14,14,14,10,1365,12,56,32,19,16.633373260498,3,-129,16,1054,99
34.5484866193546,0.169368386733572,114,1411.93664550781,50,14,14,14,10,1435,12,54,31,19,16.7371349334717,5,67,12,650,96
34.6964032857845,0.169368386733572,132,1318.35034179688,51,14,14,14,10,1430,17,55,31,19,17.4126510620117,6,-179,17,1374,97
34.7255699524045,0.169368386733572,118,1323.77355957031,54,13,13,13,10,1471,17,56,28,18,17.5100364685059,7,11,27,1664,93
34.7484866190345,0.169368386733572,132,1297.60827636719,52,14,14,14,10,1487,16,54,27,21,17.6003131866455,6,6,15,2605,100
34.5193199527346,0.167285053403572,101,1384.6435546875,51,14,14,14,10,1383,10,55,30,19,16.608003616333,2,-77,15,738,99
34.5422366193646,0.167285053403572,118,1373.98083496094,49,14,14,14,10,1394,15,54,32,19,16.686710357666,3,-117,19,839,96
34.5484866193546,0.167285053403572,117,1440.61535644531,50,14,14,14,10,1412,13,54,31,19,16.7199268341064,4,-101,15,705,96
34.5589032860046,0.167285053403572,120,1544.34020996094,50,14,14,14,10,1460,14,54,32,19,16.74951171875,3,12,20,366,100
34.6589032858446,0.167285053403572,120,1348.94055175781,48,14,14,14,10,1422,14,57,33,18,17.2167987823486,3,-151,26,1574,96
34.6964032857845,0.167285053403572,141,1368.45178222656,50,14,14,14,10,1475,13,55,32,19,17.3878345489502,1,8,20,1252,96
34.7318199523945,0.167285053403572,130,1270.67163085938,50,14,14,14,10,1425,16,56,30,21,17.5396022796631,0,-204,22,2555,97
34.4568199528346,0.165201720073572,111,1389.16064453125,49,13,13,13,10,1391,10,56,33,18,16.2598056793213,5,130,14,304,97
34.5568199526746,0.165201720073572,120,1544.34020996094,50,14,14,14,10,1460,14,54,32,19,16.74951171875,3,12,20,366,100
34.6255699525646,0.165201720073572,123,1498.89880371094,49,14,14,14,10,1460,15,56,34,18,17.0492286682129,3,49,12,923,101
34.6797366191445,0.165201720073572,129,1310.25280761719,49,14,14,14,10,1457,16,56,32,19,17.3274307250977,5,-6,15,1531,101
34.6901532857945,0.165201720073572,120,1320.93701171875,49,14,14,14,10,1471,14,54,32,19,17.3559532165527,6,54,19,1374,101
34.7339032857245,0.165201720073572,118,1270.67163085938,50,14,14,14,10,1425,16,56,30,21,17.5396022796631,0,-204,22,2555,97
34.7672366190045,0.165201720073572,161,1233.6611328125,48,14,14,14,10,1461,19,55,29,23,17.6628932952881,11,-119,14,3136,98
34.7943199522945,0.165201720073572,144,1269.6142578125,49,13,13,13,10,1518,17,54,29,23,17.7533073425293,4,105,16,3813,101
34.8005699522845,0.165201720073572,140,1269.6142578125,49,13,13,13,10,1518,17,54,29,23,17.7533073425293,4,105,16,3813,101
34.4589032861646,0.163118386743572,100,1389.16064453125,49,13,13,13,10,1391,10,56,33,18,16.2598056793213,5,130,14,304,97
34.4797366194646,0.163118386743572,116,1417.2451171875,55,13,13,13,10,1372,12,56,28,17,16.3967132568359,4,-87,12,632,96
34.5609866193346,0.163118386743572,101,1592.61254882812,50,14,14,14,10,1449,17,55,31,19,16.7875957489014,7,-23,41,628,101
34.6109866192546,0.163118386743572,132,1488.85791015625,49,14,14,14,10,1454,19,55,34,17,17.0160598754883,6,-47,17,1009,98
34.6797366191445,0.163118386743572,125,1310.25280761719,49,14,14,14,10,1457,16,56,32,19,17.3274307250977,5,-6,15,1531,101
34.6984866191145,0.163118386743572,121,1368.45178222656,50,14,14,14,10,1475,13,55,32,19,17.3878345489502,1,8,20,1252,96
34.7068199524345,0.163118386743572,126,1418.38342285156,51,14,14,14,10,1460,17,55,31,18,17.423469543457,5,-59,25,1516,91
34.7984866189545,0.163118386743572,151,1269.6142578125,49,13,13,13,10,1518,17,54,29,23,17.7533073425293,4,105,16,3813,101
34.4443199528547,0.161035053413572,138,1354.10668945312,49,13,13,13,10,1339,10,56,33,19,16.2215461730957,5,-64,17,725,98
34.4609866194946,0.161035053413572,101,1403.69201660156,49,14,14,14,10,1369,11,56,32,18,16.3058624267578,5,65,14,401,98
34.4922366194446,0.161035053413572,126,1458.97729492188,53,13,13,13,10,1417,13,55,29,18,16.4317016601562,3,123,14,370,96
34.5297366193846,0.161035053413572,115,1358.83374023438,50,14,14,14,10,1419,13,54,32,18,16.6468868255615,6,85,12,619,97
34.5359866193746,0.161035053413572,119,1373.98083496094,49,14,14,14,10,1394,15,54,32,19,16.686710357666,3,-117,19,839,96
34.5672366193246,0.161035053413572,120,1592.61254882812,50,14,14,14,10,1449,17,55,31,19,16.7875957489014,7,-23,41,628,101
34.7214032857445,0.161035053413572,157,1372.73742675781,52,14,14,14,10,1429,19,56,29,19,17.4952449798584,8,-180,12,2260,92
34.4984866194346,0.158951720083572,106,1394.91430664062,53,13,13,13,10,1383,12,55,29,18,16.4660797119141,2,-45,19,602,96
34.5005699527646,0.158951720083572,103,1394.91430664062,53,13,13,13,10,1383,12,55,29,18,16.4660797119141,2,-45,19,602,96
34.5026532860946,0.158951720083572,105,1404.20776367188,52,13,13,13,10,1402,13,56,30,18,16.5056018829346,3,-13,26,614,99
34.5130699527446,0.158951720083572,116,1406.759765625,51,13,13,13,10,1414,12,55,31,18,16.5448398590088,5,53,16,470,98
34.5255699527246,0.158951720083572,124,1400.5029296875,52,14,14,14,10,1406,12,56,31,18,16.585599899292,5,-1,9,621,100
34.5464032860246,0.158951720083572,116,1508.64208984375,50,14,14,14,10,1446,16,54,31,19,16.6955585479736,8,-47,31,581,93
34.5776532859746,0.158951720083572,112,1500.02795410156,49,14,14,14,10,1445,15,56,32,19,16.8597621917725,8,-88,23,732,98
34.5943199526146,0.158951720083572,138,1423.24829101562,50,14,14,14,10,1438,16,56,32,18,16.9389743804932,5,-26,18,579,95
34.6255699525646,0.158951720083572,141,1399.59045410156,48,14,14,14,10,1461,13,57,35,18,17.0461978912354,4,85,11,770,96
34.6276532858946,0.158951720083572,142,1360.36181640625,48,14,14,14,10,1424,12,56,34,18,17.0895290374756,3,-80,15,1220,99
34.6630699525046,0.158951720083572,116,1448.29650878906,49,14,14,14,10,1454,15,55,33,18,17.2193450927734,10,-63,24,1220,87
34.7359866190545,0.158951720083572,122,1276.83850097656,50,14,14,14,10,1465,17,54,29,21,17.5527629852295,8,-60,15,2685,99
34.7422366190445,0.158951720083572,115,1276.83850097656,50,14,14,14,10,1465,17,54,29,21,17.5527629852295,8,-60,15,2685,99
34.7505699523645,0.158951720083572,123,1252.65832519531,49,14,14,14,10,1444,16,56,29,22,17.5838317871094,5,-126,32,3024,100
34.4964032861046,0.156868386753572,106,1394.91430664062,53,13,13,13,10,1383,12,55,29,18,16.4660797119141,2,-45,19,602,96
34.5214032860646,0.156868386753572,125,1400.5029296875,52,14,14,14,10,1406,12,56,31,18,16.585599899292,5,-1,9,621,100
34.5693199526546,0.156868386753572,119,1595.75451660156,49,14,14,14,10,1438,15,55,32,19,16.8147010803223,4,-46,13,572,98
34.5755699526446,0.156868386753572,101,1595.75451660156,49,14,14,14,10,1438,15,55,32,19,16.8147010803223,4,-46,13,572,98
34.5943199526146,0.156868386753572,144,1423.24829101562,50,14,14,14,10,1438,16,56,32,18,16.9389743804932,5,-26,18,579,95
34.6359866192146,0.156868386753572,111,1324.02453613281,47,14,14,14,10,1416,12,56,34,19,17.1279754638672,4,-141,16,1420,97
34.4484866195147,0.154785053423572,123,1308.12158203125,51,13,13,13,10,1348,8,56,31,18,16.2047214508057,3,28,11,570,101
34.4526532861747,0.154785053423572,120,1331.5595703125,48,14,14,14,10,1349,9,56,33,19,16.2494106292725,6,-16,27,427,98
34.5901532859546,0.154785053423572,122,1451.3779296875,50,14,14,14,10,1436,15,55,32,18,16.8981533050537,2,19,15,589,102
34.6714032858245,0.154785053423572,121,1414.3701171875,49,14,14,14,10,1458,13,55,33,18,17.2642860412598,7,-54,16,1350,92
34.7755699523245,0.154785053423572,127,1221.20397949219,49,14,14,14,10,1470,14,55,29,22,17.6728420257568,6,-133,16,3548,100
34.4401532861947,0.152701720093572,139,1287.21447753906,50,13,13,13,10,1318,11,57,31,19,16.1618175506592,5,-69,24,935,102
34.4505699528447,0.152701720093572,112,1308.12158203125,51,13,13,13,10,1348,8,56,31,18,16.2047214508057,3,28,11,570,101
34.7005699524445,0.152701720093572,131,1421.34851074219,51,13,13,13,10,1499,13,54,31,18,17.3581142425537,9,125,28,1030,96
34.7089032857645,0.152701720093572,144,1513.56286621094,50,14,14,14,10,1543,18,54,32,18,17.3946151733398,7,278,52,721,95
34.4318199528747,0.150618386763572,124,1277.70446777344,51,13,13,13,10,1306,11,58,31,19,16.0952415466309,4,-114,18,1151,102
34.4901532861146,0.150618386763572,92,1378.66735839844,52,14,14,14,10,1360,11,55,31,18,16.4026927947998,8,-106,16,1022,95
34.5193199527346,0.150618386763572,127,1423.03308105469,51,14,14,14,10,1425,12,55,31,18,16.5626964569092,4,5,15,596,96
34.5380699527046,0.150618386763572,118,1522.75390625,51,13,13,13,10,1431,15,54,31,18,16.6371650695801,6,-45,15,493,98
34.5401532860346,0.150618386763572,114,1522.75390625,51,13,13,13,10,1431,15,54,31,18,16.6371650695801,6,-45,15,493,98
34.5693199526546,0.150618386763572,105,1611.61511230469,49,14,14,14,10,1451,16,56,33,18,16.7958316802979,5,51,17,481,96
34.6859866191345,0.150618386763572,134,1362.48181152344,48,14,14,14,10,1461,13,55,32,20,17.322380065918,7,-149,18,1146,100
34.6901532857945,0.150618386763572,132,1362.48181152344,48,14,14,14,10,1461,13,55,32,20,17.322380065918,7,-149,18,1146,100
34.7026532857745,0.150618386763572,124,1483.35815429688,51,14,14,14,10,1530,14,55,31,19,17.3766002655029,5,97,28,567,97
34.7234866190745,0.150618386763572,124,1519.00158691406,53,13,13,13,10,1497,14,54,29,18,17.4464721679688,5,-60,20,1751,95
34.7401532857145,0.150618386763572,125,1370.74792480469,53,14,14,14,10,1471,13,55,28,19,17.5229778289795,1,-45,16,2248,98
34.7526532856945,0.150618386763572,135,1308.73498535156,50,14,14,14,10,1488,16,55,29,21,17.5863628387451,5,-8,26,2505,99
34.4359866195347,0.148535053433572,122,1277.06616210938,51,13,13,13,10,1329,11,56,31,18,16.141170501709,5,-11,20,828,102
34.5276532860546,0.148535053433572,121,1479.90295410156,52,13,13,13,10,1436,13,55,30,18,16.5981693267822,5,49,16,640,96
34.5339032860446,0.148535053433572,126,1479.90295410156,52,13,13,13,10,1436,13,55,30,18,16.5981693267822,5,49,16,640,96
34.5984866192746,0.148535053433572,115,1357.28381347656,48,13,13,13,10,1412,13,56,34,19,16.9299411773682,1,-99,19,948,98
34.6005699526046,0.148535053433572,122,1357.28381347656,48,13,13,13,10,1412,13,56,34,19,16.9299411773682,1,-99,19,948,98
34.6464032858646,0.148535053433572,123,1332.38171386719,47,14,14,14,10,1444,13,56,35,18,17.1438846588135,5,-80,13,948,97
34.6818199524745,0.148535053433572,125,1403.67614746094,48,14,14,14,10,1462,14,55,32,20,17.281909942627,9,-35,36,1179,96
34.5443199526946,0.146451720103572,134,1567.07116699219,50,14,14,14,10,1468,15,55,31,19,16.6755237579346,2,108,15,310,97
34.6255699525646,0.146451720103572,112,1360.56591796875,48,14,14,14,10,1411,13,56,33,18,17.0344924926758,2,-157,11,1138,96
34.6505699525246,0.146451720103572,137,1332.38171386719,47,14,14,14,10,1444,13,56,35,18,17.1438846588135,5,-80,13,948,97
34.6734866191545,0.146451720103572,126,1484.24340820312,49,14,14,14,10,1462,14,55,33,18,17.2384071350098,3,-65,10,823,91
34.5005699527646,0.144368386773572,93,1358.60363769531,52,13,13,13,10,1368,11,55,30,18,16.4509906768799,3,-154,13,987,99
34.5276532860546,0.144368386773572,119,1479.90295410156,52,13,13,13,10,1436,13,55,30,18,16.5981693267822,5,49,16,640,96
34.6234866192346,0.144368386773572,122,1360.56591796875,48,14,14,14,10,1411,13,56,33,18,17.0344924926758,2,-157,11,1138,96
34.6505699525246,0.144368386773572,139,1332.38171386719,47,14,14,14,10,1444,13,56,35,18,17.1438846588135,5,-80,13,948,97
34.6922366191245,0.144368386773572,116,1362.48181152344,48,14,14,14,10,1461,13,55,32,20,17.322380065918,7,-149,18,1146,100
34.7109866190945,0.144368386773572,117,1539.943359375,51,14,14,14,10,1531,14,54,31,18,17.4122085571289,7,132,16,914,105
34.5172366194046,0.142285053443572,126,1388.47277832031,52,13,13,13,10,1399,11,55,30,18,16.5094833374023,3,-66,16,708,99
34.5880699526246,0.142285053443572,120,1354.08679199219,48,13,13,13,10,1409,13,56,34,18,16.8778133392334,1,-93,18,990,97
34.5984866192746,0.142285053443572,135,1355.41638183594,48,14,14,14,10,1431,13,56,33,19,16.9094829559326,5,-40,16,986,95
34.7026532857745,0.142285053443572,123,1407.43408203125,50,13,13,13,10,1516,14,55,31,19,17.3607349395752,7,-11,25,801,100
34.4964032861046,0.140201720113572,106,1416.33935546875,52,13,13,13,10,1378,10,54,30,18,16.4229965209961,8,-145,21,919,97
34.5026532860946,0.140201720113572,118,1383.95129394531,53,13,13,13,10,1380,11,56,29,18,16.4675598144531,3,-86,20,978,98
34.5318199527146,0.140201720113572,141,1536.12329101562,51,13,13,13,10,1447,12,55,31,18,16.5779476165771,5,18,19,440,97
34.5443199526946,0.140201720113572,129,1565.32312011719,52,14,14,14,10,1422,14,55,30,18,16.6657047271729,2,-120,15,651,97
34.6005699526046,0.140201720113572,126,1355.41638183594,48,14,14,14,10,1431,13,56,33,19,16.9094829559326,5,-40,16,986,95
34.6089032859246,0.140201720113572,119,1376.08764648438,49,14,14,14,10,1433,12,57,33,18,16.942626953125,3,-26,27,881,97
34.6380699525446,0.140201720113572,116,1327.79235839844,47,14,14,14,10,1445,13,57,34,18,17.0887794494629,5,-6,29,1122,100
34.6859866191345,0.140201720113572,127,1404.30017089844,50,14,14,14,10,1482,13,56,31,19,17.2968692779541,4,-45,16,1033,98
34.6880699524645,0.140201720113572,122,1404.30017089844,50,14,14,14,10,1482,13,56,31,19,17.2968692779541,4,-45,16,1033,98
34.7464032857045,0.140201720113572,129,1387.54162597656,51,14,14,14,10,1529,15,55,29,20,17.5395336151123,4,33,15,1938,99
34.5047366194246,0.138118386783572,131,1383.95129394531,53,13,13,13,10,1380,11,56,29,18,16.4675598144531,3,-86,20,978,98
34.5526532860146,0.138118386783572,136,1573.25646972656,51,14,14,14,10,1467,14,55,30,19,16.7030658721924,4,71,15,541,94
34.5672366193246,0.138118386783572,141,1589.68530273438,50,14,14,14,10,1480,14,54,31,19,16.7400455474854,8,167,17,255,94
34.6359866192146,0.138118386783572,121,1327.79235839844,47,14,14,14,10,1445,13,57,34,18,17.0887794494629,5,-6,29,1122,100
34.6776532858145,0.138118386783572,128,1461.919921875,50,14,14,14,10,1489,12,56,32,18,17.2526626586914,4,18,28,846,97
34.6047366192646,0.136035053453572,115,1376.08764648438,49,14,14,14,10,1433,12,57,33,18,16.942626953125,3,-26,27,881,97
34.6234866192346,0.136035053453572,123,1392.25708007812,46,14,14,14,10,1463,15,56,36,18,17.0084972381592,7,123,16,830,95
34.6380699525446,0.136035053453572,127,1327.79235839844,47,14,14,14,10,1445,13,57,34,18,17.0887794494629,5,-6,29,1122,100
34.6464032858646,0.133951720123572,116,1346.75256347656,47,14,14,14,10,1469,15,56,35,19,17.1041469573975,6,50,23,953,103
34.6901532857945,0.133951720123572,113,1465.33410644531,52,13,13,13,10,1514,14,56,30,19,17.2805805206299,4,17,16,1058,94
34.6984866191145,0.133951720123572,117,1401.23791503906,49,14,14,14,10,1490,12,55,32,20,17.3133335113525,3,-135,18,1122,98
34.5005699527646,0.131868386793572,129,1518.27954101562,51,13,13,13,10,1411,14,55,31,19,16.3927345275879,7,-18,15,705,96
34.5089032860846,0.131868386793572,122,1462.89282226562,51,13,13,13,10,1418,12,56,31,18,16.4405136108398,5,66,15,541,99
34.5693199526546,0.131868386793572,137,1418.06689453125,49,14,14,14,10,1431,14,56,33,18,16.7812786102295,7,-11,10,777,93
34.5797366193046,0.131868386793572,136,1370.99145507812,47,14,14,14,10,1411,14,55,33,20,16.8229846954346,1,-125,22,1189,95
34.6026532859346,0.131868386793572,105,1431.23034667969,48,14,14,14,10,1456,14,56,33,19,16.9183101654053,5,-43,18,880,97
34.4859866194546,0.129785053463572,135,1580.08557128906,52,13,13,13,10,1419,12,55,31,18,16.3412456512451,7,55,14,289,95
34.5130699527446,0.129785053463572,134,1431.53356933594,51,13,13,13,10,1412,12,56,31,18,16.489128112793,4,-56,13,707,99
34.5630699526646,0.129785053463572,114,1449.41784667969,50,14,14,14,10,1424,14,55,31,19,16.7407398223877,5,-61,15,796,94
34.6443199525346,0.129785053463572,135,1346.75256347656,47,14,14,14,10,1469,15,56,35,19,17.1041469573975,6,50,23,953,103
34.6859866191345,0.129785053463572,126,1465.33410644531,52,13,13,13,10,1514,14,56,30,19,17.2805805206299,4,17,16,1058,94
34.4589032861646,0.127701720133572,127,1385.259765625,49,13,13,13,10,1361,14,55,32,19,16.1753215789795,7,-124,18,590,98
34.4859866194546,0.127701720133572,139,1580.08557128906,52,13,13,13,10,1419,12,55,31,18,16.3412456512451,7,55,14,289,95
34.5089032860846,0.127701720133572,134,1462.89282226562,51,13,13,13,10,1418,12,56,31,18,16.4405136108398,5,66,15,541,99
34.6109866192546,0.127701720133572,115,1460.93383789062,49,14,14,14,10,1466,17,56,34,18,16.9494495391846,5,-12,17,965,97
34.4943199527746,0.125618386803572,146,1611.28576660156,51,13,13,13,10,1434,13,56,30,19,16.3676013946533,6,42,28,332,98
34.5047366194246,0.125618386803572,136,1571.26245117188,51,13,13,13,10,1432,13,56,30,19,16.414571762085,4,48,20,534,98
34.5901532859546,0.125618386803572,124,1406.24487304688,47,14,14,14,10,1440,14,56,33,19,16.8304805755615,2,-50,23,1099,94
34.4880699527846,0.123535053473572,164,1648.90808105469,50,13,13,13,10,1446,11,55,31,19,16.3161182403564,1,95,14,219,104
34.4755699528046,0.121451720143572,138,1529.513671875,51,13,13,13,10,1417,13,56,30,19,16.2341766357422,4,-7,19,412,95
34.5818199526346,0.121451720143572,126,1390.53479003906,47,14,14,14,10,1432,12,54,34,19,16.7968330383301,5,2,28,1124,94
34.5068199527546,0.119368386813572,146,1571.26245117188,51,13,13,13,10,1432,13,56,30,19,16.414571762085,4,48,20,534,98
34.4797366194646,0.115201720153572,162,1624.91748046875,51,14,14,14,10,1441,15,56,30,20,16.2518653869629,3,44,28,247,98
34.5776532859746,0.115201720153572,134,1411.17553710938,49,14,14,14,10,1471,12,56,33,19,16.7733001708984,4,108,22,909,97
34.5839032859646,0.115201720153572,116,1411.17553710938,49,14,14,14,10,1471,12,56,33,19,16.7733001708984,4,108,22,909,97
34.5859866192946,0.115201720153572,115,1414.76184082031,48,14,14,14,10,1482,11,57,33,18,16.8080673217773,6,143,17,769,98
34.4943199527746,0.113118386823572,145,1680.94445800781,49,14,14,14,10,1426,13,57,31,20,16.3458709716797,5,-114,15,634,99
34.4797366194646,0.111035053493572,186,1624.91748046875,51,14,14,14,10,1441,15,56,30,20,16.2518653869629,3,44,28,247,98
34.4901532861146,0.111035053493572,176,1670.95471191406,50,14,14,14,10,1447,14,56,31,20,16.2962703704834,3,62,21,239,110
34.5589032860046,0.111035053493572,137,1388.38562011719,50,13,13,13,10,1407,13,56,31,19,16.6700592041016,3,-93,14,1329,97
34.4776532861346,0.108951720163572,189,1611.31921386719,51,13,13,13,10,1426,15,56,30,20,16.2385768890381,4,-22,16,310,99
34.5547366193446,0.108951720163572,120,1389.42736816406,49,14,14,14,10,1420,14,56,32,20,16.6489448547363,4,-48,24,1356,96
34.4755699528046,0.106868386833572,186,1562.84204101562,51,13,13,13,10,1427,15,57,30,20,16.1939449310303,4,59,22,281,99
34.5776532859746,0.106868386833572,133,1381.71350097656,48,14,14,14,10,1451,11,56,33,19,16.7655773162842,7,24,13,886,97
34.5734866193146,0.104785053503572,144,1393.74841308594,48,14,14,14,10,1462,12,56,33,19,16.724027633667,2,109,16,920,101
34.4943199527746,0.102701720173572,177,1738.59765625,50,14,14,14,10,1432,13,56,31,20,16.3235149383545,1,-43,27,470,99
34.5755699526446,0.098535053513572,126,1362.28295898438,48,14,14,14,10,1431,12,56,32,20,16.7157955169678,5,-69,14,1272,98
