"X","Y","mg","annual_precip","clay","h20cap_pf2_0","h20cap_pf2_3","h20cap_pf2_5","land_cover","land_elevation","occ","ph20","sand","silt","temp_annual_range","terrain_slope","topo_pst_index","tree_cover","valley_depth","wet_index"
34.5839032859646,1.12561838520357,334,1482.25061035156,0,0,0,0,30,3857,143,58,0,0,17.4963092803955,21,-308,32,-1584,74
34.5859866192946,1.12353505187357,323,1595.80456542969,18,22,22,22,30,3974,150,58,48,34,17.4384651184082,15,117,45,-2958,71
34.5984866192746,1.11936838521357,308,1723.92431640625,19,22,22,22,120,4031,126,60,48,33,17.3873805999756,13,323,52,-4324,72
34.5964032859446,1.11728505188357,302,1766.00549316406,19,22,22,22,30,4040,142,58,48,33,17.3471984863281,20,372,47,-4938,70
34.5859866192946,1.11520171855357,341,1672.49523925781,18,22,22,22,30,4053,138,57,48,34,17.3639030456543,8,276,36,-3757,68
34.5922366192846,1.11520171855357,352,1672.49523925781,18,22,22,22,30,4053,138,57,48,34,17.3639030456543,8,276,36,-3757,68
34.6026532859346,1.10895171856357,312,1827.03039550781,18,22,22,22,30,3878,118,58,49,33,17.4067687988281,11,-104,21,-3924,70
34.5359866193746,1.10478505190357,421,1711.05322265625,18,22,22,22,10,4175,63,60,48,34,17.2615146636963,14,415,24,-1251,72
34.6005699526046,1.10478505190357,345,1801.77294921875,18,22,22,22,30,4015,126,56,49,34,17.3401031494141,21,282,47,-4332,67
34.5797366193046,1.10270171857357,376,1694.96801757812,18,22,22,22,30,4166,115,60,49,33,17.3265647888184,14,615,15,-3767,83
34.6068199525946,1.10270171857357,389,1827.03039550781,18,22,22,22,30,3878,118,58,49,33,17.4067687988281,11,-104,21,-3924,70
34.5318199527146,1.10061838524357,473,1588.50354003906,20,21,21,21,30,4052,90,60,47,33,17.2910499572754,28,17,20,2086,74
34.5630699526646,1.10061838524357,400,1742.11865234375,18,22,22,22,30,4129,59,59,49,34,17.2752590179443,19,421,20,-1887,69
34.5839032859646,1.10061838524357,430,1777.20642089844,17,22,22,22,30,4090,64,60,49,34,17.2961101531982,19,345,21,-2361,66
34.6109866192546,1.10061838524357,341,1862.29565429688,19,21,21,21,180,3743,79,62,48,33,17.5114059448242,11,15,21,-3691,72
34.5359866193746,1.09853505191357,490,1647.03857421875,19,21,21,21,30,4046,65,59,48,33,17.267635345459,18,68,17,60,75
34.5547366193446,1.09853505191357,449,1727.96252441406,18,22,22,22,30,4136,55,59,49,34,17.2668800354004,19,285,10,-888,70
34.6089032859246,1.09853505191357,418,1841.92468261719,19,21,21,21,180,3899,72,63,48,33,17.4312953948975,20,285,15,-3838,70
34.5234866193946,1.09645171858357,479,1527.48132324219,20,21,21,21,180,3904,64,61,47,33,17.2812576293945,14,-311,14,2278,74
34.5422366193646,1.09645171858357,507,1647.03857421875,19,21,21,21,30,4046,65,59,48,33,17.267635345459,18,68,17,60,75
34.5651532859946,1.09645171858357,401,1742.11865234375,18,22,22,22,30,4129,59,59,49,34,17.2752590179443,19,421,20,-1887,69
34.5672366193246,1.09645171858357,421,1742.11865234375,18,22,22,22,30,4129,59,59,49,34,17.2752590179443,19,421,20,-1887,69
34.6276532858946,1.09436838525357,478,1903.0771484375,22,20,20,20,120,3536,76,62,46,32,17.5804214477539,24,148,37,-3477,73
34.6172366192446,1.09228505192357,482,1879.00378417969,19,21,21,21,180,3752,72,63,48,33,17.5336856842041,21,391,15,-3472,71
34.5797366193046,1.09020171859357,416,1807.57116699219,19,21,21,21,180,4043,58,61,48,33,17.3042984008789,27,311,14,-1144,69
34.5880699526246,1.09020171859357,445,1823.7626953125,18,22,22,22,120,3874,66,60,49,33,17.3548336029053,27,-243,18,-1429,71
34.5922366192846,1.09020171859357,484,1823.7626953125,18,22,22,22,120,3874,66,60,49,33,17.3548336029053,27,-243,18,-1429,71
34.6276532858946,1.09020171859357,409,1917.8447265625,22,20,20,20,30,3406,63,59,47,32,17.5843257904053,23,-88,25,-3071,74
34.6401532858746,1.09020171859357,362,1929.56970214844,24,19,19,19,30,3247,41,61,44,33,17.601261138916,11,-512,29,-2662,79
34.5234866193946,1.08811838526357,496,1459.88598632812,23,20,20,20,30,3921,61,59,45,32,17.3468589782715,16,86,8,2799,78
34.5255699527246,1.08811838526357,508,1459.88598632812,23,20,20,20,30,3921,61,59,45,32,17.3468589782715,16,86,8,2799,78
34.5880699526246,1.08811838526357,436,1823.7626953125,18,22,22,22,120,3874,66,60,49,33,17.3548336029053,27,-243,18,-1429,71
34.6005699526046,1.08811838526357,448,1839.5947265625,19,22,22,22,30,3833,81,62,48,33,17.4213733673096,14,-48,21,-1981,73
34.6047366192646,1.08811838526357,454,1858.16357421875,20,22,22,22,30,3786,65,63,47,33,17.467565536499,12,128,32,-3212,73
34.6109866192546,1.08811838526357,392,1879.00378417969,19,21,21,21,180,3752,72,63,48,33,17.5336856842041,21,391,15,-3472,71
34.6151532859146,1.08811838526357,406,1879.00378417969,19,21,21,21,180,3752,72,63,48,33,17.5336856842041,21,391,15,-3472,71
34.5839032859646,1.08603505193357,483,1807.57116699219,19,21,21,21,180,4043,58,61,48,33,17.3042984008789,27,311,14,-1144,69
34.5964032859446,1.08603505193357,459,1839.5947265625,19,22,22,22,30,3833,81,62,48,33,17.4213733673096,14,-48,21,-1981,73
34.6484866191946,1.08603505193357,361,1944.63024902344,24,19,19,19,30,3207,26,63,43,33,17.6102294921875,13,-343,21,-3277,80
34.5297366193846,1.08395171860357,510,1493.02905273438,24,20,20,20,30,3810,48,61,43,32,17.3714122772217,20,-195,13,3372,74
34.6359866192146,1.08395171860357,364,1941.18127441406,25,19,19,19,30,3281,38,63,41,34,17.6072769165039,12,-72,19,-3157,78
34.6005699526046,1.08186838527357,505,1858.05004882812,21,21,21,21,30,3757,73,63,45,34,17.4846000671387,12,-47,11,-1095,75
34.6172366192446,1.07978505194357,491,1897.45483398438,21,21,21,21,180,3610,85,62,46,34,17.5518398284912,15,124,18,-2718,73
34.6109866192546,1.07770171861357,497,1897.45483398438,21,21,21,21,180,3610,85,62,46,34,17.5518398284912,15,124,18,-2718,73
34.6172366192446,1.07561838528357,433,1915.89709472656,23,20,20,20,90,3489,60,62,43,35,17.5624237060547,12,-118,23,-1470,77
34.6526532858546,1.07561838528357,284,1981.30212402344,27,18,18,18,30,3211,26,62,39,35,17.6258716583252,9,349,15,-3325,86
34.5151532860746,1.07353505195357,460,1439.06494140625,23,20,20,20,180,3686,49,60,43,34,17.4832611083984,12,0,15,3505,79
34.6422366192046,1.07353505195357,320,1953.70971679688,25,18,18,18,90,3207,32,64,41,34,17.6070289611816,15,-187,18,-2928,79
34.5172366194046,1.07145171862357,470,1439.06494140625,23,20,20,20,180,3686,49,60,43,34,17.4832611083984,12,0,15,3505,79
34.6130699525846,1.07145171862357,458,1915.89709472656,23,20,20,20,90,3489,60,62,43,35,17.5624237060547,12,-118,23,-1470,77
34.6172366192446,1.07145171862357,502,1915.89709472656,23,20,20,20,90,3489,60,62,43,35,17.5624237060547,12,-118,23,-1470,77
34.6359866192146,1.07145171862357,435,1953.70971679688,25,18,18,18,90,3207,32,64,41,34,17.6070289611816,15,-187,18,-2928,79
34.6047366192646,1.06728505196357,499,1914.88854980469,24,20,20,20,30,3489,58,63,42,35,17.5564060211182,11,-31,19,-489,75
34.5318199527146,1.06103505197357,534,1547.46618652344,25,19,19,19,30,3648,56,60,42,33,17.4966640472412,10,52,8,3266,78
34.6505699525246,1.05895171864357,311,1979.38061523438,28,17,17,17,30,3207,29,61,39,33,17.6150360107422,17,-15,63,-2270,84
34.5276532860546,1.05686838531357,503,1581.97900390625,24,19,19,19,120,3544,62,61,42,34,17.5055389404297,11,57,12,3205,80
34.6422366192046,1.05686838531357,380,1969.16662597656,27,18,18,18,30,3319,34,64,38,35,17.6036605834961,16,265,39,-2656,92
34.5151532860746,1.05478505198357,437,1534.85241699219,23,20,20,20,30,3485,66,63,43,35,17.4960975646973,12,-82,16,3301,77
34.5234866193946,1.05270171865356,480,1563.05151367188,24,20,20,20,30,3528,58,62,42,34,17.5007190704346,15,170,13,3043,81
34.5901532859546,1.05270171865356,548,1867.58764648438,26,20,20,20,180,3498,59,63,41,33,17.5430679321289,10,-7,20,1511,76
34.6255699525646,1.05061838532356,438,1957.85400390625,26,18,18,18,90,3345,34,62,40,34,17.5814990997314,10,107,20,-1500,81
34.6172366192446,1.04853505199356,443,1946.27282714844,26,18,18,18,180,3334,31,63,40,34,17.5726432800293,1,-86,17,-408,80
34.6401532858746,1.04853505199356,445,1978.09301757812,27,18,18,18,30,3267,33,62,38,35,17.5998592376709,13,115,30,-2210,96
34.6276532858946,1.04645171866356,396,1967.29711914062,26,18,18,18,11,3266,27,61,40,35,17.5912933349609,8,-83,21,-1498,83
34.6484866191946,1.04645171866356,415,1991.39196777344,28,18,18,18,180,3255,30,62,39,34,17.609037399292,6,253,21,-2925,91
34.5526532860146,1.04436838533356,533,1684.59350585938,25,19,19,19,30,3439,38,63,41,34,17.5234527587891,8,-253,13,4151,79
34.6130699525846,1.04436838533356,476,1946.27282714844,26,18,18,18,180,3334,31,63,40,34,17.5726432800293,1,-86,17,-408,80
34.5005699527646,1.04228505200356,419,1543.46362304688,21,20,20,20,30,3224,37,59,43,36,17.4872894287109,28,-587,54,5286,80
34.5214032860646,1.04228505200356,381,1594.21118164062,22,19,19,19,30,3402,40,62,42,36,17.501501083374,16,278,16,3180,82
34.6297366192246,1.04228505200356,504,1974.73278808594,27,18,18,18,30,3288,28,63,39,34,17.5900382995605,13,76,31,-1176,85
34.5172366194046,1.04020171867356,359,1569.47814941406,23,20,20,20,30,3284,39,60,44,34,17.4965724945068,27,-381,33,4805,77
34.5922366192846,1.04020171867356,506,1870.2607421875,25,18,18,18,30,3332,34,64,42,33,17.5517864227295,15,-240,27,2236,83
34.6568199525146,1.04020171867356,287,2020.18078613281,29,18,18,18,11,3158,32,60,39,32,17.614953994751,13,155,27,-2626,83
34.5672366193246,1.03811838534356,492,1810.677734375,25,20,20,20,30,3431,32,62,42,34,17.5280723571777,9,-54,15,3549,83
34.5693199526546,1.03811838534356,451,1876.53820800781,24,20,20,20,180,3462,35,63,42,34,17.5334911346436,10,214,16,3289,84
34.5755699526446,1.03811838534356,522,1876.53820800781,24,20,20,20,180,3462,35,63,42,34,17.5334911346436,10,214,16,3289,84
34.6234866192346,1.03603505201356,410,1962.20617675781,25,18,18,18,90,3290,28,62,40,35,17.5808010101318,1,61,16,-636,83
34.6255699525646,1.03603505201356,414,1962.20617675781,25,18,18,18,90,3290,28,62,40,35,17.5808010101318,1,61,16,-636,83
34.6484866191946,1.03395171868356,358,2015.35949707031,29,18,18,18,90,3169,31,61,40,32,17.6066570281982,16,153,25,-865,85
34.5172366194046,1.03186838535356,346,1538.23474121094,22,20,20,20,30,3186,29,58,44,34,17.4968223571777,25,-441,29,5067,78
34.5672366193246,1.03186838535356,469,1842.82836914062,25,19,19,19,120,3438,30,64,41,34,17.5276279449463,12,224,18,2434,89
34.5818199526346,1.03186838535356,500,1900.53308105469,25,19,19,19,90,3379,33,64,41,34,17.5434131622314,13,227,21,2109,84
34.6005699526046,1.03186838535356,417,1887.54431152344,24,18,18,18,120,3316,34,62,42,34,17.5597763061523,15,177,19,970,87
34.6193199525746,1.03186838535356,371,1958.04992675781,25,19,19,19,30,3273,30,61,40,35,17.5800819396973,8,244,15,-38,80
34.6484866191946,1.03186838535356,334,2015.35949707031,29,18,18,18,90,3169,31,61,40,32,17.6066570281982,16,153,25,-865,85
34.6568199525146,1.03186838535356,268,2032.02209472656,28,17,17,17,90,3025,35,57,41,31,17.6110553741455,11,-395,58,-854,85
34.5005699527646,1.02978505202356,384,1539.32336425781,22,20,20,20,11,3192,35,59,42,36,17.4860076904297,25,-357,96,5229,81
34.5026532860946,1.02978505202356,380,1530.82531738281,21,20,20,20,30,3293,37,59,43,35,17.489221572876,24,294,15,4162,77
34.5109866194146,1.02978505202356,406,1538.23474121094,22,20,20,20,30,3186,29,58,44,34,17.4968223571777,25,-441,29,5067,78
34.5276532860546,1.02978505202356,397,1533.28100585938,21,20,20,20,120,3221,26,62,42,37,17.5092830657959,11,-210,22,4132,85
34.6484866191946,1.02978505202356,316,2015.35949707031,29,18,18,18,90,3169,31,61,40,32,17.6066570281982,16,153,25,-865,85
34.6630699525046,1.02978505202356,289,2046.67858886719,28,18,18,18,90,2991,29,58,41,32,17.6074733734131,28,-199,72,-1444,84
34.5297366193846,1.02770171869356,344,1533.28100585938,21,20,20,20,120,3221,26,62,42,37,17.5092830657959,11,-210,22,4132,85
34.5734866193146,1.02770171869356,454,1904.982421875,25,18,18,18,120,3440,29,65,42,33,17.5331840515137,10,221,17,2413,83
34.6401532858746,1.02770171869356,322,1998.69873046875,28,18,18,18,11,3227,29,61,39,33,17.5984039306641,5,220,16,-487,84
34.5297366193846,1.02561838536356,349,1507.96118164062,21,20,20,20,90,3213,25,60,41,37,17.5072689056396,11,-145,17,3752,88
34.5505699526846,1.02561838536356,465,1649.17614746094,23,19,19,19,180,3368,28,64,41,36,17.5155181884766,8,327,15,2051,92
34.5943199526146,1.02561838536356,450,1887.4765625,26,18,18,18,120,3294,23,61,41,34,17.5614204406738,10,305,34,1260,85
34.6026532859346,1.02561838536356,446,1899.77014160156,25,19,19,19,30,3204,26,60,39,35,17.5692043304443,8,120,26,1146,85
34.6255699525646,1.02561838536356,329,1938.50988769531,26,18,18,18,30,3121,22,60,42,32,17.581470489502,17,-285,84,1191,81
34.5714032859846,1.02353505203356,471,1928.13146972656,24,19,19,19,30,3371,29,65,42,35,17.5329666137695,7,130,19,1785,84
34.6484866191946,1.02353505203356,274,2024.31323242188,27,18,18,18,11,3160,28,58,42,31,17.6029186248779,6,314,16,-20,79
34.6651532858346,1.02353505203356,290,2057.56518554688,28,17,17,17,10,2987,52,56,40,32,17.5895175933838,24,-87,83,-246,84
34.6714032858246,1.02353505203356,279,2068.79321289062,28,18,18,18,50,2812,44,55,41,32,17.5836658477783,18,-418,87,-1190,86
34.5047366194246,1.02145171870356,385,1511.80114746094,22,20,20,20,30,3197,32,57,42,35,17.4873123168945,21,253,18,4334,81
34.5214032860646,1.02145171870356,332,1513.88610839844,22,20,20,20,11,3293,37,59,42,36,17.4992351531982,7,449,18,3231,79
34.6505699525246,1.02145171870356,308,2024.31323242188,27,18,18,18,11,3160,28,58,42,31,17.6029186248779,6,314,16,-20,79
34.5172366194046,1.01936838537356,378,1491.89868164062,23,20,20,20,90,3073,26,56,43,35,17.4938335418701,17,-580,88,5370,79
34.5943199526146,1.01936838537356,432,1887.4765625,26,18,18,18,120,3294,23,61,41,34,17.5614204406738,10,305,34,1260,85
34.6359866192146,1.01936838537356,323,2004.32934570312,26,18,18,18,50,3037,23,58,42,32,17.5972309112549,9,-389,73,1318,80
34.5109866194146,1.01728505204356,360,1467.76989746094,23,20,20,20,10,3007,31,55,41,36,17.4780158996582,17,-552,93,5379,79
34.5276532860546,1.01728505204356,384,1531.48583984375,22,21,21,21,30,3279,35,60,42,36,17.5033073425293,21,370,24,2702,93
34.6359866192146,1.01728505204356,305,2000.21240234375,26,19,19,19,120,3150,36,58,42,32,17.5895233154297,24,409,44,436,83
34.6484866191946,1.01728505204356,288,2022.71423339844,26,19,19,19,90,2977,35,57,41,33,17.593448638916,27,-320,97,913,81
34.6755699524846,1.01728505204356,281,2079.97631835938,30,18,18,18,90,2999,42,56,40,31,17.5752773284912,10,370,58,-1243,81
34.4922366194446,1.01520171871356,394,1598.15222167969,22,19,19,19,90,2993,51,55,42,37,17.4555549621582,11,-399,98,4535,82
34.5693199526546,1.01520171871356,444,1939.64794921875,23,19,19,19,30,3322,32,63,42,35,17.5325889587402,12,228,35,913,80
34.6484866191946,1.01520171871356,301,2022.71423339844,26,19,19,19,90,2977,35,57,41,33,17.593448638916,27,-320,97,913,81
34.5026532860946,1.01311838538356,334,1512.02709960938,23,20,20,20,90,3073,32,57,42,35,17.478141784668,12,14,40,4914,80
34.5964032859446,1.01311838538356,319,1898.8779296875,26,17,17,17,30,3096,20,61,40,34,17.5599403381348,18,-376,97,2102,84
34.6026532859346,1.01311838538356,318,1910.224609375,26,18,18,18,90,3159,27,58,39,34,17.5684661865234,7,147,49,1497,87
34.6297366192246,1.01311838538356,316,1968.70202636719,26,19,19,19,30,3043,22,58,42,32,17.5838890075684,22,-221,63,1260,83
34.6547366191846,1.01311838538356,270,2046.35180664062,27,19,19,19,30,3062,30,58,41,32,17.5969219207764,4,254,13,124,83
34.4964032861046,1.01103505205356,393,1553.36791992188,22,19,19,19,90,3115,46,55,42,36,17.4704456329346,14,116,99,4612,82
34.5922366192846,1.01103505205356,273,1922.29541015625,25,18,18,18,11,3162,27,60,41,34,17.5531406402588,14,-147,31,1963,83
34.5984866192746,1.01103505205356,322,1898.8779296875,26,17,17,17,30,3096,20,61,40,34,17.5599403381348,18,-376,97,2102,84
34.6047366192646,1.01103505205356,307,1910.224609375,26,18,18,18,90,3159,27,58,39,34,17.5684661865234,7,147,49,1497,87
34.6380699525446,1.01103505205356,304,2000.21240234375,26,19,19,19,120,3150,36,58,42,32,17.5895233154297,24,409,44,436,83
34.6547366191846,1.01103505205356,260,2046.35180664062,27,19,19,19,30,3062,30,58,41,32,17.5969219207764,4,254,13,124,83
34.6255699525646,1.00895171872356,275,1964.42456054688,26,19,19,19,30,3083,33,58,41,34,17.5693035125732,9,132,31,1181,93
34.4922366194446,1.00686838539356,381,1602.89074707031,21,20,20,20,10,2900,57,54,42,37,17.4299449920654,9,-480,79,5191,85
34.5151532860746,1.00686838539356,379,1471.01342773438,23,19,19,19,90,2931,33,56,42,35,17.4561805725098,18,-475,69,5433,81
34.5214032860646,1.00686838539356,386,1507.84765625,24,20,20,20,10,3073,43,54,41,35,17.4824542999268,27,-104,81,3941,75
34.5839032859646,1.00686838539356,353,1968.23120117188,24,18,18,18,30,3238,31,60,40,36,17.5401229858398,23,373,31,518,79
34.5880699526246,1.00686838539356,314,1939.07470703125,25,18,18,18,90,3147,32,60,40,34,17.549129486084,5,-39,42,1671,84
34.6568199525146,1.00686838539356,268,2037.27355957031,26,19,19,19,90,2980,27,56,42,32,17.5824546813965,7,98,97,608,82
34.4922366194446,1.00478505206356,377,1602.89074707031,21,20,20,20,10,2900,57,54,42,37,17.4299449920654,9,-480,79,5191,85
34.5068199527546,1.00478505206356,354,1527.00805664062,23,19,19,19,11,3008,32,54,42,35,17.456579208374,8,0,48,5088,81
34.6484866191946,1.00478505206356,288,2007.86181640625,26,19,19,19,90,2916,33,56,42,32,17.5723361968994,7,-175,80,1330,84
34.5047366194246,1.00270171873356,378,1527.00805664062,23,19,19,19,11,3008,32,54,42,35,17.456579208374,8,0,48,5088,81
34.5984866192746,1.00270171873356,324,1908.99096679688,26,18,18,18,90,3046,30,58,40,34,17.550500869751,5,-283,93,2333,87
34.6255699525646,1.00270171873356,268,1964.42456054688,26,19,19,19,30,3083,33,58,41,34,17.5693035125732,9,132,31,1181,93
34.6276532858946,1.00270171873356,260,1983.66357421875,27,19,19,19,30,3022,22,56,40,34,17.5689239501953,8,-163,75,1509,87
34.6297366192246,1.00270171873356,272,1983.66357421875,27,19,19,19,30,3022,22,56,40,34,17.5689239501953,8,-163,75,1509,87
34.6651532858346,1.00270171873356,264,2070.24780273438,27,19,19,19,90,2987,42,57,41,32,17.5887031555176,10,238,34,-223,80
34.6755699524846,1.00270171873356,267,2089.22314453125,28,18,18,18,90,2970,39,55,41,31,17.5823249816895,24,427,64,-1618,78
34.5047366194246,1.00061838540356,374,1527.7099609375,23,20,20,20,10,2988,44,54,42,35,17.4273624420166,8,187,67,4993,83
34.5672366193246,1.00061838540356,285,1908.08508300781,23,20,20,20,30,3151,21,60,41,37,17.5236511230469,6,-43,16,647,88
34.6568199525146,1.00061838540356,263,2023.81323242188,26,19,19,19,11,2863,34,56,42,32,17.5573921203613,23,-221,97,467,86
34.6630699525046,1.00061838540356,262,2059.67358398438,27,19,19,19,90,2906,42,54,42,32,17.5672302246094,21,44,77,-713,83
34.5151532860746,0.998535052073562,387,1475.62622070312,23,20,20,20,11,2902,37,54,42,35,17.4291687011719,9,-394,99,5259,83
34.6589032858446,0.998535052073562,254,2023.81323242188,26,19,19,19,11,2863,34,56,42,32,17.5573921203613,23,-221,97,467,86
34.5193199527346,0.996451718743562,389,1520.77697753906,24,20,20,20,90,3008,50,54,42,35,17.4568614959717,27,-198,86,4406,76
34.5589032860046,0.996451718743562,290,1866.76831054688,22,20,20,20,30,3137,19,60,42,36,17.5140075683594,10,-220,30,971,84
34.6109866192546,0.996451718743562,312,1948.23315429688,25,19,19,19,11,3086,37,56,42,33,17.5520038604736,13,293,70,816,89
34.6172366192446,0.996451718743562,279,1948.23315429688,25,19,19,19,11,3086,37,56,42,33,17.5520038604736,13,293,70,816,89
34.6234866192346,0.996451718743562,282,1986.017578125,25,19,19,19,30,3035,29,56,42,33,17.5592994689941,15,-42,66,588,91
34.5068199527546,0.994368385413562,368,1527.7099609375,23,20,20,20,10,2988,44,54,42,35,17.4273624420166,8,187,67,4993,83
34.5193199527346,0.994368385413562,395,1520.77697753906,24,20,20,20,90,3008,50,54,42,35,17.4568614959717,27,-198,86,4406,76
34.5547366193446,0.994368385413562,324,1866.76831054688,22,20,20,20,30,3137,19,60,42,36,17.5140075683594,10,-220,30,971,84
34.5984866192746,0.994368385413562,267,1921.36181640625,25,19,19,19,30,3106,26,58,41,33,17.5386600494385,19,192,74,1715,90
34.6047366192646,0.994368385413562,328,1923.11791992188,26,18,18,18,11,2974,33,56,42,33,17.5426692962646,32,-362,97,1639,87
34.6839032858045,0.994368385413562,255,2099.10424804688,29,18,18,18,90,2838,29,54,41,30,17.5581550598145,14,33,91,-1359,80
34.4984866194346,0.992285052083562,373,1568.2705078125,24,19,19,19,10,2911,58,54,40,36,17.3814811706543,14,157,93,5144,86
34.5422366193646,0.992285052083562,287,1684.69360351562,22,20,20,20,90,3020,41,55,43,36,17.4737968444824,32,-493,96,2457,81
34.5568199526746,0.992285052083562,301,1867.71716308594,21,20,20,20,30,3076,22,59,43,36,17.5015716552734,12,-229,18,996,87
34.5755699526446,0.992285052083562,334,1939.91430664062,23,19,19,19,90,3114,30,56,43,35,17.513786315918,27,205,54,964,83
34.5922366192846,0.992285052083562,266,1899.40026855469,23,19,19,19,90,3040,27,57,44,34,17.5147380828857,2,110,30,1199,85
34.6026532859346,0.992285052083562,317,1927.00305175781,25,19,19,19,30,2974,38,55,42,33,17.5214977264404,30,87,62,1710,88
34.6130699525846,0.992285052083562,292,1915.88757324219,25,19,19,19,90,2951,28,55,41,33,17.5198707580566,20,-176,92,1202,88
34.6630699525046,0.992285052083562,255,2046.86413574219,28,19,19,19,90,2751,38,55,40,31,17.5344486236572,21,-503,62,-39,88
34.6839032858045,0.992285052083562,250,2089.78002929688,29,19,19,19,90,2793,33,55,40,32,17.5444068908691,9,97,92,-2059,86
34.4984866194346,0.990201718753562,376,1568.2705078125,24,19,19,19,10,2911,58,54,40,36,17.3814811706543,14,157,93,5144,86
34.5297366193846,0.990201718753562,313,1623.20581054688,24,19,19,19,90,3062,28,55,41,35,17.4612312316895,9,152,34,2251,80
34.5589032860046,0.990201718753562,309,1867.71716308594,21,20,20,20,30,3076,22,59,43,36,17.5015716552734,12,-229,18,996,87
34.5880699526246,0.990201718753562,264,1899.40026855469,23,19,19,19,90,3040,27,57,44,34,17.5147380828857,2,110,30,1199,85
34.6318199525546,0.990201718753562,277,2010.33911132812,26,19,19,19,90,2983,31,55,43,32,17.5393753051758,10,74,97,158,87
34.6818199524745,0.990201718753562,251,2089.78002929688,29,19,19,19,90,2793,33,55,40,32,17.5444068908691,9,97,92,-2059,86
34.5797366193046,0.988118385423562,345,1902.97509765625,23,18,18,18,120,2982,31,56,43,33,17.502571105957,14,-439,64,1563,80
34.6693199524946,0.988118385423562,274,2070.75659179688,29,18,18,18,90,2857,38,56,40,31,17.5433616638184,5,205,42,-1641,85
34.6734866191546,0.988118385423562,271,2070.75659179688,29,18,18,18,90,2857,38,56,40,31,17.5433616638184,5,205,42,-1641,85
34.6839032858045,0.988118385423562,242,2089.78002929688,29,19,19,19,90,2793,33,55,40,32,17.5444068908691,9,97,92,-2059,86
34.7026532857745,0.988118385423562,249,2099.423828125,35,17,17,17,10,2633,43,57,35,30,17.5401134490967,7,-39,24,-2319,92
34.4901532861146,0.986035052093562,389,1616.03100585938,23,20,20,20,10,2793,63,54,39,37,17.3674163818359,7,-418,69,6147,87
34.5047366194246,0.986035052093562,382,1509.35534667969,24,20,20,20,90,2867,54,56,41,35,17.3849964141846,25,-116,57,5124,84
34.5734866193146,0.986035052093562,338,1939.91430664062,23,19,19,19,90,3114,30,56,43,35,17.513786315918,27,205,54,964,83
34.5776532859746,0.986035052093562,357,1902.97509765625,23,18,18,18,120,2982,31,56,43,33,17.502571105957,14,-439,64,1563,80
34.5818199526346,0.986035052093562,327,1902.97509765625,23,18,18,18,120,2982,31,56,43,33,17.502571105957,14,-439,64,1563,80
34.6255699525646,0.986035052093562,279,1956.35729980469,26,19,19,19,30,2986,28,55,42,33,17.533275604248,13,6,86,915,92
34.6589032858446,0.986035052093562,276,2031.29760742188,28,19,19,19,90,2797,31,54,42,31,17.5352020263672,20,-158,91,1190,88
34.6818199524745,0.986035052093562,253,2089.78002929688,29,19,19,19,90,2793,33,55,40,32,17.5444068908691,9,97,92,-2059,86
34.6839032858045,0.986035052093562,244,2089.78002929688,29,19,19,19,90,2793,33,55,40,32,17.5444068908691,9,97,92,-2059,86
34.5109866194146,0.983951718763562,371,1517.79431152344,24,19,19,19,10,2928,55,54,40,36,17.3871002197266,8,160,89,3898,85
34.5359866193746,0.983951718763562,358,1680.65441894531,22,19,19,19,90,2989,46,54,42,36,17.4500122070312,8,93,54,2367,84
34.6151532859146,0.983951718763562,297,1893.12780761719,26,19,19,19,90,2884,40,54,42,33,17.5027332305908,29,6,97,788,88
34.6943199524545,0.983951718763562,249,2098.30981445312,34,17,17,17,10,2692,45,55,37,29,17.5381908416748,14,111,65,-2614,93
34.7005699524445,0.983951718763562,253,2098.30981445312,34,17,17,17,10,2692,45,55,37,29,17.5381908416748,14,111,65,-2614,93
34.5109866194146,0.981868385433562,370,1517.79431152344,24,19,19,19,10,2928,55,54,40,36,17.3871002197266,8,160,89,3898,85
34.5234866193946,0.981868385433562,351,1583.14086914062,25,19,19,19,90,2943,55,55,41,34,17.415922164917,14,-17,95,3386,81
34.5672366193246,0.981868385433562,316,1953.12841796875,23,20,20,20,90,3097,19,58,42,35,17.497522354126,6,202,35,521,89
34.5943199526146,0.981868385433562,305,1935.013671875,24,19,19,19,90,2991,29,55,43,33,17.5080337524414,16,211,91,1023,93
34.6672366191646,0.981868385433562,280,2057.77563476562,29,18,18,18,90,2803,38,53,40,31,17.5264339447021,21,54,87,-546,94
34.6693199524946,0.981868385433562,288,2062.47265625,29,19,19,19,10,2736,29,55,40,31,17.5250949859619,24,-431,88,-413,90
34.6839032858045,0.981868385433562,264,2074.43090820312,31,18,18,18,90,2753,31,55,38,32,17.5291576385498,13,-129,93,-1410,90
34.6880699524645,0.981868385433562,232,2089.33081054688,33,17,17,17,10,2721,41,54,37,30,17.5371723175049,9,113,48,-2067,97
34.7047366191045,0.981868385433562,249,2099.76098632812,36,17,17,17,90,2629,34,55,36,28,17.5361099243164,10,-15,94,-2572,91
34.5672366193246,0.979785052103562,321,1953.12841796875,23,20,20,20,90,3097,19,58,42,35,17.497522354126,6,202,35,521,89
34.6297366192246,0.979785052103562,231,1990.36706542969,26,19,19,19,10,2908,41,54,42,33,17.5247745513916,7,-15,14,674,93
34.6672366191646,0.979785052103562,275,2057.77563476562,29,18,18,18,90,2803,38,53,40,31,17.5264339447021,21,54,87,-546,94
34.5880699526246,0.977701718773562,336,1836.06005859375,23,19,19,19,90,3000,31,56,43,34,17.4912738800049,9,118,55,1196,83
34.6276532858946,0.977701718773562,249,1990.36706542969,26,19,19,19,10,2908,41,54,42,33,17.5247745513916,7,-15,14,674,93
34.6526532858546,0.977701718773562,252,2060.6005859375,28,18,18,18,90,2817,38,56,40,32,17.5278968811035,10,41,90,-299,92
34.6755699524846,0.977701718773562,286,2062.47265625,29,19,19,19,10,2736,29,55,40,31,17.5250949859619,24,-431,88,-413,90
34.7026532857745,0.977701718773562,254,2099.76098632812,36,17,17,17,90,2629,34,55,36,28,17.5361099243164,10,-15,94,-2572,91
34.5276532860546,0.975618385443562,340,1668.95300292969,24,19,19,19,10,2961,49,52,41,35,17.4137573242188,11,349,56,1864,77
34.5797366193046,0.975618385443562,324,1745.24096679688,25,18,18,18,90,2803,44,53,41,34,17.4530239105225,17,-422,87,2650,79
34.5880699526246,0.975618385443562,315,1764.35119628906,24,19,19,19,90,2886,37,53,42,34,17.466646194458,15,-198,88,1628,81
34.6214032859046,0.975618385443562,276,1856.19189453125,26,19,19,19,90,2833,40,53,41,34,17.4922637939453,30,-513,96,1532,90
34.6484866191946,0.975618385443562,255,2087.57080078125,30,17,17,17,90,2837,37,53,40,30,17.5247135162354,14,-6,95,-123,89
34.5130699527446,0.973535052113563,375,1576.06616210938,25,20,20,20,10,2867,66,53,40,35,17.3703079223633,3,95,72,4137,85
34.5214032860646,0.973535052113563,370,1638.06713867188,25,20,20,20,10,2939,58,51,41,34,17.3964385986328,18,128,91,3450,79
34.6651532858346,0.973535052113563,224,2085.51123046875,31,18,18,18,90,2786,25,54,39,31,17.52370262146,5,53,97,-953,97
34.4964032861046,0.971451718783563,400,1555.61743164062,25,20,20,20,10,2761,59,54,39,36,17.3261299133301,13,-43,90,5740,88
34.5047366194246,0.971451718783563,377,1535.77294921875,25,20,20,20,10,2698,61,53,40,35,17.3384876251221,12,-391,74,5851,87
34.5318199527146,0.971451718783563,372,1668.95300292969,24,19,19,19,10,2961,49,52,41,35,17.4137573242188,11,349,56,1864,77
34.6276532858946,0.971451718783563,283,1967.79260253906,27,19,19,19,10,2896,34,53,40,33,17.5137805938721,5,118,12,-159,93
34.6630699525046,0.971451718783563,203,2085.51123046875,31,18,18,18,90,2786,25,54,39,31,17.52370262146,5,53,97,-953,97
34.5964032859446,0.969368385453563,270,1919.10217285156,24,19,19,19,90,2993,32,55,42,34,17.492712020874,9,382,64,285,87
34.6151532859146,0.969368385453563,285,1895.56384277344,26,19,19,19,90,2810,30,53,42,33,17.4890289306641,16,-341,98,1343,91
34.6214032859046,0.969368385453563,270,1856.19189453125,26,19,19,19,90,2833,40,53,41,34,17.4922637939453,30,-513,96,1532,90
34.6255699525646,0.969368385453563,234,1856.19189453125,26,19,19,19,90,2833,40,53,41,34,17.4922637939453,30,-513,96,1532,90
34.6859866191345,0.969368385453563,255,2077.9736328125,32,18,18,18,10,2700,42,55,37,31,17.5248241424561,14,150,30,-2016,91
34.6922366191245,0.969368385453563,237,2077.9736328125,32,18,18,18,10,2700,42,55,37,31,17.5248241424561,14,150,30,-2016,91
34.7005699524445,0.969368385453563,238,2086.11010742188,34,17,17,17,10,2671,39,55,38,29,17.5295753479004,7,172,57,-2491,91
34.5172366194046,0.967285052123563,358,1636.646484375,26,20,20,20,10,2827,56,52,40,35,17.3509979248047,14,236,77,3843,86
34.5589032860046,0.967285052123563,325,1835.26635742188,23,20,20,20,90,2913,26,53,43,35,17.4269199371338,10,64,65,1816,84
34.6005699526046,0.967285052123563,256,1893.98901367188,24,19,19,19,10,2959,34,54,41,35,17.4788131713867,7,397,30,262,84
34.6026532859346,0.967285052123563,252,1998.70825195312,25,19,19,19,90,2912,42,52,41,35,17.4888916015625,12,169,89,222,93
34.6089032859246,0.967285052123563,255,1998.70825195312,25,19,19,19,90,2912,42,52,41,35,17.4888916015625,12,169,89,222,93
34.7109866190945,0.967285052123563,267,2070.21704101562,38,16,16,16,10,2596,41,57,35,27,17.5257987976074,7,201,16,-3012,95
34.5005699527646,0.965201718793563,379,1573.01086425781,26,19,19,19,10,2696,55,52,39,35,17.3058948516846,21,61,83,5586,91
34.5964032859446,0.965201718793563,268,1893.98901367188,24,19,19,19,10,2959,34,54,41,35,17.4788131713867,7,397,30,262,84
34.6130699525846,0.965201718793563,258,1919.42724609375,25,19,19,19,90,2823,41,54,40,34,17.4812030792236,10,-165,98,285,91
34.6380699525446,0.965201718793563,230,2064.09106445312,29,19,19,19,90,2883,37,54,39,32,17.514669418335,4,69,77,-875,95
34.5047366194246,0.963118385463563,410,1587.87646484375,26,20,20,20,90,2762,52,52,40,34,17.3252449035645,20,-106,83,5854,87
34.5089032860846,0.963118385463563,388,1587.87646484375,26,20,20,20,90,2762,52,52,40,34,17.3252449035645,20,-106,83,5854,87
34.5359866193746,0.963118385463563,392,1659.1494140625,24,19,19,19,10,2742,50,51,42,34,17.3825569152832,26,-621,93,3645,84
34.6005699526046,0.963118385463563,228,1893.98901367188,24,19,19,19,10,2959,34,54,41,35,17.4788131713867,7,397,30,262,84
34.4901532861146,0.961035052133563,440,1599.14013671875,25,20,20,20,90,2697,51,52,39,36,17.2901210784912,22,-241,91,6132,87
34.5318199527146,0.961035052133563,375,1672.046875,25,20,20,20,10,2876,49,51,41,34,17.3802070617676,21,52,92,2756,77
34.5359866193746,0.961035052133563,396,1659.1494140625,24,19,19,19,10,2742,50,51,42,34,17.3825569152832,26,-621,93,3645,84
34.5526532860146,0.961035052133563,357,1835.26635742188,23,20,20,20,90,2913,26,53,43,35,17.4269199371338,10,64,65,1816,84
34.5547366193446,0.961035052133563,341,1835.26635742188,23,20,20,20,90,2913,26,53,43,35,17.4269199371338,10,64,65,1816,84
34.6109866192546,0.961035052133563,274,1919.42724609375,25,19,19,19,90,2823,41,54,40,34,17.4812030792236,10,-165,98,285,91
34.6297366192246,0.961035052133563,256,1962.08569335938,27,19,19,19,90,2887,32,54,40,33,17.5035152435303,3,256,18,-425,96
34.6568199525146,0.961035052133563,261,2101.51025390625,31,18,18,18,90,2786,40,54,39,31,17.519437789917,2,-25,47,-887,91
34.6714032858246,0.961035052133563,254,2104.40478515625,31,18,18,18,90,2739,36,55,39,31,17.5201892852783,8,76,94,-1183,94
34.6984866191145,0.961035052133563,255,2071.8408203125,34,17,17,17,10,2634,42,54,37,30,17.5157814025879,6,40,97,-2108,93
34.5005699527646,0.958951718803563,367,1602.52062988281,27,20,20,20,10,2630,50,52,40,34,17.2845840454102,17,-46,76,5547,88
34.5630699526646,0.958951718803563,333,1785.47583007812,25,19,19,19,10,2757,49,52,40,35,17.4032192230225,13,-101,65,2100,78
34.5755699526446,0.958951718803563,324,1689.93139648438,26,19,19,19,10,2765,54,52,39,35,17.4033088684082,8,-129,59,2451,82
34.5797366193046,0.958951718803563,321,1612.71179199219,25,19,19,19,90,2730,43,52,40,36,17.4090156555176,6,-146,89,2483,85
34.6526532858546,0.958951718803563,274,2094.24169921875,32,18,18,18,90,2802,37,53,39,30,17.5091724395752,13,218,93,-1511,88
34.6651532858346,0.958951718803563,263,2108.12133789062,32,18,18,18,90,2815,30,54,39,30,17.5150051116943,2,254,85,-1999,95
34.7005699524445,0.958951718803563,270,2068.8984375,35,17,17,17,10,2570,34,54,36,29,17.5073108673096,9,-127,97,-1625,94
34.7130699524245,0.958951718803563,313,2050.47778320312,38,16,16,16,10,2531,26,56,36,26,17.5135936737061,9,-86,95,-2432,94
34.5339032860446,0.956868385473563,406,1660.06652832031,26,20,20,20,10,2738,49,52,40,34,17.3487911224365,7,-41,62,3507,82
34.5818199526346,0.956868385473563,311,1612.71179199219,25,19,19,19,90,2730,43,52,40,36,17.4090156555176,6,-146,89,2483,85
34.6047366192646,0.956868385473563,232,2012.73999023438,26,19,19,19,90,2924,33,53,40,34,17.4815692901611,5,324,53,-459,101
34.6172366192446,0.956868385473563,267,1944.91979980469,26,18,18,18,90,2825,39,52,40,34,17.4771575927734,18,114,96,232,85
34.6505699525246,0.956868385473563,277,2091.7001953125,31,18,18,18,90,2850,36,53,39,31,17.5051403045654,9,142,97,-1402,87
34.6984866191145,0.956868385473563,255,2068.8984375,35,17,17,17,10,2570,34,54,36,29,17.5073108673096,9,-127,97,-1625,94
34.4880699527846,0.954785052143563,421,1586.47839355469,26,20,20,20,10,2694,53,52,39,35,17.2650909423828,17,32,92,5095,86
34.5172366194046,0.954785052143563,381,1685.23095703125,26,20,20,20,90,2736,57,52,40,34,17.3280735015869,16,-83,75,4549,87
34.5234866193946,0.954785052143563,386,1690.34851074219,25,20,20,20,10,2791,52,51,41,33,17.343677520752,9,207,92,3462,82
34.5318199527146,0.954785052143563,388,1660.06652832031,26,20,20,20,10,2738,49,52,40,34,17.3487911224365,7,-41,62,3507,82
34.5359866193746,0.954785052143563,416,1658.12731933594,26,19,19,19,50,2736,46,51,40,34,17.3583526611328,22,-351,79,4076,85
34.5526532860146,0.954785052143563,365,1795.32336425781,25,19,19,19,90,2838,41,52,41,34,17.4001083374023,11,209,91,1869,84
34.5547366193446,0.954785052143563,367,1795.32336425781,25,19,19,19,90,2838,41,52,41,34,17.4001083374023,11,209,91,1869,84
34.5568199526746,0.954785052143563,338,1795.32336425781,25,19,19,19,90,2838,41,52,41,34,17.4001083374023,11,209,91,1869,84
34.6505699525246,0.954785052143563,282,2091.7001953125,31,18,18,18,90,2850,36,53,39,31,17.5051403045654,9,142,97,-1402,87
34.6005699526046,0.952701718813563,241,1882.34851074219,24,19,19,19,90,2924,41,52,41,34,17.465892791748,9,404,99,-10,81
34.6172366192446,0.952701718813563,309,1944.91979980469,26,18,18,18,90,2825,39,52,40,34,17.4771575927734,18,114,96,232,85
34.6214032859046,0.952701718813563,287,1865.04626464844,28,18,18,18,90,2731,41,54,39,33,17.4694061279297,20,-626,97,1198,90
34.6276532858946,0.952701718813563,296,1972.11437988281,27,18,18,18,90,2891,34,54,39,34,17.4937057495117,2,322,54,-1001,93
34.6318199525546,0.952701718813563,277,1972.11437988281,27,18,18,18,90,2891,34,54,39,34,17.4937057495117,2,322,54,-1001,93
34.6714032858246,0.952701718813563,285,2120.845703125,33,17,17,17,90,2736,34,54,39,29,17.5173683166504,12,143,97,-1588,90
34.5068199527546,0.950618385483563,370,1703.10693359375,27,19,19,19,10,2695,44,51,40,33,17.2915363311768,4,91,77,5087,92
34.5214032860646,0.950618385483563,367,1679.63818359375,26,19,19,19,90,2709,50,51,41,34,17.3135299682617,8,203,81,3987,83
34.5547366193446,0.950618385483563,352,1759.45471191406,26,18,18,18,90,2786,43,52,40,34,17.3712310791016,7,286,78,2107,82
34.5755699526446,0.950618385483563,298,1652.4150390625,28,18,18,18,90,2690,47,51,38,34,17.381217956543,18,-337,88,2983,85
34.5880699526246,0.950618385483563,304,1699.72521972656,27,19,19,19,90,2737,43,52,40,34,17.4143142700195,27,-241,70,2034,82
34.6109866192546,0.950618385483563,305,1920.50061035156,29,18,18,18,90,2867,39,54,38,33,17.4609355926514,22,479,75,-783,80
34.6297366192246,0.950618385483563,271,1970.42260742188,30,18,18,18,90,2853,37,53,37,33,17.480884552002,6,496,84,-1408,86
34.6318199525546,0.950618385483563,270,1970.42260742188,30,18,18,18,90,2853,37,53,37,33,17.480884552002,6,496,84,-1408,86
34.6797366191445,0.950618385483563,270,2121.14233398438,33,17,17,17,10,2735,34,55,38,29,17.51344871521,9,389,95,-2398,93
34.4818199527946,0.948535052153563,423,1583.69653320312,26,20,20,20,90,2487,52,51,40,34,17.213020324707,9,-387,86,5896,87
34.5109866194146,0.948535052153563,385,1717.00354003906,27,19,19,19,10,2657,47,53,40,33,17.3031768798828,16,-36,75,4705,87
34.5401532860346,0.948535052153563,395,1674.17565917969,28,19,19,19,90,2710,40,52,40,32,17.3395462036133,20,-98,97,3758,85
34.5672366193246,0.948535052153563,330,1720.17517089844,26,18,18,18,90,2701,48,51,39,34,17.3746185302734,14,-217,84,2984,79
34.5755699526446,0.948535052153563,281,1652.4150390625,28,18,18,18,90,2690,47,51,38,34,17.381217956543,18,-337,88,2983,85
34.6026532859346,0.948535052153563,284,1984.45727539062,28,18,18,18,90,2895,32,53,39,34,17.4619750976562,9,452,53,-831,82
34.6318199525546,0.948535052153563,277,1970.42260742188,30,18,18,18,90,2853,37,53,37,33,17.480884552002,6,496,84,-1408,86
34.6839032858045,0.948535052153563,293,2121.14233398438,33,17,17,17,10,2735,34,55,38,29,17.51344871521,9,389,95,-2398,93
34.7047366191045,0.948535052153563,227,2056.83349609375,35,17,17,17,10,2575,31,54,36,29,17.5072364807129,11,227,62,-1860,96
34.4880699527846,0.946451718823563,397,1586.03674316406,27,19,19,19,90,2662,50,51,40,33,17.2450847625732,17,300,98,5018,90
34.5339032860446,0.946451718823563,411,1640.99267578125,27,19,19,19,90,2660,55,51,40,34,17.3159675598145,20,-134,79,4113,84
34.5484866193546,0.946451718823563,374,1735.87072753906,28,18,18,18,90,2745,50,51,39,33,17.359094619751,7,214,96,3062,86
34.5609866193346,0.946451718823563,323,1720.17517089844,26,18,18,18,90,2701,48,51,39,34,17.3746185302734,14,-217,84,2984,79
34.5755699526446,0.946451718823563,280,1652.4150390625,28,18,18,18,90,2690,47,51,38,34,17.381217956543,18,-337,88,2983,85
34.5797366193046,0.946451718823563,269,1623.85754394531,27,18,18,18,10,2695,51,51,39,34,17.3940086364746,15,-22,72,2145,91
34.5901532859546,0.946451718823563,324,1699.72521972656,27,19,19,19,90,2737,43,52,40,34,17.4143142700195,27,-241,70,2034,82
34.5922366192846,0.946451718823563,329,1699.72521972656,27,19,19,19,90,2737,43,52,40,34,17.4143142700195,27,-241,70,2034,82
34.6464032858646,0.946451718823563,277,2084.37866210938,31,18,18,18,90,2747,38,53,39,31,17.4902648925781,16,-50,85,-1043,84
34.6651532858346,0.946451718823563,265,2095.96484375,32,17,17,17,90,2756,38,54,39,30,17.5026397705078,4,80,92,-2006,88
34.6755699524846,0.946451718823563,286,2119.59130859375,32,17,17,17,90,2730,37,54,38,30,17.5093822479248,1,173,91,-2073,92
34.7255699524045,0.946451718823563,284,2032.35412597656,39,16,16,16,10,2506,40,57,35,26,17.5097579956055,12,48,45,-2399,93
34.5234866193946,0.944368385493563,375,1679.63818359375,26,19,19,19,90,2709,50,51,41,34,17.3135299682617,8,203,81,3987,83
34.5464032860246,0.944368385493563,361,1735.87072753906,28,18,18,18,90,2745,50,51,39,33,17.359094619751,7,214,96,3062,86
34.5526532860146,0.944368385493563,357,1759.45471191406,26,18,18,18,90,2786,43,52,40,34,17.3712310791016,7,286,78,2107,82
34.6839032858045,0.944368385493563,333,2121.14233398438,33,17,17,17,10,2735,34,55,38,29,17.51344871521,9,389,95,-2398,93
34.7047366191045,0.944368385493563,283,2056.83349609375,35,17,17,17,10,2575,31,54,36,29,17.5072364807129,11,227,62,-1860,96
34.7276532857345,0.944368385493563,304,2056.30346679688,39,16,16,16,10,2479,36,58,35,26,17.5201473236084,15,-1,74,-2743,96
34.5380699527046,0.942285052163563,374,1703.96496582031,29,19,19,19,90,2710,39,55,39,32,17.323221206665,7,293,92,3423,81
34.6193199525746,0.942285052163563,340,1816.17053222656,31,18,18,18,90,2564,45,51,37,32,17.4293479919434,8,-624,84,780,87
34.5859866192946,0.940201718833563,305,1728.67858886719,29,18,18,18,10,2726,44,52,38,34,17.3961086273193,19,24,78,1659,83
34.6151532859146,0.938118385503563,320,1844.06384277344,31,18,18,18,90,2673,47,51,38,32,17.4281387329102,24,-35,93,106,82
34.6484866191946,0.938118385503563,298,2079.4560546875,31,18,18,18,10,2741,49,52,38,31,17.474853515625,5,141,76,-1658,80
34.6734866191546,0.938118385503563,321,2081.12133789062,33,17,17,17,10,2632,38,52,38,30,17.4875450134277,21,-118,80,-1758,81
34.6880699524645,0.938118385503563,262,2070.74096679688,36,17,17,17,10,2541,39,52,36,29,17.4863948822021,8,-144,58,-1516,79
34.7130699524245,0.938118385503563,270,2042.88256835938,37,16,16,16,10,2472,34,56,36,27,17.4983787536621,16,87,58,-2275,91
34.5151532860746,0.936035052173563,376,1729.80090332031,28,19,19,19,10,2640,44,53,39,33,17.2805519104004,15,106,97,4649,88
34.5630699526646,0.936035052173563,319,1686.92175292969,28,19,19,19,10,2607,45,51,38,34,17.3496685028076,16,-58,97,2967,82
34.5651532859946,0.936035052173563,315,1686.92175292969,28,19,19,19,10,2607,45,51,38,34,17.3496685028076,16,-58,97,2967,82
34.5984866192746,0.936035052173563,312,1852.63159179688,30,18,18,18,90,2732,44,51,38,32,17.4185771942139,18,168,71,115,77
34.6151532859146,0.936035052173563,318,1844.06384277344,31,18,18,18,90,2673,47,51,38,32,17.4281387329102,24,-35,93,106,82
34.6651532858346,0.936035052173563,301,2065.41870117188,31,18,18,18,10,2727,51,52,39,30,17.4847316741943,13,350,84,-2233,82
34.6776532858146,0.936035052173563,310,2090.70703125,35,16,16,16,10,2671,34,53,37,29,17.4973430633545,21,459,95,-2913,80
34.6943199524545,0.936035052173563,260,2052.89672851562,36,17,17,17,10,2468,42,52,35,30,17.4859752655029,17,-407,94,-1119,88
34.7193199524145,0.936035052173563,267,2022.1640625,38,17,17,17,10,2429,30,58,35,27,17.4980049133301,7,-119,15,-2015,93
34.4776532861346,0.933951718843563,379,1592.73022460938,28,19,19,19,90,2467,45,53,40,33,17.1792144775391,34,-342,97,6539,90
34.5359866193746,0.933951718843563,355,1752.74780273438,30,18,18,18,10,2658,38,54,38,32,17.3046436309814,10,320,97,2985,83
34.5380699527046,0.933951718843563,352,1752.74780273438,30,18,18,18,10,2658,38,54,38,32,17.3046436309814,10,320,97,2985,83
34.5589032860046,0.933951718843563,371,1742.14172363281,30,18,18,18,10,2623,36,54,37,33,17.3219203948975,11,84,73,2704,85
34.5609866193346,0.933951718843563,351,1677.70751953125,29,19,19,19,10,2586,34,54,37,34,17.3257713317871,9,-81,99,2906,85
34.5714032859846,0.933951718843563,320,1650.60522460938,29,18,18,18,90,2560,46,52,37,34,17.3363456726074,27,-323,81,2902,83
34.6130699525846,0.933951718843563,316,1780.56945800781,31,18,18,18,10,2581,47,53,36,33,17.3998584747314,24,-126,84,665,85
34.6359866192146,0.933951718843563,294,2047.02600097656,32,18,18,18,10,2686,43,52,38,30,17.4512672424316,11,91,54,-1103,75
34.6734866191546,0.933951718843563,316,1976.64636230469,35,17,17,17,10,2512,39,54,35,31,17.4582004547119,26,-380,97,-614,78
34.5005699527646,0.931868385513563,346,1709.50915527344,31,19,19,19,90,2592,43,51,38,32,17.2264976501465,6,46,97,4934,90
34.5109866194146,0.931868385513563,373,1718.76635742188,29,18,18,18,10,2618,37,54,37,33,17.25754737854,19,295,98,4155,87
34.5297366193846,0.931868385513563,398,1651.00122070312,30,18,18,18,10,2549,45,52,38,32,17.2736110687256,30,-374,97,5426,85
34.5672366193246,0.931868385513563,330,1677.70751953125,29,19,19,19,10,2586,34,54,37,34,17.3257713317871,9,-81,99,2906,85
34.5901532859546,0.931868385513563,309,1763.97216796875,30,18,18,18,10,2598,39,51,37,33,17.3754577636719,10,-277,86,1493,87
34.6109866192546,0.931868385513563,303,1780.56945800781,31,18,18,18,10,2581,47,53,36,33,17.3998584747314,24,-126,84,665,85
34.6443199525346,0.931868385513563,301,2067.41088867188,33,18,18,18,10,2647,46,53,37,30,17.4537506103516,14,-65,96,-1058,79
34.6589032858446,0.931868385513563,289,2035.94482421875,33,18,18,18,10,2619,48,53,37,30,17.4582710266113,15,215,58,-1232,86
34.7151532857545,0.931868385513563,269,2047.7568359375,39,16,16,16,10,2441,35,58,36,26,17.4893760681152,6,-117,43,-1427,95
34.7214032857445,0.931868385513563,292,2030.40795898438,40,16,16,16,10,2413,30,57,35,25,17.4907989501953,9,-146,98,-1339,95
34.7505699523645,0.931868385513563,481,2013.12390136719,43,16,16,16,10,2336,36,59,33,24,17.5749130249023,11,9,14,-1885,87
34.5068199527546,0.929785052183563,366,1762.44250488281,29,19,19,19,10,2581,38,51,39,32,17.2485847473145,8,47,89,4855,90
34.6526532858546,0.929785052183563,305,2035.94482421875,33,18,18,18,10,2619,48,53,37,30,17.4582710266113,15,215,58,-1232,86
34.7380699523845,0.929785052183563,453,2016.666015625,42,16,16,16,10,2359,32,57,34,24,17.5561256408691,19,-202,85,-1435,88
34.4797366194646,0.927701718853563,397,1592.73022460938,28,19,19,19,90,2467,45,53,40,33,17.1792144775391,34,-342,97,6539,90
34.4880699527846,0.927701718853563,375,1628.84973144531,30,19,19,19,90,2536,46,51,38,32,17.2020835876465,20,262,96,5156,91
34.4922366194446,0.927701718853563,391,1628.84973144531,30,19,19,19,90,2536,46,51,38,32,17.2020835876465,20,262,96,5156,91
34.5984866192746,0.927701718853563,286,1852.03430175781,31,18,18,18,10,2638,43,54,37,33,17.3942432403564,12,28,99,783,87
34.6214032859046,0.927701718853563,294,1789.95434570312,32,18,18,18,10,2611,46,52,36,32,17.4129695892334,29,-295,80,1175,86
34.6276532858946,0.927701718853563,296,1936.64123535156,31,18,18,18,10,2755,46,53,38,31,17.4417400360107,25,518,76,-1594,79
34.6651532858346,0.927701718853563,306,1986.30163574219,33,18,18,18,10,2623,48,52,37,30,17.456714630127,23,167,72,-1608,84
34.5172366194046,0.925618385523563,371,1685.54260253906,30,18,18,18,10,2484,34,55,38,32,17.2333221435547,10,-27,93,4790,86
34.5214032860646,0.925618385523563,376,1616.55297851562,30,18,18,18,90,2404,37,53,39,31,17.2426872253418,25,-544,88,5270,81
34.5443199526946,0.925618385523563,325,1827.25073242188,30,18,18,18,90,2543,33,54,38,33,17.2929973602295,7,-56,100,3309,85
34.7359866190545,0.925618385523563,425,1983.93286132812,42,16,16,16,10,2268,38,59,34,24,17.6084251403809,11,-225,24,-274,90
34.7380699523845,0.925618385523563,455,1983.93286132812,42,16,16,16,10,2268,38,59,34,24,17.6084251403809,11,-225,24,-274,90
34.7568199523545,0.925618385523563,417,1988.40844726562,42,16,16,16,10,2308,32,60,34,24,17.6420936584473,10,216,20,-1439,94
34.4943199527746,0.923535052193563,382,1732.05310058594,30,18,18,18,90,2550,31,52,38,32,17.2055435180664,8,216,96,5043,92
34.5880699526246,0.923535052193563,295,1802.07543945312,31,18,18,18,90,2601,44,53,37,33,17.3570728302002,16,5,93,1158,88
34.6297366192246,0.923535052193563,299,1908.052734375,31,18,18,18,10,2631,44,52,38,31,17.4151039123535,9,269,97,-695,78
34.6755699524846,0.923535052193563,300,1836.89855957031,36,16,16,16,10,2441,50,54,35,30,17.444091796875,18,-276,93,-149,81
34.6818199524745,0.923535052193563,272,1908.40869140625,36,16,16,16,10,2447,48,52,35,29,17.4504203796387,7,-167,98,-477,82
34.7234866190745,0.923535052193563,329,2044.96594238281,41,16,16,16,10,2428,28,55,35,24,17.4924068450928,14,168,95,-652,98
34.4964032861046,0.921451718863563,379,1732.05310058594,30,18,18,18,90,2550,31,52,38,32,17.2055435180664,8,216,96,5043,92
34.5068199527546,0.921451718863563,390,1754.67041015625,31,18,18,18,90,2509,38,52,38,32,17.2222862243652,10,48,99,4750,89
34.5214032860646,0.921451718863563,385,1616.55297851562,30,18,18,18,90,2404,37,53,39,31,17.2426872253418,25,-544,88,5270,81
34.5797366193046,0.921451718863563,271,1715.17785644531,31,18,18,18,10,2594,31,54,37,33,17.3405284881592,10,170,99,1588,90
34.6130699525846,0.921451718863563,350,1751.89489746094,31,18,18,18,10,2446,45,51,37,33,17.3734912872314,16,-397,93,1736,85
34.6422366192046,0.921451718863563,301,2024.74523925781,32,18,18,18,10,2607,36,52,37,31,17.4278907775879,5,33,73,-618,76
34.6901532857945,0.921451718863563,296,1973.79943847656,36,17,17,17,10,2436,40,54,35,29,17.456693649292,13,-236,62,-367,84
34.7234866190745,0.921451718863563,317,2044.96594238281,41,16,16,16,10,2428,28,55,35,24,17.4924068450928,14,168,95,-652,98
34.7880699523045,0.921451718863563,452,1970.85205078125,42,16,16,16,10,2147,36,61,35,24,17.9488868713379,10,-201,22,-1062,90
34.4714032861446,0.919368385533563,403,1591.43603515625,29,18,18,18,90,2346,44,52,40,32,17.2032299041748,25,-317,92,5102,86
34.5130699527446,0.919368385533563,384,1685.54260253906,30,18,18,18,10,2484,34,55,38,32,17.2333221435547,10,-27,93,4790,86
34.6172366192446,0.919368385533563,338,1751.89489746094,31,18,18,18,10,2446,45,51,37,33,17.3734912872314,16,-397,93,1736,85
34.6589032858446,0.919368385533563,317,1977.18627929688,34,16,16,16,10,2586,48,53,37,29,17.4293308258057,26,330,48,-1320,77
34.6797366191445,0.919368385533563,280,1908.40869140625,36,16,16,16,10,2447,48,52,35,29,17.4504203796387,7,-167,98,-477,82
34.7318199523945,0.919368385533563,387,2021.78112792969,40,16,16,16,10,2373,32,61,35,24,17.5253200531006,12,74,45,-968,94
34.5422366193646,0.917285052203563,304,1881.90051269531,32,18,18,18,10,2558,37,56,36,32,17.2719573974609,8,242,93,2666,89
34.5484866193546,0.917285052203563,329,1869.97827148438,31,18,18,18,90,2479,35,53,37,32,17.2714157104492,16,-155,96,2801,87
34.5839032859646,0.917285052203563,265,1736.23828125,32,18,18,18,90,2551,34,54,37,31,17.3187313079834,13,257,95,1344,90
34.6068199525946,0.917285052203563,310,1828.02526855469,33,17,17,17,10,2486,41,51,36,31,17.3504848480225,13,-138,61,943,83
34.6151532859146,0.917285052203563,342,1733.94860839844,32,17,17,17,90,2416,33,52,37,31,17.3523864746094,6,-180,90,1630,82
34.6214032859046,0.917285052203563,302,1733.63220214844,32,17,17,17,10,2499,32,54,38,30,17.3697776794434,8,49,61,786,80
34.6276532858946,0.917285052203563,290,1856.31530761719,32,17,17,17,10,2512,40,53,39,29,17.3871555328369,18,-59,50,363,78
34.6922366191245,0.917285052203563,284,1915.05932617188,38,16,16,16,10,2433,28,54,36,27,17.4480533599854,19,-119,85,142,83
34.7214032857445,0.917285052203563,308,2036.65686035156,41,15,15,15,10,2397,28,57,35,24,17.5177001953125,16,331,75,-744,86
34.7672366190045,0.917285052203563,494,1985.80627441406,41,17,17,17,10,2282,33,61,35,23,17.7094650268555,4,253,19,-995,93
34.7776532856545,0.917285052203563,435,1965.69580078125,41,17,17,17,10,2221,28,60,34,25,17.8867778778076,6,305,20,-1500,85
34.4880699527846,0.915201718873563,375,1698.04284667969,31,18,18,18,10,2474,33,53,39,31,17.1728954315186,5,71,97,5602,92
34.5484866193546,0.915201718873563,335,1869.97827148438,31,18,18,18,90,2479,35,53,37,32,17.2714157104492,16,-155,96,2801,87
34.5797366193046,0.915201718873563,291,1736.23828125,32,18,18,18,90,2551,34,54,37,31,17.3187313079834,13,257,95,1344,90
34.6964032857845,0.915201718873563,313,1918.302734375,39,15,15,15,10,2389,26,54,36,25,17.4861164093018,7,30,98,-896,80
34.7297366190645,0.915201718873563,388,2003.17517089844,41,16,16,16,10,2369,38,58,36,24,17.5898590087891,16,260,15,-931,86
34.7672366190045,0.915201718873563,433,1985.80627441406,41,17,17,17,10,2282,33,61,35,23,17.7094650268555,4,253,19,-995,93
34.7943199522945,0.915201718873563,411,1943.66174316406,43,16,16,16,10,2081,33,61,34,24,18.0837326049805,14,-143,19,-789,89
34.7964032856245,0.915201718873563,436,1943.66174316406,43,16,16,16,10,2081,33,61,34,24,18.0837326049805,14,-143,19,-789,89
34.4901532861146,0.913118385543563,365,1698.04284667969,31,18,18,18,10,2474,33,53,39,31,17.1728954315186,5,71,97,5602,92
34.5005699527646,0.913118385543563,345,1754.21618652344,31,18,18,18,90,2488,33,55,38,31,17.1868705749512,14,239,99,5073,92
34.5193199527346,0.913118385543563,372,1616.19409179688,30,18,18,18,90,2377,39,52,39,32,17.2543334960938,33,-729,97,5694,80
34.5464032860246,0.913118385543563,342,1869.97827148438,31,18,18,18,90,2479,35,53,37,32,17.2714157104492,16,-155,96,2801,87
34.5693199526546,0.913118385543563,265,1689.89050292969,31,18,18,18,90,2475,30,54,36,32,17.2979469299316,8,56,97,2324,88
34.6651532858346,0.913118385543563,328,1813.06604003906,38,16,16,16,10,2357,37,55,35,28,17.4690570831299,14,-489,96,1189,85
34.7505699523645,0.913118385543563,513,1892.58544921875,42,16,16,16,10,2201,39,59,35,24,17.7687377929688,21,-428,37,589,87
34.4901532861146,0.911035052213563,369,1698.04284667969,31,18,18,18,10,2474,33,53,39,31,17.1728954315186,5,71,97,5602,92
34.4964032861046,0.911035052213563,380,1754.21618652344,31,18,18,18,90,2488,33,55,38,31,17.1868705749512,14,239,99,5073,92
34.6005699526046,0.911035052213563,299,1867.75305175781,33,17,17,17,10,2597,37,52,36,31,17.3487873077393,24,407,88,228,82
34.6130699525846,0.911035052213563,339,1733.94860839844,32,17,17,17,90,2416,33,52,37,31,17.3523864746094,6,-180,90,1630,82
34.6380699525446,0.911035052213563,283,1988.18737792969,33,17,17,17,10,2572,36,52,38,29,17.404899597168,18,355,55,-620,76
34.6609866191746,0.911035052213563,332,1813.06604003906,38,16,16,16,10,2357,37,55,35,28,17.4690570831299,14,-489,96,1189,85
34.6776532858146,0.911035052213563,324,1852.32885742188,37,16,16,16,10,2466,35,55,35,28,17.4497661590576,6,287,55,-692,94
34.7193199524145,0.911035052213563,361,2036.65686035156,41,15,15,15,10,2397,28,57,35,24,17.5177001953125,16,331,75,-744,86
34.7984866189545,0.911035052213563,418,1943.66174316406,43,16,16,16,10,2081,33,61,34,24,18.0837326049805,14,-143,19,-789,89
34.4839032861246,0.908951718883563,378,1660.37707519531,31,18,18,18,90,2379,34,53,38,31,17.2075328826904,16,-178,97,6069,95
34.5214032860646,0.908951718883563,377,1621.69372558594,31,18,18,18,10,2462,33,53,37,32,17.2465400695801,13,3,97,4591,81
34.5276532860546,0.908951718883563,374,1806.23522949219,32,18,18,18,10,2529,36,55,36,32,17.2410793304443,7,218,98,2926,85
34.5401532860346,0.908951718883563,341,1926.45263671875,33,18,18,18,10,2543,33,55,35,33,17.2529430389404,12,103,98,2738,87
34.5526532860146,0.908951718883563,291,1834.63891601562,32,17,17,17,10,2477,35,56,36,32,17.2617645263672,3,72,99,2409,94
34.6714032858246,0.908951718883563,329,1789.05688476562,40,16,16,16,90,2338,37,55,34,26,17.5510444641113,19,-234,85,1079,87
34.5047366194246,0.906868385553563,377,1688.40380859375,30,18,18,18,90,2392,30,53,39,32,17.2401676177979,16,-187,98,5529,88
34.5234866193946,0.906868385553563,393,1621.69372558594,31,18,18,18,10,2462,33,53,37,32,17.2465400695801,13,3,97,4591,81
34.5776532859746,0.906868385553563,284,1738.29504394531,35,17,17,17,10,2465,32,53,36,29,17.3077907562256,7,80,94,1638,90
34.5818199526346,0.906868385553563,294,1738.29504394531,35,17,17,17,10,2465,32,53,36,29,17.3077907562256,7,80,94,1638,90
34.5859866192946,0.906868385553563,280,1801.50598144531,35,17,17,17,10,2423,33,52,37,29,17.3154067993164,14,-163,89,1905,88
34.6214032859046,0.906868385553563,300,1701.79541015625,34,16,16,16,10,2400,32,54,37,29,17.3931579589844,18,-187,96,1519,82
34.6297366192246,0.906868385553563,277,1795.32800292969,34,16,16,16,10,2442,29,54,37,29,17.3820056915283,4,-14,63,851,80
34.6339032858846,0.906868385553563,311,1795.32800292969,34,16,16,16,10,2442,29,54,37,29,17.3820056915283,4,-14,63,851,80
34.6776532858146,0.906868385553563,323,1828.21423339844,40,16,16,16,90,2451,28,53,36,25,17.4867839813232,12,562,98,-618,84
34.6922366191245,0.906868385553563,369,1854.23950195312,40,16,16,16,10,2357,25,54,35,25,17.4986228942871,14,142,82,464,83
34.6943199524545,0.906868385553563,376,1841.95581054688,40,15,15,15,90,2288,25,52,35,24,17.6106624603271,23,-465,97,737,84
34.7026532857745,0.906868385553563,373,1905.76879882812,40,15,15,15,10,2341,24,54,35,25,17.5645084381104,16,-122,98,941,84
34.7568199523545,0.906868385553563,485,1870.65185546875,42,16,16,16,10,2252,33,61,34,23,17.8703155517578,18,157,13,498,84
34.4630699528247,0.904785052223563,405,1478.92175292969,31,18,18,18,90,2265,36,53,37,31,17.328161239624,25,-360,97,7482,89
34.5130699527446,0.904785052223563,366,1579.15466308594,31,18,18,18,90,2360,28,52,37,32,17.3037776947021,38,-17,97,4375,78
34.5151532860746,0.904785052223563,366,1579.15466308594,31,18,18,18,90,2360,28,52,37,32,17.3037776947021,38,-17,97,4375,78
34.5276532860546,0.904785052223563,384,1806.23522949219,32,18,18,18,10,2529,36,55,36,32,17.2410793304443,7,218,98,2926,85
34.5443199526946,0.904785052223563,342,1909.52258300781,32,18,18,18,10,2446,33,55,35,32,17.2550449371338,11,-106,95,2904,85
34.5839032859646,0.904785052223563,291,1738.29504394531,35,17,17,17,10,2465,32,53,36,29,17.3077907562256,7,80,94,1638,90
34.6193199525746,0.904785052223563,308,1701.79541015625,34,16,16,16,10,2400,32,54,37,29,17.3931579589844,18,-187,96,1519,82
34.6234866192346,0.904785052223563,283,1701.79541015625,34,16,16,16,10,2400,32,54,37,29,17.3931579589844,18,-187,96,1519,82
34.6276532858946,0.904785052223563,278,1795.32800292969,34,16,16,16,10,2442,29,54,37,29,17.3820056915283,4,-14,63,851,80
34.7005699524445,0.904785052223563,361,1841.95581054688,40,15,15,15,90,2288,25,52,35,24,17.6106624603271,23,-465,97,737,84
34.7151532857545,0.904785052223563,356,1987.44787597656,40,15,15,15,10,2371,28,56,36,25,17.5392265319824,12,307,98,0,85
34.7297366190645,0.904785052223563,524,1960.65002441406,40,16,16,16,10,2223,50,60,37,23,17.7038307189941,18,-130,73,1015,79
34.7589032856845,0.904785052223563,498,1870.65185546875,42,16,16,16,10,2252,33,61,34,23,17.8703155517578,18,157,13,498,84
34.4589032861647,0.902701718893563,404,1473.81640625,0,0,0,0,90,2252,35,54,0,0,17.4074020385742,7,-245,87,6665,90
34.5151532860746,0.902701718893563,363,1579.15466308594,31,18,18,18,90,2360,28,52,37,32,17.3037776947021,38,-17,97,4375,78
34.5234866193946,0.902701718893563,381,1621.69372558594,31,18,18,18,10,2462,33,53,37,32,17.2465400695801,13,3,97,4591,81
34.5880699526246,0.902701718893563,302,1801.50598144531,35,17,17,17,10,2423,33,52,37,29,17.3154067993164,14,-163,89,1905,88
34.6047366192646,0.902701718893563,317,1817.95190429688,35,16,16,16,10,2450,32,53,36,28,17.3389587402344,17,-139,79,1495,85
34.6339032858846,0.902701718893563,311,1795.32800292969,34,16,16,16,10,2442,29,54,37,29,17.3820056915283,4,-14,63,851,80
34.6568199525146,0.902701718893563,331,1978.35327148438,36,16,16,16,10,2478,35,59,37,28,17.4129409790039,11,441,55,-266,90
34.6859866191345,0.902701718893563,333,1854.23950195312,40,16,16,16,10,2357,25,54,35,25,17.4986228942871,14,142,82,464,83
34.7151532857545,0.902701718893563,360,1987.44787597656,40,15,15,15,10,2371,28,56,36,25,17.5392265319824,12,307,98,0,85
34.7776532856545,0.902701718893563,527,1923.25805664062,42,17,17,17,10,2137,35,60,32,26,18.0345726013184,15,111,12,-884,81
34.4797366194646,0.900618385563563,348,1714.01989746094,32,18,18,18,90,2402,31,53,37,31,17.227222442627,4,42,94,5634,98
34.5151532860746,0.900618385563563,359,1554.607421875,31,18,18,18,10,2222,25,53,37,32,17.3891277313232,15,-723,98,5740,85
34.5630699526646,0.900618385563563,325,1784.47961425781,35,18,18,18,10,2413,31,60,36,29,17.2885837554932,11,45,51,1920,93
34.5859866192946,0.900618385563563,297,1799.5810546875,37,17,17,17,10,2357,34,58,36,27,17.3409271240234,7,-238,40,1961,90
34.6255699525646,0.900618385563563,291,1687.73510742188,38,16,16,16,10,2348,32,55,36,26,17.4670276641846,14,-194,97,1525,84
34.6380699525446,0.900618385563563,313,1845.21557617188,36,16,16,16,10,2405,30,55,37,28,17.4217567443848,18,70,67,520,79
34.6672366191646,0.900618385563563,343,1942.10168457031,37,16,16,16,10,2354,36,59,37,26,17.472188949585,17,240,56,505,83
34.6880699524645,0.900618385563563,350,1768.55505371094,41,15,15,15,10,2341,23,55,35,24,17.649923324585,19,352,72,108,79
34.6943199524545,0.900618385563563,362,1799.59521484375,41,15,15,15,90,2195,24,53,35,24,17.7058601379395,12,-423,98,1472,85
34.7255699524045,0.900618385563563,472,1953.31298828125,40,16,16,16,10,2218,40,59,36,24,17.777925491333,14,-344,96,2049,78
34.4880699527846,0.898535052233563,363,1780.22314453125,32,18,18,18,90,2438,34,53,36,32,17.2099208831787,14,161,92,4745,94
34.5089032860846,0.898535052233563,363,1688.39868164062,31,18,18,18,10,2332,30,53,37,32,17.2823791503906,24,42,99,5413,88
34.5505699526846,0.898535052233563,382,1920.07873535156,34,18,18,18,10,2449,35,58,36,30,17.2531681060791,8,17,34,2356,85
34.5672366193246,0.898535052233563,348,1784.47961425781,35,18,18,18,10,2413,31,60,36,29,17.2885837554932,11,45,51,1920,93
34.5734866193146,0.898535052233563,352,1730.37097167969,36,17,17,17,10,2384,30,58,36,29,17.3345355987549,13,-1,57,1947,90
34.5922366192846,0.898535052233563,316,1799.5810546875,37,17,17,17,10,2357,34,58,36,27,17.3409271240234,7,-238,40,1961,90
34.6693199524946,0.898535052233563,353,1829.81372070312,40,16,16,16,10,2222,26,54,35,25,17.6243305206299,18,-547,97,1624,88
34.4672366194847,0.896451718903563,369,1511.92565917969,32,18,18,18,10,2377,36,52,38,31,17.3150329589844,14,340,97,5826,84
34.5214032860646,0.896451718903563,384,1636.27233886719,31,18,18,18,10,2412,31,54,37,32,17.2654685974121,3,101,81,3827,82
34.5234866193946,0.896451718903563,367,1636.27233886719,31,18,18,18,10,2412,31,54,37,32,17.2654685974121,3,101,81,3827,82
34.5505699526846,0.896451718903563,403,1920.07873535156,34,18,18,18,10,2449,35,58,36,30,17.2531681060791,8,17,34,2356,85
34.5755699526446,0.896451718903563,348,1730.37097167969,36,17,17,17,10,2384,30,58,36,29,17.3345355987549,13,-1,57,1947,90
34.6047366192646,0.896451718903563,332,1840.5517578125,39,17,17,17,10,2335,34,58,35,26,17.3694496154785,4,-182,63,1847,87
34.6297366192246,0.896451718903563,309,1733.87036132812,37,16,16,16,10,2402,33,55,36,27,17.4324569702148,7,124,94,876,83
34.6672366191646,0.896451718903563,351,1942.10168457031,37,16,16,16,10,2354,36,59,37,26,17.472188949585,17,240,56,505,83
34.6964032857845,0.896451718903563,386,1799.59521484375,41,15,15,15,90,2195,24,53,35,24,17.7058601379395,12,-423,98,1472,85
34.7151532857545,0.896451718903563,431,1955.12414550781,40,15,15,15,10,2257,30,59,36,24,17.6788864135742,14,-46,69,1222,77
34.7276532857345,0.896451718903563,451,1931.62817382812,42,16,16,16,10,2215,41,60,35,24,17.8175582885742,15,34,14,1260,82
34.7318199523945,0.896451718903563,472,1931.62817382812,42,16,16,16,10,2215,41,60,35,24,17.8175582885742,15,34,14,1260,82
34.6359866192146,0.894368385573563,311,1845.21557617188,36,16,16,16,10,2405,30,55,37,28,17.4217567443848,18,70,67,520,79
34.6901532857945,0.894368385573563,400,1768.55505371094,41,15,15,15,10,2341,23,55,35,24,17.649923324585,19,352,72,108,79
34.7630699523445,0.894368385573563,428,1901.38037109375,43,16,16,16,10,2191,33,60,34,23,17.9718170166016,20,304,10,0,82
34.5672366193246,0.892285052243563,404,1778.1923828125,36,17,17,17,10,2379,38,58,36,28,17.3546714782715,13,52,52,1754,95
34.6797366191445,0.892285052243563,379,1739.87097167969,42,16,16,16,10,2199,27,54,34,24,17.791072845459,15,-293,97,1745,87
34.6859866191345,0.892285052243563,360,1696.66442871094,42,16,16,16,10,2170,26,54,34,24,17.8213844299316,17,-211,98,1681,86
34.7068199524345,0.892285052243563,382,1887.27905273438,42,15,15,15,10,2258,28,55,34,24,17.7357044219971,7,168,94,1121,86
34.7401532857145,0.892285052243563,446,1895.74072265625,42,17,17,17,10,2122,39,61,35,24,17.9498882293701,8,-37,18,1668,89
34.7464032857045,0.892285052243563,415,1844.97119140625,44,17,17,17,10,2121,29,61,33,23,18.0338382720947,10,-2,23,1249,91
34.7505699523645,0.892285052243563,424,1844.97119140625,44,17,17,17,10,2121,29,61,33,23,18.0338382720947,10,-2,23,1249,91
34.7734866189945,0.892285052243563,426,1892.5517578125,43,16,16,16,10,2098,31,60,35,21,18.1134147644043,4,110,19,95,89
34.4734866194746,0.890201718913563,350,1688.65844726562,35,18,18,18,10,2362,34,53,36,29,17.2534732818604,12,259,98,5499,95
34.5339032860446,0.890201718913563,368,1877.83276367188,35,18,18,18,10,2449,40,57,36,29,17.2190036773682,4,142,87,2703,83
34.5943199526146,0.890201718913563,327,1893.87072753906,39,17,17,17,10,2417,32,57,34,26,17.3546085357666,10,283,14,813,94
34.6401532858746,0.890201718913563,353,1780.28454589844,38,16,16,16,10,2308,29,55,36,26,17.5087757110596,16,-240,95,1107,83
34.7068199524345,0.890201718913563,366,1887.27905273438,42,15,15,15,10,2258,28,55,34,24,17.7357044219971,7,168,94,1121,86
34.7547366190245,0.890201718913563,424,1833.96484375,44,15,15,15,10,2047,42,60,34,22,18.0852947235107,7,-255,26,1276,92
34.4630699528247,0.888118385583563,426,1570.2314453125,34,18,18,18,10,2353,35,55,37,29,17.3226451873779,12,196,92,6081,83
34.4922366194446,0.888118385583563,312,1805.91748046875,33,18,18,18,90,2403,33,53,36,31,17.2490997314453,7,77,95,5198,97
34.5505699526846,0.888118385583563,425,1896.05773925781,34,18,18,18,10,2367,41,59,36,29,17.3180961608887,15,-122,63,2541,86
34.5609866193346,0.888118385583563,421,1778.1923828125,36,17,17,17,10,2379,38,58,36,28,17.3546714782715,13,52,52,1754,95
34.6276532858946,0.888118385583563,330,1692.35205078125,39,16,16,16,90,2350,29,54,36,25,17.5389881134033,10,68,98,1034,84
34.6422366192046,0.888118385583563,347,1780.28454589844,38,16,16,16,10,2308,29,55,36,26,17.5087757110596,16,-240,95,1107,83
34.6589032858446,0.888118385583563,331,2016.48889160156,38,16,16,16,10,2343,31,55,35,27,17.4440364837646,6,33,99,668,93
34.6880699524645,0.888118385583563,356,1696.66442871094,42,16,16,16,10,2170,26,54,34,24,17.8213844299316,17,-211,98,1681,86
34.7026532857745,0.888118385583563,358,1887.27905273438,42,15,15,15,10,2258,28,55,34,24,17.7357044219971,7,168,94,1121,86
34.7089032857645,0.888118385583563,361,1887.27905273438,42,15,15,15,10,2258,28,55,34,24,17.7357044219971,7,168,94,1121,86
34.7151532857545,0.888118385583563,381,1927.71154785156,42,16,16,16,10,2214,27,57,34,24,17.7927112579346,9,10,96,1725,82
34.7172366190845,0.888118385583563,383,1927.71154785156,42,16,16,16,10,2214,27,57,34,24,17.7927112579346,9,10,96,1725,82
34.7297366190645,0.888118385583563,395,1924.89416503906,42,17,17,17,10,2199,34,60,35,23,17.8772220611572,9,225,14,1302,90
34.7505699523645,0.888118385583563,418,1844.97119140625,44,17,17,17,10,2121,29,61,33,23,18.0338382720947,10,-2,23,1249,91
34.7839032856445,0.888118385583563,417,1850.02331542969,43,16,16,16,10,2027,30,61,35,22,18.1969776153564,8,-3,17,356,88
34.4734866194746,0.886035052253563,358,1688.65844726562,35,18,18,18,10,2362,34,53,36,29,17.2534732818604,12,259,98,5499,95
34.6089032859246,0.886035052253563,388,1881.42639160156,41,17,17,17,10,2383,35,57,34,25,17.3937759399414,12,239,15,839,93
34.6276532858946,0.886035052253563,332,1692.35205078125,39,16,16,16,90,2350,29,54,36,25,17.5389881134033,10,68,98,1034,84
34.6359866192146,0.886035052253563,335,1780.28454589844,38,16,16,16,10,2308,29,55,36,26,17.5087757110596,16,-240,95,1107,83
34.7401532857145,0.886035052253563,429,1895.74072265625,42,17,17,17,10,2122,39,61,35,24,17.9498882293701,8,-37,18,1668,89
34.7672366190045,0.886035052253563,404,1878.64147949219,44,15,15,15,10,2130,33,60,34,22,18.0597324371338,9,219,10,198,91
34.4984866194346,0.883951718923563,326,1870.19934082031,33,18,18,18,90,2330,37,55,35,32,17.2802429199219,10,-118,99,4711,94
34.5589032860046,0.883951718923563,423,1803.619140625,37,17,17,17,10,2297,41,58,34,28,17.4303817749023,10,-207,32,2235,91
34.5859866192946,0.883951718923563,349,1815.13659667969,42,17,17,17,10,2314,35,58,33,26,17.4391212463379,16,-130,54,1397,94
34.6380699525446,0.883951718923563,346,1757.69702148438,39,16,16,16,10,2267,30,55,36,25,17.5810317993164,6,-40,98,1202,85
34.6401532858746,0.883951718923563,362,1757.69702148438,39,16,16,16,10,2267,30,55,36,25,17.5810317993164,6,-40,98,1202,85
34.7047366191045,0.883951718923563,330,1852.38635253906,44,15,15,15,10,2190,23,55,34,23,17.8530769348145,12,42,97,1507,88
34.7276532857345,0.883951718923563,420,1913.92260742188,43,17,17,17,10,2144,36,61,34,23,17.9580974578857,6,74,16,1505,87
34.7609866190145,0.883951718923563,414,1844.41857910156,44,15,15,15,10,2071,26,59,33,22,18.1591720581055,6,143,14,693,92
34.4714032861446,0.881868385593563,277,1697.52893066406,36,18,18,18,90,2314,31,54,36,28,17.3077068328857,16,139,98,5590,90
34.4818199527946,0.881868385593563,282,1750.65124511719,35,18,18,18,90,2355,32,53,36,29,17.2997226715088,6,75,92,5516,94
34.5005699527646,0.881868385593563,345,1870.19934082031,33,18,18,18,90,2330,37,55,35,32,17.2802429199219,10,-118,99,4711,94
34.5130699527446,0.881868385593563,396,1619.57458496094,34,17,17,17,10,2176,32,54,36,29,17.4443492889404,3,-536,98,5285,85
34.5443199526946,0.881868385593563,409,1871.52185058594,37,17,17,17,10,2300,35,58,35,28,17.3913879394531,8,-199,43,2583,87
34.7589032856845,0.881868385593563,405,1834.24609375,44,15,15,15,10,2032,30,61,34,22,18.1530456542969,3,-73,14,1101,91
34.7630699523445,0.881868385593563,413,1844.41857910156,44,15,15,15,10,2071,26,59,33,22,18.1591720581055,6,143,14,693,92
34.7693199523345,0.881868385593563,430,1851.63208007812,43,15,15,15,10,2034,30,60,35,22,18.1979999542236,6,41,17,581,90
34.9734866186744,0.881868385593563,266,1149.20581054688,47,14,14,14,10,1763,16,58,33,20,18.7206172943115,3,0,6,1156,106
35.0005699519644,0.881868385593563,323,1354.68566894531,46,14,14,14,10,1797,21,60,33,20,18.6688385009766,4,-39,8,1104,104
34.4943199527746,0.879785052263563,322,1870.19934082031,33,18,18,18,90,2330,37,55,35,32,17.2802429199219,10,-118,99,4711,94
34.5984866192746,0.879785052263563,401,1901.53967285156,42,17,17,17,10,2308,35,58,33,25,17.4320812225342,10,-82,12,1211,92
34.6005699526046,0.879785052263563,394,1901.53967285156,42,17,17,17,10,2308,35,58,33,25,17.4320812225342,10,-82,12,1211,92
34.4797366194646,0.877701718933563,257,1750.65124511719,35,18,18,18,90,2355,32,53,36,29,17.2997226715088,6,75,92,5516,94
34.5089032860846,0.877701718933563,403,1779.70703125,34,17,17,17,10,2367,37,54,35,31,17.3096179962158,16,277,99,3723,89
34.6234866192346,0.877701718933563,357,1733.06982421875,41,16,16,16,10,2277,26,54,34,25,17.5804462432861,16,81,94,1331,89
34.6297366192246,0.877701718933563,362,1693.99792480469,40,16,16,16,90,2226,29,52,35,25,17.6243667602539,19,-370,97,1995,86
34.7047366191045,0.877701718933563,335,1852.38635253906,44,15,15,15,10,2190,23,55,34,23,17.8530769348145,12,42,97,1507,88
34.7672366190045,0.877701718933563,402,1844.41857910156,44,15,15,15,10,2071,26,59,33,22,18.1591720581055,6,143,14,693,92
34.7693199523345,0.877701718933563,394,1851.63208007812,43,15,15,15,10,2034,30,60,35,22,18.1979999542236,6,41,17,581,90
34.9776532853344,0.877701718933563,275,1171.37133789062,47,14,14,14,10,1759,19,60,33,20,18.7113952636719,3,-56,15,1208,105
34.9964032853044,0.877701718933563,278,1354.68566894531,46,14,14,14,10,1797,21,60,33,20,18.6688385009766,4,-39,8,1104,104
35.0047366186244,0.877701718933563,317,1380.83288574219,48,14,14,14,10,1821,23,61,33,20,18.6604537963867,4,126,11,879,109
35.0130699519444,0.877701718933563,277,1278.41101074219,47,14,14,14,10,1785,23,61,33,20,18.6866264343262,3,-17,12,1264,104
34.5026532860946,0.875618385603563,263,1797.44201660156,35,18,18,18,10,2371,35,54,36,29,17.3635272979736,25,422,97,3373,87
34.5318199527146,0.875618385603563,428,1838.13012695312,37,18,18,18,10,2366,37,59,38,26,17.3406238555908,11,209,55,2166,78
34.6193199525746,0.875618385603563,404,1781.47375488281,42,16,16,16,10,2265,25,54,34,24,17.6252155303955,6,59,97,1063,87
34.6943199524545,0.875618385603563,340,1725.76403808594,43,16,16,16,90,2144,21,54,34,24,17.9680595397949,12,132,99,2014,92
34.7214032857445,0.875618385603563,409,1855.05554199219,42,16,16,16,10,2106,27,61,34,23,18.0253562927246,9,82,86,1831,87
34.7422366190445,0.875618385603563,431,1885.4833984375,46,16,16,16,10,2071,28,60,31,24,18.0955619812012,6,31,19,1529,88
34.7547366190245,0.875618385603563,420,1821.27770996094,44,14,14,14,10,1998,27,58,33,22,18.2323226928711,11,-7,15,1282,91
34.5651532859946,0.873535052273563,399,1785.95678710938,41,17,17,17,10,2268,33,58,33,27,17.4847049713135,7,3,42,1623,96
34.6297366192246,0.873535052273563,385,1730.98693847656,41,16,16,16,90,2169,24,53,35,25,17.6752853393555,3,-247,98,1615,86
34.6609866191746,0.873535052273563,344,2011.14440917969,38,17,17,17,10,2263,31,55,37,25,17.628885269165,6,104,81,750,84
34.6630699525046,0.873535052273563,339,2011.14440917969,38,17,17,17,10,2263,31,55,37,25,17.628885269165,6,104,81,750,84
34.7297366190645,0.873535052273563,405,1879.24523925781,44,17,17,17,10,2118,31,60,32,23,18.0450019836426,5,184,11,1588,87
34.7526532856945,0.873535052273563,415,1821.27770996094,44,14,14,14,10,1998,27,58,33,22,18.2323226928711,11,-7,15,1282,91
34.7547366190245,0.873535052273563,424,1821.27770996094,44,14,14,14,10,1998,27,58,33,22,18.2323226928711,11,-7,15,1282,91
34.5797366193046,0.871451718943563,387,1724.41357421875,42,17,17,17,10,2251,40,59,32,26,17.5453968048096,16,-225,18,1170,91
34.6547366191846,0.871451718943563,355,1969.23059082031,39,16,16,16,10,2285,26,54,36,25,17.59494972229,5,155,99,538,80
34.7422366190445,0.871451718943563,400,1885.4833984375,46,16,16,16,10,2071,28,60,31,24,18.0955619812012,6,31,19,1529,88
34.9693199520144,0.871451718943563,258,1151.13891601562,48,13,13,13,10,1744,20,60,32,20,18.7202472686768,5,-34,15,1419,109
34.9880699519844,0.871451718943563,254,1237.41381835938,46,14,14,14,10,1776,18,60,32,21,18.6906700134277,2,-36,41,1308,104
35.0026532852944,0.871451718943563,302,1348.87390136719,48,14,14,14,10,1809,25,61,32,21,18.6683654785156,5,100,11,987,109
34.4651532861547,0.869368385613563,348,1560.93286132812,36,19,19,19,10,2253,42,59,37,27,17.4440116882324,7,518,26,6361,80
34.5005699527646,0.869368385613563,241,1880.56042480469,34,18,18,18,90,2339,32,54,36,30,17.32395362854,5,89,97,4471,92
34.5089032860846,0.869368385613563,260,1797.44201660156,35,18,18,18,10,2371,35,54,36,29,17.3635272979736,25,422,97,3373,87
34.5422366193646,0.869368385613563,353,1932.42956542969,38,18,18,18,10,2333,43,57,36,26,17.3505935668945,14,41,31,1969,82
34.5714032859846,0.869368385613563,398,1727.54309082031,41,17,17,17,10,2247,38,57,32,27,17.5357856750488,16,-197,64,1807,93
34.6818199524745,0.869368385613563,413,1815.68054199219,42,16,16,16,10,2101,24,57,35,23,17.8989543914795,10,-184,45,2398,92
34.6943199524545,0.869368385613563,364,1725.76403808594,43,16,16,16,90,2144,21,54,34,24,17.9680595397949,12,132,99,2014,92
34.7359866190545,0.869368385613563,408,1885.4833984375,46,16,16,16,10,2071,28,60,31,24,18.0955619812012,6,31,19,1529,88
34.7714032856645,0.869368385613563,392,1773.82629394531,46,15,15,15,10,1980,32,58,32,22,18.3019199371338,7,23,13,982,89
34.9505699520444,0.869368385613563,275,1161.58752441406,48,14,14,14,10,1711,20,60,32,21,18.7429943084717,0,-101,14,1245,106
34.9797366186644,0.869368385613563,264,1168.82849121094,47,14,14,14,10,1763,19,62,32,21,18.7113742828369,3,-53,11,1303,105
34.4609866194947,0.867285052283563,432,1468.33984375,39,18,18,18,10,2190,44,58,36,26,17.6530342102051,13,483,40,6239,80
34.4839032861246,0.867285052283563,262,1665.52575683594,37,18,18,18,10,2258,29,54,37,27,17.4420795440674,4,52,98,5339,84
34.5255699527246,0.867285052283563,339,1600.78686523438,36,18,18,18,10,2228,37,58,36,28,17.5148983001709,7,105,40,3275,86
34.5318199527146,0.867285052283563,326,1753.98645019531,37,18,18,18,10,2274,43,59,37,26,17.4347724914551,14,35,36,2451,81
34.5526532860146,0.867285052283563,298,1882.826171875,42,17,17,17,10,2241,40,58,33,25,17.5010604858398,4,-2,27,1618,95
34.5589032860046,0.867285052283563,334,1882.826171875,42,17,17,17,10,2241,40,58,33,25,17.5010604858398,4,-2,27,1618,95
34.6609866191746,0.867285052283563,396,1960.80139160156,37,17,17,17,90,2233,30,57,38,25,17.7482566833496,25,40,65,1170,79
34.7318199523945,0.867285052283563,428,1830.73779296875,46,16,16,16,10,2037,31,59,30,24,18.1703948974609,12,59,25,1780,84
34.7505699523645,0.867285052283563,397,1846.36535644531,46,15,15,15,10,2011,27,58,32,22,18.2344779968262,6,97,10,1540,90
34.7568199523545,0.867285052283563,405,1805.03662109375,46,16,16,16,10,1943,30,58,31,22,18.2922344207764,9,-42,11,1819,91
34.7672366190045,0.867285052283563,356,1732.77819824219,47,15,15,15,10,1891,29,60,30,23,18.3520240783691,6,-259,16,2068,92
34.7922366189645,0.867285052283563,380,1659.06005859375,47,15,15,15,10,1895,24,60,31,21,18.4183654785156,6,115,13,1193,92
34.9964032853044,0.867285052283563,256,1351.80932617188,47,14,14,14,10,1817,21,61,32,21,18.6657543182373,2,95,7,1051,107
35.0089032852844,0.867285052283563,288,1335.49523925781,47,14,14,14,10,1788,21,60,33,20,18.6771926879883,4,-3,19,1145,103
34.4693199528147,0.865201718953563,343,1564.51013183594,37,18,18,18,10,2173,29,55,37,26,17.516284942627,21,-60,98,6274,84
34.5089032860846,0.865201718953563,255,1790.43054199219,35,18,18,18,10,2277,27,53,36,29,17.4404373168945,12,87,98,3711,88
34.5109866194146,0.865201718953563,269,1618.32067871094,36,17,17,17,10,2107,29,56,36,29,17.5607833862305,13,-575,98,4788,88
34.5443199526946,0.865201718953563,335,1928.6923828125,40,17,17,17,10,2241,40,57,36,25,17.4519309997559,1,-181,37,2163,87
34.6151532859146,0.865201718953563,426,1853.7880859375,43,16,16,16,10,2205,31,61,33,24,17.6513767242432,6,8,16,1154,87
34.6380699525446,0.865201718953563,373,1771.94750976562,41,16,16,16,10,2165,25,53,35,24,17.7722625732422,11,-198,95,1375,87
34.7109866190945,0.865201718953563,408,1778.24304199219,43,16,16,16,10,2037,40,60,33,24,18.1239757537842,10,-68,14,2626,91
34.7130699524245,0.865201718953563,403,1778.24304199219,43,16,16,16,10,2037,40,60,33,24,18.1239757537842,10,-68,14,2626,91
34.7922366189645,0.865201718953563,391,1659.06005859375,47,15,15,15,10,1895,24,60,31,21,18.4183654785156,6,115,13,1193,92
35.0089032852844,0.865201718953563,298,1335.49523925781,47,14,14,14,10,1788,21,60,33,20,18.6771926879883,4,-3,19,1145,103
34.5693199526546,0.863118385623563,412,1746.90185546875,42,17,17,17,10,2227,52,58,32,26,17.5909290313721,12,56,12,1074,95
34.6130699525846,0.863118385623563,387,1853.7880859375,43,16,16,16,10,2205,31,61,33,24,17.6513767242432,6,8,16,1154,87
34.6339032858846,0.863118385623563,378,1781.65905761719,42,16,16,16,10,2176,25,54,34,24,17.7262668609619,17,17,41,1459,87
34.6589032858446,0.863118385623563,419,1894.18420410156,37,16,16,16,10,2209,34,59,38,24,17.7443199157715,21,80,15,580,80
34.7401532857145,0.863118385623563,406,1852.2646484375,46,16,16,16,10,2012,29,59,31,23,18.1990222930908,9,-14,23,1895,87
34.9984866186344,0.863118385623563,286,1351.80932617188,47,14,14,14,10,1817,21,61,32,21,18.6657543182373,2,95,7,1051,107
34.5089032860846,0.861035052293563,245,1790.43054199219,35,18,18,18,10,2277,27,53,36,29,17.4404373168945,12,87,98,3711,88
34.5234866193946,0.861035052293563,333,1600.78686523438,36,18,18,18,10,2228,37,58,36,28,17.5148983001709,7,105,40,3275,86
34.5422366193646,0.861035052293563,333,1909.54162597656,39,17,17,17,10,2335,46,58,36,25,17.3805332183838,12,311,26,1645,85
34.5672366193246,0.861035052293563,293,1823.55651855469,42,16,16,16,10,2233,36,58,33,25,17.5309009552002,7,-8,17,1443,97
34.5776532859746,0.861035052293563,439,1732.57458496094,42,17,17,17,10,2239,42,58,31,28,17.6063842773438,12,-126,34,1692,92
34.5901532859546,0.861035052293563,386,1803.07788085938,44,17,17,17,10,2282,40,58,32,25,17.5626220703125,9,230,12,499,91
34.5984866192746,0.861035052293563,434,1869.56164550781,43,16,16,16,10,2235,45,60,32,25,17.5893840789795,6,-6,10,1057,86
34.6443199525346,0.861035052293563,374,1813.15783691406,40,16,16,16,10,2166,24,54,36,24,17.76247215271,9,-37,98,1250,84
34.7109866190945,0.861035052293563,456,1778.24304199219,43,16,16,16,10,2037,40,60,33,24,18.1239757537842,10,-68,14,2626,91
34.7943199522945,0.861035052293563,399,1613.19299316406,47,15,15,15,10,1843,24,60,31,22,18.476713180542,7,-168,22,1614,92
34.9526532853744,0.861035052293563,269,1167.05798339844,49,13,13,13,10,1735,20,62,31,21,18.7256717681885,4,-60,14,1279,104
35.0026532852944,0.861035052293563,243,1335.49523925781,47,14,14,14,10,1788,21,60,33,20,18.6771926879883,4,-3,19,1145,103
35.0068199519544,0.861035052293563,286,1335.49523925781,47,14,14,14,10,1788,21,60,33,20,18.6771926879883,4,-3,19,1145,103
34.5068199527546,0.858951718963563,239,1773.9365234375,37,17,17,17,90,2212,27,53,36,28,17.5159072875977,14,173,98,3815,88
34.5714032859846,0.858951718963563,328,1782.1083984375,44,16,16,16,10,2138,46,58,32,24,17.653284072876,21,-198,11,1792,95
34.6276532858946,0.858951718963563,406,1824.34289550781,42,16,16,16,10,2187,25,54,34,24,17.7742691040039,13,204,98,1219,89
34.6776532858146,0.858951718963563,442,1900.45227050781,41,16,16,16,10,2063,32,59,35,25,17.9889240264893,8,-54,72,1756,91
34.7255699524045,0.858951718963563,430,1772.01940917969,46,16,16,16,10,1975,30,60,31,23,18.2294483184814,8,25,15,2579,90
34.7818199523145,0.858951718963563,402,1517.88293457031,47,15,15,15,10,1823,27,58,29,23,18.5205345153809,25,-190,18,1921,90
34.9380699520644,0.858951718963563,299,1152.58911132812,47,13,13,13,10,1705,25,61,33,20,18.7321395874023,7,-177,28,1354,103
34.9505699520444,0.858951718963563,257,1170.02514648438,48,13,13,13,10,1746,24,62,31,21,18.7170867919922,7,-18,12,1038,102
34.9714032853444,0.858951718963563,246,1272.25158691406,50,13,13,13,10,1781,20,60,30,20,18.6808071136475,5,-20,26,1138,104
34.9776532853344,0.858951718963563,248,1288.20080566406,47,13,13,13,10,1773,15,59,32,20,18.6774234771729,2,-34,18,1245,104
34.4734866194746,0.856868385633563,329,1484.56201171875,39,18,18,18,10,2162,26,54,36,25,17.6632308959961,9,445,98,5662,79
34.5026532860946,0.856868385633563,251,1773.9365234375,37,17,17,17,90,2212,27,53,36,28,17.5159072875977,14,173,98,3815,88
34.5214032860646,0.856868385633563,305,1548.88061523438,37,18,18,18,10,2155,44,57,37,27,17.6212673187256,12,21,39,3252,87
34.5568199526746,0.856868385633563,317,1947.56115722656,42,17,17,17,10,2234,44,57,35,24,17.5299377441406,13,-258,19,1911,90
34.7464032857045,0.856868385633563,380,1793.58349609375,47,15,15,15,10,1942,31,59,30,22,18.3142890930176,10,0,18,2007,88
34.7693199523345,0.856868385633563,436,1533.71313476562,47,16,16,16,10,1837,31,58,29,24,18.5049247741699,27,-175,44,2147,92
34.7839032856445,0.856868385633563,398,1517.88293457031,47,15,15,15,10,1823,27,58,29,23,18.5205345153809,25,-190,18,1921,90
34.9484866187144,0.856868385633563,257,1170.02514648438,48,13,13,13,10,1746,24,62,31,21,18.7170867919922,7,-18,12,1038,102
34.9776532853344,0.856868385633563,257,1288.20080566406,47,13,13,13,10,1773,15,59,32,20,18.6774234771729,2,-34,18,1245,104
34.9880699519844,0.856868385633563,258,1337.11877441406,46,14,14,14,10,1787,21,60,33,21,18.6717395782471,2,-39,12,1211,104
35.0193199519344,0.856868385633563,328,1198.02905273438,46,14,14,14,10,1767,21,60,34,20,18.7010402679443,2,-113,12,1432,104
34.4839032861246,0.854785052303563,265,1605.94750976562,37,18,18,18,90,2181,25,52,37,26,17.5544815063477,21,39,98,4950,84
34.5151532860746,0.854785052303563,291,1607.09716796875,36,18,18,18,10,2090,30,56,35,29,17.6178436279297,3,-333,99,4800,90
34.5505699526846,0.854785052303563,342,1975.36120605469,40,17,17,17,10,2285,45,57,36,24,17.4551181793213,6,107,17,1319,86
34.5755699526446,0.854785052303563,368,1782.1083984375,44,16,16,16,10,2138,46,58,32,24,17.653284072876,21,-198,11,1792,95
34.5818199526346,0.854785052303563,366,1756.32666015625,42,17,17,17,10,2235,41,58,31,27,17.6599464416504,17,45,16,1472,91
34.6214032859046,0.854785052303563,414,1805.69873046875,43,16,16,16,10,2135,28,56,33,24,17.7798156738281,11,-140,84,1545,87
34.7380699523845,0.854785052303563,377,1804.09643554688,47,16,16,16,10,1990,26,59,31,22,18.2699546813965,8,231,15,2004,88
34.7443199523745,0.854785052303563,410,1793.58349609375,47,15,15,15,10,1942,31,59,30,22,18.3142890930176,10,0,18,2007,88
34.9922366186444,0.854785052303563,280,1337.11877441406,46,14,14,14,10,1787,21,60,33,21,18.6717395782471,2,-39,12,1211,104
34.4255699528847,0.852701718973563,480,1193.02026367188,47,15,15,15,10,1490,22,58,30,23,17.8485813140869,7,-190,39,13053,92
34.4693199528147,0.852701718973563,369,1484.56201171875,39,18,18,18,10,2162,26,54,36,25,17.6632308959961,9,445,98,5662,79
34.4880699527846,0.852701718973563,272,1754.76953125,37,17,17,17,30,2180,27,52,36,26,17.4800472259521,5,-17,98,4584,88
34.5068199527546,0.852701718973563,257,1773.9365234375,37,17,17,17,90,2212,27,53,36,28,17.5159072875977,14,173,98,3815,88
34.5089032860846,0.852701718973563,232,1773.9365234375,37,17,17,17,90,2212,27,53,36,28,17.5159072875977,14,173,98,3815,88
34.5339032860446,0.852701718973563,321,1670.73205566406,38,18,18,18,10,2233,36,58,37,26,17.5323085784912,18,-46,84,2914,81
34.5839032859646,0.852701718973563,351,1756.32666015625,42,17,17,17,10,2235,41,58,31,27,17.6599464416504,17,45,16,1472,91
34.5922366192846,0.852701718973563,389,1810.14953613281,43,16,16,16,10,2203,45,58,32,25,17.6342735290527,8,194,14,989,93
34.6109866192546,0.852701718973563,412,1824.49780273438,44,16,16,16,10,2193,36,59,32,24,17.7432384490967,6,95,18,1251,85
34.6401532858746,0.852701718973563,391,1813.01452636719,41,16,16,16,10,2099,26,56,35,24,17.8324813842773,5,-260,97,2149,89
34.6609866191746,0.852701718973563,512,1884.08142089844,38,17,17,17,10,2135,28,58,37,25,17.8960494995117,15,-75,54,1329,81
34.7005699524445,0.852701718973563,401,1766.8994140625,42,16,16,16,10,1995,34,60,33,25,18.1412258148193,2,-65,42,2856,94
34.7047366191045,0.852701718973563,411,1753.35791015625,44,16,16,16,10,2012,28,60,31,25,18.1693954467773,4,35,9,2575,94
34.7109866190945,0.852701718973563,369,1763.0009765625,44,16,16,16,10,1969,32,60,32,24,18.1991424560547,7,-98,37,2907,93
34.7151532857545,0.852701718973563,372,1763.0009765625,44,16,16,16,10,1969,32,60,32,24,18.1991424560547,7,-98,37,2907,93
34.7339032857245,0.852701718973563,402,1786.513671875,46,16,16,16,10,1953,27,61,31,23,18.2565212249756,5,-83,21,2481,86
34.7505699523645,0.852701718973563,402,1793.58349609375,47,15,15,15,10,1942,31,59,30,22,18.3142890930176,10,0,18,2007,88
34.9693199520144,0.852701718973563,282,1272.25158691406,50,13,13,13,10,1781,20,60,30,20,18.6808071136475,5,-20,26,1138,104
34.9880699519844,0.852701718973563,258,1337.11877441406,46,14,14,14,10,1787,21,60,33,21,18.6717395782471,2,-39,12,1211,104
34.5214032860646,0.850618385643563,320,1512.486328125,36,18,18,18,10,2044,33,58,36,28,17.6793937683105,6,-246,85,4569,90
34.5484866193546,0.850618385643563,326,1994.98669433594,41,17,17,17,10,2283,45,59,35,25,17.468599319458,4,207,51,1115,86
34.5651532859946,0.850618385643563,311,1930.41052246094,43,16,16,16,10,2165,40,58,33,24,17.6232891082764,14,-201,12,1612,92
34.6047366192646,0.850618385643563,371,1847.66345214844,43,16,16,16,10,2158,38,59,33,24,17.7815532684326,6,77,11,1669,90
34.6214032859046,0.850618385643563,417,1771.37145996094,42,16,16,16,10,2069,30,61,33,25,17.883243560791,8,-206,20,1992,88
34.6234866192346,0.850618385643563,422,1771.37145996094,42,16,16,16,10,2069,30,61,33,25,17.883243560791,8,-206,20,1992,88
34.6547366191846,0.850618385643563,434,1765.08154296875,39,17,17,17,10,2015,40,60,37,25,18.0187835693359,16,-295,36,2048,88
34.7318199523945,0.850618385643563,407,1725.40783691406,47,15,15,15,10,1944,30,60,30,23,18.3444385528564,10,210,15,2470,86
34.9755699520044,0.850618385643563,247,1372.14855957031,50,14,14,14,10,1788,17,59,30,20,18.6571865081787,3,-37,47,944,102
34.9797366186644,0.850618385643563,247,1387.89111328125,48,14,14,14,10,1802,17,60,32,20,18.6550407409668,5,45,10,890,104
34.9922366186444,0.850618385643563,246,1415.25354003906,46,14,14,14,10,1809,15,59,34,20,18.654712677002,4,1,13,936,103
34.4526532861747,0.848535052313563,455,1257.32177734375,47,16,16,16,10,1747,37,56,30,23,17.9537029266357,12,-17,39,9008,82
34.4818199527946,0.848535052313563,300,1572.0888671875,40,18,18,18,90,2089,24,54,36,25,17.6622848510742,18,-29,97,5182,85
34.4880699527846,0.848535052313563,279,1729.31591796875,39,17,17,17,10,2124,26,52,35,25,17.5625019073486,14,-97,98,4362,85
34.5922366192846,0.848535052313563,401,1818.19445800781,43,16,16,16,10,2181,42,59,32,25,17.7207736968994,10,222,23,1165,91
34.6005699526046,0.848535052313563,381,1857.99084472656,42,16,16,16,10,2179,44,60,33,25,17.7362327575684,12,166,20,1184,92
34.6193199525746,0.848535052313563,398,1771.37145996094,42,16,16,16,10,2069,30,61,33,25,17.883243560791,8,-206,20,1992,88
34.6589032858446,0.848535052313563,449,1765.08154296875,39,17,17,17,10,2015,40,60,37,25,18.0187835693359,16,-295,36,2048,88
34.6859866191345,0.848535052313563,407,1873.892578125,43,16,16,16,10,2010,42,60,32,25,18.1169509887695,9,49,16,1956,93
34.7234866190745,0.848535052313563,383,1746.513671875,46,15,15,15,10,1934,36,57,32,22,18.3030757904053,13,80,19,2605,90
34.9547366187044,0.848535052313563,242,1255.08532714844,48,14,14,14,10,1800,22,61,33,20,18.6751308441162,4,159,16,648,103
34.9568199520344,0.848535052313563,228,1255.08532714844,48,14,14,14,10,1800,22,61,33,20,18.6751308441162,4,159,16,648,103
34.4922366194446,0.846451718983563,258,1729.31591796875,39,17,17,17,10,2124,26,52,35,25,17.5625019073486,14,-97,98,4362,85
34.4984866194346,0.846451718983563,273,1823.72717285156,38,18,18,18,10,2244,31,55,36,26,17.5092506408691,11,433,98,3233,81
34.5109866194146,0.846451718983563,276,1586.14025878906,38,18,18,18,10,2169,27,53,36,27,17.6673202514648,13,163,98,3740,90
34.5589032860046,0.846451718983563,343,1997.80456542969,40,16,16,16,10,2209,46,58,36,24,17.523006439209,19,84,24,1373,86
34.6339032858846,0.846451718983563,425,1826.79174804688,41,16,16,16,10,2156,27,55,35,24,17.8472995758057,7,241,98,1219,87
34.6630699525046,0.846451718983563,461,1817.36206054688,40,16,16,16,10,2068,37,60,35,24,18.0085926055908,12,51,16,927,88
34.7089032857645,0.846451718983563,375,1776.97082519531,46,16,16,16,10,1946,33,59,30,24,18.233772277832,11,-102,33,2848,93
34.7630699523445,0.846451718983563,383,1510.17749023438,47,16,16,16,10,1770,31,59,29,24,18.5201549530029,25,-60,19,2030,88
34.7880699523045,0.846451718983563,378,1466.16333007812,48,15,15,15,10,1792,26,59,29,23,18.5692558288574,19,48,28,2018,91
34.9380699520644,0.846451718983563,319,1165.89208984375,46,14,14,14,10,1712,25,60,33,20,18.7202777862549,6,-139,15,1309,102
34.9901532853144,0.846451718983563,270,1415.25354003906,46,14,14,14,10,1809,15,59,34,20,18.654712677002,4,1,13,936,103
34.9943199519744,0.846451718983563,261,1456.03894042969,46,14,14,14,10,1822,19,59,34,20,18.6484260559082,3,89,14,926,109
35.0089032852844,0.846451718983563,260,1442.94836425781,45,14,14,14,10,1813,18,59,35,20,18.6538257598877,3,48,10,1007,105
34.4526532861747,0.844368385653563,459,1257.32177734375,47,16,16,16,10,1747,37,56,30,23,17.9537029266357,12,-17,39,9008,82
34.4964032861046,0.844368385653563,287,1823.72717285156,38,18,18,18,10,2244,31,55,36,26,17.5092506408691,11,433,98,3233,81
34.4984866194346,0.844368385653563,307,1823.72717285156,38,18,18,18,10,2244,31,55,36,26,17.5092506408691,11,433,98,3233,81
34.5026532860946,0.844368385653563,290,1740.94934082031,37,18,18,18,10,2109,25,54,37,27,17.6020202636719,13,-114,98,4191,85
34.5401532860346,0.844368385653563,309,1848.21142578125,40,17,17,17,10,2281,42,59,36,25,17.4867763519287,16,239,37,1486,81
34.5589032860046,0.844368385653563,325,1997.80456542969,40,16,16,16,10,2209,46,58,36,24,17.523006439209,19,84,24,1373,86
34.6318199525546,0.844368385653563,438,1826.79174804688,41,16,16,16,10,2156,27,55,35,24,17.8472995758057,7,241,98,1219,87
34.6401532858746,0.844368385653563,440,1845.2890625,41,16,16,16,10,2110,25,56,36,24,17.8777446746826,18,213,63,1134,87
34.6901532857945,0.844368385653563,402,1873.892578125,43,16,16,16,10,2010,42,60,32,25,18.1169509887695,9,49,16,1956,93
34.7839032856445,0.844368385653563,356,1401.28698730469,47,15,15,15,10,1729,19,60,29,24,18.5794639587402,5,-236,25,2872,95
34.9359866187344,0.844368385653563,287,1165.89208984375,46,14,14,14,10,1712,25,60,33,20,18.7202777862549,6,-139,15,1309,102
34.9630699520244,0.844368385653563,272,1328.60009765625,50,13,13,13,10,1796,19,62,31,20,18.6610774993896,1,27,20,737,107
34.9818199519944,0.844368385653563,239,1387.89111328125,48,14,14,14,10,1802,17,60,32,20,18.6550407409668,5,45,10,890,104
34.9984866186344,0.844368385653563,315,1456.03894042969,46,14,14,14,10,1822,19,59,34,20,18.6484260559082,3,89,14,926,109
34.4589032861647,0.842285052323563,441,1251.97277832031,47,15,15,15,10,1659,29,57,31,22,17.9296932220459,8,-115,20,8296,84
34.5359866193746,0.842285052323563,325,1810.57836914062,39,16,16,16,10,2255,41,57,37,24,17.5367584228516,16,454,17,1316,78
34.5797366193046,0.842285052323563,393,1855.89440917969,44,16,16,16,10,2046,50,58,31,24,17.7856540679932,5,-233,38,2455,92
34.5964032859446,0.842285052323563,372,1865.30810546875,44,16,16,16,10,2106,41,58,31,25,17.8258380889893,12,-25,17,1694,94
34.6318199525546,0.842285052323563,467,1778.04284667969,42,16,16,16,10,2086,33,61,35,24,17.967830657959,10,147,48,1659,84
34.6984866191145,0.842285052323563,383,1847.35278320312,46,16,16,16,10,1917,33,60,31,24,18.2244987487793,5,-67,25,2491,91
34.7068199524345,0.842285052323563,410,1781.56469726562,46,16,16,16,10,1883,37,58,31,23,18.2970218658447,13,3,19,2812,93
34.7880699523045,0.842285052323563,336,1441.91198730469,48,15,15,15,10,1745,17,59,30,22,18.5908184051514,3,49,30,2507,103
34.9047366187844,0.842285052323563,309,1383.64697265625,46,15,15,15,10,1743,21,60,33,20,18.6937217712402,5,121,16,700,106
34.9130699521044,0.842285052323563,363,1222.791015625,46,15,15,15,10,1692,23,61,32,22,18.7126941680908,4,-54,16,1191,104
34.9755699520044,0.842285052323563,277,1417.56689453125,47,14,14,14,10,1826,16,60,33,20,18.6439971923828,2,164,6,479,104
34.4568199528347,0.840201718993563,468,1251.97277832031,47,15,15,15,10,1659,29,57,31,22,17.9296932220459,8,-115,20,8296,84
34.5734866193146,0.840201718993563,312,1919.49926757812,44,16,16,16,10,2177,49,59,32,24,17.7010593414307,15,272,26,1358,95
34.5776532859746,0.840201718993563,365,1855.89440917969,44,16,16,16,10,2046,50,58,31,24,17.7856540679932,5,-233,38,2455,92
34.5797366193046,0.840201718993563,395,1855.89440917969,44,16,16,16,10,2046,50,58,31,24,17.7856540679932,5,-233,38,2455,92
34.5964032859446,0.840201718993563,382,1865.30810546875,44,16,16,16,10,2106,41,58,31,25,17.8258380889893,12,-25,17,1694,94
34.6297366192246,0.840201718993563,486,1778.04284667969,42,16,16,16,10,2086,33,61,35,24,17.967830657959,10,147,48,1659,84
34.6672366191646,0.840201718993563,462,1772.05932617188,43,16,16,16,10,1983,39,60,33,24,18.0997505187988,10,-47,22,1432,87
34.6797366191445,0.840201718993563,437,1888.39794921875,44,16,16,16,10,2001,40,61,31,24,18.1234397888184,11,-37,31,418,90
34.7068199524345,0.840201718993563,422,1781.56469726562,46,16,16,16,10,1883,37,58,31,23,18.2970218658447,13,3,19,2812,93
34.7401532857145,0.840201718993563,419,1597.70422363281,46,16,16,16,10,1753,31,59,31,23,18.4915103912354,14,-204,23,3287,89
34.9214032854244,0.840201718993563,315,1142.18054199219,46,14,14,14,10,1707,21,61,33,21,18.7196006774902,6,-64,13,1136,104
34.9276532854144,0.840201718993563,267,1163.84851074219,46,14,14,14,10,1746,22,60,34,20,18.7146739959717,8,78,26,719,101
34.9443199520544,0.840201718993563,317,1225.81225585938,47,14,14,14,10,1736,20,59,33,20,18.6971206665039,4,-176,10,1096,101
34.9880699519844,0.840201718993563,253,1415.76965332031,45,14,14,14,10,1823,19,59,36,19,18.654296875,4,100,8,701,110
34.4214032862247,0.838118385663563,385,1167.41149902344,44,14,14,14,10,1447,18,57,35,22,17.8219547271729,4,-105,17,10024,98
34.4401532861947,0.838118385663563,413,1166.52258300781,45,15,15,15,10,1563,22,57,33,22,17.8446254730225,7,132,22,8887,94
34.4630699528247,0.838118385663563,422,1339.08972167969,47,16,16,16,10,1794,37,57,31,22,17.9452304840088,13,-50,31,7441,83
34.4714032861446,0.838118385663563,414,1439.2470703125,45,16,16,16,10,1876,36,59,32,23,17.863410949707,28,-196,33,6795,81
34.5172366194046,0.838118385663563,383,1523.20727539062,38,18,18,18,10,2037,34,61,35,26,17.8072700500488,33,-65,85,4331,81
34.5880699526246,0.838118385663563,364,1841.87548828125,44,16,16,16,10,2118,42,58,31,25,17.8131771087646,12,-51,17,1685,94
34.6401532858746,0.838118385663563,463,1824.21997070312,41,16,16,16,10,2091,26,58,36,23,17.9647178649902,8,290,99,1449,84
34.6609866191746,0.838118385663563,451,1772.05932617188,43,16,16,16,10,1983,39,60,33,24,18.0997505187988,10,-47,22,1432,87
34.6901532857945,0.838118385663563,399,1891.19885253906,44,16,16,16,10,1996,33,61,32,24,18.1574554443359,8,171,7,1249,93
34.6964032857845,0.838118385663563,391,1847.35278320312,46,16,16,16,10,1917,33,60,31,24,18.2244987487793,5,-67,25,2491,91
34.7109866190945,0.838118385663563,427,1732.17028808594,47,15,15,15,10,1926,27,58,31,23,18.3398170471191,14,292,16,2616,92
34.7401532857145,0.838118385663563,390,1597.70422363281,46,16,16,16,10,1753,31,59,31,23,18.4915103912354,14,-204,23,3287,89
34.9047366187844,0.838118385663563,306,1383.64697265625,46,15,15,15,10,1743,21,60,33,20,18.6937217712402,5,121,16,700,106
34.9339032854044,0.838118385663563,279,1163.84851074219,46,14,14,14,10,1746,22,60,34,20,18.7146739959717,8,78,26,719,101
34.9380699520644,0.838118385663563,268,1200.74255371094,46,14,14,14,10,1757,22,60,34,20,18.6923885345459,7,143,21,790,101
34.9464032853844,0.838118385663563,315,1225.81225585938,47,14,14,14,10,1736,20,59,33,20,18.6971206665039,4,-176,10,1096,101
34.9839032853244,0.838118385663563,250,1413.568359375,46,14,14,14,10,1820,14,58,34,20,18.6528816223145,2,88,13,595,106
34.9984866186344,0.838118385663563,253,1431.17919921875,46,14,14,14,10,1821,18,59,35,20,18.6578254699707,4,50,17,803,103
35.0005699519644,0.838118385663563,259,1431.17919921875,46,14,14,14,10,1821,18,59,35,20,18.6578254699707,4,50,17,803,103
35.0109866186144,0.838118385663563,285,1348.70080566406,48,14,14,14,10,1803,23,62,32,20,18.6729736328125,3,72,17,968,103
34.4880699527846,0.836035052333563,431,1704.20324707031,40,18,18,18,10,2122,32,58,35,25,17.6460151672363,24,134,99,4617,79
34.5234866193946,0.836035052333563,386,1462.22399902344,38,18,18,18,10,2124,38,62,36,27,17.7799892425537,28,431,29,2925,83
34.5422366193646,0.836035052333563,339,1810.57836914062,39,16,16,16,10,2255,41,57,37,24,17.5367584228516,16,454,17,1316,78
34.5901532859546,0.836035052333563,331,1841.87548828125,44,16,16,16,10,2118,42,58,31,25,17.8131771087646,12,-51,17,1685,94
34.6214032859046,0.836035052333563,487,1728.70336914062,43,16,16,16,10,2003,41,61,32,25,17.9922904968262,22,-251,74,2560,89
34.6234866192346,0.836035052333563,495,1728.70336914062,43,16,16,16,10,2003,41,61,32,25,17.9922904968262,22,-251,74,2560,89
34.6380699525446,0.836035052333563,477,1824.21997070312,41,16,16,16,10,2091,26,58,36,23,17.9647178649902,8,290,99,1449,84
34.6401532858746,0.836035052333563,475,1824.21997070312,41,16,16,16,10,2091,26,58,36,23,17.9647178649902,8,290,99,1449,84
34.6443199525346,0.836035052333563,514,1783.97302246094,42,16,16,16,10,2019,35,60,33,24,18.0456352233887,11,-127,28,1790,88
34.7589032856845,0.836035052333563,369,1483.548828125,46,16,16,16,10,1711,20,60,31,23,18.5437335968018,2,-245,21,3615,94
34.7818199523145,0.836035052333563,343,1346.64611816406,48,15,15,15,10,1712,18,60,29,23,18.5842952728271,3,-81,23,2914,99
34.8068199522745,0.836035052333563,388,1323.87158203125,47,15,15,15,10,1682,19,59,30,22,18.61301612854,3,-173,18,2553,97
34.9276532854144,0.836035052333563,279,1163.84851074219,46,14,14,14,10,1746,22,60,34,20,18.7146739959717,8,78,26,719,101
34.9339032854044,0.836035052333563,287,1163.84851074219,46,14,14,14,10,1746,22,60,34,20,18.7146739959717,8,78,26,719,101
34.9839032853244,0.836035052333563,246,1413.568359375,46,14,14,14,10,1820,14,58,34,20,18.6528816223145,2,88,13,595,106
35.0130699519444,0.836035052333563,273,1348.70080566406,48,14,14,14,10,1803,23,62,32,20,18.6729736328125,3,72,17,968,103
35.0234866185944,0.836035052333563,326,1230.74584960938,46,14,14,14,10,1771,20,60,33,20,18.6995697021484,4,-51,21,1304,103
34.4484866195147,0.833951719003563,437,1189.38000488281,46,14,14,14,10,1554,23,58,32,22,17.849328994751,10,-153,28,8007,89
34.5505699526846,0.833951719003563,339,1883.63842773438,42,16,16,16,10,2195,43,59,35,23,17.6143741607666,13,49,42,1535,82
34.5589032860046,0.833951719003563,301,1977.04565429688,45,16,16,16,10,2140,52,58,33,23,17.6295528411865,8,-80,20,1255,85
34.5755699526446,0.833951719003563,302,1991.99279785156,45,15,15,15,10,2098,43,58,31,24,17.74049949646,16,-214,18,1516,92
34.5839032859646,0.833951719003563,337,1928.91235351562,45,16,16,16,10,2072,37,58,32,24,17.8263854980469,13,11,12,1706,94
34.6714032858246,0.833951719003563,457,1766.62182617188,46,15,15,15,10,1959,37,60,31,23,18.1930637359619,11,78,24,1074,82
34.6755699524846,0.833951719003563,427,1766.62182617188,46,15,15,15,10,1959,37,60,31,23,18.1930637359619,11,78,24,1074,82
34.9130699521044,0.833951719003563,268,1216.89990234375,47,14,14,14,10,1704,19,60,33,20,18.7106609344482,4,14,13,1087,105
34.9380699520644,0.833951719003563,290,1218.91955566406,47,14,14,14,10,1781,17,60,33,19,18.6854610443115,4,172,15,655,103
34.9401532853944,0.833951719003563,287,1218.91955566406,47,14,14,14,10,1781,17,60,33,19,18.6854610443115,4,172,15,655,103
34.9609866186944,0.833951719003563,296,1369.2939453125,46,14,14,14,10,1826,15,60,35,19,18.6586322784424,5,182,29,291,98
34.9922366186444,0.833951719003563,244,1327.55834960938,46,14,14,14,10,1802,18,59,35,20,18.6794891357422,2,36,31,737,100
34.9984866186344,0.833951719003563,283,1328.03796386719,47,14,14,14,10,1782,21,60,33,19,18.6830272674561,4,-66,26,1063,102
34.5005699527646,0.831868385673563,442,1694.79077148438,42,16,16,16,10,2039,52,58,33,25,17.7688522338867,37,529,20,3648,66
34.5839032859646,0.831868385673563,365,1928.91235351562,45,16,16,16,10,2072,37,58,32,24,17.8263854980469,13,11,12,1706,94
34.5922366192846,0.831868385673563,294,1887.35034179688,45,15,15,15,10,2082,34,59,31,24,17.8715629577637,12,-47,18,2295,96
34.6464032858646,0.831868385673563,461,1745.28698730469,45,16,16,16,10,1957,38,60,31,24,18.1284503936768,13,-169,35,2520,86
34.6505699525246,0.831868385673563,418,1745.28698730469,45,16,16,16,10,1957,38,60,31,24,18.1284503936768,13,-169,35,2520,86
34.7109866190945,0.831868385673563,453,1652.40979003906,47,15,15,15,10,1773,32,59,29,24,18.4428310394287,20,-263,36,3157,93
34.7464032857045,0.831868385673563,340,1479.84411621094,46,16,16,16,10,1715,18,59,32,22,18.5336894989014,3,-82,19,3481,96
34.7630699523445,0.831868385673563,357,1354.04504394531,46,15,15,15,10,1690,19,58,32,23,18.5546455383301,3,-63,18,3383,99
34.7880699523045,0.831868385673563,306,1450.40991210938,48,15,15,15,10,1735,20,59,31,21,18.590669631958,3,71,12,2407,108
34.8859866188144,0.831868385673563,325,1547.08117675781,48,14,14,14,10,1760,15,59,32,19,18.663854598999,3,15,19,536,104
34.9943199519744,0.831868385673563,271,1328.03796386719,47,14,14,14,10,1782,21,60,33,19,18.6830272674561,4,-66,26,1063,102
35.0172366186044,0.831868385673563,281,1294.49914550781,48,14,14,14,10,1787,20,60,32,20,18.6855373382568,3,-10,10,1035,106
34.4609866194947,0.829785052343563,412,1346.18054199219,48,16,16,16,10,1761,32,57,31,22,17.9457416534424,14,120,34,6599,80
34.5484866193546,0.829785052343563,316,1883.63842773438,42,16,16,16,10,2195,43,59,35,23,17.6143741607666,13,49,42,1535,82
34.5547366193446,0.829785052343563,359,1977.04565429688,45,16,16,16,10,2140,52,58,33,23,17.6295528411865,8,-80,20,1255,85
34.5880699526246,0.829785052343563,342,1887.35034179688,45,15,15,15,10,2082,34,59,31,24,17.8715629577637,12,-47,18,2295,96
34.5964032859446,0.829785052343563,310,1879.03930664062,46,15,15,15,10,2039,34,60,31,23,17.8927936553955,2,-10,21,2274,97
34.5984866192746,0.829785052343563,301,1879.03930664062,46,15,15,15,10,2039,34,60,31,23,17.8927936553955,2,-10,21,2274,97
34.6130699525846,0.829785052343563,410,1766.4443359375,46,16,16,16,10,1996,44,58,30,24,18.0211620330811,13,121,33,2195,85
34.6339032858846,0.829785052343563,450,1699.86633300781,46,16,16,16,10,1976,40,59,31,23,18.0883541107178,11,13,26,2215,86
34.7484866190345,0.829785052343563,337,1479.84411621094,46,16,16,16,10,1715,18,59,32,22,18.5336894989014,3,-82,19,3481,96
34.7734866189945,0.829785052343563,347,1290.39868164062,47,15,15,15,10,1693,18,60,30,23,18.5639228820801,1,-47,21,3150,98
34.8859866188144,0.829785052343563,322,1547.08117675781,48,14,14,14,10,1760,15,59,32,19,18.663854598999,3,15,19,536,104
34.8984866187944,0.829785052343563,322,1502.08386230469,48,14,14,14,10,1738,18,59,33,19,18.6753940582275,4,12,20,706,106
34.9255699520844,0.829785052343563,289,1138.50158691406,46,14,14,14,10,1685,16,59,34,20,18.7167301177979,4,-157,23,1431,105
34.9359866187344,0.829785052343563,303,1218.91955566406,47,14,14,14,10,1781,17,60,33,19,18.6854610443115,4,172,15,655,103
34.9422366187244,0.829785052343563,250,1218.91955566406,47,14,14,14,10,1781,17,60,33,19,18.6854610443115,4,172,15,655,103
34.9443199520544,0.829785052343563,246,1247.59191894531,48,14,14,14,10,1766,15,61,33,19,18.6830673217773,4,55,20,860,105
34.4130699529047,0.827701719013563,392,1194.59484863281,41,14,14,14,10,1419,13,58,38,21,17.7981948852539,9,-98,10,8098,101
34.4193199528947,0.827701719013563,370,1161.65405273438,42,15,15,15,10,1449,14,56,37,22,17.8068828582764,8,-58,12,8114,103
34.4526532861747,0.827701719013563,372,1257.79028320312,47,15,15,15,10,1643,31,57,31,21,17.8988742828369,9,-29,27,7312,85
34.5630699526646,0.827701719013563,319,2019.62780761719,45,15,15,15,10,2146,53,58,32,23,17.6473159790039,22,130,15,1156,92
34.5839032859646,0.827701719013563,384,1928.91235351562,45,16,16,16,10,2072,37,58,32,24,17.8263854980469,13,11,12,1706,94
34.6234866192346,0.827701719013563,391,1687.61950683594,45,16,16,16,10,1916,36,59,31,24,18.0817890167236,9,-42,20,2751,90
34.6589032858446,0.827701719013563,391,1731.83642578125,46,16,16,16,10,1932,33,59,31,24,18.1604518890381,13,-76,19,2076,88
34.6609866191746,0.827701719013563,408,1736.37658691406,46,16,16,16,10,1935,37,61,31,23,18.1828079223633,7,-58,17,1798,85
34.6901532857945,0.827701719013563,429,1857.00073242188,47,15,15,15,10,1948,32,60,31,22,18.2283191680908,8,155,15,1374,87
34.7839032856445,0.827701719013563,307,1332.83752441406,47,15,15,15,10,1706,17,60,30,22,18.5768051147461,4,-34,23,2776,104
34.7922366189645,0.827701719013563,286,1450.40991210938,48,15,15,15,10,1735,20,59,31,21,18.590669631958,3,71,12,2407,108
34.9922366186444,0.827701719013563,250,1327.55834960938,46,14,14,14,10,1802,18,59,35,20,18.6794891357422,2,36,31,737,100
34.4547366195047,0.825618385683563,364,1260.798828125,46,15,15,15,10,1609,17,58,32,22,17.8647632598877,8,-2,13,5630,86
34.5026532860946,0.825618385683563,444,1479.69116210938,46,16,16,16,10,1782,42,58,31,23,18.0043144226074,25,-136,22,5916,78
34.5318199527146,0.825618385683563,409,1434.31567382812,43,16,16,16,10,2032,37,59,34,24,17.8629970550537,39,163,75,3657,70
34.5609866193346,0.825618385683563,343,2052.68774414062,45,15,15,15,10,2231,38,59,32,23,17.6079578399658,9,462,24,776,89
34.5818199526346,0.825618385683563,378,1992.89916992188,44,15,15,15,10,2026,38,59,32,23,17.8250694274902,18,-70,13,2106,92
34.5943199526146,0.825618385683563,323,1843.30285644531,46,15,15,15,10,2011,42,59,31,23,17.9865207672119,11,183,37,2371,94
34.6047366192646,0.825618385683563,372,1807.80737304688,46,15,15,15,10,1977,40,58,32,23,18.028284072876,18,311,17,2685,88
34.6172366192446,0.825618385683563,441,1743.99169921875,46,15,15,15,10,1885,35,58,31,22,18.1068935394287,9,-158,20,2946,86
34.6818199524745,0.825618385683563,401,1699.7626953125,48,15,15,15,10,1855,36,58,31,22,18.3136234283447,17,157,18,1739,83
34.6839032858045,0.825618385683563,405,1699.7626953125,48,15,15,15,10,1855,36,58,31,22,18.3136234283447,17,157,18,1739,83
34.6984866191145,0.825618385683563,464,1760.31066894531,48,15,15,15,10,1794,40,58,29,23,18.3785514831543,17,-86,54,2516,87
34.7234866190745,0.825618385683563,349,1536.68786621094,47,16,16,16,10,1739,21,58,31,22,18.485050201416,3,0,16,3479,96
34.7359866190545,0.825618385683563,354,1540.78076171875,45,16,16,16,10,1706,18,58,33,22,18.5157909393311,5,-18,20,3523,103
34.7547366190245,0.825618385683563,318,1431.28369140625,46,16,16,16,10,1728,18,59,32,22,18.5375843048096,3,133,17,2937,114
34.7859866189745,0.825618385683563,300,1449.90893554688,47,15,15,15,10,1727,19,58,32,21,18.5836162567139,3,59,26,2341,108
34.8797366188245,0.825618385683563,256,1564.81823730469,48,14,14,14,10,1755,17,59,33,19,18.644847869873,6,50,18,492,101
34.9714032853444,0.825618385683563,243,1312.85192871094,45,14,14,14,10,1752,20,60,36,19,18.701057434082,3,-95,15,1047,96
35.0005699519644,0.825618385683563,282,1225.22790527344,47,14,14,14,10,1776,18,62,33,20,18.7055549621582,3,45,28,1070,102
34.4172366195647,0.823535052353563,347,1164.876953125,42,14,14,14,10,1431,13,58,38,21,17.7877864837646,6,-6,13,6824,101
34.4443199528547,0.823535052353563,346,1183.96887207031,45,15,15,15,10,1558,17,59,33,22,17.8255252838135,6,71,17,6001,90
34.4672366194847,0.823535052353563,367,1339.6318359375,48,15,15,15,10,1659,25,57,31,21,17.9129409790039,10,-72,31,5297,82
34.4922366194446,0.823535052353563,465,1569.0029296875,46,16,16,16,10,1847,32,59,31,24,17.9302101135254,25,-92,41,5376,71
34.5151532860746,0.823535052353563,438,1334.22082519531,46,16,16,16,10,1686,34,58,31,23,18.0459613800049,27,-616,27,6894,87
34.5943199526146,0.823535052353563,328,1843.30285644531,46,15,15,15,10,2011,42,59,31,23,17.9865207672119,11,183,37,2371,94
34.6151532859146,0.823535052353563,447,1743.99169921875,46,15,15,15,10,1885,35,58,31,22,18.1068935394287,9,-158,20,2946,86
34.6401532858746,0.823535052353563,426,1628.392578125,47,15,15,15,10,1952,33,60,31,23,18.1830272674561,5,440,16,2378,77
34.7089032857645,0.823535052353563,417,1671.73376464844,47,16,16,16,10,1742,33,58,29,24,18.4231624603271,16,-17,31,3304,92
34.7255699524045,0.823535052353563,332,1536.68786621094,47,16,16,16,10,1739,21,58,31,22,18.485050201416,3,0,16,3479,96
34.7651532856745,0.823535052353563,355,1363.04577636719,47,15,15,15,10,1689,18,60,31,22,18.5465221405029,5,6,24,3064,106
34.7818199523145,0.823535052353563,314,1324.37133789062,47,15,15,15,10,1696,18,59,31,23,18.56764793396,3,-36,16,2768,107
34.8839032854845,0.823535052353563,269,1564.81823730469,48,14,14,14,10,1755,17,59,33,19,18.644847869873,6,50,18,492,101
34.9130699521044,0.823535052353563,293,1213.09606933594,47,14,14,14,10,1681,20,60,33,20,18.7070140838623,3,-122,18,1398,106
34.9234866187544,0.823535052353563,288,1135.44055175781,47,14,14,14,10,1692,21,61,33,20,18.713077545166,6,-106,22,1487,104
34.9359866187344,0.823535052353563,272,1203.34729003906,47,14,14,14,10,1760,16,60,33,19,18.7052574157715,4,108,18,830,101
34.4568199528347,0.821451719023563,327,1260.798828125,46,15,15,15,10,1609,17,58,32,22,17.8647632598877,8,-2,13,5630,86
34.5047366194246,0.821451719023563,403,1479.69116210938,46,16,16,16,10,1782,42,58,31,23,18.0043144226074,25,-136,22,5916,78
34.5380699527046,0.821451719023563,427,1601.89721679688,43,16,16,16,10,2066,42,59,34,23,17.7610263824463,10,222,30,2315,75
34.5693199526546,0.821451719023563,335,2053.2021484375,44,15,15,15,10,2126,41,59,32,24,17.6986122131348,15,164,22,1464,86
34.5964032859446,0.821451719023563,370,1843.30285644531,46,15,15,15,10,2011,42,59,31,23,17.9865207672119,11,183,37,2371,94
34.6422366192046,0.821451719023563,416,1628.392578125,47,15,15,15,10,1952,33,60,31,23,18.1830272674561,5,440,16,2378,77
34.6693199524946,0.821451719023563,497,1665.92553710938,47,15,15,15,10,1831,33,59,31,22,18.3132991790771,20,-232,36,2529,83
34.7130699524245,0.821451719023563,423,1560.35229492188,47,16,16,16,10,1693,22,58,30,23,18.4667682647705,6,-330,23,4202,95
34.8609866188545,0.821451719023563,306,1439.66674804688,46,15,15,15,10,1739,17,59,35,19,18.6436023712158,5,-74,20,667,104
34.8818199521545,0.821451719023563,240,1564.81823730469,48,14,14,14,10,1755,17,59,33,19,18.644847869873,6,50,18,492,101
34.8984866187944,0.821451719023563,244,1471.03515625,48,14,14,14,10,1747,19,58,34,18,18.6797924041748,5,100,11,590,108
34.9109866187744,0.821451719023563,284,1213.09606933594,47,14,14,14,10,1681,20,60,33,20,18.7070140838623,3,-122,18,1398,106
34.9839032853244,0.821451719023563,292,1250.7568359375,45,14,14,14,10,1754,18,59,36,19,18.7174301147461,3,-55,9,1074,98
35.0193199519344,0.821451719023563,279,1229.68737792969,46,14,14,14,10,1767,21,61,34,19,18.6985378265381,3,-65,15,1373,105
34.4234866195547,0.819368385693563,349,1130.74768066406,43,15,15,15,10,1433,16,58,36,21,17.7986183166504,2,1,22,6692,101
34.6068199525946,0.819368385693563,427,1807.80737304688,46,15,15,15,10,1977,40,58,32,23,18.028284072876,18,311,17,2685,88
34.6359866192146,0.819368385693563,420,1628.392578125,47,15,15,15,10,1952,33,60,31,23,18.1830272674561,5,440,16,2378,77
34.6505699525246,0.819368385693563,458,1663.79772949219,46,15,15,15,10,1851,35,58,31,24,18.2098731994629,8,-55,52,3192,85
34.6589032858446,0.819368385693563,390,1706.55029296875,47,15,15,15,10,1877,28,59,31,23,18.212760925293,6,101,18,2554,90
34.7172366190845,0.819368385693563,389,1560.35229492188,47,16,16,16,10,1693,22,58,30,23,18.4667682647705,6,-330,23,4202,95
34.7484866190345,0.819368385693563,347,1476.48571777344,44,16,16,16,10,1690,16,58,33,23,18.5246772766113,4,-116,22,3500,97
34.7964032856245,0.819368385693563,274,1491.44177246094,47,15,15,15,10,1724,17,59,33,20,18.5943908691406,3,115,15,2024,112
34.9089032854444,0.819368385693563,263,1360.15832519531,47,14,14,14,10,1704,19,61,34,19,18.6984882354736,5,-50,11,1239,103
34.9193199520944,0.819368385693563,303,1135.44055175781,47,14,14,14,10,1692,21,61,33,20,18.713077545166,6,-106,22,1487,104
35.0130699519444,0.819368385693563,264,1243.119140625,47,14,14,14,30,1799,20,60,33,20,18.6907806396484,3,115,9,1001,107
35.0234866185944,0.819368385693563,266,1229.68737792969,46,14,14,14,10,1767,21,61,34,19,18.6985378265381,3,-65,15,1373,105
34.4214032862247,0.817285052363563,315,1085.74658203125,42,14,14,14,10,1420,15,59,36,22,17.793062210083,10,-3,9,5082,101
34.6172366192446,0.817285052363563,452,1683.26196289062,47,15,15,15,10,1872,50,58,31,22,18.1690311431885,19,435,20,3200,83
34.6297366192246,0.817285052363563,398,1509.97827148438,48,15,15,15,10,1704,29,58,30,23,18.2892284393311,8,-445,25,4734,90
34.6797366191445,0.817285052363563,443,1557.76147460938,48,15,15,15,10,1734,26,58,29,23,18.393030166626,6,-203,42,2998,87
34.7401532857145,0.817285052363563,304,1550.95739746094,46,15,15,15,10,1725,20,58,32,22,18.5058917999268,4,61,11,3021,108
34.7630699523445,0.817285052363563,310,1352.76232910156,47,15,15,15,10,1702,21,59,31,22,18.5362777709961,4,103,16,2750,108
34.8589032855245,0.817285052363563,292,1365.24780273438,47,14,14,14,10,1726,15,60,34,18,18.6501998901367,4,-53,16,684,106
34.8672366188445,0.817285052363563,281,1445.75573730469,48,14,14,14,10,1756,15,59,34,19,18.6435871124268,3,59,14,428,103
34.9693199520144,0.817285052363563,270,1266.95300292969,45,14,14,14,10,1734,18,59,36,19,18.7175712585449,2,-84,9,1243,97
34.9797366186644,0.817285052363563,265,1196.00842285156,45,14,14,14,10,1727,20,60,35,19,18.736743927002,3,-114,10,1440,100
34.9818199519944,0.817285052363563,286,1196.00842285156,45,14,14,14,10,1727,20,60,35,19,18.736743927002,3,-114,10,1440,100
35.0172366186044,0.817285052363563,254,1212.80859375,47,14,14,14,10,1793,15,58,34,19,18.7005882263184,4,59,9,1088,101
34.5693199526546,0.815201719033563,393,2071.42578125,44,15,15,15,10,2107,40,58,33,24,17.7585754394531,9,55,18,953,82
34.5714032859846,0.815201719033563,379,2071.42578125,44,15,15,15,10,2107,40,58,33,24,17.7585754394531,9,55,18,953,82
34.6609866191746,0.815201719033563,442,1624.18017578125,47,16,16,16,10,1810,34,58,30,23,18.324333190918,20,141,14,2962,87
34.6797366191445,0.815201719033563,422,1557.76147460938,48,15,15,15,10,1734,26,58,29,23,18.393030166626,6,-203,42,2998,87
34.7089032857645,0.815201719033563,356,1607.28527832031,49,15,15,15,10,1732,22,58,29,22,18.4496631622314,4,-3,21,3314,96
34.8443199522145,0.815201719033563,307,1331.66040039062,49,14,14,14,10,1737,18,59,32,19,18.6430568695068,3,90,18,698,110
34.8505699522045,0.815201719033563,319,1331.66040039062,49,14,14,14,10,1737,18,59,32,19,18.6430568695068,3,90,18,698,110
34.8547366188645,0.815201719033563,295,1365.24780273438,47,14,14,14,10,1726,15,60,34,18,18.6501998901367,4,-53,16,684,106
34.8984866187944,0.815201719033563,250,1439.46533203125,46,14,14,14,10,1742,15,59,35,19,18.6882076263428,5,90,14,694,103
34.9130699521044,0.815201719033563,288,1211.67358398438,47,14,14,14,10,1686,19,60,34,19,18.703010559082,5,-13,19,1315,104
34.9214032854244,0.815201719033563,276,1138.29345703125,47,14,14,14,10,1693,22,60,33,20,18.7089080810547,4,-72,14,1481,105
34.9880699519844,0.815201719033563,273,1169.47131347656,47,14,14,14,10,1762,16,59,34,19,18.7303924560547,3,69,2,1167,101
35.0234866185944,0.815201719033563,258,1260.31298828125,47,14,14,14,10,1797,20,61,34,19,18.6849822998047,4,90,13,1062,107
34.4443199528547,0.813118385703563,300,1186.96520996094,45,15,15,15,10,1535,17,58,34,21,17.8003044128418,9,14,38,4326,92
34.4589032861647,0.813118385703563,368,1267.45666503906,46,15,15,15,10,1560,17,58,33,21,17.8325099945068,8,-142,21,4067,88
34.4964032861046,0.813118385703563,359,1502.97509765625,47,16,16,16,10,1736,29,59,30,23,17.9988346099854,19,189,22,5607,81
34.5380699527046,0.813118385703563,449,1509.52783203125,44,16,16,16,50,1891,36,59,32,24,17.9345264434814,19,-491,27,3645,78
34.5568199526746,0.813118385703563,361,1955.96899414062,45,16,16,16,10,2201,34,59,32,23,17.6605567932129,11,416,56,1221,76
34.5922366192846,0.813118385703563,501,1878.15185546875,45,16,16,16,10,1877,41,58,31,24,18.033203125,35,-71,39,2760,91
34.5984866192746,0.813118385703563,466,1732.33911132812,47,15,15,15,10,1884,41,58,30,23,18.1465911865234,39,115,21,2951,92
34.6047366192646,0.813118385703563,517,1687.25244140625,47,15,15,15,10,1936,42,59,30,23,18.1607551574707,31,154,27,2380,79
34.7193199524145,0.813118385703563,377,1470.93737792969,46,15,15,15,10,1710,24,58,32,22,18.4770679473877,6,-68,20,3504,99
34.7276532857345,0.813118385703563,290,1540.35986328125,45,15,15,15,10,1722,19,58,33,21,18.4944458007812,5,89,17,3074,110
34.7297366190645,0.813118385703563,300,1540.35986328125,45,15,15,15,10,1722,19,58,33,21,18.4944458007812,5,89,17,3074,110
34.9193199520944,0.813118385703563,310,1138.29345703125,47,14,14,14,10,1693,22,60,33,20,18.7089080810547,4,-72,14,1481,105
35.0089032852844,0.813118385703563,280,1169.18420410156,47,14,14,14,10,1749,17,60,34,19,18.7267208099365,4,-114,15,1464,102
35.0443199518944,0.813118385703563,307,1148.84875488281,48,14,14,14,10,1771,23,62,32,20,18.7170085906982,4,-71,32,1436,107
34.4151532862347,0.811035052373563,367,1116.38354492188,41,14,14,14,10,1390,11,57,39,20,17.7800159454346,5,-119,19,5533,96
34.4797366194646,0.811035052373563,346,1416.33947753906,47,15,15,15,10,1668,25,58,31,22,17.9438457489014,7,-171,19,5294,83
34.5401532860346,0.811035052373563,424,1509.52783203125,44,16,16,16,50,1891,36,59,32,24,17.9345264434814,19,-491,27,3645,78
34.5714032859846,0.811035052373563,396,2071.42578125,44,15,15,15,10,2107,40,58,33,24,17.7585754394531,9,55,18,953,82
34.5797366193046,0.811035052373563,328,2013.93212890625,45,15,15,15,10,2050,38,59,32,23,17.8420066833496,12,286,15,1844,87
34.5922366192846,0.811035052373563,488,1878.15185546875,45,16,16,16,10,1877,41,58,31,24,18.033203125,35,-71,39,2760,91
34.5943199526146,0.811035052373563,493,1732.33911132812,47,15,15,15,10,1884,41,58,30,23,18.1465911865234,39,115,21,2951,92
34.6172366192446,0.811035052373563,394,1683.26196289062,47,15,15,15,10,1872,50,58,31,22,18.1690311431885,19,435,20,3200,83
34.6380699525446,0.811035052373563,376,1480.42138671875,47,15,15,15,10,1742,29,58,30,23,18.3002471923828,13,-185,31,4187,85
34.6422366192046,0.811035052373563,389,1480.42138671875,47,15,15,15,10,1742,29,58,30,23,18.3002471923828,13,-185,31,4187,85
34.6526532858546,0.811035052373563,495,1617.54528808594,46,16,16,16,10,1902,33,59,30,23,18.2815265655518,13,571,15,2227,82
34.6901532857945,0.811035052373563,404,1633.38891601562,48,15,15,15,10,1769,26,59,30,23,18.4041328430176,5,18,17,2827,92
34.7005699524445,0.811035052373563,383,1669.01013183594,49,15,15,15,10,1729,23,59,29,23,18.4314804077148,6,-156,35,3379,94
34.7214032857445,0.811035052373563,319,1470.93737792969,46,15,15,15,10,1710,24,58,32,22,18.4770679473877,6,-68,20,3504,99
34.7505699523645,0.811035052373563,344,1486.341796875,46,16,16,16,10,1697,21,58,32,22,18.5146789550781,4,6,19,3098,106
34.7547366190245,0.811035052373563,340,1420.01586914062,46,16,16,16,10,1702,21,59,32,22,18.5246486663818,4,-2,18,2856,103
34.9234866187544,0.811035052373563,268,1138.29345703125,47,14,14,14,10,1693,22,60,33,20,18.7089080810547,4,-72,14,1481,105
34.4568199528347,0.808951719043563,294,1297.02319335938,46,14,14,14,10,1574,16,56,34,19,17.8094005584717,5,88,16,2236,93
34.5172366194046,0.808951719043563,395,1263.11547851562,48,15,15,15,10,1617,18,58,29,23,18.0007762908936,10,-197,45,6857,92
34.5443199526946,0.808951719043563,489,1767.95349121094,45,16,16,16,10,2126,40,57,33,23,17.7705898284912,8,812,43,1703,72
34.6339032858846,0.808951719043563,360,1459.40600585938,47,15,15,15,10,1650,20,58,31,22,18.2877750396729,4,-277,26,5201,92
34.6714032858246,0.808951719043563,423,1457.55041503906,47,15,15,15,10,1688,19,59,31,22,18.378345489502,2,-137,38,3781,93
34.6901532857945,0.808951719043563,385,1518.91772460938,48,15,15,15,10,1733,23,58,30,22,18.4131507873535,3,72,26,3184,97
34.6984866191145,0.808951719043563,382,1582.71411132812,49,15,15,15,10,1722,23,60,29,22,18.430419921875,4,36,17,3211,100
34.7026532857745,0.808951719043563,371,1567.46130371094,48,15,15,15,10,1711,21,59,30,22,18.4432048797607,1,-25,28,3324,99
34.7380699523845,0.808951719043563,306,1551.44958496094,45,15,15,15,10,1689,21,59,33,22,18.4950332641602,1,-78,17,3085,109
34.8526532855345,0.808951719043563,274,1386.26318359375,47,14,14,14,10,1716,14,59,35,18,18.6455688476562,5,-98,31,803,105
34.8755699521645,0.808951719043563,226,1512.177734375,47,14,14,14,10,1745,17,61,34,19,18.6520595550537,5,18,15,350,101
34.8880699521444,0.808951719043563,220,1465.15356445312,46,14,14,14,10,1709,14,59,35,19,18.6772804260254,3,-52,12,893,102
34.9130699521044,0.808951719043563,264,1194.46423339844,47,14,14,14,10,1683,22,60,34,19,18.697961807251,4,-10,14,1307,104
34.9609866186944,0.808951719043563,254,1248.38671875,47,14,14,14,10,1744,20,58,34,20,18.7234115600586,6,10,21,1076,96
34.9984866186344,0.808951719043563,314,1140.373046875,46,14,14,14,10,1731,14,60,35,19,18.7397480010986,3,-83,12,1538,102
34.4714032861446,0.806868385713563,296,1346.25622558594,47,14,14,14,10,1612,17,58,32,21,17.8670558929443,8,-24,16,3602,87
34.4797366194646,0.806868385713563,311,1383.31164550781,47,15,15,15,10,1635,17,59,32,21,17.9085273742676,9,-31,20,4868,88
34.4901532861146,0.806868385713563,289,1436.72717285156,47,15,15,15,10,1669,22,59,31,22,17.9476661682129,7,19,11,5644,94
34.5464032860246,0.806868385713563,412,1767.95349121094,45,16,16,16,10,2126,40,57,33,23,17.7705898284912,8,812,43,1703,72
34.5568199526746,0.806868385713563,447,1946.74829101562,45,16,16,16,10,2099,39,59,33,23,17.7646999359131,13,250,27,1220,72
34.5672366193246,0.806868385713563,470,2010.3193359375,44,15,15,15,10,2118,45,58,33,23,17.7923965454102,20,454,25,610,70
34.5693199526546,0.806868385713563,463,2033.90563964844,44,16,16,16,10,1989,40,58,33,24,17.8754959106445,21,-294,44,2090,77
34.5839032859646,0.806868385713563,433,2000.755859375,45,15,15,15,10,2037,35,59,32,22,17.908763885498,23,469,22,1532,78
34.7276532857345,0.806868385713563,299,1502.93908691406,46,15,15,15,10,1716,21,58,33,21,18.4823703765869,1,76,17,2957,109
34.7651532856745,0.806868385713563,304,1333.67614746094,47,15,15,15,10,1685,19,59,31,22,18.5235481262207,3,14,22,2692,106
34.8005699522845,0.806868385713563,295,1415.41247558594,46,15,15,15,10,1706,17,60,33,20,18.5754585266113,5,75,12,1873,108
34.8109866189345,0.806868385713563,366,1217.388671875,47,15,15,15,10,1658,19,59,33,21,18.5899219512939,1,-129,20,2078,102
34.8547366188645,0.806868385713563,252,1386.26318359375,47,14,14,14,10,1716,14,59,35,18,18.6455688476562,5,-98,31,803,105
34.8609866188545,0.806868385713563,237,1427.70336914062,47,14,14,14,10,1735,16,60,34,18,18.6516418457031,4,-16,8,661,103
34.8943199521344,0.806868385713563,249,1401.88989257812,46,14,14,14,10,1715,16,61,35,18,18.6868591308594,4,16,31,988,105
34.8964032854644,0.806868385713563,251,1401.88989257812,46,14,14,14,10,1715,16,61,35,18,18.6868591308594,4,16,31,988,105
34.9151532854344,0.806868385713563,286,1194.46423339844,47,14,14,14,10,1683,22,60,34,19,18.697961807251,4,-10,14,1307,104
34.9234866187544,0.806868385713563,289,1151.02429199219,47,14,14,14,10,1674,19,60,33,20,18.7049617767334,4,-125,18,1639,104
34.9505699520444,0.806868385713563,268,1233.92456054688,47,14,14,14,10,1740,15,59,34,19,18.7233848571777,2,53,11,1163,108
34.9630699520244,0.806868385713563,251,1248.38671875,47,14,14,14,10,1744,20,58,34,20,18.7234115600586,6,10,21,1076,96
34.9964032853044,0.806868385713563,300,1140.373046875,46,14,14,14,10,1731,14,60,35,19,18.7397480010986,3,-83,12,1538,102
35.0422366185644,0.806868385713563,288,1273.82446289062,47,14,14,14,10,1776,19,60,33,20,18.698543548584,3,-38,10,1237,107
34.4839032861246,0.804785052383563,302,1383.31164550781,47,15,15,15,10,1635,17,59,32,21,17.9085273742676,9,-31,20,4868,88
34.5401532860346,0.804785052383563,543,1505.48608398438,45,16,16,16,10,1839,33,57,32,23,17.9634284973145,45,-464,56,4596,73
34.6068199525946,0.804785052383563,413,1536.3037109375,48,15,15,15,10,1692,28,58,29,24,18.2196025848389,10,-364,26,4996,89
34.6547366191846,0.804785052383563,419,1466.18151855469,47,15,15,15,10,1721,28,58,30,23,18.3312435150146,14,-39,25,3732,86
34.7172366190845,0.804785052383563,345,1481.134765625,47,15,15,15,10,1686,18,59,31,22,18.4518394470215,3,-55,17,3391,102
34.8755699521645,0.804785052383563,236,1512.177734375,47,14,14,14,10,1745,17,61,34,19,18.6520595550537,5,18,15,350,101
34.9589032853644,0.804785052383563,242,1240.67028808594,48,14,14,14,10,1734,15,58,33,19,18.7242488861084,4,0,11,1129,100
35.0005699519644,0.804785052383563,270,1140.373046875,46,14,14,14,10,1731,14,60,35,19,18.7397480010986,3,-83,12,1538,102
35.0255699519244,0.804785052383563,251,1285.91284179688,47,14,14,14,10,1808,20,60,34,19,18.6827049255371,2,91,10,966,104
34.4193199528947,0.802701719053563,308,1097.73095703125,43,14,14,14,10,1393,14,59,35,22,17.770040512085,6,-96,17,3692,105
34.4568199528347,0.802701719053563,236,1297.02319335938,46,14,14,14,10,1574,16,56,34,19,17.8094005584717,5,88,16,2236,93
34.4776532861346,0.802701719053563,289,1383.31164550781,47,15,15,15,10,1635,17,59,32,21,17.9085273742676,9,-31,20,4868,88
34.5109866194146,0.802701719053563,397,1263.11547851562,48,15,15,15,10,1617,18,58,29,23,18.0007762908936,10,-197,45,6857,92
34.5255699527246,0.802701719053563,340,1247.15185546875,48,16,16,16,10,1689,34,58,29,23,18.0333347320557,9,5,36,5948,92
34.5339032860446,0.802701719053563,407,1318.39892578125,47,16,16,16,10,1682,27,57,31,23,18.0420150756836,9,-532,33,6025,84
34.6693199524946,0.802701719053563,370,1457.55041503906,47,15,15,15,10,1688,19,59,31,22,18.378345489502,2,-137,38,3781,93
34.6880699524645,0.802701719053563,363,1518.91772460938,48,15,15,15,10,1733,23,58,30,22,18.4131507873535,3,72,26,3184,97
34.7026532857745,0.802701719053563,327,1567.46130371094,48,15,15,15,10,1711,21,59,30,22,18.4432048797607,1,-25,28,3324,99
34.7047366191045,0.802701719053563,305,1567.46130371094,48,15,15,15,10,1711,21,59,30,22,18.4432048797607,1,-25,28,3324,99
34.7276532857345,0.802701719053563,278,1502.93908691406,46,15,15,15,10,1716,21,58,33,21,18.4823703765869,1,76,17,2957,109
34.7609866190145,0.802701719053563,331,1333.67614746094,47,15,15,15,10,1685,19,59,31,22,18.5235481262207,3,14,22,2692,106
34.8464032855445,0.802701719053563,239,1410.92199707031,48,14,14,14,10,1737,13,59,33,19,18.6333980560303,4,94,11,712,106
34.8672366188445,0.802701719053563,215,1427.70336914062,47,14,14,14,10,1735,16,60,34,18,18.6516418457031,4,-16,8,661,103
34.8734866188345,0.802701719053563,248,1512.177734375,47,14,14,14,10,1745,17,61,34,19,18.6520595550537,5,18,15,350,101
34.9026532854544,0.802701719053563,294,1308.51171875,47,14,14,14,10,1700,21,60,34,19,18.692512512207,3,-17,11,1221,104
34.9880699519844,0.802701719053563,281,1142.01135253906,47,14,14,14,10,1725,18,60,34,20,18.7434616088867,2,-72,10,1461,102
35.0089032852844,0.802701719053563,276,1153.83581542969,46,14,14,14,10,1739,16,60,35,19,18.729040145874,3,-117,11,1500,101
35.0130699519444,0.802701719053563,246,1204.59265136719,47,14,14,14,10,1763,16,59,34,19,18.7085800170898,5,-104,11,1293,100
34.3943199529347,0.800618385723563,429,1155.14636230469,39,14,14,14,10,1366,12,58,41,20,17.7057437896729,6,-94,16,3716,105
34.4047366195847,0.800618385723563,342,1171.18139648438,40,14,14,14,10,1399,13,59,39,21,17.7146091461182,6,-44,23,3169,105
34.4651532861547,0.800618385723563,230,1348.96936035156,44,13,13,13,10,1577,18,60,37,19,17.8120555877686,5,110,8,250,98
34.5193199527346,0.800618385723563,364,1249.04858398438,48,15,15,15,10,1626,24,57,29,23,18.0037899017334,4,-107,22,6195,91
34.5484866193546,0.800618385723563,448,1734.33813476562,46,16,16,16,10,2088,40,58,32,22,17.8645858764648,24,1181,16,1251,62
34.5859866192946,0.800618385723563,457,1847.76342773438,46,16,16,16,10,1752,42,59,32,22,18.1228179931641,28,19,14,3530,74
34.5943199526146,0.800618385723563,515,1611.70739746094,48,15,15,15,10,1632,26,58,30,23,18.1852073669434,9,-330,34,5331,88
34.6609866191746,0.800618385723563,373,1370.06994628906,47,15,15,15,10,1676,20,57,31,21,18.3395042419434,6,-42,34,4008,95
34.6630699525046,0.800618385723563,385,1370.06994628906,47,15,15,15,10,1676,20,57,31,21,18.3395042419434,6,-42,34,4008,95
34.7234866190745,0.800618385723563,301,1432.12829589844,46,15,15,15,10,1666,18,58,32,22,18.4500045776367,5,-158,35,3233,97
34.7568199523545,0.800618385723563,326,1460.03540039062,48,15,15,15,10,1684,20,59,31,22,18.5065078735352,4,8,24,2623,110
34.7651532856745,0.800618385723563,339,1347.53234863281,46,15,15,15,10,1663,19,60,32,22,18.5139579772949,1,-71,29,2703,104
34.7964032856245,0.800618385723563,297,1373.04919433594,47,15,15,15,10,1674,20,59,33,20,18.5637359619141,5,-29,14,1932,106
34.8068199522745,0.800618385723563,269,1261.54357910156,47,14,14,14,10,1652,20,60,33,20,18.5704078674316,2,-137,16,2080,104
35.0109866186144,0.800618385723563,276,1234.78747558594,46,14,14,14,10,1761,17,60,35,19,18.6968860626221,3,-101,25,1319,101
35.0464032852244,0.800618385723563,262,1301.09533691406,47,14,14,14,10,1788,16,61,32,20,18.6931419372559,5,44,9,1275,105
34.3984866195947,0.798535052393563,355,1155.14636230469,39,14,14,14,10,1366,12,58,41,20,17.7057437896729,6,-94,16,3716,105
34.4922366194446,0.798535052393563,303,1376.60217285156,45,15,15,15,10,1627,20,58,33,22,17.9064598083496,5,99,11,5142,99
34.5755699526446,0.798535052393563,439,1948.82507324219,45,16,16,16,10,1882,37,59,31,23,17.9913692474365,33,-462,40,3278,75
34.6589032858446,0.798535052393563,274,1341.98352050781,48,15,15,15,10,1664,19,57,31,21,18.3148727416992,5,-60,17,4435,94
34.6818199524745,0.798535052393563,399,1377.02624511719,47,15,15,15,10,1665,19,58,31,22,18.3751583099365,2,-98,31,3824,94
34.7130699524245,0.798535052393563,295,1499.71655273438,47,15,15,15,10,1690,18,58,32,21,18.442455291748,5,18,19,3042,107
34.7255699524045,0.798535052393563,320,1432.12829589844,46,15,15,15,10,1666,18,58,32,22,18.4500045776367,5,-158,35,3233,97
34.8047366189445,0.798535052393563,275,1261.54357910156,47,14,14,14,10,1652,20,60,33,20,18.5704078674316,2,-137,16,2080,104
34.8484866188745,0.798535052393563,235,1454.44812011719,47,14,14,14,10,1743,16,59,34,19,18.6259746551514,6,159,11,556,106
34.8818199521545,0.798535052393563,221,1477.63171386719,46,14,14,14,10,1732,18,61,35,19,18.6656932830811,4,34,8,702,101
34.8984866187944,0.798535052393563,233,1372.05383300781,48,14,14,14,10,1718,19,61,33,19,18.6816959381104,3,103,12,990,108
34.9880699519844,0.798535052393563,274,1143.48449707031,46,14,14,14,10,1741,18,58,34,20,18.736213684082,4,36,17,1418,102
35.0109866186144,0.798535052393563,284,1234.78747558594,46,14,14,14,10,1761,17,60,35,19,18.6968860626221,3,-101,25,1319,101
34.4089032862447,0.796451719063563,278,1171.18139648438,40,14,14,14,10,1399,13,59,39,21,17.7146091461182,6,-44,23,3169,105
34.4734866194746,0.796451719063563,271,1328.28466796875,45,14,14,14,10,1550,17,60,35,21,17.8292121887207,5,-168,16,2613,88
34.5047366194246,0.796451719063563,286,1299.74206542969,45,15,15,15,10,1605,17,60,32,23,17.9464263916016,3,-150,32,6690,92
34.6547366191846,0.796451719063563,281,1341.98352050781,48,15,15,15,10,1664,19,57,31,21,18.3148727416992,5,-60,17,4435,94
34.6734866191546,0.796451719063563,372,1373.34118652344,46,15,15,15,10,1694,19,59,32,22,18.3596649169922,4,68,16,3651,100
34.7464032857045,0.796451719063563,298,1539.05554199219,48,15,15,15,10,1699,21,58,30,22,18.4979190826416,3,54,18,2563,110
34.8151532855945,0.796451719063563,242,1246.27648925781,48,14,14,14,10,1686,22,60,33,19,18.58616065979,5,7,23,1837,104
34.8339032855645,0.796451719063563,219,1419.138671875,49,14,14,14,10,1725,17,58,32,19,18.6121101379395,5,101,28,1180,108
34.8568199521945,0.796451719063563,264,1374.94616699219,47,14,14,14,10,1693,15,60,34,18,18.6391201019287,2,-99,16,841,102
34.8964032854644,0.796451719063563,227,1372.05383300781,48,14,14,14,10,1718,19,61,33,19,18.6816959381104,3,103,12,990,108
34.9380699520644,0.796451719063563,258,1260.20983886719,47,14,14,14,10,1731,18,59,34,19,18.7154769897461,3,127,9,1112,108
34.9672366186844,0.796451719063563,266,1179.33032226562,47,14,14,14,10,1712,17,59,34,20,18.73264503479,2,-54,10,1469,101
34.9734866186744,0.796451719063563,280,1166.10375976562,48,14,14,14,10,1727,20,60,33,19,18.7366790771484,4,27,11,1304,102
34.9839032853244,0.796451719063563,336,1147.38146972656,47,14,14,14,10,1708,20,60,33,19,18.7411041259766,2,-115,22,1559,103
34.9922366186444,0.796451719063563,264,1143.48449707031,46,14,14,14,10,1741,18,58,34,20,18.736213684082,4,36,17,1418,102
34.3797366196247,0.794368385733563,363,1159.51721191406,32,15,15,15,10,1346,8,58,50,19,17.6889533996582,6,-108,4,4719,106
34.3964032862647,0.794368385733563,279,1155.14636230469,39,14,14,14,10,1366,12,58,41,20,17.7057437896729,6,-94,16,3716,105
34.4589032861647,0.794368385733563,210,1339.85986328125,47,14,14,14,10,1559,17,58,35,19,17.7872161865234,6,49,12,483,97
34.5859866192946,0.794368385733563,460,1847.76342773438,46,16,16,16,10,1752,42,59,32,22,18.1228179931641,28,19,14,3530,74
34.6297366192246,0.794368385733563,314,1440.14331054688,48,15,15,15,10,1657,16,58,30,22,18.2680244445801,4,-22,21,4989,100
34.8484866188745,0.794368385733563,224,1454.44812011719,47,14,14,14,10,1743,16,59,34,19,18.6259746551514,6,159,11,556,106
34.8526532855345,0.794368385733563,240,1374.94616699219,47,14,14,14,10,1693,15,60,34,18,18.6391201019287,2,-99,16,841,102
34.8734866188345,0.794368385733563,213,1460.48461914062,47,14,14,14,10,1724,17,60,34,18,18.6586837768555,4,36,10,658,105
34.9026532854544,0.794368385733563,236,1279.70483398438,47,14,14,14,10,1684,19,59,34,19,18.6874866485596,4,-2,24,1450,104
34.9464032853844,0.794368385733563,272,1233.92846679688,48,14,14,14,10,1710,18,61,33,19,18.7218036651611,3,-43,13,1377,105
34.9630699520244,0.794368385733563,267,1179.33032226562,47,14,14,14,10,1712,17,59,34,20,18.73264503479,2,-54,10,1469,101
35.0401532852344,0.794368385733563,273,1376.42065429688,47,14,14,14,10,1794,16,60,33,19,18.679220199585,4,15,15,1159,105
34.3797366196247,0.792285052403563,351,1105.23803710938,36,15,15,15,10,1337,7,61,45,19,17.6748657226562,2,-59,8,3634,106
34.4880699527846,0.792285052403563,281,1287.63586425781,44,15,15,15,10,1606,15,60,34,22,17.8628387451172,7,178,11,5054,97
34.5089032860846,0.792285052403563,298,1279.43798828125,46,15,15,15,10,1595,18,59,32,22,17.9193572998047,8,-97,15,6129,95
34.5734866193146,0.792285052403563,474,1838.62414550781,48,16,16,16,10,1805,34,57,30,22,18.0784397125244,29,-344,43,3513,76
34.6339032858846,0.792285052403563,283,1418.70361328125,48,14,14,14,10,1653,15,58,31,21,18.2464504241943,4,12,23,4773,104
34.6984866191145,0.792285052403563,329,1409.36633300781,47,15,15,15,10,1676,19,58,32,22,18.3945236206055,5,-68,27,3241,98
34.7068199524345,0.792285052403563,266,1498.32885742188,46,15,15,15,10,1708,17,57,34,21,18.4170169830322,3,93,29,2704,106
34.7380699523845,0.792285052403563,289,1497.87622070312,48,15,15,15,10,1711,22,58,31,21,18.4726066589355,3,99,10,2255,109
34.7443199523745,0.792285052403563,287,1520.38061523438,48,15,15,15,10,1697,19,59,31,22,18.4863681793213,3,36,19,2231,112
34.7693199523345,0.792285052403563,370,1304.88549804688,46,15,15,15,10,1658,20,60,32,23,18.5147724151611,2,-102,32,2472,102
34.7755699523245,0.792285052403563,318,1304.88549804688,46,15,15,15,10,1658,20,60,32,23,18.5147724151611,2,-102,32,2472,102
34.7797366189845,0.792285052403563,313,1372.93859863281,47,15,15,15,10,1681,18,59,32,21,18.5326156616211,4,-32,18,2114,110
34.8714032855045,0.792285052403563,223,1396.24133300781,48,14,14,14,10,1729,18,61,33,18,18.6540546417236,3,109,11,690,106
34.9130699521044,0.792285052403563,323,1181.31750488281,48,14,14,14,10,1658,21,62,32,20,18.6878890991211,2,-92,30,1651,106
35.0026532852944,0.792285052403563,259,1214.07299804688,45,14,14,14,10,1793,13,58,36,18,18.6919059753418,5,86,11,997,99
35.0068199519544,0.792285052403563,256,1214.07299804688,45,14,14,14,10,1793,13,58,36,18,18.6919059753418,5,86,11,997,99
35.0526532852144,0.792285052403563,293,1269.60693359375,47,14,14,14,10,1793,16,60,32,21,18.6981449127197,4,70,5,1431,106
35.0547366185444,0.792285052403563,300,1269.60693359375,47,14,14,14,10,1793,16,60,32,21,18.6981449127197,4,70,5,1431,106
34.4130699529047,0.790201719073563,254,1262.67224121094,39,14,14,14,10,1462,14,60,42,18,17.6892738342285,2,184,20,1858,109
34.4859866194546,0.790201719073563,254,1287.63586425781,44,15,15,15,10,1606,15,60,34,22,17.8628387451172,7,178,11,5054,97
34.6130699525846,0.790201719073563,326,1372.4697265625,47,15,15,15,10,1607,17,57,31,22,18.1939067840576,7,-143,26,5165,97
34.6297366192246,0.790201719073563,288,1418.70361328125,48,14,14,14,10,1653,15,58,31,21,18.2464504241943,4,12,23,4773,104
34.6547366191846,0.790201719073563,303,1296.11499023438,48,14,14,14,10,1615,18,58,31,21,18.2897243499756,4,-155,19,4701,97
34.7234866190745,0.790201719073563,307,1461.51953125,44,15,15,15,10,1664,19,58,35,22,18.4399585723877,2,-98,19,2860,107
34.7484866190345,0.790201719073563,299,1520.38061523438,48,15,15,15,10,1697,19,59,31,22,18.4863681793213,3,36,19,2231,112
34.7943199522945,0.790201719073563,252,1376.78051757812,48,14,14,14,10,1668,19,60,33,20,18.55544090271,6,-21,14,1931,106
34.8339032855645,0.790201719073563,214,1456.92224121094,48,14,14,14,10,1723,15,59,33,19,18.608190536499,3,66,16,934,110
34.8526532855345,0.790201719073563,231,1309.88696289062,47,14,14,14,10,1684,17,59,34,19,18.6311454772949,5,-53,25,808,101
34.9589032853644,0.790201719073563,324,1165.62145996094,47,14,14,14,10,1689,20,58,34,19,18.7242488861084,3,-64,19,1519,104
34.3797366196247,0.788118385743563,337,1105.23803710938,36,15,15,15,10,1337,7,61,45,19,17.6748657226562,2,-59,8,3634,106
34.4089032862447,0.788118385743563,263,1251.17004394531,39,14,14,14,10,1432,14,60,42,19,17.6777954101562,6,93,28,2428,106
34.4630699528247,0.788118385743563,206,1341.70471191406,43,14,14,14,10,1552,15,60,38,19,17.7823257446289,8,120,14,1071,100
34.6526532858546,0.788118385743563,332,1296.11499023438,48,14,14,14,10,1615,18,58,31,21,18.2897243499756,4,-155,19,4701,97
34.7714032856645,0.788118385743563,333,1304.88549804688,46,15,15,15,10,1658,20,60,32,23,18.5147724151611,2,-102,32,2472,102
34.8151532855945,0.788118385743563,250,1271.85485839844,48,14,14,14,10,1688,23,59,33,19,18.5796031951904,4,47,19,1626,104
34.8672366188445,0.788118385743563,229,1313.70983886719,48,14,14,14,10,1702,18,61,33,19,18.6420230865479,4,-12,9,864,101
34.9130699521044,0.788118385743563,316,1181.31750488281,48,14,14,14,10,1658,21,62,32,20,18.6878890991211,2,-92,30,1651,106
34.9172366187644,0.788118385743563,321,1181.31750488281,48,14,14,14,10,1658,21,62,32,20,18.6878890991211,2,-92,30,1651,106
34.9526532853744,0.788118385743563,295,1165.62145996094,47,14,14,14,10,1689,20,58,34,19,18.7242488861084,3,-64,19,1519,104
34.9943199519744,0.788118385743563,261,1166.64086914062,46,14,14,14,10,1762,13,57,35,19,18.7177486419678,3,67,9,1111,102
35.0422366185644,0.788118385743563,275,1436.37231445312,46,14,14,14,10,1824,17,62,34,20,18.6686820983887,2,106,8,850,113
35.0443199518944,0.788118385743563,266,1375.47216796875,47,14,14,14,10,1808,16,60,33,20,18.6787738800049,6,103,8,1135,106
34.3734866196347,0.786035052413563,393,1136.51000976562,34,15,15,15,10,1331,9,59,47,18,17.6570987701416,4,-8,22,4396,102
34.3943199529347,0.786035052413563,276,1199.41687011719,37,15,15,15,10,1420,13,60,45,17,17.6738815307617,5,170,13,2307,105
34.4443199528547,0.786035052413563,234,1324.39794921875,44,14,14,14,10,1528,17,60,37,19,17.7380905151367,4,83,14,734,102
34.4505699528447,0.786035052413563,233,1324.39794921875,44,14,14,14,10,1528,17,60,37,19,17.7380905151367,4,83,14,734,102
34.5151532860746,0.786035052413563,293,1271.80151367188,47,15,15,15,10,1639,17,59,31,22,17.9560508728027,5,175,17,5716,109
34.5234866193946,0.786035052413563,354,1240.33984375,47,15,15,15,10,1599,20,57,30,23,17.9728889465332,4,-144,33,5943,91
34.5359866193746,0.786035052413563,390,1432.90063476562,47,16,16,16,10,1737,33,58,30,23,18.0334205627441,17,-140,30,4462,75
34.5526532860146,0.786035052413563,411,1650.5703125,46,16,16,16,10,1757,33,57,32,23,18.0751876831055,14,-254,27,3401,75
34.5943199526146,0.786035052413563,435,1657.11572265625,48,15,15,15,10,1637,22,59,30,22,18.1777782440186,5,-196,27,5041,89
34.6005699526046,0.786035052413563,415,1657.11572265625,48,15,15,15,10,1637,22,59,30,22,18.1777782440186,5,-196,27,5041,89
34.6130699525846,0.786035052413563,329,1372.4697265625,47,15,15,15,10,1607,17,57,31,22,18.1939067840576,7,-143,26,5165,97
34.7255699524045,0.786035052413563,322,1461.51953125,44,15,15,15,10,1664,19,58,35,22,18.4399585723877,2,-98,19,2860,107
34.7422366190445,0.786035052413563,292,1497.87622070312,48,15,15,15,10,1711,22,58,31,21,18.4726066589355,3,99,10,2255,109
34.8380699522245,0.786035052413563,223,1476.62060546875,46,14,14,14,10,1729,16,60,35,19,18.6156768798828,5,111,9,712,105
34.9193199520944,0.786035052413563,307,1168.91857910156,48,14,14,14,10,1688,20,59,32,20,18.6964263916016,4,-7,11,1598,103
34.9401532853944,0.786035052413563,268,1247.42919921875,47,14,14,14,10,1721,20,58,33,20,18.7126865386963,3,96,18,1234,106
34.4130699529047,0.783951719083563,280,1297.29577636719,40,14,14,14,10,1419,12,60,41,19,17.6760635375977,2,-98,12,1848,108
34.4276532862147,0.783951719083563,270,1292.33020019531,40,14,14,14,10,1468,16,61,41,19,17.6961574554443,1,61,14,1386,108
34.5026532860946,0.783951719083563,336,1261.86328125,46,14,14,14,10,1636,17,59,33,21,17.9009628295898,2,275,17,5491,97
34.5276532860546,0.783951719083563,350,1249.49389648438,48,14,14,14,10,1608,27,57,31,21,17.9740924835205,5,-148,33,5284,87
34.5297366193846,0.783951719083563,365,1249.49389648438,48,14,14,14,10,1608,27,57,31,21,17.9740924835205,5,-148,33,5284,87
34.5818199526346,0.783951719083563,440,1913.37548828125,48,15,15,15,10,1868,37,59,30,21,18.0462417602539,29,723,17,1836,75
34.5984866192746,0.783951719083563,399,1739.62243652344,49,14,14,14,10,1644,24,57,30,21,18.1688671112061,5,-164,33,4487,90
34.6026532859346,0.783951719083563,394,1538.63916015625,49,14,14,14,10,1605,17,58,30,21,18.1666450500488,4,-87,29,4866,95
34.6089032859246,0.783951719083563,362,1538.63916015625,49,14,14,14,10,1605,17,58,30,21,18.1666450500488,4,-87,29,4866,95
34.6151532859146,0.783951719083563,314,1395.39990234375,48,15,15,15,10,1587,15,58,30,22,18.172815322876,3,-156,27,5054,99
34.6359866192146,0.783951719083563,209,1427.80212402344,47,14,14,14,10,1656,17,58,32,21,18.2485370635986,2,142,23,4333,105
34.8755699521645,0.783951719083563,273,1339.37927246094,47,14,14,14,10,1704,17,62,35,18,18.6461906433105,5,-8,8,904,101
34.9214032854244,0.783951719083563,287,1179.83740234375,48,14,14,14,10,1675,21,60,32,20,18.6910057067871,4,-30,24,1630,106
34.9568199520344,0.783951719083563,318,1156.41442871094,47,14,14,14,10,1686,20,60,34,19,18.7208309173584,2,-56,16,1688,106
34.4068199529147,0.781868385753563,259,1293.71179199219,39,14,14,14,10,1444,13,60,44,17,17.6579246520996,6,173,7,1657,112
34.4089032862447,0.781868385753563,272,1293.71179199219,39,14,14,14,10,1444,13,60,44,17,17.6579246520996,6,173,7,1657,112
34.4464032861847,0.781868385753563,246,1345.5380859375,41,14,14,14,10,1484,15,60,40,19,17.7225093841553,5,-69,9,1015,102
34.4714032861446,0.781868385753563,265,1217.86889648438,42,14,14,14,10,1482,15,58,37,21,17.7806282043457,5,-162,28,2829,96
34.4922366194446,0.781868385753563,352,1203.59545898438,47,14,14,14,10,1568,19,57,31,22,17.8185367584229,14,36,27,4977,96
34.5984866192746,0.781868385753563,371,1739.62243652344,49,14,14,14,10,1644,24,57,30,21,18.1688671112061,5,-164,33,4487,90
34.6505699525246,0.781868385753563,252,1387.0537109375,47,14,14,14,10,1639,18,58,33,20,18.2633056640625,5,114,26,4298,105
34.6880699524645,0.781868385753563,244,1313.8720703125,47,15,15,15,10,1647,20,57,32,21,18.3554649353027,5,-79,26,3279,96
34.7255699524045,0.781868385753563,310,1514.54907226562,43,15,15,15,10,1680,17,59,36,21,18.4313831329346,5,22,4,2336,111
34.8755699521645,0.781868385753563,237,1339.37927246094,47,14,14,14,10,1704,17,62,35,18,18.6461906433105,5,-8,8,904,101
35.0193199519344,0.781868385753563,239,1341.66394042969,45,14,14,14,10,1816,20,58,36,19,18.6767883300781,3,95,19,802,108
34.3755699529647,0.779785052423563,365,1059.81665039062,38,14,14,14,10,1297,8,59,42,20,17.6458129882812,6,-161,28,4109,105
34.4255699528847,0.779785052423563,248,1289.57104492188,39,14,14,14,10,1439,14,60,42,19,17.6866645812988,5,-19,17,1678,107
34.4734866194746,0.779785052423563,270,1217.86889648438,42,14,14,14,10,1482,15,58,37,21,17.7806282043457,5,-162,28,2829,96
34.4755699528046,0.779785052423563,273,1217.86889648438,42,14,14,14,10,1482,15,58,37,21,17.7806282043457,5,-162,28,2829,96
34.5651532859946,0.779785052423563,338,1572.33618164062,46,15,15,15,10,1691,26,57,33,22,18.1020660400391,4,-291,38,4131,83
34.6005699526046,0.779785052423563,356,1739.62243652344,49,14,14,14,10,1644,24,57,30,21,18.1688671112061,5,-164,33,4487,90
34.6359866192146,0.779785052423563,224,1427.80212402344,47,14,14,14,10,1656,17,58,32,21,18.2485370635986,2,142,23,4333,105
34.6443199525346,0.779785052423563,202,1387.0537109375,47,14,14,14,10,1639,18,58,33,20,18.2633056640625,5,114,26,4298,105
34.6693199524946,0.779785052423563,295,1294.56091308594,47,14,14,14,10,1640,20,58,32,21,18.3178386688232,4,-42,16,3763,104
34.7797366189845,0.779785052423563,228,1398.78894042969,47,14,14,14,10,1687,19,59,33,20,18.5248165130615,4,3,19,1730,110
34.7880699523045,0.779785052423563,260,1484.83911132812,46,14,14,14,10,1711,16,58,35,20,18.5418281555176,3,144,15,1321,113
34.7943199522945,0.779785052423563,255,1419.44873046875,48,14,14,14,10,1675,19,59,32,20,18.5473346710205,5,19,17,1537,106
34.7964032856245,0.779785052423563,265,1419.44873046875,48,14,14,14,10,1675,19,59,32,20,18.5473346710205,5,19,17,1537,106
34.8026532856145,0.779785052423563,291,1294.19287109375,47,14,14,14,10,1647,21,60,33,20,18.5524921417236,6,-150,17,1971,103
34.8901532854744,0.779785052423563,245,1491.49853515625,47,14,14,14,10,1710,17,60,33,19,18.6644515991211,4,18,17,1121,100
34.9193199520944,0.779785052423563,298,1179.83740234375,48,14,14,14,10,1675,21,60,32,20,18.6910057067871,4,-30,24,1630,106
34.9401532853944,0.779785052423563,256,1203.61315917969,47,14,14,14,10,1706,17,59,33,20,18.7078800201416,3,95,10,1347,106
34.3922366196047,0.777701719093563,315,1133.28601074219,38,14,14,14,10,1357,9,60,44,17,17.6583290100098,4,-41,21,1030,103
34.4109866195747,0.777701719093563,299,1297.29577636719,40,14,14,14,10,1419,12,60,41,19,17.6760635375977,2,-98,12,1848,108
34.4151532862347,0.777701719093563,271,1297.29577636719,40,14,14,14,10,1419,12,60,41,19,17.6760635375977,2,-98,12,1848,108
34.4276532862147,0.777701719093563,238,1292.33020019531,40,14,14,14,10,1468,16,61,41,19,17.6961574554443,1,61,14,1386,108
34.5109866194146,0.777701719093563,291,1248.42077636719,45,15,15,15,10,1627,17,58,34,21,17.9260234832764,5,129,20,5192,98
34.6109866192546,0.777701719093563,318,1395.39990234375,48,15,15,15,10,1587,15,58,30,22,18.172815322876,3,-156,27,5054,99
34.6359866192146,0.777701719093563,217,1427.80212402344,47,14,14,14,10,1656,17,58,32,21,18.2485370635986,2,142,23,4333,105
34.6464032858646,0.777701719093563,212,1387.0537109375,47,14,14,14,10,1639,18,58,33,20,18.2633056640625,5,114,26,4298,105
34.6714032858246,0.777701719093563,271,1294.56091308594,47,14,14,14,10,1640,20,58,32,21,18.3178386688232,4,-42,16,3763,104
34.6943199524545,0.777701719093563,224,1343.74719238281,47,15,15,15,10,1676,19,58,32,21,18.3774871826172,3,25,28,2870,103
34.7089032857645,0.777701719093563,293,1442.0078125,45,15,15,15,10,1679,20,57,33,22,18.3997611999512,4,-1,14,2562,107
34.8672366188445,0.777701719093563,240,1243.42846679688,48,14,14,14,10,1685,15,60,33,19,18.6329650878906,4,-59,14,1177,102
34.9464032853844,0.777701719093563,269,1181.23022460938,46,14,14,14,10,1688,22,60,34,20,18.7142772674561,4,7,16,1509,106
34.9859866186544,0.777701719093563,284,1146.70922851562,45,14,14,14,10,1718,13,58,35,19,18.7403125762939,4,-50,12,1283,101
34.9964032853044,0.777701719093563,271,1161.47888183594,45,14,14,14,10,1736,15,59,36,19,18.7342548370361,5,-91,11,1142,97
34.4005699529247,0.775618385763563,268,1210.74133300781,37,14,14,14,10,1400,11,60,47,16,17.6407070159912,4,65,9,1089,102
34.4109866195747,0.775618385763563,297,1274.58813476562,37,14,14,14,10,1419,12,60,43,19,17.6655864715576,5,-49,7,1638,107
34.4734866194746,0.775618385763563,308,1165.79931640625,41,14,14,14,10,1447,14,59,37,22,17.7713279724121,3,-162,16,2818,98
34.5276532860546,0.775618385763563,353,1312.2509765625,46,14,14,14,10,1589,19,56,33,21,17.9618301391602,4,-189,29,5091,90
34.5776532859746,0.775618385763563,456,1837.58020019531,48,15,15,15,10,1859,37,58,31,21,18.0913867950439,33,358,25,1380,74
34.6130699525846,0.775618385763563,331,1491.95617675781,49,14,14,14,10,1585,14,57,30,21,18.1616191864014,4,-107,20,4654,101
34.6859866191345,0.775618385763563,249,1305.63317871094,45,15,15,15,10,1623,20,57,34,21,18.3383235931396,3,-99,40,3248,97
34.7630699523445,0.775618385763563,297,1317.25573730469,46,15,15,15,10,1657,19,59,33,21,18.4814949035645,3,18,32,1788,112
34.7672366190045,0.775618385763563,295,1317.25573730469,46,15,15,15,10,1657,19,59,33,21,18.4814949035645,3,18,32,1788,112
34.8026532856145,0.775618385763563,285,1348.42919921875,47,14,14,14,10,1632,19,58,32,20,18.5434799194336,1,-134,17,1860,105
34.8318199522345,0.775618385763563,215,1313.50964355469,45,14,14,14,10,1694,16,59,36,19,18.5848026275635,3,86,13,1161,105
34.8401532855545,0.775618385763563,256,1290.31311035156,45,14,14,14,10,1656,14,59,36,19,18.5936336517334,4,-41,15,1373,104
34.8797366188245,0.775618385763563,239,1480.40393066406,48,14,14,14,10,1726,18,60,33,19,18.6502647399902,4,22,11,892,99
35.0172366186044,0.775618385763563,244,1231.32495117188,42,14,14,14,10,1788,22,57,39,19,18.7055721282959,6,100,7,0,97
35.0318199519144,0.775618385763563,248,1268.36926269531,44,14,14,14,10,1804,18,58,37,18,18.7033462524414,6,125,7,882,98
35.0505699518844,0.775618385763563,255,1242.2236328125,46,14,14,14,10,1769,21,58,35,19,18.7157936096191,6,-107,10,1523,105
34.4714032861446,0.773535052433563,300,1165.79931640625,41,14,14,14,10,1447,14,59,37,22,17.7713279724121,3,-162,16,2818,98
34.4839032861246,0.773535052433563,327,1144.18017578125,43,14,14,14,10,1457,14,59,35,22,17.7828960418701,3,-228,16,4289,94
34.4859866194546,0.773535052433563,336,1166.89489746094,46,14,14,14,10,1499,13,58,33,22,17.796854019165,6,-200,15,5140,94
34.5047366194246,0.773535052433563,288,1217.7763671875,44,14,14,14,10,1579,14,58,36,20,17.8632431030273,9,124,17,4973,95
34.5297366193846,0.773535052433563,320,1312.2509765625,46,14,14,14,10,1589,19,56,33,21,17.9618301391602,4,-189,29,5091,90
34.5672366193246,0.773535052433563,337,1534.98352050781,47,15,15,15,10,1663,22,57,32,21,18.0745964050293,4,-155,35,3692,86
34.5755699526446,0.773535052433563,462,1666.46655273438,48,15,15,15,10,1713,36,57,31,22,18.0958633422852,13,-148,53,3204,83
34.6276532858946,0.773535052433563,222,1370.76672363281,48,14,14,14,10,1589,14,57,31,21,18.1929702758789,5,-87,16,4628,105
34.6339032858846,0.773535052433563,223,1370.76672363281,48,14,14,14,10,1589,14,57,31,21,18.1929702758789,5,-87,16,4628,105
34.6526532858546,0.773535052433563,240,1288.26013183594,45,15,15,15,10,1580,15,59,34,20,18.2499313354492,2,-142,29,4408,101
34.6714032858246,0.773535052433563,239,1303.00158691406,46,15,15,15,10,1638,17,58,33,21,18.3034362792969,3,53,20,3542,104
34.6818199524745,0.773535052433563,239,1332.5576171875,47,14,14,14,10,1662,20,58,33,20,18.326530456543,2,133,24,3086,109
34.7464032857045,0.773535052433563,290,1421.30200195312,45,15,15,15,10,1652,21,59,33,22,18.4539642333984,3,-59,14,2137,107
34.8151532855945,0.773535052433563,244,1261.09191894531,46,14,14,14,10,1651,22,60,34,20,18.553129196167,5,-35,14,1559,103
34.8359866188945,0.773535052433563,227,1290.31311035156,45,14,14,14,10,1656,14,59,36,19,18.5936336517334,4,-41,15,1373,104
34.8464032855445,0.773535052433563,241,1217.56030273438,47,14,14,14,10,1656,16,59,34,19,18.6011714935303,4,-84,20,1315,104
34.8609866188545,0.773535052433563,245,1218.98608398438,47,14,14,14,10,1669,15,58,34,19,18.6275062561035,4,-66,20,1362,103
34.8880699521444,0.773535052433563,262,1562.21655273438,48,14,14,14,10,1740,17,58,34,19,18.6513042449951,3,139,14,741,102
35.0005699519644,0.773535052433563,269,1147.82434082031,45,14,14,14,10,1738,14,57,36,19,18.7374458312988,4,30,12,1065,99
35.0047366186244,0.773535052433563,269,1195.21447753906,44,14,14,14,10,1774,18,58,38,19,18.7154026031494,7,82,12,557,96
34.4318199528747,0.771451719103563,278,1294.79479980469,40,14,14,14,10,1449,14,60,40,19,17.6870651245117,6,26,24,1388,103
34.4401532861947,0.771451719103563,261,1320.3603515625,39,14,14,14,10,1463,13,60,42,19,17.697660446167,5,-38,10,1395,103
34.5526532860146,0.771451719103563,283,1522.85302734375,48,15,15,15,10,1654,22,57,32,21,18.0541439056396,2,-51,35,3860,94
34.5984866192746,0.771451719103563,335,1805.26306152344,49,14,14,14,10,1659,23,57,30,21,18.1544914245605,8,-58,24,3662,88
34.6234866192346,0.771451719103563,293,1391.205078125,48,14,14,14,10,1575,13,58,30,21,18.172269821167,5,-144,23,4794,100
34.6734866191546,0.771451719103563,230,1303.00158691406,46,15,15,15,10,1638,17,58,33,21,18.3034362792969,3,53,20,3542,104
34.6984866191145,0.771451719103563,230,1299.87072753906,46,15,15,15,10,1659,18,57,33,21,18.3581638336182,6,37,23,2680,103
34.7214032857445,0.771451719103563,298,1553.02783203125,45,15,15,15,10,1688,20,58,35,20,18.4241027832031,3,57,14,2137,113
34.7589032856845,0.771451719103563,292,1379.20727539062,46,15,15,15,10,1672,21,60,32,22,18.468864440918,3,32,13,1803,109
34.7839032856445,0.771451719103563,201,1406.24865722656,47,14,14,14,10,1694,19,59,33,20,18.5150623321533,4,74,15,1196,111
34.7943199522945,0.771451719103563,235,1482.66857910156,48,14,14,14,10,1662,21,58,33,20,18.5398387908936,4,-35,38,1362,107
34.8422366188845,0.771451719103563,254,1290.31311035156,45,14,14,14,10,1656,14,59,36,19,18.5936336517334,4,-41,15,1373,104
34.8443199522145,0.771451719103563,245,1217.56030273438,47,14,14,14,10,1656,16,59,34,19,18.6011714935303,4,-84,20,1315,104
34.9734866186744,0.771451719103563,283,1174.40283203125,46,14,14,14,10,1728,16,59,35,19,18.7310047149658,2,119,13,1208,107
35.0443199518944,0.771451719103563,264,1242.2236328125,46,14,14,14,10,1769,21,58,35,19,18.7157936096191,6,-107,10,1523,105
34.3880699529447,0.769368385773563,337,1123.27124023438,38,14,14,14,10,1349,9,60,45,17,17.6434440612793,5,-93,15,1100,102
34.4859866194546,0.769368385773563,344,1166.89489746094,46,14,14,14,10,1499,13,58,33,22,17.796854019165,6,-200,15,5140,94
34.5568199526746,0.769368385773563,364,1522.85302734375,48,15,15,15,10,1654,22,57,32,21,18.0541439056396,2,-51,35,3860,94
34.5776532859746,0.769368385773563,407,1837.58020019531,48,15,15,15,10,1859,37,58,31,21,18.0913867950439,33,358,25,1380,74
34.6089032859246,0.769368385773563,314,1647.306640625,49,14,14,14,10,1616,16,58,30,21,18.1574172973633,4,-101,26,4238,96
34.6297366192246,0.769368385773563,260,1370.76672363281,48,14,14,14,10,1589,14,57,31,21,18.1929702758789,5,-87,16,4628,105
34.7297366190645,0.769368385773563,292,1525.68627929688,47,15,15,15,190,1671,19,58,32,20,18.4341278076172,5,-5,15,2284,109
34.7339032857245,0.769368385773563,291,1525.68627929688,47,15,15,15,190,1671,19,58,32,20,18.4341278076172,5,-5,15,2284,109
34.7839032856445,0.769368385773563,207,1406.24865722656,47,14,14,14,10,1694,19,59,33,20,18.5150623321533,4,74,15,1196,111
34.7859866189745,0.769368385773563,197,1516.64855957031,45,14,14,14,10,1704,14,58,36,19,18.5330944061279,4,126,6,1011,115
34.8547366188645,0.769368385773563,224,1185.361328125,47,14,14,14,10,1652,15,58,34,19,18.6132946014404,5,-105,16,1473,104
34.9214032854244,0.769368385773563,288,1262.67016601562,47,14,14,14,10,1655,22,61,33,20,18.6874713897705,4,-74,11,1862,104
34.9297366187444,0.769368385773563,344,1196.14294433594,46,14,14,14,10,1663,18,59,34,20,18.6939125061035,5,-79,21,1805,105
34.9318199520744,0.769368385773563,303,1196.14294433594,46,14,14,14,10,1663,18,59,34,20,18.6939125061035,5,-79,21,1805,105
34.9526532853744,0.769368385773563,267,1147.9580078125,45,14,14,14,10,1697,17,59,35,20,18.7173137664795,0,62,11,1572,108
34.9630699520244,0.769368385773563,275,1163.32580566406,46,14,14,14,10,1707,14,58,35,20,18.7244472503662,4,33,11,1454,107
35.0047366186244,0.769368385773563,282,1195.21447753906,44,14,14,14,10,1774,18,58,38,19,18.7154026031494,7,82,12,557,96
35.0339032852444,0.769368385773563,253,1268.36926269531,44,14,14,14,10,1804,18,58,37,18,18.7033462524414,6,125,7,882,98
35.0589032852044,0.769368385773563,281,1187.17443847656,45,14,14,14,10,1796,16,58,36,20,18.7169876098633,3,150,12,1344,106
34.4484866195147,0.767285052443563,276,1332.82299804688,41,14,14,14,10,1468,16,60,41,18,17.6950416564941,5,10,17,1201,106
34.4693199528147,0.767285052443563,295,1154.69140625,41,14,14,14,10,1452,12,59,38,21,17.7521705627441,6,-117,17,2939,101
34.4964032861046,0.767285052443563,305,1178.66235351562,44,14,14,14,10,1561,15,58,34,21,17.8034191131592,7,142,16,4878,99
34.5234866193946,0.767285052443563,285,1283.95007324219,43,14,14,14,10,1635,20,56,36,21,17.9127235412598,8,163,15,4060,91
34.5380699527046,0.767285052443563,295,1640.40905761719,45,15,15,15,10,1728,21,56,34,21,18.0154838562012,16,482,22,3194,90
34.5714032859846,0.767285052443563,334,1596.83093261719,48,15,15,15,10,1649,23,57,32,21,18.0700035095215,4,-161,26,3141,89
34.5776532859746,0.767285052443563,390,1717.80297851562,48,15,15,15,10,1677,28,58,31,21,18.0945816040039,10,-157,28,2893,85
34.6464032858646,0.767285052443563,210,1348.017578125,46,15,15,15,10,1608,15,58,34,20,18.2174739837646,5,119,17,4003,106
34.7401532857145,0.767285052443563,285,1541.10546875,46,15,15,15,10,1660,20,59,32,22,18.4367084503174,4,-55,18,2011,111
34.8255699522445,0.767285052443563,249,1236.68908691406,48,14,14,14,10,1630,17,59,32,20,18.5551586151123,5,-136,38,1777,104
34.8401532855545,0.767285052443563,231,1221.34606933594,46,14,14,14,10,1655,17,59,34,20,18.5832672119141,6,35,17,1365,103
34.8443199522145,0.767285052443563,262,1175.49584960938,47,14,14,14,10,1645,15,60,33,20,18.5922393798828,3,-95,14,1598,106
34.8568199521945,0.767285052443563,211,1176.63684082031,48,14,14,14,10,1674,15,60,33,19,18.60764503479,4,24,14,1219,104
34.8859866188144,0.767285052443563,243,1590.24047851562,48,14,14,14,10,1747,18,58,34,19,18.6406536102295,6,144,23,636,101
34.9359866187344,0.767285052443563,297,1133.80810546875,45,14,14,14,10,1652,21,61,36,20,18.6961498260498,3,-86,12,1885,106
34.9880699519844,0.767285052443563,273,1088.40759277344,46,14,14,14,10,1699,18,58,34,20,18.7382392883301,3,-6,5,1290,101
35.0464032852244,0.767285052443563,277,1154.78344726562,46,14,14,14,10,1744,21,60,34,20,18.739767074585,3,-92,29,1748,104
35.0568199518744,0.767285052443563,296,1124.94458007812,45,14,14,14,10,1746,16,57,34,20,18.7439079284668,7,-89,7,1654,103
34.4464032861847,0.765201719113563,276,1332.82299804688,41,14,14,14,10,1468,16,60,41,18,17.6950416564941,5,10,17,1201,106
34.4839032861246,0.765201719113563,285,1150.4140625,42,14,14,14,10,1489,14,58,37,21,17.7607898712158,4,-53,18,3679,101
34.5276532860546,0.765201719113563,242,1472.67407226562,44,14,14,14,10,1674,23,55,35,21,17.9691963195801,11,149,21,3921,89
34.5443199526946,0.765201719113563,231,1670.33239746094,46,14,14,14,10,1692,19,56,33,21,18.0297431945801,5,197,17,3088,96
34.6276532858946,0.765201719113563,290,1413.31115722656,48,14,14,14,10,1561,14,57,31,21,18.1740570068359,3,-177,24,4649,99
34.7109866190945,0.765201719113563,206,1421.9384765625,46,14,14,14,10,1679,20,58,35,20,18.390495300293,5,87,16,1793,107
34.8047366189445,0.765201719113563,236,1404.27221679688,47,14,14,14,10,1651,18,58,33,20,18.5384578704834,6,-4,13,1512,105
34.8193199522545,0.765201719113563,280,1236.68908691406,48,14,14,14,10,1630,17,59,32,20,18.5551586151123,5,-136,38,1777,104
34.8297366189045,0.765201719113563,215,1244.88354492188,46,14,14,14,10,1680,14,59,34,20,18.5729637145996,4,112,12,1372,103
34.8318199522345,0.765201719113563,218,1244.88354492188,46,14,14,14,10,1680,14,59,34,20,18.5729637145996,4,112,12,1372,103
34.8630699521845,0.765201719113563,217,1225.19677734375,46,14,14,14,10,1704,16,60,34,19,18.6237964630127,3,99,12,1017,103
34.9047366187844,0.765201719113563,241,1541.01245117188,47,14,14,14,10,1707,21,59,34,20,18.6713676452637,5,-29,12,1363,100
34.9359866187344,0.765201719113563,319,1133.80810546875,45,14,14,14,10,1652,21,61,36,20,18.6961498260498,3,-86,12,1885,106
34.9568199520344,0.765201719113563,289,1110.62438964844,46,14,14,14,10,1678,22,60,34,20,18.7122535705566,3,28,12,1686,106
34.9755699520044,0.765201719113563,282,1124.12768554688,45,14,14,14,10,1708,16,58,35,20,18.7267475128174,5,124,8,1261,102
35.0234866185944,0.765201719113563,272,1141.70080566406,43,14,14,14,10,1732,15,58,38,19,18.7489738464355,10,-157,10,1580,96
35.0255699519244,0.765201719113563,276,1141.70080566406,43,14,14,14,10,1732,15,58,38,19,18.7489738464355,10,-157,10,1580,96
35.0526532852144,0.765201719113563,289,1124.94458007812,45,14,14,14,10,1746,16,57,34,20,18.7439079284668,7,-89,7,1654,103
34.3964032862647,0.763118385783563,264,1177.48510742188,36,14,14,14,10,1387,11,60,47,16,17.6274337768555,6,10,15,1048,99
34.4609866194947,0.763118385783563,279,1201.98083496094,42,14,14,14,10,1446,12,58,39,19,17.7397747039795,2,-134,11,1869,98
34.4651532861547,0.763118385783563,313,1201.98083496094,42,14,14,14,10,1446,12,58,39,19,17.7397747039795,2,-134,11,1869,98
34.4714032861446,0.763118385783563,283,1154.69140625,41,14,14,14,10,1452,12,59,38,21,17.7521705627441,6,-117,17,2939,101
34.5339032860446,0.763118385783563,237,1472.67407226562,44,14,14,14,10,1674,23,55,35,21,17.9691963195801,11,149,21,3921,89
34.5443199526946,0.763118385783563,195,1670.33239746094,46,14,14,14,10,1692,19,56,33,21,18.0297431945801,5,197,17,3088,96
34.6047366192646,0.763118385783563,292,1714.41735839844,50,14,14,14,10,1632,16,57,30,20,18.148265838623,4,-3,21,3735,99
34.6943199524545,0.763118385783563,217,1268.04235839844,45,15,15,15,10,1618,17,56,33,22,18.336727142334,3,-82,16,2740,100
34.7734866189945,0.763118385783563,232,1284.73022460938,44,15,15,15,10,1636,20,59,34,22,18.4805603027344,5,-101,19,1550,108
34.7797366189845,0.763118385783563,203,1385.20520019531,46,15,15,15,10,1663,21,59,33,21,18.5017757415771,5,-53,16,1070,109
34.8068199522745,0.763118385783563,248,1404.27221679688,47,14,14,14,10,1651,18,58,33,20,18.5384578704834,6,-4,13,1512,105
34.8714032855045,0.763118385783563,255,1331.91418457031,47,14,14,14,10,1713,16,59,35,19,18.6367454528809,4,39,16,1094,104
34.9359866187344,0.763118385783563,330,1133.80810546875,45,14,14,14,10,1652,21,61,36,20,18.6961498260498,3,-86,12,1885,106
34.9630699520244,0.763118385783563,282,1121.68432617188,46,14,14,14,10,1689,16,59,35,20,18.7196826934814,5,-7,16,1621,104
34.9755699520044,0.763118385783563,284,1124.12768554688,45,14,14,14,10,1708,16,58,35,20,18.7267475128174,5,124,8,1261,102
35.0339032852444,0.763118385783563,275,1155.11840820312,44,14,14,14,10,1740,18,58,38,19,18.7410316467285,5,-69,10,1548,97
35.0464032852244,0.763118385783563,293,1154.78344726562,46,14,14,14,10,1744,21,60,34,20,18.739767074585,3,-92,29,1748,104
34.4484866195147,0.761035052453563,266,1332.82299804688,41,14,14,14,10,1468,16,60,41,18,17.6950416564941,5,10,17,1201,106
34.5422366193646,0.761035052453563,187,1640.40905761719,45,15,15,15,10,1728,21,56,34,21,18.0154838562012,16,482,22,3194,90
34.5484866193546,0.761035052453563,200,1670.33239746094,46,14,14,14,10,1692,19,56,33,21,18.0297431945801,5,197,17,3088,96
34.5609866193346,0.761035052453563,311,1551.42517089844,48,14,14,14,10,1643,22,57,31,21,18.0472984313965,4,-116,35,3313,89
34.5859866192946,0.761035052453563,368,1808.19665527344,48,15,15,15,10,1761,34,57,31,21,18.125150680542,27,209,40,2056,83
34.5880699526246,0.761035052453563,373,1808.19665527344,48,15,15,15,10,1761,34,57,31,21,18.125150680542,27,209,40,2056,83
34.6151532859146,0.761035052453563,234,1605.39599609375,49,14,14,14,10,1620,15,57,31,20,18.1559772491455,4,63,27,3985,106
34.6276532858946,0.761035052453563,239,1413.31115722656,48,14,14,14,10,1561,14,57,31,21,18.1740570068359,3,-177,24,4649,99
34.7089032857645,0.761035052453563,209,1320.25219726562,46,14,14,14,10,1663,17,58,34,21,18.3647785186768,5,41,19,2192,102
34.7151532857545,0.761035052453563,217,1421.9384765625,46,14,14,14,10,1679,20,58,35,20,18.390495300293,5,87,16,1793,107
34.8068199522745,0.761035052453563,212,1404.27221679688,47,14,14,14,10,1651,18,58,33,20,18.5384578704834,6,-4,13,1512,105
34.8505699522045,0.761035052453563,246,1175.49584960938,47,14,14,14,10,1645,15,60,33,20,18.5922393798828,3,-95,14,1598,106
34.8880699521444,0.761035052453563,238,1590.24047851562,48,14,14,14,10,1747,18,58,34,19,18.6406536102295,6,144,23,636,101
34.9359866187344,0.761035052453563,330,1133.80810546875,45,14,14,14,10,1652,21,61,36,20,18.6961498260498,3,-86,12,1885,106
34.9401532853944,0.761035052453563,302,1133.80810546875,45,14,14,14,10,1652,21,61,36,20,18.6961498260498,3,-86,12,1885,106
34.9943199519744,0.761035052453563,280,1113.78100585938,45,14,14,14,10,1719,16,58,35,19,18.7422943115234,5,30,11,828,98
35.0109866186144,0.761035052453563,272,1151.94616699219,43,14,14,14,10,1757,14,58,39,19,18.7402858734131,4,119,11,851,95
35.0234866185944,0.761035052453563,258,1141.70080566406,43,14,14,14,10,1732,15,58,38,19,18.7489738464355,10,-157,10,1580,96
34.4547366195047,0.758951719123563,290,1228.69360351562,40,14,14,14,10,1424,12,59,42,19,17.7145118713379,7,-136,13,1673,97
34.4859866194546,0.758951719123563,281,1174.61462402344,41,14,14,14,10,1523,17,58,39,20,17.7555198669434,10,49,11,3969,99
34.4984866194346,0.758951719123563,261,1196.06225585938,43,14,14,14,10,1494,13,59,37,21,17.7815380096436,5,-257,19,5086,93
34.5484866193546,0.758951719123563,195,1722.04272460938,44,14,14,14,10,1667,16,57,35,21,17.9997501373291,6,-7,12,2537,94
34.5630699526646,0.758951719123563,337,1618.69836425781,48,15,15,15,10,1618,20,55,32,20,18.0271034240723,3,-127,27,2754,92
34.5818199526346,0.758951719123563,322,1639.26733398438,49,14,14,14,10,1621,19,57,31,21,18.0639476776123,3,-146,33,2916,92
34.6068199525946,0.758951719123563,230,1703.0810546875,50,14,14,14,10,1640,16,57,30,19,18.1270084381104,3,28,27,2049,103
34.6630699525046,0.758951719123563,250,1220.46496582031,46,15,15,15,10,1565,15,59,33,21,18.224946975708,6,-115,31,3868,103
34.6943199524545,0.758951719123563,241,1228.91796875,45,15,15,15,10,1604,15,57,33,22,18.3141288757324,5,-69,18,2750,98
34.7214032857445,0.758951719123563,299,1382.04724121094,45,14,14,14,10,1661,19,57,35,20,18.3871612548828,6,-30,20,1738,104
34.7714032856645,0.758951719123563,232,1275.61853027344,45,14,14,14,10,1622,17,59,33,22,18.4668674468994,2,-90,28,1297,105
34.7922366189645,0.758951719123563,200,1435.46044921875,49,14,14,14,10,1683,19,58,31,20,18.5067577362061,4,129,15,379,109
34.8234866189145,0.758951719123563,244,1219.13012695312,47,14,14,14,10,1619,15,59,32,21,18.5452575683594,4,-129,25,1845,106
34.9130699521044,0.758951719123563,246,1550.64428710938,46,14,14,14,10,1726,17,60,35,19,18.6694869995117,11,173,14,1171,101
35.0276532852544,0.758951719123563,262,1068.40698242188,44,14,14,14,10,1729,19,58,37,20,18.7566814422607,6,8,17,1777,98
34.4755699528046,0.756868385793563,234,1156.2734375,41,14,14,14,10,1483,13,59,40,20,17.7299575805664,5,62,12,2559,102
34.5401532860346,0.756868385793563,189,1752.091796875,44,15,15,15,10,1707,21,56,36,20,17.9950866699219,9,325,13,2198,91
34.5880699526246,0.756868385793563,306,1691.89331054688,49,14,14,14,10,1648,24,57,31,20,18.0909976959229,10,-52,40,2614,91
34.6026532859346,0.756868385793563,258,1703.0810546875,50,14,14,14,10,1640,16,57,30,19,18.1270084381104,3,28,27,2049,103
34.7047366191045,0.756868385793563,199,1249.34924316406,44,14,14,14,10,1644,17,58,35,20,18.3412857055664,6,78,14,2033,100
34.7547366190245,0.756868385793563,288,1468.38525390625,47,15,15,15,10,1655,20,59,31,21,18.44850730896,5,28,18,1482,112
34.8630699521845,0.756868385793563,236,1226.28234863281,47,14,14,14,10,1681,16,60,34,19,18.6168441772461,4,-44,13,1195,104
34.9380699520644,0.756868385793563,336,1119.25891113281,46,14,14,14,10,1640,22,62,35,20,18.6910095214844,4,-105,21,2094,107
34.9630699520244,0.756868385793563,297,1083.658203125,46,14,14,14,10,1653,20,60,34,20,18.7142772674561,6,-99,14,1821,104
34.9714032853444,0.756868385793563,295,1087.1591796875,46,14,14,14,10,1665,21,60,34,20,18.7217197418213,6,-40,14,1619,102
34.9922366186444,0.756868385793563,313,1061.81811523438,45,14,14,14,10,1669,20,59,36,20,18.7348365783691,4,-93,15,1507,102
34.4359866195347,0.754785052463563,290,1337.8955078125,41,14,14,14,10,1464,14,61,41,19,17.6678466796875,1,140,14,1361,106
34.4755699528046,0.754785052463563,234,1156.2734375,41,14,14,14,10,1483,13,59,40,20,17.7299575805664,5,62,12,2559,102
34.5047366194246,0.754785052463563,241,1219.60571289062,41,14,14,14,10,1519,14,57,38,21,17.8106784820557,7,-202,21,5025,92
34.5130699527446,0.754785052463563,276,1274.23229980469,42,14,14,14,10,1542,17,56,36,22,17.8466300964355,3,-241,8,4283,91
34.5359866193746,0.754785052463563,228,1752.091796875,44,15,15,15,10,1707,21,56,36,20,17.9950866699219,9,325,13,2198,91
34.5839032859646,0.754785052463563,291,1639.26733398438,49,14,14,14,10,1621,19,57,31,21,18.0639476776123,3,-146,33,2916,92
34.6005699526046,0.754785052463563,259,1716.79870605469,51,14,14,14,10,1642,19,57,30,19,18.1119766235352,6,19,31,2492,95
34.6109866192546,0.754785052463563,204,1660.83166503906,48,14,14,14,10,1626,17,58,32,20,18.1410846710205,2,87,35,3278,108
34.6130699525846,0.754785052463563,207,1660.83166503906,48,14,14,14,10,1626,17,58,32,20,18.1410846710205,2,87,35,3278,108
34.7234866190745,0.754785052463563,237,1382.04724121094,45,14,14,14,10,1661,19,57,35,20,18.3871612548828,6,-30,20,1738,104
34.7568199523545,0.754785052463563,215,1468.38525390625,47,15,15,15,10,1655,20,59,31,21,18.44850730896,5,28,18,1482,112
34.7609866190145,0.754785052463563,245,1331.74145507812,46,14,14,14,10,1625,18,59,33,21,18.4547634124756,3,-80,29,1522,104
34.9547366187044,0.754785052463563,322,1076.47094726562,46,14,14,14,10,1646,23,60,35,20,18.7066955566406,3,-74,13,1934,107
34.9818199519944,0.754785052463563,314,1073.83166503906,45,14,14,14,10,1652,19,58,35,20,18.7283382415771,3,-142,10,1655,102
35.0109866186144,0.754785052463563,299,1072.30786132812,44,14,14,14,10,1693,15,58,37,20,18.7505493164062,6,-91,12,1552,98
34.4630699528247,0.752701719133563,269,1172.93774414062,42,14,14,14,10,1436,14,59,39,19,17.7254810333252,5,-90,23,2193,101
34.4797366194646,0.752701719133563,233,1160.39428710938,39,14,14,14,10,1528,15,59,41,20,17.738525390625,5,199,23,3256,103
34.4901532861146,0.752701719133563,347,1174.61462402344,41,14,14,14,10,1523,17,58,39,20,17.7555198669434,10,49,11,3969,99
34.7068199524345,0.752701719133563,189,1249.34924316406,44,14,14,14,10,1644,17,58,35,20,18.3412857055664,6,78,14,2033,100
34.7422366190445,0.752701719133563,338,1575.36975097656,46,14,14,14,10,1685,21,59,31,22,18.4307155609131,2,71,14,1431,114
34.7776532856545,0.752701719133563,218,1342.49816894531,48,14,14,14,10,1663,22,59,32,20,18.4878082275391,4,42,17,736,109
34.8318199522345,0.752701719133563,257,1194.45458984375,48,14,14,14,10,1653,16,60,32,20,18.5606575012207,2,63,30,1533,107
34.8630699521845,0.752701719133563,244,1226.28234863281,47,14,14,14,10,1681,16,60,34,19,18.6168441772461,4,-44,13,1195,104
34.9047366187844,0.752701719133563,243,1595.92907714844,45,14,14,14,10,1745,16,60,36,19,18.6607780456543,5,134,11,879,107
35.0047366186244,0.752701719133563,282,1080.00708007812,45,14,14,14,10,1708,13,58,36,20,18.7465438842773,4,35,10,1269,102
34.4339032862047,0.750618385803563,308,1359.28039550781,40,14,14,14,10,1397,13,60,42,18,17.6433429718018,2,-76,13,1941,105
34.5401532860346,0.750618385803563,241,1739.95703125,43,15,15,15,10,1654,18,56,37,20,17.9562435150146,7,65,8,2042,88
34.6109866192546,0.750618385803563,205,1653.57556152344,47,14,14,14,10,1600,17,59,33,20,18.1173992156982,2,-17,17,2561,107
34.6401532858746,0.750618385803563,220,1405.39489746094,46,14,14,14,10,1547,16,58,33,20,18.149471282959,5,-73,15,4177,103
34.6484866191946,0.750618385803563,230,1290.51538085938,48,14,14,14,10,1561,16,57,31,20,18.1642208099365,3,29,35,3880,103
34.6693199524946,0.750618385803563,238,1235.25305175781,46,15,15,15,10,1575,14,59,33,21,18.2333889007568,2,37,16,3210,109
34.7297366190645,0.750618385803563,210,1366.37329101562,45,14,14,14,10,1661,16,59,34,21,18.3908061981201,5,26,15,1540,104
34.7526532856945,0.750618385803563,218,1541.91479492188,48,14,14,14,10,1649,21,58,32,20,18.4420833587646,5,-13,16,1291,111
34.7818199523145,0.750618385803563,225,1316.59509277344,48,14,14,14,10,1640,19,59,31,21,18.4720993041992,4,-13,28,835,110
34.8589032855245,0.750618385803563,222,1190.22424316406,47,14,14,14,10,1680,16,60,33,20,18.5958881378174,3,72,20,1195,107
35.0401532852344,0.750618385803563,312,1065.25073242188,46,14,14,14,10,1712,18,59,33,21,18.7543163299561,6,-188,13,1813,99
34.5193199527346,0.748535052473563,274,1586.4140625,44,14,14,14,10,1605,19,55,34,22,17.9027938842773,17,-95,19,3162,86
34.5505699526846,0.748535052473563,226,1662.6787109375,44,14,14,14,10,1629,17,57,36,20,17.9613704681396,6,-64,14,2311,93
34.5797366193046,0.748535052473563,310,1660.95825195312,49,14,14,14,10,1602,19,57,31,20,18.0412368774414,3,-145,29,2389,96
34.6047366192646,0.748535052473563,227,1648.50671386719,50,13,13,13,10,1615,17,58,31,19,18.1004085540771,1,0,33,793,105
34.8068199522745,0.748535052473563,212,1335.70397949219,46,14,14,14,10,1649,19,59,33,21,18.5152111053467,2,40,21,1241,112
34.8484866188745,0.748535052473563,263,1167.29479980469,48,14,14,14,10,1647,16,60,33,20,18.5800552368164,5,-39,18,1634,105
34.4797366194646,0.746451719143563,262,1175.7587890625,38,14,14,14,10,1478,14,58,43,19,17.727632522583,8,-86,7,3195,97
34.4922366194446,0.746451719143563,377,1223.46008300781,41,14,14,14,10,1478,14,58,40,20,17.7466583251953,10,-302,23,4210,92
34.5380699527046,0.746451719143563,238,1739.95703125,43,15,15,15,10,1654,18,56,37,20,17.9562435150146,7,65,8,2042,88
34.5693199526546,0.746451719143563,269,1697.60925292969,48,14,14,14,10,1614,18,56,32,20,18.0326080322266,5,-81,27,2338,97
34.6401532858746,0.746451719143563,245,1405.39489746094,46,14,14,14,10,1547,16,58,33,20,18.149471282959,5,-73,15,4177,103
34.6505699525246,0.746451719143563,263,1290.51538085938,48,14,14,14,10,1561,16,57,31,20,18.1642208099365,3,29,35,3880,103
34.6547366191846,0.746451719143563,252,1212.8671875,49,14,14,14,10,1547,16,57,31,20,18.1829433441162,4,34,25,3834,110
34.7359866190545,0.746451719143563,243,1514.67175292969,47,14,14,14,10,1700,20,59,32,21,18.4177474975586,1,159,27,1071,111
34.7568199523545,0.746451719143563,227,1541.91479492188,48,14,14,14,10,1649,21,58,32,20,18.4420833587646,5,-13,16,1291,111
34.7964032856245,0.746451719143563,229,1351.35375976562,48,14,14,14,10,1630,19,58,31,21,18.4998779296875,2,-54,11,1143,108
34.8297366189045,0.746451719143563,238,1170.79870605469,47,14,14,14,10,1631,15,60,32,21,18.5490741729736,4,3,12,1541,109
34.8714032855045,0.746451719143563,231,1288.53564453125,47,14,14,14,10,1698,16,60,33,20,18.6227035522461,3,-14,15,1110,103
34.8880699521444,0.746451719143563,247,1490.82397460938,47,14,14,14,10,1714,16,59,34,19,18.6438827514648,5,-76,21,1080,101
34.5797366193046,0.744368385813563,264,1660.95825195312,49,14,14,14,10,1602,19,57,31,20,18.0412368774414,3,-145,29,2389,96
34.6401532858746,0.744368385813563,252,1405.39489746094,46,14,14,14,10,1547,16,58,33,20,18.149471282959,5,-73,15,4177,103
34.6839032858045,0.744368385813563,229,1252.95812988281,46,15,15,15,10,1590,14,58,33,21,18.2575798034668,4,36,13,2833,107
34.7109866190945,0.744368385813563,223,1213.03356933594,43,14,14,14,10,1627,14,58,37,21,18.340482711792,4,57,19,1810,103
34.7380699523845,0.744368385813563,234,1514.67175292969,47,14,14,14,10,1700,20,59,32,21,18.4177474975586,1,159,27,1071,111
34.8255699522445,0.744368385813563,248,1201.4306640625,47,14,14,14,10,1610,15,59,32,21,18.5350646972656,5,-116,33,1843,108
34.8568199521945,0.744368385813563,226,1190.22424316406,47,14,14,14,10,1680,16,60,33,20,18.5958881378174,3,72,20,1195,107
34.9359866187344,0.744368385813563,303,1100.189453125,45,14,14,14,10,1634,20,62,35,20,18.6860008239746,1,-94,17,2106,107
35.0214032852644,0.744368385813563,269,1028.73046875,44,14,14,14,10,1688,15,59,36,20,18.7545948028564,4,-109,10,1902,101
34.4464032861847,0.742285052483563,272,1186.38208007812,38,14,14,14,10,1407,12,59,43,20,17.6753005981445,6,98,8,2010,109
34.4943199527746,0.742285052483563,246,1432.05871582031,43,14,14,14,10,1626,16,57,38,20,17.780834197998,9,318,18,2694,91
34.4984866194346,0.742285052483563,241,1432.05871582031,43,14,14,14,10,1626,16,57,38,20,17.780834197998,9,318,18,2694,91
34.5359866193746,0.742285052483563,229,1647.18383789062,42,14,14,14,10,1614,18,57,38,20,17.9153137207031,4,-24,16,1938,90
34.5380699527046,0.742285052483563,226,1647.18383789062,42,14,14,14,10,1614,18,57,38,20,17.9153137207031,4,-24,16,1938,90
34.5818199526346,0.742285052483563,260,1724.11474609375,43,14,14,14,10,1618,17,56,37,20,18.0287971496582,4,37,18,1562,102
34.6714032858246,0.742285052483563,231,1208.0810546875,48,15,15,15,10,1565,17,58,30,22,18.2121105194092,2,79,17,3029,111
34.6797366191445,0.742285052483563,237,1208.96337890625,48,14,14,14,10,1559,15,58,31,21,18.2335605621338,3,22,18,2842,110
34.6880699524645,0.742285052483563,241,1183.83422851562,47,14,14,14,10,1543,15,57,32,21,18.2500610351562,2,-95,22,2777,103
34.6964032857845,0.742285052483563,268,1170.06811523438,46,14,14,14,10,1551,16,57,33,21,18.2726802825928,3,-122,23,2650,105
34.7089032857645,0.742285052483563,239,1174.21813964844,45,14,14,14,10,1559,13,56,35,21,18.2960357666016,5,-124,27,2333,107
34.7318199523945,0.742285052483563,200,1261.48120117188,46,14,14,14,10,1626,16,58,34,20,18.3690452575684,5,-30,15,1408,102
34.7505699523645,0.742285052483563,205,1531.01489257812,48,14,14,14,10,1678,20,58,32,20,18.420482635498,3,47,28,980,111
34.7818199523145,0.742285052483563,263,1376.15063476562,48,14,14,14,10,1610,16,59,31,21,18.4624423980713,4,-113,37,1098,113
34.8609866188545,0.742285052483563,237,1262.23449707031,48,14,14,14,10,1683,16,60,33,19,18.6050682067871,4,-2,10,1355,103
34.8859866188144,0.742285052483563,244,1497.79736328125,47,14,14,14,10,1706,15,59,34,19,18.6391906738281,3,-99,16,1184,102
34.9234866187544,0.742285052483563,302,1280.62817382812,45,14,14,14,10,1659,19,60,36,19,18.6666984558105,6,-67,11,1754,102
34.4422366195247,0.740201719153563,280,1248.08520507812,38,14,14,14,10,1391,12,60,42,20,17.658935546875,5,-65,17,2259,107
34.5943199526146,0.740201719153563,297,1593.69213867188,49,14,14,14,10,1586,17,58,32,19,18.0519905090332,4,-88,26,1136,102
34.6714032858246,0.740201719153563,235,1208.0810546875,48,15,15,15,10,1565,17,58,30,22,18.2121105194092,2,79,17,3029,111
34.7776532856545,0.740201719153563,252,1376.15063476562,48,14,14,14,10,1610,16,59,31,21,18.4624423980713,4,-113,37,1098,113
34.7901532856345,0.740201719153563,264,1346.73327636719,48,14,14,14,10,1606,20,60,31,21,18.4742755889893,3,-139,23,1199,111
34.7984866189545,0.740201719153563,248,1321.85388183594,47,14,14,14,10,1605,19,59,31,22,18.4862823486328,5,-148,22,1371,111
34.8714032855045,0.740201719153563,257,1330.31481933594,47,14,14,14,10,1678,16,60,34,19,18.6184329986572,6,-80,19,1373,102
34.9109866187744,0.740201719153563,274,1448.34533691406,47,14,14,14,10,1663,17,60,34,19,18.6622486114502,5,-156,23,1655,102
34.4401532861947,0.738118385823563,287,1248.08520507812,38,14,14,14,10,1391,12,60,42,20,17.658935546875,5,-65,17,2259,107
34.5047366194246,0.738118385823563,225,1533.04797363281,42,14,14,14,10,1626,18,56,39,19,17.8202514648438,9,113,13,2779,91
34.5109866194146,0.738118385823563,259,1605.07531738281,44,14,14,14,10,1714,22,54,36,19,17.8572902679443,6,540,14,1506,88
34.6755699524846,0.738118385823563,221,1208.0810546875,48,15,15,15,10,1565,17,58,30,22,18.2121105194092,2,79,17,3029,111
34.6776532858146,0.738118385823563,240,1208.96337890625,48,14,14,14,10,1559,15,58,31,21,18.2335605621338,3,22,18,2842,110
34.8359866188945,0.738118385823563,238,1169.32141113281,46,14,14,14,10,1639,15,60,33,21,18.558084487915,5,17,15,1689,108
34.8484866188745,0.738118385823563,223,1173.94055175781,46,14,14,14,10,1669,16,60,33,21,18.5731163024902,4,101,10,1298,109
34.5130699527446,0.736035052493563,267,1605.07531738281,44,14,14,14,10,1714,22,54,36,19,17.8572902679443,6,540,14,1506,88
34.5193199527346,0.736035052493563,247,1653.18444824219,43,14,14,14,10,1651,18,57,38,19,17.8801383972168,9,154,20,1898,87
34.5484866193546,0.736035052493563,242,1566.16735839844,43,14,14,14,10,1580,18,57,37,20,17.9257850646973,3,-160,18,2140,93
34.6068199525946,0.736035052493563,213,1604.21875,49,13,13,13,10,1602,19,58,32,20,18.0758056640625,2,32,14,691,109
34.6318199525546,0.736035052493563,164,1560.61511230469,43,14,14,14,10,1577,15,60,36,21,18.1276741027832,5,78,20,3327,113
34.6589032858446,0.736035052493563,290,1216.94482421875,48,14,14,14,10,1525,16,58,31,22,18.1603736877441,1,-65,26,3813,103
34.6943199524545,0.736035052493563,235,1170.06811523438,46,14,14,14,10,1551,16,57,33,21,18.2726802825928,3,-122,23,2650,105
34.7214032857445,0.736035052493563,233,1191.41516113281,45,14,14,14,10,1603,14,56,35,21,18.3409786224365,5,-79,20,1845,103
34.7880699523045,0.736035052493563,244,1346.73327636719,48,14,14,14,10,1606,20,60,31,21,18.4742755889893,3,-139,23,1199,111
34.8234866189145,0.736035052493563,245,1185.20703125,47,14,14,14,10,1605,15,59,32,21,18.5257911682129,5,-112,28,1861,110
34.8651532855145,0.736035052493563,246,1262.23449707031,48,14,14,14,10,1683,16,60,33,19,18.6050682067871,4,-2,10,1355,103
34.9068199521144,0.736035052493563,259,1570.82763671875,46,14,14,14,10,1707,15,59,36,19,18.657054901123,6,0,14,1197,102
34.9234866187544,0.736035052493563,288,1280.62817382812,45,14,14,14,10,1659,19,60,36,19,18.6666984558105,6,-67,11,1754,102
34.4484866195147,0.733951719163563,350,1134.13671875,39,14,14,14,10,1378,10,60,40,21,17.6667232513428,5,-1,12,2556,103
34.4818199527946,0.733951719163563,249,1300.36926269531,41,14,14,14,10,1554,17,55,39,20,17.6957702636719,13,426,13,2324,92
34.5630699526646,0.733951719163563,221,1565.9501953125,42,14,14,14,10,1601,19,57,38,20,17.9528007507324,10,-68,17,992,91
34.5776532859746,0.733951719163563,212,1752.31213378906,42,14,14,14,10,1599,14,58,38,20,18.0086669921875,4,-41,9,975,102
34.5839032859646,0.733951719163563,205,1752.31213378906,42,14,14,14,10,1599,14,58,38,20,18.0086669921875,4,-41,9,975,102
34.5901532859546,0.733951719163563,199,1667.80187988281,45,14,14,14,10,1603,15,58,36,20,18.0181369781494,3,48,13,971,106
34.6359866192146,0.733951719163563,174,1512.7451171875,45,14,14,14,10,1569,16,59,34,21,18.1252861022949,1,89,16,3413,116
34.6422366192046,0.733951719163563,194,1512.7451171875,45,14,14,14,10,1569,16,59,34,21,18.1252861022949,1,89,16,3413,116
34.6922366191245,0.733951719163563,231,1163.05444335938,46,14,14,14,10,1539,17,57,33,21,18.2327480316162,3,-81,31,2757,105
34.7359866190545,0.733951719163563,245,1298.25988769531,47,14,14,14,10,1632,15,59,33,20,18.3783664703369,2,-43,19,1110,106
34.7568199523545,0.733951719163563,185,1569.86254882812,48,14,14,14,10,1679,19,58,33,20,18.4281787872314,2,92,13,584,122
34.7693199523345,0.733951719163563,196,1557.16674804688,49,14,14,14,10,1658,22,57,32,20,18.4528656005859,6,56,19,762,111
34.7797366189845,0.733951719163563,235,1509.98999023438,48,14,14,14,10,1640,18,57,31,20,18.4621315002441,4,-51,30,915,112
34.4672366194847,0.731868385833563,297,1144.32385253906,40,14,14,14,10,1416,14,58,40,20,17.688892364502,3,-16,13,2928,100
34.5005699527646,0.731868385833563,213,1468.16552734375,41,14,14,14,10,1569,17,58,40,19,17.7466297149658,6,57,13,2721,92
34.5089032860846,0.731868385833563,250,1538.58227539062,41,14,14,14,10,1631,17,56,41,18,17.7795028686523,5,263,11,1937,89
34.5755699526446,0.731868385833563,172,1723.30078125,44,14,14,14,10,1637,16,58,37,20,17.9956588745117,4,153,19,519,100
34.6859866191345,0.731868385833563,251,1163.05444335938,46,14,14,14,10,1539,17,57,33,21,18.2327480316162,3,-81,31,2757,105
34.6901532857945,0.731868385833563,238,1163.05444335938,46,14,14,14,10,1539,17,57,33,21,18.2327480316162,3,-81,31,2757,105
34.7714032856645,0.731868385833563,204,1557.16674804688,49,14,14,14,10,1658,22,57,32,20,18.4528656005859,6,56,19,762,111
34.8068199522745,0.731868385833563,263,1340.509765625,49,14,14,14,10,1601,18,61,30,21,18.492712020874,3,-106,25,1563,109
34.8130699522645,0.731868385833563,251,1247.27709960938,48,14,14,14,10,1608,18,60,30,21,18.5021228790283,2,-74,27,1577,110
34.8755699521645,0.731868385833563,228,1396.17858886719,45,14,14,14,10,1727,17,60,35,19,18.6161270141602,3,154,16,1000,106
34.4526532861747,0.729785052503563,387,1118.37231445312,41,14,14,14,10,1378,14,56,38,21,17.6833553314209,2,-78,21,2944,99
34.4859866194546,0.729785052503563,243,1386.59887695312,42,14,14,14,10,1563,13,58,39,19,17.7176399230957,9,165,10,2915,96
34.4984866194346,0.729785052503563,189,1468.16552734375,41,14,14,14,10,1569,17,58,40,19,17.7466297149658,6,57,13,2721,92
34.5276532860546,0.729785052503563,242,1535.29833984375,41,14,14,14,10,1600,15,57,39,20,17.8437957763672,10,-35,8,1574,84
34.5339032860446,0.729785052503563,222,1535.29833984375,41,14,14,14,10,1600,15,57,39,20,17.8437957763672,10,-35,8,1574,84
34.5422366193646,0.729785052503563,190,1515.388671875,41,14,14,14,10,1583,14,58,39,19,17.8716220855713,11,-108,14,1932,90
34.6443199525346,0.729785052503563,191,1405.92919921875,46,14,14,14,10,1533,15,58,33,21,18.1370086669922,7,11,14,3617,110
34.6651532858346,0.729785052503563,285,1207.49865722656,47,14,14,14,10,1519,16,58,31,22,18.1634044647217,3,-100,22,3465,106
34.7089032857645,0.729785052503563,201,1202.37939453125,46,14,14,14,10,1583,15,58,34,20,18.2909297943115,3,34,29,1903,108
34.7318199523945,0.729785052503563,245,1212.94982910156,46,14,14,14,10,1612,15,58,34,20,18.351842880249,6,-80,25,1455,105
34.7589032856845,0.729785052503563,207,1569.86254882812,48,14,14,14,10,1679,19,58,33,20,18.4281787872314,2,92,13,584,122
34.7734866189945,0.729785052503563,218,1557.16674804688,49,14,14,14,10,1658,22,57,32,20,18.4528656005859,6,56,19,762,111
34.7776532856545,0.729785052503563,250,1509.98999023438,48,14,14,14,10,1640,18,57,31,20,18.4621315002441,4,-51,30,915,112
34.8005699522845,0.729785052503563,227,1421.80200195312,49,14,14,14,10,1622,18,59,30,21,18.4839859008789,5,-43,9,1308,110
34.8401532855545,0.729785052503563,248,1164.65222167969,45,14,14,14,10,1640,14,60,34,21,18.5479793548584,4,71,16,1441,109
34.4693199528147,0.727701719173563,292,1210.34558105469,40,14,14,14,10,1454,16,56,40,20,17.6885662078857,18,-45,16,2947,95
34.4797366194646,0.727701719173563,321,1300.36926269531,41,14,14,14,10,1554,17,55,39,20,17.6957702636719,13,426,13,2324,92
34.4880699527846,0.727701719173563,226,1386.59887695312,42,14,14,14,10,1563,13,58,39,19,17.7176399230957,9,165,10,2915,96
34.5693199526546,0.727701719173563,180,1723.30078125,44,14,14,14,10,1637,16,58,37,20,17.9956588745117,4,153,19,519,100
34.6318199525546,0.727701719173563,213,1577.68640136719,45,14,14,14,10,1570,17,58,34,21,18.1086502075195,3,-2,15,2924,112
34.7297366190645,0.727701719173563,238,1212.94982910156,46,14,14,14,10,1612,15,58,34,20,18.351842880249,6,-80,25,1455,105
34.7839032856445,0.727701719173563,195,1509.98999023438,48,14,14,14,10,1640,18,57,31,20,18.4621315002441,4,-51,30,915,112
34.8422366188845,0.727701719173563,256,1164.65222167969,45,14,14,14,10,1640,14,60,34,21,18.5479793548584,4,71,16,1441,109
34.8526532855345,0.727701719173563,236,1211.95227050781,47,14,14,14,10,1667,18,60,33,20,18.5819225311279,6,6,18,1437,100
34.9214032854244,0.727701719173563,294,1224.95983886719,46,14,14,14,10,1634,17,60,35,19,18.6605339050293,1,-121,16,2126,103
34.5089032860846,0.725618385843563,233,1442.29028320312,39,14,14,14,10,1533,14,58,43,19,17.7291240692139,7,-56,4,2418,90
34.5464032860246,0.725618385843563,180,1358.0234375,42,14,14,14,10,1572,14,58,39,19,17.8616523742676,8,135,16,1148,91
34.6984866191145,0.725618385843563,196,1181.99938964844,44,15,15,15,10,1595,16,57,36,21,18.2486190795898,7,150,16,1640,102
34.7609866190145,0.725618385843563,208,1608.12084960938,48,14,14,14,10,1678,20,58,33,19,18.433614730835,1,46,12,418,125
34.7880699523045,0.725618385843563,199,1599.14135742188,48,14,14,14,10,1663,19,57,32,20,18.4745693206787,3,83,35,607,113
34.7943199522945,0.725618385843563,198,1556.18322753906,49,14,14,14,10,1656,21,59,30,20,18.4844665527344,4,90,18,866,111
34.8193199522545,0.725618385843563,262,1221.80139160156,47,14,14,14,10,1589,15,59,31,21,18.5072593688965,4,-106,24,1836,109
34.9193199520944,0.725618385843563,282,1203.20129394531,44,14,14,14,10,1629,17,61,37,19,18.6554126739502,1,-111,15,2188,102
34.4214032862247,0.723535052513563,228,1472.20690917969,37,14,14,14,10,1398,11,60,45,18,17.5706787109375,6,49,7,1596,105
34.4693199528147,0.723535052513563,330,1224.43444824219,38,14,14,14,10,1439,15,56,41,20,17.6747989654541,12,-63,18,2997,97
34.5818199526346,0.723535052513563,235,1745.57702636719,47,14,14,14,10,1608,18,58,34,20,17.9876117706299,4,63,20,283,103
34.6005699526046,0.723535052513563,284,1580.4931640625,47,14,14,14,10,1565,17,58,33,20,18.0084629058838,3,-46,22,674,106
34.6547366191846,0.723535052513563,229,1381.28186035156,46,14,14,14,10,1536,16,58,32,22,18.1395244598389,5,46,18,3229,114
34.6818199524745,0.723535052513563,248,1136.697265625,46,14,14,14,10,1508,16,58,33,21,18.1892433166504,4,-102,20,2861,106
34.7776532856545,0.723535052513563,226,1609.37451171875,49,14,14,14,10,1668,20,58,31,20,18.4617233276367,5,26,16,588,112
34.8318199522345,0.723535052513563,242,1155.44909667969,47,14,14,14,10,1608,15,59,32,21,18.5192737579346,4,-52,13,1727,107
34.8443199522145,0.723535052513563,257,1162.78479003906,46,14,14,14,10,1641,15,60,33,21,18.5537166595459,5,1,13,1763,103
34.8484866188745,0.723535052513563,236,1162.78479003906,46,14,14,14,10,1641,15,60,33,21,18.5537166595459,5,1,13,1763,103
34.8734866188345,0.723535052513563,228,1401.70068359375,46,14,14,14,10,1704,16,60,35,19,18.6071510314941,6,-9,16,1183,100
34.8797366188245,0.723535052513563,210,1474.533203125,44,14,14,14,10,1730,15,60,38,18,18.6203098297119,5,136,12,878,103
34.4630699528247,0.721451719183563,281,1165.11547851562,39,14,14,14,10,1393,12,57,40,20,17.6733169555664,3,-97,13,3082,102
34.4714032861446,0.721451719183563,285,1224.43444824219,38,14,14,14,10,1439,15,56,41,20,17.6747989654541,12,-63,18,2997,97
34.5609866193346,0.721451719183563,206,1476.53515625,43,14,14,14,10,1577,16,56,38,19,17.919189453125,8,-92,22,784,93
34.6547366191846,0.721451719183563,223,1381.28186035156,46,14,14,14,10,1536,16,58,32,22,18.1395244598389,5,46,18,3229,114
34.7943199522945,0.721451719183563,196,1556.18322753906,49,14,14,14,10,1656,21,59,30,20,18.4844665527344,4,90,18,866,111
34.8214032855845,0.721451719183563,247,1221.80139160156,47,14,14,14,10,1589,15,59,31,21,18.5072593688965,4,-106,24,1836,109
34.8901532854744,0.721451719183563,258,1508.75231933594,45,14,14,14,10,1724,15,59,37,18,18.6293315887451,6,62,12,972,102
34.9172366187644,0.721451719183563,265,1377.13793945312,44,14,14,14,10,1679,19,60,36,20,18.6527061462402,6,49,12,1603,100
34.4234866195547,0.719368385853563,256,1472.20690917969,37,14,14,14,10,1398,11,60,45,18,17.5706787109375,6,49,7,1596,105
34.6193199525746,0.719368385853563,179,1606.52258300781,47,14,14,14,10,1568,19,58,32,20,18.0758628845215,2,4,16,2108,119
34.7484866190345,0.719368385853563,219,1385.33093261719,49,14,14,14,10,1659,17,58,31,20,18.3916549682617,4,33,22,706,109
34.7547366190245,0.719368385853563,204,1537.69750976562,48,14,14,14,10,1681,16,58,32,20,18.4170036315918,1,77,11,422,115
34.8026532856145,0.719368385853563,194,1459.92333984375,50,14,14,14,10,1631,17,59,30,21,18.4907073974609,4,33,25,1234,108
34.4609866194947,0.717285052523563,306,1213.27685546875,38,14,14,14,10,1401,15,57,42,20,17.6489448547363,6,-54,13,3109,106
34.5651532859946,0.717285052523563,192,1441.80725097656,43,14,14,14,10,1571,17,56,39,19,17.8973445892334,8,-9,10,1053,94
34.5734866193146,0.717285052523563,183,1641.59350585938,45,14,14,14,10,1618,16,58,37,19,17.9428882598877,3,173,19,456,101
34.5776532859746,0.717285052523563,218,1724.67407226562,46,14,14,14,10,1592,17,57,35,19,17.9635810852051,3,37,23,617,104
34.5880699526246,0.717285052523563,191,1668.54418945312,45,14,14,14,10,1577,15,59,36,19,17.9752368927002,2,-7,11,788,106
34.6026532859346,0.717285052523563,219,1551.10009765625,49,14,14,14,10,1574,17,56,32,20,18.0115852355957,3,30,17,1024,108
34.7339032857245,0.717285052523563,249,1252.16650390625,48,14,14,14,10,1606,13,58,32,20,18.3358535766602,2,-33,24,1108,107
34.7589032856845,0.717285052523563,211,1526.73193359375,48,14,14,14,10,1676,13,58,33,20,18.4062328338623,1,62,8,388,113
34.7818199523145,0.717285052523563,209,1612.376953125,49,14,14,14,10,1684,19,58,31,20,18.4528541564941,3,98,13,189,117
34.8005699522845,0.717285052523563,186,1620.35302734375,48,14,14,14,10,1665,18,58,32,20,18.477783203125,3,66,28,588,114
34.8026532856145,0.717285052523563,187,1543.88745117188,48,14,14,14,10,1643,19,59,32,21,18.4851036071777,4,53,15,1016,109
34.8172366189245,0.717285052523563,224,1419.45434570312,46,14,14,14,10,1640,15,58,33,21,18.493745803833,4,105,10,1282,111
34.9214032854244,0.717285052523563,299,1171.49450683594,46,14,14,14,10,1636,20,60,35,20,18.6501369476318,5,-45,15,2127,103
34.4109866195747,0.715201719193563,273,1556.375,38,14,14,14,10,1401,13,57,43,19,17.5253086090088,2,2,16,1521,107
34.4255699528847,0.715201719193563,289,1416.43395996094,38,14,14,14,10,1364,12,57,43,19,17.5582084655762,5,-47,22,1951,109
34.4422366195247,0.715201719193563,302,1175.3740234375,42,14,14,14,10,1369,11,58,38,21,17.6114044189453,3,7,11,2604,106
34.4443199528547,0.715201719193563,308,1177.42578125,38,14,14,14,10,1374,9,60,42,21,17.6236476898193,2,15,11,2858,112
34.4547366195047,0.715201719193563,326,1190.91711425781,38,14,14,14,10,1373,15,56,41,21,17.6393089294434,3,-99,21,3024,108
34.4589032861647,0.715201719193563,303,1190.91711425781,38,14,14,14,10,1373,15,56,41,21,17.6393089294434,3,-99,21,3024,108
34.4818199527946,0.715201719193563,238,1250.48718261719,38,14,14,14,10,1441,13,58,42,20,17.6757736206055,5,-85,12,3080,98
34.4880699527846,0.715201719193563,271,1274.25891113281,38,14,14,14,10,1439,13,59,43,19,17.686674118042,3,-187,16,3265,96
34.5651532859946,0.715201719193563,191,1441.80725097656,43,14,14,14,10,1571,17,56,39,19,17.8973445892334,8,-9,10,1053,94
34.5964032859446,0.715201719193563,239,1578.0244140625,47,13,13,13,10,1548,17,57,34,19,17.9879302978516,2,-87,16,1099,105
34.6068199525946,0.715201719193563,191,1551.10009765625,49,14,14,14,10,1574,17,56,32,20,18.0115852355957,3,30,17,1024,108
34.6422366192046,0.715201719193563,193,1550.55578613281,46,14,14,14,10,1562,18,58,33,21,18.0948352813721,2,65,14,2852,118
34.6964032857845,0.715201719193563,227,1144.27673339844,45,14,14,14,10,1534,15,58,35,20,18.2209815979004,5,-51,17,2066,102
34.7109866190945,0.715201719193563,192,1218.47534179688,45,15,15,15,10,1626,15,57,36,19,18.2878303527832,4,204,16,933,103
34.7943199522945,0.715201719193563,200,1620.35302734375,48,14,14,14,10,1665,18,58,32,20,18.477783203125,3,66,28,588,114
34.8484866188745,0.715201719193563,261,1162.990234375,46,14,14,14,10,1615,14,59,33,21,18.5431327819824,3,-75,13,1695,105
34.9193199520944,0.715201719193563,256,1171.49450683594,46,14,14,14,10,1636,20,60,35,20,18.6501369476318,5,-45,15,2127,103
34.5026532860946,0.713118385863563,207,1341.875,37,14,14,14,10,1516,13,58,43,19,17.7077770233154,8,102,14,2530,95
34.5880699526246,0.713118385863563,190,1668.54418945312,45,14,14,14,10,1577,15,59,36,19,17.9752368927002,2,-7,11,788,106
34.6214032859046,0.713118385863563,195,1590.97277832031,47,14,14,14,10,1567,17,57,33,20,18.0564098358154,3,17,29,1879,117
34.6234866192346,0.713118385863563,191,1590.97277832031,47,14,14,14,10,1567,17,57,33,20,18.0564098358154,3,17,29,1879,117
34.6672366191646,0.713118385863563,251,1358.19934082031,46,14,14,14,10,1534,17,58,33,21,18.1439075469971,4,74,21,2647,115
34.7339032857245,0.713118385863563,266,1252.16650390625,48,14,14,14,10,1606,13,58,32,20,18.3358535766602,2,-33,24,1108,107
34.7401532857145,0.713118385863563,253,1284.49389648438,48,14,14,14,10,1614,14,58,31,21,18.3547344207764,1,-97,15,904,108
34.7422366190445,0.713118385863563,262,1284.49389648438,48,14,14,14,10,1614,14,58,31,21,18.3547344207764,1,-97,15,904,108
34.7901532856345,0.713118385863563,198,1634.54943847656,48,14,14,14,10,1678,18,58,32,20,18.4672374725342,1,72,16,251,118
34.7964032856245,0.713118385863563,200,1620.35302734375,48,14,14,14,10,1665,18,58,32,20,18.477783203125,3,66,28,588,114
34.8776532854945,0.713118385863563,216,1404.81298828125,47,14,14,14,10,1685,15,60,34,20,18.6075553894043,4,2,9,1262,98
34.4276532862147,0.711035052533563,302,1251.64636230469,40,14,14,14,10,1344,16,59,41,19,17.5926170349121,1,-113,18,2447,105
34.4734866194746,0.711035052533563,263,1235.1494140625,38,14,14,14,10,1438,13,58,42,20,17.6596012115479,3,56,12,2894,107
34.4755699528046,0.711035052533563,293,1235.1494140625,38,14,14,14,10,1438,13,58,42,20,17.6596012115479,3,56,12,2894,107
34.4776532861346,0.711035052533563,297,1250.48718261719,38,14,14,14,10,1441,13,58,42,20,17.6757736206055,5,-85,12,3080,98
34.4818199527946,0.711035052533563,275,1250.48718261719,38,14,14,14,10,1441,13,58,42,20,17.6757736206055,5,-85,12,3080,98
34.5380699527046,0.711035052533563,189,1245.6494140625,43,14,14,14,10,1528,14,57,38,19,17.7988681793213,6,94,15,1672,94
34.5484866193546,0.711035052533563,185,1245.47607421875,42,14,14,14,10,1516,14,58,39,19,17.8229827880859,4,-1,13,1614,93
34.5630699526646,0.711035052533563,220,1441.80725097656,43,14,14,14,10,1571,17,56,39,19,17.8973445892334,8,-9,10,1053,94
34.5734866193146,0.711035052533563,186,1641.59350585938,45,14,14,14,10,1618,16,58,37,19,17.9428882598877,3,173,19,456,101
34.5859866192946,0.711035052533563,198,1668.54418945312,45,14,14,14,10,1577,15,59,36,19,17.9752368927002,2,-7,11,788,106
34.6130699525846,0.711035052533563,204,1579.73669433594,48,14,14,14,10,1569,18,58,33,20,18.0366077423096,2,52,12,1382,116
34.6276532858946,0.711035052533563,186,1577.31042480469,47,14,14,14,10,1569,19,58,33,20,18.0760383605957,1,49,15,2246,117
34.6380699525446,0.711035052533563,194,1550.55578613281,46,14,14,14,10,1562,18,58,33,21,18.0948352813721,2,65,14,2852,118
34.6526532858546,0.711035052533563,224,1437.28796386719,47,14,14,14,10,1545,16,58,32,21,18.1263866424561,1,40,17,2641,116
34.7401532857145,0.711035052533563,261,1284.49389648438,48,14,14,14,10,1614,14,58,31,21,18.3547344207764,1,-97,15,904,108
34.7859866189745,0.711035052533563,206,1634.54943847656,48,14,14,14,10,1678,18,58,32,20,18.4672374725342,1,72,16,251,118
34.8568199521945,0.711035052533563,243,1211.04736328125,45,14,14,14,10,1630,15,60,34,21,18.5614776611328,4,-99,10,1797,103
34.8901532854744,0.711035052533563,237,1391.29467773438,45,14,14,14,10,1680,13,59,36,19,18.6170349121094,3,-36,9,1444,99
34.9276532854144,0.711035052533563,331,1068.90417480469,45,14,14,14,10,1623,18,60,36,19,18.6565551757812,5,-156,14,2310,103
34.4109866195747,0.708951719203563,290,1507.64416503906,38,14,14,14,10,1387,13,56,43,19,17.5136241912842,3,-13,17,1659,108
34.4880699527846,0.708951719203563,257,1219.23791503906,38,14,14,14,10,1446,13,59,42,20,17.6790599822998,4,8,13,3167,101
34.4964032861046,0.708951719203563,248,1235.28381347656,38,14,14,14,10,1456,13,58,42,19,17.691276550293,7,14,14,3089,98
34.5464032860246,0.708951719203563,193,1198.80883789062,41,14,14,14,10,1483,12,59,39,20,17.8065605163574,4,-155,9,2135,95
34.5818199526346,0.708951719203563,217,1697.87463378906,46,14,14,14,10,1584,18,57,36,19,17.9383144378662,1,8,18,931,107
34.6089032859246,0.708951719203563,188,1534.88635253906,48,14,14,14,10,1550,18,56,32,20,17.9879207611084,4,-54,28,1224,105
34.6630699525046,0.708951719203563,218,1402.23693847656,45,14,14,14,10,1547,18,58,34,21,18.1306400299072,2,86,8,2231,116
34.6693199524946,0.708951719203563,236,1343.26794433594,45,14,14,14,10,1520,15,58,35,20,18.1485500335693,4,23,15,2360,112
34.7734866189945,0.708951719203563,217,1557.17700195312,49,14,14,14,10,1655,17,58,31,19,18.4221572875977,3,-52,30,385,113
34.7797366189845,0.708951719203563,205,1558.34887695312,48,14,14,14,10,1654,18,58,32,20,18.4363441467285,4,-39,32,277,111
34.9172366187644,0.708951719203563,271,1213.58862304688,46,14,14,14,10,1677,20,60,34,20,18.6371040344238,5,165,11,1504,102
34.4214032862247,0.706868385873563,238,1371.67529296875,39,14,14,14,10,1382,11,60,43,18,17.5419788360596,3,111,15,1775,110
34.4672366194847,0.706868385873563,228,1259.56616210938,37,14,14,14,10,1428,12,59,44,19,17.6259784698486,1,124,10,2646,116
34.6047366192646,0.706868385873563,208,1534.88635253906,48,14,14,14,10,1550,18,56,32,20,17.9879207611084,4,-54,28,1224,105
34.6401532858746,0.706868385873563,194,1532.39233398438,46,14,14,14,10,1550,20,58,34,20,18.0751476287842,2,15,15,2426,114
34.6547366191846,0.706868385873563,211,1448.01025390625,46,14,14,14,10,1530,18,59,33,21,18.1092433929443,4,-68,13,2454,114
34.6818199524745,0.706868385873563,263,1250.83081054688,45,14,14,14,10,1500,15,58,34,21,18.1640377044678,4,-41,26,2479,109
34.7693199523345,0.706868385873563,237,1557.17700195312,49,14,14,14,10,1655,17,58,31,19,18.4221572875977,3,-52,30,385,113
34.8526532855345,0.706868385873563,240,1238.97680664062,46,14,14,14,10,1639,13,60,34,21,18.5545520782471,3,-17,13,1629,106
34.4214032862247,0.704785052543563,246,1371.67529296875,39,14,14,14,10,1382,11,60,43,18,17.5419788360596,3,111,15,1775,110
34.4234866195547,0.704785052543563,252,1371.67529296875,39,14,14,14,10,1382,11,60,43,18,17.5419788360596,3,111,15,1775,110
34.4547366195047,0.704785052543563,246,1250.32373046875,35,14,14,14,10,1405,11,59,45,20,17.611120223999,3,88,7,2631,111
34.4693199528147,0.704785052543563,241,1244.29357910156,37,14,14,14,10,1418,12,57,44,19,17.6469459533691,4,36,11,2881,108
34.5651532859946,0.704785052543563,201,1449.57568359375,44,14,14,14,10,1575,16,58,38,19,17.8794364929199,3,66,24,1072,99
34.6047366192646,0.704785052543563,232,1534.88635253906,48,14,14,14,10,1550,18,56,32,20,17.9879207611084,4,-54,28,1224,105
34.6359866192146,0.704785052543563,187,1532.39233398438,46,14,14,14,10,1550,20,58,34,20,18.0751476287842,2,15,15,2426,114
34.6734866191546,0.704785052543563,210,1343.26794433594,45,14,14,14,10,1520,15,58,35,20,18.1485500335693,4,23,15,2360,112
34.6859866191345,0.704785052543563,275,1156.7685546875,45,14,14,14,10,1488,16,58,35,21,18.1843128204346,2,-111,27,2446,109
34.7005699524445,0.704785052543563,253,1112.55688476562,44,14,14,14,10,1494,15,58,35,20,18.2058639526367,4,-127,17,2262,105
34.7234866190745,0.704785052543563,200,1214.68603515625,45,15,15,15,10,1638,15,57,35,20,18.295316696167,7,235,9,733,99
34.7630699523445,0.704785052543563,205,1576.99938964844,48,14,14,14,10,1659,17,58,32,20,18.4105529785156,5,32,19,382,112
34.7672366190045,0.704785052543563,225,1576.99938964844,48,14,14,14,10,1659,17,58,32,20,18.4105529785156,5,32,19,382,112
34.7943199522945,0.704785052543563,209,1624.15881347656,47,14,14,14,10,1654,18,58,33,20,18.4671764373779,4,15,24,572,111
34.7964032856245,0.704785052543563,212,1624.15881347656,47,14,14,14,10,1654,18,58,33,20,18.4671764373779,4,15,24,572,111
34.8880699521444,0.704785052543563,254,1287.95593261719,47,14,14,14,10,1665,14,60,34,19,18.604829788208,4,32,13,1536,102
34.4130699529047,0.702701719213564,245,1507.64416503906,38,14,14,14,10,1387,13,56,43,19,17.5136241912842,3,-13,17,1659,108
34.4255699528847,0.702701719213564,286,1371.67529296875,39,14,14,14,10,1382,11,60,43,18,17.5419788360596,3,111,15,1775,110
34.4401532861947,0.702701719213564,309,1193.38659667969,41,14,14,14,10,1356,13,58,38,21,17.5929431915283,4,-54,28,2576,108
34.4880699527846,0.702701719213564,270,1219.23791503906,38,14,14,14,10,1446,13,59,42,20,17.6790599822998,4,8,13,3167,101
34.5818199526346,0.702701719213564,261,1697.87463378906,46,14,14,14,10,1584,18,57,36,19,17.9383144378662,1,8,18,931,107
34.5964032859446,0.702701719213564,206,1586.28356933594,48,14,14,14,10,1551,19,57,32,19,17.9689617156982,2,-28,19,1209,110
34.6359866192146,0.702701719213564,192,1532.39233398438,46,14,14,14,10,1550,20,58,34,20,18.0751476287842,2,15,15,2426,114
34.6964032857845,0.702701719213564,307,1112.55688476562,44,14,14,14,10,1494,15,58,35,20,18.2058639526367,4,-127,17,2262,105
34.7339032857245,0.702701719213564,200,1264.11071777344,46,14,14,14,10,1635,15,56,34,20,18.3277416229248,4,163,37,753,110
34.7693199523345,0.702701719213564,216,1557.17700195312,49,14,14,14,10,1655,17,58,31,19,18.4221572875977,3,-52,30,385,113
34.8005699522845,0.702701719213564,211,1624.15881347656,47,14,14,14,10,1654,18,58,33,20,18.4671764373779,4,15,24,572,111
34.8484866188745,0.702701719213564,243,1187.71337890625,46,14,14,14,10,1631,13,60,34,20,18.5358600616455,2,21,12,1733,108
34.8672366188445,0.702701719213564,216,1303.07165527344,47,14,14,14,10,1663,15,60,33,20,18.5723743438721,3,22,17,1488,105
34.4234866195547,0.700618385883564,278,1379.6044921875,39,14,14,14,10,1342,13,59,43,18,17.5286464691162,2,-119,14,2187,107
34.4693199528147,0.700618385883564,261,1226.06665039062,38,14,14,14,10,1404,10,59,43,19,17.6359615325928,3,24,17,2918,114
34.4818199527946,0.700618385883564,328,1189.20837402344,38,15,15,15,10,1393,9,59,42,20,17.6586971282959,3,-92,9,3253,101
34.5005699527646,0.700618385883564,271,1175.07336425781,38,15,15,15,10,1415,11,57,42,20,17.6876182556152,3,-94,25,3332,99
34.5172366194046,0.700618385883564,168,1203.0947265625,37,14,14,14,10,1490,13,59,43,20,17.7048053741455,6,164,9,2486,100
34.5214032860646,0.700618385883564,178,1183.30871582031,38,14,14,14,10,1448,13,58,41,21,17.7279205322266,5,-103,10,2773,98
34.5339032860446,0.700618385883564,253,1167.44030761719,40,14,14,14,10,1443,12,59,39,20,17.748140335083,6,-186,18,2880,98
34.5359866193746,0.700618385883564,255,1193.80407714844,42,14,14,14,10,1455,13,59,38,20,17.7680149078369,5,-179,19,2658,96
34.5464032860246,0.700618385883564,209,1263.99926757812,42,14,14,14,10,1497,14,58,38,19,17.7918853759766,7,-134,18,2316,95
34.5609866193346,0.700618385883564,183,1477.23376464844,45,14,14,14,10,1569,19,56,36,19,17.8607616424561,2,95,22,1261,110
34.5880699526246,0.700618385883564,216,1680.7998046875,49,14,14,14,10,1574,17,57,32,19,17.9382076263428,4,74,23,1131,109
34.6130699525846,0.700618385883564,198,1531.44360351562,48,14,14,14,10,1546,18,57,32,20,17.9919052124023,5,-56,18,1621,108
34.6651532858346,0.700618385883564,204,1406.15856933594,45,14,14,14,10,1530,18,58,34,21,18.1116981506348,4,-27,16,2144,112
34.7047366191045,0.700618385883564,239,1100.21203613281,45,15,15,15,10,1492,15,59,35,21,18.2134857177734,4,-116,13,2140,104
34.7068199524345,0.700618385883564,232,1100.21203613281,45,15,15,15,10,1492,15,59,35,21,18.2134857177734,4,-116,13,2140,104
34.7151532857545,0.700618385883564,228,1115.67224121094,44,15,15,15,10,1517,16,57,35,20,18.2325401306152,3,-74,13,1907,100
34.7568199523545,0.700618385883564,209,1575.17797851562,50,14,14,14,10,1659,15,58,31,20,18.3817863464355,3,8,18,326,111
34.7943199522945,0.700618385883564,207,1609.40649414062,47,14,14,14,10,1660,18,59,33,20,18.4582672119141,3,86,17,575,116
34.8943199521344,0.700618385883564,269,1174.4716796875,47,14,14,14,10,1627,18,61,34,20,18.6035499572754,4,-78,22,2013,102
34.9047366187844,0.700618385883564,236,1157.76879882812,46,14,14,14,10,1648,21,60,34,20,18.616283416748,4,71,15,1759,105
34.9193199520944,0.700618385883564,287,1079.05310058594,47,14,14,14,10,1607,18,60,33,19,18.6347217559814,3,-151,20,2283,101
34.4130699529047,0.698535052553564,276,1559.75756835938,38,14,14,14,10,1351,14,56,44,18,17.4912109375,1,-173,25,1907,105
34.4172366195647,0.698535052553564,312,1559.75756835938,38,14,14,14,10,1351,14,56,44,18,17.4912109375,1,-173,25,1907,105
34.4339032862047,0.698535052553564,408,1219.52685546875,42,14,14,14,10,1335,14,57,38,20,17.5599212646484,2,-61,21,2393,109
34.4651532861547,0.698535052553564,265,1253.01037597656,36,15,15,15,10,1405,11,58,45,20,17.615795135498,4,45,11,2653,109
34.5568199526746,0.698535052553564,183,1363.8505859375,44,14,14,14,10,1564,15,59,38,19,17.8281688690186,5,105,13,1523,97
34.5672366193246,0.698535052553564,214,1477.23376464844,45,14,14,14,10,1569,19,56,36,19,17.8607616424561,2,95,22,1261,110
34.5964032859446,0.698535052553564,216,1602.81311035156,47,14,14,14,10,1547,18,57,33,20,17.9507484436035,1,-36,16,1346,109
34.6484866191946,0.698535052553564,173,1487.08557128906,46,14,14,14,10,1547,18,58,34,20,18.0759696960449,1,52,11,1984,114
34.7547366190245,0.698535052553564,210,1575.17797851562,50,14,14,14,10,1659,15,58,31,20,18.3817863464355,3,8,18,326,111
34.5109866194146,0.696451719223564,174,1203.0947265625,37,14,14,14,10,1490,13,59,43,20,17.7048053741455,6,164,9,2486,100
34.6109866192546,0.696451719223564,218,1531.44360351562,48,14,14,14,10,1546,18,57,32,20,17.9919052124023,5,-56,18,1621,108
34.6630699525046,0.696451719223564,213,1406.15856933594,45,14,14,14,10,1530,18,58,34,21,18.1116981506348,4,-27,16,2144,112
34.6755699524846,0.696451719223564,209,1378.73278808594,45,14,14,14,10,1545,18,59,35,21,18.1351661682129,0,116,14,1924,114
34.7276532857345,0.696451719223564,216,1236.00939941406,45,15,15,15,10,1626,15,56,34,21,18.3042335510254,8,96,14,798,98
34.7880699523045,0.696451719223564,204,1554.51293945312,47,14,14,14,10,1663,16,58,33,20,18.4413719177246,2,60,31,336,109
34.7901532856345,0.696451719223564,199,1554.51293945312,47,14,14,14,10,1663,16,58,33,20,18.4413719177246,2,60,31,336,109
34.7943199522945,0.696451719223564,198,1609.40649414062,47,14,14,14,10,1660,18,59,33,20,18.4582672119141,3,86,17,575,116
34.8276532855745,0.696451719223564,258,1174.45861816406,46,14,14,14,10,1577,13,58,33,21,18.4897384643555,4,-124,19,1925,107
34.8609866188545,0.696451719223564,249,1285.09838867188,45,14,14,14,10,1664,14,60,34,21,18.5611896514893,2,102,11,1397,105
34.8630699521845,0.696451719223564,222,1285.09838867188,45,14,14,14,10,1664,14,60,34,21,18.5611896514893,2,102,11,1397,105
34.4276532862147,0.694368385893564,338,1219.52685546875,42,14,14,14,10,1335,14,57,38,20,17.5599212646484,2,-61,21,2393,109
34.5609866193346,0.694368385893564,224,1477.23376464844,45,14,14,14,10,1569,19,56,36,19,17.8607616424561,2,95,22,1261,110
34.5943199526146,0.694368385893564,176,1602.81311035156,47,14,14,14,10,1547,18,57,33,20,17.9507484436035,1,-36,16,1346,109
34.6443199525346,0.694368385893564,186,1487.08557128906,46,14,14,14,10,1547,18,58,34,20,18.0759696960449,1,52,11,1984,114
34.6609866191746,0.694368385893564,231,1406.15856933594,45,14,14,14,10,1530,18,58,34,21,18.1116981506348,4,-27,16,2144,112
34.7568199523545,0.694368385893564,204,1575.17797851562,50,14,14,14,10,1659,15,58,31,20,18.3817863464355,3,8,18,326,111
34.8505699522045,0.694368385893564,235,1225.66369628906,45,14,14,14,10,1616,15,60,34,20,18.5294456481934,3,-22,12,1812,107
34.9026532854544,0.694368385893564,247,1157.76879882812,46,14,14,14,10,1648,21,60,34,20,18.616283416748,4,71,15,1759,105
34.4151532862347,0.692285052563564,250,1688.18188476562,39,14,14,14,10,1388,15,58,44,17,17.4464702606201,7,-4,12,1622,96
34.4401532861947,0.692285052563564,304,1157.01403808594,40,14,14,14,10,1339,12,56,39,21,17.562593460083,3,-46,20,2650,110
34.4589032861647,0.692285052563564,261,1201.03894042969,38,15,15,15,10,1379,14,56,41,20,17.5913143157959,5,-8,16,2711,107
34.4922366194446,0.692285052563564,293,1144.98010253906,37,15,15,15,10,1390,10,57,43,20,17.6610240936279,3,-114,13,3254,101
34.5005699527646,0.692285052563564,254,1140.0283203125,39,15,15,15,10,1402,12,58,40,21,17.6774291992188,5,-129,14,3449,100
34.6651532858346,0.692285052563564,224,1401.05932617188,45,14,14,14,10,1506,17,58,35,20,18.0936603546143,3,-98,14,2058,112
34.6693199524946,0.692285052563564,196,1366.8388671875,45,14,14,14,10,1518,16,57,35,20,18.1149520874023,5,-17,12,1842,110
34.7547366190245,0.692285052563564,209,1597.68579101562,49,14,14,14,10,1635,16,58,31,20,18.3699588775635,3,-76,14,512,109
34.8297366189045,0.692285052563564,259,1199.98046875,49,14,14,14,10,1589,15,60,30,21,18.4805946350098,4,-54,31,1797,106
34.8380699522245,0.692285052563564,248,1202.36474609375,48,14,14,14,10,1617,15,60,32,20,18.5015048980713,3,81,16,1610,106
34.8984866187944,0.692285052563564,257,1138.47314453125,48,14,14,14,10,1611,21,60,33,20,18.5946655273438,6,-116,14,2060,103
34.4818199527946,0.690201719233564,327,1157.52966308594,38,15,15,15,10,1376,10,58,42,20,17.6457347869873,1,-103,19,3260,103
34.6047366192646,0.690201719233564,207,1544.74133300781,47,14,14,14,10,1549,17,57,33,20,17.951976776123,1,44,17,1467,119
34.6568199525146,0.690201719233564,176,1459.36389160156,47,14,14,14,10,1536,17,58,34,20,18.0791702270508,4,71,9,1790,115
34.6880699524645,0.690201719233564,243,1311.57629394531,46,14,14,14,10,1512,15,57,34,21,18.1572589874268,3,39,60,2000,112
34.6964032857845,0.690201719233564,255,1209.63549804688,47,15,15,15,10,1493,16,58,33,21,18.1773128509521,4,-15,21,2109,111
34.6984866191145,0.690201719233564,262,1209.63549804688,47,15,15,15,10,1493,16,58,33,21,18.1773128509521,4,-15,21,2109,111
34.7109866190945,0.690201719233564,286,1084.75073242188,46,15,15,15,10,1487,18,58,34,21,18.223819732666,5,-119,17,2144,102
34.8047366189445,0.690201719233564,203,1597.40380859375,46,14,14,14,10,1653,15,58,34,20,18.4601249694824,3,110,27,698,113
34.9047366187844,0.690201719233564,263,1111.98498535156,48,14,14,14,10,1623,20,59,33,19,18.6063804626465,4,-13,13,1923,104
34.4193199528947,0.688118385903564,283,1452.73376464844,39,14,14,14,10,1349,11,58,44,18,17.5021076202393,4,-62,12,2155,100
34.4443199528547,0.688118385903564,298,1178.65881347656,37,15,15,15,10,1354,10,56,43,21,17.5773105621338,4,-30,18,2665,108
34.4568199528347,0.688118385903564,296,1201.03894042969,38,15,15,15,10,1379,14,56,41,20,17.5913143157959,5,-8,16,2711,107
34.5026532860946,0.688118385903564,226,1145.75427246094,38,14,14,14,10,1445,12,58,41,20,17.6873760223389,6,41,13,2881,101
34.5422366193646,0.688118385903564,180,1316.49096679688,41,14,14,14,10,1532,14,59,39,19,17.7525157928467,10,118,14,1966,94
34.6339032858846,0.688118385903564,187,1575.88806152344,45,14,14,14,10,1543,19,58,35,20,18.0233554840088,3,33,17,1621,113
34.6547366191846,0.688118385903564,172,1459.36389160156,47,14,14,14,10,1536,17,58,34,20,18.0791702270508,4,71,9,1790,115
34.6797366191445,0.688118385903564,216,1360.61499023438,44,15,15,15,10,1532,16,60,35,21,18.1389026641846,1,72,16,1766,115
34.7193199524145,0.688118385903564,250,1110.06640625,44,15,15,15,10,1504,14,57,36,21,18.2418670654297,6,-158,11,1941,98
34.7672366190045,0.688118385903564,219,1572.54187011719,49,14,14,14,10,1639,17,58,31,20,18.3812637329102,4,-64,10,476,109
34.7714032856645,0.688118385903564,193,1529.54187011719,49,14,14,14,10,1653,18,57,31,19,18.3975696563721,1,76,27,298,111
34.4318199528747,0.686035052573564,351,1227.02453613281,43,14,14,14,10,1325,13,56,38,20,17.5426902770996,1,-119,25,2576,106
34.5172366194046,0.686035052573564,225,1156.71496582031,37,14,14,14,10,1438,12,58,44,20,17.6999015808105,7,-54,14,2802,99
34.5318199527146,0.686035052573564,203,1229.6220703125,41,14,14,14,10,1472,12,59,39,19,17.7205448150635,10,-63,23,2614,96
34.6005699526046,0.686035052573564,206,1616.00695800781,45,14,14,14,10,1537,18,59,36,20,17.9300975799561,2,-71,17,1613,110
34.6193199525746,0.686035052573564,188,1555.2900390625,46,14,14,14,10,1558,17,57,33,20,17.9998760223389,1,67,18,1443,110
34.7005699524445,0.686035052573564,295,1209.63549804688,47,15,15,15,10,1493,16,58,33,21,18.1773128509521,4,-15,21,2109,111
34.7589032856845,0.686035052573564,215,1597.68579101562,49,14,14,14,10,1635,16,58,31,20,18.3699588775635,3,-76,14,512,109
34.7693199523345,0.686035052573564,205,1529.54187011719,49,14,14,14,10,1653,18,57,31,19,18.3975696563721,1,76,27,298,111
34.7818199523145,0.686035052573564,219,1492.59289550781,49,14,14,14,10,1622,16,59,32,20,18.4100894927979,1,-53,19,600,110
34.4151532862347,0.683951719243564,341,1746.13940429688,42,13,13,13,10,1463,18,54,42,16,17.4088382720947,15,426,15,682,92
34.4589032861647,0.683951719243564,299,1170.11730957031,39,14,14,14,10,1345,11,57,41,20,17.5761451721191,2,-82,26,2898,111
34.5297366193846,0.683951719243564,186,1304.31115722656,40,14,14,14,10,1525,14,59,41,18,17.7007541656494,2,133,17,1952,103
34.5359866193746,0.683951719243564,205,1407.02661132812,44,14,14,14,10,1554,15,60,37,19,17.7385406494141,3,135,12,1707,100
34.6422366192046,0.683951719243564,219,1578.87658691406,45,14,14,14,10,1536,18,57,35,20,18.0260162353516,4,40,17,1315,108
34.6964032857845,0.683951719243564,241,1264.62231445312,45,14,14,14,10,1508,17,58,34,21,18.1625270843506,2,57,23,1774,114
34.7172366190845,0.683951719243564,272,1085.01904296875,45,15,15,15,10,1470,15,58,34,21,18.2133102416992,1,-98,18,2300,104
34.7380699523845,0.683951719243564,236,1282.63586425781,46,15,15,15,10,1589,18,56,33,21,18.2949810028076,11,-135,35,1143,95
34.7776532856545,0.683951719243564,207,1475.45239257812,49,13,13,13,10,1632,15,58,31,20,18.397087097168,3,41,39,436,111
34.8359866188945,0.683951719243564,267,1180.40124511719,50,14,14,14,10,1597,16,60,30,20,18.4873008728027,4,39,20,1674,104
34.4859866194546,0.681868385913564,247,1147.46166992188,37,14,14,14,10,1421,12,59,44,19,17.6366367340088,1,109,13,2946,107
34.4880699527846,0.681868385913564,244,1147.46166992188,37,14,14,14,10,1421,12,59,44,19,17.6366367340088,1,109,13,2946,107
34.5005699527646,0.681868385913564,309,1145.85778808594,39,14,14,14,10,1396,11,58,41,20,17.6537246704102,3,-86,20,3227,102
34.5089032860846,0.681868385913564,232,1142.71984863281,39,14,14,14,10,1401,11,58,40,21,17.6708641052246,3,-162,12,3223,100
34.5109866194146,0.681868385913564,207,1156.90551757812,38,14,14,14,10,1430,14,57,42,20,17.6823654174805,7,-138,16,2968,98
34.6214032859046,0.681868385913564,191,1528.9951171875,46,14,14,14,10,1537,18,58,34,20,17.9766979217529,4,-32,16,1389,107
34.6255699525646,0.681868385913564,180,1528.9951171875,46,14,14,14,10,1537,18,58,34,20,17.9766979217529,4,-32,16,1389,107
34.6922366191245,0.681868385913564,207,1342.15075683594,45,14,14,14,10,1521,15,58,34,21,18.1419811248779,2,68,15,1623,113
34.7484866190345,0.681868385913564,211,1493.58142089844,48,14,14,14,10,1674,17,56,32,20,18.3416442871094,1,189,17,165,103
34.7734866189945,0.681868385913564,220,1531.71948242188,49,13,13,13,10,1633,16,58,32,20,18.3822631835938,2,-8,16,473,109
34.7859866189745,0.681868385913564,220,1448.87927246094,48,14,14,14,10,1616,15,58,32,20,18.4104232788086,4,-81,21,752,109
34.8422366188845,0.681868385913564,269,1180.40124511719,50,14,14,14,10,1597,16,60,30,20,18.4873008728027,4,39,20,1674,104
34.4568199528347,0.679785052583564,327,1170.11730957031,39,14,14,14,10,1345,11,57,41,20,17.5761451721191,2,-82,26,2898,111
34.4609866194947,0.679785052583564,324,1165.84716796875,38,14,14,14,10,1367,10,57,41,21,17.594705581665,4,-60,13,2907,107
34.4859866194546,0.679785052583564,227,1147.46166992188,37,14,14,14,10,1421,12,59,44,19,17.6366367340088,1,109,13,2946,107
34.4880699527846,0.679785052583564,238,1147.46166992188,37,14,14,14,10,1421,12,59,44,19,17.6366367340088,1,109,13,2946,107
34.5047366194246,0.679785052583564,267,1142.71984863281,39,14,14,14,10,1401,11,58,40,21,17.6708641052246,3,-162,12,3223,100
34.5276532860546,0.679785052583564,174,1304.31115722656,40,14,14,14,10,1525,14,59,41,18,17.7007541656494,2,133,17,1952,103
34.5359866193746,0.679785052583564,218,1407.02661132812,44,14,14,14,10,1554,15,60,37,19,17.7385406494141,3,135,12,1707,100
34.5964032859446,0.679785052583564,194,1631.80444335938,44,14,14,14,10,1532,18,58,36,20,17.9118309020996,3,-49,14,1625,107
34.6339032858846,0.679785052583564,165,1583.81213378906,45,14,14,14,10,1560,18,57,35,20,18.0070781707764,2,116,15,1170,112
34.6818199524745,0.679785052583564,214,1352.82434082031,46,14,14,14,10,1526,16,56,33,21,18.1225547790527,2,62,8,1516,112
34.7047366191045,0.679785052583564,245,1155.83337402344,45,14,14,14,10,1494,16,58,34,21,18.18723487854,3,37,19,2103,113
34.7068199524345,0.679785052583564,267,1155.83337402344,45,14,14,14,10,1494,16,58,34,21,18.18723487854,3,37,19,2103,113
34.4693199528147,0.677701719253564,274,1149.30883789062,38,14,14,14,10,1378,10,58,42,20,17.6123466491699,3,0,27,2867,106
34.5130699527446,0.677701719253564,199,1156.90551757812,38,14,14,14,10,1430,14,57,42,20,17.6823654174805,7,-138,16,2968,98
34.5609866193346,0.677701719253564,222,1491.29675292969,45,14,14,14,10,1540,18,56,35,20,17.8154144287109,4,-95,16,1853,104
34.5651532859946,0.677701719253564,223,1491.29675292969,45,14,14,14,10,1540,18,56,35,20,17.8154144287109,4,-95,16,1853,104
34.5984866192746,0.677701719253564,195,1631.80444335938,44,14,14,14,10,1532,18,58,36,20,17.9118309020996,3,-49,14,1625,107
34.6214032859046,0.677701719253564,193,1528.9951171875,46,14,14,14,10,1537,18,58,34,20,17.9766979217529,4,-32,16,1389,107
34.7714032856645,0.677701719253564,237,1531.71948242188,49,13,13,13,10,1633,16,58,32,20,18.3822631835938,2,-8,16,473,109
34.8026532856145,0.677701719253564,229,1563.49389648438,48,14,14,14,10,1643,15,58,32,20,18.4472827911377,1,58,20,726,112
34.8172366189245,0.677701719253564,224,1549.22338867188,47,14,14,14,10,1618,18,58,33,20,18.4588317871094,5,26,33,974,107
34.8214032855845,0.677701719253564,217,1395.24340820312,48,14,14,14,10,1585,16,59,31,21,18.4624652862549,2,-84,40,1546,103
34.8401532855545,0.677701719253564,275,1180.40124511719,50,14,14,14,10,1597,16,60,30,20,18.4873008728027,4,39,20,1674,104
34.4526532861747,0.675618385923564,251,1177.76806640625,37,14,14,14,10,1368,9,58,42,21,17.5527439117432,2,28,7,2580,112
34.4797366194646,0.675618385923564,268,1143.33435058594,38,14,14,14,10,1384,10,58,43,20,17.6090488433838,4,-59,16,2933,103
34.5859866192946,0.675618385923564,217,1748.18627929688,46,14,14,14,10,1545,20,59,35,19,17.8823223114014,3,-63,13,1438,106
34.6651532858346,0.675618385923564,198,1402.41589355469,46,14,14,14,10,1509,18,58,34,20,18.0659561157227,4,21,18,1151,108
34.6859866191345,0.675618385923564,213,1345.26232910156,45,14,14,14,10,1498,15,57,34,20,18.1285400390625,2,-17,15,1632,112
34.7193199524145,0.675618385923564,268,1086.82165527344,45,14,14,14,10,1494,16,58,35,20,18.2182159423828,3,-30,16,1985,100
34.7755699523245,0.675618385923564,221,1565.26013183594,49,14,14,14,10,1611,14,57,31,20,18.3693180084229,3,-101,28,589,107
34.7943199522945,0.675618385923564,236,1419.64001464844,49,14,14,14,10,1604,15,58,31,20,18.4121112823486,4,-106,36,682,108
34.8151532855945,0.675618385923564,208,1571.00756835938,48,14,14,14,10,1637,18,58,32,20,18.4522666931152,3,122,13,773,112
34.8214032855845,0.675618385923564,227,1469.70947265625,49,14,14,14,10,1593,17,58,31,21,18.456958770752,6,1,24,1165,101
34.4651532861547,0.673535052593564,278,1173.64416503906,36,14,14,14,10,1369,9,59,44,20,17.5691413879395,5,10,13,2744,106
34.5339032860446,0.673535052593564,199,1325.74523925781,41,14,14,14,10,1531,15,59,41,19,17.6817207336426,8,76,10,2066,95
34.5401532860346,0.673535052593564,191,1385.03686523438,44,14,14,14,10,1549,17,61,37,19,17.7122783660889,7,154,12,1736,97
34.6609866191746,0.673535052593564,175,1402.41589355469,46,14,14,14,10,1509,18,58,34,20,18.0659561157227,4,21,18,1151,108
34.6714032858246,0.673535052593564,256,1330.7158203125,45,14,14,14,10,1488,17,57,36,20,18.090633392334,3,-94,21,1406,109
34.7880699523045,0.673535052593564,215,1414.80212402344,49,14,14,14,10,1614,14,58,31,20,18.3969612121582,3,27,22,505,110
34.7943199522945,0.673535052593564,239,1419.64001464844,49,14,14,14,10,1604,15,58,31,20,18.4121112823486,4,-106,36,682,108
34.8193199522545,0.673535052593564,208,1469.70947265625,49,14,14,14,10,1593,17,58,31,21,18.456958770752,6,1,24,1165,101
34.4297366195447,0.671451719263564,258,1212.89892578125,38,14,14,14,10,1317,9,58,42,21,17.5047988891602,3,-107,24,2602,108
34.4589032861647,0.671451719263564,223,1177.76806640625,37,14,14,14,10,1368,9,58,42,21,17.5527439117432,2,28,7,2580,112
34.4714032861446,0.671451719263564,309,1154.30224609375,38,14,14,14,10,1358,10,57,42,20,17.5925178527832,2,-129,18,3034,104
34.4818199527946,0.671451719263564,281,1143.33435058594,38,14,14,14,10,1384,10,58,43,20,17.6090488433838,4,-59,16,2933,103
34.5109866194146,0.671451719263564,225,1201.18041992188,38,14,14,14,10,1427,16,58,43,18,17.6561946868896,7,-199,16,2828,99
34.5776532859746,0.671451719263564,220,1761.95544433594,47,14,14,14,10,1581,18,57,35,18,17.869758605957,4,103,19,1267,116
34.5797366193046,0.671451719263564,215,1761.95544433594,47,14,14,14,10,1581,18,57,35,18,17.869758605957,4,103,19,1267,116
34.6068199525946,0.671451719263564,192,1586.91027832031,44,14,14,14,10,1525,18,58,36,20,17.9107418060303,4,-73,26,1422,108
34.6443199525346,0.671451719263564,190,1557.11572265625,44,14,14,14,10,1509,17,58,36,20,18.0227146148682,1,-79,24,1127,111
34.7214032857445,0.671451719263564,260,1086.82165527344,45,14,14,14,10,1494,16,58,35,20,18.2182159423828,3,-30,16,1985,100
34.7776532856545,0.671451719263564,221,1480.8759765625,49,14,14,14,10,1617,14,57,31,20,18.3827171325684,2,-9,30,485,110
34.7839032856445,0.671451719263564,222,1480.8759765625,49,14,14,14,10,1617,14,57,31,20,18.3827171325684,2,-9,30,485,110
34.8172366189245,0.671451719263564,217,1571.00756835938,48,14,14,14,10,1637,18,58,32,20,18.4522666931152,3,122,13,773,112
34.8193199522545,0.671451719263564,219,1469.70947265625,49,14,14,14,10,1593,17,58,31,21,18.456958770752,6,1,24,1165,101
34.8339032855645,0.671451719263564,261,1284.767578125,49,14,14,14,10,1559,16,59,30,21,18.4606895446777,4,-158,32,1837,103
34.4755699528046,0.669368385933564,280,1154.30224609375,38,14,14,14,10,1358,10,57,42,20,17.5925178527832,2,-129,18,3034,104
34.5151532860746,0.669368385933564,261,1201.18041992188,38,14,14,14,10,1427,16,58,43,18,17.6561946868896,7,-199,16,2828,99
34.5234866193946,0.669368385933564,273,1255.21520996094,39,14,14,14,10,1499,15,58,43,18,17.6641445159912,7,26,15,2197,98
34.6776532858146,0.669368385933564,204,1336.64123535156,45,14,14,14,10,1513,17,57,34,20,18.1082096099854,1,43,15,1361,112
34.6964032857845,0.669368385933564,240,1283.4853515625,46,14,14,14,10,1499,17,58,34,21,18.1531505584717,2,-3,18,1706,112
34.7505699523645,0.669368385933564,183,1434.8994140625,46,15,15,15,10,1676,18,56,34,20,18.3226490020752,2,244,28,165,97
34.7964032856245,0.669368385933564,241,1419.64001464844,49,14,14,14,10,1604,15,58,31,20,18.4121112823486,4,-106,36,682,108
34.8068199522745,0.669368385933564,236,1515.40356445312,49,14,14,14,10,1637,14,58,31,20,18.4346523284912,2,70,20,518,108
34.4255699528847,0.667285052603564,233,1283.53247070312,37,14,14,14,10,1312,12,57,44,19,17.4612426757812,1,-121,17,2375,101
34.4401532861947,0.667285052603564,222,1160.99291992188,37,14,14,14,10,1326,10,57,43,20,17.504093170166,1,-42,12,2524,111
34.4422366195247,0.667285052603564,219,1160.99291992188,37,14,14,14,10,1326,10,57,43,20,17.504093170166,1,-42,12,2524,111
34.4776532861346,0.667285052603564,244,1165.44519042969,35,14,14,14,10,1387,10,58,46,19,17.5851440429688,3,-48,10,2880,105
34.4859866194546,0.667285052603564,234,1164.57751464844,35,14,14,14,10,1397,11,58,47,19,17.600887298584,5,-110,22,2793,100
34.5234866193946,0.667285052603564,275,1322.74438476562,41,14,14,14,10,1495,16,59,41,18,17.6384944915771,3,22,21,2337,100
34.5318199527146,0.667285052603564,234,1328.13024902344,42,14,14,14,10,1505,19,59,40,18,17.6608486175537,4,-28,7,2151,99
34.7776532856545,0.667285052603564,227,1531.22119140625,48,14,14,14,10,1606,15,57,32,20,18.3728580474854,4,-39,15,610,106
34.8026532856145,0.667285052603564,220,1468.57653808594,49,14,14,14,10,1617,18,58,31,20,18.4208889007568,3,-7,26,270,105
34.8068199522745,0.667285052603564,233,1468.57653808594,49,14,14,14,10,1617,18,58,31,20,18.4208889007568,3,-7,26,270,105
34.5109866194146,0.665201719273564,189,1288.82153320312,40,14,14,14,10,1488,15,58,42,18,17.6214866638184,8,129,18,2314,97
34.5443199526946,0.665201719273564,208,1397.88317871094,42,14,14,14,10,1501,17,59,39,19,17.7150001525879,5,-169,18,2398,99
34.6109866192546,0.665201719273564,182,1558.50854492188,45,14,14,14,10,1509,18,57,36,19,17.9143981933594,2,-98,16,1239,106
34.6172366192446,0.665201719273564,194,1558.50854492188,45,14,14,14,10,1509,18,57,36,19,17.9143981933594,2,-98,16,1239,106
34.6359866192146,0.665201719273564,167,1599.25439453125,44,14,14,14,10,1533,18,58,36,19,17.9913024902344,1,53,14,414,113
34.6443199525346,0.665201719273564,170,1572.54602050781,44,14,14,14,10,1512,16,58,36,19,18.0069847106934,3,-9,12,588,110
34.6922366191245,0.665201719273564,211,1347.32250976562,46,14,14,14,10,1509,16,57,34,20,18.1160926818848,2,65,23,1200,115
34.7026532857745,0.665201719273564,261,1179.06164550781,45,14,14,14,10,1470,16,59,34,20,18.1706504821777,1,-66,17,2052,112
34.7068199524345,0.665201719273564,278,1179.06164550781,45,14,14,14,10,1470,16,59,34,20,18.1706504821777,1,-66,17,2052,112
34.7297366190645,0.665201719273564,226,1129.2666015625,45,14,14,14,10,1528,16,58,35,20,18.2225494384766,4,41,15,1787,101
34.7339032857245,0.665201719273564,222,1129.2666015625,45,14,14,14,10,1528,16,58,35,20,18.2225494384766,4,41,15,1787,101
34.7693199523345,0.665201719273564,218,1632.05810546875,48,14,14,14,10,1613,16,57,32,20,18.3623447418213,3,-71,19,517,103
34.7776532856545,0.665201719273564,230,1531.22119140625,48,14,14,14,10,1606,15,57,32,20,18.3728580474854,4,-39,15,610,106
34.8359866188945,0.665201719273564,250,1153.26403808594,48,14,14,14,10,1551,14,58,30,21,18.4623413085938,2,-67,22,2071,103
34.4693199528147,0.663118385943564,214,1188.05554199219,35,14,14,14,10,1375,9,58,47,19,17.5636444091797,1,-26,15,2716,106
34.4755699528046,0.663118385943564,253,1188.05554199219,35,14,14,14,10,1375,9,58,47,19,17.5636444091797,1,-26,15,2716,106
34.4839032861246,0.663118385943564,247,1165.44519042969,35,14,14,14,10,1387,10,58,46,19,17.5851440429688,3,-48,10,2880,105
34.5047366194246,0.663118385943564,210,1231.43371582031,39,14,14,14,10,1477,14,57,45,17,17.6138648986816,5,87,15,2211,96
34.5068199527546,0.663118385943564,191,1231.43371582031,39,14,14,14,10,1477,14,57,45,17,17.6138648986816,5,87,15,2211,96
34.5318199527146,0.663118385943564,257,1328.13024902344,42,14,14,14,10,1505,19,59,40,18,17.6608486175537,4,-28,7,2151,99
34.6005699526046,0.663118385943564,210,1738.89599609375,47,14,14,14,10,1535,20,58,35,18,17.8864917755127,6,-55,14,1467,104
34.7339032857245,0.663118385943564,215,1129.2666015625,45,14,14,14,10,1528,16,58,35,20,18.2225494384766,4,41,15,1787,101
34.8109866189345,0.663118385943564,202,1566.84106445312,48,14,14,14,10,1640,17,58,32,20,18.4427814483643,2,123,19,0,110
34.8214032855845,0.663118385943564,222,1521.26647949219,48,14,14,14,10,1614,16,57,32,20,18.4526901245117,3,70,18,875,105
34.4943199527746,0.661035052613564,234,1185.73095703125,35,14,14,14,10,1430,12,57,46,19,17.6103401184082,6,-42,15,2537,98
34.5026532860946,0.661035052613564,225,1231.43371582031,39,14,14,14,10,1477,14,57,45,17,17.6138648986816,5,87,15,2211,96
34.5214032860646,0.661035052613564,227,1322.74438476562,41,14,14,14,10,1495,16,59,41,18,17.6384944915771,3,22,21,2337,100
34.5339032860446,0.661035052613564,260,1328.13024902344,42,14,14,14,10,1505,19,59,40,18,17.6608486175537,4,-28,7,2151,99
34.5464032860246,0.661035052613564,201,1397.88317871094,42,14,14,14,10,1501,17,59,39,19,17.7150001525879,5,-169,18,2398,99
34.5901532859546,0.661035052613564,195,1770.91931152344,48,14,14,14,10,1560,19,56,33,18,17.8700199127197,4,35,13,1343,108
34.6005699526046,0.661035052613564,187,1738.89599609375,47,14,14,14,10,1535,20,58,35,18,17.8864917755127,6,-55,14,1467,104
34.6359866192146,0.661035052613564,164,1599.25439453125,44,14,14,14,10,1533,18,58,36,19,17.9913024902344,1,53,14,414,113
34.6443199525346,0.661035052613564,168,1572.54602050781,44,14,14,14,10,1512,16,58,36,19,18.0069847106934,3,-9,12,588,110
34.7609866190145,0.661035052613564,204,1693.39221191406,48,14,14,14,10,1647,18,57,32,20,18.3581066131592,4,43,18,244,102
34.7818199523145,0.661035052613564,232,1531.22119140625,48,14,14,14,10,1606,15,57,32,20,18.3728580474854,4,-39,15,610,106
34.4276532862147,0.658951719283564,260,1195.67346191406,39,14,14,14,10,1320,12,57,41,20,17.4630279541016,3,-39,20,2487,110
34.5797366193046,0.658951719283564,207,1739.46057128906,45,14,14,14,10,1549,19,56,36,19,17.817440032959,5,-83,14,1774,101
34.5859866192946,0.658951719283564,211,1756.55004882812,46,14,14,14,10,1577,18,59,35,19,17.8503952026367,1,119,13,1179,106
34.6443199525346,0.658951719283564,166,1571.55200195312,44,14,14,14,10,1508,16,58,36,20,17.9904384613037,4,-16,18,247,109
34.6776532858146,0.658951719283564,211,1306.49475097656,44,14,14,14,10,1482,17,57,36,20,18.0903129577637,3,-54,22,719,109
34.7609866190145,0.658951719283564,200,1692.30554199219,48,14,14,14,10,1664,16,56,32,20,18.3509159088135,5,129,19,34,103
34.7984866189545,0.658951719283564,244,1388.81079101562,48,14,14,14,10,1587,13,58,32,20,18.3861618041992,3,-105,16,618,106
34.8234866189145,0.658951719283564,234,1505.8486328125,48,14,14,14,10,1612,16,58,32,20,18.4431819915771,7,103,16,497,105
34.4526532861747,0.656868385953564,228,1229.00244140625,36,14,14,14,10,1361,11,57,46,18,17.5064868927002,3,-46,15,2541,107
34.4901532861146,0.656868385953564,216,1221.23864746094,34,14,14,14,10,1417,12,57,48,18,17.5712070465088,4,-12,18,2491,100
34.5109866194146,0.656868385953564,206,1399.23693847656,40,14,14,14,10,1512,15,59,43,18,17.5972003936768,3,92,15,1881,98
34.5589032860046,0.656868385953564,257,1636.06225585938,44,14,14,14,10,1558,15,55,37,19,17.7562084197998,4,39,15,2020,94
34.5651532859946,0.656868385953564,233,1738.36254882812,46,14,14,14,10,1574,17,55,35,19,17.7828273773193,2,43,16,1947,102
34.6026532859346,0.656868385953564,167,1724.48315429688,44,14,14,14,10,1553,17,58,37,19,17.8913307189941,4,113,15,789,103
34.7255699524045,0.656868385953564,253,1098.50219726562,47,14,14,14,10,1488,17,58,33,20,18.1982669830322,3,14,19,2050,106
34.8193199522545,0.656868385953564,225,1505.8486328125,48,14,14,14,10,1612,16,58,32,20,18.4431819915771,7,103,16,497,105
34.5380699527046,0.654785052623564,235,1361.24169921875,44,14,14,14,10,1522,18,57,37,20,17.669189453125,6,46,10,2245,95
34.5464032860246,0.654785052623564,193,1473.17895507812,44,14,14,14,10,1548,18,56,37,19,17.713306427002,6,71,14,2082,93
34.5901532859546,0.654785052623564,166,1756.55004882812,46,14,14,14,10,1577,18,59,35,19,17.8503952026367,1,119,13,1179,106
34.5984866192746,0.654785052623564,160,1768.45544433594,46,14,14,14,10,1576,19,58,36,18,17.8761444091797,2,164,20,884,109
34.6297366192246,0.654785052623564,174,1537.49658203125,46,14,14,14,10,1520,18,56,34,20,17.9453067779541,4,12,16,331,105
34.6505699525246,0.654785052623564,205,1571.55200195312,44,14,14,14,10,1508,16,58,36,20,17.9904384613037,4,-16,18,247,109
34.7401532857145,0.654785052623564,240,1163.67712402344,44,14,14,14,10,1529,15,57,35,21,18.2323818206787,7,-82,17,1529,97
34.7734866189945,0.654785052623564,209,1696.12219238281,49,14,14,14,10,1623,13,57,32,20,18.3579711914062,3,-62,18,345,102
34.8318199522345,0.654785052623564,248,1334.77331542969,49,14,14,14,10,1591,16,59,31,20,18.4461860656738,5,48,22,1102,102
34.4214032862247,0.652701719293564,219,1218.29162597656,38,14,14,14,10,1300,9,57,43,19,17.4435806274414,3,-118,15,2563,107
34.4464032861847,0.652701719293564,206,1219.00744628906,39,14,14,14,10,1359,11,58,42,19,17.4921474456787,3,33,13,2417,108
34.5755699526446,0.652701719293564,263,1750.24658203125,46,14,14,14,10,1549,17,56,35,19,17.7970561981201,5,-81,14,1825,101
34.5943199526146,0.652701719293564,161,1768.45544433594,46,14,14,14,10,1576,19,58,36,18,17.8761444091797,2,164,20,884,109
34.7089032857645,0.652701719293564,285,1196.78173828125,44,14,14,14,10,1469,16,59,35,20,18.1594314575195,1,-30,18,1862,110
34.8089032856045,0.652701719293564,233,1430.40771484375,48,14,14,14,10,1606,14,58,32,20,18.4073162078857,4,-16,18,354,105
34.4401532861947,0.650618385963564,283,1267.18725585938,41,14,14,14,10,1340,11,56,41,19,17.453239440918,4,-33,20,2376,108
34.4818199527946,0.650618385963564,254,1316.96423339844,36,14,14,14,10,1417,12,57,47,17,17.5205707550049,6,-25,13,2078,101
34.5443199526946,0.650618385963564,247,1513.85400390625,45,14,14,14,10,1597,19,54,36,20,17.698070526123,7,207,16,1289,87
34.5630699526646,0.650618385963564,220,1814.4345703125,46,14,14,14,10,1578,15,54,35,19,17.7761650085449,7,102,6,1687,95
34.6255699525646,0.650618385963564,216,1588.96960449219,46,14,14,14,10,1509,17,57,35,20,17.9075832366943,5,8,17,568,104
34.6484866191946,0.650618385963564,189,1557.69409179688,43,14,14,14,10,1499,17,57,38,19,17.9759292602539,4,-13,17,-19,108
34.6943199524545,0.650618385963564,214,1320.93041992188,43,14,14,14,10,1484,16,58,37,20,18.1190395355225,3,39,16,923,113
34.7797366189845,0.650618385963564,212,1657.66162109375,50,14,14,14,10,1626,15,58,31,19,18.3579158782959,1,19,15,140,104
34.7859866189745,0.650618385963564,228,1529.1318359375,49,14,14,14,10,1614,15,59,32,20,18.3670387268066,4,89,17,334,105
34.6255699525646,0.648535052633564,186,1588.96960449219,46,14,14,14,10,1509,17,57,35,20,17.9075832366943,5,8,17,568,104
34.6839032858045,0.648535052633564,202,1298.05993652344,44,14,14,14,10,1478,16,57,37,19,18.0814361572266,3,-37,25,336,109
34.6859866191345,0.648535052633564,187,1334.47473144531,45,14,14,14,10,1497,17,57,35,19,18.0970821380615,2,72,19,55,111
34.4297366195447,0.646451719303564,298,1271.63110351562,40,14,14,14,10,1324,11,56,41,19,17.4347133636475,1,-46,44,2372,111
34.4672366194847,0.646451719303564,219,1279.20458984375,35,14,14,14,10,1419,12,58,49,17,17.4939041137695,5,84,18,1957,101
34.4839032861246,0.646451719303564,287,1316.96423339844,36,14,14,14,10,1417,12,57,47,17,17.5205707550049,6,-25,13,2078,101
34.4943199527746,0.646451719303564,235,1369.05859375,39,14,14,14,10,1473,14,56,44,17,17.5463180541992,10,16,16,1909,95
34.5505699526846,0.646451719303564,201,1513.85400390625,45,14,14,14,10,1597,19,54,36,20,17.698070526123,7,207,16,1289,87
34.5734866193146,0.646451719303564,242,1793.80187988281,46,14,14,14,10,1541,17,56,34,20,17.7844104766846,9,-91,13,1992,95
34.5943199526146,0.646451719303564,189,1720.3505859375,48,14,14,14,10,1553,19,56,34,19,17.8465366363525,3,74,13,930,102
34.6672366191646,0.646451719303564,199,1479.6494140625,46,14,14,14,10,1496,16,57,34,20,18.0253124237061,4,56,15,80,112
34.6839032858045,0.646451719303564,192,1298.05993652344,44,14,14,14,10,1478,16,57,37,19,18.0814361572266,3,-37,25,336,109
34.7026532857745,0.646451719303564,234,1215.49719238281,43,14,14,14,10,1463,18,59,37,20,18.1480255126953,0,-52,26,1801,111
34.7276532857345,0.646451719303564,252,1103.01501464844,44,14,14,14,10,1484,16,58,35,21,18.2058544158936,3,-39,34,2060,102
34.7318199523945,0.646451719303564,253,1103.01501464844,44,14,14,14,10,1484,16,58,35,21,18.2058544158936,3,-39,34,2060,102
34.7443199523745,0.646451719303564,229,1220.71887207031,46,14,14,14,10,1544,18,57,34,20,18.247241973877,10,-141,13,1389,94
34.7776532856545,0.646451719303564,206,1657.66162109375,50,14,14,14,10,1626,15,58,31,19,18.3579158782959,1,19,15,140,104
34.7818199523145,0.646451719303564,243,1657.66162109375,50,14,14,14,10,1626,15,58,31,19,18.3579158782959,1,19,15,140,104
34.4464032861847,0.644368385973564,192,1257.68200683594,39,14,14,14,10,1368,10,57,42,18,17.4697246551514,2,65,13,2182,109
34.4672366194847,0.644368385973564,232,1279.20458984375,35,14,14,14,10,1419,12,58,49,17,17.4939041137695,5,84,18,1957,101
34.5214032860646,0.644368385973564,175,1471.27258300781,40,14,14,14,10,1517,16,58,42,19,17.6013679504395,3,105,13,1621,107
34.5922366192846,0.644368385973564,187,1708.26843261719,45,14,14,14,10,1548,18,56,36,19,17.8177833557129,5,18,22,1293,99
34.7401532857145,0.644368385973564,243,1133.8505859375,44,14,14,14,10,1506,16,59,36,20,18.2194194793701,4,-85,15,1930,98
34.7547366190245,0.644368385973564,216,1419.48901367188,47,14,14,14,10,1635,20,55,33,20,18.2960014343262,12,71,15,347,91
34.7609866190145,0.644368385973564,210,1650.57995605469,47,14,14,14,10,1675,18,56,33,20,18.3383197784424,2,211,13,-105,101
34.7943199522945,0.644368385973564,236,1411.76416015625,48,14,14,14,10,1572,13,57,31,20,18.3758678436279,0,-89,20,669,104
34.8297366189045,0.644368385973564,249,1282.49462890625,49,14,14,14,10,1555,16,59,31,20,18.43310546875,4,-97,17,1294,100
34.8318199522345,0.644368385973564,266,1282.49462890625,49,14,14,14,10,1555,16,59,31,20,18.43310546875,4,-97,17,1294,100
34.3880699529447,0.642285052643564,328,1140.76184082031,41,14,14,14,10,1238,13,54,39,20,17.3318557739258,6,-218,21,2849,104
34.3922366196047,0.642285052643564,306,1140.76184082031,41,14,14,14,10,1238,13,54,39,20,17.3318557739258,6,-218,21,2849,104
34.4214032862247,0.642285052643564,224,1335.05834960938,37,14,14,14,10,1341,9,58,46,17,17.3864002227783,1,82,10,2037,113
34.4422366195247,0.642285052643564,208,1310.21142578125,40,14,14,14,10,1353,10,57,42,18,17.4313907623291,1,63,30,2117,118
34.4547366195047,0.642285052643564,266,1277.87353515625,38,14,14,14,10,1360,11,55,44,17,17.470573425293,4,-77,9,2284,103
34.4568199528347,0.642285052643564,251,1277.87353515625,38,14,14,14,10,1360,11,55,44,17,17.470573425293,4,-77,9,2284,103
34.4984866194346,0.642285052643564,237,1430.50012207031,37,14,14,14,10,1507,14,58,46,17,17.5259952545166,3,204,4,1109,98
34.5464032860246,0.642285052643564,285,1473.79553222656,43,14,14,14,10,1507,18,55,37,19,17.665397644043,15,-122,28,1761,89
34.6464032858646,0.642285052643564,178,1538.29321289062,44,14,14,14,10,1491,17,58,36,19,17.9632225036621,3,-27,13,55,109
34.6901532857945,0.642285052643564,226,1310.99194335938,45,14,14,14,10,1481,15,57,35,20,18.089542388916,2,20,23,161,110
34.7109866190945,0.642285052643564,284,1124.76928710938,44,14,14,14,10,1456,17,59,35,21,18.1619682312012,1,-31,43,2249,109
34.7339032857245,0.642285052643564,259,1099.35693359375,43,14,14,14,10,1473,15,59,36,21,18.1970233917236,1,-38,15,1981,102
34.7880699523045,0.642285052643564,220,1569.14123535156,49,13,13,13,10,1590,16,57,31,20,18.3541145324707,4,-68,17,447,102
34.7901532856345,0.642285052643564,219,1569.14123535156,49,13,13,13,10,1590,16,57,31,20,18.3541145324707,4,-68,17,447,102
34.3984866195947,0.640201719313564,235,1170.24914550781,39,14,14,14,10,1293,12,56,42,19,17.3421211242676,2,34,27,2429,105
34.4297366195447,0.640201719313564,262,1334.17407226562,38,14,14,14,10,1346,11,57,44,18,17.4081726074219,1,67,12,2116,117
34.5089032860846,0.640201719313564,192,1413.98583984375,38,14,14,14,10,1488,13,58,45,17,17.5503845214844,9,107,13,1083,95
34.5214032860646,0.640201719313564,203,1488.78344726562,41,14,14,14,10,1522,16,58,40,19,17.5840091705322,4,105,20,1180,103
34.6005699526046,0.640201719313564,172,1623.64453125,44,14,14,14,10,1532,18,56,38,19,17.8180313110352,3,65,12,972,103
34.6797366191445,0.640201719313564,233,1302.85437011719,43,14,14,14,10,1458,16,59,38,19,18.0716934204102,1,-89,30,451,111
34.7318199523945,0.640201719313564,256,1099.35693359375,43,14,14,14,10,1473,15,59,36,21,18.1970233917236,1,-38,15,1981,102
34.7818199523145,0.640201719313564,228,1688.65100097656,49,14,14,14,10,1597,16,56,31,20,18.3464088439941,2,-151,20,406,100
34.7984866189545,0.640201719313564,250,1440.31213378906,47,14,14,14,10,1581,13,58,32,20,18.3643913269043,4,-26,30,595,104
34.4380699528647,0.638118385983564,267,1310.21142578125,40,14,14,14,10,1353,10,57,42,18,17.4313907623291,1,63,30,2117,118
34.5193199527346,0.638118385983564,212,1488.78344726562,41,14,14,14,10,1522,16,58,40,19,17.5840091705322,4,105,20,1180,103
34.5214032860646,0.638118385983564,206,1488.78344726562,41,14,14,14,10,1522,16,58,40,19,17.5840091705322,4,105,20,1180,103
34.5422366193646,0.638118385983564,243,1413.29870605469,42,14,14,14,10,1465,17,56,38,20,17.63796043396,2,-187,30,1992,101
34.5464032860246,0.638118385983564,241,1473.79553222656,43,14,14,14,10,1507,18,55,37,19,17.665397644043,15,-122,28,1761,89
34.5505699526846,0.638118385983564,279,1473.79553222656,43,14,14,14,10,1507,18,55,37,19,17.665397644043,15,-122,28,1761,89
34.5630699526646,0.638118385983564,206,1784.98156738281,47,14,14,14,10,1611,17,54,35,19,17.7481689453125,5,245,21,1078,96
34.5922366192846,0.638118385983564,171,1649.80908203125,41,14,14,14,10,1507,17,58,39,20,17.7914237976074,3,-124,12,1435,98
34.6943199524545,0.638118385983564,213,1305.24633789062,44,14,14,14,10,1487,17,58,36,20,18.1094169616699,2,79,13,792,116
34.7193199524145,0.638118385983564,281,1093.8681640625,44,14,14,14,10,1459,16,58,35,21,18.1815547943115,2,-48,17,2211,104
34.8255699522445,0.638118385983564,241,1338.39318847656,50,14,14,14,10,1598,16,59,30,20,18.4140510559082,5,86,12,647,104
34.3943199529347,0.636035052653564,278,1170.24914550781,39,14,14,14,10,1293,12,56,42,19,17.3421211242676,2,34,27,2429,105
34.4151532862347,0.636035052653564,203,1298.98083496094,37,14,14,14,10,1328,10,57,46,17,17.3690929412842,2,66,13,2077,109
34.4589032861647,0.636035052653564,233,1277.87353515625,38,14,14,14,10,1360,11,55,44,17,17.470573425293,4,-77,9,2284,103
34.5505699526846,0.636035052653564,209,1473.79553222656,43,14,14,14,10,1507,18,55,37,19,17.665397644043,15,-122,28,1761,89
34.5672366193246,0.636035052653564,193,1784.98156738281,47,14,14,14,10,1611,17,54,35,19,17.7481689453125,5,245,21,1078,96
34.5734866193146,0.636035052653564,203,1801.09191894531,45,14,14,14,10,1594,18,57,36,19,17.7720623016357,5,249,16,1230,96
34.5776532859746,0.636035052653564,188,1728.8046875,42,14,14,14,10,1524,16,58,38,20,17.7769355773926,6,-29,11,1607,92
34.6380699525446,0.636035052653564,165,1532.47497558594,45,14,14,14,10,1516,18,58,36,19,17.9380836486816,1,64,21,-102,110
34.6651532858346,0.636035052653564,199,1518.54467773438,46,14,14,14,10,1495,15,57,34,20,18.0110836029053,4,57,37,88,112
34.7526532856945,0.636035052653564,213,1345.02624511719,46,14,14,14,10,1569,18,56,34,20,18.270076751709,12,-158,20,906,93
34.7901532856345,0.636035052653564,231,1569.14123535156,49,13,13,13,10,1590,16,57,31,20,18.3541145324707,4,-68,17,447,102
34.8026532856145,0.636035052653564,260,1372.04370117188,48,14,14,14,10,1577,13,58,32,20,18.3782482147217,3,-85,29,759,107
34.8068199522745,0.636035052653564,261,1372.04370117188,48,14,14,14,10,1577,13,58,32,20,18.3782482147217,3,-85,29,759,107
34.8193199522545,0.636035052653564,230,1338.39318847656,50,14,14,14,10,1598,16,59,30,20,18.4140510559082,5,86,12,647,104
34.4109866195747,0.633951719323564,218,1322.00866699219,36,14,14,14,10,1313,10,57,46,18,17.3515777587891,2,-17,17,2178,109
34.6443199525346,0.633951719323564,167,1518.04809570312,45,14,14,14,10,1488,16,58,36,19,17.9511566162109,4,-1,22,74,110
34.7547366190245,0.633951719323564,231,1293.89428710938,44,14,14,14,10,1556,22,55,36,20,18.2493286132812,17,-104,29,0,92
34.3984866195947,0.631868385993564,244,1290.96166992188,39,14,14,14,10,1293,10,58,43,18,17.3065319061279,0,22,14,2277,108
34.4130699529047,0.631868385993564,207,1322.00866699219,36,14,14,14,10,1313,10,57,46,18,17.3515777587891,2,-17,17,2178,109
34.4255699528847,0.631868385993564,214,1348.30578613281,36,14,14,14,10,1333,10,58,46,18,17.3703575134277,2,45,11,2058,110
34.5880699526246,0.631868385993564,196,1574.04418945312,41,14,14,14,10,1499,17,57,39,20,17.7748794555664,5,-101,12,1498,98
34.6005699526046,0.631868385993564,177,1519.20935058594,44,14,14,14,10,1507,20,55,37,19,17.7995014190674,5,42,21,986,100
34.6964032857845,0.631868385993564,206,1265.07763671875,44,14,14,14,10,1475,15,58,37,19,18.1014232635498,3,57,18,877,115
34.6984866191145,0.631868385993564,212,1265.07763671875,44,14,14,14,10,1475,15,58,37,19,18.1014232635498,3,57,18,877,115
34.7109866190945,0.631868385993564,280,1121.1806640625,45,14,14,14,10,1453,17,60,34,21,18.1511077880859,2,-39,31,2238,108
34.8068199522745,0.631868385993564,260,1355.736328125,47,14,14,14,10,1557,14,58,33,21,18.3657150268555,1,-60,22,1049,106
34.3922366196047,0.629785052663564,238,1297.91003417969,40,14,14,14,10,1285,12,56,43,18,17.2812023162842,7,48,22,2397,100
34.4318199528747,0.629785052663564,264,1348.24194335938,37,14,14,14,10,1335,9,57,45,17,17.3933277130127,3,18,12,2109,110
34.4464032861847,0.629785052663564,260,1292.3623046875,39,14,14,14,10,1332,10,56,43,18,17.4415397644043,4,-97,15,2379,105
34.4797366194646,0.629785052663564,231,1434.11889648438,35,14,14,14,10,1438,14,56,49,17,17.4823055267334,7,39,10,1256,100
34.5464032860246,0.629785052663564,259,1446.88513183594,41,14,14,14,10,1473,16,57,39,20,17.6472682952881,6,-163,14,1687,96
34.6234866192346,0.629785052663564,175,1632.06396484375,44,14,14,14,10,1506,18,57,37,19,17.8743133544922,4,31,15,330,106
34.6505699525246,0.629785052663564,215,1518.04809570312,45,14,14,14,10,1488,16,58,36,19,17.9511566162109,4,-1,22,74,110
34.7151532857545,0.629785052663564,265,1121.1806640625,45,14,14,14,10,1453,17,60,34,21,18.1511077880859,2,-39,31,2238,108
34.7255699524045,0.629785052663564,250,1099.7568359375,43,15,15,15,10,1461,16,59,36,21,18.1701908111572,1,-13,18,2112,106
34.7484866190345,0.629785052663564,217,1166.0263671875,45,14,14,14,10,1520,17,56,35,20,18.2139110565186,4,-26,19,477,99
34.7901532856345,0.629785052663564,214,1602.52954101562,48,14,14,14,10,1600,17,58,31,21,18.3454647064209,3,25,15,590,104
34.8047366189445,0.629785052663564,245,1355.736328125,47,14,14,14,10,1557,14,58,33,21,18.3657150268555,1,-60,22,1049,106
34.3943199529347,0.627701719333564,223,1290.96166992188,39,14,14,14,10,1293,10,58,43,18,17.3065319061279,0,22,14,2277,108
34.4797366194646,0.627701719333564,235,1434.11889648438,35,14,14,14,10,1438,14,56,49,17,17.4823055267334,7,39,10,1256,100
34.4901532861146,0.627701719333564,294,1443.10302734375,37,14,14,14,10,1444,14,56,45,17,17.4994831085205,7,-25,15,1300,99
34.5047366194246,0.627701719333564,292,1351.45275878906,39,14,14,14,10,1444,13,56,44,18,17.553897857666,8,-77,14,1198,92
34.5609866193346,0.627701719333564,181,1681.69860839844,41,14,14,14,10,1536,18,57,40,19,17.7005710601807,6,-11,8,1466,91
34.5984866192746,0.627701719333564,188,1519.20935058594,44,14,14,14,10,1507,20,55,37,19,17.7995014190674,5,42,21,986,100
34.6047366192646,0.627701719333564,195,1566.8525390625,44,14,14,14,10,1488,18,56,37,19,17.8254127502441,5,-119,19,1014,102
34.6922366191245,0.627701719333564,209,1283.30297851562,45,14,14,14,10,1472,16,58,36,19,18.0805015563965,3,-7,16,291,112
34.7380699523845,0.627701719333564,233,1125.46423339844,45,14,14,14,10,1495,17,58,35,20,18.1985187530518,3,9,33,1230,104
34.7901532856345,0.627701719333564,208,1602.52954101562,48,14,14,14,10,1600,17,58,31,21,18.3454647064209,3,25,15,590,104
34.7964032856245,0.627701719333564,214,1465.234375,47,14,14,14,10,1585,14,58,33,20,18.3556137084961,3,45,17,769,108
34.8151532855945,0.627701719333564,225,1298.22790527344,48,14,14,14,10,1581,14,58,31,21,18.3826808929443,2,45,23,889,109
34.3901532862747,0.625618386003564,210,1426.79248046875,34,14,14,14,10,1326,9,58,50,16,17.244047164917,3,191,3,1794,111
34.4714032861446,0.625618386003564,240,1362.28479003906,40,14,14,14,10,1400,13,55,43,17,17.4651966094971,4,47,16,1487,98
34.4776532861346,0.625618386003564,247,1392.15393066406,37,14,14,14,10,1404,12,57,46,17,17.4824295043945,3,-22,14,1313,98
34.6005699526046,0.625618386003564,202,1425.7373046875,43,14,14,14,10,1475,17,56,37,19,17.7904586791992,4,-45,18,1099,102
34.6214032859046,0.625618386003564,157,1643.80041503906,44,14,14,14,10,1507,18,58,37,19,17.8580951690674,3,46,15,247,106
34.6276532858946,0.625618386003564,191,1558.14379882812,43,14,14,14,10,1475,19,58,38,19,17.8895072937012,0,-73,16,396,106
34.7130699524245,0.625618386003564,247,1121.23913574219,45,14,14,14,10,1452,16,60,35,21,18.1396045684814,1,-19,19,2147,110
34.7568199523545,0.625618386003564,223,1243.98303222656,42,14,14,14,10,1523,18,57,38,20,18.227180480957,6,-156,18,1182,94
34.7589032856845,0.625618386003564,259,1243.98303222656,42,14,14,14,10,1523,18,57,38,20,18.227180480957,6,-156,18,1182,94
34.8005699522845,0.625618386003564,225,1458.96704101562,47,14,14,14,10,1581,15,58,33,21,18.3403186798096,4,31,17,891,103
34.3797366196247,0.623535052673564,258,1399.01171875,37,14,14,14,10,1320,10,58,47,16,17.22092628479,6,230,25,1974,103
34.4255699528847,0.623535052673564,256,1339.90356445312,38,14,14,14,10,1314,11,58,45,17,17.3558864593506,2,-6,12,2152,111
34.4839032861246,0.623535052673564,252,1392.15393066406,37,14,14,14,10,1404,12,57,46,17,17.4824295043945,3,-22,14,1313,98
34.5089032860846,0.623535052673564,270,1301.17822265625,40,14,14,14,10,1406,13,57,42,18,17.550271987915,5,-187,28,1486,94
34.5339032860446,0.623535052673564,185,1607.04016113281,39,14,14,14,10,1505,16,57,43,19,17.5709037780762,5,105,12,593,103
34.5797366193046,0.623535052673564,183,1566.73803710938,40,14,14,14,10,1500,16,58,40,20,17.7316207885742,5,36,14,1231,98
34.5964032859446,0.623535052673564,172,1425.7373046875,43,14,14,14,10,1475,17,56,37,19,17.7904586791992,4,-45,18,1099,102
34.6818199524745,0.623535052673564,249,1310.55676269531,44,14,14,14,10,1449,16,59,37,19,18.0479049682617,2,-43,18,585,112
34.7797366189845,0.623535052673564,204,1690.70959472656,45,14,14,14,10,1604,17,57,35,20,18.3295440673828,7,-20,18,575,94
34.7859866189745,0.623535052673564,216,1610.27172851562,46,14,14,14,10,1577,18,57,33,21,18.3323211669922,5,-116,19,892,99
34.8255699522445,0.623535052673564,240,1161.78503417969,45,14,14,14,10,1539,14,59,33,21,18.3789939880371,3,-37,13,1540,104
34.3818199529547,0.621451719343564,205,1399.01171875,37,14,14,14,10,1320,10,58,47,16,17.22092628479,6,230,25,1974,103
34.4214032862247,0.621451719343564,234,1339.90356445312,38,14,14,14,10,1314,11,58,45,17,17.3558864593506,2,-6,12,2152,111
34.4943199527746,0.621451719343564,294,1345.71936035156,40,14,14,14,10,1408,14,56,42,18,17.5247116088867,9,0,9,1000,92
34.5318199527146,0.621451719343564,161,1607.04016113281,39,14,14,14,10,1505,16,57,43,19,17.5709037780762,5,105,12,593,103
34.6234866192346,0.621451719343564,169,1643.80041503906,44,14,14,14,10,1507,18,58,37,19,17.8580951690674,3,46,15,247,106
34.6464032858646,0.621451719343564,180,1499.86389160156,42,14,14,14,10,1479,16,58,39,19,17.9402961730957,3,-18,17,108,110
34.4672366194847,0.619368386013564,349,1324.66479492188,39,14,14,14,10,1374,16,55,43,18,17.45556640625,13,-33,12,1896,99
34.5839032859646,0.619368386013564,195,1566.73803710938,40,14,14,14,10,1500,16,58,40,20,17.7316207885742,5,36,14,1231,98
34.6547366191846,0.619368386013564,176,1549.03112792969,44,14,14,14,10,1495,17,57,38,19,17.9618301391602,1,24,17,119,113
34.6859866191345,0.619368386013564,218,1246.08581542969,45,14,14,14,10,1464,16,58,36,19,18.0706920623779,3,10,16,738,113
34.6901532857945,0.619368386013564,212,1246.08581542969,45,14,14,14,10,1464,16,58,36,19,18.0706920623779,3,10,16,738,113
34.7630699523445,0.619368386013564,221,1424.89050292969,42,15,15,15,10,1634,23,56,37,21,18.2730464935303,24,34,68,400,86
34.7693199523345,0.619368386013564,248,1621.26477050781,44,14,14,14,10,1666,18,57,36,21,18.3162117004395,7,361,28,-77,90
34.8005699522845,0.619368386013564,230,1458.96704101562,47,14,14,14,10,1581,15,58,33,21,18.3403186798096,4,31,17,891,103
34.8109866189345,0.619368386013564,208,1223.72094726562,45,14,14,14,10,1568,15,58,34,20,18.3652057647705,3,68,15,1090,106
34.3859866196147,0.617285052683564,211,1397.27453613281,33,14,14,14,10,1310,9,57,51,16,17.2307987213135,3,123,6,1892,105
34.4047366195847,0.617285052683564,236,1359.50903320312,36,14,14,14,10,1300,11,58,46,18,17.2860164642334,2,5,12,2232,114
34.4464032861847,0.617285052683564,261,1277.3271484375,36,14,14,14,10,1318,9,56,46,18,17.411642074585,3,-44,13,2370,107
34.5464032860246,0.617285052683564,201,1542.17297363281,42,14,14,14,10,1445,17,55,38,20,17.6162204742432,2,-133,21,1288,100
34.6193199525746,0.617285052683564,162,1656.89697265625,45,14,14,14,10,1503,18,56,37,18,17.8418045043945,3,45,15,263,109
34.6797366191445,0.617285052683564,229,1281.30505371094,43,14,14,14,10,1446,16,59,38,19,18.0376110076904,2,-43,14,689,113
34.7859866189745,0.617285052683564,184,1572.92993164062,45,14,14,14,10,1592,16,58,35,20,18.3206119537354,3,37,14,818,96
34.8026532856145,0.617285052683564,240,1260.9921875,47,14,14,14,10,1535,15,58,32,21,18.3337821960449,3,-32,17,1519,104
34.8151532855945,0.617285052683564,212,1170.21850585938,46,14,14,14,10,1519,14,58,33,21,18.3485431671143,2,-124,19,1686,106
34.4589032861647,0.615201719353564,272,1262.10070800781,37,14,14,14,10,1325,11,56,45,18,17.43332862854,2,-19,14,2261,105
34.4672366194847,0.615201719353564,270,1269.25903320312,37,14,14,14,10,1341,10,57,46,18,17.452564239502,4,-27,8,2064,101
34.5109866194146,0.615201719353564,273,1362.53540039062,43,14,14,14,10,1471,15,54,39,18,17.5390281677246,10,156,14,250,93
34.5484866193546,0.615201719353564,207,1542.17297363281,42,14,14,14,10,1445,17,55,38,20,17.6162204742432,2,-133,21,1288,100
34.5880699526246,0.615201719353564,183,1377.53967285156,42,14,14,14,10,1463,16,57,39,19,17.7529888153076,5,10,16,1202,101
34.5901532859546,0.615201719353564,183,1377.53967285156,42,14,14,14,10,1463,16,57,39,19,17.7529888153076,5,10,16,1202,101
34.6172366192446,0.615201719353564,164,1592.24914550781,44,14,14,14,10,1509,16,55,37,19,17.8181056976318,2,54,16,281,104
34.6797366191445,0.615201719353564,234,1281.30505371094,43,14,14,14,10,1446,16,59,38,19,18.0376110076904,2,-43,14,689,113
34.7818199523145,0.615201719353564,175,1606.99768066406,44,15,15,15,10,1636,18,56,36,21,18.3158798217773,8,297,33,341,99
34.7922366189645,0.615201719353564,182,1572.92993164062,45,14,14,14,10,1592,16,58,35,20,18.3206119537354,3,37,14,818,96
34.8026532856145,0.615201719353564,216,1260.9921875,47,14,14,14,10,1535,15,58,32,21,18.3337821960449,3,-32,17,1519,104
34.4026532862547,0.613118386023564,220,1359.50903320312,36,14,14,14,10,1300,11,58,46,18,17.2860164642334,2,5,12,2232,114
34.4547366195047,0.613118386023564,291,1262.10070800781,37,14,14,14,10,1325,11,56,45,18,17.43332862854,2,-19,14,2261,105
34.4734866194746,0.613118386023564,282,1289.20581054688,38,14,14,14,10,1354,11,56,45,17,17.4705753326416,7,-50,14,1893,99
34.4776532861346,0.613118386023564,279,1318.73596191406,39,14,14,14,10,1371,13,56,45,17,17.4866142272949,7,-106,15,1711,99
34.4880699527846,0.613118386023564,259,1331.65612792969,39,14,14,14,10,1391,14,55,44,18,17.4987735748291,7,-5,21,1319,96
34.5089032860846,0.613118386023564,355,1273.33654785156,40,14,14,14,10,1386,16,55,42,18,17.5430526733398,7,-192,21,1422,94
34.5714032859846,0.613118386023564,190,1480.23815917969,42,14,14,14,10,1461,16,57,38,20,17.6960716247559,2,-39,13,1524,99
34.5839032859646,0.613118386023564,196,1443.74072265625,43,14,14,14,10,1503,18,57,38,19,17.7229480743408,2,101,12,984,100
34.6818199524745,0.613118386023564,253,1281.30505371094,43,14,14,14,10,1446,16,59,38,19,18.0376110076904,2,-43,14,689,113
34.7047366191045,0.613118386023564,296,1147.09118652344,45,14,14,14,10,1446,16,62,34,21,18.1064739227295,1,-42,30,2062,108
34.7172366190845,0.613118386023564,242,1140.44348144531,43,14,14,14,10,1454,17,59,37,20,18.1254005432129,3,-28,12,2117,114
34.3922366196047,0.611035052693564,215,1397.27453613281,33,14,14,14,10,1310,9,57,51,16,17.2307987213135,3,123,6,1892,105
34.4005699529247,0.611035052693564,232,1381.79565429688,35,14,14,14,10,1289,11,57,47,18,17.2605609893799,1,-36,12,2159,109
34.4068199529147,0.611035052693564,221,1359.50903320312,36,14,14,14,10,1300,11,58,46,18,17.2860164642334,2,5,12,2232,114
34.4089032862447,0.611035052693564,214,1359.50903320312,36,14,14,14,10,1300,11,58,46,18,17.2860164642334,2,5,12,2232,114
34.4318199528747,0.611035052693564,298,1333.09228515625,36,14,14,14,10,1316,11,57,47,17,17.3604907989502,2,21,13,2223,113
34.5047366194246,0.611035052693564,338,1273.33654785156,40,14,14,14,10,1386,16,55,42,18,17.5430526733398,7,-192,21,1422,94
34.5318199527146,0.611035052693564,190,1633.8125,39,13,13,13,10,1510,15,56,43,18,17.556324005127,3,114,9,35,101
34.5797366193046,0.611035052693564,190,1443.74072265625,43,14,14,14,10,1503,18,57,38,19,17.7229480743408,2,101,12,984,100
34.5859866192946,0.611035052693564,177,1377.53967285156,42,14,14,14,10,1463,16,57,39,19,17.7529888153076,5,10,16,1202,101
34.6297366192246,0.611035052693564,189,1585.50061035156,44,14,14,14,10,1474,17,58,38,19,17.8737602233887,4,-41,14,363,107
34.6318199525546,0.611035052693564,187,1585.50061035156,44,14,14,14,10,1474,17,58,38,19,17.8737602233887,4,-41,14,363,107
34.6464032858646,0.611035052693564,215,1496.38659667969,42,14,14,14,10,1468,16,58,39,19,17.9286289215088,3,-84,19,283,111
34.6589032858446,0.611035052693564,165,1555.94482421875,42,14,14,14,10,1495,16,58,39,19,17.9485931396484,1,54,21,80,114
34.6776532858146,0.611035052693564,227,1281.30505371094,43,14,14,14,10,1446,16,59,38,19,18.0376110076904,2,-43,14,689,113
34.7276532857345,0.611035052693564,225,1157.81115722656,43,14,14,14,10,1462,16,60,38,20,18.1626758575439,1,-74,22,1844,106
34.7734866189945,0.611035052693564,262,1485.59423828125,40,14,14,14,10,1612,18,55,39,21,18.2805652618408,22,-18,34,530,88
34.3943199529347,0.608951719363564,239,1339.91381835938,36,14,14,14,10,1283,10,57,47,17,17.243522644043,2,-39,16,2267,112
34.4297366195447,0.608951719363564,304,1320.25732421875,38,14,14,14,10,1309,11,57,44,18,17.3442878723145,3,35,12,2177,114
34.4380699528647,0.608951719363564,292,1290.00805664062,37,14,14,14,10,1301,9,58,45,18,17.3715171813965,3,-19,14,2250,109
34.4526532861747,0.608951719363564,278,1225.72216796875,38,14,14,14,10,1308,8,58,44,18,17.4209442138672,2,-28,10,2317,107
34.4547366195047,0.608951719363564,284,1225.72216796875,38,14,14,14,10,1308,8,58,44,18,17.4209442138672,2,-28,10,2317,107
34.4630699528247,0.608951719363564,289,1219.49975585938,37,14,14,14,10,1317,9,56,45,17,17.4435062408447,4,-43,14,2194,104
34.4797366194646,0.608951719363564,278,1271.828125,39,14,14,14,10,1336,12,56,44,18,17.4777317047119,3,-108,17,1896,101
34.4901532861146,0.608951719363564,265,1289.06628417969,39,14,14,14,10,1373,14,56,43,18,17.4906387329102,4,28,13,1542,101
34.6193199525746,0.608951719363564,167,1676.42602539062,46,14,14,14,10,1516,18,55,36,18,17.8269653320312,1,111,15,92,112
34.6276532858946,0.608951719363564,163,1619.4443359375,47,14,14,14,10,1493,19,57,34,19,17.8578987121582,4,41,33,141,106
34.7359866190545,0.608951719363564,241,1243.27014160156,42,14,14,14,10,1486,17,57,37,20,18.1608600616455,4,-25,27,1605,108
34.7526532856945,0.608951719363564,203,1276.51123046875,41,14,14,14,10,1520,16,59,39,20,18.1979904174805,1,44,10,1493,107
34.7776532856545,0.608951719363564,223,1458.95935058594,42,15,15,15,10,1646,18,58,37,21,18.2847652435303,11,413,10,97,85
34.7901532856345,0.608951719363564,184,1462.84326171875,44,15,15,15,10,1555,18,57,35,21,18.3017959594727,8,73,14,1279,92
34.3880699529447,0.606868386033564,223,1304.02661132812,34,14,14,14,10,1280,9,58,49,17,17.222635269165,4,-30,8,2203,108
34.4068199529147,0.606868386033564,212,1358.74548339844,35,14,14,14,10,1304,12,58,47,18,17.2651824951172,1,47,17,2110,114
34.4443199528547,0.606868386033564,305,1253.57958984375,38,14,14,14,10,1314,10,56,45,18,17.3954982757568,1,11,13,2283,110
34.4880699527846,0.606868386033564,278,1289.06628417969,39,14,14,14,10,1373,14,56,43,18,17.4906387329102,4,28,13,1542,101
34.4964032861046,0.606868386033564,275,1260.56701660156,39,14,14,14,10,1373,13,56,43,17,17.5126972198486,7,50,28,1396,101
34.5234866193946,0.606868386033564,178,1472.80725097656,40,14,14,14,10,1477,16,56,43,17,17.5335750579834,2,130,13,345,98
34.5359866193746,0.606868386033564,155,1616.92224121094,41,14,14,14,10,1498,17,55,40,19,17.5696640014648,2,148,12,75,103
34.5568199526746,0.606868386033564,199,1487.15124511719,44,14,14,14,10,1437,17,56,36,20,17.6316909790039,2,-83,11,1414,103
34.5714032859846,0.606868386033564,168,1381.09631347656,44,14,14,14,10,1457,16,57,37,20,17.6888751983643,4,38,14,1313,103
34.6005699526046,0.606868386033564,189,1320.47705078125,41,14,14,14,10,1453,16,56,39,20,17.7689762115479,4,-95,20,1131,103
34.6068199525946,0.606868386033564,193,1419.40625,43,14,14,14,10,1461,15,56,38,19,17.7881641387939,2,-113,12,812,102
34.6422366192046,0.606868386033564,233,1510.81567382812,45,14,14,14,10,1462,16,59,37,18,17.8915042877197,2,-90,21,401,108
34.4026532862547,0.604785052703564,226,1358.74548339844,35,14,14,14,10,1304,12,58,47,18,17.2651824951172,1,47,17,2110,114
34.4401532861947,0.604785052703564,309,1290.00805664062,37,14,14,14,10,1301,9,58,45,18,17.3715171813965,3,-19,14,2250,109
34.4651532861547,0.604785052703564,315,1219.49975585938,37,14,14,14,10,1317,9,56,45,17,17.4435062408447,4,-43,14,2194,104
34.4672366194847,0.604785052703564,320,1219.49975585938,37,14,14,14,10,1317,9,56,45,17,17.4435062408447,4,-43,14,2194,104
34.4880699527846,0.604785052703564,265,1289.06628417969,39,14,14,14,10,1373,14,56,43,18,17.4906387329102,4,28,13,1542,101
34.5255699527246,0.604785052703564,175,1472.80725097656,40,14,14,14,10,1477,16,56,43,17,17.5335750579834,2,130,13,345,98
34.5589032860046,0.604785052703564,208,1487.15124511719,44,14,14,14,10,1437,17,56,36,20,17.6316909790039,2,-83,11,1414,103
34.5630699526646,0.604785052703564,185,1424.8837890625,44,14,14,14,10,1443,19,56,36,20,17.6626567840576,4,-71,22,1444,102
34.5880699526246,0.604785052703564,181,1303.55236816406,43,14,14,14,10,1449,18,57,38,19,17.7454090118408,4,-27,11,1119,102
34.6255699525646,0.604785052703564,177,1676.42602539062,46,14,14,14,10,1516,18,55,36,18,17.8269653320312,1,111,15,92,112
34.6568199525146,0.604785052703564,176,1563.61169433594,42,13,13,13,10,1489,16,57,39,19,17.935474395752,2,81,10,119,125
34.7047366191045,0.604785052703564,274,1168.57629394531,44,14,14,14,10,1448,17,59,36,20,18.0921859741211,1,-44,18,1997,114
34.7464032857045,0.604785052703564,208,1263.75659179688,42,14,14,14,10,1494,16,58,38,20,18.1792087554932,4,-54,18,1623,108
34.7880699523045,0.604785052703564,216,1462.84326171875,44,15,15,15,10,1555,18,57,35,21,18.3017959594727,8,73,14,1279,92
34.7984866189545,0.604785052703564,221,1335.36657714844,44,14,14,14,10,1532,15,57,35,21,18.3047752380371,5,-101,13,1479,99
34.4443199528547,0.602701719373564,278,1253.57958984375,38,14,14,14,10,1314,10,56,45,18,17.3954982757568,1,11,13,2283,110
34.4734866194746,0.602701719373564,296,1237.87939453125,38,14,14,14,10,1316,9,58,44,18,17.4627513885498,1,-118,15,2110,102
34.4859866194546,0.602701719373564,272,1289.06628417969,39,14,14,14,10,1373,14,56,43,18,17.4906387329102,4,28,13,1542,101
34.5151532860746,0.602701719373564,202,1332.50329589844,42,14,14,14,10,1432,17,54,40,17,17.531909942627,10,-4,12,1041,93
34.5464032860246,0.602701719373564,151,1569.24621582031,41,14,14,14,10,1471,17,56,39,19,17.5986995697021,3,55,16,835,103
34.5818199526346,0.602701719373564,193,1336.96643066406,43,14,14,14,10,1446,18,57,38,19,17.7186412811279,4,-55,7,1265,100
34.5922366192846,0.602701719373564,196,1303.55236816406,43,14,14,14,10,1449,18,57,38,19,17.7454090118408,4,-27,11,1119,102
34.6714032858246,0.602701719373564,185,1393.23657226562,45,13,13,13,10,1462,16,56,36,19,17.9964733123779,3,32,12,482,113
34.6839032858045,0.602701719373564,273,1247.69641113281,44,14,14,14,10,1440,17,61,36,20,18.0262241363525,0,-49,19,947,114
34.6859866191345,0.602701719373564,272,1182.80004882812,45,14,14,14,10,1443,16,63,35,20,18.0503330230713,1,-21,16,1304,114
34.7714032856645,0.602701719373564,212,1354.39147949219,39,14,14,14,10,1529,22,56,40,20,18.2468757629395,10,-171,17,1490,91
34.7797366189845,0.602701719373564,279,1458.95935058594,42,15,15,15,10,1646,18,58,37,21,18.2847652435303,11,413,10,97,85
34.5714032859846,0.600618386043564,181,1327.99841308594,43,14,14,14,10,1441,18,57,37,20,17.6791496276855,2,9,4,1195,105
34.5734866193146,0.600618386043564,174,1327.99841308594,43,14,14,14,10,1441,18,57,37,20,17.6791496276855,2,9,4,1195,105
34.6151532859146,0.600618386043564,179,1607.09777832031,44,14,14,14,10,1504,16,54,38,19,17.7867603302002,4,34,19,210,102
34.6297366192246,0.600618386043564,193,1642.9130859375,47,14,14,14,10,1482,18,58,35,18,17.8426570892334,4,-2,20,200,105
34.7151532857545,0.600618386043564,250,1229.53686523438,43,14,14,14,10,1458,16,58,37,20,18.0955257415771,1,-65,17,1923,113
34.3922366196047,0.598535052713564,284,1295.89367675781,38,14,14,14,10,1269,10,59,44,18,17.1984996795654,1,-13,18,2401,115
34.3984866195947,0.598535052713564,252,1335.11743164062,36,14,14,14,10,1281,10,58,47,17,17.2211017608643,2,-2,11,2305,115
34.4151532862347,0.598535052713564,245,1352.06604003906,36,14,14,14,10,1284,11,58,47,18,17.2735176086426,2,-43,13,2291,114
34.4443199528547,0.598535052713564,266,1224.59008789062,37,14,14,14,10,1307,8,58,45,17,17.3792667388916,2,50,8,2211,113
34.4839032861246,0.598535052713564,265,1255.60876464844,40,14,14,14,10,1346,12,56,42,18,17.4619693756104,3,26,17,1806,107
34.4984866194346,0.598535052713564,244,1219.72534179688,37,14,14,14,10,1349,11,56,45,18,17.5062522888184,3,-41,8,1620,100
34.5130699527446,0.598535052713564,239,1283.1240234375,42,14,14,14,10,1398,16,54,40,18,17.5299777984619,8,-63,15,1198,95
34.5484866193546,0.598535052713564,173,1526.93151855469,41,14,14,14,10,1463,17,56,40,20,17.5899410247803,2,55,16,727,103
34.5672366193246,0.598535052713564,178,1403.55944824219,44,14,14,14,10,1425,19,57,36,20,17.6489238739014,1,-87,39,1424,105
34.6047366192646,0.598535052713564,177,1475.7626953125,43,14,14,14,10,1465,16,55,38,19,17.7667751312256,3,-64,17,722,103
34.6109866192546,0.598535052713564,176,1607.09777832031,44,14,14,14,10,1504,16,54,38,19,17.7867603302002,4,34,19,210,102
34.7214032857445,0.598535052713564,208,1257.29077148438,44,14,14,14,10,1486,16,57,36,20,18.110897064209,4,5,43,1700,110
34.7693199523345,0.598535052713564,220,1260.83581542969,39,14,14,14,10,1489,13,60,40,20,18.2337589263916,2,-133,19,1844,98
34.7922366189645,0.598535052713564,206,1293.98901367188,44,14,14,14,10,1575,20,56,35,21,18.2775173187256,12,190,11,941,91
34.8005699522845,0.598535052713564,265,1219.72875976562,46,14,14,14,10,1507,19,56,33,21,18.2921752929688,12,24,28,1918,98
34.3797366196247,0.596451719383564,264,1264.03625488281,39,14,14,14,10,1261,12,57,43,19,17.1748638153076,4,-6,15,2517,110
34.3859866196147,0.596451719383564,252,1295.89367675781,38,14,14,14,10,1269,10,59,44,18,17.1984996795654,1,-13,18,2401,115
34.3964032862647,0.596451719383564,269,1335.11743164062,36,14,14,14,10,1281,10,58,47,17,17.2211017608643,2,-2,11,2305,115
34.4297366195447,0.596451719383564,304,1296.634765625,37,14,14,14,10,1288,9,57,46,18,17.3285388946533,3,-29,10,2321,112
34.4464032861847,0.596451719383564,254,1224.59008789062,37,14,14,14,10,1307,8,58,45,17,17.3792667388916,2,50,8,2211,113
34.4484866195147,0.596451719383564,245,1224.59008789062,37,14,14,14,10,1307,8,58,45,17,17.3792667388916,2,50,8,2211,113
34.4901532861146,0.596451719383564,244,1254.28491210938,39,14,14,14,10,1364,11,56,43,18,17.4803047180176,3,75,25,1535,105
34.5109866194146,0.596451719383564,279,1283.1240234375,42,14,14,14,10,1398,16,54,40,18,17.5299777984619,8,-63,15,1198,95
34.5714032859846,0.596451719383564,177,1327.99841308594,43,14,14,14,10,1441,18,57,37,20,17.6791496276855,2,9,4,1195,105
34.5943199526146,0.596451719383564,169,1366.46179199219,43,14,14,14,10,1464,16,56,38,19,17.7465591430664,4,7,15,861,102
34.6193199525746,0.596451719383564,173,1692.02160644531,45,14,14,14,10,1515,17,55,37,19,17.8114814758301,3,127,12,-39,108
34.6234866192346,0.596451719383564,180,1692.02160644531,45,14,14,14,10,1515,17,55,37,19,17.8114814758301,3,127,12,-39,108
34.6401532858746,0.596451719383564,260,1530.31115722656,44,14,14,14,10,1456,16,59,38,18,17.8776473999023,3,-120,16,460,108
34.6589032858446,0.596451719383564,190,1556.60241699219,45,13,13,13,10,1486,16,57,37,19,17.9234676361084,1,77,11,238,118
34.7255699524045,0.596451719383564,184,1257.29077148438,44,14,14,14,10,1486,16,57,36,20,18.110897064209,4,5,43,1700,110
34.7401532857145,0.596451719383564,178,1327.044921875,41,14,14,14,10,1511,15,59,38,21,18.1447353363037,0,70,21,1412,114
34.7734866189945,0.596451719383564,201,1260.83581542969,39,14,14,14,10,1489,13,60,40,20,18.2337589263916,2,-133,19,1844,98
34.7901532856345,0.596451719383564,246,1293.98901367188,44,14,14,14,10,1575,20,56,35,21,18.2775173187256,12,190,11,941,91
34.7922366189645,0.596451719383564,214,1293.98901367188,44,14,14,14,10,1575,20,56,35,21,18.2775173187256,12,190,11,941,91
34.3880699529447,0.594368386053564,277,1295.89367675781,38,14,14,14,10,1269,10,59,44,18,17.1984996795654,1,-13,18,2401,115
34.4047366195847,0.594368386053564,223,1355.1591796875,35,14,14,14,10,1292,10,58,48,17,17.2461071014404,2,27,8,2188,117
34.4359866195347,0.594368386053564,266,1258.2978515625,37,14,14,14,10,1296,10,56,46,17,17.3541564941406,3,-19,24,2368,112
34.4880699527846,0.594368386053564,208,1254.28491210938,39,14,14,14,10,1364,11,56,43,18,17.4803047180176,3,75,25,1535,105
34.5130699527446,0.594368386053564,251,1283.1240234375,42,14,14,14,10,1398,16,54,40,18,17.5299777984619,8,-63,15,1198,95
34.5818199526346,0.594368386053564,226,1286.32409667969,43,14,14,14,10,1422,18,56,37,20,17.7080135345459,1,-101,17,1320,104
34.5901532859546,0.594368386053564,192,1298.900390625,43,14,14,14,10,1433,18,56,38,19,17.7292671203613,5,-99,14,1195,103
34.5964032859446,0.594368386053564,150,1366.46179199219,43,14,14,14,10,1464,16,56,38,19,17.7465591430664,4,7,15,861,102
34.6109866192546,0.594368386053564,173,1607.09777832031,44,14,14,14,10,1504,16,54,38,19,17.7867603302002,4,34,19,210,102
34.6214032859046,0.594368386053564,166,1692.02160644531,45,14,14,14,10,1515,17,55,37,19,17.8114814758301,3,127,12,-39,108
34.7276532857345,0.594368386053564,194,1290.4736328125,42,14,14,14,10,1505,14,59,38,21,18.1254692077637,1,84,13,1434,113
34.4443199528547,0.592285052723564,257,1185.96618652344,39,14,14,14,10,1284,11,57,43,18,17.3651657104492,2,-35,13,2274,109
34.4505699528447,0.592285052723564,283,1185.96618652344,39,14,14,14,10,1284,11,57,43,18,17.3651657104492,2,-35,13,2274,109
34.4943199527746,0.592285052723564,220,1172.64416503906,39,14,14,14,10,1325,14,56,44,17,17.496976852417,3,-71,13,1875,101
34.6318199525546,0.592285052723564,175,1636.88391113281,45,14,14,14,10,1492,19,58,36,19,17.826868057251,3,70,16,88,109
34.6380699525446,0.592285052723564,187,1533.54406738281,44,14,14,14,10,1467,18,57,36,19,17.862398147583,4,-15,12,349,106
34.6505699525246,0.592285052723564,174,1508.96264648438,45,14,14,14,10,1461,15,56,37,19,17.8904514312744,4,-86,18,522,111
34.4234866195547,0.590201719393564,249,1301.84008789062,38,14,14,14,10,1292,11,57,44,18,17.2805976867676,2,53,12,2188,118
34.5464032860246,0.590201719393564,187,1450.71594238281,40,14,14,14,10,1430,16,56,41,20,17.5841484069824,2,-70,17,874,104
34.7859866189745,0.590201719393564,234,1142.96325683594,42,14,14,14,10,1483,24,58,36,22,18.2725353240967,4,-36,19,1942,94
34.4089032862447,0.588118386063564,257,1345.693359375,37,14,14,14,10,1279,10,60,45,18,17.2271347045898,2,-1,7,2277,116
34.4589032861647,0.588118386063564,201,1184.59094238281,40,14,14,14,10,1297,12,57,42,18,17.3880043029785,3,-31,13,2307,109
34.5089032860846,0.588118386063564,227,1175.12451171875,41,14,14,14,10,1355,14,55,41,19,17.5131340026855,5,-28,17,1688,100
34.5172366194046,0.588118386063564,185,1223.78601074219,40,14,14,14,10,1394,15,54,41,19,17.5227355957031,4,46,11,1311,98
34.5276532860546,0.588118386063564,217,1358.37048339844,41,14,14,14,10,1410,15,55,41,19,17.5489597320557,7,-130,16,909,98
34.5401532860346,0.588118386063564,182,1419.81762695312,39,14,14,14,10,1434,17,58,42,19,17.5618171691895,2,7,13,757,104
34.6172366192446,0.588118386063564,165,1606.17114257812,43,14,14,14,10,1497,15,56,39,19,17.7735900878906,4,52,12,107,106
34.6505699525246,0.588118386063564,198,1508.96264648438,45,14,14,14,10,1461,15,56,37,19,17.8904514312744,4,-86,18,522,111
34.6693199524946,0.588118386063564,374,1308.08959960938,49,14,14,14,10,1439,20,59,31,20,17.9759845733643,1,-52,16,1042,114
34.6755699524846,0.588118386063564,282,1308.08959960938,49,14,14,14,10,1439,20,59,31,20,17.9759845733643,1,-52,16,1042,114
34.7089032857645,0.588118386063564,213,1264.28540039062,45,14,14,14,10,1473,15,57,35,20,18.0600490570068,1,34,13,1637,120
34.7630699523445,0.588118386063564,234,1319.650390625,41,14,14,14,10,1483,13,59,39,21,18.2048683166504,3,-82,15,1875,105
34.3839032862847,0.586035052733564,263,1353.07104492188,43,14,14,14,10,1276,10,57,39,18,17.1442127227783,2,59,16,2223,120
34.4089032862447,0.586035052733564,261,1345.693359375,37,14,14,14,10,1279,10,60,45,18,17.2271347045898,2,-1,7,2277,116
34.4172366195647,0.586035052733564,225,1331.34704589844,36,14,14,14,10,1290,11,58,45,19,17.2532520294189,2,19,15,2302,115
34.4839032861246,0.586035052733564,217,1218.46740722656,37,14,14,14,10,1320,13,57,46,18,17.4513339996338,3,-47,17,1986,107
34.5005699527646,0.586035052733564,271,1172.64416503906,39,14,14,14,10,1325,14,56,44,17,17.496976852417,3,-71,13,1875,101
34.5609866193346,0.586035052733564,158,1405.52282714844,42,14,14,14,10,1436,18,56,39,20,17.6309432983398,3,33,33,944,111
34.6339032858846,0.586035052733564,164,1636.88391113281,45,14,14,14,10,1492,19,58,36,19,17.826868057251,3,70,16,88,109
34.6734866191546,0.586035052733564,354,1308.08959960938,49,14,14,14,10,1439,20,59,31,20,17.9759845733643,1,-52,16,1042,114
34.7068199524345,0.586035052733564,229,1264.28540039062,45,14,14,14,10,1473,15,57,35,20,18.0600490570068,1,34,13,1637,120
34.7547366190245,0.586035052733564,194,1420.33068847656,43,14,14,14,10,1503,14,57,37,20,18.1759452819824,4,29,18,1531,108
34.3880699529447,0.583951719403564,255,1365.79638671875,39,14,14,14,10,1270,13,58,42,19,17.1501655578613,2,-10,14,2333,117
34.4359866195347,0.583951719403564,266,1167.39501953125,40,14,14,14,10,1276,12,58,40,20,17.3225555419922,2,-11,14,2295,110
34.4984866194346,0.583951719403564,276,1133.38293457031,38,14,14,14,10,1316,15,56,44,18,17.4850120544434,2,-70,13,1966,101
34.5089032860846,0.583951719403564,219,1139.755859375,40,14,14,14,10,1342,15,56,42,18,17.5017929077148,3,-9,13,1739,102
34.5672366193246,0.583951719403564,183,1413.97973632812,38,14,14,14,10,1439,15,57,42,20,17.6146411895752,3,52,20,594,113
34.7568199523545,0.583951719403564,191,1461.34826660156,44,14,14,14,10,1509,15,57,36,20,18.1647777557373,4,84,14,1571,110
34.7818199523145,0.583951719403564,227,1106.53552246094,43,14,14,14,10,1460,15,58,36,22,18.2482604980469,2,-24,13,2274,97
34.7922366189645,0.583951719403564,360,1071.53588867188,44,14,14,14,10,1454,17,58,35,22,18.2693748474121,2,-90,15,2344,96
34.3776532862947,0.581868386073564,296,1390.07763671875,41,14,14,14,10,1260,13,57,40,19,17.1223430633545,0,-41,28,2313,117
34.3859866196147,0.581868386073564,272,1365.79638671875,39,14,14,14,10,1270,13,58,42,19,17.1501655578613,2,-10,14,2333,117
34.4318199528747,0.581868386073564,269,1199.73205566406,38,14,14,14,10,1278,13,57,43,19,17.2952575683594,2,-13,18,2304,111
34.4359866195347,0.581868386073564,266,1167.39501953125,40,14,14,14,10,1276,12,58,40,20,17.3225555419922,2,-11,14,2295,110
34.4734866194746,0.581868386073564,234,1176.84313964844,40,14,14,14,10,1308,13,56,42,19,17.4153804779053,3,17,18,1980,110
34.5589032860046,0.581868386073564,172,1440.68310546875,39,14,14,14,10,1443,17,56,41,20,17.5891418457031,1,39,13,615,108
34.6297366192246,0.581868386073564,174,1588.88146972656,45,14,14,14,10,1487,18,58,38,18,17.8156185150146,3,81,15,46,109
34.6630699525046,0.581868386073564,204,1476.10864257812,47,14,14,14,10,1455,17,56,34,19,17.9295024871826,3,-3,20,844,112
34.7422366190445,0.581868386073564,211,1406.64770507812,45,14,14,14,10,1498,16,56,34,20,18.1242828369141,3,-28,22,1594,111
34.7526532856945,0.581868386073564,181,1461.34826660156,44,14,14,14,10,1509,15,57,36,20,18.1647777557373,4,84,14,1571,110
34.7693199523345,0.581868386073564,252,1193.57348632812,43,14,14,14,10,1464,16,58,36,21,18.2244834899902,2,-57,14,2094,102
34.3901532862747,0.579785052743564,256,1365.79638671875,39,14,14,14,10,1270,13,58,42,19,17.1501655578613,2,-10,14,2333,117
34.3984866195947,0.579785052743564,229,1343.54345703125,38,14,14,14,10,1278,11,59,42,19,17.1783123016357,2,43,16,2190,117
34.4172366195647,0.579785052743564,254,1276.55749511719,38,14,14,14,10,1284,12,58,42,19,17.236156463623,2,43,15,2226,114
34.4255699528847,0.579785052743564,251,1241.90539550781,38,14,14,14,10,1279,11,58,43,19,17.2655258178711,3,20,17,2213,112
34.6026532859346,0.579785052743564,196,1492.88928222656,47,14,14,14,10,1482,17,54,34,19,17.7388763427734,4,67,18,139,104
34.6193199525746,0.579785052743564,190,1597.16809082031,44,14,14,14,10,1486,18,56,37,19,17.7897872924805,3,-8,11,199,106
34.6443199525346,0.579785052743564,214,1502.8408203125,47,14,14,14,10,1467,15,56,34,19,17.8761539459229,2,-31,19,536,111
34.6589032858446,0.579785052743564,174,1549.08386230469,47,13,13,13,10,1479,15,57,34,19,17.8976287841797,1,71,4,495,121
34.6839032858045,0.579785052743564,248,1199.73706054688,47,14,14,14,10,1432,17,61,31,21,17.9898929595947,0,-49,96,1450,113
34.4443199528547,0.577701719413564,297,1152.57312011719,41,14,14,14,10,1280,11,57,41,19,17.3486557006836,1,-35,16,2306,108
34.5526532860146,0.577701719413564,183,1440.68310546875,39,14,14,14,10,1443,17,56,41,20,17.5891418457031,1,39,13,615,108
34.5693199526546,0.577701719413564,227,1343.00305175781,44,14,14,14,10,1417,17,56,36,20,17.648509979248,4,-111,15,930,108
34.6443199525346,0.577701719413564,218,1502.8408203125,47,14,14,14,10,1467,15,56,34,19,17.8761539459229,2,-31,19,536,111
34.6901532857945,0.577701719413564,223,1210.32836914062,48,14,14,14,10,1447,17,58,31,21,18.0090389251709,3,-19,25,1550,114
34.6943199524545,0.577701719413564,225,1266.87145996094,47,14,14,14,10,1455,15,57,32,21,18.026876449585,2,-34,42,1620,115
34.7151532857545,0.577701719413564,201,1323.20703125,47,13,13,13,10,1486,15,58,32,21,18.0652313232422,0,44,18,1590,119
34.7214032857445,0.577701719413564,237,1316.60437011719,45,14,14,14,10,1478,17,58,35,20,18.0886878967285,1,-20,17,1648,116
34.7568199523545,0.577701719413564,195,1461.34826660156,44,14,14,14,10,1509,15,57,36,20,18.1647777557373,4,84,14,1571,110
34.7734866189945,0.577701719413564,267,1193.57348632812,43,14,14,14,10,1464,16,58,36,21,18.2244834899902,2,-57,14,2094,102
34.7859866189745,0.577701719413564,319,1071.53588867188,44,14,14,14,10,1454,17,58,35,22,18.2693748474121,2,-90,15,2344,96
34.3984866195947,0.575618386083564,253,1301.68518066406,38,14,14,14,10,1261,12,59,43,19,17.1607227325439,2,-11,12,2172,116
34.4026532862547,0.575618386083564,279,1250.21508789062,39,14,14,14,10,1270,12,59,42,19,17.1911907196045,2,14,20,2159,116
34.4901532861146,0.575618386083564,262,1122.27600097656,42,14,14,14,10,1303,13,57,40,19,17.4451465606689,2,-34,14,1983,107
34.5193199527346,0.575618386083564,225,1232.40307617188,40,14,14,14,10,1381,17,54,42,18,17.5092372894287,5,-1,12,1210,99
34.5214032860646,0.575618386083564,219,1232.40307617188,40,14,14,14,10,1381,17,54,42,18,17.5092372894287,5,-1,12,1210,99
34.5589032860046,0.575618386083564,166,1436.384765625,40,14,14,14,10,1445,14,56,41,20,17.5744743347168,1,88,26,552,109
34.5964032859446,0.575618386083564,181,1396.51989746094,46,14,14,14,10,1460,18,56,35,19,17.7050724029541,2,31,8,428,105
34.6193199525746,0.575618386083564,184,1528.58618164062,47,14,14,14,10,1478,17,57,36,18,17.7784080505371,2,36,14,273,108
34.6339032858846,0.575618386083564,173,1515.64379882812,45,14,14,14,10,1480,18,58,36,18,17.8052024841309,3,89,16,196,110
34.6589032858446,0.575618386083564,199,1577.70361328125,45,14,14,14,10,1482,13,58,36,19,17.8811912536621,2,83,3,556,116
34.7318199523945,0.575618386083564,204,1357.24426269531,45,14,14,14,10,1493,15,57,34,21,18.0963821411133,2,44,15,1652,111
34.7443199523745,0.575618386083564,178,1475.26843261719,44,14,14,14,10,1495,14,56,35,21,18.1352958679199,4,17,26,1628,112
34.4068199529147,0.573535052753564,256,1250.21508789062,39,14,14,14,10,1270,12,59,42,19,17.1911907196045,2,14,20,2159,116
34.4109866195747,0.573535052753564,243,1225.96765136719,38,14,14,14,10,1258,12,60,43,19,17.2202262878418,3,-67,13,2235,112
34.4130699529047,0.573535052753564,263,1225.96765136719,38,14,14,14,10,1258,12,60,43,19,17.2202262878418,3,-67,13,2235,112
34.4255699528847,0.573535052753564,354,1212.16809082031,38,14,14,14,10,1257,12,60,42,20,17.2467365264893,2,-89,10,2287,110
34.5047366194246,0.573535052753564,233,1132.67504882812,41,14,14,14,10,1323,12,57,41,18,17.4863872528076,2,-76,9,1717,103
34.5526532860146,0.573535052753564,160,1436.384765625,40,14,14,14,10,1445,14,56,41,20,17.5744743347168,1,88,26,552,109
34.5547366193446,0.573535052753564,168,1436.384765625,40,14,14,14,10,1445,14,56,41,20,17.5744743347168,1,88,26,552,109
34.6214032859046,0.573535052753564,173,1528.58618164062,47,14,14,14,10,1478,17,57,36,18,17.7784080505371,2,36,14,273,108
34.6464032858646,0.573535052753564,207,1506.50036621094,47,14,14,14,10,1464,14,56,34,19,17.8602046966553,3,-38,17,610,109
34.6505699525246,0.573535052753564,178,1506.50036621094,47,14,14,14,10,1464,14,56,34,19,17.8602046966553,3,-38,17,610,109
34.6818199524745,0.573535052753564,242,1218.38562011719,48,14,14,14,10,1432,18,57,30,21,17.9768447875977,3,-60,63,1569,113
34.6880699524645,0.573535052753564,218,1227.8955078125,50,14,14,14,10,1457,15,57,29,21,17.9957046508789,3,28,13,1465,112
34.7276532857345,0.573535052753564,198,1357.24426269531,45,14,14,14,10,1493,15,57,34,21,18.0963821411133,2,44,15,1652,111
34.7401532857145,0.573535052753564,185,1426.52600097656,45,14,14,14,10,1505,15,58,35,21,18.1131839752197,0,71,14,1600,116
34.7443199523745,0.573535052753564,175,1475.26843261719,44,14,14,14,10,1495,14,56,35,21,18.1352958679199,4,17,26,1628,112
34.7464032857045,0.573535052753564,176,1475.26843261719,44,14,14,14,10,1495,14,56,35,21,18.1352958679199,4,17,26,1628,112
34.7505699523645,0.573535052753564,197,1475.26843261719,44,14,14,14,10,1495,14,56,35,21,18.1352958679199,4,17,26,1628,112
34.7589032856845,0.573535052753564,189,1445.44396972656,44,14,14,14,10,1505,15,58,36,20,18.1581439971924,2,73,11,1674,110
34.4068199529147,0.571451719423564,249,1250.21508789062,39,14,14,14,10,1270,12,59,42,19,17.1911907196045,2,14,20,2159,116
34.4568199528347,0.571451719423564,224,1154.42333984375,40,14,14,14,10,1288,15,56,40,20,17.3518257141113,2,-11,16,2064,111
34.5089032860846,0.571451719423564,239,1132.67504882812,41,14,14,14,10,1323,12,57,41,18,17.4863872528076,2,-76,9,1717,103
34.5297366193846,0.571451719423564,177,1302.80822753906,42,14,14,14,10,1425,17,55,40,19,17.5167293548584,1,122,11,770,102
34.6130699525846,0.571451719423564,202,1466.2734375,45,14,14,14,10,1451,17,56,36,19,17.7582035064697,3,-87,24,550,106
34.6422366192046,0.571451719423564,223,1458.20776367188,46,14,14,14,10,1446,17,57,35,19,17.8387432098389,2,-74,16,560,108
34.6693199524946,0.571451719423564,240,1336.68237304688,49,14,14,14,10,1436,17,57,30,21,17.9485015869141,1,-53,36,1341,113
34.7297366190645,0.571451719423564,203,1357.24426269531,45,14,14,14,10,1493,15,57,34,21,18.0963821411133,2,44,15,1652,111
34.3984866195947,0.569368386093564,263,1301.68518066406,38,14,14,14,10,1261,12,59,43,19,17.1607227325439,2,-11,12,2172,116
34.4276532862147,0.569368386093564,282,1193.54943847656,40,14,14,14,10,1262,13,58,40,20,17.2737407684326,2,-79,16,2303,109
34.4672366194847,0.569368386093564,259,1149.02465820312,42,14,14,14,10,1297,14,56,39,20,17.3758296966553,2,16,16,1929,112
34.5214032860646,0.569368386093564,228,1232.40307617188,40,14,14,14,10,1381,17,54,42,18,17.5092372894287,5,-1,12,1210,99
34.5526532860146,0.569368386093564,157,1436.384765625,40,14,14,14,10,1445,14,56,41,20,17.5744743347168,1,88,26,552,109
34.5755699526446,0.569368386093564,182,1353.2333984375,44,14,14,14,10,1418,18,56,36,20,17.6332588195801,4,-101,20,918,108
34.5880699526246,0.569368386093564,177,1360.00842285156,45,14,14,14,10,1447,17,56,36,19,17.6812286376953,3,1,17,567,107
34.5922366192846,0.569368386093564,171,1360.00842285156,45,14,14,14,10,1447,17,56,36,19,17.6812286376953,3,1,17,567,107
34.5984866192746,0.569368386093564,180,1396.51989746094,46,14,14,14,10,1460,18,56,35,19,17.7050724029541,2,31,8,428,105
34.6609866191746,0.569368386093564,248,1510.59875488281,49,14,14,14,180,1458,18,56,31,20,17.9140281677246,3,9,14,924,112
34.7130699524245,0.569368386093564,211,1367.79565429688,46,14,14,14,10,1481,15,56,34,20,18.0530395507812,2,37,16,1540,119
34.7234866190745,0.569368386093564,205,1338.15258789062,44,14,14,14,10,1473,15,56,34,21,18.0785999298096,3,-54,28,1796,114
34.7422366190445,0.569368386093564,177,1426.52600097656,45,14,14,14,10,1505,15,58,35,21,18.1131839752197,0,71,14,1600,116
34.4359866195347,0.567285052763564,251,1223.75048828125,43,14,14,14,10,1292,14,55,38,19,17.2690925598145,3,41,18,1910,115
34.4401532861947,0.567285052763564,229,1223.75048828125,43,14,14,14,10,1292,14,55,38,19,17.2690925598145,3,41,18,1910,115
34.4568199528347,0.567285052763564,312,1194.74328613281,40,14,14,14,10,1282,14,57,40,20,17.3252906799316,4,-61,15,2037,108
34.4797366194646,0.567285052763564,243,1126.31726074219,43,14,14,14,10,1301,16,57,37,20,17.403434753418,2,-37,16,1814,109
34.5526532860146,0.567285052763564,170,1435.9375,39,14,14,14,40,1433,14,56,42,20,17.5621604919434,1,58,12,572,109
34.5630699526646,0.567285052763564,226,1413.22607421875,36,14,14,14,190,1422,13,57,43,20,17.5888671875,3,8,10,690,107
34.5693199526546,0.567285052763564,227,1354.98303222656,45,14,14,14,10,1417,19,55,35,20,17.6180171966553,3,-68,28,895,108
34.6089032859246,0.567285052763564,242,1417.4658203125,43,14,14,14,10,1436,16,57,39,18,17.718957901001,1,-90,15,748,108
34.4589032861647,0.565201719433564,246,1194.74328613281,40,14,14,14,10,1282,14,57,40,20,17.3252906799316,4,-61,15,2037,108
34.4630699528247,0.565201719433564,253,1168.1396484375,40,14,14,14,10,1282,16,58,41,19,17.3534030914307,1,-72,16,1997,107
34.5005699527646,0.565201719433564,239,1141.41162109375,44,14,14,14,10,1327,12,55,37,19,17.4433345794678,2,19,24,1555,109
34.6026532859346,0.565201719433564,217,1417.4658203125,43,14,14,14,10,1436,16,57,39,18,17.718957901001,1,-90,15,748,108
34.6255699525646,0.565201719433564,175,1478.46240234375,46,14,14,14,10,1471,18,57,35,19,17.7664852142334,2,59,13,371,112
34.6630699525046,0.565201719433564,203,1567.50378417969,48,14,14,14,10,1459,17,57,32,20,17.8976058959961,3,-19,6,981,111
34.6693199524946,0.565201719433564,252,1396.12097167969,49,14,14,14,10,1442,19,57,30,21,17.9324340820312,2,-38,39,1365,113
34.3859866196147,0.563118386103564,211,1330.58605957031,37,14,14,14,10,1266,10,59,44,19,17.1059169769287,2,44,11,1969,119
34.3943199529347,0.563118386103564,273,1254.6875,38,14,14,14,10,1249,13,58,43,19,17.1437854766846,1,-61,25,2165,113
34.4193199528947,0.563118386103564,242,1235.37048339844,43,14,14,14,10,1282,13,55,37,19,17.2164897918701,2,44,24,1902,114
34.4380699528647,0.563118386103564,247,1223.75048828125,43,14,14,14,10,1292,14,55,38,19,17.2690925598145,3,41,18,1910,115
34.4984866194346,0.563118386103564,240,1141.41162109375,44,14,14,14,10,1327,12,55,37,19,17.4433345794678,2,19,24,1555,109
34.5255699527246,0.563118386103564,197,1251.66748046875,44,14,14,14,10,1378,15,54,37,19,17.4883136749268,4,2,11,1151,101
34.5401532860346,0.563118386103564,201,1327.15893554688,41,14,14,14,10,1396,16,56,39,19,17.5264911651611,1,-50,12,827,105
34.5443199526946,0.563118386103564,192,1383.58862304688,44,14,14,14,10,1420,16,54,36,20,17.5448131561279,2,-4,16,704,105
34.5609866193346,0.563118386103564,407,1413.22607421875,36,14,14,14,190,1422,13,57,43,20,17.5888671875,3,8,10,690,107
34.5672366193246,0.563118386103564,215,1413.22607421875,36,14,14,14,190,1422,13,57,43,20,17.5888671875,3,8,10,690,107
34.6172366192446,0.563118386103564,192,1461.4228515625,45,14,14,14,10,1451,17,57,37,19,17.7425804138184,2,-37,39,580,109
34.7172366190845,0.563118386103564,198,1400.16040039062,44,14,14,14,10,1475,17,57,35,21,18.0411109924316,3,21,18,1726,116
34.7297366190645,0.563118386103564,193,1361.3662109375,45,14,14,14,10,1475,18,57,34,21,18.0903568267822,3,-14,19,1787,109
34.4755699528046,0.561035052773564,252,1140.90869140625,44,14,14,14,10,1289,16,56,36,20,17.3801383972168,2,-48,35,1937,108
34.4901532861146,0.561035052773564,236,1127.88671875,44,14,14,14,10,1317,15,55,37,20,17.4243259429932,3,0,14,1664,109
34.5276532860546,0.561035052773564,188,1294.48864746094,43,14,14,14,10,1411,17,57,38,19,17.5035705566406,1,73,11,771,103
34.6172366192446,0.561035052773564,184,1461.4228515625,45,14,14,14,10,1451,17,57,37,19,17.7425804138184,2,-37,39,580,109
34.6526532858546,0.561035052773564,196,1617.49353027344,46,14,14,14,10,1487,14,56,34,20,17.8644371032715,3,100,18,538,120
34.6755699524846,0.561035052773564,231,1396.12097167969,49,14,14,14,10,1442,19,57,30,21,17.9324340820312,2,-38,39,1365,113
34.6776532858146,0.561035052773564,247,1247.60827636719,48,14,14,14,10,1429,20,57,30,21,17.9635620117188,1,-69,25,1668,112
34.6943199524545,0.561035052773564,215,1308.927734375,47,14,14,14,10,1471,15,57,31,22,18.0008792877197,2,41,15,1574,113
34.7089032857645,0.561035052773564,292,1389.07983398438,46,14,14,14,10,1484,15,58,33,21,18.0181674957275,0,63,19,1558,117
34.7630699523445,0.561035052773564,220,1236.03210449219,43,14,14,14,10,1455,17,59,37,21,18.1841430664062,5,-36,14,2268,103
34.4651532861547,0.558951719443564,274,1226.44519042969,44,14,14,14,10,1306,15,56,36,20,17.3213634490967,3,19,15,1585,108
34.4859866194546,0.558951719443564,255,1164.19384765625,45,14,14,14,10,1313,15,55,36,19,17.4009799957275,3,-69,18,1575,107
34.5047366194246,0.558951719443564,211,1221.33227539062,46,14,14,14,10,1355,14,54,35,19,17.4347152709961,3,26,13,1225,105
34.5339032860446,0.558951719443564,194,1303.67395019531,46,14,14,14,10,1391,17,55,35,19,17.4895935058594,2,-44,13,825,104
34.6276532858946,0.558951719443564,183,1367.36853027344,47,14,14,14,10,1434,16,56,34,19,17.7884063720703,3,-84,17,739,108
34.6359866192146,0.558951719443564,227,1400.51342773438,47,14,14,14,10,1447,17,56,35,19,17.8113899230957,3,-66,17,882,109
34.7026532857745,0.558951719443564,222,1389.6591796875,46,14,14,14,10,1480,15,57,32,21,18.0080261230469,3,45,17,1685,111
34.7339032857245,0.558951719443564,199,1372.43481445312,44,14,14,14,10,1462,15,57,34,22,18.0808143615723,3,-83,30,2099,111
34.7443199523745,0.558951719443564,170,1383.25891113281,44,14,14,14,10,1477,17,58,35,21,18.1230545043945,4,47,13,1938,111
34.7630699523445,0.558951719443564,225,1168.27355957031,44,14,14,14,10,1444,17,57,35,21,18.1780433654785,2,-56,19,2475,104
34.3734866196347,0.556868386113564,274,1334.07727050781,39,14,14,14,10,1246,13,56,43,18,17.0279579162598,2,-51,14,2080,116
34.4109866195747,0.556868386113564,224,1223.75354003906,38,14,14,14,10,1279,13,56,42,20,17.168758392334,1,57,17,1777,114
34.4943199527746,0.556868386113564,229,1187.18237304688,45,14,14,14,10,1332,15,56,36,19,17.4199504852295,2,-13,14,1442,106
34.5005699527646,0.556868386113564,212,1187.18237304688,45,14,14,14,10,1332,15,56,36,19,17.4199504852295,2,-13,14,1442,106
34.5172366194046,0.556868386113564,197,1249.08056640625,45,14,14,14,10,1379,15,55,37,18,17.4507007598877,3,69,13,1091,105
34.5339032860446,0.556868386113564,211,1303.67395019531,46,14,14,14,10,1391,17,55,35,19,17.4895935058594,2,-44,13,825,104
34.5505699526846,0.556868386113564,169,1432.02209472656,43,14,14,14,10,1411,14,55,37,20,17.5269355773926,3,-33,19,791,104
34.5693199526546,0.556868386113564,217,1357.08337402344,46,14,14,14,190,1416,16,55,34,19,17.6013088226318,4,-31,19,822,107
34.6630699525046,0.556868386113564,240,1617.72644042969,49,14,14,14,10,1475,16,56,31,20,17.8794136047363,3,63,26,939,111
34.6651532858346,0.556868386113564,221,1617.72644042969,49,14,14,14,10,1475,16,56,31,20,17.8794136047363,3,63,26,939,111
34.6797366191445,0.556868386113564,294,1280.03442382812,48,14,14,14,10,1427,18,56,32,20,17.9499988555908,0,-69,46,1777,113
34.7026532857745,0.556868386113564,232,1389.6591796875,46,14,14,14,10,1480,15,57,32,21,18.0080261230469,3,45,17,1685,111
34.7172366190845,0.556868386113564,166,1405.08227539062,46,14,14,14,10,1487,15,57,33,21,18.0295810699463,3,109,15,1701,120
34.4380699528647,0.554785052783564,288,1241.44140625,44,14,14,14,10,1296,12,56,36,20,17.2463092803955,2,24,21,1605,116
34.4401532861947,0.554785052783564,277,1241.44140625,44,14,14,14,10,1296,12,56,36,20,17.2463092803955,2,24,21,1605,116
34.5172366194046,0.554785052783564,202,1249.08056640625,45,14,14,14,10,1379,15,55,37,18,17.4507007598877,3,69,13,1091,105
34.5609866193346,0.554785052783564,200,1421.28552246094,38,14,14,14,190,1407,14,57,42,20,17.576488494873,1,-35,9,773,106
34.6318199525546,0.554785052783564,210,1367.36853027344,47,14,14,14,10,1434,16,56,34,19,17.7884063720703,3,-84,17,739,108
34.6359866192146,0.554785052783564,220,1400.51342773438,47,14,14,14,10,1447,17,56,35,19,17.8113899230957,3,-66,17,882,109
34.6880699524645,0.554785052783564,226,1230.50512695312,47,14,14,14,10,1443,15,56,31,21,17.9744434356689,3,-23,23,1745,113
34.6901532857945,0.554785052783564,220,1230.50512695312,47,14,14,14,10,1443,15,56,31,21,17.9744434356689,3,-23,23,1745,113
34.7089032857645,0.554785052783564,197,1389.6591796875,46,14,14,14,10,1480,15,57,32,21,18.0080261230469,3,45,17,1685,111
34.5068199527546,0.552701719453564,199,1221.33227539062,46,14,14,14,10,1355,14,54,35,19,17.4347152709961,3,26,13,1225,105
34.5276532860546,0.552701719453564,233,1303.67395019531,46,14,14,14,10,1391,17,55,35,19,17.4895935058594,2,-44,13,825,104
34.6026532859346,0.552701719453564,179,1471.25378417969,44,14,14,14,10,1457,17,55,37,19,17.698938369751,2,40,25,591,111
34.6068199525946,0.552701719453564,171,1471.25378417969,44,14,14,14,10,1457,17,55,37,19,17.698938369751,2,40,25,591,111
34.6276532858946,0.552701719453564,210,1367.36853027344,47,14,14,14,10,1434,16,56,34,19,17.7884063720703,3,-84,17,739,108
34.6318199525546,0.552701719453564,216,1367.36853027344,47,14,14,14,10,1434,16,56,34,19,17.7884063720703,3,-84,17,739,108
34.3922366196047,0.550618386123564,259,1264.33837890625,35,14,14,14,10,1244,12,56,46,19,17.0669479370117,3,-34,13,1825,112
34.3984866195947,0.550618386123564,237,1227.66333007812,36,14,14,14,10,1252,12,57,45,19,17.0948429107666,3,-26,10,1953,113
34.4151532862347,0.550618386123564,249,1233.48791503906,37,14,14,14,10,1264,13,56,44,19,17.1481838226318,2,-50,14,1679,113
34.4526532861747,0.550618386123564,283,1260.99572753906,44,14,14,14,10,1320,17,55,38,19,17.2711334228516,2,52,15,1233,111
34.5068199527546,0.550618386123564,209,1283.21704101562,47,14,14,14,10,1364,15,55,35,19,17.4113998413086,1,27,12,976,107
34.6839032858045,0.550618386123564,291,1299.4619140625,47,14,14,14,10,1431,19,56,32,21,17.9366092681885,2,-29,29,1814,113
34.7109866190945,0.550618386123564,171,1385.546875,45,14,14,14,10,1469,15,56,34,20,18.0229454040527,5,20,20,1886,110
34.3859866196147,0.548535052793564,218,1264.33837890625,35,14,14,14,10,1244,12,56,46,19,17.0669479370117,3,-34,13,1825,112
34.3984866195947,0.548535052793564,219,1227.66333007812,36,14,14,14,10,1252,12,57,45,19,17.0948429107666,3,-26,10,1953,113
34.5214032860646,0.548535052793564,219,1302.94030761719,45,14,14,14,10,1388,19,55,37,19,17.4500579833984,3,11,17,845,103
34.5568199526746,0.548535052793564,161,1546.19396972656,41,13,13,13,10,1434,16,55,40,19,17.5267028808594,4,82,30,412,103
34.5609866193346,0.548535052793564,163,1442.70751953125,40,14,14,14,190,1394,13,58,40,20,17.5627288818359,2,-103,12,830,104
34.5839032859646,0.548535052793564,197,1329.93994140625,46,14,14,14,10,1422,18,56,35,19,17.6129398345947,4,39,20,628,108
34.6797366191445,0.548535052793564,231,1299.4619140625,47,14,14,14,10,1431,19,56,32,21,17.9366092681885,2,-29,29,1814,113
34.7297366190645,0.548535052793564,181,1383.3154296875,44,14,14,14,10,1478,14,57,35,21,18.0677433013916,2,49,22,2022,110
34.7547366190245,0.548535052793564,237,1187.82189941406,44,14,14,14,10,1444,16,58,34,22,18.1464443206787,1,-74,17,2464,108
34.4026532862547,0.546451719463564,257,1227.98022460938,35,15,15,15,10,1250,10,57,46,19,17.1206455230713,1,-63,15,1851,113
34.4901532861146,0.546451719463564,228,1246.95129394531,46,14,14,14,10,1329,18,56,35,19,17.3705635070801,3,-22,18,1306,104
34.5547366193446,0.546451719463564,153,1546.19396972656,41,13,13,13,10,1434,16,55,40,19,17.5267028808594,4,82,30,412,103
34.5651532859946,0.546451719463564,194,1442.70751953125,40,14,14,14,190,1394,13,58,40,20,17.5627288818359,2,-103,12,830,104
34.5839032859646,0.546451719463564,203,1329.93994140625,46,14,14,14,10,1422,18,56,35,19,17.6129398345947,4,39,20,628,108
34.5922366192846,0.546451719463564,168,1362.37145996094,46,14,14,14,10,1419,20,55,34,19,17.6383171081543,4,-82,29,855,106
34.6151532859146,0.546451719463564,177,1475.61706542969,46,14,14,14,10,1448,17,54,35,19,17.7164707183838,5,-10,11,638,107
34.6776532858146,0.546451719463564,229,1299.4619140625,47,14,14,14,10,1431,19,56,32,21,17.9366092681885,2,-29,29,1814,113
34.7026532857745,0.546451719463564,203,1384.45690917969,46,14,14,14,10,1474,14,56,33,21,17.9978351593018,1,44,16,1812,114
34.7464032857045,0.546451719463564,209,1290.36291503906,43,14,14,14,10,1466,16,58,36,22,18.1183032989502,5,49,16,2227,105
34.7526532856945,0.546451719463564,233,1187.82189941406,44,14,14,14,10,1444,16,58,34,22,18.1464443206787,1,-74,17,2464,108
34.3984866195947,0.544368386133564,221,1227.66333007812,36,14,14,14,10,1252,12,57,45,19,17.0948429107666,3,-26,10,1953,113
34.4151532862347,0.544368386133564,368,1233.48791503906,37,14,14,14,10,1264,13,56,44,19,17.1481838226318,2,-50,14,1679,113
34.4255699528847,0.544368386133564,320,1236.14111328125,38,14,14,14,10,1267,13,57,43,19,17.1750259399414,1,-76,15,1660,111
34.5109866194146,0.544368386133564,230,1283.35583496094,46,14,14,14,10,1365,17,56,36,18,17.4329986572266,1,-29,12,901,106
34.5255699527246,0.544368386133564,181,1302.94030761719,45,14,14,14,10,1388,19,55,37,19,17.4500579833984,3,11,17,845,103
34.5901532859546,0.544368386133564,185,1362.37145996094,46,14,14,14,10,1419,20,55,34,19,17.6383171081543,4,-82,29,855,106
34.6505699525246,0.544368386133564,165,1585.32104492188,46,14,14,14,10,1486,15,56,35,19,17.8111114501953,3,50,16,726,109
34.6547366191846,0.544368386133564,182,1673.36303710938,47,14,14,14,10,1496,18,56,33,20,17.834545135498,3,109,17,675,118
34.6568199525146,0.544368386133564,179,1673.36303710938,47,14,14,14,10,1496,18,56,33,20,17.834545135498,3,109,17,675,118
34.6901532857945,0.544368386133564,243,1245.26733398438,47,14,14,14,10,1429,17,56,32,21,17.9628047943115,2,-82,65,1971,114
34.7443199523745,0.544368386133564,182,1290.36291503906,43,14,14,14,10,1466,16,58,36,22,18.1183032989502,5,49,16,2227,105
34.4089032862447,0.542285052803564,262,1249.78234863281,36,15,15,15,10,1277,11,56,46,19,17.0915813446045,2,76,11,1438,113
34.4193199528947,0.542285052803564,310,1254.72375488281,36,15,15,15,10,1282,13,55,45,19,17.1466407775879,3,6,15,1362,112
34.4734866194746,0.542285052803564,221,1291.20373535156,44,14,14,14,10,1342,16,56,38,18,17.2948532104492,1,48,13,916,108
34.6609866191746,0.542285052803564,173,1610.74304199219,48,14,14,14,10,1464,17,56,32,20,17.8594970703125,3,-14,17,1200,111
34.7193199524145,0.542285052803564,202,1365.865234375,45,14,14,14,10,1464,13,57,34,21,18.0366058349609,3,-15,16,2205,111
34.7234866190745,0.542285052803564,202,1365.865234375,45,14,14,14,10,1464,13,57,34,21,18.0366058349609,3,-15,16,2205,111
34.7339032857245,0.542285052803564,172,1363.08081054688,43,14,14,14,10,1472,16,57,36,20,18.0584163665771,3,78,13,2056,118
34.4276532862147,0.540201719473564,296,1267.44885253906,39,15,15,15,10,1296,14,56,42,19,17.1701259613037,4,69,11,1166,110
34.5172366194046,0.540201719473564,229,1312.20166015625,44,14,14,14,10,1366,16,55,37,19,17.4171257019043,2,-44,12,852,104
34.5734866193146,0.540201719473564,197,1341.03210449219,46,14,14,14,10,1412,18,56,35,19,17.5745487213135,2,18,12,672,108
34.6318199525546,0.540201719473564,175,1358.69067382812,48,14,14,14,10,1460,16,54,33,19,17.7557125091553,2,80,13,898,109
34.6526532858546,0.540201719473564,191,1679.71655273438,47,14,14,14,10,1473,16,54,32,20,17.8248081207275,4,14,14,986,111
34.4026532862547,0.538118386143564,268,1249.78234863281,36,15,15,15,10,1277,11,56,46,19,17.0915813446045,2,76,11,1438,113
34.6359866192146,0.538118386143564,170,1478.49096679688,46,14,14,14,10,1469,16,54,35,19,17.7742023468018,3,33,18,893,110
34.6464032858646,0.538118386143564,161,1626.67517089844,46,14,14,14,10,1489,16,56,35,19,17.7943248748779,1,78,16,785,117
34.6609866191746,0.538118386143564,229,1610.74304199219,48,14,14,14,10,1464,17,56,32,20,17.8594970703125,3,-14,17,1200,111
34.6714032858246,0.538118386143564,204,1454.71936035156,48,14,14,14,10,1450,14,55,31,21,17.8922595977783,3,38,10,1511,112
34.3943199529347,0.536035052813564,247,1232.94348144531,36,14,14,14,10,1258,9,56,45,19,17.0689830780029,2,4,15,1646,112
34.6214032859046,0.536035052813564,194,1351.86437988281,47,14,14,14,10,1436,16,54,34,19,17.7353572845459,4,-21,17,1010,106
34.7214032857445,0.536035052813564,179,1365.865234375,45,14,14,14,10,1464,13,57,34,21,18.0366058349609,3,-15,16,2205,111
34.4172366195647,0.533951719483564,271,1263.54943847656,39,14,14,14,10,1271,12,56,43,19,17.0985145568848,3,-11,11,1142,113
34.4276532862147,0.533951719483564,246,1298.93017578125,37,14,14,14,10,1287,13,54,44,19,17.1469879150391,3,-40,18,994,110
34.4880699527846,0.533951719483564,210,1468.34997558594,44,13,13,13,10,1381,16,54,39,18,17.3096809387207,1,95,14,218,111
34.5047366194246,0.533951719483564,227,1399.06213378906,47,14,14,14,10,1367,18,56,34,19,17.3698787689209,4,26,17,561,105
34.5130699527446,0.533951719483564,209,1324.98010253906,44,14,14,14,10,1363,17,55,37,19,17.4023342132568,3,-60,20,856,103
34.5464032860246,0.533951719483564,168,1615.42126464844,41,14,14,14,10,1436,18,55,41,18,17.4701519012451,8,15,12,207,98
34.5484866193546,0.533951719483564,156,1615.42126464844,41,14,14,14,10,1436,18,55,41,18,17.4701519012451,8,15,12,207,98
34.6776532858146,0.533951719483564,238,1301.03186035156,47,14,14,14,10,1418,17,56,32,22,17.9141807556152,2,-98,33,2102,113
34.7172366190845,0.533951719483564,194,1336.01342773438,45,14,14,14,10,1452,15,56,34,21,18.004695892334,2,-46,19,2327,112
34.7359866190545,0.533951719483564,201,1212.2373046875,42,14,14,14,10,1430,16,59,36,22,18.0806789398193,2,-102,20,2609,108
34.3964032862647,0.531868386153564,233,1229.77722167969,39,14,14,14,10,1257,11,55,42,19,17.0459957122803,2,4,15,1480,114
34.3984866195947,0.531868386153564,254,1229.77722167969,39,14,14,14,10,1257,11,55,42,19,17.0459957122803,2,4,15,1480,114
34.4464032861847,0.531868386153564,214,1316.9736328125,41,14,14,14,10,1320,15,55,40,19,17.1936283111572,3,61,16,944,108
34.4609866194947,0.531868386153564,230,1333.75280761719,43,14,14,14,10,1317,16,55,38,19,17.2467021942139,3,-51,13,938,106
34.5172366194046,0.531868386153564,202,1324.98010253906,44,14,14,14,10,1363,17,55,37,19,17.4023342132568,3,-60,20,856,103
34.5901532859546,0.531868386153564,241,1424.43981933594,47,14,14,14,10,1424,21,54,33,20,17.605541229248,2,-27,27,616,105
34.5943199526146,0.531868386153564,214,1555.578125,47,14,14,14,10,1442,19,53,34,19,17.6244354248047,4,-28,15,534,106
34.7151532857545,0.531868386153564,195,1336.01342773438,45,14,14,14,10,1452,15,56,34,21,18.004695892334,2,-46,19,2327,112
34.4089032862447,0.529785052823564,277,1252.24060058594,38,14,14,14,10,1269,10,54,44,18,17.0713043212891,3,24,9,1256,112
34.4255699528847,0.529785052823564,286,1277.33764648438,37,14,14,14,10,1275,13,56,44,19,17.1240634918213,2,-40,14,1079,112
34.4464032861847,0.529785052823564,217,1316.9736328125,41,14,14,14,10,1320,15,55,40,19,17.1936283111572,3,61,16,944,108
34.4880699527846,0.529785052823564,209,1468.34997558594,44,13,13,13,10,1381,16,54,39,18,17.3096809387207,1,95,14,218,111
34.5234866193946,0.529785052823564,181,1346.89013671875,39,14,14,14,10,1395,17,56,43,18,17.4168319702148,5,36,10,571,100
34.5255699527246,0.529785052823564,171,1346.89013671875,39,14,14,14,10,1395,17,56,43,18,17.4168319702148,5,36,10,571,100
34.5297366193846,0.529785052823564,187,1445.814453125,38,14,14,14,10,1425,16,56,44,18,17.4269847869873,3,130,11,414,101
34.5318199527146,0.529785052823564,170,1445.814453125,38,14,14,14,10,1425,16,56,44,18,17.4269847869873,3,130,11,414,101
34.5755699526446,0.529785052823564,224,1325.69226074219,47,14,14,14,10,1399,16,56,34,19,17.5636119842529,3,-1,15,679,109
34.5943199526146,0.529785052823564,220,1555.578125,47,14,14,14,10,1442,19,53,34,19,17.6244354248047,4,-28,15,534,106
34.6339032858846,0.529785052823564,192,1357.00988769531,47,14,14,14,10,1429,17,53,32,20,17.7475318908691,4,-62,15,1056,107
34.6568199525146,0.529785052823564,189,1684.98791503906,48,14,14,14,10,1468,16,55,33,20,17.8108520507812,3,4,55,1237,113
34.6922366191245,0.529785052823564,230,1284.12976074219,47,14,14,14,10,1437,16,56,32,21,17.9356956481934,3,-20,35,2079,113
34.7089032857645,0.529785052823564,214,1348.10791015625,45,14,14,14,10,1453,15,56,34,21,17.9795989990234,4,39,14,2027,112
34.7318199523945,0.529785052823564,206,1304.43395996094,44,14,14,14,10,1459,17,57,36,21,18.0506782531738,4,49,12,2209,111
34.4214032862247,0.527701719493564,282,1277.33764648438,37,14,14,14,10,1275,13,56,44,19,17.1240634918213,2,-40,14,1079,112
34.4464032861847,0.527701719493564,215,1316.9736328125,41,14,14,14,10,1320,15,55,40,19,17.1936283111572,3,61,16,944,108
34.4547366195047,0.527701719493564,230,1319.37426757812,45,14,14,14,10,1326,17,55,36,19,17.2195262908936,3,36,15,858,107
34.4568199528347,0.527701719493564,235,1319.37426757812,45,14,14,14,10,1326,17,55,36,19,17.2195262908936,3,36,15,858,107
34.4734866194746,0.527701719493564,221,1366.5244140625,43,13,13,13,10,1331,16,55,39,18,17.2695560455322,3,-80,17,826,105
34.5880699526246,0.527701719493564,240,1424.43981933594,47,14,14,14,10,1424,21,54,33,20,17.605541229248,2,-27,27,616,105
34.6193199525746,0.527701719493564,209,1327.18530273438,48,14,14,14,10,1427,17,53,33,20,17.7277297973633,5,-46,21,976,106
34.6214032859046,0.527701719493564,190,1327.18530273438,48,14,14,14,10,1427,17,53,33,20,17.7277297973633,5,-46,21,976,106
34.6297366192246,0.527701719493564,183,1357.00988769531,47,14,14,14,10,1429,17,53,32,20,17.7475318908691,4,-62,15,1056,107
34.6609866191746,0.527701719493564,186,1608.62097167969,47,14,14,14,10,1442,15,55,32,21,17.846305847168,3,-78,54,1488,111
34.6776532858146,0.527701719493564,214,1301.03186035156,47,14,14,14,10,1418,17,56,32,22,17.9141807556152,2,-98,33,2102,113
34.6922366191245,0.527701719493564,205,1284.12976074219,47,14,14,14,10,1437,16,56,32,21,17.9356956481934,3,-20,35,2079,113
34.5234866193946,0.525618386163564,195,1316.52966308594,42,14,14,14,10,1372,16,54,39,19,17.4076194763184,4,-25,11,625,99
34.5505699526846,0.525618386163564,158,1543.36120605469,43,14,14,14,10,1410,16,54,39,19,17.4646472930908,3,-38,11,476,103
34.6630699525046,0.525618386163564,172,1602.29650878906,47,14,14,14,10,1469,16,54,33,20,17.8303546905518,3,104,30,1345,114
34.4005699529247,0.523535052833564,244,1226.41064453125,42,14,14,14,10,1247,12,56,40,19,17.0233345031738,2,-48,16,1410,113
34.4443199528547,0.523535052833564,210,1345.39282226562,40,14,14,14,10,1318,15,54,40,19,17.1734657287598,4,-18,15,571,108
34.4672366194847,0.523535052833564,237,1415.05053710938,43,14,14,14,10,1348,15,54,38,19,17.2174892425537,2,54,14,456,107
34.4901532861146,0.523535052833564,193,1503.56091308594,41,14,14,14,10,1366,13,55,41,18,17.2942543029785,2,22,12,175,110
34.4943199527746,0.523535052833564,205,1477.14880371094,44,14,14,14,10,1379,17,55,37,19,17.3223571777344,1,75,13,173,107
34.4984866194346,0.523535052833564,221,1477.14880371094,44,14,14,14,10,1379,17,55,37,19,17.3223571777344,1,75,13,173,107
34.5089032860846,0.523535052833564,238,1384.05407714844,47,14,14,14,10,1363,18,56,33,19,17.3561019897461,3,53,23,498,105
34.5234866193946,0.523535052833564,197,1316.52966308594,42,14,14,14,10,1372,16,54,39,19,17.4076194763184,4,-25,11,625,99
34.5734866193146,0.523535052833564,228,1342.1337890625,47,14,14,14,10,1381,16,55,34,19,17.5499610900879,1,-90,28,780,106
34.6047366192646,0.523535052833564,200,1554.04467773438,46,14,14,14,10,1486,17,52,35,19,17.6376399993896,5,250,27,0,103
34.6130699525846,0.523535052833564,198,1409.25634765625,47,14,14,14,10,1412,17,53,33,19,17.6820526123047,5,-13,29,1001,99
34.6839032858045,0.523535052833564,188,1301.61669921875,46,14,14,14,10,1414,15,57,34,20,17.9019546508789,2,-92,17,2209,114
34.7234866190745,0.523535052833564,186,1271.92785644531,45,14,14,14,10,1461,16,58,35,21,18.0177536010742,3,71,20,2273,111
34.4422366195247,0.521451719503564,221,1324.30444335938,39,14,14,14,10,1317,13,54,42,19,17.1485996246338,4,56,14,303,110
34.5339032860446,0.521451719503564,173,1398.85241699219,38,14,14,14,10,1412,15,56,43,19,17.4208240509033,5,101,13,257,98
34.5505699526846,0.521451719503564,171,1543.36120605469,43,14,14,14,10,1410,16,54,39,19,17.4646472930908,3,-38,11,476,103
34.6276532858946,0.521451719503564,180,1341.89367675781,48,14,14,14,10,1438,17,53,33,19,17.7352523803711,4,9,20,1222,105
34.6401532858746,0.521451719503564,159,1486.59924316406,46,14,14,14,10,1480,18,53,35,19,17.7486896514893,3,125,21,1003,106
34.6505699525246,0.521451719503564,154,1621.22521972656,44,14,14,14,10,1486,17,54,36,20,17.7702465057373,4,121,18,965,111
34.6609866191746,0.521451719503564,162,1602.29650878906,47,14,14,14,10,1469,16,54,33,20,17.8303546905518,3,104,30,1345,114
34.7214032857445,0.521451719503564,198,1271.92785644531,45,14,14,14,10,1461,16,58,35,21,18.0177536010742,3,71,20,2273,111
34.4026532862547,0.519368386173564,238,1246.96203613281,41,14,14,14,10,1262,11,55,41,18,17.0481586456299,3,-5,18,1267,114
34.4151532862347,0.519368386173564,229,1260.70471191406,42,14,14,14,10,1272,13,56,40,18,17.0749778747559,2,12,12,1024,113
34.4526532861747,0.519368386173564,245,1376.88000488281,43,14,14,14,10,1341,14,54,38,19,17.1955490112305,3,55,30,477,108
34.4568199528347,0.519368386173564,222,1376.88000488281,43,14,14,14,10,1341,14,54,38,19,17.1955490112305,3,55,30,477,108
34.4984866194346,0.519368386173564,206,1477.14880371094,44,14,14,14,10,1379,17,55,37,19,17.3223571777344,1,75,13,173,107
34.5443199526946,0.519368386173564,188,1543.36120605469,43,14,14,14,10,1410,16,54,39,19,17.4646472930908,3,-38,11,476,103
34.6422366192046,0.519368386173564,156,1486.59924316406,46,14,14,14,10,1480,18,53,35,19,17.7486896514893,3,125,21,1003,106
34.6568199525146,0.519368386173564,159,1663.708984375,45,14,14,14,10,1482,17,54,36,20,17.7993488311768,2,80,19,1138,112
34.6755699524846,0.519368386173564,180,1447.74926757812,45,14,14,14,10,1439,14,56,34,21,17.867639541626,2,21,14,1765,110
34.6839032858045,0.519368386173564,185,1301.61669921875,46,14,14,14,10,1414,15,57,34,20,17.9019546508789,2,-92,17,2209,114
34.7193199524145,0.519368386173564,193,1271.92785644531,45,14,14,14,10,1461,16,58,35,21,18.0177536010742,3,71,20,2273,111
34.4089032862447,0.517285052843564,213,1234.95532226562,42,14,14,14,10,1262,12,55,40,19,17.0256671905518,1,19,17,944,117
34.4359866195347,0.517285052843564,218,1309.93371582031,40,14,14,14,10,1294,13,54,41,19,17.1318492889404,5,-61,17,450,108
34.4526532861747,0.517285052843564,235,1418.10107421875,40,14,14,14,10,1321,13,54,40,19,17.1746292114258,2,-40,12,518,107
34.4818199527946,0.517285052843564,294,1475.48376464844,44,14,14,14,10,1357,16,54,37,19,17.255558013916,3,16,25,247,107
34.5005699527646,0.517285052843564,219,1405.89074707031,45,14,14,14,180,1356,18,56,35,20,17.3160381317139,3,10,15,360,106
34.5255699527246,0.517285052843564,236,1282.51159667969,44,14,14,14,10,1354,20,54,37,19,17.3971767425537,5,-76,18,709,102
34.6214032859046,0.517285052843564,195,1275.31896972656,46,14,14,14,10,1397,15,54,34,20,17.7066707611084,4,-107,13,1477,110
34.4776532861346,0.515201719513564,226,1475.48376464844,44,14,14,14,10,1357,16,54,37,19,17.255558013916,3,16,25,247,107
34.5047366194246,0.515201719513564,321,1312.2421875,47,14,14,14,180,1344,19,56,34,20,17.3482475280762,4,9,29,569,104
34.6047366192646,0.515201719513564,202,1451.9951171875,45,14,14,14,10,1425,16,54,36,20,17.6392307281494,4,28,14,624,102
34.6380699525446,0.515201719513564,170,1450.61511230469,44,14,14,14,10,1451,17,54,36,20,17.7442150115967,5,35,15,1322,104
34.6630699525046,0.515201719513564,152,1535.46350097656,43,14,14,14,10,1463,16,56,37,19,17.8237247467041,3,111,11,1458,110
34.6797366191445,0.515201719513564,208,1282.32275390625,46,14,14,14,10,1410,14,56,34,20,17.8914909362793,2,-92,25,2338,113
34.7130699524245,0.515201719513564,190,1212.62353515625,42,14,14,14,10,1438,15,60,36,22,17.988374710083,3,24,16,2487,112
34.4505699528447,0.513118386183564,207,1357.0966796875,40,14,14,14,10,1319,11,54,41,19,17.1528491973877,3,27,15,368,109
34.5464032860246,0.513118386183564,184,1508.99304199219,47,14,14,14,10,1409,15,54,34,19,17.4513263702393,2,47,13,346,107
34.5484866193546,0.513118386183564,174,1508.99304199219,47,14,14,14,10,1409,15,54,34,19,17.4513263702393,2,47,13,346,107
34.6943199524545,0.513118386183564,218,1239.22436523438,43,14,14,14,10,1422,14,57,36,21,17.9402847290039,3,-41,20,2452,114
34.4630699528247,0.511035052853564,200,1464.30053710938,41,14,14,14,10,1355,13,54,40,19,17.1971588134766,2,71,18,289,108
34.5214032860646,0.511035052853564,248,1282.51159667969,44,14,14,14,10,1354,20,54,37,19,17.3971767425537,5,-76,18,709,102
34.5401532860346,0.511035052853564,206,1437.94787597656,44,14,14,14,10,1383,16,54,37,19,17.4342956542969,3,-68,13,530,102
34.6568199525146,0.511035052853564,184,1598.96643066406,43,14,14,14,10,1454,17,55,38,20,17.7949066162109,4,-29,16,1464,109
34.6672366191646,0.511035052853564,184,1535.46350097656,43,14,14,14,10,1463,16,56,37,19,17.8237247467041,3,111,11,1458,110
34.6776532858146,0.511035052853564,217,1282.32275390625,46,14,14,14,10,1410,14,56,34,20,17.8914909362793,2,-92,25,2338,113
34.4630699528247,0.508951719523564,201,1465.43090820312,40,14,14,14,10,1340,13,53,41,19,17.1827640533447,4,80,16,186,110
34.4859866194546,0.508951719523564,215,1369.98767089844,46,14,14,14,10,1342,19,55,34,20,17.275577545166,3,64,18,349,107
34.4984866194346,0.508951719523564,256,1298.90710449219,46,14,14,14,10,1325,18,56,34,19,17.3097400665283,3,-60,13,679,108
34.5109866194146,0.508951719523564,243,1243.08227539062,46,14,14,14,10,1338,18,56,35,19,17.3597984313965,3,-52,23,706,105
34.5339032860446,0.508951719523564,231,1404.29089355469,46,14,14,14,10,1364,18,54,35,19,17.3931617736816,4,-68,13,689,103
34.5526532860146,0.508951719523564,180,1501.98352050781,46,14,14,14,10,1398,16,56,35,19,17.4648818969727,3,53,17,290,107
34.5901532859546,0.508951719523564,170,1520.8720703125,45,14,14,14,10,1426,16,53,35,20,17.5614128112793,3,101,18,135,110
34.6318199525546,0.508951719523564,185,1379.14697265625,45,14,14,14,10,1401,14,55,36,19,17.7109298706055,3,-115,20,1662,107
34.4359866195347,0.506868386193564,188,1298.91577148438,38,14,14,14,10,1299,12,54,43,19,17.1146869659424,3,3,12,417,106
34.4443199528547,0.506868386193564,208,1361.84509277344,38,14,14,14,10,1309,11,54,43,19,17.1363353729248,3,-8,9,347,106
34.4797366194646,0.506868386193564,277,1406.04943847656,44,14,14,14,10,1335,20,54,36,20,17.2486190795898,4,-23,19,425,106
34.4880699527846,0.506868386193564,225,1369.98767089844,46,14,14,14,10,1342,19,55,34,20,17.275577545166,3,64,18,349,107
34.5214032860646,0.506868386193564,236,1315.93859863281,46,14,14,14,10,1360,18,54,35,19,17.3747997283936,3,3,18,578,104
34.5609866193346,0.506868386193564,196,1418.92492675781,46,14,14,14,10,1370,15,55,35,19,17.4986419677734,1,-71,19,634,106
34.5776532859746,0.506868386193564,159,1476.04663085938,42,14,14,14,10,1415,16,54,38,20,17.5371761322021,5,40,13,234,105
34.5922366192846,0.506868386193564,179,1520.8720703125,45,14,14,14,10,1426,16,53,35,20,17.5614128112793,3,101,18,135,110
34.6714032858246,0.506868386193564,196,1310.80322265625,45,14,14,14,10,1402,15,57,35,20,17.8539276123047,2,-87,29,2241,109
34.7089032857645,0.506868386193564,210,1192.54711914062,42,15,15,15,10,1413,17,58,36,21,17.9557723999023,4,-85,22,2788,112
34.4172366195647,0.504785052863564,222,1220.56518554688,42,13,13,13,10,1254,13,56,40,18,17.0362434387207,2,-47,12,930,111
34.4318199528747,0.504785052863564,213,1256.94506835938,39,14,14,14,10,1279,12,54,42,19,17.090368270874,2,-33,15,674,109
34.4734866194746,0.504785052863564,249,1439.95043945312,43,13,13,13,10,1326,16,54,39,19,17.2194213867188,3,-60,26,450,105
34.5505699526846,0.504785052863564,182,1531.26745605469,46,14,14,14,10,1400,17,55,35,19,17.4362545013428,2,25,13,346,107
34.5922366192846,0.504785052863564,184,1520.8720703125,45,14,14,14,10,1426,16,53,35,20,17.5614128112793,3,101,18,135,110
34.5964032859446,0.504785052863564,190,1454.72924804688,44,14,14,14,10,1404,15,54,37,19,17.6001529693604,2,-9,15,613,107
34.6547366191846,0.504785052863564,160,1528.06530761719,41,14,14,14,10,1431,13,56,39,20,17.7875347137451,3,-7,22,1855,111
34.6839032858045,0.504785052863564,187,1253.916015625,45,14,14,14,10,1421,14,56,34,21,17.8780574798584,3,-21,14,2397,113
34.4339032862047,0.502701719533564,212,1256.94506835938,39,14,14,14,10,1279,12,54,42,19,17.090368270874,2,-33,15,674,109
34.4505699528447,0.502701719533564,208,1361.84509277344,38,14,14,14,10,1309,11,54,43,19,17.1363353729248,3,-8,9,347,106
34.4693199528147,0.502701719533564,242,1439.95043945312,43,13,13,13,10,1326,16,54,39,19,17.2194213867188,3,-60,26,450,105
34.5068199527546,0.502701719533564,254,1237.11169433594,45,14,14,14,10,1319,17,56,36,19,17.339527130127,1,-70,17,783,106
34.5401532860346,0.502701719533564,197,1480.49938964844,45,14,14,14,10,1369,16,54,36,19,17.41552734375,3,-108,20,523,104
34.5589032860046,0.502701719533564,194,1501.98352050781,46,14,14,14,10,1398,16,56,35,19,17.4648818969727,3,53,17,290,107
34.5609866193346,0.502701719533564,197,1418.92492675781,46,14,14,14,10,1370,15,55,35,19,17.4986419677734,1,-71,19,634,106
34.5839032859646,0.502701719533564,182,1476.04663085938,42,14,14,14,10,1415,16,54,38,20,17.5371761322021,5,40,13,234,105
34.6859866191345,0.502701719533564,178,1228.86669921875,43,14,14,14,10,1427,16,57,36,21,17.90380859375,2,47,17,2392,123
34.4734866194746,0.500618386203564,226,1370.98254394531,43,13,13,13,10,1300,15,56,39,19,17.2080421447754,2,-62,27,693,107
34.5005699527646,0.500618386203564,251,1215.02062988281,45,14,14,14,10,1308,17,56,36,20,17.2996006011963,4,-78,16,814,108
34.5422366193646,0.500618386203564,179,1572.41491699219,45,14,14,14,10,1401,16,54,36,20,17.3914432525635,1,78,13,243,113
34.5693199526546,0.500618386203564,200,1412.49572753906,46,14,14,14,10,1371,15,55,35,19,17.5100727081299,3,-86,13,656,107
34.5714032859846,0.500618386203564,195,1412.49572753906,46,14,14,14,10,1371,15,55,35,19,17.5100727081299,3,-86,13,656,107
34.6026532859346,0.500618386203564,205,1288.05834960938,44,14,14,14,10,1362,11,54,36,20,17.6286926269531,3,-130,18,1309,109
34.6380699525446,0.500618386203564,176,1533.49060058594,44,14,14,14,10,1439,14,54,36,20,17.7148571014404,3,47,19,1613,109
34.4234866195547,0.498535052873564,215,1260.05505371094,40,14,14,14,10,1265,11,54,41,19,17.0372257232666,4,-22,7,874,109
34.5151532860746,0.498535052873564,247,1282.99768066406,46,14,14,14,10,1349,19,53,35,20,17.3372611999512,4,-10,32,650,102
34.5318199527146,0.498535052873564,202,1523.30102539062,45,14,14,14,10,1403,16,54,35,19,17.364953994751,3,99,15,282,105
34.5818199526346,0.498535052873564,176,1473.2509765625,46,14,14,14,10,1397,15,55,35,19,17.5275363922119,3,-10,12,613,107
34.6151532859146,0.498535052873564,188,1310.50561523438,45,14,14,14,10,1395,14,54,36,19,17.64870262146,4,-28,18,1435,105
34.6172366192446,0.498535052873564,182,1310.50561523438,45,14,14,14,10,1395,14,54,36,19,17.64870262146,4,-28,18,1435,105
34.3943199529347,0.496451719543564,259,1260.86437988281,41,14,14,14,10,1240,10,55,40,19,16.9497871398926,2,-77,17,1127,112
34.4005699529247,0.496451719543564,258,1260.86437988281,41,14,14,14,10,1240,10,55,40,19,16.9497871398926,2,-77,17,1127,112
34.4401532861947,0.496451719543564,223,1313.53356933594,40,14,14,14,10,1282,11,54,41,19,17.0923538208008,3,-28,19,782,109
34.5984866192746,0.496451719543564,215,1382.95764160156,44,14,14,14,10,1372,13,55,36,19,17.5941352844238,4,-76,13,990,107
34.4734866194746,0.494368386213564,216,1370.98254394531,43,13,13,13,10,1300,15,56,39,19,17.2080421447754,2,-62,27,693,107
34.4964032861046,0.494368386213564,230,1215.02062988281,45,14,14,14,10,1308,17,56,36,20,17.2996006011963,4,-78,16,814,108
34.5234866193946,0.494368386213564,203,1409.24328613281,46,14,14,14,10,1370,18,54,35,19,17.3477210998535,3,17,13,558,103
34.5693199526546,0.494368386213564,221,1412.49572753906,46,14,14,14,10,1371,15,55,35,19,17.5100727081299,3,-86,13,656,107
34.5818199526346,0.494368386213564,179,1473.2509765625,46,14,14,14,10,1397,15,55,35,19,17.5275363922119,3,-10,12,613,107
34.6026532859346,0.494368386213564,235,1288.05834960938,44,14,14,14,10,1362,11,54,36,20,17.6286926269531,3,-130,18,1309,109
34.6276532858946,0.494368386213564,171,1470.29956054688,44,14,14,14,10,1430,14,54,36,19,17.6885757446289,4,70,16,1517,111
34.6714032858246,0.494368386213564,224,1242.78747558594,43,14,14,14,10,1401,15,57,36,21,17.8446159362793,4,-90,16,2533,111
34.5151532860746,0.492285052883564,231,1342.20935058594,45,14,14,14,10,1348,19,54,36,19,17.3137283325195,6,-39,21,608,101
34.5964032859446,0.492285052883564,193,1333.46435546875,44,14,14,14,10,1368,12,56,38,19,17.5830078125,5,-9,15,1182,108
34.6026532859346,0.492285052883564,246,1280.00805664062,44,14,14,14,10,1378,14,54,36,20,17.6143054962158,5,-29,19,1371,110
34.6255699525646,0.492285052883564,172,1416.2734375,44,14,14,14,10,1441,13,54,36,20,17.6530742645264,8,223,16,1048,106
34.6714032858246,0.492285052883564,217,1211.68054199219,42,14,14,14,10,1401,16,57,35,23,17.832311630249,4,-49,17,2574,111
34.6755699524846,0.492285052883564,184,1211.68054199219,42,14,14,14,10,1401,16,57,35,23,17.832311630249,4,-49,17,2574,111
34.6797366191445,0.492285052883564,186,1198.73645019531,43,14,14,14,10,1416,15,59,36,22,17.8564052581787,3,57,13,2390,113
34.3859866196147,0.490201719553564,232,1334.8544921875,41,14,14,14,10,1259,10,55,41,18,16.884069442749,3,27,15,1157,109
34.5089032860846,0.490201719553564,228,1231.69836425781,45,14,14,14,10,1320,16,54,36,20,17.2993812561035,4,-14,16,867,105
34.5422366193646,0.490201719553564,181,1616.61853027344,44,14,14,14,10,1390,15,54,37,19,17.3782634735107,4,-6,16,212,108
34.5609866193346,0.490201719553564,178,1430.59313964844,45,14,14,14,10,1367,18,56,36,19,17.4718017578125,4,-8,14,428,106
34.5651532859946,0.490201719553564,202,1430.59313964844,45,14,14,14,10,1367,18,56,36,19,17.4718017578125,4,-8,14,428,106
34.5755699526446,0.490201719553564,205,1444.55395507812,46,14,14,14,10,1379,13,55,35,19,17.4939403533936,3,-12,28,613,108
34.5964032859446,0.490201719553564,185,1333.46435546875,44,14,14,14,10,1368,12,56,38,19,17.5830078125,5,-9,15,1182,108
34.6214032859046,0.490201719553564,196,1416.2734375,44,14,14,14,10,1441,13,54,36,20,17.6530742645264,8,223,16,1048,106
34.6693199524946,0.490201719553564,235,1211.68054199219,42,14,14,14,10,1401,16,57,35,23,17.832311630249,4,-49,17,2574,111
34.3943199529347,0.488118386223564,213,1334.6318359375,40,14,14,14,10,1266,10,54,42,18,16.9145240783691,3,48,25,1043,110
34.4047366195847,0.488118386223564,212,1315.70812988281,39,14,14,14,10,1270,11,54,42,18,16.9475326538086,2,66,15,947,114
34.4297366195447,0.488118386223564,213,1291.93725585938,43,14,14,14,10,1283,12,54,39,19,17.0434436798096,3,20,18,732,111
34.4589032861647,0.488118386223564,201,1360.73608398438,42,14,14,14,10,1305,14,55,40,18,17.1295299530029,2,6,14,649,109
34.4880699527846,0.488118386223564,219,1190.1298828125,43,14,14,14,10,1290,16,56,38,19,17.2569751739502,2,-65,16,819,108
34.6422366192046,0.488118386223564,166,1512.75952148438,44,14,14,14,10,1442,14,54,36,20,17.7052669525146,3,104,14,1481,109
34.6443199525346,0.488118386223564,162,1475.51171875,44,14,14,14,10,1433,13,54,36,21,17.7375297546387,4,82,15,1688,106
34.6630699525046,0.488118386223564,237,1254.521484375,42,14,14,14,10,1395,12,56,37,21,17.807300567627,4,-56,9,2334,109
34.4464032861847,0.486035052893564,222,1338.431640625,42,14,14,14,10,1301,13,54,40,19,17.1013431549072,3,23,26,644,111
34.4797366194646,0.486035052893564,214,1223.85571289062,41,14,14,14,10,1301,17,57,40,19,17.2276363372803,2,-12,14,778,109
34.6047366192646,0.486035052893564,218,1280.00805664062,44,14,14,14,10,1378,14,54,36,20,17.6143054962158,5,-29,19,1371,110
34.3943199529347,0.483951719563564,211,1339.23742675781,39,14,14,14,10,1271,11,56,42,19,16.892240524292,3,65,12,885,112
34.3984866195947,0.483951719563564,214,1339.23742675781,39,14,14,14,10,1271,11,56,42,19,16.892240524292,3,65,12,885,112
34.5109866194146,0.483951719563564,231,1391.71435546875,45,14,14,14,10,1361,17,54,36,20,17.2932949066162,4,23,22,397,104
34.5672366193246,0.483951719563564,215,1449.58898925781,44,14,14,14,10,1356,16,56,36,19,17.4578437805176,5,-125,21,524,108
34.5964032859446,0.483951719563564,197,1290.42358398438,45,14,14,14,10,1358,12,56,37,19,17.5745182037354,4,-14,21,1314,110
34.6318199525546,0.483951719563564,169,1377.92468261719,44,14,14,14,10,1397,15,53,35,21,17.6784000396729,4,-28,16,1661,105
34.6547366191846,0.483951719563564,197,1265.603515625,44,14,14,14,10,1381,12,56,35,22,17.768383026123,2,-94,14,2299,107
34.6755699524846,0.483951719563564,188,1204.90478515625,43,14,14,14,10,1415,15,57,35,22,17.8169116973877,1,75,17,2475,111
34.3943199529347,0.481868386233564,219,1339.23742675781,39,14,14,14,10,1271,11,56,42,19,16.892240524292,3,65,12,885,112
34.4005699529247,0.481868386233564,216,1339.23742675781,39,14,14,14,10,1271,11,56,42,19,16.892240524292,3,65,12,885,112
34.4047366195847,0.481868386233564,207,1296.71801757812,39,14,14,14,10,1267,12,56,41,20,16.9291915893555,4,45,22,873,108
34.5547366193446,0.481868386233564,205,1442.35412597656,44,14,14,14,10,1360,18,56,36,20,17.4332466125488,3,-60,14,403,108
34.5922366192846,0.481868386233564,198,1401.06359863281,44,14,14,14,10,1369,17,56,38,19,17.5394382476807,3,-41,14,1037,109
34.5964032859446,0.481868386233564,201,1290.42358398438,45,14,14,14,10,1358,12,56,37,19,17.5745182037354,4,-14,21,1314,110
34.6026532859346,0.481868386233564,226,1269.72570800781,45,14,14,14,10,1357,13,56,35,19,17.6041069030762,3,-91,16,1594,110
34.6109866192546,0.481868386233564,204,1322.8076171875,42,14,14,14,10,1390,14,54,37,20,17.624340057373,4,28,13,1544,108
34.6339032858846,0.481868386233564,178,1377.92468261719,44,14,14,14,10,1397,15,53,35,21,17.6784000396729,4,-28,16,1661,105
34.4339032862047,0.479785052903564,210,1249.00842285156,43,14,14,14,10,1277,13,54,39,19,17.0266437530518,2,20,25,942,109
34.4589032861647,0.479785052903564,204,1277.0439453125,43,14,14,14,10,1286,14,55,38,19,17.1162719726562,3,-7,18,833,111
34.5276532860546,0.479785052903564,180,1630.841796875,44,14,14,14,10,1403,17,54,37,19,17.3314266204834,2,113,13,50,108
34.5693199526546,0.479785052903564,216,1497.24462890625,46,14,14,14,10,1386,14,55,35,19,17.4766407012939,1,48,26,461,110
34.6026532859346,0.479785052903564,225,1269.72570800781,45,14,14,14,10,1357,13,56,35,19,17.6041069030762,3,-91,16,1594,110
34.6047366192646,0.479785052903564,221,1269.72570800781,45,14,14,14,10,1357,13,56,35,19,17.6041069030762,3,-91,16,1594,110
34.6484866191946,0.479785052903564,201,1331.67529296875,45,14,14,14,10,1399,14,54,34,21,17.7366428375244,5,28,16,1957,105
34.6693199524946,0.479785052903564,168,1204.90478515625,43,14,14,14,10,1415,15,57,35,22,17.8169116973877,1,75,17,2475,111
34.4359866195347,0.477701719573564,199,1268.05322265625,43,14,14,14,10,1281,13,55,39,18,17.05544090271,3,30,13,815,110
34.4422366195247,0.477701719573564,226,1268.05322265625,43,14,14,14,10,1281,13,55,39,18,17.05544090271,3,30,13,815,110
34.5130699527446,0.477701719573564,209,1391.71435546875,45,14,14,14,10,1361,17,54,36,20,17.2932949066162,4,23,22,397,104
34.5609866193346,0.477701719573564,203,1449.58898925781,44,14,14,14,10,1356,16,56,36,19,17.4578437805176,5,-125,21,524,108
34.5734866193146,0.477701719573564,192,1497.24462890625,46,14,14,14,10,1386,14,55,35,19,17.4766407012939,1,48,26,461,110
34.4234866195547,0.475618386243564,208,1209.03308105469,44,13,13,13,10,1244,13,56,37,19,16.9791145324707,3,-90,17,1182,111
34.4630699528247,0.475618386243564,212,1194.5830078125,45,14,14,14,10,1280,16,55,35,20,17.1320476531982,3,-18,15,918,111
34.5089032860846,0.475618386243564,208,1321.845703125,44,14,14,14,10,1344,17,55,37,19,17.2549839019775,4,24,16,572,108
34.5234866193946,0.475618386243564,187,1566.29565429688,46,14,14,14,10,1374,19,55,35,19,17.2951145172119,3,6,12,286,107
34.5339032860446,0.475618386243564,176,1599.82238769531,45,14,14,14,10,1384,18,56,35,19,17.3234901428223,3,54,36,169,105
34.5484866193546,0.475618386243564,180,1448.93383789062,46,14,14,14,10,1362,16,56,34,20,17.3917007446289,4,-1,13,324,108
34.5630699526646,0.475618386243564,202,1488.60217285156,46,14,14,14,10,1377,15,54,35,20,17.4389629364014,3,41,21,240,107
34.5714032859846,0.473535052913564,200,1532.9833984375,45,14,14,14,10,1391,15,56,36,19,17.460729598999,2,120,14,30,114
34.6172366192446,0.473535052913564,169,1290.1494140625,45,14,14,14,10,1379,14,56,36,20,17.6150608062744,3,50,26,1659,111
34.6568199525146,0.473535052913564,181,1211.75427246094,42,14,14,14,10,1387,13,57,36,22,17.7541694641113,4,-15,16,2499,106
34.6714032858246,0.473535052913564,171,1189.93481445312,43,14,14,14,10,1405,17,57,36,22,17.8063678741455,5,47,13,2396,111
34.4359866195347,0.471451719583564,232,1208.30236816406,44,13,13,13,10,1266,14,56,38,18,17.0392589569092,3,-31,13,1077,111
34.4422366195247,0.471451719583564,202,1208.30236816406,44,13,13,13,10,1266,14,56,38,18,17.0392589569092,3,-31,13,1077,111
34.4484866195147,0.471451719583564,205,1210.67651367188,45,13,13,13,10,1282,14,56,37,18,17.0690021514893,2,45,12,893,114
34.5068199527546,0.471451719583564,215,1321.845703125,44,14,14,14,10,1344,17,55,37,19,17.2549839019775,4,24,16,572,108
34.5297366193846,0.471451719583564,173,1599.82238769531,45,14,14,14,10,1384,18,56,35,19,17.3234901428223,3,54,36,169,105
34.5984866192746,0.471451719583564,267,1260.10534667969,45,14,14,14,10,1341,14,57,36,19,17.5653858184814,2,-61,17,1577,111
34.6214032859046,0.471451719583564,183,1278.37451171875,43,14,14,14,10,1366,15,56,38,20,17.646764755249,4,0,25,1802,108
34.3922366196047,0.469368386253564,222,1312.60473632812,43,14,14,14,10,1253,11,56,39,18,16.8391246795654,3,9,16,1023,109
34.5901532859546,0.469368386253564,207,1361.94995117188,45,14,14,14,10,1345,14,57,36,19,17.5294284820557,3,-39,17,1217,110
34.6693199524946,0.469368386253564,167,1189.93481445312,43,14,14,14,10,1405,17,57,36,22,17.8063678741455,5,47,13,2396,111
34.5172366194046,0.467285052923564,189,1515.61145019531,46,14,14,14,10,1362,15,54,35,19,17.2533149719238,2,11,18,418,109
34.5318199527146,0.467285052923564,169,1561.11242675781,47,14,14,14,10,1349,20,56,35,19,17.3142509460449,2,-67,18,480,107
34.5630699526646,0.467285052923564,182,1521.43395996094,46,14,14,14,10,1372,15,55,35,19,17.4267959594727,4,50,16,200,111
34.5672366193246,0.467285052923564,179,1521.43395996094,46,14,14,14,10,1372,15,55,35,19,17.4267959594727,4,50,16,200,111
34.5859866192946,0.467285052923564,194,1306.39331054688,46,14,14,14,10,1339,18,58,34,20,17.5197219848633,3,-22,20,1221,110
34.6484866191946,0.467285052923564,191,1151.48083496094,42,14,14,14,10,1370,11,58,36,22,17.7220306396484,3,-32,12,2535,107
34.4964032861046,0.465201719593564,224,1317.94506835938,44,14,14,14,10,1313,15,54,36,20,17.2101593017578,2,-91,15,807,109
34.5089032860846,0.465201719593564,179,1397.94848632812,45,14,14,14,10,1339,17,55,36,19,17.2316665649414,3,-23,13,612,108
34.5193199527346,0.465201719593564,164,1597.18908691406,46,14,14,14,10,1375,18,55,36,19,17.2783851623535,1,62,14,252,119
34.5297366193846,0.465201719593564,176,1561.11242675781,47,14,14,14,10,1349,20,56,35,19,17.3142509460449,2,-67,18,480,107
34.5693199526546,0.465201719593564,190,1500.85034179688,45,14,14,14,10,1371,16,57,36,19,17.4555130004883,3,37,14,492,108
34.5818199526346,0.465201719593564,186,1419.19079589844,45,14,14,14,10,1365,15,57,36,19,17.4850273132324,2,79,17,798,108
34.5964032859446,0.465201719593564,260,1237.83642578125,46,13,13,13,10,1336,16,56,34,19,17.5526638031006,4,-76,18,1694,111
34.6047366192646,0.465201719593564,184,1240.84509277344,46,13,13,13,10,1362,13,56,35,20,17.5775928497314,1,70,17,1629,113
34.6130699525846,0.465201719593564,213,1242.16979980469,47,14,14,14,10,1367,14,57,34,19,17.6062679290771,3,83,12,1683,111
34.6526532858546,0.465201719593564,163,1168.45983886719,41,14,14,14,10,1397,12,58,38,21,17.7439880371094,3,97,11,2310,108
34.5880699526246,0.463118386263564,198,1306.39331054688,46,14,14,14,10,1339,18,58,34,20,17.5197219848633,3,-22,20,1221,110
34.5922366192846,0.463118386263564,240,1306.39331054688,46,14,14,14,10,1339,18,58,34,20,17.5197219848633,3,-22,20,1221,110
34.6047366192646,0.463118386263564,196,1240.84509277344,46,13,13,13,10,1362,13,56,35,20,17.5775928497314,1,70,17,1629,113
34.6589032858446,0.463118386263564,167,1168.45983886719,41,14,14,14,10,1397,12,58,38,21,17.7439880371094,3,97,11,2310,108
34.5214032860646,0.461035052933564,162,1597.18908691406,46,14,14,14,10,1375,18,55,36,19,17.2783851623535,1,62,14,252,119
34.5651532859946,0.461035052933564,177,1521.43395996094,46,14,14,14,10,1372,15,55,35,19,17.4267959594727,4,50,16,200,111
34.5005699527646,0.458951719603564,212,1400.67456054688,45,14,14,14,10,1331,16,54,37,19,17.1829528808594,2,-21,12,590,109
34.5234866193946,0.458951719603564,181,1633.00500488281,48,14,14,14,10,1375,17,55,34,19,17.2606925964355,0,74,19,186,119
34.5297366193846,0.458951719603564,190,1535.89172363281,48,14,14,14,10,1355,21,56,34,18,17.2996501922607,3,27,15,330,108
34.5797366193046,0.458951719603564,195,1327.35388183594,47,14,14,14,10,1324,16,57,34,20,17.4822463989258,3,-93,15,1062,111
34.5255699527246,0.456868386273564,197,1633.00500488281,48,14,14,14,10,1375,17,55,34,19,17.2606925964355,0,74,19,186,119
34.5276532860546,0.456868386273564,198,1535.89172363281,48,14,14,14,10,1355,21,56,34,18,17.2996501922607,3,27,15,330,108
34.5339032860446,0.456868386273564,202,1535.89172363281,48,14,14,14,10,1355,21,56,34,18,17.2996501922607,3,27,15,330,108
34.5943199526146,0.456868386273564,238,1208.72839355469,47,13,13,13,10,1330,16,57,33,20,17.5405349731445,1,-37,18,1685,115
34.6172366192446,0.456868386273564,213,1183.814453125,46,13,13,13,10,1339,16,59,35,19,17.6003170013428,2,-20,24,1920,111
34.6443199525346,0.456868386273564,182,1130.99670410156,41,14,14,14,10,1367,11,58,38,22,17.7120590209961,3,19,9,2444,109
34.6130699525846,0.454785052943564,188,1183.814453125,46,13,13,13,10,1339,16,59,35,19,17.6003170013428,2,-20,24,1920,111
34.6422366192046,0.454785052943564,182,1126.42761230469,43,14,14,14,10,1349,11,57,36,22,17.6874504089355,3,-48,16,2552,109
34.5880699526246,0.452701719613564,213,1247.62451171875,47,13,13,13,10,1325,15,56,33,20,17.5102500915527,1,-58,14,1399,112
34.6151532859146,0.450618386283564,245,1159.66528320312,46,13,13,13,10,1325,15,57,34,20,17.5881290435791,2,-63,17,2167,111
34.5901532859546,0.448535052953564,211,1212.2783203125,47,13,13,13,10,1336,14,57,34,20,17.4969463348389,2,63,21,1307,120
34.5922366192846,0.448535052953564,222,1212.2783203125,47,13,13,13,10,1336,14,57,34,20,17.4969463348389,2,63,21,1307,120
34.5859866192946,0.436035052973564,232,1191.82824707031,48,14,14,14,10,1317,15,58,32,20,17.4863262176514,5,-13,20,1415,116
35.0714032851844,0.89853505223357,297,1186.33642578125,47,13,13,13,10,1781,22,60,32,20,18.684476852417,1,-115,15,1237,103
35.0776532851743,0.89853505223357,277,1182.14050292969,48,14,14,14,10,1795,23,60,32,20,18.6816654205322,4,-75,15,1073,101
35.0380699519044,0.89645171890357,293,1208.43420410156,46,14,14,14,10,1777,21,61,34,20,18.6876316070557,3,-100,8,1299,106
35.0714032851844,0.89645171890357,324,1186.33642578125,47,13,13,13,10,1781,22,60,32,20,18.684476852417,1,-115,15,1237,103
35.0234866185944,0.89436838557357,307,1203.70141601562,48,14,14,14,10,1779,21,60,31,20,18.6971569061279,2,-66,35,1356,108
35.0422366185644,0.89436838557357,281,1208.43420410156,46,14,14,14,10,1777,21,61,34,20,18.6876316070557,3,-100,8,1299,106
35.0672366185244,0.89228505224357,288,1302.92529296875,47,14,14,14,10,1812,25,62,32,21,18.6592540740967,4,36,12,1014,101
35.0568199518744,0.89020171891357,281,1327.8525390625,46,14,14,14,10,1800,22,59,34,20,18.6586112976074,3,-66,15,1148,101
35.0714032851844,0.88603505225357,291,1247.39184570312,47,14,14,14,10,1799,24,62,32,21,18.6703968048096,3,-10,22,1129,101
35.0214032852644,0.88395171892357,304,1195.44213867188,46,14,14,14,10,1778,23,60,33,20,18.6950492858887,5,-99,16,1430,108
35.0255699519244,0.88395171892357,306,1195.44213867188,46,14,14,14,10,1778,23,60,33,20,18.6950492858887,5,-99,16,1430,108
35.0734866185144,0.88395171892357,288,1346.15649414062,48,14,14,14,10,1811,25,63,31,21,18.6527328491211,3,-6,12,935,102
35.0776532851743,0.88395171892357,300,1263.33056640625,48,14,14,14,10,1805,25,62,31,21,18.6655368804932,5,-14,11,1141,102
35.0276532852544,0.88186838559357,269,1213.02221679688,48,14,14,14,10,1815,21,60,32,20,18.6745510101318,3,67,24,996,105
35.0526532852144,0.87978505226357,276,1428.29724121094,47,14,14,14,10,1825,22,61,33,20,18.6306304931641,3,-16,20,934,101
35.0922366184843,0.87978505226357,305,1197.80541992188,47,14,14,14,10,1782,22,60,32,21,18.6791133880615,1,-136,7,1267,101
35.0526532852144,0.87770171893357,293,1428.29724121094,47,14,14,14,10,1825,22,61,33,20,18.6306304931641,3,-16,20,934,101
35.0755699518444,0.87770171893357,275,1346.15649414062,48,14,14,14,10,1811,25,63,31,21,18.6527328491211,3,-6,12,935,102
35.0818199518343,0.87770171893357,298,1263.33056640625,48,14,14,14,10,1805,25,62,31,21,18.6655368804932,5,-14,11,1141,102
35.0839032851643,0.87770171893357,299,1263.33056640625,48,14,14,14,10,1805,25,62,31,21,18.6655368804932,5,-14,11,1141,102
35.1068199517943,0.87770171893357,275,1149.37744140625,46,14,14,14,10,1820,19,57,34,20,18.6713905334473,5,72,8,789,100
35.1130699517843,0.87770171893357,323,1114.71984863281,45,14,14,14,10,1787,17,57,35,20,18.675853729248,2,-100,9,1123,101
35.0318199519144,0.87353505227357,311,1210.49633789062,47,14,14,14,62,1798,24,62,32,20,18.6701602935791,2,-8,46,1213,106
35.0359866185744,0.87353505227357,264,1269.31274414062,47,14,14,14,10,1812,21,59,32,21,18.6563987731934,3,-47,24,948,105
35.0776532851743,0.87353505227357,280,1341.4326171875,48,14,14,14,10,1837,22,60,30,21,18.6433372497559,3,88,12,744,105
35.1005699518043,0.87353505227357,328,1157.8798828125,46,14,14,14,10,1788,23,61,33,21,18.6807861328125,2,-84,11,1174,103
35.0859866184943,0.87145171894357,285,1243.90954589844,47,14,14,14,10,1804,21,60,32,20,18.6631336212158,4,-23,9,999,102
35.0297366185844,0.86936838561357,325,1210.49633789062,47,14,14,14,62,1798,24,62,32,20,18.6701602935791,2,-8,46,1213,106
35.0630699518644,0.86936838561357,268,1435.11938476562,48,14,14,14,10,1850,20,58,31,21,18.6219577789307,4,97,7,593,104
35.0859866184943,0.86936838561357,288,1243.90954589844,47,14,14,14,10,1804,21,60,32,20,18.6631336212158,4,-23,9,999,102
35.1130699517843,0.86936838561357,282,1102.115234375,44,14,14,14,10,1798,19,58,35,21,18.671314239502,4,-83,6,1129,99
35.0193199519344,0.86728505228357,282,1185.95751953125,46,14,14,14,10,1800,24,59,34,20,18.6917037963867,3,49,21,1285,103
35.0380699519044,0.86728505228357,279,1218.48046875,46,14,14,14,10,1824,17,59,34,20,18.6668109893799,5,64,6,823,111
35.0693199518544,0.86520171895357,289,1377.94287109375,47,14,14,14,10,1849,23,62,32,21,18.627571105957,3,39,8,642,107
35.0859866184943,0.86520171895357,280,1270.99597167969,48,14,14,14,10,1831,20,58,32,20,18.6488742828369,3,54,14,834,104
35.0318199519144,0.86311838562357,277,1189.81750488281,47,14,14,14,10,1823,21,61,32,20,18.6752414703369,3,145,21,909,106
35.0443199518944,0.86311838562357,263,1265.47692871094,46,14,14,14,10,1832,21,60,34,20,18.6568183898926,3,22,9,748,102
35.0547366185444,0.86311838562357,301,1317.23254394531,48,14,14,14,10,1847,20,59,31,21,18.6443824768066,4,62,11,573,100
35.1005699518043,0.86311838562357,272,1167.08056640625,46,14,14,14,10,1799,21,59,34,21,18.6710052490234,2,-72,32,1098,103
35.1109866184543,0.86311838562357,280,1122.68127441406,46,14,14,14,62,1812,19,58,34,20,18.6492671966553,3,-86,11,1027,97
35.0776532851743,0.86103505229357,279,1362.70202636719,49,14,14,14,10,1844,21,60,30,21,18.6275882720947,4,69,5,608,107
35.0318199519144,0.85895171896357,274,1168.91052246094,46,14,14,14,10,1783,23,58,34,20,18.6973857879639,3,-61,11,1216,103
35.0401532852344,0.85895171896357,260,1182.22509765625,46,14,14,14,10,1783,21,59,34,20,18.683988571167,3,-100,21,1229,103
35.0651532851944,0.85895171896357,313,1261.0810546875,47,14,14,14,10,1818,18,59,32,21,18.6576728820801,5,-128,14,883,102
35.0776532851743,0.85895171896357,298,1328.67944335938,47,14,14,14,10,1853,17,57,32,21,18.6280517578125,4,77,8,393,110
35.0818199518343,0.85895171896357,266,1328.67944335938,47,14,14,14,10,1853,17,57,32,21,18.6280517578125,4,77,8,393,110
35.0901532851543,0.85895171896357,266,1273.59020996094,45,14,14,14,10,1821,20,59,35,20,18.641695022583,2,-74,5,736,105
35.0484866185544,0.85686838563357,287,1211.271484375,47,14,14,14,10,1794,22,58,33,21,18.672212600708,1,-126,23,1143,102
35.0901532851543,0.85686838563357,268,1273.59020996094,45,14,14,14,10,1821,20,59,35,20,18.641695022583,2,-74,5,736,105
35.0359866185744,0.85478505230357,319,1182.22509765625,46,14,14,14,10,1783,21,59,34,20,18.683988571167,3,-100,21,1229,103
35.0547366185444,0.85478505230357,308,1235.89489746094,47,14,14,14,10,1805,23,59,31,22,18.6654453277588,5,-123,17,1008,102
35.0589032852044,0.85478505230357,284,1235.89489746094,47,14,14,14,10,1805,23,59,31,22,18.6654453277588,5,-123,17,1008,102
35.0755699518444,0.85478505230357,267,1305.50109863281,48,14,14,14,10,1855,22,61,31,21,18.6371307373047,3,57,12,467,104
35.0380699519044,0.85061838564357,293,1177.03527832031,47,14,14,14,10,1810,19,59,33,20,18.6812419891357,2,54,13,1060,102
35.0609866185344,0.85061838564357,318,1226.52990722656,49,14,14,14,10,1819,18,60,30,21,18.6508636474609,4,-50,13,1029,105
35.1151532851143,0.85061838564357,296,1204.92309570312,47,14,14,14,10,1867,24,58,34,19,18.6124439239502,8,-39,10,637,101
35.0401532852344,0.84853505231357,273,1177.03527832031,47,14,14,14,10,1810,19,59,33,20,18.6812419891357,2,54,13,1060,102
35.1005699518043,0.84853505231357,272,1230.17163085938,46,14,14,14,10,1835,18,57,35,19,18.6315670013428,3,-30,11,791,106
35.0776532851743,0.84645171898357,268,1303.23327636719,47,14,14,14,10,1861,22,59,33,20,18.626558303833,4,30,10,526,107
35.0901532851543,0.84645171898357,261,1292.68664550781,46,14,14,14,10,1858,21,58,35,19,18.6222095489502,3,64,11,588,106
35.1026532851343,0.84645171898357,281,1193.81787109375,47,14,14,14,10,1837,20,58,34,19,18.6309661865234,4,-74,16,794,105
35.0880699518243,0.84436838565357,261,1292.68664550781,46,14,14,14,10,1858,21,58,35,19,18.6222095489502,3,64,11,588,106
35.0859866184943,0.84228505232357,265,1323.33947753906,47,14,14,14,10,1877,18,57,34,19,18.6138229370117,3,105,7,399,120
35.1005699518043,0.84228505232357,270,1270.30346679688,46,14,14,14,10,1873,16,57,34,19,18.6220436096191,2,97,8,455,111
35.0422366185644,0.83811838566357,297,1175.34484863281,47,14,14,14,10,1802,18,57,32,21,18.6813716888428,4,28,7,1192,103
35.0630699518644,0.83811838566357,299,1211.33337402344,48,14,14,14,10,1844,17,62,32,21,18.650218963623,3,66,8,695,107
35.0755699518444,0.83811838566357,278,1244.41125488281,48,14,14,14,10,1849,20,60,33,20,18.6370143890381,3,51,15,741,108
35.0943199518143,0.83811838566357,264,1270.30346679688,46,14,14,14,10,1873,16,57,34,19,18.6220436096191,2,97,8,455,111
35.0318199519144,0.83603505233357,320,1165.61267089844,46,14,14,14,10,1776,22,60,34,20,18.703498840332,5,-90,21,1446,104
35.1068199517943,0.83603505233357,311,1224.89086914062,47,14,14,14,10,1872,16,58,34,20,18.6227111816406,2,96,4,597,113
35.0839032851643,0.83395171900357,289,1305.076171875,48,14,14,14,10,1875,20,58,33,19,18.6262054443359,2,86,7,393,107
35.1026532851343,0.83395171900357,287,1216.40002441406,47,14,14,14,10,1845,18,58,34,20,18.6462097167969,4,-26,8,713,109
35.1151532851143,0.83186838567357,347,1189.81176757812,47,14,14,14,10,1866,18,57,33,19,18.6384658813477,4,59,12,598,109
35.0297366185844,0.82978505234357,276,1165.66296386719,46,14,14,14,10,1781,18,58,33,20,18.7082538604736,4,-25,9,1345,105
35.1214032851043,0.82978505234357,309,1167.49011230469,46,14,14,14,10,1847,20,58,35,19,18.6396389007568,3,19,5,767,109
35.0630699518644,0.82770171901357,288,1185.66345214844,47,14,14,14,10,1821,17,59,33,20,18.6679344177246,3,-40,19,992,105
35.1422366184043,0.82770171901357,304,1118.45275878906,47,14,14,14,10,1843,20,61,33,21,18.6416492462158,3,-82,2,918,110
35.0776532851743,0.82561838568357,286,1287.21350097656,48,14,14,14,10,1867,20,58,33,19,18.638240814209,3,106,11,735,108
35.1297366184243,0.82353505235357,307,1117.11169433594,45,14,14,14,10,1841,21,59,34,21,18.654369354248,5,-53,13,1174,111
35.1276532850943,0.82145171902357,292,1117.11169433594,45,14,14,14,10,1841,21,59,34,21,18.654369354248,5,-53,13,1174,111
35.1401532850743,0.82145171902357,278,1112.01159667969,47,14,14,14,10,1855,22,61,33,20,18.6390933990479,4,50,9,1002,111
35.0630699518644,0.81936838569357,287,1167.17553710938,48,14,14,14,10,1816,17,59,32,20,18.6769199371338,2,5,9,1129,107
35.0984866184743,0.81936838569357,285,1272.89782714844,47,14,14,14,10,1837,21,59,34,19,18.649320602417,2,-26,11,932,108
35.1359866184143,0.81936838569357,290,1112.01159667969,47,14,14,14,10,1855,22,61,33,20,18.6390933990479,4,50,9,1002,111
35.1380699517443,0.81936838569357,283,1112.01159667969,47,14,14,14,10,1855,22,61,33,20,18.6390933990479,4,50,9,1002,111
35.0526532852144,0.81728505236357,282,1136.27172851562,49,14,14,14,10,1783,16,60,31,20,18.7077865600586,3,-8,16,1267,107
35.0964032851443,0.81728505236357,298,1244.763671875,47,14,14,14,10,1837,17,60,33,20,18.657995223999,3,71,9,1005,111
35.0589032852044,0.81520171903357,271,1136.27172851562,49,14,14,14,10,1783,16,60,31,20,18.7077865600586,3,-8,16,1267,107
35.0526532852144,0.81311838570357,278,1136.27172851562,49,14,14,14,10,1783,16,60,31,20,18.7077865600586,3,-8,16,1267,107
35.0672366185244,0.81311838570357,275,1153.09106445312,48,14,14,14,10,1810,16,60,32,19,18.691499710083,3,42,12,1185,107
35.0964032851443,0.81311838570357,317,1244.763671875,47,14,14,14,10,1837,17,60,33,20,18.657995223999,3,71,9,1005,111
35.1172366184443,0.81311838570357,327,1116.38049316406,47,14,14,14,10,1801,16,60,33,21,18.6874046325684,3,-118,10,1497,113
35.1380699517443,0.81103505237357,284,1111.90246582031,46,14,14,14,10,1855,21,58,33,20,18.6445217132568,4,14,6,1000,110
35.1359866184143,0.80895171904357,310,1113.18737792969,46,14,14,14,10,1847,20,58,35,20,18.6465644836426,4,-43,9,1364,111
35.0714032851844,0.80686838571357,267,1159.74499511719,47,14,14,14,10,1809,15,59,33,20,18.694242477417,3,48,7,1255,108
35.1255699517643,0.80686838571357,301,1099.17272949219,46,14,14,14,10,1834,17,57,34,20,18.6744194030762,4,40,13,1354,108
35.0651532851944,0.80478505238357,301,1141.58959960938,47,14,14,14,10,1787,14,58,33,20,18.7100238800049,3,-20,17,1461,107
35.0901532851543,0.80478505238357,314,1199.44445800781,46,14,14,14,10,1820,15,59,34,20,18.681827545166,5,-18,9,1242,108
35.1276532850943,0.80478505238357,303,1109.89855957031,46,14,14,14,10,1859,21,59,34,20,18.652702331543,3,131,6,1154,114
35.1339032850843,0.80478505238357,319,1109.89855957031,46,14,14,14,10,1859,21,59,34,20,18.652702331543,3,131,6,1154,114
35.0672366185244,0.80270171905357,290,1141.58959960938,47,14,14,14,10,1787,14,58,33,20,18.7100238800049,3,-20,17,1461,107
35.1151532851143,0.80270171905357,332,1098.74035644531,47,14,14,14,10,1795,17,60,32,21,18.6953983306885,5,-134,6,1699,114
35.1172366184443,0.80270171905357,321,1098.74035644531,47,14,14,14,10,1795,17,60,32,21,18.6953983306885,5,-134,6,1699,114
35.1214032851043,0.80270171905357,297,1099.17272949219,46,14,14,14,10,1834,17,57,34,20,18.6744194030762,4,40,13,1354,108
35.0693199518544,0.80061838572357,286,1131.90710449219,47,14,14,14,10,1780,16,58,33,20,18.7148056030273,2,-28,9,1472,108
35.0776532851743,0.79853505239357,291,1137.61901855469,47,14,14,14,10,1804,15,58,33,20,18.7043304443359,3,70,14,1374,111
35.1047366184643,0.79853505239357,323,1106.31042480469,46,14,14,14,10,1778,16,59,34,20,18.7026271820068,3,-136,11,1745,113
35.1109866184543,0.79853505239357,373,1094.0244140625,47,14,14,14,10,1810,17,61,33,20,18.6897983551025,4,3,11,1698,109
35.1359866184143,0.79645171906357,326,1119.11682128906,46,14,14,14,10,1844,18,58,34,20,18.6482448577881,4,-71,4,1508,112
35.0922366184843,0.79228505240357,348,1109.58959960938,47,14,14,14,10,1771,17,62,32,20,18.71435546875,4,-106,16,1942,110
35.1214032851043,0.79228505240357,325,1111.41162109375,48,14,14,14,10,1843,15,58,32,20,18.6660118103027,0,68,8,1502,113
35.1339032850843,0.79020171907357,323,1127.57238769531,46,14,14,14,10,1857,19,59,34,20,18.64892578125,4,14,8,1517,110
35.0651532851944,0.78811838574357,357,1161.85241699219,46,14,14,14,10,1756,16,61,33,21,18.7240123748779,4,-61,12,1675,106
35.0734866185144,0.78811838574357,314,1112.560546875,46,14,14,14,10,1776,16,60,33,21,18.7269706726074,3,-8,12,1720,109
35.0839032851643,0.78811838574357,342,1109.0673828125,47,14,14,14,10,1775,17,61,32,21,18.7201175689697,4,-25,10,1656,109
35.0922366184843,0.78811838574357,321,1109.58959960938,47,14,14,14,10,1771,17,62,32,20,18.71435546875,4,-106,16,1942,110
35.1047366184643,0.78811838574357,323,1103.19909667969,47,14,14,14,10,1789,18,63,33,20,18.6956443786621,3,-72,12,1901,110
35.1422366184043,0.78603505241357,304,1133.12060546875,46,14,14,14,10,1850,16,59,33,20,18.6420040130615,2,-27,3,1556,112
35.0693199518544,0.78395171908357,322,1101.6689453125,45,14,14,14,10,1758,17,59,34,20,18.7309398651123,5,-89,15,1979,108
35.0943199518143,0.78395171908357,301,1119.21228027344,46,14,14,14,10,1810,15,58,34,20,18.6910552978516,3,4,4,1710,109
35.0776532851743,0.78186838575357,307,1102.11022949219,46,14,14,14,10,1777,17,59,34,21,18.7150802612305,4,-27,12,1878,108
35.1214032851043,0.78186838575357,317,1131.39831542969,47,14,14,14,10,1830,19,58,34,20,18.6632843017578,4,-109,8,1644,107
35.1380699517443,0.78186838575357,340,1148.96569824219,46,14,14,14,10,1862,21,58,34,20,18.6348304748535,1,9,7,1530,113
35.1443199517343,0.78186838575357,339,1141.53344726562,46,14,14,14,10,1886,15,57,33,20,18.6275005340576,2,54,0,1489,109
35.1255699517643,0.77978505242357,315,1131.39831542969,47,14,14,14,10,1830,19,58,34,20,18.6632843017578,4,-109,8,1644,107
35.0984866184743,0.77770171909357,313,1119.21228027344,46,14,14,14,10,1810,15,58,34,20,18.6910552978516,3,4,4,1710,109
35.1130699517843,0.77770171909357,340,1122.95654296875,47,14,14,14,10,1807,18,59,33,20,18.6767845153809,2,-140,20,1849,107
35.1026532851343,0.77561838576357,308,1156.0400390625,45,14,14,14,10,1848,16,58,35,20,18.6564846038818,5,21,4,1560,106
35.0693199518544,0.77353505243357,308,1086.72180175781,45,14,14,14,10,1768,22,60,35,20,18.7307415008545,3,-39,10,1908,106
35.0797366185043,0.77353505243357,296,1100.1279296875,44,14,14,14,10,1797,18,58,36,20,18.7063636779785,3,39,11,1714,105
35.0839032851643,0.77353505243357,286,1100.1279296875,44,14,14,14,10,1797,18,58,36,20,18.7063636779785,3,39,11,1714,105
35.1089032851243,0.77353505243357,321,1156.0400390625,45,14,14,14,10,1848,16,58,35,20,18.6564846038818,5,21,4,1560,106
35.1297366184243,0.77353505243357,343,1178.34936523438,46,14,14,14,10,1873,19,57,34,20,18.631628036499,6,-23,7,1646,106
35.1422366184043,0.76936838577357,380,1164.03540039062,46,14,14,14,10,1869,19,58,33,21,18.6301612854004,1,-26,4,1574,113
35.1297366184243,0.76728505244357,334,1225.20568847656,47,14,14,14,10,1900,20,58,32,20,18.6134223937988,2,51,7,1418,109
35.0651532851944,0.76520171911357,300,1092.03820800781,45,14,14,14,10,1748,20,58,35,20,18.7444553375244,2,-61,7,1955,106
35.0818199518343,0.76520171911357,333,1090.13122558594,43,14,14,14,10,1799,21,58,37,20,18.7091217041016,11,7,4,1756,100
35.1214032851043,0.76520171911357,337,1236.67492675781,47,14,14,14,10,1895,20,58,33,20,18.613109588623,5,78,8,1347,108
35.1193199517743,0.76311838578357,351,1236.67492675781,47,14,14,14,10,1895,20,58,33,20,18.613109588623,5,78,8,1347,108
35.1214032851043,0.76311838578357,344,1236.67492675781,47,14,14,14,10,1895,20,58,33,20,18.613109588623,5,78,8,1347,108
35.0505699518844,0.76103505245357,329,1154.78344726562,46,14,14,14,10,1744,21,60,34,20,18.739767074585,3,-92,29,1748,104
35.1047366184643,0.76103505245357,378,1177.16345214844,46,14,14,14,10,1872,17,60,34,20,18.6365947723389,5,54,7,1427,106
35.1130699517843,0.76103505245357,358,1213.31469726562,47,14,14,14,10,1876,18,59,33,20,18.6229400634766,4,9,14,1437,109
35.1234866184343,0.76103505245357,370,1236.67492675781,47,14,14,14,10,1895,20,58,33,20,18.613109588623,5,78,8,1347,108
35.0568199518744,0.75895171912357,335,1117.05700683594,47,14,14,14,10,1750,17,58,32,21,18.7281875610352,3,-55,7,1991,102
35.0943199518143,0.75895171912357,318,1129.31372070312,46,14,14,14,10,1841,22,60,33,20,18.6628112792969,5,-50,13,1553,103
35.1234866184343,0.75895171912357,389,1257.72631835938,47,14,14,14,10,1922,20,59,33,20,18.6036548614502,2,86,10,1179,113
35.0755699518444,0.75686838579357,315,1089.50109863281,46,14,14,14,10,1763,23,59,34,20,18.7205638885498,7,-8,16,2024,105
34.9714032853444,0.75478505246357,310,1087.1591796875,46,14,14,14,10,1665,21,60,34,20,18.7217197418213,6,-40,14,1619,102
34.9755699520044,0.75478505246357,330,1087.1591796875,46,14,14,14,10,1665,21,60,34,20,18.7217197418213,6,-40,14,1619,102
35.0714032851844,0.75478505246357,292,1089.50109863281,46,14,14,14,10,1763,23,59,34,20,18.7205638885498,7,-8,16,2024,105
35.1151532851143,0.75478505246357,353,1225.77661132812,47,14,14,14,10,1901,17,59,34,19,18.6124877929688,1,66,7,1236,112
35.1193199517743,0.75478505246357,358,1257.72631835938,47,14,14,14,10,1922,20,59,33,20,18.6036548614502,2,86,10,1179,113
35.1214032851043,0.75478505246357,401,1257.72631835938,47,14,14,14,10,1922,20,59,33,20,18.6036548614502,2,86,10,1179,113
35.1339032850843,0.75478505246357,361,1252.90515136719,47,14,14,14,10,1918,20,58,33,20,18.6015949249268,2,70,6,1296,117
35.1089032851243,0.75270171913357,376,1176.31274414062,47,14,14,14,10,1881,19,61,33,20,18.6327533721924,5,21,9,1373,105
35.1380699517443,0.75270171913357,335,1213.61169433594,47,14,14,14,10,1904,19,58,32,21,18.6069717407227,4,-1,10,1586,110
35.0651532851944,0.75061838580357,289,1147.0810546875,47,14,14,14,10,1781,22,61,32,21,18.7011184692383,4,-55,5,1764,102
34.9755699520044,0.74853505247357,318,1169.64562988281,46,14,14,14,10,1659,26,60,34,19,18.7197532653809,5,-98,12,1847,98
35.1234866184343,0.74853505247357,392,1236.26281738281,47,14,14,14,10,1912,22,60,34,20,18.60964012146,2,9,9,1291,115
35.1401532850743,0.74853505247357,354,1215.15942382812,47,14,14,14,10,1923,18,58,33,20,18.60178565979,3,85,7,1450,119
35.1443199517343,0.74853505247357,365,1182.552734375,46,14,14,14,10,1920,16,58,33,21,18.6055736541748,1,33,6,1697,120
34.9943199519744,0.74645171914357,315,1074.75793457031,46,14,14,14,10,1679,19,59,35,20,18.7382831573486,3,-52,17,1308,101
35.0359866185744,0.74645171914357,324,1065.25073242188,46,14,14,14,10,1712,18,59,33,21,18.7543163299561,6,-188,13,1813,99
35.0714032851844,0.74645171914357,295,1122.24243164062,47,14,14,14,10,1790,22,61,32,21,18.7000865936279,5,33,9,1653,104
35.1047366184643,0.74645171914357,364,1171.99890136719,46,14,14,14,10,1892,16,59,34,20,18.6296501159668,5,44,6,1455,104
35.1339032850843,0.74645171914357,409,1240.27160644531,46,14,14,14,10,1925,20,59,35,20,18.6022853851318,3,47,8,1427,115
35.0547366185444,0.74436838581357,293,1146.22448730469,48,14,14,14,12,1795,19,59,32,21,18.6989860534668,4,134,8,1478,100
35.0839032851643,0.74436838581357,299,1100.61315917969,47,14,14,14,10,1772,22,59,33,20,18.7025585174561,5,-197,10,2179,107
35.1005699518043,0.74436838581357,356,1128.544921875,45,14,14,14,10,1838,17,61,34,20,18.6596984863281,5,-97,8,1648,101
35.1047366184643,0.74436838581357,377,1171.99890136719,46,14,14,14,10,1892,16,59,34,20,18.6296501159668,5,44,6,1455,104
35.1089032851243,0.74436838581357,352,1171.99890136719,46,14,14,14,10,1892,16,59,34,20,18.6296501159668,5,44,6,1455,104
34.9568199520344,0.74228505248357,306,1205.59399414062,46,14,14,14,10,1692,22,60,35,19,18.6973171234131,7,29,13,1707,97
35.1026532851343,0.74228505248357,384,1170.13952636719,46,14,14,14,10,1905,16,59,34,20,18.6278648376465,2,126,5,1342,108
34.9672366186844,0.74020171915357,314,1277.04821777344,46,14,14,14,10,1687,22,60,35,19,18.7030334472656,7,-77,26,1625,96
34.9859866186544,0.74020171915357,276,1282.93395996094,46,14,14,14,10,1689,22,60,34,20,18.7231311798096,4,-50,8,1307,94
35.0151532852744,0.74020171915357,325,1055.54638671875,46,14,14,14,10,1704,16,59,35,19,18.7476119995117,5,34,15,1653,103
35.0297366185844,0.74020171915357,332,1055.75476074219,45,14,14,14,12,1690,18,57,34,20,18.751880645752,7,-161,15,2195,96
34.9609866186944,0.73811838582357,294,1277.04821777344,46,14,14,14,10,1687,22,60,35,19,18.7030334472656,7,-77,26,1625,96
35.0464032852244,0.73811838582357,284,1133.66748046875,45,14,14,14,10,1768,22,58,35,20,18.7067089080811,11,-85,15,1779,93
35.1464032850643,0.73811838582357,391,1173.78051757812,47,14,14,14,10,1906,23,60,33,20,18.612190246582,1,-68,10,1903,115
34.9380699520644,0.73603505249357,306,1095.87573242188,46,14,14,14,10,1632,24,62,35,19,18.6823692321777,3,-120,15,2168,103
34.9484866187144,0.73603505249357,295,1131.25891113281,46,14,14,14,10,1663,20,60,35,19,18.6916427612305,4,-59,12,1878,99
35.0005699519644,0.73603505249357,313,1159.18859863281,46,14,14,14,10,1673,23,60,35,20,18.7351531982422,5,-85,13,1508,98
35.0380699519044,0.73603505249357,300,1079.00268554688,45,14,14,14,10,1734,18,56,35,20,18.7401790618896,4,-92,11,1861,94
35.0464032852244,0.73603505249357,290,1133.66748046875,45,14,14,14,10,1768,22,58,35,20,18.7067089080811,11,-85,15,1779,93
34.9318199520744,0.73395171916357,311,1106.03930664062,45,14,14,14,10,1640,21,61,35,19,18.6687126159668,4,-82,18,2190,106
34.9734866186744,0.73395171916357,316,1475.10205078125,47,14,14,14,10,1784,28,59,34,19,18.6493816375732,10,89,22,914,93
34.9818199519944,0.73395171916357,293,1509.46875,47,14,14,14,10,1809,27,60,33,19,18.6482696533203,14,259,17,622,91
34.9984866186344,0.73395171916357,289,1265.92700195312,47,14,14,14,10,1699,23,61,33,20,18.7248229980469,5,-71,16,1128,96
35.0568199518744,0.73395171916357,272,1251.49487304688,47,14,14,14,12,1864,23,60,34,19,18.6387596130371,4,179,6,827,99
35.0589032852044,0.73395171916357,287,1251.49487304688,47,14,14,14,12,1864,23,60,34,19,18.6387596130371,4,179,6,827,99
35.0651532851944,0.73395171916357,311,1293.40771484375,48,14,14,14,10,1854,29,60,31,20,18.6348133087158,8,43,25,1344,100
35.1172366184443,0.73395171916357,382,1181.24401855469,47,14,14,14,10,1878,19,59,32,21,18.6328754425049,1,-81,11,1766,113
35.0484866185544,0.73186838583357,356,1162.66491699219,45,14,14,14,12,1786,22,59,35,20,18.6763572692871,8,-112,11,1661,95
35.0672366185244,0.73186838583357,317,1293.40771484375,48,14,14,14,10,1854,29,60,31,20,18.6348133087158,8,43,25,1344,100
35.1339032850843,0.73186838583357,388,1167.43310546875,47,14,14,14,10,1893,22,60,32,21,18.6279926300049,4,-55,10,1912,111
34.9672366186844,0.72978505250357,320,1382.52038574219,46,14,14,14,10,1749,27,60,35,19,18.6584434509277,6,52,17,1176,94
34.9734866186744,0.72978505250357,326,1475.10205078125,47,14,14,14,10,1784,28,59,34,19,18.6493816375732,10,89,22,914,93
34.9901532853144,0.72978505250357,283,1428.3994140625,46,14,14,14,10,1734,24,60,34,20,18.6827411651611,8,0,14,990,90
35.0068199519544,0.72978505250357,310,1133.2705078125,47,14,14,14,10,1699,22,62,33,20,18.7396984100342,2,-48,17,1409,100
35.0234866185944,0.72978505250357,302,1076.71813964844,45,14,14,14,10,1737,17,59,35,20,18.7459812164307,3,97,11,1486,102
35.0422366185644,0.72978505250357,286,1098.91076660156,45,14,14,14,12,1784,19,57,36,20,18.7108726501465,7,77,9,1379,96
35.0443199518944,0.72978505250357,305,1162.66491699219,45,14,14,14,12,1786,22,59,35,20,18.6763572692871,8,-112,11,1661,95
35.1422366184043,0.72978505250357,393,1161.34948730469,46,14,14,14,10,1894,22,60,33,21,18.6241779327393,3,-101,27,2052,110
34.9568199520344,0.72770171917357,305,1266.04223632812,46,15,15,15,10,1758,26,61,34,20,18.6676139831543,15,281,29,1436,92
34.9734866186744,0.72770171917357,297,1475.10205078125,47,14,14,14,10,1784,28,59,34,19,18.6493816375732,10,89,22,914,93
34.9797366186644,0.72770171917357,305,1509.46875,47,14,14,14,10,1809,27,60,33,19,18.6482696533203,14,259,17,622,91
34.9943199519744,0.72770171917357,310,1265.92700195312,47,14,14,14,10,1699,23,61,33,20,18.7248229980469,5,-71,16,1128,96
34.9984866186344,0.72770171917357,305,1265.92700195312,47,14,14,14,10,1699,23,61,33,20,18.7248229980469,5,-71,16,1128,96
35.0359866185744,0.72770171917357,368,1098.91076660156,45,14,14,14,12,1784,19,57,36,20,18.7108726501465,7,77,9,1379,96
35.0380699519044,0.72770171917357,311,1098.91076660156,45,14,14,14,12,1784,19,57,36,20,18.7108726501465,7,77,9,1379,96
35.0401532852344,0.72770171917357,299,1098.91076660156,45,14,14,14,12,1784,19,57,36,20,18.7108726501465,7,77,9,1379,96
35.1464032850643,0.72770171917357,387,1169.171875,47,14,14,14,10,1930,21,59,32,21,18.6089725494385,2,57,9,1883,111
35.1484866183943,0.72770171917357,368,1169.171875,47,14,14,14,10,1930,21,59,32,21,18.6089725494385,2,57,9,1883,111
34.9255699520844,0.72561838584357,323,1203.20129394531,44,14,14,14,10,1629,17,61,37,19,18.6554126739502,1,-111,15,2188,102
34.9505699520444,0.72561838584357,342,1143.0078125,47,14,14,14,10,1702,21,60,34,20,18.6816215515137,6,11,14,1578,95
35.0172366186044,0.72561838584357,331,1122.94604492188,46,14,14,14,10,1701,17,58,34,20,18.7398090362549,3,-128,8,1600,98
35.0672366185244,0.72561838584357,310,1340.14794921875,48,14,14,14,10,1896,24,61,32,20,18.613676071167,3,152,7,717,109
35.1318199517543,0.72561838584357,391,1167.65014648438,47,14,14,14,10,1902,19,59,32,21,18.6261119842529,3,-9,7,2053,114
35.1464032850643,0.72561838584357,393,1173.15185546875,47,15,15,15,10,1929,19,58,31,22,18.6104431152344,4,0,3,1989,110
35.1505699517243,0.72561838584357,361,1173.15185546875,47,15,15,15,10,1929,19,58,31,22,18.6104431152344,4,0,3,1989,110
34.9297366187444,0.72353505251357,309,1091.35717773438,46,14,14,14,10,1654,18,59,35,19,18.6635322570801,5,-12,16,2008,104
34.9859866186544,0.72353505251357,321,1507.12719726562,47,14,14,14,10,1814,27,61,33,20,18.6454582214355,10,225,12,47,95
35.1026532851343,0.72353505251357,389,1203.02722167969,48,14,14,14,10,1896,24,59,31,21,18.6258010864258,3,40,7,1545,112
35.1297366184243,0.72353505251357,364,1167.65014648438,47,14,14,14,10,1902,19,59,32,21,18.6261119842529,3,-9,7,2053,114
34.9755699520044,0.72145171918357,321,1514.13513183594,48,14,14,14,10,1826,24,61,34,18,18.6167335510254,3,125,14,217,102
35.0047366186244,0.72145171918357,307,1209.83422851562,46,14,14,14,10,1704,21,60,33,20,18.7283954620361,3,-141,6,1389,99
35.0068199519544,0.72145171918357,322,1209.83422851562,46,14,14,14,10,1704,21,60,33,20,18.7283954620361,3,-141,6,1389,99
35.0234866185944,0.71936838585357,307,1085.14147949219,46,14,14,14,10,1723,17,58,34,20,18.7465133666992,4,-37,7,1455,101
35.1047366184643,0.71936838585357,421,1203.02722167969,48,14,14,14,10,1896,24,59,31,21,18.6258010864258,3,40,7,1545,112
35.1130699517843,0.71936838585357,397,1203.02819824219,48,14,14,14,10,1893,21,60,32,21,18.6250152587891,2,-7,9,1758,112
34.9276532854144,0.71728505252357,310,1068.90417480469,45,14,14,14,10,1623,18,60,36,19,18.6565551757812,5,-156,14,2310,103
34.9401532853944,0.71728505252357,291,1065.40222167969,46,14,14,14,10,1668,14,60,34,19,18.6694469451904,3,29,13,1970,100
34.9505699520444,0.71728505252357,314,1104.0322265625,47,14,14,14,10,1676,19,60,33,20,18.6808319091797,5,-120,13,1700,97
34.9526532853744,0.71728505252357,330,1176.85314941406,47,14,14,14,10,1709,26,60,34,19,18.6788997650146,6,-198,11,1300,94
34.9672366186844,0.71728505252357,286,1304.8681640625,47,14,14,14,10,1781,29,60,34,19,18.6428909301758,11,-64,19,750,96
34.9901532853144,0.71728505252357,331,1515.24963378906,48,14,14,14,10,1812,26,62,33,19,18.6274604797363,8,37,10,94,102
35.0089032852844,0.71728505252357,322,1311.28308105469,47,14,14,14,10,1737,21,60,33,21,18.6836242675781,5,-149,10,1101,94
35.0318199519144,0.71728505252357,312,1094.2587890625,45,14,14,14,10,1747,20,60,35,20,18.7291641235352,7,-130,6,1619,96
35.0714032851844,0.71728505252357,367,1291.4794921875,48,14,14,14,10,1876,25,64,31,21,18.6220207214355,1,-27,10,1135,112
34.9859866186544,0.71520171919357,325,1515.24963378906,48,14,14,14,10,1812,26,62,33,19,18.6274604797363,8,37,10,94,102
35.0922366184843,0.71520171919357,379,1223.06469726562,48,14,14,14,10,1892,17,58,31,21,18.6242980957031,1,32,3,1375,114
35.0943199518143,0.71520171919357,371,1229.05822753906,48,15,15,15,10,1896,19,58,31,22,18.6197261810303,2,19,14,1485,115
35.1234866184343,0.71520171919357,434,1220.52111816406,49,15,15,15,10,1912,19,60,30,21,18.6139183044434,3,18,13,1897,110
34.9693199520144,0.71311838586357,311,1455.87573242188,48,14,14,14,10,1828,23,61,34,19,18.611743927002,3,46,12,300,104
34.9714032853444,0.71311838586357,302,1455.87573242188,48,14,14,14,10,1828,23,61,34,19,18.611743927002,3,46,12,300,104
35.0651532851944,0.71311838586357,332,1325.06225585938,48,14,14,14,10,1900,26,61,31,21,18.6124038696289,2,95,14,212,119
35.1130699517843,0.71311838586357,415,1235.30627441406,49,14,14,14,10,1914,20,57,30,21,18.6133155822754,3,41,7,1667,114
35.1214032851043,0.71311838586357,425,1220.52111816406,49,15,15,15,10,1912,19,60,30,21,18.6139183044434,3,18,13,1897,110
35.1276532850943,0.71311838586357,436,1194.06420898438,48,15,15,15,10,1907,19,59,30,22,18.6181888580322,3,-47,8,2047,114
34.9339032854044,0.71103505253357,297,1068.90417480469,45,14,14,14,10,1623,18,60,36,19,18.6565551757812,5,-156,14,2310,103
34.9568199520344,0.71103505253357,326,1176.85314941406,47,14,14,14,10,1709,26,60,34,19,18.6788997650146,6,-198,11,1300,94
35.0380699519044,0.71103505253357,367,1116.8642578125,45,14,14,14,12,1789,29,58,35,20,18.6853103637695,11,-33,36,1286,98
35.0880699518243,0.71103505253357,374,1223.06469726562,48,14,14,14,10,1892,17,58,31,21,18.6242980957031,1,32,3,1375,114
34.9401532853944,0.70895171920357,297,1050.46264648438,46,14,14,14,10,1634,18,59,35,19,18.6634654998779,4,-97,16,2166,99
34.9818199519944,0.70895171920357,334,1469.64721679688,48,14,14,14,10,1846,18,60,33,20,18.6010608673096,2,94,10,-50,113
35.0464032852244,0.70895171920357,357,1201.51599121094,46,14,14,14,10,1869,25,58,34,19,18.6297760009766,2,100,63,487,107
35.0818199518343,0.70895171920357,388,1244.06005859375,48,14,14,14,10,1891,23,62,30,22,18.6202869415283,3,-23,15,1187,114
35.0964032851443,0.70895171920357,422,1258.65185546875,47,15,15,15,10,1915,19,59,31,22,18.6121463775635,0,38,6,1308,117
34.9422366187244,0.70686838587357,282,1050.46264648438,46,14,14,14,10,1634,18,59,35,19,18.6634654998779,4,-97,16,2166,99
34.9797366186644,0.70686838587357,328,1469.64721679688,48,14,14,14,10,1846,18,60,33,20,18.6010608673096,2,94,10,-50,113
35.0005699519644,0.70686838587357,329,1451.966796875,47,14,14,14,10,1837,22,59,33,20,18.617546081543,3,68,8,-12,105
35.0255699519244,0.70686838587357,381,1220.76440429688,46,14,14,14,10,1755,25,60,34,20,18.671703338623,15,-64,13,1243,92
35.0672366185244,0.70686838587357,343,1283.85498046875,46,14,14,14,10,1896,20,57,33,21,18.6155319213867,2,70,5,528,116
34.9318199520744,0.70478505254357,318,1050.24658203125,47,14,14,14,10,1611,20,59,34,19,18.6503562927246,2,-147,8,2317,101
34.9672366186844,0.70478505254357,316,1229.90576171875,47,15,15,15,10,1800,30,61,34,19,18.6491889953613,10,54,20,630,93
34.9880699519844,0.70478505254357,338,1479.55615234375,48,14,14,14,10,1832,21,60,31,21,18.6113681793213,3,-9,13,96,109
35.0401532852344,0.70478505254357,355,1146.6904296875,46,14,14,14,10,1813,32,57,36,19,18.6644821166992,9,-52,32,1085,97
35.0818199518343,0.70478505254357,390,1244.06005859375,48,14,14,14,10,1891,23,62,30,22,18.6202869415283,3,-23,15,1187,114
35.1193199517743,0.70478505254357,432,1241.72741699219,48,15,15,15,10,1936,18,58,30,22,18.6053237915039,3,113,10,1626,118
35.0797366185043,0.70270171921357,395,1244.06005859375,48,14,14,14,10,1891,23,62,30,22,18.6202869415283,3,-23,15,1187,114
35.0943199518143,0.70270171921357,373,1258.65185546875,47,15,15,15,10,1915,19,59,31,22,18.6121463775635,0,38,6,1308,117
35.1443199517343,0.70270171921357,410,1231.92053222656,48,15,15,15,10,1945,18,58,30,22,18.5987110137939,4,42,4,2033,113
34.9297366187444,0.70061838588357,329,1056.2021484375,47,14,14,14,10,1619,20,60,33,20,18.6466979980469,5,-105,22,2264,100
35.0359866185744,0.70061838588357,386,1198.80554199219,46,14,14,14,10,1852,24,58,36,18,18.6377201080322,3,3,14,600,105
35.1109866184543,0.70061838588357,399,1251.28833007812,48,15,15,15,10,1918,18,59,30,23,18.6115379333496,1,-42,6,1597,117
34.9630699520244,0.69853505255357,333,1201.33972167969,47,14,14,14,10,1753,29,58,33,19,18.6494102478027,7,-173,29,857,95
34.9672366186844,0.69853505255357,360,1201.33972167969,47,14,14,14,10,1753,29,58,33,19,18.6494102478027,7,-173,29,857,95
35.0068199519544,0.69853505255357,371,1424.10998535156,49,14,14,14,10,1861,18,60,31,21,18.6035137176514,2,71,10,-127,112
35.0172366186044,0.69853505255357,363,1384.12194824219,48,14,14,14,10,1867,23,60,31,20,18.6088905334473,2,160,14,-22,114
35.1505699517243,0.69853505255357,430,1279.56628417969,47,15,15,15,10,1961,19,58,30,23,18.5936374664307,2,44,7,1860,118
35.0255699519244,0.69645171922357,355,1298.24694824219,48,14,14,14,10,1857,22,60,33,19,18.6232261657715,2,166,13,185,105
35.0297366185844,0.69645171922357,343,1220.61474609375,47,14,14,14,10,1834,30,59,34,19,18.6383934020996,19,80,13,561,100
35.0568199518744,0.69645171922357,317,1246.75268554688,45,14,14,14,10,1886,17,57,35,20,18.6184787750244,2,52,17,529,117
35.0651532851944,0.69645171922357,347,1250.0498046875,44,14,14,14,10,1883,18,58,37,20,18.620189666748,2,-38,6,858,115
35.1255699517643,0.69645171922357,431,1243.79125976562,48,15,15,15,10,1935,20,60,29,22,18.6071338653564,1,30,5,1610,117
35.1484866183943,0.69645171922357,424,1279.56628417969,47,15,15,15,10,1961,19,58,30,23,18.5936374664307,2,44,7,1860,118
34.9422366187244,0.69436838589357,293,1065.28503417969,46,14,14,14,10,1644,18,60,35,19,18.6601333618164,5,-89,10,1992,99
34.9568199520344,0.69436838589357,289,1122.96154785156,46,14,14,14,10,1700,26,60,34,20,18.6780376434326,7,-172,40,1126,95
35.1047366184643,0.69436838589357,402,1273.55615234375,47,15,15,15,10,1915,19,58,31,23,18.6067581176758,2,6,16,1471,116
35.1109866184543,0.69436838589357,401,1251.28833007812,48,15,15,15,10,1918,18,59,30,23,18.6115379333496,1,-42,6,1597,117
35.1359866184143,0.69436838589357,419,1260.88940429688,48,15,15,15,10,1938,21,59,29,23,18.6000747680664,3,-27,10,2025,117
34.9359866187344,0.69228505256357,268,1091.49291992188,47,14,14,14,10,1678,16,59,34,19,18.6603107452393,5,14,13,1754,98
34.9464032853844,0.69228505256357,302,1110.17370605469,46,14,14,14,10,1685,20,60,35,19,18.6705722808838,6,-93,23,1642,93
34.9672366186844,0.69228505256357,263,1219.29089355469,47,14,14,14,10,1813,27,59,33,19,18.6220302581787,4,181,13,364,93
34.9797366186644,0.69228505256357,375,1332.4365234375,48,14,14,14,10,1851,23,60,32,20,18.5980186462402,1,104,14,-193,113
35.0839032851643,0.69228505256357,390,1261.21850585938,46,15,15,15,10,1906,21,58,32,22,18.6106452941895,3,13,23,1021,114
35.1234866184343,0.69228505256357,440,1241.03820800781,49,15,15,15,10,1931,20,60,29,23,18.6111335754395,3,-27,6,1662,116
35.1339032850843,0.69228505256357,433,1261.46362304688,49,14,14,14,10,1949,17,58,30,21,18.6025371551514,1,51,3,1624,119
34.9651532853544,0.69020171923357,264,1219.29089355469,47,14,14,14,10,1813,27,59,33,19,18.6220302581787,4,181,13,364,93
35.0547366185444,0.69020171923357,329,1240.04663085938,46,14,14,14,40,1872,18,58,34,19,18.6218662261963,0,-40,24,747,114
35.0818199518343,0.69020171923357,372,1261.21850585938,46,15,15,15,10,1906,21,58,32,22,18.6106452941895,3,13,23,1021,114
34.9339032854044,0.68811838590357,260,1080.70812988281,47,14,14,14,10,1655,15,60,34,19,18.6463165283203,5,41,11,1926,100
34.9443199520544,0.68811838590357,262,1110.17370605469,46,14,14,14,10,1685,20,60,35,19,18.6705722808838,6,-93,23,1642,93
34.9984866186344,0.68811838590357,396,1337.8828125,49,14,14,14,10,1858,18,60,31,21,18.6055126190186,2,36,9,-273,108
35.0089032852844,0.68811838590357,385,1348.80541992188,49,14,14,14,10,1862,20,62,30,21,18.6048069000244,2,63,7,-231,119
35.0443199518944,0.68811838590357,352,1246.83215332031,46,14,14,14,10,1873,21,58,36,19,18.6185665130615,2,35,12,614,115
35.0609866185344,0.68811838590357,417,1235.17370605469,46,14,14,14,10,1883,20,58,33,20,18.6219291687012,3,-41,11,898,114
35.0922366184843,0.68811838590357,410,1279.41906738281,46,14,14,14,10,1912,24,59,32,22,18.6079788208008,3,-15,12,1145,116
35.1005699518043,0.68811838590357,427,1290.50708007812,47,14,14,14,10,1928,20,58,30,23,18.6050491333008,2,42,15,1137,116
35.1089032851243,0.68811838590357,400,1277.33813476562,47,15,15,15,10,1938,16,58,30,23,18.6053791046143,2,97,11,1235,121
35.1318199517543,0.68811838590357,435,1261.46362304688,49,14,14,14,10,1949,17,58,30,21,18.6025371551514,1,51,3,1624,119
34.9172366187644,0.68603505257357,327,1084.79260253906,47,14,14,14,10,1603,20,59,33,20,18.6173248291016,0,-133,15,2131,103
34.9797366186644,0.68603505257357,378,1332.4365234375,48,14,14,14,10,1851,23,60,32,20,18.5980186462402,1,104,14,-193,113
35.0526532852144,0.68603505257357,338,1240.04663085938,46,14,14,14,40,1872,18,58,34,19,18.6218662261963,0,-40,24,747,114
35.1422366184043,0.68603505257357,414,1288.2734375,49,15,15,15,10,1955,18,58,29,22,18.5987300872803,1,46,14,1786,125
34.8922366188044,0.68395171924357,327,1161.34094238281,48,14,14,14,10,1614,17,57,31,20,18.5786991119385,5,-39,54,2148,103
34.9339032854044,0.68395171924357,253,1103.59399414062,47,14,14,14,10,1655,19,56,34,19,18.6445846557617,8,-65,28,1752,99
34.9589032853644,0.68395171924357,299,1188.50231933594,47,14,14,14,10,1789,26,60,34,19,18.632532119751,5,155,36,435,92
35.0068199519544,0.68395171924357,387,1266.84289550781,49,14,14,14,10,1853,22,59,32,20,18.6152877807617,7,72,8,-233,108
35.0672366185244,0.68395171924357,405,1239.54675292969,46,14,14,14,10,1885,19,59,32,21,18.6210346221924,2,-30,7,874,113
35.1214032851043,0.68395171924357,428,1241.15270996094,49,15,15,15,10,1929,22,60,29,23,18.61474609375,3,-27,7,1676,117
34.8839032854844,0.68186838591357,304,1148.67150878906,48,14,14,14,10,1593,15,61,32,20,18.5624828338623,3,-94,12,2115,104
34.8922366188044,0.68186838591357,328,1161.34094238281,48,14,14,14,10,1614,17,57,31,20,18.5786991119385,5,-39,54,2148,103
34.8964032854644,0.68186838591357,292,1159.7001953125,48,14,14,14,10,1640,22,57,32,20,18.5928897857666,8,58,22,1960,104
34.9464032853844,0.68186838591357,269,1144.72595214844,46,14,14,14,10,1736,28,59,35,18,18.6611576080322,13,0,16,1078,91
34.9734866186744,0.68186838591357,313,1245.32556152344,48,14,14,14,10,1829,19,59,33,20,18.6179027557373,4,61,7,25,101
35.0255699519244,0.68186838591357,326,1263.88061523438,46,14,14,14,10,1851,19,57,36,19,18.6150455474854,3,-35,13,359,111
35.0880699518243,0.68186838591357,381,1281.91027832031,46,14,14,14,10,1919,19,57,32,22,18.6106510162354,1,45,18,981,123
35.0964032851443,0.68186838591357,379,1278.87121582031,46,15,15,15,10,1914,18,58,32,23,18.6138706207275,3,-15,11,1132,115
35.1130699517843,0.68186838591357,418,1240.12133789062,48,15,15,15,10,1918,19,58,29,23,18.6177196502686,0,-24,5,1536,119
34.8589032855245,0.67978505258357,273,1158.67749023438,47,14,14,14,10,1595,13,60,33,21,18.5170555114746,5,32,15,1873,101
34.8984866187944,0.67978505258357,306,1159.7001953125,48,14,14,14,10,1640,22,57,32,20,18.5928897857666,8,58,22,1960,104
34.9568199520344,0.67978505258357,301,1188.50231933594,47,14,14,14,10,1789,26,60,34,19,18.632532119751,5,155,36,435,92
34.9693199520144,0.67978505258357,305,1245.32556152344,48,14,14,14,10,1829,19,59,33,20,18.6179027557373,4,61,7,25,101
35.0630699518644,0.67978505258357,403,1239.54675292969,46,14,14,14,10,1885,19,59,32,21,18.6210346221924,2,-30,7,874,113
35.1151532851143,0.67978505258357,426,1240.12133789062,48,15,15,15,10,1918,19,58,29,23,18.6177196502686,0,-24,5,1536,119
35.1318199517543,0.67978505258357,420,1264.07824707031,50,14,14,14,10,1947,20,60,29,22,18.60715675354,0,45,5,1637,121
34.8734866188344,0.67770171925357,277,1133.03955078125,45,14,14,14,10,1590,13,61,34,21,18.5459995269775,5,-93,6,2154,103
34.9859866186544,0.67770171925357,319,1239.18518066406,46,14,14,14,10,1823,23,60,33,20,18.6235046386719,4,3,14,-106,104
35.0234866185944,0.67770171925357,381,1263.88061523438,46,14,14,14,10,1851,19,57,36,19,18.6150455474854,3,-35,13,359,111
34.8922366188044,0.67561838592357,345,1176.60766601562,46,14,14,14,10,1654,17,56,33,21,18.5758762359619,3,103,30,1508,103
34.9526532853744,0.67561838592357,309,1184.43542480469,47,15,15,15,10,1793,30,62,34,19,18.6412925720215,6,184,27,231,94
34.9651532853544,0.67561838592357,301,1188.97778320312,47,14,14,14,10,1795,31,62,34,20,18.6426200866699,8,129,14,92,93
34.9755699520044,0.67561838592357,313,1176.37658691406,46,14,14,14,10,1769,22,60,34,20,18.6550807952881,4,-70,8,373,95
34.9776532853344,0.67561838592357,309,1170.02502441406,46,14,14,14,10,1780,22,60,33,21,18.6554870605469,9,-116,8,94,94
35.0484866185544,0.67561838592357,366,1319.01062011719,47,14,14,14,10,1881,23,56,34,19,18.6083641052246,2,27,14,602,107
35.1109866184543,0.67561838592357,423,1230.49035644531,49,15,15,15,10,1919,20,60,29,22,18.6223640441895,1,12,5,1559,123
35.1276532850943,0.67561838592357,437,1250.64245605469,49,14,14,14,10,1936,18,59,29,22,18.6158924102783,2,16,8,1710,121
34.9130699521044,0.67353505259357,288,1149.72680664062,46,15,15,15,10,1649,18,57,33,21,18.6154518127441,3,-3,11,1734,102
34.9776532853344,0.67353505259357,328,1170.02502441406,46,14,14,14,10,1780,22,60,33,21,18.6554870605469,9,-116,8,94,94
35.1005699518043,0.67353505259357,400,1270.15844726562,46,14,14,14,10,1910,21,60,32,22,18.6201343536377,0,-17,8,1292,118
34.8609866188545,0.67145171926357,283,1098.64465332031,45,14,14,14,10,1566,15,59,33,22,18.5185661315918,6,-147,17,2192,102
34.8776532854944,0.67145171926357,275,1146.96337890625,48,14,14,14,10,1619,14,58,32,21,18.5565395355225,4,-3,14,1800,102
34.8964032854644,0.67145171926357,238,1194.28649902344,45,14,14,14,10,1638,18,55,34,21,18.591796875,3,-21,88,1706,103
34.9339032854044,0.67145171926357,331,1125.22583007812,47,14,14,14,10,1679,21,54,33,20,18.642707824707,8,-27,30,1394,99
34.9359866187344,0.67145171926357,295,1139.42163085938,47,14,14,14,12,1730,18,57,34,19,18.6573047637939,2,126,23,1016,99
34.9630699520244,0.67145171926357,298,1188.97778320312,47,14,14,14,10,1795,31,62,34,20,18.6426200866699,8,129,14,92,93
35.0339032852444,0.67145171926357,330,1284.48950195312,45,14,14,14,10,1878,16,58,35,20,18.6087245941162,2,25,14,163,109
35.0443199518944,0.67145171926357,350,1319.01062011719,47,14,14,14,10,1881,23,56,34,19,18.6083641052246,2,27,14,602,107
35.0464032852244,0.67145171926357,369,1319.01062011719,47,14,14,14,10,1881,23,56,34,19,18.6083641052246,2,27,14,602,107
35.0484866185544,0.67145171926357,372,1319.01062011719,47,14,14,14,10,1881,23,56,34,19,18.6083641052246,2,27,14,602,107
35.0755699518444,0.67145171926357,370,1254.94091796875,47,14,14,14,10,1897,21,59,31,22,18.6190223693848,2,19,5,832,118
34.8880699521444,0.66936838593357,281,1176.60766601562,46,14,14,14,10,1654,17,56,33,21,18.5758762359619,3,103,30,1508,103
34.8943199521344,0.66936838593357,216,1194.28649902344,45,14,14,14,10,1638,18,55,34,21,18.591796875,3,-21,88,1706,103
34.9443199520544,0.66936838593357,303,1161.91149902344,47,14,14,14,10,1738,25,60,34,18,18.6583080291748,7,19,14,939,96
34.9609866186944,0.66936838593357,267,1188.97778320312,47,14,14,14,10,1795,31,62,34,20,18.6426200866699,8,129,14,92,93
35.0172366186044,0.66936838593357,341,1235.21398925781,45,14,14,14,10,1853,19,57,36,20,18.620777130127,3,-6,16,103,107
35.0443199518944,0.66936838593357,354,1319.01062011719,47,14,14,14,10,1881,23,56,34,19,18.6083641052246,2,27,14,602,107
35.0672366185244,0.66936838593357,394,1257.53381347656,47,14,14,14,10,1887,18,58,32,22,18.6209583282471,3,-26,11,853,114
34.8443199522145,0.66728505260357,290,1086.87158203125,47,14,14,14,10,1550,15,59,31,22,18.4760761260986,4,-112,24,2224,104
34.8526532855345,0.66728505260357,272,1091.44555664062,46,14,14,14,10,1574,15,60,32,22,18.4966640472412,5,-28,24,2335,102
34.8568199521945,0.66728505260357,262,1091.44555664062,46,14,14,14,10,1574,15,60,32,22,18.4966640472412,5,-28,24,2335,102
34.8589032855245,0.66728505260357,259,1091.44555664062,46,14,14,14,10,1574,15,60,32,22,18.4966640472412,5,-28,24,2335,102
34.8839032854844,0.66728505260357,347,1155.27038574219,47,14,14,14,10,1628,16,57,31,21,18.5537662506104,4,50,94,1952,100
34.8922366188044,0.66728505260357,215,1174.10754394531,46,14,14,14,10,1637,20,56,32,22,18.5704727172852,5,-8,82,1728,100
34.9089032854444,0.66728505260357,306,1191.67126464844,44,14,14,14,10,1680,21,56,35,21,18.6020450592041,1,139,92,1328,111
34.9547366187044,0.66728505260357,271,1143.53344726562,46,14,14,14,10,1746,21,59,35,19,18.6655540466309,5,88,10,605,94
34.9755699520044,0.66728505260357,314,1136.97631835938,46,14,14,14,10,1729,23,60,34,21,18.6697845458984,6,-185,10,881,95
34.9797366186644,0.66728505260357,327,1156.88500976562,45,14,14,14,10,1763,25,59,34,20,18.6508255004883,6,-83,16,720,96
34.9818199519944,0.66728505260357,335,1156.88500976562,45,14,14,14,10,1763,25,59,34,20,18.6508255004883,6,-83,16,720,96
34.9922366186444,0.66728505260357,319,1193.74340820312,45,14,14,14,10,1807,22,59,34,20,18.6358833312988,2,-34,12,208,97
35.0193199519344,0.66728505260357,373,1231.85925292969,46,14,14,14,10,1851,20,57,34,21,18.6210060119629,4,-40,51,317,106
35.0380699519044,0.66728505260357,334,1337.27734375,46,14,14,14,10,1898,19,58,34,20,18.6029205322266,1,80,17,174,113
35.0734866185144,0.66728505260357,383,1251.66235351562,46,15,15,15,10,1885,23,59,31,23,18.627290725708,2,-20,8,956,116
34.8589032855245,0.66520171927357,261,1091.44555664062,46,14,14,14,10,1574,15,60,32,22,18.4966640472412,5,-28,24,2335,102
34.8797366188244,0.66520171927357,358,1155.27038574219,47,14,14,14,10,1628,16,57,31,21,18.5537662506104,4,50,94,1952,100
34.9234866187544,0.66520171927357,309,1151.18127441406,46,14,14,14,10,1661,19,55,33,21,18.6249237060547,4,-4,92,1520,104
34.9464032853844,0.66520171927357,285,1144.74682617188,47,14,14,14,12,1732,22,58,33,19,18.6610355377197,4,51,28,827,97
34.9651532853544,0.66520171927357,303,1136.07434082031,45,14,14,14,10,1732,22,60,35,20,18.6725940704346,6,-76,9,734,94
35.0589032852044,0.66520171927357,359,1323.40307617188,46,14,14,14,10,1883,20,58,32,22,18.6157188415527,3,-27,31,709,115
35.1234866184343,0.66520171927357,411,1212.55249023438,48,14,14,14,10,1928,20,59,29,23,18.6267719268799,2,64,5,1592,117
34.9422366187244,0.66311838594357,398,1140.09582519531,48,14,14,14,12,1708,19,55,34,19,18.6508464813232,6,52,16,968,100
35.0234866185944,0.66311838594357,313,1231.85925292969,46,14,14,14,10,1851,20,57,34,21,18.6210060119629,4,-40,51,317,106
35.0755699518444,0.66311838594357,404,1251.66235351562,46,15,15,15,10,1885,23,59,31,23,18.627290725708,2,-20,8,956,116
35.1359866184143,0.66311838594357,429,1209.08935546875,48,15,15,15,10,1931,18,59,30,22,18.6308212280273,1,26,2,1898,117
34.8693199521745,0.66103505261357,269,1136.82104492188,45,14,14,14,10,1611,14,59,35,20,18.5359859466553,8,60,17,2026,98
34.8880699521444,0.66103505261357,301,1174.10754394531,46,14,14,14,10,1637,20,56,32,22,18.5704727172852,5,-8,82,1728,100
35.0026532852944,0.66103505261357,357,1257.44897460938,47,14,14,14,10,1848,15,58,34,19,18.6114940643311,5,110,6,-168,108
35.0234866185944,0.66103505261357,341,1231.85925292969,46,14,14,14,10,1851,20,57,34,21,18.6210060119629,4,-40,51,317,106
35.1089032851243,0.66103505261357,412,1233.71752929688,47,15,15,15,10,1901,23,59,31,22,18.6323070526123,3,-22,9,1488,118
35.1193199517743,0.66103505261357,407,1212.55249023438,48,14,14,14,10,1928,20,59,29,23,18.6267719268799,2,64,5,1592,117
35.1339032850843,0.66103505261357,413,1215.40222167969,49,14,14,14,10,1927,24,60,29,22,18.6271209716797,1,48,4,1760,120
34.9734866186744,0.65895171928357,280,1136.09240722656,45,14,14,14,10,1757,23,59,34,20,18.6565227508545,8,-21,12,789,91
35.0776532851743,0.65895171928357,416,1247.47814941406,48,14,14,14,10,1892,28,60,30,22,18.6330966949463,2,13,14,1066,115
35.1089032851243,0.65895171928357,386,1207.14965820312,48,14,14,14,10,1886,27,62,31,21,18.6456336975098,3,-3,8,1622,112
35.1172366184443,0.65895171928357,382,1171.11572265625,48,14,14,14,10,1896,20,59,31,21,18.649486541748,4,-33,14,1708,112
34.8464032855445,0.65686838595357,277,1089.30358886719,47,14,14,14,10,1564,15,60,32,22,18.4681701660156,4,-23,21,2077,102
34.8484866188745,0.65686838595357,268,1089.30358886719,47,14,14,14,10,1564,15,60,32,22,18.4681701660156,4,-23,21,2077,102
34.8776532854944,0.65686838595357,312,1148.40319824219,46,14,14,14,10,1636,17,56,32,21,18.5433921813965,4,113,83,1545,103
34.9984866186344,0.65686838595357,351,1288.46435546875,47,14,14,14,10,1840,19,61,31,21,18.6077861785889,5,34,34,-59,100
35.0151532852744,0.65686838595357,353,1226.96215820312,48,14,14,14,10,1815,20,57,32,20,18.6325855255127,3,-135,28,465,104
35.0193199519344,0.65686838595357,346,1223.38732910156,48,14,14,14,10,1849,24,60,31,20,18.6282863616943,8,-30,71,231,104
35.0297366185844,0.65686838595357,333,1271.76513671875,48,14,14,14,10,1871,23,57,31,21,18.6150035858154,2,42,14,120,109
35.0359866185744,0.65686838595357,379,1320.47985839844,46,14,14,14,10,1887,21,56,33,21,18.6104545593262,2,50,51,265,111
35.0672366185244,0.65686838595357,359,1297.89270019531,49,14,14,14,10,1887,23,57,29,23,18.6242637634277,3,61,16,685,114
35.0859866184943,0.65686838595357,362,1285.34765625,46,14,14,14,10,1901,24,60,34,21,18.6252746582031,2,29,10,1140,118
35.0880699518243,0.65686838595357,363,1285.34765625,46,14,14,14,10,1901,24,60,34,21,18.6252746582031,2,29,10,1140,118
34.9276532854144,0.65478505262357,257,1127.08642578125,46,14,14,14,10,1676,15,57,33,20,18.6288032531738,2,32,31,1384,102
34.9547366187044,0.65478505262357,315,1106.72521972656,45,14,14,14,10,1691,18,58,35,20,18.662899017334,5,-111,11,1160,96
35.0130699519444,0.65478505262357,346,1226.96215820312,48,14,14,14,10,1815,20,57,32,20,18.6325855255127,3,-135,28,465,104
35.0484866185544,0.65478505262357,316,1350.09936523438,46,15,15,15,10,1885,18,57,33,21,18.6116733551025,2,18,23,451,116
35.0880699518243,0.65478505262357,392,1285.34765625,46,14,14,14,10,1901,24,60,34,21,18.6252746582031,2,29,10,1140,118
35.1109866184543,0.65478505262357,404,1171.11572265625,48,14,14,14,10,1896,20,59,31,21,18.649486541748,4,-33,14,1708,112
34.8422366188845,0.65270171929357,303,1145.56213378906,48,14,14,14,10,1540,14,58,30,21,18.4514179229736,2,-117,20,1875,102
34.9505699520444,0.65270171929357,285,1114.08520507812,46,14,14,14,10,1699,17,58,34,20,18.6522121429443,7,6,15,1033,96
34.9693199520144,0.65270171929357,300,1136.09240722656,45,14,14,14,10,1757,23,59,34,20,18.6565227508545,8,-21,12,789,91
35.0130699519444,0.65270171929357,345,1226.96215820312,48,14,14,14,10,1815,20,57,32,20,18.6325855255127,3,-135,28,465,104
35.0214032852644,0.65270171929357,351,1223.38732910156,48,14,14,14,10,1849,24,60,31,20,18.6282863616943,8,-30,71,231,104
35.0255699519244,0.65270171929357,298,1223.38732910156,48,14,14,14,10,1849,24,60,31,20,18.6282863616943,8,-30,71,231,104
35.0672366185244,0.65270171929357,345,1297.89270019531,49,14,14,14,10,1887,23,57,29,23,18.6242637634277,3,61,16,685,114
35.1193199517743,0.65270171929357,369,1173.21520996094,48,14,14,14,10,1915,19,59,31,21,18.6421966552734,1,70,7,1667,112
34.8568199521945,0.65061838596357,283,1134.29370117188,45,14,14,14,10,1565,14,59,34,22,18.4834079742432,5,-117,17,2258,102
34.8776532854944,0.65061838596357,307,1161.29858398438,45,15,15,15,10,1581,16,58,34,20,18.5337238311768,2,-164,12,1910,99
34.8797366188244,0.65061838596357,326,1161.29858398438,45,15,15,15,10,1581,16,58,34,20,18.5337238311768,2,-164,12,1910,99
34.9068199521144,0.65061838596357,264,1109.74780273438,47,14,14,14,10,1612,16,59,33,21,18.5742454528809,7,-141,14,1779,99
34.9214032854244,0.65061838596357,277,1104.41821289062,46,14,14,14,10,1650,15,59,34,21,18.6047286987305,5,12,12,1442,98
34.9276532854144,0.65061838596357,271,1093.43334960938,46,14,14,14,10,1630,15,59,34,21,18.6168384552002,3,-142,13,1707,100
34.9818199519944,0.65061838596357,287,1201.43798828125,45,15,15,15,10,1821,28,60,35,20,18.6235389709473,6,136,16,35,95
34.9984866186344,0.65061838596357,336,1282.54187011719,48,14,14,14,10,1853,20,59,31,21,18.6130771636963,5,143,18,-300,101
35.0401532852344,0.65061838596357,337,1276.5810546875,48,14,14,14,10,1872,22,56,32,21,18.6257247924805,3,57,6,396,109
34.8547366188645,0.64853505263357,297,1134.29370117188,45,14,14,14,10,1565,14,59,34,22,18.4834079742432,5,-117,17,2258,102
34.8568199521945,0.64853505263357,283,1134.29370117188,45,14,14,14,10,1565,14,59,34,22,18.4834079742432,5,-117,17,2258,102
34.9526532853744,0.64853505263357,294,1103.36218261719,45,14,14,14,10,1667,18,59,34,21,18.6583194732666,5,-183,14,1484,98
35.0047366186244,0.64853505263357,349,1255.62255859375,48,14,14,14,10,1829,18,59,31,21,18.6260108947754,6,45,8,-112,97
35.0297366185844,0.64853505263357,337,1254.74780273438,48,14,14,14,10,1869,21,60,31,20,18.6249370574951,1,93,13,273,107
35.0630699518644,0.64853505263357,289,1270.82214355469,50,14,14,14,10,1878,24,59,29,22,18.6368885040283,6,69,6,695,106
34.8484866188745,0.64645171930357,279,1107.71740722656,46,14,14,14,10,1554,14,60,33,21,18.4633274078369,6,-32,20,2154,102
34.8526532855345,0.64645171930357,308,1134.29370117188,45,14,14,14,10,1565,14,59,34,22,18.4834079742432,5,-117,17,2258,102
34.9172366187644,0.64645171930357,290,1111.53723144531,46,14,14,14,10,1628,15,58,34,21,18.5899047851562,6,-92,15,1692,98
34.9880699519844,0.64645171930357,337,1259.41467285156,47,14,14,14,10,1841,21,59,32,21,18.6105442047119,2,156,25,-223,104
34.9901532853144,0.64645171930357,336,1259.41467285156,47,14,14,14,10,1841,21,59,32,21,18.6105442047119,2,156,25,-223,104
34.9964032853044,0.64645171930357,334,1282.54187011719,48,14,14,14,10,1853,20,59,31,21,18.6130771636963,5,143,18,-300,101
35.0214032852644,0.64645171930357,324,1227.67126464844,49,14,14,14,10,1833,21,62,30,21,18.6348609924316,4,-59,9,475,104
35.0422366185644,0.64645171930357,312,1276.5810546875,48,14,14,14,10,1872,22,56,32,21,18.6257247924805,3,57,6,396,109
35.0776532851743,0.64645171930357,384,1224.22338867188,47,14,14,14,10,1891,22,59,31,22,18.6426086425781,3,46,16,1093,107
34.8776532854944,0.64436838597357,287,1161.29858398438,45,15,15,15,10,1581,16,58,34,20,18.5337238311768,2,-164,12,1910,99
34.8797366188244,0.64436838597357,294,1161.29858398438,45,15,15,15,10,1581,16,58,34,20,18.5337238311768,2,-164,12,1910,99
34.8859866188144,0.64436838597357,268,1144.7958984375,47,14,14,14,10,1583,17,60,33,20,18.5465259552002,2,-199,12,2010,100
34.8901532854744,0.64436838597357,296,1144.7958984375,47,14,14,14,10,1583,17,60,33,20,18.5465259552002,2,-199,12,2010,100
34.9151532854344,0.64436838597357,291,1111.53723144531,46,14,14,14,10,1628,15,58,34,21,18.5899047851562,6,-92,15,1692,98
34.9339032854044,0.64436838597357,281,1093.43334960938,46,14,14,14,10,1630,15,59,34,21,18.6168384552002,3,-142,13,1707,100
34.9443199520544,0.64436838597357,285,1104.40515136719,46,14,14,14,10,1652,16,59,34,20,18.645694732666,6,-161,20,1640,99
34.9464032853844,0.64436838597357,273,1104.40515136719,46,14,14,14,10,1652,16,59,34,20,18.645694732666,6,-161,20,1640,99
34.9818199519944,0.64436838597357,299,1201.43798828125,45,15,15,15,10,1821,28,60,35,20,18.6235389709473,6,136,16,35,95
34.9922366186444,0.64436838597357,322,1259.41467285156,47,14,14,14,10,1841,21,59,32,21,18.6105442047119,2,156,25,-223,104
34.9964032853044,0.64436838597357,339,1282.54187011719,48,14,14,14,10,1853,20,59,31,21,18.6130771636963,5,143,18,-300,101
35.0026532852944,0.64436838597357,349,1255.62255859375,48,14,14,14,10,1829,18,59,31,21,18.6260108947754,6,45,8,-112,97
35.0755699518444,0.64436838597357,408,1210.26159667969,46,14,14,14,10,1829,27,58,32,22,18.6545696258545,2,-214,37,1429,109
35.0984866184743,0.64436838597357,366,1225.7705078125,47,14,14,14,10,1906,23,60,32,21,18.6455726623535,4,132,9,1255,107
34.9005699521244,0.64228505264357,320,1172.08435058594,45,15,15,15,10,1610,16,59,34,21,18.5603332519531,4,-58,18,1802,100
34.9318199520744,0.64228505264357,298,1102.87866210938,45,14,14,14,10,1615,14,59,34,21,18.6106948852539,3,-213,15,1880,99
34.9505699520444,0.64228505264357,268,1115.47717285156,44,14,14,14,10,1693,16,59,36,20,18.6454792022705,6,67,15,1340,100
35.0068199519544,0.64228505264357,342,1235.00854492188,47,14,14,14,10,1794,23,60,32,21,18.6367931365967,0,-133,17,355,101
35.0922366184843,0.64228505264357,383,1195.84936523438,47,15,15,15,10,1872,28,59,31,22,18.6518840789795,8,91,14,1378,109
34.9380699520644,0.640201719313571,296,1100.77978515625,44,14,14,14,10,1692,14,58,35,20,18.6285285949707,6,122,15,1164,96
34.9609866186944,0.640201719313571,300,1129.10949707031,45,14,14,14,10,1710,19,60,34,21,18.6670932769775,2,-74,19,1034,99
34.9859866186544,0.640201719313571,302,1213.44372558594,46,14,14,14,10,1816,22,59,33,21,18.6315536499023,3,40,15,-10,98
35.0339032852444,0.640201719313571,344,1249.15710449219,48,14,14,14,10,1834,23,60,32,20,18.6411018371582,7,-28,14,576,102
34.9297366187444,0.638118385983571,325,1102.87866210938,45,14,14,14,10,1615,14,59,34,21,18.6106948852539,3,-213,15,1880,99
34.9359866187344,0.638118385983571,330,1100.77978515625,44,14,14,14,10,1692,14,58,35,20,18.6285285949707,6,122,15,1164,96
34.9484866187144,0.638118385983571,272,1115.47717285156,44,14,14,14,10,1693,16,59,36,20,18.6454792022705,6,67,15,1340,100
34.9880699519844,0.638118385983571,324,1213.44372558594,46,14,14,14,10,1816,22,59,33,21,18.6315536499023,3,40,15,-10,98
34.9901532853144,0.638118385983571,315,1213.44372558594,46,14,14,14,10,1816,22,59,33,21,18.6315536499023,3,40,15,-10,98
35.0151532852744,0.638118385983571,341,1246.94494628906,47,14,14,14,10,1823,19,60,32,21,18.6350936889648,3,-37,14,447,102
35.0568199518744,0.638118385983571,349,1246.69934082031,47,14,14,14,10,1885,16,59,32,21,18.6422672271729,3,169,7,544,101
34.8630699521845,0.636035052653571,226,1174.64428710938,46,14,14,14,10,1621,15,59,33,21,18.5029754638672,4,82,26,1679,101
34.9339032854044,0.636035052653571,328,1102.87866210938,45,14,14,14,10,1615,14,59,34,21,18.6106948852539,3,-213,15,1880,99
34.9547366187044,0.636035052653571,290,1122.59777832031,44,14,14,14,10,1702,18,59,35,20,18.6593799591064,5,60,15,1166,99
35.0651532851944,0.636035052653571,336,1210.95483398438,48,15,15,15,10,1835,34,58,30,22,18.6571960449219,5,-43,96,1011,101
34.8464032855445,0.633951719323571,280,1115.0263671875,48,14,14,14,10,1562,15,59,31,21,18.4463710784912,5,-67,18,1795,99
34.8609866188545,0.633951719323571,229,1169.14074707031,46,14,14,14,10,1648,17,58,33,21,18.4955825805664,7,122,20,1254,95
34.9068199521144,0.633951719323571,252,1230.1923828125,46,14,14,14,10,1668,15,58,33,22,18.5779514312744,3,30,13,1154,98
34.9151532854344,0.633951719323571,268,1224.216796875,46,14,14,14,10,1669,17,59,33,22,18.5923328399658,6,61,30,1247,97
34.9922366186444,0.633951719323571,323,1170.673828125,45,14,14,14,10,1779,25,60,34,21,18.6530876159668,11,-41,7,400,100
35.0109866186144,0.633951719323571,348,1280.05883789062,47,14,14,14,62,1828,22,60,32,21,18.6271457672119,4,35,12,434,104
34.8422366188845,0.631868385993571,294,1102.32336425781,47,14,14,14,10,1541,15,58,32,21,18.4230880737305,4,-131,17,1971,100
34.9339032854044,0.631868385993571,322,1178.81896972656,45,14,14,14,10,1627,16,59,33,22,18.6123600006104,3,-205,19,1858,95
35.0380699519044,0.631868385993571,376,1186.57202148438,47,14,14,14,10,1790,24,59,32,21,18.6685447692871,4,-171,13,1051,100
35.0734866185144,0.631868385993571,362,1151.69677734375,46,14,14,14,10,1822,21,59,33,21,18.6729202270508,4,-137,25,1560,105
34.8672366188445,0.629785052663571,254,1169.14074707031,46,14,14,14,10,1648,17,58,33,21,18.4955825805664,7,122,20,1254,95
34.8797366188244,0.629785052663571,226,1267.36437988281,47,14,14,14,10,1662,17,59,32,21,18.5392208099365,4,57,14,1050,98
35.0234866185944,0.629785052663571,374,1293.45788574219,47,14,14,14,10,1852,18,59,32,20,18.6255416870117,5,164,10,325,105
34.8505699522045,0.627701719333571,285,1115.0263671875,48,14,14,14,10,1562,15,59,31,21,18.4463710784912,5,-67,18,1795,99
34.8859866188144,0.627701719333571,235,1288.77795410156,48,14,14,14,10,1659,18,59,32,20,18.5547065734863,6,37,15,1155,96
34.9214032854244,0.627701719333571,272,1213.13195800781,46,14,14,14,10,1670,16,59,33,21,18.6051082611084,6,75,15,1427,96
34.9526532853744,0.627701719333571,282,1128.91015625,43,15,15,15,10,1741,16,59,36,21,18.6535778045654,4,190,11,623,100
34.9568199520344,0.627701719333571,279,1128.91015625,43,15,15,15,10,1741,16,59,36,21,18.6535778045654,4,190,11,623,100
35.0151532852744,0.627701719333571,353,1280.05883789062,47,14,14,14,62,1828,22,60,32,21,18.6271457672119,4,35,12,434,104
34.8818199521544,0.625618386003571,223,1254.59985351562,47,14,14,14,10,1691,19,58,32,20,18.5365390777588,4,143,25,658,95
34.9234866187544,0.625618386003571,266,1305.87463378906,46,14,14,14,10,1719,18,59,33,21,18.6072120666504,2,121,12,768,99
34.9297366187444,0.625618386003571,294,1295.21447753906,46,14,14,14,10,1708,16,58,33,21,18.6169300079346,11,148,11,1101,95
34.9568199520344,0.625618386003571,276,1124.34704589844,44,14,14,14,10,1678,17,60,35,21,18.6413631439209,6,-133,12,1250,101
34.8776532854944,0.623535052673571,243,1254.59985351562,47,14,14,14,10,1691,19,58,32,20,18.5365390777588,4,143,25,658,95
34.9401532853944,0.623535052673571,303,1242.63720703125,45,14,14,14,10,1639,16,58,33,22,18.6210346221924,3,-217,13,1678,95
35.0234866185944,0.623535052673571,350,1253.2109375,47,15,15,15,10,1862,25,60,32,21,18.6389598846436,4,283,9,138,96
34.8339032855645,0.621451719343571,274,1119.45483398438,46,14,14,14,10,1522,16,59,32,21,18.3950653076172,3,-134,20,1695,101
34.8734866188344,0.621451719343571,229,1187.31616210938,46,14,14,14,10,1656,17,59,33,21,18.5093097686768,7,55,12,978,92
34.8839032854844,0.621451719343571,212,1254.59985351562,47,14,14,14,10,1691,19,58,32,20,18.5365390777588,4,143,25,658,95
34.9193199520944,0.621451719343571,278,1305.87463378906,46,14,14,14,10,1719,18,59,33,21,18.6072120666504,2,121,12,768,99
34.9234866187544,0.621451719343571,265,1305.87463378906,46,14,14,14,10,1719,18,59,33,21,18.6072120666504,2,121,12,768,99
34.9464032853844,0.621451719343571,312,1176.16589355469,44,14,14,14,10,1647,17,58,34,21,18.6299457550049,2,-238,15,1433,101
34.9526532853744,0.621451719343571,317,1124.34704589844,44,14,14,14,10,1678,17,60,35,21,18.6413631439209,6,-133,12,1250,101
35.0214032852644,0.621451719343571,365,1253.2109375,47,15,15,15,10,1862,25,60,32,21,18.6389598846436,4,283,9,138,96
34.8193199522545,0.619368386013571,213,1161.78503417969,45,14,14,14,10,1539,14,59,33,21,18.3789939880371,3,-37,13,1540,104
34.8318199522345,0.619368386013571,273,1119.45483398438,46,14,14,14,10,1522,16,59,32,21,18.3950653076172,3,-134,20,1695,101
34.8339032855645,0.619368386013571,248,1119.45483398438,46,14,14,14,10,1522,16,59,32,21,18.3950653076172,3,-134,20,1695,101
34.8359866188945,0.619368386013571,227,1116.06115722656,47,14,14,14,10,1555,15,58,32,21,18.4186954498291,6,-67,35,1978,99
34.8484866188745,0.619368386013571,293,1133.17358398438,48,14,14,14,10,1572,16,58,32,20,18.4433994293213,4,-40,22,1821,100
34.8547366188645,0.619368386013571,271,1143.63415527344,47,14,14,14,10,1582,16,59,33,21,18.4646244049072,5,-45,22,1779,100
34.8901532854744,0.619368386013571,237,1312.15246582031,48,14,14,14,10,1704,17,58,32,20,18.5573654174805,4,154,13,455,98
34.8984866187944,0.619368386013571,251,1316.75048828125,47,14,14,14,10,1678,15,57,32,21,18.568338394165,6,-84,17,1018,98
34.8422366188845,0.617285052683571,221,1143.35607910156,47,14,14,14,10,1578,15,59,33,20,18.4160976409912,6,17,21,1655,99
34.8651532855145,0.617285052683571,273,1151.26867675781,47,14,14,14,10,1604,18,58,33,21,18.4807739257812,4,-45,12,1434,99
34.9380699520644,0.617285052683571,286,1379.66711425781,47,14,14,14,10,1730,21,58,32,21,18.614278793335,7,158,18,722,98
34.9693199520144,0.617285052683571,336,1096.63659667969,45,14,14,14,10,1695,21,58,34,21,18.6602306365967,5,-66,11,1226,105
34.8755699521644,0.615201719353571,259,1162.00341796875,46,14,14,14,10,1613,17,59,33,21,18.4995594024658,5,-177,22,1319,93
34.9464032853844,0.613118386023571,277,1285.29333496094,46,14,14,14,10,1685,18,59,33,22,18.6292858123779,7,-20,14,1070,99
34.8922366188044,0.611035052693571,230,1272.92224121094,47,15,15,15,10,1727,19,58,32,20,18.5519237518311,0,186,23,0,97
34.9026532854544,0.611035052693571,248,1346.58679199219,48,14,14,14,10,1730,18,58,32,21,18.5796642303467,3,96,21,455,99
34.9151532854344,0.611035052693571,285,1360.89794921875,47,14,14,14,10,1705,19,59,32,21,18.5901432037354,4,-49,27,816,97
34.8505699522045,0.608951719363571,213,1150.63049316406,46,14,14,14,10,1596,15,59,34,20,18.4294281005859,8,53,12,1344,100
34.8672366188445,0.608951719363571,251,1149.00537109375,47,14,14,14,10,1627,17,59,33,20,18.4740467071533,4,46,14,1071,99
34.9422366187244,0.608951719363571,269,1481.41430664062,47,14,14,14,10,1751,19,60,32,21,18.599235534668,3,108,14,422,108
34.8214032855845,0.606868386033571,212,1139.19189453125,46,14,14,14,10,1565,16,59,33,21,18.3625164031982,2,132,13,1545,106
34.8651532855145,0.606868386033571,236,1149.00537109375,47,14,14,14,10,1627,17,59,33,20,18.4740467071533,4,46,14,1071,99
34.8859866188144,0.606868386033571,215,1210.85302734375,46,14,14,14,10,1707,19,59,33,21,18.5402183532715,5,95,21,346,93
34.8880699521444,0.606868386033571,228,1210.85302734375,46,14,14,14,10,1707,19,59,33,21,18.5402183532715,5,95,21,346,93
34.8089032856045,0.604785052703571,252,1199.6875,47,14,14,14,10,1517,15,58,32,21,18.3178691864014,1,-65,15,1721,105
34.8151532855945,0.604785052703571,225,1141.94714355469,47,14,14,14,10,1528,16,58,32,21,18.3380813598633,6,-38,33,1893,106
34.8526532855345,0.604785052703571,218,1148.03088378906,46,14,14,14,10,1624,17,58,34,20,18.4505558013916,8,128,15,1044,97
34.9339032854044,0.604785052703571,286,1488.9853515625,47,14,14,14,10,1742,22,60,32,21,18.5907039642334,6,-79,15,651,97
34.8089032856045,0.602701719373571,218,1199.6875,47,14,14,14,10,1517,15,58,32,21,18.3178691864014,1,-65,15,1721,105
34.8297366189045,0.602701719373571,203,1148.85083007812,46,14,14,14,10,1563,16,58,33,21,18.3867340087891,4,60,22,1705,105
34.8776532854944,0.602701719373571,258,1166.30871582031,46,14,14,14,10,1662,17,58,33,21,18.5155067443848,6,-35,17,738,93
34.9214032854244,0.602701719373571,261,1455.97692871094,47,14,14,14,10,1746,20,59,31,21,18.5757122039795,5,30,10,443,96
34.8193199522545,0.600618386043571,209,1128.66369628906,46,14,14,14,10,1535,14,58,33,21,18.3481178283691,4,-27,24,1834,103
34.8276532855745,0.600618386043571,212,1141.06262207031,46,14,14,14,10,1569,14,58,34,20,18.3722820281982,3,81,18,1634,101
34.9193199520944,0.598535052713571,254,1520.05285644531,47,14,14,14,10,1773,22,60,32,21,18.5502662658691,3,29,10,120,95
34.8172366189245,0.596451719383571,217,1113.12817382812,45,14,14,14,10,1523,15,58,34,20,18.3257923126221,6,40,14,1733,105
34.8839032854844,0.596451719383571,266,1133.38610839844,45,14,14,14,10,1623,16,58,33,22,18.4994163513184,5,-102,19,1065,93
34.8109866189345,0.594368386053571,224,1113.12817382812,45,14,14,14,10,1523,15,58,34,20,18.3257923126221,6,40,14,1733,105
34.9151532854344,0.594368386053571,254,1422.87255859375,47,14,14,14,10,1768,21,59,32,21,18.5459384918213,3,14,16,204,93
34.8172366189245,0.592285052723571,223,1095.39807128906,46,14,14,14,10,1512,18,56,33,21,18.3197822570801,5,-98,16,2122,101
34.8818199521544,0.592285052723571,282,1102.92517089844,45,14,14,14,10,1587,16,58,33,22,18.48215675354,3,-167,19,1407,93
34.8380699522245,0.590201719393571,228,1144.55981445312,46,14,14,14,10,1533,14,59,34,21,18.3808994293213,2,-161,13,2002,96
34.8672366188445,0.590201719393571,256,1116.41650390625,44,14,14,14,10,1569,14,58,35,21,18.4422035217285,5,-165,16,1804,94
34.8818199521544,0.590201719393571,296,1102.92517089844,45,14,14,14,10,1587,16,58,33,22,18.48215675354,3,-167,19,1407,93
34.8839032854844,0.588118386063571,292,1102.92517089844,45,14,14,14,10,1587,16,58,33,22,18.48215675354,3,-167,19,1407,93
34.8089032856045,0.586035052733571,259,1082.32336425781,47,14,14,14,10,1491,18,56,32,21,18.3068447113037,5,-8,49,2147,101
34.8505699522045,0.586035052733571,255,1121.92333984375,46,14,14,14,10,1548,14,58,33,21,18.4012870788574,5,-63,18,1938,104
34.8568199521945,0.586035052733571,260,1113.85119628906,45,14,14,14,10,1558,15,58,35,21,18.4224262237549,4,-73,26,1830,101
34.7984866189545,0.581868386073571,318,1058.10314941406,44,15,15,15,10,1452,15,56,34,22,18.2871246337891,2,-128,64,2454,100
34.8193199522545,0.581868386073571,257,1153.58288574219,47,14,14,14,10,1541,19,56,33,20,18.3374404907227,8,31,18,1722,97
34.8484866188745,0.581868386073571,244,1168.02331542969,45,14,14,14,10,1563,14,59,34,20,18.3981266021729,6,-125,22,1769,95
34.8568199521945,0.581868386073571,222,1141.78686523438,44,14,14,14,10,1594,13,60,36,20,18.4197654724121,4,95,18,1544,103
34.8047366189445,0.579785052743571,211,1065.21020507812,45,14,14,14,10,1476,17,57,34,21,18.2998447418213,4,-83,15,2472,99
34.8755699521644,0.579785052743571,283,1113.07287597656,44,14,14,14,10,1588,13,59,34,21,18.4564361572266,4,-49,12,1666,97
34.7943199522945,0.577701719413571,288,1058.10314941406,44,15,15,15,10,1452,15,56,34,22,18.2871246337891,2,-128,64,2454,100
34.7901532856345,0.575618386083571,309,1072.04992675781,42,15,15,15,10,1450,16,58,36,22,18.2579326629639,3,-68,30,2544,103
34.8505699522045,0.575618386083571,257,1233.37023925781,44,14,14,14,10,1571,17,58,35,21,18.4018745422363,4,-107,20,1576,93
34.8672366188445,0.575618386083571,282,1148.16857910156,43,14,14,14,10,1612,16,59,36,20,18.4364738464355,4,118,18,1300,106
34.8422366188845,0.571451719423571,245,1253.93005371094,45,15,15,15,10,1599,18,58,36,19,18.3916301727295,7,116,11,1247,91
34.8464032855445,0.571451719423571,251,1233.37023925781,44,14,14,14,10,1571,17,58,35,21,18.4018745422363,4,-107,20,1576,93
34.8068199522745,0.569368386093571,214,1082.24645996094,45,14,14,14,10,1481,15,58,34,20,18.2861061096191,2,-24,11,2324,100
34.8255699522445,0.569368386093571,268,1152.18981933594,47,14,14,14,10,1547,20,57,33,20,18.3259429931641,15,-15,12,1740,90
34.7797366189845,0.565201719433571,225,1092.44396972656,41,15,15,15,10,1461,16,58,38,22,18.2286128997803,2,3,15,2479,105
34.7859866189745,0.565201719433571,194,1094.49597167969,41,15,15,15,10,1481,16,58,37,21,18.2433414459229,1,84,13,2306,106
34.7776532856545,0.563118386103571,225,1092.44396972656,41,15,15,15,10,1461,16,58,38,22,18.2286128997803,2,3,15,2479,105
34.8339032855645,0.563118386103571,286,1174.38610839844,45,15,15,15,10,1568,19,58,35,20,18.3419418334961,23,-38,15,1415,87
34.8380699522245,0.563118386103571,270,1245.68078613281,45,15,15,15,10,1675,19,58,35,20,18.3854713439941,10,483,11,711,89
34.8568199521945,0.563118386103571,271,1236.10412597656,44,14,14,14,10,1586,18,58,35,21,18.4177074432373,4,-146,15,1734,91
34.7818199523145,0.561035052773571,195,1092.44396972656,41,15,15,15,10,1461,16,58,38,22,18.2286128997803,2,3,15,2479,105
34.8068199522745,0.561035052773571,203,1098.2431640625,44,14,14,14,10,1499,15,59,35,20,18.2730884552002,2,65,29,2247,110
34.8214032855845,0.561035052773571,215,1121.69897460938,44,15,15,15,10,1524,16,59,35,21,18.3093929290771,4,-28,5,1950,94
34.8630699521845,0.561035052773571,256,1170.48999023438,45,14,14,14,10,1611,19,59,35,20,18.4305896759033,5,-34,15,1544,97
34.8130699522645,0.558951719443571,195,1082.64416503906,41,15,15,15,10,1486,13,58,38,21,18.2863368988037,4,-60,10,2423,101
34.8234866189145,0.558951719443571,219,1082.47094726562,40,14,14,14,10,1496,13,59,39,21,18.301570892334,3,-53,7,2369,96
34.8484866188745,0.556868386113571,228,1263.49633789062,45,15,15,15,10,1689,21,57,35,21,18.4086723327637,17,519,18,757,90
34.7922366189645,0.554785052783571,203,1122.01843261719,42,15,15,15,10,1465,16,57,37,22,18.2347602844238,4,-47,19,2400,105
34.7984866189545,0.554785052783571,228,1114.92553710938,43,14,14,14,10,1478,16,57,36,21,18.2525501251221,3,12,12,2292,106
34.7776532856545,0.552701719453571,212,1120.673828125,42,15,15,15,10,1448,15,57,37,22,18.2172908782959,1,-79,14,2548,106
34.8130699522645,0.552701719453571,202,1082.64416503906,41,15,15,15,10,1486,13,58,38,21,18.2863368988037,4,-60,10,2423,101
34.7755699523245,0.550618386123571,183,1160.84838867188,43,15,15,15,10,1473,16,58,36,21,18.1809539794922,4,53,14,2489,103
34.7901532856345,0.550618386123571,218,1170.81530761719,45,15,15,15,10,1476,15,58,34,21,18.2179946899414,3,-1,12,2502,106
34.7964032856245,0.550618386123571,250,1147.39660644531,44,14,14,14,10,1465,14,57,35,22,18.2400074005127,4,-64,12,2660,106
34.8089032856045,0.550618386123571,211,1116.66516113281,43,14,14,14,10,1464,16,57,35,22,18.2603168487549,4,-93,18,2689,105
34.7630699523445,0.548535052793571,236,1146.62707519531,43,14,14,14,10,1442,15,58,34,22,18.1666812896729,5,-102,17,2646,105
34.7964032856245,0.548535052793571,226,1147.39660644531,44,14,14,14,10,1465,14,57,35,22,18.2400074005127,4,-64,12,2660,106
34.8443199522145,0.548535052793571,320,1195.73840332031,45,15,15,15,10,1659,29,58,33,21,18.3812065124512,25,127,21,895,80
34.7880699523045,0.546451719463571,193,1170.81530761719,45,15,15,15,10,1476,15,58,34,21,18.2179946899414,3,-1,12,2502,106
34.8005699522845,0.546451719463571,238,1147.39660644531,44,14,14,14,10,1465,14,57,35,22,18.2400074005127,4,-64,12,2660,106
34.8297366189045,0.546451719463571,215,1073.68469238281,41,14,14,14,10,1505,15,59,39,21,18.3096351623535,4,-73,22,2456,93
34.8318199522345,0.546451719463571,229,1073.68469238281,41,14,14,14,10,1505,15,59,39,21,18.3096351623535,4,-73,22,2456,93
34.7672366190045,0.542285052803571,201,1150.75476074219,43,14,14,14,10,1452,16,58,35,22,18.1534366607666,2,-48,11,2574,106
34.7839032856445,0.542285052803571,188,1210.06005859375,44,14,14,14,10,1492,16,58,35,21,18.1834259033203,0,78,15,2309,114
34.8109866189345,0.542285052803571,224,1115.5087890625,46,15,15,15,10,1489,15,58,32,22,18.2636013031006,2,12,13,2574,108
34.8464032855445,0.542285052803571,332,1129.63024902344,46,14,14,14,10,1552,19,58,32,22,18.350887298584,8,-222,15,2489,86
34.7734866189945,0.540201719473571,183,1186.7578125,44,15,15,15,10,1484,17,58,35,21,18.1672286987305,3,53,9,2325,107
34.7880699523045,0.540201719473571,196,1206.26159667969,45,14,14,14,10,1495,16,58,34,21,18.202033996582,1,68,10,2324,116
34.8422366188845,0.540201719473571,309,1079.76965332031,44,14,14,14,10,1505,16,58,35,21,18.3187789916992,3,-157,22,2521,92
34.7797366189845,0.538118386143571,188,1210.06005859375,44,14,14,14,10,1492,16,58,35,21,18.1834259033203,0,78,15,2309,114
34.7984866189545,0.538118386143571,205,1185.32788085938,44,14,14,14,10,1490,15,58,35,21,18.222053527832,2,28,13,2459,112
34.8005699522845,0.538118386143571,206,1185.32788085938,44,14,14,14,10,1490,15,58,35,21,18.222053527832,2,28,13,2459,112
34.8130699522645,0.538118386143571,230,1115.5087890625,46,15,15,15,10,1489,15,58,32,22,18.2636013031006,2,12,13,2574,108
34.7734866189945,0.536035052813571,179,1186.7578125,44,15,15,15,10,1484,17,58,35,21,18.1672286987305,3,53,9,2325,107
34.8526532855345,0.536035052813571,313,1178.13562011719,46,14,14,14,10,1690,35,57,32,22,18.4001922607422,25,109,76,813,79
34.8568199521945,0.536035052813571,333,1178.13562011719,46,14,14,14,10,1690,35,57,32,22,18.4001922607422,25,109,76,813,79
34.7672366190045,0.533951719483571,195,1153.40490722656,43,15,15,15,10,1475,17,58,34,22,18.1414642333984,3,48,19,2461,109
34.7943199522945,0.533951719483571,204,1193.87048339844,46,14,14,14,10,1498,16,57,33,22,18.2121639251709,1,28,17,2443,111
34.8089032856045,0.533951719483571,231,1172.26794433594,48,14,14,14,10,1503,16,57,31,22,18.2300186157227,1,51,15,2496,113
34.8380699522245,0.533951719483571,257,1060.74841308594,45,14,14,14,10,1509,15,59,34,21,18.3100471496582,3,-30,15,2908,96
34.8068199522745,0.531868386153571,227,1172.26794433594,48,14,14,14,10,1503,16,57,31,22,18.2300186157227,1,51,15,2496,113
34.8255699522445,0.531868386153571,292,1101.40417480469,44,14,14,14,10,1486,17,59,35,21,18.2732372283936,4,-6,14,2795,107
34.8443199522145,0.531868386153571,277,1084.84948730469,45,14,14,14,10,1543,17,58,33,21,18.3326816558838,5,-48,22,2817,92
34.7714032856645,0.527701719493571,201,1176.04125976562,45,14,14,14,10,1480,16,57,34,21,18.1585311889648,2,50,19,2391,112
34.8047366189445,0.527701719493571,226,1172.26794433594,48,14,14,14,10,1503,16,57,31,22,18.2300186157227,1,51,15,2496,113
34.8109866189345,0.525618386163571,205,1147.58483886719,44,13,13,13,10,1496,16,60,34,21,18.2414894104004,2,-35,13,2859,108
34.8693199521745,0.525618386163571,333,1144.58654785156,45,15,15,15,10,1681,28,56,33,22,18.4122829437256,32,-71,28,1985,78
34.7964032856245,0.523535052833571,256,1205.421875,45,14,14,14,10,1481,16,57,33,22,18.2030296325684,1,-85,20,2712,107
34.8151532855945,0.523535052833571,216,1147.58483886719,44,13,13,13,10,1496,16,60,34,21,18.2414894104004,2,-35,13,2859,108
34.8526532855345,0.523535052833571,278,1080.18432617188,45,15,15,15,10,1530,20,57,33,22,18.3418960571289,21,-218,14,3487,90
34.8672366188445,0.523535052833571,318,1112.30944824219,45,15,15,15,10,1600,21,56,34,22,18.3784465789795,11,-70,12,2566,84
34.7797366189845,0.521451719503571,198,1189.49194335938,44,14,14,14,10,1478,14,58,34,22,18.1663093566895,4,-47,19,2645,108
34.8464032855445,0.521451719503571,235,1058.46545410156,45,14,14,14,10,1508,17,59,33,22,18.3190822601318,1,-82,13,3459,95
34.8484866188745,0.521451719503571,241,1058.46545410156,45,14,14,14,10,1508,17,59,33,22,18.3190822601318,1,-82,13,3459,95
34.8859866188144,0.521451719503571,289,1239.25317382812,43,15,15,15,10,1938,18,58,35,21,18.3978729248047,17,855,11,295,74
34.7443199523745,0.519368386173571,216,1153.806640625,42,14,14,14,10,1441,14,57,36,22,18.0910453796387,2,-43,15,2729,110
34.8505699522045,0.519368386173571,248,1058.46545410156,45,14,14,14,10,1508,17,59,33,22,18.3190822601318,1,-82,13,3459,95
34.7422366190445,0.517285052843571,223,1161.84423828125,43,14,14,14,10,1433,15,57,36,21,18.0576553344727,2,-71,22,2834,109
34.7464032857045,0.517285052843571,207,1182.07348632812,43,14,14,14,10,1450,14,56,35,22,18.0757331848145,3,-43,13,2652,106
34.7839032856445,0.517285052843571,186,1222.251953125,43,15,15,15,10,1483,13,56,35,22,18.1497955322266,2,-4,19,2630,105
34.8589032855245,0.517285052843571,300,1054.75183105469,43,14,14,14,10,1510,16,58,35,22,18.3265914916992,2,-86,16,3862,93
34.7776532856545,0.515201719513571,198,1222.251953125,43,15,15,15,10,1483,13,56,35,22,18.1497955322266,2,-4,19,2630,105
34.7943199522945,0.515201719513571,186,1243.68225097656,45,14,14,14,10,1515,16,57,33,22,18.1885528564453,4,101,26,2641,102
34.8339032855645,0.515201719513571,214,1144.01818847656,44,14,14,14,10,1516,15,58,34,22,18.2694416046143,5,69,13,3184,110
34.7401532857145,0.513118386183571,213,1161.84423828125,43,14,14,14,10,1433,15,57,36,21,18.0576553344727,2,-71,22,2834,109
34.7443199523745,0.513118386183571,207,1182.07348632812,43,14,14,14,10,1450,14,56,35,22,18.0757331848145,3,-43,13,2652,106
34.7776532856545,0.513118386183571,191,1222.251953125,43,15,15,15,10,1483,13,56,35,22,18.1497955322266,2,-4,19,2630,105
34.7693199523345,0.511035052853571,190,1189.79296875,42,15,15,15,10,1470,11,58,36,22,18.135835647583,3,-48,14,2718,106
34.7714032856645,0.511035052853571,192,1189.79296875,42,15,15,15,10,1470,11,58,36,22,18.135835647583,3,-48,14,2718,106
34.7818199523145,0.511035052853571,183,1222.251953125,43,15,15,15,10,1483,13,56,35,22,18.1497955322266,2,-4,19,2630,105
34.8401532855545,0.511035052853571,229,1102.40759277344,43,14,14,14,10,1496,18,57,35,22,18.2898635864258,1,-59,16,3596,101
34.8964032854644,0.511035052853571,307,1206.22644042969,44,15,15,15,10,1889,16,56,34,21,18.4240493774414,14,351,22,1086,74
34.7651532856745,0.508951719523571,177,1232.62377929688,43,14,14,14,10,1477,13,57,35,22,18.0954494476318,5,-51,19,2628,107
34.8089032856045,0.508951719523571,209,1202.07983398438,44,14,14,14,10,1489,15,58,34,22,18.1998634338379,2,-88,12,3159,104
34.7505699523645,0.506868386193571,174,1214.09936523438,43,14,14,14,10,1469,13,56,36,21,18.0577125549316,5,-6,14,2642,105
34.7818199523145,0.506868386193571,165,1270.91748046875,43,14,14,14,10,1506,12,57,35,21,18.134822845459,4,-6,13,2494,103
34.8255699522445,0.506868386193571,200,1179.36877441406,45,14,14,14,10,1510,13,57,33,23,18.2405166625977,3,-30,19,3309,106
34.8589032855245,0.506868386193571,299,1061.97668457031,42,14,14,14,10,1516,17,57,36,22,18.3179016113281,1,-24,25,4029,95
34.7339032857245,0.504785052863571,193,1177.48876953125,44,15,15,15,10,1436,15,57,35,21,18.0209197998047,4,-56,27,2859,107
34.7464032857045,0.504785052863571,164,1214.09936523438,43,14,14,14,10,1469,13,56,36,21,18.0577125549316,5,-6,14,2642,105
34.7964032856245,0.504785052863571,174,1285.08178710938,44,14,14,14,10,1504,13,57,34,21,18.1775054931641,4,-9,22,2730,104
34.8318199522345,0.504785052863571,181,1192.51672363281,45,14,14,14,10,1525,14,57,33,22,18.2655162811279,4,79,18,3298,105
34.8464032855445,0.504785052863571,248,1098.57580566406,41,14,14,14,10,1506,15,58,36,22,18.299430847168,2,-67,11,3913,97
34.8714032855044,0.504785052863571,292,1072.4150390625,45,14,14,14,10,1547,16,56,33,22,18.3675422668457,6,-140,11,4035,89
34.8068199522745,0.502701719533571,214,1202.07983398438,44,14,14,14,10,1489,15,58,34,22,18.1998634338379,2,-88,12,3159,104
34.8089032856045,0.502701719533571,210,1202.07983398438,44,14,14,14,10,1489,15,58,34,22,18.1998634338379,2,-88,12,3159,104
34.8526532855345,0.502701719533571,245,1061.97668457031,42,14,14,14,10,1516,17,57,36,22,18.3179016113281,1,-24,25,4029,95
34.7005699524445,0.500618386203571,215,1198.87707519531,42,15,15,15,10,1409,17,58,36,22,17.9184513092041,4,-93,15,2767,112
34.7047366191045,0.500618386203571,212,1204.36083984375,42,15,15,15,10,1431,15,57,37,22,17.9374809265137,4,44,11,2707,109
34.7214032857445,0.500618386203571,201,1194.0927734375,44,15,15,15,10,1444,15,56,34,22,17.9843063354492,3,-10,15,2721,110
34.7672366190045,0.500618386203571,165,1245.62390136719,44,14,14,14,10,1493,13,57,35,21,18.076639175415,4,12,15,2549,109
34.7776532856545,0.500618386203571,171,1310.37902832031,43,14,14,14,10,1523,12,57,36,22,18.1258735656738,4,17,14,2539,104
34.8714032855044,0.500618386203571,295,1065.85534667969,45,14,14,14,10,1551,16,54,33,22,18.3569240570068,2,-48,32,4297,91
34.8755699521644,0.500618386203571,273,1065.85534667969,45,14,14,14,10,1551,16,54,33,22,18.3569240570068,2,-48,32,4297,91
34.6984866191145,0.498535052873571,212,1198.87707519531,42,15,15,15,10,1409,17,58,36,22,17.9184513092041,4,-93,15,2767,112
34.7380699523845,0.498535052873571,157,1214.55920410156,42,14,14,14,10,1478,13,57,36,21,18.0225467681885,1,99,11,2520,114
34.7401532857145,0.498535052873571,160,1214.55920410156,42,14,14,14,10,1478,13,57,36,21,18.0225467681885,1,99,11,2520,114
34.7547366190245,0.498535052873571,163,1238.43200683594,43,14,14,14,10,1509,13,57,36,21,18.0572185516357,4,97,13,2320,107
34.7693199523345,0.498535052873571,171,1260.55969238281,43,14,14,14,10,1497,13,56,35,22,18.0993576049805,5,-29,15,2609,106
34.8547366188645,0.498535052873571,258,1095.52136230469,43,14,14,14,10,1513,14,56,35,22,18.3124408721924,0,-65,13,4240,98
34.8880699521444,0.498535052873571,303,1097.66076660156,44,15,15,15,10,1593,16,57,34,21,18.4142589569092,7,-158,12,4134,85
34.9026532854544,0.498535052873571,340,1143.98425292969,44,15,15,15,10,1717,20,56,33,22,18.4611778259277,21,-294,18,3147,76
34.7339032857245,0.496451719543571,160,1204.45678710938,45,14,14,14,10,1463,12,55,34,21,18.0031051635742,2,90,19,2611,110
34.7818199523145,0.496451719543571,151,1310.37902832031,43,14,14,14,10,1523,12,57,36,22,18.1258735656738,4,17,14,2539,104
34.8193199522545,0.496451719543571,206,1197.32263183594,46,14,14,14,10,1524,13,56,32,22,18.2346725463867,4,-34,16,3383,103
34.8693199521745,0.496451719543571,304,1065.85534667969,45,14,14,14,10,1551,16,54,33,22,18.3569240570068,2,-48,32,4297,91
34.6984866191145,0.494368386213571,185,1198.87707519531,42,15,15,15,10,1409,17,58,36,22,17.9184513092041,4,-93,15,2767,112
34.7068199524345,0.494368386213571,169,1204.36083984375,42,15,15,15,10,1431,15,57,37,22,17.9374809265137,4,44,11,2707,109
34.7109866190945,0.494368386213571,177,1200.19091796875,41,15,15,15,10,1433,15,57,37,22,17.9611701965332,4,1,12,2821,110
34.7255699524045,0.494368386213571,196,1194.0927734375,44,15,15,15,10,1444,15,56,34,22,17.9843063354492,3,-10,15,2721,110
34.8693199521745,0.494368386213571,312,1065.85534667969,45,14,14,14,10,1551,16,54,33,22,18.3569240570068,2,-48,32,4297,91
34.8943199521344,0.494368386213571,287,1113.77697753906,44,15,15,15,10,1629,14,57,34,22,18.4425106048584,5,-277,17,4030,81
34.8984866187944,0.494368386213571,280,1113.77697753906,44,15,15,15,10,1629,14,57,34,22,18.4425106048584,5,-277,17,4030,81
34.7151532857545,0.492285052883571,182,1216.96398925781,43,14,14,14,10,1448,13,56,36,22,17.9467811584473,3,23,15,2611,113
34.7193199524145,0.492285052883571,182,1207.96704101562,43,14,14,14,10,1450,12,56,35,22,17.9696750640869,2,36,15,2779,115
34.7630699523445,0.492285052883571,157,1241.69641113281,44,14,14,14,10,1519,12,56,35,21,18.0640983581543,4,52,14,2584,107
34.7839032856445,0.492285052883571,157,1326.01159667969,44,14,14,14,10,1525,12,57,35,21,18.1187725067139,2,-26,28,2570,105
34.7859866189745,0.492285052883571,156,1376.91723632812,44,14,14,14,10,1546,14,56,35,21,18.1462249755859,3,35,28,2549,107
34.8130699522645,0.492285052883571,200,1205.65270996094,46,14,14,14,10,1518,14,56,32,22,18.2011604309082,5,-70,29,3535,104
34.8359866188945,0.492285052883571,164,1222.61779785156,42,14,14,14,10,1550,13,57,35,22,18.277587890625,4,50,12,3718,106
34.8380699522245,0.492285052883571,169,1222.61779785156,42,14,14,14,10,1550,13,57,35,22,18.277587890625,4,50,12,3718,106
34.8714032855044,0.492285052883571,267,1090.96203613281,46,15,15,15,10,1539,16,55,32,22,18.3534412384033,2,-72,18,4541,94
34.7255699524045,0.490201719553571,188,1207.96704101562,43,14,14,14,10,1450,12,56,35,22,17.9696750640869,2,36,15,2779,115
34.7297366190645,0.490201719553571,197,1210.67639160156,44,14,14,14,10,1455,14,56,35,21,17.9899921417236,5,-5,16,2822,110
34.8047366189445,0.490201719553571,183,1267.16967773438,45,14,14,14,10,1517,12,56,34,21,18.1815452575684,2,-40,20,3263,102
34.8922366188044,0.490201719553571,271,1100.99694824219,44,15,15,15,10,1606,16,58,34,22,18.4055652618408,2,66,12,4150,91
34.7443199523745,0.488118386223571,191,1216.81396484375,41,14,14,14,10,1471,12,57,38,21,18.0303573608398,1,-52,11,2788,107
34.7922366189645,0.488118386223571,157,1376.91723632812,44,14,14,14,10,1546,14,56,35,21,18.1462249755859,3,35,28,2549,107
34.7964032856245,0.488118386223571,157,1352.70788574219,45,14,14,14,10,1534,14,56,34,21,18.1665019989014,5,62,12,2791,103
34.8109866189345,0.488118386223571,201,1205.65270996094,46,14,14,14,10,1518,14,56,32,22,18.2011604309082,5,-70,29,3535,104
34.7151532857545,0.486035052893571,191,1216.96398925781,43,14,14,14,10,1448,13,56,36,22,17.9467811584473,3,23,15,2611,113
34.7234866190745,0.486035052893571,190,1207.96704101562,43,14,14,14,10,1450,12,56,35,22,17.9696750640869,2,36,15,2779,115
34.7443199523745,0.486035052893571,180,1216.81396484375,41,14,14,14,10,1471,12,57,38,21,18.0303573608398,1,-52,11,2788,107
34.8109866189345,0.486035052893571,204,1205.65270996094,46,14,14,14,10,1518,14,56,32,22,18.2011604309082,5,-70,29,3535,104
34.8547366188645,0.486035052893571,215,1137.95288085938,44,15,15,15,10,1535,13,55,34,23,18.3113765716553,4,-10,13,4216,104
34.8839032854844,0.486035052893571,238,1094.34802246094,45,15,15,15,10,1570,17,55,33,22,18.3782520294189,6,-56,14,4460,90
34.7318199523945,0.483951719563571,180,1208.38073730469,44,14,14,14,10,1464,13,56,35,21,17.9788951873779,5,-3,10,2726,107
34.7630699523445,0.483951719563571,167,1244.73840332031,44,14,14,14,10,1497,13,55,35,21,18.0547370910645,4,-106,20,2754,104
34.8297366189045,0.483951719563571,170,1208.60705566406,44,14,14,14,10,1537,14,56,33,24,18.2446422576904,1,-45,20,3724,106
34.9005699521244,0.483951719563571,279,1117.12048339844,45,15,15,15,10,1621,16,58,33,22,18.4241600036621,2,-8,20,4208,89
34.4776532861346,0.481868386233571,234,1187.80822753906,43,14,14,14,10,1281,17,56,37,20,17.2107315063477,1,-80,32,965,109
34.6818199524745,0.481868386233571,206,1182.95483398438,43,14,14,14,10,1396,14,57,36,22,17.8459548950195,2,-69,21,2737,112
34.7109866190945,0.481868386233571,170,1222.84191894531,43,14,14,14,10,1442,12,56,35,21,17.9333343505859,2,-17,15,2811,110
34.7734866189945,0.481868386233571,169,1272.74926757812,44,14,14,14,10,1529,13,54,35,22,18.0823612213135,3,30,32,2685,103
34.7984866189545,0.481868386233571,179,1404.10974121094,46,14,14,14,10,1536,16,55,33,21,18.1632499694824,4,-19,22,3002,101
34.8464032855445,0.481868386233571,180,1195.27893066406,45,14,14,14,10,1575,14,55,32,23,18.2928428649902,2,115,27,3918,105
34.8630699521845,0.481868386233571,306,1141.67419433594,44,15,15,15,10,1543,16,56,33,23,18.3289623260498,3,-87,51,4473,101
34.8693199521745,0.481868386233571,222,1133.87634277344,47,14,14,14,10,1576,17,55,30,23,18.3543357849121,4,32,24,4234,100
34.8943199521344,0.481868386233571,235,1117.12048339844,45,15,15,15,10,1621,16,58,33,22,18.4241600036621,2,-8,20,4208,89
34.9172366187644,0.481868386233571,360,1131.75183105469,45,15,15,15,10,1666,21,55,34,22,18.4670677185059,13,-381,16,4190,80
34.4797366194646,0.479785052903571,240,1187.80822753906,43,14,14,14,10,1281,17,56,37,20,17.2107315063477,1,-80,32,965,109
34.6880699524645,0.479785052903571,181,1177.75927734375,42,14,14,14,10,1403,14,57,36,22,17.8694477081299,3,-41,19,2809,111
34.7672366190045,0.479785052903571,170,1244.73840332031,44,14,14,14,10,1497,13,55,35,21,18.0547370910645,4,-106,20,2754,104
34.8234866189145,0.479785052903571,191,1210.8662109375,45,14,14,14,10,1528,13,56,32,23,18.2188816070557,3,-64,16,3602,104
34.8422366188845,0.479785052903571,190,1209.5693359375,44,14,14,14,10,1550,17,56,33,23,18.269718170166,4,-25,15,3806,106
34.8505699522045,0.479785052903571,182,1195.27893066406,45,14,14,14,10,1575,14,55,32,23,18.2928428649902,2,115,27,3918,105
34.8547366188645,0.479785052903571,214,1165.36999511719,45,14,14,14,10,1541,19,57,33,23,18.3092041015625,2,-51,15,4222,102
34.4797366194646,0.477701719573571,235,1187.80822753906,43,14,14,14,10,1281,17,56,37,20,17.2107315063477,1,-80,32,965,109
34.7297366190645,0.477701719573571,204,1208.38073730469,44,14,14,14,10,1464,13,56,35,21,17.9788951873779,5,-3,10,2726,107
34.7359866190545,0.477701719573571,183,1211.44689941406,43,14,14,14,10,1480,10,57,36,21,17.9982147216797,1,31,13,2747,111
34.7401532857145,0.477701719573571,184,1211.44689941406,43,14,14,14,10,1480,10,57,36,21,17.9982147216797,1,31,13,2747,111
34.7589032856845,0.477701719573571,174,1234.65051269531,43,14,14,14,10,1487,11,56,36,21,18.0328788757324,2,-66,16,2810,105
34.8297366189045,0.477701719573571,186,1208.60705566406,44,14,14,14,10,1537,14,56,33,24,18.2446422576904,1,-45,20,3724,106
34.8568199521945,0.477701719573571,273,1165.36999511719,45,14,14,14,10,1541,19,57,33,23,18.3092041015625,2,-51,15,4222,102
34.8755699521644,0.477701719573571,216,1133.87634277344,47,14,14,14,10,1576,17,55,30,23,18.3543357849121,4,32,24,4234,100
34.4068199529147,0.475618386243571,232,1234.4990234375,43,14,14,14,10,1237,13,57,37,20,16.9135341644287,1,-93,37,1242,109
34.4734866194746,0.475618386243571,229,1189.54345703125,46,14,14,14,10,1284,16,56,35,20,17.1600589752197,3,-43,16,1073,109
34.7193199524145,0.475618386243571,177,1222.45568847656,42,14,14,14,10,1464,10,57,37,21,17.9389934539795,4,39,12,2840,111
34.7755699523245,0.475618386243571,166,1294.30700683594,44,14,14,14,10,1521,13,55,35,21,18.0750503540039,3,-101,22,2953,101
34.8193199522545,0.475618386243571,196,1229.11547851562,46,14,14,14,10,1533,15,55,32,22,18.2140789031982,3,-88,22,3924,101
34.8297366189045,0.475618386243571,180,1200.92529296875,47,14,14,14,10,1558,15,55,31,23,18.2371387481689,2,39,20,3855,107
34.8797366188244,0.475618386243571,207,1174.06860351562,48,14,14,14,10,1611,17,57,29,22,18.3790740966797,3,80,16,4090,104
34.4172366195647,0.473535052913571,226,1222.18615722656,43,13,13,13,10,1240,12,56,38,19,16.945592880249,1,-91,17,1162,110
34.4818199527946,0.473535052913571,226,1199.10046386719,45,14,14,14,10,1302,17,54,36,20,17.1842060089111,3,38,21,867,109
34.4839032861246,0.473535052913571,226,1199.10046386719,45,14,14,14,10,1302,17,54,36,20,17.1842060089111,3,38,21,867,109
34.7276532857345,0.473535052913571,187,1217.20397949219,42,14,14,14,10,1469,11,56,36,21,17.9624443054199,4,-26,15,2997,108
34.7297366190645,0.473535052913571,184,1217.20397949219,42,14,14,14,10,1469,11,56,36,21,17.9624443054199,4,-26,15,2997,108
34.7422366190445,0.473535052913571,187,1225.98767089844,43,14,14,14,10,1469,11,56,36,21,17.9818801879883,6,-123,15,3077,104
34.7651532856745,0.473535052913571,169,1276.45373535156,44,14,14,14,10,1522,13,55,35,21,18.0479717254639,4,10,19,2783,103
34.7693199523345,0.473535052913571,184,1294.30700683594,44,14,14,14,10,1521,13,55,35,21,18.0750503540039,3,-101,22,2953,101
34.7714032856645,0.473535052913571,185,1294.30700683594,44,14,14,14,10,1521,13,55,35,21,18.0750503540039,3,-101,22,2953,101
34.7943199522945,0.473535052913571,163,1484.47119140625,47,14,14,14,10,1571,15,54,33,21,18.1665802001953,5,46,20,2991,98
34.8089032856045,0.473535052913571,154,1413.25891113281,45,14,14,14,10,1562,14,56,34,21,18.1817989349365,3,32,16,3223,99
34.4651532861546,0.471451719583571,239,1194.5830078125,45,14,14,14,10,1280,16,55,35,20,17.1320476531982,3,-18,15,918,111
34.4734866194746,0.471451719583571,265,1189.54345703125,46,14,14,14,10,1284,16,56,35,20,17.1600589752197,3,-43,16,1073,109
34.4776532861346,0.471451719583571,245,1199.10046386719,45,14,14,14,10,1302,17,54,36,20,17.1842060089111,3,38,21,867,109
34.4797366194646,0.471451719583571,248,1199.10046386719,45,14,14,14,10,1302,17,54,36,20,17.1842060089111,3,38,21,867,109
34.7318199523945,0.471451719583571,181,1217.20397949219,42,14,14,14,10,1469,11,56,36,21,17.9624443054199,4,-26,15,2997,108
34.7526532856945,0.471451719583571,171,1273.36779785156,44,14,14,14,10,1514,12,55,35,21,18.0215682983398,3,38,14,2756,104
34.7964032856245,0.471451719583571,165,1484.47119140625,47,14,14,14,10,1571,15,54,33,21,18.1665802001953,5,46,20,2991,98
34.7984866189545,0.471451719583571,164,1484.47119140625,47,14,14,14,10,1571,15,54,33,21,18.1665802001953,5,46,20,2991,98
34.8359866188945,0.471451719583571,189,1194.54321289062,47,14,14,14,10,1562,15,56,30,23,18.2610549926758,4,3,12,3927,102
34.4526532861747,0.469368386253571,233,1204.68029785156,44,13,13,13,10,1272,14,56,38,19,17.1014785766602,2,-32,8,1019,113
34.4922366194446,0.469368386253571,214,1217.48059082031,42,14,14,14,10,1301,14,54,39,19,17.2097854614258,2,0,19,862,109
34.6734866191545,0.469368386253571,222,1189.93481445312,43,14,14,14,10,1405,17,57,36,22,17.8063678741455,5,47,13,2396,111
34.6984866191145,0.469368386253571,162,1203.27453613281,42,14,14,14,10,1427,13,56,37,21,17.8736705780029,4,9,14,2781,110
34.7880699523045,0.469368386253571,160,1456.54968261719,45,14,14,14,10,1557,17,55,33,21,18.1421146392822,2,-2,21,2925,99
34.8276532855745,0.469368386253571,198,1200.92529296875,47,14,14,14,10,1558,15,55,31,23,18.2371387481689,2,39,20,3855,107
34.8734866188344,0.469368386253571,247,1188.48803710938,45,15,15,15,10,1597,20,58,32,23,18.3565216064453,4,4,38,4177,100
34.3922366196047,0.467285052923571,218,1216.95092773438,42,14,14,14,10,1239,10,57,39,19,16.8252105712891,3,-14,20,1095,107
34.4464032861847,0.467285052923571,228,1178.51159667969,43,14,14,14,10,1260,14,57,38,19,17.0510196685791,3,-73,27,1145,112
34.4693199528146,0.467285052923571,294,1192.56115722656,45,14,14,14,10,1286,14,55,36,19,17.1384601593018,2,-53,30,959,110
34.4797366194646,0.467285052923571,249,1231.93969726562,45,14,14,14,10,1301,15,54,37,19,17.1612758636475,3,-20,23,796,109
34.8109866189345,0.467285052923571,175,1330.41625976562,48,14,14,14,10,1570,15,55,31,21,18.1965522766113,5,57,21,3586,96
34.9276532854144,0.467285052923571,385,1223.22058105469,44,15,15,15,10,1906,24,56,33,22,18.4446105957031,35,64,77,1756,72
34.4193199528947,0.465201719593571,216,1224.9931640625,45,13,13,13,10,1262,13,56,36,19,16.948600769043,4,32,19,1112,112
34.4297366195447,0.465201719593571,258,1203.88122558594,45,14,14,14,10,1249,13,56,36,19,16.9854736328125,1,-74,21,1215,111
34.4880699527846,0.465201719593571,236,1276.54260253906,45,14,14,14,180,1324,15,54,37,19,17.1825485229492,4,49,22,639,109
34.7255699524045,0.465201719593571,176,1227.32983398438,42,14,14,14,10,1467,13,56,37,21,17.9253482818604,4,-9,24,2828,110
34.7964032856245,0.465201719593571,166,1495.71520996094,46,14,14,14,10,1602,14,54,33,21,18.1653861999512,5,171,27,2782,97
34.8505699522045,0.465201719593571,266,1212.9013671875,47,14,14,14,10,1566,22,56,29,23,18.2842388153076,4,-88,19,4370,96
34.4151532862347,0.463118386263571,190,1225.94738769531,44,13,13,13,10,1263,12,55,38,19,16.9150714874268,2,50,23,1080,114
34.4505699528447,0.463118386263571,256,1178.51159667969,43,14,14,14,10,1260,14,57,38,19,17.0510196685791,3,-73,27,1145,112
34.4630699528246,0.463118386263571,210,1177.47155761719,45,14,14,14,10,1271,13,55,36,19,17.1105003356934,2,-55,15,1121,112
34.6276532858946,0.463118386263571,220,1159.3193359375,43,14,14,14,10,1350,14,56,37,20,17.6731853485107,4,-49,19,2281,108
34.6693199524945,0.463118386263571,185,1162.31811523438,43,14,14,14,10,1381,15,57,36,21,17.7975940704346,0,-79,19,2647,109
34.6984866191145,0.463118386263571,174,1192.6640625,43,14,14,14,10,1438,13,56,36,21,17.8623180389404,3,47,15,2636,109
34.7568199523545,0.463118386263571,167,1313.6083984375,44,14,14,14,10,1543,12,54,36,21,18.01611328125,3,116,7,2652,105
34.8130699522645,0.463118386263571,171,1330.41625976562,48,14,14,14,10,1570,15,55,31,21,18.1965522766113,5,57,21,3586,96
34.4193199528947,0.461035052933571,195,1224.9931640625,45,13,13,13,10,1262,13,56,36,19,16.948600769043,4,32,19,1112,112
34.4359866195347,0.461035052933571,234,1185.80200195312,44,13,13,13,10,1263,16,55,37,19,17.0194644927979,2,-30,12,1082,111
34.4464032861847,0.461035052933571,256,1178.51159667969,43,14,14,14,10,1260,14,57,38,19,17.0510196685791,3,-73,27,1145,112
34.4776532861346,0.461035052933571,209,1231.93969726562,45,14,14,14,10,1301,15,54,37,19,17.1612758636475,3,-20,23,796,109
34.6880699524645,0.461035052933571,164,1172.08178710938,42,14,14,14,10,1419,13,56,37,22,17.8419914245605,1,24,9,2753,108
34.7005699524445,0.461035052933571,190,1192.6640625,43,14,14,14,10,1438,13,56,36,21,17.8623180389404,3,47,15,2636,109
34.7797366189845,0.461035052933571,168,1384.45141601562,45,14,14,14,10,1565,15,55,34,21,18.1035823822021,5,21,24,2792,99
34.8130699522645,0.461035052933571,173,1330.41625976562,48,14,14,14,10,1570,15,55,31,21,18.1965522766113,5,57,21,3586,96
34.8526532855345,0.461035052933571,295,1240.96447753906,44,16,16,16,12,1597,19,54,32,24,18.3122539520264,5,-30,87,4252,95
34.3943199529347,0.458951719603571,203,1197.27038574219,42,14,14,14,10,1233,11,58,40,19,16.832405090332,2,-72,16,1198,109
34.6693199524945,0.458951719603571,191,1156.46826171875,44,14,14,14,10,1383,12,57,35,21,17.7824897766113,3,-76,24,2831,107
34.6714032858245,0.458951719603571,194,1156.46826171875,44,14,14,14,10,1383,12,57,35,21,17.7824897766113,3,-76,24,2831,107
34.7130699524245,0.458951719603571,184,1226.64916992188,43,14,14,14,10,1442,12,57,36,21,17.8916015625,4,-98,20,3060,105
34.7172366190845,0.458951719603571,179,1226.64916992188,43,14,14,14,10,1442,12,57,36,21,17.8916015625,4,-98,20,3060,105
34.7734866189945,0.458951719603571,182,1345.32666015625,44,14,14,14,10,1541,14,55,34,21,18.0593185424805,4,-10,27,3139,104
34.7839032856445,0.458951719603571,166,1362.29553222656,45,14,14,14,10,1571,13,55,34,21,18.0878410339355,5,111,16,2933,103
34.4734866194746,0.456868386273571,278,1230.98547363281,44,14,14,14,10,1296,15,54,37,19,17.1114063262939,2,-28,14,926,111
34.5547366193446,0.456868386273571,152,1553.94799804688,46,14,14,14,10,1371,15,55,35,19,17.3799228668213,2,81,16,290,113
34.6234866192346,0.456868386273571,261,1151.26879882812,46,14,14,14,10,1331,16,59,34,20,17.6318397521973,3,-75,6,2320,110
34.7964032856245,0.456868386273571,177,1376.08581542969,45,15,15,15,10,1585,15,54,33,21,18.1370906829834,11,57,24,2924,92
34.8234866189145,0.456868386273571,183,1241.95104980469,47,14,14,14,10,1555,15,54,31,22,18.2040176391602,2,-109,19,4049,99
34.8464032855445,0.456868386273571,274,1261.57946777344,44,15,15,15,12,1610,19,54,32,24,18.2905120849609,8,49,67,4268,94
34.8672366188445,0.456868386273571,244,1360.00842285156,42,16,16,16,12,1662,21,53,35,24,18.3440322875977,7,198,88,3825,98
34.8734866188344,0.456868386273571,188,1345.62121582031,47,15,15,15,10,1650,19,57,31,23,18.3592834472656,3,126,23,3961,98
34.8818199521544,0.456868386273571,193,1271.97338867188,49,14,14,14,10,1617,19,57,29,22,18.3688125610352,3,-10,22,4267,100
34.4234866195547,0.454785052943571,181,1228.93762207031,42,14,14,14,10,1272,11,55,39,19,16.9227466583252,0,61,8,982,118
34.4922366194446,0.454785052943571,197,1336.75427246094,46,14,14,14,10,1338,17,55,35,19,17.156795501709,1,52,25,471,109
34.5547366193446,0.454785052943571,154,1553.94799804688,46,14,14,14,10,1371,15,55,35,19,17.3799228668213,2,81,16,290,113
34.7234866190745,0.454785052943571,193,1244.50793457031,42,14,14,14,10,1461,13,56,37,21,17.9109916687012,4,-84,12,2976,104
34.7422366190445,0.454785052943571,174,1278.95385742188,43,14,14,14,10,1508,11,55,36,20,17.9453907012939,3,37,22,2844,111
34.7672366190045,0.454785052943571,161,1331.71594238281,44,14,14,14,10,1524,14,55,35,21,18.028413772583,2,-39,14,2918,106
34.7839032856445,0.454785052943571,168,1362.29553222656,45,14,14,14,10,1571,13,55,34,21,18.0878410339355,5,111,16,2933,103
34.7984866189545,0.454785052943571,175,1376.08581542969,45,15,15,15,10,1585,15,54,33,21,18.1370906829834,11,57,24,2924,92
34.3880699529447,0.452701719613571,222,1199.15405273438,43,14,14,14,10,1230,11,57,38,19,16.7990970611572,3,-77,16,1257,108
34.3922366196047,0.452701719613571,181,1199.15405273438,43,14,14,14,10,1230,11,57,38,19,16.7990970611572,3,-77,16,1257,108
34.4234866195547,0.452701719613571,192,1228.93762207031,42,14,14,14,10,1272,11,55,39,19,16.9227466583252,0,61,8,982,118
34.4339032862047,0.452701719613571,184,1216.79516601562,45,14,14,14,10,1270,14,55,37,19,16.9567394256592,2,38,10,1032,121
34.4484866195147,0.452701719613571,212,1191.73449707031,44,14,14,14,10,1265,15,56,37,19,17.0247497558594,3,-54,20,1136,110
34.5068199527546,0.452701719613571,199,1498.16284179688,46,14,14,14,10,1346,15,54,35,19,17.2070178985596,2,-43,18,392,108
34.6609866191746,0.452701719613571,176,1147.53344726562,44,14,14,14,10,1375,15,56,35,21,17.7601833343506,2,-63,14,2822,108
34.7172366190845,0.452701719613571,187,1226.64916992188,43,14,14,14,10,1442,12,57,36,21,17.8916015625,4,-98,20,3060,105
34.7401532857145,0.452701719613571,183,1278.95385742188,43,14,14,14,10,1508,11,55,36,20,17.9453907012939,3,37,22,2844,111
34.7443199523745,0.452701719613571,170,1299.42150878906,42,14,14,14,10,1517,12,55,37,21,17.9706363677979,4,-6,16,2865,107
34.7464032857045,0.452701719613571,169,1299.42150878906,42,14,14,14,10,1517,12,55,37,21,17.9706363677979,4,-6,16,2865,107
34.7839032856445,0.452701719613571,162,1362.29553222656,45,14,14,14,10,1571,13,55,34,21,18.0878410339355,5,111,16,2933,103
34.7984866189545,0.452701719613571,178,1376.08581542969,45,15,15,15,10,1585,15,54,33,21,18.1370906829834,11,57,24,2924,92
34.8255699522445,0.452701719613571,192,1241.95104980469,47,14,14,14,10,1555,15,54,31,22,18.2040176391602,2,-109,19,4049,99
34.4318199528747,0.450618386283571,198,1224.59875488281,42,14,14,14,10,1269,11,55,40,19,16.9330368041992,2,-26,11,984,112
34.4609866194946,0.450618386283571,209,1280.32458496094,44,14,14,14,10,1294,14,55,37,19,17.0545139312744,2,-48,19,847,109
34.4755699528046,0.450618386283571,217,1311.53234863281,44,14,14,14,10,1309,16,55,37,19,17.0817413330078,2,0,18,752,108
34.4839032861246,0.450618386283571,223,1351.66027832031,46,14,14,14,10,1311,16,55,34,19,17.1091728210449,2,-57,37,727,109
34.4964032861046,0.450618386283571,216,1480.69250488281,45,13,13,13,10,1353,15,54,36,19,17.1589946746826,2,23,17,343,109
34.5089032860846,0.450618386283571,209,1591.56689453125,47,14,14,14,10,1368,16,55,34,19,17.1823596954346,1,52,18,178,109
34.6193199525746,0.450618386283571,243,1148.80346679688,46,14,14,14,10,1340,15,58,34,20,17.6156597137451,2,-35,12,2249,108
34.6589032858446,0.450618386283571,201,1170.40100097656,43,14,14,14,10,1368,13,57,35,22,17.7170944213867,4,-59,27,2753,105
34.7255699524045,0.450618386283571,173,1276.65625,44,14,14,14,10,1481,14,54,35,21,17.8900909423828,6,7,14,3009,106
34.7714032856645,0.450618386283571,155,1319.56506347656,45,14,14,14,10,1540,14,54,34,22,18.0416202545166,5,74,21,3117,107
34.8089032856045,0.450618386283571,188,1237.07629394531,46,14,14,14,10,1525,15,54,32,21,18.1361484527588,9,-147,23,4137,96
34.8109866189345,0.450618386283571,198,1237.94152832031,47,15,15,15,10,1565,18,54,31,21,18.1704139709473,19,-68,16,4345,94
34.8547366188645,0.450618386283571,242,1334.9189453125,47,15,15,15,10,1644,22,56,30,23,18.3088111877441,3,80,15,4024,103
34.8651532855145,0.450618386283571,227,1378.15148925781,45,15,15,15,10,1659,22,57,31,23,18.3315773010254,4,118,20,3849,96
34.3943199529347,0.448535052953571,175,1262.45275878906,40,14,14,14,10,1255,10,56,42,18,16.7952690124512,2,29,12,1017,108
34.4068199529147,0.448535052953571,219,1223.15051269531,41,14,14,14,10,1240,11,58,40,19,16.8367767333984,2,-73,15,1188,109
34.4214032862247,0.448535052953571,206,1213.92224121094,41,14,14,14,10,1258,11,56,41,19,16.9019870758057,3,-43,14,1132,111
34.4818199527946,0.448535052953571,241,1351.66027832031,46,14,14,14,10,1311,16,55,34,19,17.1091728210449,2,-57,37,727,109
34.4901532861146,0.448535052953571,214,1401.85009765625,46,13,13,13,10,1337,17,55,34,19,17.1349296569824,2,4,19,443,110
34.5380699527046,0.448535052953571,243,1433.84387207031,46,13,13,13,10,1330,18,55,34,19,17.3204231262207,3,-111,13,682,108
34.5484866193546,0.448535052953571,164,1507.42529296875,43,14,14,14,10,1348,16,56,38,19,17.3411922454834,4,-35,10,339,109
34.6172366192446,0.448535052953571,270,1159.66528320312,46,13,13,13,10,1325,15,57,34,20,17.5881290435791,2,-63,17,2167,111
34.6359866192146,0.448535052953571,185,1179.36181640625,44,14,14,14,10,1346,15,56,35,21,17.6634693145752,4,-96,16,2717,103
34.6484866191946,0.448535052953571,173,1177.25659179688,43,14,14,14,10,1346,15,57,35,22,17.6922760009766,5,-166,12,2748,104
34.6693199524945,0.448535052953571,165,1187.91870117188,43,14,14,14,10,1409,11,56,36,21,17.7619152069092,3,50,13,2644,106
34.7651532856745,0.448535052953571,174,1311.76416015625,45,14,14,14,10,1528,13,55,33,22,18.0135974884033,3,38,15,3302,106
34.8568199521945,0.448535052953571,201,1334.9189453125,47,15,15,15,10,1644,22,56,30,23,18.3088111877441,3,80,15,4024,103
34.8589032855245,0.448535052953571,205,1334.9189453125,47,15,15,15,10,1644,22,56,30,23,18.3088111877441,3,80,15,4024,103
34.3901532862747,0.446451719623571,198,1269.748046875,41,14,14,14,10,1253,10,56,42,18,16.760217666626,3,19,19,1009,107
34.3943199529347,0.446451719623571,173,1262.45275878906,40,14,14,14,10,1255,10,56,42,18,16.7952690124512,2,29,12,1017,108
34.3964032862647,0.446451719623571,178,1262.45275878906,40,14,14,14,10,1255,10,56,42,18,16.7952690124512,2,29,12,1017,108
34.4151532862347,0.446451719623571,206,1205.109375,42,14,14,14,10,1254,13,56,39,19,16.871223449707,2,-46,17,1137,110
34.4797366194646,0.446451719623571,237,1351.66027832031,46,14,14,14,10,1311,16,55,34,19,17.1091728210449,2,-57,37,727,109
34.4901532861146,0.446451719623571,214,1401.85009765625,46,13,13,13,10,1337,17,55,34,19,17.1349296569824,2,4,19,443,110
34.5089032860846,0.446451719623571,217,1591.56689453125,47,14,14,14,10,1368,16,55,34,19,17.1823596954346,1,52,18,178,109
34.6984866191145,0.446451719623571,186,1203.74584960938,44,14,14,14,10,1430,13,56,35,21,17.8352947235107,3,-44,28,2916,106
34.7005699524445,0.446451719623571,179,1203.74584960938,44,14,14,14,10,1430,13,56,35,21,17.8352947235107,3,-44,28,2916,106
34.7172366190845,0.446451719623571,189,1254.44128417969,44,14,14,14,10,1480,14,54,34,22,17.8688011169434,5,100,18,2889,102
34.8359866188945,0.446451719623571,158,1261.78381347656,48,14,14,14,10,1624,18,55,29,23,18.258695602417,2,135,17,4047,98
34.8776532854944,0.446451719623571,187,1283.89428710938,48,14,14,14,10,1626,19,56,29,22,18.3605442047119,4,65,15,4279,100
34.8943199521344,0.446451719623571,209,1165.31628417969,48,14,14,14,10,1597,14,58,30,22,18.3888301849365,3,-72,10,4563,98
34.9005699521244,0.446451719623571,226,1165.31628417969,48,14,14,14,10,1597,14,58,30,22,18.3888301849365,3,-72,10,4563,98
34.9339032854044,0.446451719623571,292,1117.52514648438,44,15,15,15,10,1649,17,58,34,23,18.47194480896,7,-354,11,4057,82
34.3776532862947,0.444368386293571,185,1250.4541015625,40,14,14,14,10,1241,11,56,42,18,16.7291259765625,2,-7,13,1041,109
34.4339032862047,0.444368386293571,201,1224.59875488281,42,14,14,14,10,1269,11,55,40,19,16.9330368041992,2,-26,11,984,112
34.4568199528346,0.444368386293571,205,1256.28015136719,44,14,14,14,10,1290,16,55,37,19,17.0238571166992,4,-7,28,982,108
34.4880699527846,0.444368386293571,231,1401.85009765625,46,13,13,13,10,1337,17,55,34,19,17.1349296569824,2,4,19,443,110
34.5172366194046,0.444368386293571,184,1677.83850097656,49,14,14,14,10,1377,17,55,33,19,17.2091293334961,1,74,29,77,118
34.5380699527046,0.444368386293571,256,1433.84387207031,46,13,13,13,10,1330,18,55,34,19,17.3204231262207,3,-111,13,682,108
34.5589032860046,0.444368386293571,178,1607.83898925781,44,14,14,14,10,1382,17,56,37,19,17.3614635467529,1,115,15,99,113
34.6484866191946,0.444368386293571,180,1177.25659179688,43,14,14,14,10,1346,15,57,35,22,17.6922760009766,5,-166,12,2748,104
34.6839032858045,0.444368386293571,153,1200.58911132812,43,14,14,14,10,1411,12,56,36,21,17.7861652374268,4,-25,13,2825,105
34.7151532857545,0.444368386293571,180,1254.44128417969,44,14,14,14,10,1480,14,54,34,22,17.8688011169434,5,100,18,2889,102
34.7755699523245,0.444368386293571,174,1319.56506347656,45,14,14,14,10,1540,14,54,34,22,18.0416202545166,5,74,21,3117,107
34.8693199521745,0.444368386293571,199,1360.9765625,48,15,15,15,10,1652,20,56,30,23,18.3484344482422,3,134,61,3924,98
34.8714032855044,0.444368386293571,195,1360.9765625,48,15,15,15,10,1652,20,56,30,23,18.3484344482422,3,134,61,3924,98
34.8818199521544,0.444368386293571,197,1283.89428710938,48,14,14,14,10,1626,19,56,29,22,18.3605442047119,4,65,15,4279,100
34.3776532862947,0.442285052963571,186,1323.39453125,41,14,14,14,10,1258,8,56,42,18,16.6925964355469,1,17,12,829,111
34.4130699529047,0.442285052963571,213,1231.92980957031,43,14,14,14,10,1259,11,57,39,19,16.8418750762939,2,-42,16,1143,108
34.4234866195547,0.442285052963571,192,1230.62353515625,41,14,14,14,10,1271,10,55,41,19,16.8734092712402,2,-2,11,1097,108
34.4484866195147,0.442285052963571,191,1306.82385253906,43,14,14,14,10,1292,14,55,38,19,16.9639568328857,3,-43,16,906,108
34.4651532861546,0.442285052963571,210,1389.70446777344,47,14,14,14,10,1304,15,54,35,19,17.0226917266846,3,-39,20,789,108
34.4693199528146,0.442285052963571,197,1430.14514160156,46,14,14,14,10,1329,15,55,35,19,17.0505428314209,3,19,32,578,107
34.5005699527646,0.442285052963571,235,1539.79370117188,47,14,14,14,10,1345,15,54,34,19,17.1392307281494,2,-26,15,345,110
34.5234866193946,0.442285052963571,184,1650.92358398438,46,14,14,14,10,1358,18,55,35,19,17.2299423217773,4,39,4,196,108
34.5526532860146,0.442285052963571,159,1607.00988769531,43,13,13,13,10,1370,12,55,38,19,17.3486843109131,1,75,13,95,113
34.5734866193146,0.442285052963571,180,1452.07141113281,46,14,14,14,10,1340,15,57,35,19,17.4178028106689,4,41,14,740,110
34.6859866191345,0.442285052963571,150,1254.14074707031,44,14,14,14,10,1440,11,56,36,21,17.7888050079346,3,71,12,2651,109
34.7505699523645,0.442285052963571,185,1261.00476074219,46,14,14,14,10,1492,16,56,34,21,17.9554023742676,4,-42,25,3451,108
34.7547366190245,0.442285052963571,161,1258.8935546875,45,14,14,14,10,1510,16,55,33,21,17.9771633148193,4,62,11,3379,109
34.7839032856445,0.442285052963571,176,1231.12634277344,46,14,14,14,10,1512,11,56,33,22,18.049654006958,3,-10,12,3783,103
34.8276532855745,0.442285052963571,185,1242.78112792969,48,14,14,14,10,1599,14,54,30,22,18.2176132202148,5,63,13,4267,101
34.8464032855445,0.442285052963571,185,1282.87951660156,51,14,14,14,10,1604,19,55,27,23,18.2691612243652,4,-63,18,4590,99
34.8714032855044,0.442285052963571,197,1353.64611816406,49,14,14,14,10,1603,19,57,28,23,18.3333625793457,4,-120,17,4567,102
34.9130699521044,0.442285052963571,249,1134.80822753906,47,14,14,14,10,1618,14,58,31,22,18.4235153198242,3,12,13,4472,104
34.4089032862447,0.440201719633571,191,1282.38757324219,42,14,14,14,10,1254,11,56,39,19,16.8030948638916,3,-28,15,1122,108
34.5401532860346,0.440201719633571,204,1436.10717773438,45,13,13,13,10,1344,15,55,36,19,17.3045120239258,3,-17,10,431,107
34.5964032859446,0.440201719633571,260,1164.5146484375,46,13,13,13,10,1328,16,58,34,19,17.5135078430176,2,23,18,1712,114
34.7151532857545,0.440201719633571,174,1276.88110351562,44,14,14,14,10,1477,13,55,35,21,17.8583755493164,7,27,16,2639,104
34.7297366190645,0.440201719633571,187,1280.46838378906,43,14,14,14,10,1476,13,56,35,21,17.9067058563232,4,-53,11,3175,110
34.7568199523545,0.440201719633571,165,1258.8935546875,45,14,14,14,10,1510,16,55,33,21,17.9771633148193,4,62,11,3379,109
34.7609866190145,0.440201719633571,177,1263.1337890625,44,14,14,14,10,1515,16,55,34,22,18.0015525817871,5,22,13,3506,104
34.7693199523345,0.440201719633571,171,1259.34814453125,45,14,14,14,10,1519,14,56,33,22,18.0252685546875,4,62,13,3585,103
34.7859866189745,0.440201719633571,172,1198.439453125,45,14,14,14,10,1499,14,56,33,21,18.0728244781494,2,-81,17,4075,102
34.8151532855945,0.440201719633571,167,1219.71472167969,46,14,14,14,10,1562,16,55,32,22,18.1596374511719,5,29,22,4247,98
34.3797366196247,0.438118386303571,200,1323.39453125,41,14,14,14,10,1258,8,56,42,18,16.6925964355469,1,17,12,829,111
34.4255699528847,0.438118386303571,185,1230.62353515625,41,14,14,14,10,1271,10,55,41,19,16.8734092712402,2,-2,11,1097,108
34.4401532861947,0.438118386303571,182,1279.12158203125,43,14,14,14,10,1292,12,55,37,19,16.9325065612793,3,32,19,912,109
34.4526532861747,0.438118386303571,199,1344.22192382812,46,14,14,14,10,1313,15,54,35,19,16.9920692443848,2,49,16,690,108
34.4734866194746,0.438118386303571,204,1430.14514160156,46,14,14,14,10,1329,15,55,35,19,17.0505428314209,3,19,32,578,107
34.5255699527246,0.438118386303571,188,1650.92358398438,46,14,14,14,10,1358,18,55,35,19,17.2299423217773,4,39,4,196,108
34.5505699526846,0.438118386303571,181,1518.72729492188,43,13,13,13,10,1357,13,55,39,18,17.3254928588867,2,40,11,216,111
34.6172366192446,0.438118386303571,204,1178.42919921875,47,14,14,14,10,1330,16,58,34,20,17.5649452209473,3,-40,20,2199,106
34.6464032858646,0.438118386303571,166,1273.05346679688,44,14,14,14,10,1383,15,55,34,22,17.6583786010742,3,-65,10,2413,99
34.6797366191445,0.438118386303571,171,1256.97912597656,44,14,14,14,10,1424,13,55,35,21,17.7659664154053,5,-64,20,2783,104
34.7422366190445,0.438118386303571,178,1271.41430664062,44,14,14,14,10,1498,13,56,35,21,17.9294033050537,2,61,11,3133,113
34.7464032857045,0.438118386303571,190,1261.00476074219,46,14,14,14,10,1492,16,56,34,21,17.9554023742676,4,-42,25,3451,108
34.7547366190245,0.438118386303571,160,1258.8935546875,45,14,14,14,10,1510,16,55,33,21,17.9771633148193,4,62,11,3379,109
34.7714032856645,0.438118386303571,171,1259.34814453125,45,14,14,14,10,1519,14,56,33,22,18.0252685546875,4,62,13,3585,103
34.7734866189945,0.438118386303571,173,1259.34814453125,45,14,14,14,10,1519,14,56,33,22,18.0252685546875,4,62,13,3585,103
34.7901532856345,0.438118386303571,192,1198.439453125,45,14,14,14,10,1499,14,56,33,21,18.0728244781494,2,-81,17,4075,102
34.8526532855345,0.438118386303571,174,1336.4384765625,52,14,14,14,10,1617,19,57,25,23,18.2962856292725,3,-12,15,4478,104
34.8984866187944,0.438118386303571,210,1167.51879882812,47,14,14,14,10,1609,14,57,31,22,18.3809089660645,2,2,14,4629,107
34.9151532854344,0.438118386303571,257,1134.80822753906,47,14,14,14,10,1618,14,58,31,22,18.4235153198242,3,12,13,4472,104
34.9297366187444,0.438118386303571,262,1109.43688964844,45,15,15,15,10,1653,17,58,32,22,18.4645366668701,3,-96,20,4060,86
34.9380699520644,0.438118386303571,298,1138.2021484375,43,15,15,15,10,1677,17,58,34,22,18.4784450531006,10,-473,8,3708,79
34.4443199528547,0.436035052973571,180,1306.82385253906,43,14,14,14,10,1292,14,55,38,19,16.9639568328857,3,-43,16,906,108
34.5922366192846,0.436035052973571,283,1191.82824707031,48,14,14,14,10,1317,15,58,32,20,17.4863262176514,5,-13,20,1415,116
34.6005699526046,0.436035052973571,202,1164.5146484375,46,13,13,13,10,1328,16,58,34,19,17.5135078430176,2,23,18,1712,114
34.6234866192346,0.436035052973571,164,1180.00512695312,47,14,14,14,10,1354,14,57,33,20,17.5936870574951,4,-35,14,2248,104
34.6630699525046,0.436035052973571,155,1250.36157226562,42,14,14,14,10,1401,12,56,36,22,17.7143478393555,4,-30,14,2605,102
34.6651532858345,0.436035052973571,169,1250.36157226562,42,14,14,14,10,1401,12,56,36,22,17.7143478393555,4,-30,14,2605,102
34.6672366191645,0.436035052973571,183,1250.36157226562,42,14,14,14,10,1401,12,56,36,22,17.7143478393555,4,-30,14,2605,102
34.6734866191545,0.436035052973571,166,1253.96936035156,43,14,14,14,10,1420,11,57,36,21,17.7402572631836,2,-11,18,2567,103
34.7318199523945,0.436035052973571,177,1280.46838378906,43,14,14,14,10,1476,13,56,35,21,17.9067058563232,4,-53,11,3175,110
34.7630699523445,0.436035052973571,177,1263.1337890625,44,14,14,14,10,1515,16,55,34,22,18.0015525817871,5,22,13,3506,104
34.8172366189245,0.436035052973571,181,1219.71472167969,46,14,14,14,10,1562,16,55,32,22,18.1596374511719,5,29,22,4247,98
34.8401532855545,0.436035052973571,192,1250.79577636719,48,14,14,14,10,1598,16,54,30,22,18.2432765960693,4,19,12,4278,100
34.9130699521044,0.436035052973571,239,1134.80822753906,47,14,14,14,10,1618,14,58,31,22,18.4235153198242,3,12,13,4472,104
34.3609866196547,0.433951719643571,195,1283.36938476562,39,14,14,14,10,1248,9,57,44,18,16.6006526947021,1,3,16,761,110
34.3734866196347,0.433951719643571,178,1312.65710449219,38,14,14,14,10,1250,9,56,45,18,16.6332607269287,1,-20,11,749,110
34.4339032862047,0.433951719643571,194,1314.373046875,43,14,14,14,10,1285,11,54,38,19,16.8730049133301,3,-47,13,881,107
34.4859866194546,0.433951719643571,234,1517.55895996094,47,13,13,13,10,1339,16,55,34,19,17.0940399169922,3,-17,17,422,109
34.4901532861146,0.433951719643571,223,1517.55895996094,47,13,13,13,10,1339,16,55,34,19,17.0940399169922,3,-17,17,422,109
34.5026532860946,0.433951719643571,203,1645.14562988281,47,14,14,14,10,1356,14,54,34,19,17.1491775512695,3,18,16,137,109
34.5089032860846,0.433951719643571,191,1645.14562988281,47,14,14,14,10,1356,14,54,34,19,17.1491775512695,3,18,16,137,109
34.5109866194146,0.433951719643571,190,1683.66882324219,44,13,13,13,10,1370,15,55,37,19,17.1792659759521,2,73,12,51,109
34.5693199526546,0.433951719643571,201,1424.28002929688,46,13,13,13,10,1342,15,57,35,19,17.4045562744141,2,51,16,754,113
34.5964032859446,0.433951719643571,243,1145.34875488281,48,13,13,13,10,1311,14,58,33,19,17.5022583007812,3,-56,18,1697,111
34.6214032859046,0.433951719643571,182,1210.37939453125,45,14,14,14,10,1351,14,55,36,19,17.5716724395752,4,-51,16,2014,105
34.6443199525346,0.433951719643571,146,1356.27685546875,46,14,14,14,10,1434,17,53,35,19,17.6234664916992,11,128,35,1870,96
34.6464032858646,0.433951719643571,170,1356.27685546875,46,14,14,14,10,1434,17,53,35,19,17.6234664916992,11,128,35,1870,96
34.7505699523645,0.433951719643571,182,1236.30041503906,46,14,14,14,10,1477,16,55,33,21,17.9517097473145,3,-65,17,3727,108
34.7734866189945,0.433951719643571,188,1213.11730957031,46,14,14,14,10,1481,11,56,33,22,18.0198860168457,4,-106,17,4023,105
34.8859866188144,0.433951719643571,203,1206.32836914062,48,14,14,14,10,1585,13,56,29,22,18.3521823883057,1,-68,26,4806,101
34.8943199521344,0.433951719643571,208,1168.86254882812,47,14,14,14,10,1599,14,58,32,22,18.371166229248,3,-34,14,4717,102
34.3922366196047,0.431868386313571,165,1393.61596679688,40,14,14,14,10,1272,8,56,43,17,16.6959781646729,1,10,11,758,113
34.4568199528346,0.431868386313571,196,1458.05407714844,47,14,14,14,10,1319,16,54,33,20,16.96142578125,3,-12,15,610,106
34.4630699528246,0.431868386313571,189,1510.94714355469,46,14,14,14,10,1337,12,53,35,19,16.9917030334473,3,39,16,441,109
34.5068199527546,0.431868386313571,198,1645.14562988281,47,14,14,14,10,1356,14,54,34,19,17.1491775512695,3,18,16,137,109
34.7297366190645,0.431868386313571,179,1258.96704101562,45,14,14,14,10,1478,14,56,34,21,17.901876449585,4,-5,20,3273,110
34.7505699523645,0.431868386313571,187,1236.30041503906,46,14,14,14,10,1477,16,55,33,21,17.9517097473145,3,-65,17,3727,108
34.7984866189545,0.431868386313571,178,1182.84814453125,46,14,14,14,10,1532,12,56,33,21,18.0860481262207,3,60,14,4368,105
34.8318199522345,0.431868386313571,189,1215.44555664062,47,14,14,14,10,1564,15,55,30,23,18.1986312866211,6,-77,14,4778,100
34.8797366188244,0.431868386313571,170,1282.63940429688,49,14,14,14,10,1608,14,57,29,22,18.3390121459961,4,13,11,4598,101
34.3880699529447,0.429785052983571,169,1393.61596679688,40,14,14,14,10,1272,8,56,43,17,16.6959781646729,1,10,11,758,113
34.3943199529347,0.429785052983571,167,1382.54614257812,42,14,14,14,10,1283,9,56,40,18,16.7314491271973,1,63,7,716,115
34.4526532861747,0.429785052983571,194,1458.05407714844,47,14,14,14,10,1319,16,54,33,20,16.96142578125,3,-12,15,610,106
34.4547366195047,0.429785052983571,185,1458.05407714844,47,14,14,14,10,1319,16,54,33,20,16.96142578125,3,-12,15,610,106
34.4630699528246,0.429785052983571,189,1510.94714355469,46,14,14,14,10,1337,12,53,35,19,16.9917030334473,3,39,16,441,109
34.6609866191746,0.429785052983571,144,1353.67175292969,44,14,14,14,10,1444,15,54,35,21,17.6828842163086,5,60,16,2253,99
34.6714032858245,0.429785052983571,165,1368.75158691406,44,14,14,14,10,1443,13,54,36,21,17.7118167877197,4,-46,15,2470,100
34.6859866191345,0.429785052983571,197,1354.04467773438,45,14,14,14,10,1457,12,55,34,21,17.7684211730957,3,-27,22,2595,104
34.7630699523445,0.429785052983571,191,1217.24255371094,46,14,14,14,10,1487,14,55,33,22,17.9991436004639,3,-61,21,3875,106
34.7797366189845,0.429785052983571,189,1199.427734375,46,14,14,14,10,1491,13,56,32,21,18.0407314300537,2,-77,17,4365,106
34.7839032856445,0.429785052983571,201,1199.427734375,46,14,14,14,10,1491,13,56,32,21,18.0407314300537,2,-77,17,4365,106
34.8047366189445,0.429785052983571,189,1197.34643554688,46,14,14,14,10,1545,13,55,32,21,18.1139221191406,4,22,18,4396,104
34.8130699522645,0.429785052983571,188,1210.33447265625,46,14,14,14,10,1555,14,55,32,22,18.1435108184814,5,-9,12,4498,101
34.8547366188645,0.429785052983571,186,1351.91772460938,50,14,14,14,10,1638,19,56,28,23,18.2887306213379,2,98,14,4429,104
34.8859866188144,0.429785052983571,200,1206.32836914062,48,14,14,14,10,1585,13,56,29,22,18.3521823883057,1,-68,26,4806,101
34.9401532853944,0.429785052983571,279,1122.24670410156,45,15,15,15,10,1663,17,58,33,23,18.4807720184326,7,-345,12,3882,83
34.9422366187244,0.429785052983571,276,1122.24670410156,45,15,15,15,10,1663,17,58,33,23,18.4807720184326,7,-345,12,3882,83
34.9443199520544,0.429785052983571,296,1176.89135742188,45,15,15,15,10,1832,36,57,33,22,18.4745540618896,40,-268,56,1743,73
34.4276532862147,0.427701719653571,202,1314.373046875,43,14,14,14,10,1285,11,54,38,19,16.8730049133301,3,-47,13,881,107
34.4464032861847,0.427701719653571,207,1398.71606445312,47,14,14,14,10,1307,14,55,33,19,16.9325180053711,4,-6,36,706,107
34.4505699528447,0.427701719653571,186,1398.71606445312,47,14,14,14,10,1307,14,55,33,19,16.9325180053711,4,-6,36,706,107
34.5047366194246,0.427701719653571,195,1645.14562988281,47,14,14,14,10,1356,14,54,34,19,17.1491775512695,3,18,16,137,109
34.5109866194146,0.427701719653571,196,1683.66882324219,44,13,13,13,10,1370,15,55,37,19,17.1792659759521,2,73,12,51,109
34.5505699526846,0.427701719653571,186,1497.58386230469,44,13,13,13,10,1354,16,55,38,19,17.3121738433838,1,53,32,360,110
34.6026532859346,0.427701719653571,205,1166.55554199219,45,14,14,14,10,1338,15,56,36,19,17.5238609313965,6,6,15,1658,106
34.6109866192546,0.427701719653571,171,1195.94653320312,43,14,14,14,10,1375,15,55,38,19,17.5437850952148,5,165,13,1553,110
34.7547366190245,0.427701719653571,205,1227.22192382812,46,14,14,14,10,1483,15,55,32,21,17.9749736785889,6,-46,18,3663,107
34.7672366190045,0.427701719653571,192,1217.24255371094,46,14,14,14,10,1487,14,55,33,22,17.9991436004639,3,-61,21,3875,106
34.7818199523145,0.427701719653571,183,1199.427734375,46,14,14,14,10,1491,13,56,32,21,18.0407314300537,2,-77,17,4365,106
34.8380699522245,0.427701719653571,224,1225.04833984375,48,14,14,14,10,1575,14,55,30,22,18.2264080047607,2,-71,15,4809,99
34.3505699530047,0.425618386323571,225,1231.92736816406,41,14,14,14,10,1217,9,57,41,18,16.504919052124,3,-88,15,898,108
34.3609866196547,0.425618386323571,180,1267.22229003906,40,14,14,14,10,1246,9,57,42,17,16.5724143981934,2,14,16,843,110
34.3734866196347,0.425618386323571,175,1309.06359863281,38,14,14,14,10,1248,9,57,45,17,16.6058578491211,3,-49,13,800,109
34.3818199529547,0.425618386323571,192,1352.19775390625,40,14,14,14,10,1268,9,55,43,18,16.6368179321289,2,21,16,718,109
34.4276532862147,0.425618386323571,195,1394.85473632812,45,13,13,13,10,1308,14,55,37,18,16.8397312164307,3,39,20,672,106
34.4651532861546,0.425618386323571,203,1587.18969726562,46,13,13,13,10,1330,13,54,35,19,16.9697341918945,4,-14,15,405,110
34.4755699528046,0.425618386323571,208,1603.38757324219,46,13,13,13,10,1350,13,55,35,19,17.0020446777344,1,67,16,276,111
34.5443199526946,0.425618386323571,199,1457.00537109375,46,13,13,13,10,1345,15,56,34,19,17.3000583648682,1,58,13,480,111
34.5609866193346,0.425618386323571,171,1440.28918457031,45,13,13,13,10,1335,15,56,36,19,17.3609485626221,3,22,16,641,116
34.5651532859946,0.425618386323571,171,1440.28918457031,45,13,13,13,10,1335,15,56,36,19,17.3609485626221,3,22,16,641,116
34.5672366193246,0.425618386323571,188,1440.28918457031,45,13,13,13,10,1335,15,56,36,19,17.3609485626221,3,22,16,641,116
34.5734866193146,0.425618386323571,168,1360.84216308594,44,13,13,13,10,1331,17,57,37,19,17.3932342529297,2,-2,11,917,112
34.6276532858946,0.425618386323571,167,1256.40808105469,43,13,13,13,10,1374,16,54,37,19,17.5730285644531,4,-64,6,1526,103
34.6984866191145,0.425618386323571,167,1418.64282226562,46,14,14,14,10,1480,14,57,34,20,17.7754459381104,1,70,16,2679,116
34.7047366191045,0.425618386323571,167,1341.88366699219,46,15,15,15,10,1479,12,55,34,20,17.8070697784424,2,86,18,2917,113
34.9172366187644,0.425618386323571,241,1142.36633300781,47,14,14,14,10,1611,15,58,32,21,18.4046611785889,2,-40,15,4466,102
34.9297366187444,0.425618386323571,270,1122.91491699219,46,15,15,15,10,1772,22,57,31,22,18.4620609283447,25,552,62,3647,88
34.9318199520744,0.425618386323571,263,1122.91491699219,46,15,15,15,10,1772,22,57,31,22,18.4620609283447,25,552,62,3647,88
34.3547366196647,0.423535052993571,202,1239.99206542969,41,14,14,14,10,1238,9,58,41,18,16.5411777496338,1,0,10,836,109
34.4109866195747,0.423535052993571,194,1321.80053710938,44,14,14,14,10,1284,10,56,37,19,16.7812423706055,3,-10,9,836,109
34.4297366195447,0.423535052993571,195,1394.85473632812,45,13,13,13,10,1308,14,55,37,18,16.8397312164307,3,39,20,672,106
34.5547366193446,0.423535052993571,173,1481.453125,46,13,13,13,10,1332,15,57,35,19,17.3302192687988,2,-11,14,616,111
34.5672366193246,0.423535052993571,187,1440.28918457031,45,13,13,13,10,1335,15,56,36,19,17.3609485626221,3,22,16,641,116
34.7526532856945,0.423535052993571,165,1233.4853515625,45,14,14,14,10,1489,15,55,33,22,17.9571170806885,5,29,23,4034,107
34.7901532856345,0.423535052993571,206,1215.52563476562,46,14,14,14,10,1495,12,56,33,21,18.0509033203125,1,-79,17,4592,104
34.8297366189045,0.423535052993571,186,1200.365234375,48,14,14,14,10,1562,14,55,30,22,18.1844806671143,3,-42,17,4931,101
34.8339032855645,0.423535052993571,183,1200.365234375,48,14,14,14,10,1562,14,55,30,22,18.1844806671143,3,-42,17,4931,101
34.8693199521745,0.423535052993571,173,1371.8037109375,49,14,14,14,10,1619,14,55,28,23,18.3163833618164,4,8,15,4500,103
34.9297366187444,0.423535052993571,319,1122.91491699219,46,15,15,15,10,1772,22,57,31,22,18.4620609283447,25,552,62,3647,88
34.3505699530047,0.421451719663571,210,1231.92736816406,41,14,14,14,10,1217,9,57,41,18,16.504919052124,3,-88,15,898,108
34.4193199528947,0.421451719663571,190,1353.73901367188,45,13,13,13,10,1301,8,55,37,18,16.8097133636475,3,40,13,748,106
34.4276532862147,0.421451719663571,208,1394.85473632812,45,13,13,13,10,1308,14,55,37,18,16.8397312164307,3,39,20,672,106
34.5359866193746,0.421451719663571,232,1410.14709472656,44,13,13,13,10,1315,16,56,36,19,17.2769412994385,3,-103,17,776,108
34.5755699526446,0.421451719663571,173,1360.84216308594,44,13,13,13,10,1331,17,57,37,19,17.3932342529297,2,-2,11,917,112
34.5859866192946,0.421451719663571,193,1167.27258300781,47,13,13,13,10,1305,15,58,35,19,17.458251953125,2,-26,21,1580,112
34.5964032859446,0.421451719663571,244,1128.17932128906,47,13,13,13,10,1307,16,58,34,19,17.487663269043,1,-45,13,1785,112
34.7859866189745,0.421451719663571,175,1215.52563476562,46,14,14,14,10,1495,12,56,33,21,18.0509033203125,1,-79,17,4592,104
34.8172366189245,0.421451719663571,193,1214.08447265625,46,14,14,14,10,1524,13,55,32,22,18.1294136047363,3,-113,14,4820,102
34.8255699522445,0.421451719663571,187,1204.68994140625,47,14,14,14,10,1544,15,55,31,22,18.1571464538574,4,-52,15,4649,102
34.8297366189045,0.421451719663571,187,1200.365234375,48,14,14,14,10,1562,14,55,30,22,18.1844806671143,3,-42,17,4931,101
34.8609866188545,0.421451719663571,190,1420.88256835938,49,14,14,14,10,1641,16,56,28,23,18.3019638061523,3,104,13,4395,107
34.9464032853844,0.421451719663571,289,1141.49243164062,45,15,15,15,10,1710,25,56,33,22,18.4859237670898,10,-433,14,3396,81
34.4026532862547,0.419368386333571,196,1324.77551269531,42,14,14,14,10,1282,11,56,40,19,16.7469348907471,3,22,16,759,109
34.4255699528847,0.419368386333571,214,1353.73901367188,45,13,13,13,10,1301,8,55,37,18,16.8097133636475,3,40,13,748,106
34.4339032862047,0.419368386333571,202,1394.85473632812,45,13,13,13,10,1308,14,55,37,18,16.8397312164307,3,39,20,672,106
34.4464032861847,0.419368386333571,227,1507.38061523438,48,14,14,14,10,1331,16,54,33,20,16.9017143249512,3,7,19,539,104
34.5089032860846,0.419368386333571,197,1617.06127929688,46,14,14,14,10,1352,15,55,35,19,17.1363258361816,0,32,14,323,109
34.5401532860346,0.419368386333571,199,1410.14709472656,44,13,13,13,10,1315,16,56,36,19,17.2769412994385,3,-103,17,776,108
34.5630699526646,0.419368386333571,175,1440.28918457031,45,13,13,13,10,1335,15,56,36,19,17.3609485626221,3,22,16,641,116
34.7047366191045,0.419368386333571,187,1341.88366699219,46,15,15,15,10,1479,12,55,34,20,17.8070697784424,2,86,18,2917,113
34.7109866190945,0.419368386333571,192,1285.05297851562,46,15,15,15,10,1455,12,55,34,20,17.8394088745117,4,-19,15,3234,108
34.7651532856745,0.419368386333571,185,1216.90979003906,45,14,14,14,10,1475,13,55,33,22,17.985668182373,4,-101,22,4263,107
34.7880699523045,0.419368386333571,183,1215.52563476562,46,14,14,14,10,1495,12,56,33,21,18.0509033203125,1,-79,17,4592,104
34.8443199522145,0.419368386333571,192,1275.41955566406,48,14,14,14,10,1587,16,54,30,22,18.24560546875,4,-66,9,4646,97
34.8693199521745,0.419368386333571,190,1371.8037109375,49,14,14,14,10,1619,14,55,28,23,18.3163833618164,4,8,15,4500,103
34.8818199521544,0.419368386333571,178,1280.3994140625,48,14,14,14,10,1606,13,57,29,23,18.3296661376953,1,6,15,4726,106
34.4964032861046,0.417285053003571,208,1516.75659179688,47,14,14,14,10,1327,14,55,33,20,17.0968608856201,3,-25,18,499,106
34.5422366193646,0.417285053003571,172,1383.73107910156,48,14,14,14,10,1323,17,56,33,19,17.261438369751,4,-26,23,851,109
34.5443199526946,0.417285053003571,168,1400.9560546875,46,14,14,14,10,1334,15,57,34,20,17.2883186340332,3,65,12,644,111
34.7776532856545,0.417285053003571,171,1259.85620117188,46,14,14,14,10,1536,13,54,33,21,18.022647857666,4,126,26,4060,105
34.7901532856345,0.417285053003571,184,1260.30871582031,45,14,14,14,10,1518,12,55,34,21,18.047420501709,3,-29,19,4437,103
34.8526532855345,0.417285053003571,184,1406.36206054688,46,15,15,15,10,1643,16,55,32,22,18.2713890075684,3,108,16,4397,103
34.9026532854544,0.417285053003571,222,1166.8427734375,47,14,14,14,10,1602,14,56,31,22,18.3774108886719,5,-8,17,4730,105
34.9068199521144,0.417285053003571,222,1166.8427734375,47,14,14,14,10,1602,14,56,31,22,18.3774108886719,5,-8,17,4730,105
34.3797366196247,0.415201719673571,170,1304.93640136719,42,14,14,14,10,1269,8,58,39,18,16.6136837005615,1,55,16,707,111
34.3964032862647,0.415201719673571,186,1296.63452148438,42,14,14,14,10,1258,9,56,41,17,16.6899929046631,3,-85,19,977,107
34.4318199528747,0.415201719673571,204,1472.00573730469,45,13,13,13,10,1328,11,55,37,18,16.8118801116943,1,76,19,475,106
34.4943199527746,0.415201719673571,205,1516.75659179688,47,14,14,14,10,1327,14,55,33,20,17.0968608856201,3,-25,18,499,106
34.5339032860446,0.415201719673571,188,1401.21301269531,46,13,13,13,10,1323,18,57,35,19,17.230432510376,2,24,15,669,111
34.5818199526346,0.415201719673571,193,1202.94641113281,46,14,14,14,10,1317,14,57,35,19,17.414529800415,2,25,13,1242,112
34.5943199526146,0.415201719673571,234,1117.15209960938,49,13,13,13,10,1309,16,57,32,19,17.4732913970947,2,-21,22,1623,111
34.6193199525746,0.415201719673571,176,1212.42700195312,45,14,14,14,10,1377,17,54,36,19,17.539119720459,6,21,16,1233,102
34.7880699523045,0.415201719673571,165,1260.30871582031,45,14,14,14,10,1518,12,55,34,21,18.047420501709,3,-29,19,4437,103
34.7964032856245,0.415201719673571,181,1258.93432617188,45,14,14,14,10,1535,14,54,34,21,18.0730762481689,4,-21,32,4526,102
34.8109866189345,0.415201719673571,181,1245.57531738281,47,14,14,14,10,1530,13,55,31,22,18.1255702972412,4,-103,27,4869,102
34.8234866189145,0.415201719673571,197,1222.51220703125,47,14,14,14,10,1551,15,56,31,22,18.1521263122559,3,3,26,4889,103
34.8276532855745,0.415201719673571,200,1211.66809082031,48,14,14,14,10,1567,15,55,30,22,18.1789512634277,3,22,17,4872,103
34.8464032855445,0.415201719673571,189,1296.39868164062,47,14,14,14,10,1598,16,54,31,22,18.2362060546875,3,-24,13,4863,95
34.8547366188645,0.415201719673571,173,1406.36206054688,46,15,15,15,10,1643,16,55,32,22,18.2713890075684,3,108,16,4397,103
34.8568199521945,0.415201719673571,174,1406.36206054688,46,15,15,15,10,1643,16,55,32,22,18.2713890075684,3,108,16,4397,103
34.9068199521144,0.415201719673571,201,1166.8427734375,47,14,14,14,10,1602,14,56,31,22,18.3774108886719,5,-8,17,4730,105
34.9484866187144,0.415201719673571,296,1124.36120605469,44,15,15,15,10,1684,19,57,33,23,18.4810028076172,8,-385,14,3638,84
34.5568199526746,0.413118386343571,154,1387.49584960938,46,14,14,14,10,1322,16,57,34,20,17.3204288482666,2,-26,17,856,112
34.5672366193246,0.413118386343571,191,1337.00708007812,47,13,13,13,10,1330,17,58,34,20,17.350643157959,2,52,13,758,114
34.6193199525746,0.413118386343571,188,1212.42700195312,45,14,14,14,10,1377,17,54,36,19,17.539119720459,6,21,16,1233,102
34.6234866192346,0.413118386343571,177,1212.42700195312,45,14,14,14,10,1377,17,54,36,19,17.539119720459,6,21,16,1233,102
34.6297366192246,0.413118386343571,160,1252.55578613281,44,13,13,13,10,1423,14,55,37,19,17.5559787750244,2,157,14,834,103
34.6401532858746,0.413118386343571,183,1290.61743164062,43,13,13,13,10,1422,17,54,38,19,17.5770130157471,8,19,16,1084,102
34.7734866189945,0.413118386343571,169,1244.21142578125,45,14,14,14,10,1529,13,54,33,21,17.9918746948242,6,72,15,4063,102
34.7901532856345,0.413118386343571,160,1260.30871582031,45,14,14,14,10,1518,12,55,34,21,18.047420501709,3,-29,19,4437,103
34.9276532854144,0.413118386343571,240,1120.65551757812,46,15,15,15,10,1640,16,58,31,23,18.4432029724121,4,-56,13,4092,93
34.9318199520744,0.413118386343571,235,1120.65551757812,46,15,15,15,10,1640,16,58,31,23,18.4432029724121,4,-56,13,4092,93
34.9422366187244,0.413118386343571,263,1113.68786621094,45,15,15,15,10,1671,17,58,32,23,18.4659748077393,5,-26,10,3750,92
34.3672366196447,0.411035053013571,174,1249.21435546875,43,14,14,14,10,1250,9,58,39,18,16.5469646453857,2,23,20,756,107
34.3964032862647,0.411035053013571,185,1296.63452148438,42,14,14,14,10,1258,9,56,41,17,16.6899929046631,3,-85,19,977,107
34.4568199528346,0.411035053013571,222,1596.59985351562,47,13,13,13,10,1349,13,54,34,19,16.9111251831055,3,115,23,224,108
34.4609866194946,0.411035053013571,204,1590.47692871094,49,13,13,13,10,1318,11,55,33,19,16.9535884857178,2,-87,18,566,107
34.5276532860546,0.411035053013571,169,1401.21301269531,46,13,13,13,10,1323,18,57,35,19,17.230432510376,2,24,15,669,111
34.5859866192946,0.411035053013571,283,1144.14221191406,47,14,14,14,10,1299,17,58,34,19,17.4464130401611,1,-52,18,1624,112
34.6193199525746,0.411035053013571,196,1212.42700195312,45,14,14,14,10,1377,17,54,36,19,17.539119720459,6,21,16,1233,102
34.6401532858746,0.411035053013571,176,1290.61743164062,43,13,13,13,10,1422,17,54,38,19,17.5770130157471,8,19,16,1084,102
34.6859866191345,0.411035053013571,174,1570.81420898438,48,14,14,14,10,1492,13,54,33,19,17.7228965759277,4,96,20,2307,104
34.7609866190145,0.411035053013571,174,1240.88806152344,45,15,15,15,10,1480,14,55,33,22,17.9699420928955,4,-118,20,4312,106
34.7734866189945,0.411035053013571,184,1244.21142578125,45,14,14,14,10,1529,13,54,33,21,17.9918746948242,6,72,15,4063,102
34.7776532856545,0.411035053013571,175,1259.85620117188,46,14,14,14,10,1536,13,54,33,21,18.022647857666,4,126,26,4060,105
34.8047366189445,0.411035053013571,159,1260.7373046875,46,14,14,14,10,1553,14,55,32,22,18.1042251586914,4,106,17,4389,103
34.8984866187944,0.411035053013571,186,1180.75842285156,46,14,14,14,10,1598,14,57,32,22,18.355131149292,3,-7,11,4812,106
34.9276532854144,0.411035053013571,234,1120.65551757812,46,15,15,15,10,1640,16,58,31,23,18.4432029724121,4,-56,13,4092,93
34.4839032861246,0.408951719683571,179,1628.30639648438,47,14,14,14,10,1341,15,55,34,19,17.0000705718994,2,86,13,336,112
34.5297366193846,0.408951719683571,184,1351.14611816406,48,13,13,13,10,1310,16,57,34,19,17.2180404663086,3,-11,15,862,109
34.5464032860246,0.408951719683571,177,1326.67626953125,47,13,13,13,10,1316,15,58,33,20,17.2782802581787,3,27,11,863,111
34.6359866192146,0.408951719683571,152,1226.26000976562,44,14,14,14,10,1404,14,54,37,19,17.5781402587891,5,61,14,615,100
34.6422366192046,0.408951719683571,185,1226.26000976562,44,14,14,14,10,1404,14,54,37,19,17.5781402587891,5,61,14,615,100
34.6589032858446,0.408951719683571,153,1342.44140625,47,14,14,14,10,1474,15,53,34,19,17.6137733459473,7,80,24,1378,95
34.7484866190345,0.408951719683571,166,1255.50146484375,46,14,14,14,10,1490,16,54,33,21,17.908109664917,5,-74,17,4050,105
34.9547366187044,0.408951719683571,363,1159.01086425781,45,15,15,15,10,1811,38,56,34,22,18.4697036743164,33,-234,49,3118,79
34.3755699529647,0.406868386353571,194,1250.48828125,45,14,14,14,10,1247,8,56,36,18,16.5587158203125,2,-13,12,821,107
34.4359866195347,0.406868386353571,196,1535.55932617188,44,13,13,13,10,1309,9,56,38,19,16.8273010253906,2,-59,10,609,106
34.4609866194946,0.406868386353571,211,1559.58728027344,47,13,13,13,10,1313,11,54,34,19,16.9372158050537,2,-91,15,658,106
34.4714032861446,0.406868386353571,218,1612.779296875,47,13,13,13,10,1329,15,56,34,18,16.9664077758789,4,-13,13,551,107
34.4734866194746,0.406868386353571,216,1612.779296875,47,13,13,13,10,1329,15,56,34,18,16.9664077758789,4,-13,13,551,107
34.5214032860646,0.406868386353571,190,1420.87768554688,46,14,14,14,10,1305,14,57,35,18,17.1848697662354,2,-74,10,898,108
34.5922366192846,0.406868386353571,201,1137.58166503906,48,14,14,14,10,1301,17,58,33,19,17.4309768676758,2,-57,15,1637,108
34.6172366192446,0.406868386353571,190,1144.8505859375,48,14,14,14,10,1336,14,56,33,20,17.5100688934326,3,-22,24,1363,107
34.6380699525446,0.406868386353571,153,1226.26000976562,44,14,14,14,10,1404,14,54,37,19,17.5781402587891,5,61,14,615,100
34.6526532858546,0.406868386353571,183,1342.44140625,47,14,14,14,10,1474,15,53,34,19,17.6137733459473,7,80,24,1378,95
34.6859866191345,0.406868386353571,170,1527.03271484375,48,14,14,14,10,1478,16,54,33,19,17.7165088653564,3,24,17,2509,104
34.7089032857645,0.406868386353571,211,1300.73864746094,45,14,14,14,10,1446,12,54,36,19,17.79030418396,2,-43,32,3592,107
34.7401532857145,0.406868386353571,177,1235.28503417969,45,14,14,14,10,1478,15,55,34,21,17.8883666992188,1,-52,28,3889,107
34.7505699523645,0.406868386353571,180,1255.50146484375,46,14,14,14,10,1490,16,54,33,21,17.908109664917,5,-74,17,4050,105
34.7589032856845,0.406868386353571,179,1282.294921875,46,14,14,14,10,1521,12,55,32,21,17.9312725067139,3,84,26,3836,106
34.8901532854744,0.406868386353571,191,1203.38916015625,47,14,14,14,10,1576,15,57,30,23,18.3251304626465,4,-120,16,4985,105
34.9359866187344,0.406868386353571,251,1110.61145019531,44,15,15,15,10,1643,16,58,33,23,18.4555034637451,3,-113,14,4178,90
34.9401532853944,0.406868386353571,260,1110.61145019531,44,15,15,15,10,1643,16,58,33,23,18.4555034637451,3,-113,14,4178,90
34.9464032853844,0.406868386353571,287,1116.65625,44,15,15,15,10,1683,20,57,33,22,18.4777050018311,9,-236,14,3770,86
34.3984866195947,0.404785053023571,199,1265.8857421875,45,13,13,13,10,1262,8,56,38,17,16.6652774810791,2,-31,15,943,106
34.4047366195847,0.404785053023571,189,1321.43676757812,46,14,14,14,10,1284,10,57,37,17,16.6958904266357,2,23,13,757,105
34.4339032862047,0.404785053023571,205,1508.85705566406,43,13,13,13,10,1328,8,54,39,18,16.7877254486084,1,94,15,475,110
34.5401532860346,0.404785053023571,204,1339.56237792969,48,13,13,13,20,1319,14,55,33,19,17.2474555969238,2,8,15,927,111
34.5984866192746,0.404785053023571,214,1123.55920410156,49,13,13,13,10,1309,15,56,32,19,17.4567356109619,1,-18,16,1616,111
34.6818199524745,0.404785053023571,160,1573.22937011719,46,14,14,14,10,1508,14,54,35,18,17.6817874908447,2,113,15,2047,104
34.6859866191345,0.404785053023571,165,1527.03271484375,48,14,14,14,10,1478,16,54,33,19,17.7165088653564,3,24,17,2509,104
34.7276532857345,0.404785053023571,190,1234.4443359375,46,14,14,14,10,1475,15,55,33,21,17.8654403686523,4,-15,33,3764,107
34.7651532856745,0.404785053023571,177,1275.3857421875,46,14,14,14,10,1495,12,55,32,22,17.9553833007812,4,-91,18,4261,105
34.9089032854444,0.404785053023571,187,1181.95886230469,45,14,14,14,10,1619,15,57,32,22,18.3708038330078,3,64,13,4545,109
34.4318199528747,0.402701719693571,206,1508.85705566406,43,13,13,13,10,1328,8,54,39,18,16.7877254486084,1,94,15,475,110
34.4964032861046,0.402701719693571,225,1493.56909179688,46,14,14,14,10,1315,15,56,34,20,17.082010269165,3,-64,22,704,106
34.5172366194046,0.402701719693571,197,1538.00646972656,48,14,14,14,10,1331,17,58,34,19,17.1428127288818,3,70,9,498,107
34.6068199525946,0.402701719693571,196,1124.83422851562,48,13,13,13,10,1317,14,55,33,19,17.4840965270996,2,-14,19,1606,110
34.6589032858446,0.402701719693571,156,1342.44140625,47,14,14,14,10,1474,15,53,34,19,17.6137733459473,7,80,24,1378,95
34.6964032857845,0.402701719693571,178,1417.3544921875,48,14,14,14,10,1476,13,55,33,19,17.7540531158447,2,52,26,2906,106
34.7755699523245,0.402701719693571,190,1268.9814453125,47,14,14,14,10,1502,14,54,32,21,17.9817676544189,4,-130,22,4325,104
34.7964032856245,0.402701719693571,177,1310.9814453125,47,14,14,14,10,1538,13,54,32,21,18.0720119476318,3,-51,20,4529,103
34.9547366187044,0.402701719693571,338,1159.01086425781,45,15,15,15,10,1811,38,56,34,22,18.4697036743164,33,-234,49,3118,79
34.4234866195547,0.400618386363571,207,1432.07043457031,43,13,13,13,10,1299,10,54,39,17,16.7402267456055,4,-14,15,631,102
34.4318199528747,0.400618386363571,209,1495.6572265625,46,14,14,14,10,1322,9,55,36,18,16.7699813842773,1,68,14,486,108
34.5026532860946,0.400618386363571,212,1517.28100585938,48,14,14,14,20,1324,19,57,33,19,17.0943241119385,4,5,14,713,109
34.5672366193246,0.400618386363571,221,1187.23950195312,50,13,13,13,10,1291,19,56,31,19,17.3308048248291,1,-77,10,1295,112
34.5943199526146,0.400618386363571,211,1155.30651855469,48,14,14,14,10,1309,15,57,33,19,17.4377365112305,2,-45,21,1575,108
34.6026532859346,0.400618386363571,186,1140.04174804688,48,14,14,14,10,1324,14,56,32,20,17.4671173095703,2,-13,17,1380,107
34.6693199524945,0.400618386363571,174,1472.01098632812,46,14,14,14,10,1461,15,55,34,19,17.6508274078369,4,-52,17,2158,102
34.6901532857945,0.400618386363571,180,1407.52453613281,46,14,14,14,10,1466,15,54,34,21,17.7145843505859,4,51,22,2705,102
34.7234866190745,0.400618386363571,201,1223.4091796875,47,15,15,15,10,1461,14,55,31,21,17.83034324646,2,-7,13,3945,106
34.8776532854944,0.400618386363571,194,1229.27160644531,47,14,14,14,10,1586,15,57,30,23,18.2959041595459,3,-4,33,4919,105
34.4297366195447,0.398535053033571,211,1495.6572265625,46,14,14,14,10,1322,9,55,36,18,16.7699813842773,1,68,14,486,108
34.4859866194546,0.398535053033571,180,1544.17785644531,46,14,14,14,10,1313,14,56,34,19,17.0278015136719,3,-21,16,549,106
34.5422366193646,0.398535053033571,263,1278.33312988281,49,13,13,13,180,1311,18,59,32,20,17.2343139648438,1,42,13,965,115
34.6714032858245,0.398535053033571,184,1472.01098632812,46,14,14,14,10,1461,15,55,34,19,17.6508274078369,4,-52,17,2158,102
34.6880699524645,0.398535053033571,183,1407.52453613281,46,14,14,14,10,1466,15,54,34,21,17.7145843505859,4,51,22,2705,102
34.6964032857845,0.398535053033571,182,1333.78430175781,45,15,15,15,10,1461,14,54,36,19,17.7472305297852,2,27,20,3262,106
34.7047366191045,0.398535053033571,179,1256.8818359375,44,15,15,15,10,1441,15,54,38,18,17.7807559967041,2,-60,33,3829,107
34.7109866190945,0.398535053033571,255,1220.01635742188,47,15,15,15,10,1448,19,55,32,21,17.8080787658691,2,-61,16,3932,106
34.7172366190845,0.398535053033571,237,1220.01635742188,47,15,15,15,10,1448,19,55,32,21,17.8080787658691,2,-61,16,3932,106
34.7234866190745,0.398535053033571,207,1223.4091796875,47,15,15,15,10,1461,14,55,31,21,17.83034324646,2,-7,13,3945,106
34.7276532857345,0.398535053033571,188,1227.91088867188,45,14,14,14,10,1481,14,55,35,20,17.8504829406738,3,43,30,3918,106
34.7526532856945,0.398535053033571,176,1314.47717285156,46,15,15,15,10,1545,13,54,33,21,17.9269771575928,3,82,12,3824,100
34.7651532856745,0.398535053033571,191,1318.73303222656,46,15,15,15,10,1528,13,54,34,21,17.9535312652588,4,9,32,4130,105
34.8005699522845,0.398535053033571,185,1359.99011230469,48,14,14,14,10,1569,16,55,31,21,18.0716800689697,5,33,46,4273,102
34.8339032855645,0.398535053033571,190,1281.84912109375,49,14,14,14,10,1563,15,55,30,21,18.1644077301025,2,-98,32,4936,101
34.8859866188144,0.398535053033571,252,1207.51184082031,45,15,15,15,90,1592,19,54,32,23,18.3201637268066,5,-29,35,4874,101
34.9151532854344,0.398535053033571,211,1153.71252441406,46,14,14,14,10,1595,15,56,31,23,18.3768253326416,2,-84,21,4745,95
34.9276532854144,0.398535053033571,239,1117.72741699219,47,14,14,14,10,1619,16,59,31,22,18.4221878051758,5,-82,11,4383,93
34.3964032862647,0.396451719703571,205,1260.90380859375,45,13,13,13,10,1273,9,57,37,18,16.6408367156982,2,10,15,799,105
34.4484866195147,0.396451719703571,219,1505.63073730469,46,14,14,14,10,1325,10,55,34,20,16.8442478179932,2,32,16,560,106
34.4505699528447,0.396451719703571,230,1505.63073730469,46,14,14,14,10,1325,10,55,34,20,16.8442478179932,2,32,16,560,106
34.4859866194546,0.396451719703571,193,1544.17785644531,46,14,14,14,10,1313,14,56,34,19,17.0278015136719,3,-21,16,549,106
34.5276532860546,0.396451719703571,377,1296.58825683594,48,13,13,13,20,1304,17,59,33,19,17.2037162780762,1,0,9,1024,113
34.5734866193146,0.396451719703571,197,1178.728515625,48,14,14,14,10,1293,18,57,32,20,17.3577766418457,1,-72,22,1297,113
34.6630699525046,0.396451719703571,170,1415.72204589844,49,14,14,14,10,1485,15,54,33,19,17.6201362609863,4,197,13,1334,98
34.7089032857645,0.396451719703571,228,1256.8818359375,44,15,15,15,10,1441,15,54,38,18,17.7807559967041,2,-60,33,3829,107
34.7151532857545,0.396451719703571,258,1220.01635742188,47,15,15,15,10,1448,19,55,32,21,17.8080787658691,2,-61,16,3932,106
34.7693199523345,0.396451719703571,180,1300.85559082031,48,14,14,14,10,1533,13,54,32,20,17.9803924560547,3,4,25,4196,107
34.7901532856345,0.396451719703571,168,1333.51489257812,48,14,14,14,10,1564,15,54,32,21,18.0445518493652,5,89,18,4117,102
34.9026532854544,0.396451719703571,237,1189.90869140625,43,15,15,15,10,1603,15,57,34,23,18.3624095916748,5,44,19,4560,104
34.9130699521044,0.396451719703571,212,1153.71252441406,46,14,14,14,10,1595,15,56,31,23,18.3768253326416,2,-84,21,4745,95
34.9172366187644,0.396451719703571,220,1153.71252441406,46,14,14,14,10,1595,15,56,31,23,18.3768253326416,2,-84,21,4745,95
34.4422366195247,0.394368386373571,192,1511.25695800781,46,14,14,14,10,1301,9,55,35,19,16.8094005584717,2,-71,16,710,107
34.5026532860946,0.394368386373571,195,1517.28100585938,48,14,14,14,20,1324,19,57,33,19,17.0943241119385,4,5,14,713,109
34.6734866191545,0.394368386373571,189,1472.01098632812,46,14,14,14,10,1461,15,55,34,19,17.6508274078369,4,-52,17,2158,102
34.6755699524845,0.394368386373571,190,1472.01098632812,46,14,14,14,10,1461,15,55,34,19,17.6508274078369,4,-52,17,2158,102
34.8026532856145,0.394368386373571,190,1376.66174316406,47,14,14,14,10,1577,15,54,32,21,18.0977268218994,3,-7,21,4327,102
34.8984866187944,0.394368386373571,244,1209.07336425781,42,15,15,15,90,1630,16,50,35,23,18.3459491729736,2,138,97,4505,105
34.9109866187744,0.394368386373571,217,1153.71252441406,46,14,14,14,10,1595,15,56,31,23,18.3768253326416,2,-84,21,4745,95
34.5464032860246,0.392285053043571,293,1204.70129394531,49,14,14,14,20,1295,17,56,31,20,17.2539386749268,0,-33,26,1216,114
34.5672366193246,0.392285053043571,193,1190.61865234375,48,14,14,14,10,1313,15,57,33,19,17.3097229003906,2,36,13,1242,111
34.5859866192946,0.392285053043571,166,1234.00695800781,47,13,13,13,10,1327,16,58,33,19,17.3843021392822,2,24,17,1235,111
34.5922366192846,0.392285053043571,192,1234.00695800781,47,13,13,13,10,1327,16,58,33,19,17.3843021392822,2,24,17,1235,111
34.6380699525446,0.392285053043571,199,1194.84118652344,47,14,14,14,10,1371,16,56,34,19,17.5542163848877,3,-40,28,1007,103
34.6880699524645,0.392285053043571,178,1308.28833007812,45,15,15,15,10,1436,17,54,34,22,17.7119007110596,3,-80,22,3111,103
34.6922366191245,0.392285053043571,186,1308.28833007812,45,15,15,15,10,1436,17,54,34,22,17.7119007110596,3,-80,22,3111,103
34.7818199523145,0.392285053043571,187,1310.25085449219,47,14,14,14,10,1555,12,55,33,20,18.0014877319336,1,35,30,4158,106
34.8359866188945,0.392285053043571,178,1356.52465820312,48,14,14,14,10,1581,15,54,30,22,18.1883716583252,3,-52,17,4844,99
34.8401532855545,0.392285053043571,200,1356.52465820312,48,14,14,14,10,1581,15,54,30,22,18.1883716583252,3,-52,17,4844,99
34.8609866188545,0.392285053043571,169,1419.77624511719,47,14,14,14,10,1603,13,56,31,23,18.2557411193848,3,37,15,4823,101
34.8651532855145,0.392285053043571,179,1419.77624511719,47,14,14,14,10,1603,13,56,31,23,18.2557411193848,3,37,15,4823,101
34.8818199521544,0.392285053043571,238,1218.54650878906,46,14,14,14,10,1567,16,58,31,23,18.2845134735107,3,-68,24,5105,104
34.9318199520744,0.392285053043571,239,1124.12512207031,47,14,14,14,10,1636,16,57,30,23,18.4194488525391,5,-4,17,4347,93
34.9484866187144,0.392285053043571,302,1117.41760253906,46,15,15,15,10,1694,18,57,32,22,18.4672698974609,7,-124,15,3572,87
34.4901532861146,0.390201719713571,184,1527.04614257812,48,14,14,14,10,1313,15,57,34,19,17.0081062316895,4,32,14,618,106
34.5130699527446,0.390201719713571,219,1416.44909667969,49,14,14,14,20,1308,17,57,32,19,17.1156215667725,4,28,18,793,108
34.5359866193746,0.390201719713571,233,1222.04553222656,49,13,13,13,20,1298,17,55,31,20,17.2227382659912,2,-17,15,1105,112
34.5797366193046,0.390201719713571,168,1230.14135742188,47,14,14,14,10,1315,15,58,33,20,17.3587741851807,4,-1,16,1257,109
34.6839032858045,0.390201719713571,198,1351.01245117188,45,15,15,15,10,1439,15,55,34,22,17.6804485321045,3,-69,14,2813,103
34.7547366190245,0.390201719713571,177,1325.61462402344,46,14,14,14,10,1568,12,54,34,21,17.9181938171387,3,229,15,3585,99
34.7693199523345,0.390201719713571,177,1312.43627929688,46,14,14,14,10,1541,12,55,34,20,17.9716758728027,3,-5,17,4163,109
34.7922366189645,0.390201719713571,186,1337.70654296875,49,14,14,14,10,1574,15,54,31,20,18.0342445373535,5,27,23,4142,102
34.8214032855845,0.390201719713571,166,1406.87243652344,49,14,14,14,10,1590,15,53,30,21,18.1458568572998,5,25,22,4620,98
34.8734866188344,0.390201719713571,175,1298.30432128906,47,14,14,14,10,1593,14,56,30,23,18.2685680389404,3,46,21,4887,104
34.4109866195747,0.388118386383571,223,1313.16662597656,45,14,14,14,10,1268,9,56,37,18,16.6900215148926,2,-78,19,963,103
34.4964032861046,0.388118386383571,275,1452.107421875,50,14,14,14,20,1300,16,56,32,19,17.0483932495117,4,-75,18,842,108
34.5109866194146,0.388118386383571,234,1416.44909667969,49,14,14,14,20,1308,17,57,32,19,17.1156215667725,4,28,18,793,108
34.5234866193946,0.388118386383571,244,1304.44152832031,49,14,14,14,180,1298,18,57,31,20,17.1565456390381,2,-32,13,1062,109
34.5672366193246,0.388118386383571,187,1190.61865234375,48,14,14,14,10,1313,15,57,33,19,17.3097229003906,2,36,13,1242,111
34.5693199526546,0.388118386383571,187,1207.22900390625,47,14,14,14,10,1316,15,58,33,20,17.3347644805908,4,-31,18,1280,110
34.6068199525946,0.388118386383571,198,1174.76220703125,48,14,14,14,10,1322,14,56,33,20,17.4459857940674,4,-28,25,1323,109
34.6818199524745,0.388118386383571,189,1351.01245117188,45,15,15,15,10,1439,15,55,34,22,17.6804485321045,3,-69,14,2813,103
34.6901532857945,0.388118386383571,218,1308.28833007812,45,15,15,15,10,1436,17,54,34,22,17.7119007110596,3,-80,22,3111,103
34.7714032856645,0.388118386383571,174,1312.43627929688,46,14,14,14,10,1541,12,55,34,20,17.9716758728027,3,-5,17,4163,109
34.8047366189445,0.388118386383571,173,1414.48999023438,48,14,14,14,10,1594,16,53,31,21,18.0948600769043,6,32,17,4322,101
34.8089032856045,0.388118386383571,163,1414.48999023438,48,14,14,14,10,1594,16,53,31,21,18.0948600769043,6,32,17,4322,101
34.8630699521845,0.388118386383571,158,1419.77624511719,47,14,14,14,10,1603,13,56,31,23,18.2557411193848,3,37,15,4823,101
34.8901532854744,0.388118386383571,255,1201.50732421875,43,15,15,15,90,1614,15,50,34,23,18.3105316162109,2,122,97,4653,101
34.9089032854444,0.388118386383571,221,1187.02807617188,42,16,16,16,10,1583,20,56,35,23,18.3546390533447,2,-95,25,4709,101
34.9276532854144,0.388118386383571,219,1124.12512207031,47,14,14,14,10,1636,16,57,30,23,18.4194488525391,5,-4,17,4347,93
34.9297366187444,0.388118386383571,220,1124.12512207031,47,14,14,14,10,1636,16,57,30,23,18.4194488525391,5,-4,17,4347,93
34.9380699520644,0.388118386383571,246,1117.15991210938,46,14,14,14,10,1658,16,57,31,23,18.4443302154541,9,-104,18,4015,90
34.4901532861146,0.386035053053571,189,1527.04614257812,48,14,14,14,10,1313,15,57,34,19,17.0081062316895,4,32,14,618,106
34.5380699527046,0.386035053053571,252,1222.04553222656,49,13,13,13,20,1298,17,55,31,20,17.2227382659912,2,-17,15,1105,112
34.5547366193446,0.386035053053571,226,1190.17309570312,48,14,14,14,20,1292,16,58,32,20,17.2838134765625,3,-60,26,1327,111
34.6089032859246,0.386035053053571,210,1174.76220703125,48,14,14,14,10,1322,14,56,33,20,17.4459857940674,4,-28,25,1323,109
34.6339032858846,0.386035053053571,158,1184.99145507812,49,14,14,14,10,1364,16,55,32,19,17.5255794525146,7,94,24,845,102
34.7130699524245,0.386035053053571,324,1226.62268066406,47,15,15,15,10,1458,13,55,32,21,17.7916946411133,3,25,18,4038,107
34.7755699523245,0.386035053053571,172,1312.43627929688,46,14,14,14,10,1541,12,55,34,20,17.9716758728027,3,-5,17,4163,109
34.8339032855645,0.386035053053571,180,1359.50927734375,49,14,14,14,10,1574,15,54,30,21,18.1642818450928,3,-54,14,4867,99
34.8401532855545,0.386035053053571,173,1356.52465820312,48,14,14,14,10,1581,15,54,30,22,18.1883716583252,3,-52,17,4844,99
34.8422366188845,0.386035053053571,186,1356.52465820312,48,14,14,14,10,1581,15,54,30,22,18.1883716583252,3,-52,17,4844,99
34.8651532855145,0.386035053053571,168,1419.77624511719,47,14,14,14,10,1603,13,56,31,23,18.2557411193848,3,37,15,4823,101
34.8672366188445,0.386035053053571,170,1419.77624511719,47,14,14,14,10,1603,13,56,31,23,18.2557411193848,3,37,15,4823,101
34.8922366188044,0.386035053053571,257,1201.50732421875,43,15,15,15,90,1614,15,50,34,23,18.3105316162109,2,122,97,4653,101
34.9026532854544,0.386035053053571,253,1187.02807617188,42,16,16,16,10,1583,20,56,35,23,18.3546390533447,2,-95,25,4709,101
34.9193199520944,0.386035053053571,206,1134.97717285156,47,14,14,14,10,1612,14,57,30,23,18.3930568695068,3,-62,17,4554,95
34.9214032854244,0.386035053053571,215,1134.97717285156,47,14,14,14,10,1612,14,57,30,23,18.3930568695068,3,-62,17,4554,95
34.9255699520844,0.386035053053571,225,1134.97717285156,47,14,14,14,10,1612,14,57,30,23,18.3930568695068,3,-62,17,4554,95
34.9339032854044,0.386035053053571,222,1124.12512207031,47,14,14,14,10,1636,16,57,30,23,18.4194488525391,5,-4,17,4347,93
34.4234866195547,0.383951719723571,212,1383.86157226562,45,14,14,14,10,1299,12,55,36,19,16.6976490020752,3,36,16,765,103
34.4547366195047,0.383951719723571,214,1520.85388183594,45,14,14,14,10,1309,12,56,36,19,16.8414497375488,3,-14,15,718,106
34.4651532861546,0.383951719723571,210,1584.64904785156,44,14,14,14,10,1307,11,56,37,19,16.8760757446289,2,-34,17,688,109
34.4755699528046,0.383951719723571,193,1617.11791992188,45,14,14,14,10,1325,13,55,36,19,16.911111831665,1,24,28,519,112
34.5443199526946,0.383951719723571,247,1211.89245605469,48,14,14,14,20,1291,17,55,32,21,17.2337245941162,3,-66,18,1356,111
34.6234866192346,0.383951719723571,197,1200.45288085938,47,14,14,14,10,1343,16,55,34,19,17.4837532043457,11,-97,25,915,104
34.6776532858145,0.383951719723571,180,1300.19995117188,47,14,14,14,10,1427,17,54,33,21,17.6698207855225,4,-96,35,3101,103
34.6922366191245,0.383951719723571,217,1279.25231933594,48,15,15,15,10,1435,19,55,31,21,17.6969242095947,4,-35,15,3393,103
34.7734866189945,0.383951719723571,170,1297.220703125,46,14,14,14,10,1543,11,55,35,20,17.9570808410645,2,-11,16,4249,106
34.8109866189345,0.383951719723571,168,1412.07153320312,48,14,14,14,10,1596,16,55,31,21,18.1099529266357,4,53,18,4195,101
34.8651532855145,0.383951719723571,174,1426.70324707031,46,14,14,14,10,1593,12,56,31,22,18.2442874908447,4,1,16,4943,99
34.8672366188445,0.383951719723571,174,1426.70324707031,46,14,14,14,10,1593,12,56,31,22,18.2442874908447,4,1,16,4943,99
34.8818199521544,0.383951719723571,226,1203.56982421875,47,14,14,14,10,1565,13,56,30,23,18.2718715667725,2,-83,29,5127,103
34.9047366187844,0.383951719723571,274,1176.3720703125,45,16,16,16,10,1656,21,55,32,23,18.3468246459961,23,66,53,4855,94
34.9193199520944,0.383951719723571,204,1137.72802734375,47,14,14,14,10,1626,16,56,30,23,18.389684677124,7,-13,20,4527,98
34.4380699528647,0.381868386393571,192,1455.72290039062,46,14,14,14,10,1295,14,56,34,19,16.7707042694092,1,-34,9,663,105
34.4422366195247,0.381868386393571,208,1455.72290039062,46,14,14,14,10,1295,14,56,34,19,16.7707042694092,1,-34,9,663,105
34.4547366195047,0.381868386393571,199,1520.85388183594,45,14,14,14,10,1309,12,56,36,19,16.8414497375488,3,-14,15,718,106
34.4693199528146,0.381868386393571,197,1617.11791992188,45,14,14,14,10,1325,13,55,36,19,16.911111831665,1,24,28,519,112
34.4714032861446,0.381868386393571,202,1617.11791992188,45,14,14,14,10,1325,13,55,36,19,16.911111831665,1,24,28,519,112
34.5026532860946,0.381868386393571,308,1367.4990234375,48,14,14,14,180,1319,16,57,32,20,17.0651988983154,1,101,18,680,106
34.6234866192346,0.381868386393571,185,1200.45288085938,47,14,14,14,10,1343,16,55,34,19,17.4837532043457,11,-97,25,915,104
34.6359866192146,0.381868386393571,167,1247.28393554688,46,14,14,14,10,1416,16,55,35,19,17.5296363830566,1,135,24,676,104
34.6734866191545,0.381868386393571,168,1334.53918457031,46,15,15,15,10,1446,15,54,34,20,17.6384029388428,3,31,34,2312,101
34.6755699524845,0.381868386393571,171,1334.53918457031,46,15,15,15,10,1446,15,54,34,20,17.6384029388428,3,31,34,2312,101
34.6839032858045,0.381868386393571,240,1300.19995117188,47,14,14,14,10,1427,17,54,33,21,17.6698207855225,4,-96,35,3101,103
34.7089032857645,0.381868386393571,271,1241.52587890625,47,15,15,15,10,1452,15,55,32,21,17.753303527832,3,-31,19,4135,106
34.7589032856845,0.381868386393571,187,1306.01208496094,46,14,14,14,10,1536,12,55,35,20,17.8990440368652,1,69,21,3985,101
34.8089032856045,0.381868386393571,168,1387.69567871094,47,14,14,14,10,1583,16,54,33,20,18.0808067321777,3,14,14,4246,104
34.8193199522545,0.381868386393571,172,1418.62902832031,49,14,14,14,10,1624,17,54,30,21,18.1384658813477,1,131,19,4210,102
34.8214032855845,0.381868386393571,172,1418.62902832031,49,14,14,14,10,1624,17,54,30,21,18.1384658813477,1,131,19,4210,102
34.4297366195447,0.379785053063571,185,1439.9951171875,46,14,14,14,10,1315,11,56,35,20,16.7302360534668,3,102,14,519,105
34.4359866195347,0.379785053063571,199,1455.72290039062,46,14,14,14,10,1295,14,56,34,19,16.7707042694092,1,-34,9,663,105
34.4484866195147,0.379785053063571,217,1471.24548339844,46,14,14,14,10,1293,12,56,35,19,16.807731628418,2,-81,32,814,106
34.4505699528447,0.379785053063571,207,1471.24548339844,46,14,14,14,10,1293,12,56,35,19,16.807731628418,2,-81,32,814,106
34.5234866193946,0.379785053063571,259,1252.55798339844,48,14,14,14,180,1288,21,55,32,20,17.1409435272217,1,-41,14,1111,110
34.5526532860146,0.379785053063571,252,1214.79772949219,47,14,14,14,180,1301,18,56,33,20,17.2616157531738,3,-8,10,1337,110
34.5755699526446,0.379785053063571,184,1233.03588867188,45,14,14,14,10,1329,14,56,35,20,17.3147583007812,2,24,8,1152,108
34.6297366192246,0.379785053063571,186,1223.58703613281,47,14,14,14,10,1392,16,54,34,20,17.5066337585449,3,91,22,296,103
34.6672366191645,0.379785053063571,182,1351.66003417969,46,14,14,14,10,1443,15,53,34,20,17.6051578521729,3,42,17,1756,105
34.8505699522045,0.379785053063571,160,1485.86022949219,48,14,14,14,10,1615,15,53,32,21,18.211051940918,3,20,12,4808,106
34.8609866188545,0.379785053063571,159,1426.70324707031,46,14,14,14,10,1593,12,56,31,22,18.2442874908447,4,1,16,4943,99
34.8901532854744,0.379785053063571,199,1188.31176757812,47,14,14,14,10,1572,17,57,31,22,18.2955017089844,7,-57,21,4928,101
34.9068199521144,0.379785053063571,272,1176.3720703125,45,16,16,16,10,1656,21,55,32,23,18.3468246459961,23,66,53,4855,94
34.9401532853944,0.379785053063571,249,1124.30090332031,47,14,14,14,10,1662,16,58,31,22,18.4451713562012,3,-36,17,4053,91
34.4214032862247,0.377701719733571,205,1383.86157226562,45,14,14,14,10,1299,12,55,36,19,16.6976490020752,3,36,16,765,103
34.4276532862147,0.377701719733571,190,1439.9951171875,46,14,14,14,10,1315,11,56,35,20,16.7302360534668,3,102,14,519,105
34.4443199528547,0.377701719733571,214,1471.24548339844,46,14,14,14,10,1293,12,56,35,19,16.807731628418,2,-81,32,814,106
34.5755699526446,0.377701719733571,188,1233.03588867188,45,14,14,14,10,1329,14,56,35,20,17.3147583007812,2,24,8,1152,108
34.6943199524545,0.377701719733571,222,1258.90832519531,46,15,15,15,10,1434,23,53,33,21,17.7263889312744,4,-109,48,3779,106
34.7484866190345,0.377701719733571,170,1281.04370117188,44,14,14,14,10,1504,13,54,35,20,17.866325378418,6,-59,21,4364,101
34.7672366190045,0.377701719733571,176,1309.892578125,46,14,14,14,10,1522,12,55,35,19,17.9269981384277,2,-65,16,4257,104
34.8276532855745,0.377701719733571,179,1414.60949707031,48,14,14,14,10,1598,16,54,31,21,18.1629428863525,7,47,18,4675,100
34.9005699521244,0.377701719733571,253,1187.00427246094,44,15,15,15,10,1586,16,54,33,23,18.3196487426758,7,-41,97,4764,101
34.9089032854444,0.377701719733571,254,1176.3720703125,45,16,16,16,10,1656,21,55,32,23,18.3468246459961,23,66,53,4855,94
34.9193199520944,0.377701719733571,199,1137.72802734375,47,14,14,14,10,1626,16,56,30,23,18.389684677124,7,-13,20,4527,98
34.9255699520844,0.377701719733571,236,1137.72802734375,47,14,14,14,10,1626,16,56,30,23,18.389684677124,7,-13,20,4527,98
34.4505699528447,0.375618386403571,209,1538.00537109375,47,14,14,14,10,1312,15,56,35,18,16.7801513671875,2,35,18,598,108
34.4630699528246,0.375618386403571,196,1612.80651855469,45,14,14,14,10,1322,13,56,36,19,16.8541965484619,0,59,15,501,116
34.4797366194646,0.375618386403571,163,1446.94189453125,49,14,14,14,10,1294,16,58,33,19,16.9419441223145,4,-27,21,635,104
34.5547366193446,0.375618386403571,284,1265.73486328125,48,14,14,14,20,1319,17,55,32,20,17.2365264892578,3,-6,10,1176,111
34.5755699526446,0.375618386403571,184,1243.18420410156,47,14,14,14,10,1312,15,55,33,20,17.2976665496826,3,-90,15,1267,108
34.6589032858446,0.375618386403571,158,1345.54187011719,44,14,14,14,10,1442,13,54,36,20,17.5623512268066,4,94,28,1368,109
34.6714032858245,0.375618386403571,190,1298.84936523438,46,14,14,14,10,1416,14,55,33,21,17.6296558380127,1,-93,14,2628,103
34.6734866191545,0.375618386403571,196,1298.84936523438,46,14,14,14,10,1416,14,55,33,21,17.6296558380127,1,-93,14,2628,103
34.6901532857945,0.375618386403571,179,1288.35693359375,48,14,14,14,10,1463,15,54,32,21,17.676643371582,5,123,27,3169,105
34.6943199524545,0.375618386403571,194,1280.853515625,47,14,14,14,10,1457,16,54,32,21,17.7057857513428,4,-6,20,3816,105
34.7234866190745,0.375618386403571,165,1322.439453125,48,14,14,14,10,1497,16,54,32,21,17.7749328613281,6,6,16,4199,101
34.7276532857345,0.375618386403571,168,1343.14379882812,48,14,14,14,10,1529,13,55,33,20,17.7997627258301,0,160,21,3949,114
34.8964032854644,0.375618386403571,220,1180.52673339844,46,15,15,15,10,1579,15,56,31,23,18.3092193603516,2,-25,18,5002,107
34.4214032862247,0.373535053073571,194,1413.91870117188,46,14,14,14,10,1282,11,55,35,19,16.6750202178955,3,-62,20,935,108
34.5089032860846,0.373535053073571,239,1274.08312988281,47,14,14,14,20,1283,16,56,33,20,17.0547733306885,3,-77,15,1013,109
34.5172366194046,0.373535053073571,275,1253.37231445312,47,14,14,14,20,1293,17,56,32,21,17.088680267334,3,-21,15,964,109
34.5755699526446,0.373535053073571,184,1243.18420410156,47,14,14,14,10,1312,15,55,33,20,17.2976665496826,3,-90,15,1267,108
34.6214032859046,0.373535053073571,181,1256.56982421875,46,14,14,14,10,1382,16,55,34,19,17.4576988220215,4,40,47,613,104
34.7255699524045,0.373535053073571,167,1322.439453125,48,14,14,14,10,1497,16,54,32,21,17.7749328613281,6,6,16,4199,101
34.7401532857145,0.373535053073571,172,1309.84643554688,47,14,14,14,10,1514,12,54,33,20,17.826681137085,4,73,18,4119,104
34.7651532856745,0.373535053073571,192,1288.75866699219,47,14,14,14,10,1516,14,54,34,20,17.9112014770508,3,-71,17,4426,105
34.7672366190045,0.373535053073571,192,1288.75866699219,47,14,14,14,10,1516,14,54,34,20,17.9112014770508,3,-71,17,4426,105
34.8089032856045,0.373535053073571,173,1331.94702148438,48,14,14,14,10,1575,14,54,31,21,18.063591003418,3,-13,19,4507,103
34.8755699521644,0.373535053073571,211,1291.59655761719,49,14,14,14,10,1558,15,57,28,23,18.2444591522217,3,-87,17,5248,100
34.8984866187944,0.373535053073571,205,1180.52673339844,46,15,15,15,10,1579,15,56,31,23,18.3092193603516,2,-25,18,5002,107
34.4401532861947,0.371451719743571,210,1473.58020019531,47,14,14,14,10,1302,12,56,34,19,16.7476692199707,2,-7,15,723,106
34.4568199528346,0.371451719743571,199,1595.8916015625,45,14,14,14,10,1322,12,55,36,19,16.8154983520508,1,46,14,568,112
34.4984866194346,0.371451719743571,284,1284.81506347656,47,14,14,14,20,1282,17,57,32,21,17.0205039978027,1,-65,16,941,109
34.5193199527346,0.371451719743571,284,1236.36962890625,47,14,14,14,20,1287,16,54,32,21,17.1212387084961,2,-61,7,1196,110
34.5380699527046,0.371451719743571,285,1243.55749511719,49,14,14,14,180,1307,14,54,31,21,17.1800212860107,2,6,19,1167,110
34.5422366193646,0.371451719743571,290,1243.55749511719,49,14,14,14,180,1307,14,54,31,21,17.1800212860107,2,6,19,1167,110
34.5922366192846,0.371451719743571,161,1251.86926269531,48,14,14,14,10,1352,14,56,33,19,17.3480701446533,4,52,17,861,109
34.6589032858446,0.371451719743571,169,1345.54187011719,44,14,14,14,10,1442,13,54,36,20,17.5623512268066,4,94,28,1368,109
34.7422366190445,0.371451719743571,177,1309.84643554688,47,14,14,14,10,1514,12,54,33,20,17.826681137085,4,73,18,4119,104
34.7839032856445,0.371451719743571,162,1282.97497558594,46,14,14,14,10,1534,13,54,33,20,17.973217010498,3,-64,22,4579,104
34.8089032856045,0.371451719743571,175,1331.94702148438,48,14,14,14,10,1575,14,54,31,21,18.063591003418,3,-13,19,4507,103
34.4755699528046,0.369368386413572,192,1565.1337890625,47,14,14,14,10,1323,16,56,34,19,16.8949489593506,3,74,25,485,110
34.4859866194546,0.369368386413572,245,1332.33862304688,46,14,14,14,20,1285,17,59,35,19,16.9840030670166,1,-66,16,847,107
34.4964032861046,0.369368386413572,278,1284.81506347656,47,14,14,14,20,1282,17,57,32,21,17.0205039978027,1,-65,16,941,109
34.5172366194046,0.369368386413572,274,1253.37231445312,47,14,14,14,20,1293,17,56,32,21,17.088680267334,3,-21,15,964,109
34.6380699525446,0.369368386413572,194,1293.20825195312,47,14,14,14,10,1408,15,54,34,19,17.51198387146,5,-35,28,696,103
34.6964032857845,0.369368386413572,163,1280.853515625,47,14,14,14,10,1457,16,54,32,21,17.7057857513428,4,-6,20,3816,105
34.7005699524445,0.369368386413572,157,1280.853515625,47,14,14,14,10,1457,16,54,32,21,17.7057857513428,4,-6,20,3816,105
34.7109866190945,0.369368386413572,175,1281.48388671875,47,15,15,15,10,1467,16,54,32,21,17.7570419311523,4,-38,19,4302,103
34.7255699524045,0.369368386413572,195,1322.439453125,48,14,14,14,10,1497,16,54,32,21,17.7749328613281,6,6,16,4199,101
34.7380699523845,0.369368386413572,176,1309.84643554688,47,14,14,14,10,1514,12,54,33,20,17.826681137085,4,73,18,4119,104
34.8068199522745,0.369368386413572,168,1331.94702148438,48,14,14,14,10,1575,14,54,31,21,18.063591003418,3,-13,19,4507,103
34.4193199528947,0.367285053083572,186,1461.84094238281,46,14,14,14,10,1286,14,57,35,20,16.6509895324707,3,-25,14,733,107
34.4609866194946,0.367285053083572,195,1552.14709472656,46,14,14,14,10,1305,13,56,35,19,16.840015411377,2,1,21,555,108
34.5651532859946,0.367285053083572,244,1298.84948730469,48,14,14,14,10,1339,15,55,32,19,17.2433929443359,3,38,24,1062,111
34.6151532859146,0.367285053083572,179,1295.685546875,47,14,14,14,10,1383,13,55,34,19,17.4058532714844,3,14,20,568,105
34.6318199525546,0.367285053083572,197,1316.38793945312,45,14,14,14,10,1407,15,54,35,20,17.4630947113037,5,63,9,259,107
34.6651532858345,0.367285053083572,179,1311.24609375,46,14,14,14,10,1430,14,54,34,20,17.5865116119385,4,10,15,1888,104
34.6693199524945,0.367285053083572,175,1288.49365234375,47,14,14,14,10,1413,15,55,32,21,17.6177291870117,4,-102,19,2625,104
34.6880699524645,0.367285053083572,163,1293.53698730469,47,14,14,14,10,1463,14,55,32,21,17.6674919128418,6,24,22,3235,102
34.6901532857945,0.367285053083572,161,1293.53698730469,47,14,14,14,10,1463,14,55,32,21,17.6674919128418,6,24,22,3235,102
34.6984866191145,0.367285053083572,171,1299.09643554688,46,14,14,14,10,1464,16,54,33,21,17.6921844482422,2,-8,14,3732,109
34.7443199523745,0.367285053083572,179,1284.64074707031,47,14,14,14,10,1501,13,54,33,20,17.8447322845459,3,-41,21,4614,104
34.7693199523345,0.367285053083572,171,1272.83972167969,46,14,14,14,10,1537,13,55,34,20,17.9301414489746,3,51,13,4556,109
34.7797366189845,0.367285053083572,162,1277.55944824219,48,14,14,14,10,1543,14,54,32,20,17.9601573944092,6,-9,22,4526,105
34.7859866189745,0.367285053083572,159,1291.31909179688,48,14,14,14,10,1536,14,54,31,21,17.9902858734131,5,-86,15,4727,104
34.8193199522545,0.367285053083572,188,1319.27966308594,50,14,14,14,10,1565,16,54,29,21,18.1019077301025,5,-120,15,4890,98
34.8943199521344,0.367285053083572,304,1177.68627929688,41,16,16,16,90,1575,14,51,35,24,18.2981586456299,3,-6,100,5024,108
34.9047366187844,0.367285053083572,287,1143.0263671875,42,15,15,15,90,1583,13,52,35,24,18.3183517456055,2,13,99,4985,109
34.4172366195647,0.365201719753572,205,1534.69470214844,47,14,14,14,10,1304,12,56,34,19,16.6043128967285,3,76,18,540,106
34.4401532861947,0.365201719753572,247,1531.5830078125,46,14,14,14,10,1297,12,56,34,19,16.7235946655273,3,-52,15,665,109
34.5651532859946,0.365201719753572,258,1298.84948730469,48,14,14,14,10,1339,15,55,32,19,17.2433929443359,3,38,24,1062,111
34.6068199525946,0.365201719753572,172,1274.54821777344,47,14,14,14,10,1360,13,55,34,19,17.3817596435547,3,-54,23,766,106
34.6693199524945,0.365201719753572,182,1288.49365234375,47,14,14,14,10,1413,15,55,32,21,17.6177291870117,4,-102,19,2625,104
34.6922366191245,0.365201719753572,160,1293.53698730469,47,14,14,14,10,1463,14,55,32,21,17.6674919128418,6,24,22,3235,102
34.7276532857345,0.365201719753572,180,1350.04455566406,47,14,14,14,10,1519,13,54,33,20,17.7878684997559,2,99,17,4112,105
34.7714032856645,0.365201719753572,168,1272.83972167969,46,14,14,14,10,1537,13,55,34,20,17.9301414489746,3,51,13,4556,109
34.7859866189745,0.365201719753572,173,1291.31909179688,48,14,14,14,10,1536,14,54,31,21,17.9902858734131,5,-86,15,4727,104
34.8089032856045,0.365201719753572,174,1296.05114746094,48,14,14,14,10,1561,15,54,31,21,18.0461826324463,4,-14,14,4669,103
34.8401532855545,0.365201719753572,178,1497.2001953125,49,14,14,14,10,1584,16,53,29,21,18.1674289703369,3,-128,17,4837,95
34.8672366188445,0.365201719753572,185,1441.53894042969,46,15,15,15,10,1583,16,56,32,23,18.2259616851807,4,4,18,4910,98
34.8818199521544,0.365201719753572,210,1220.58203125,47,14,14,14,10,1561,14,56,30,22,18.2529621124268,3,-85,39,5269,102
34.9172366187644,0.365201719753572,224,1115.96533203125,44,15,15,15,10,1567,17,57,33,23,18.3382015228271,2,-84,18,5053,100
34.9297366187444,0.365201719753572,237,1122.54846191406,46,15,15,15,10,1640,20,56,31,23,18.3953437805176,13,-169,23,4463,85
34.9422366187244,0.365201719753572,222,1133.55114746094,46,15,15,15,10,1743,19,56,31,22,18.4284687042236,8,213,27,3450,84
34.4047366195847,0.363118386423572,204,1598.85620117188,45,14,14,14,10,1317,9,55,37,18,16.5569496154785,1,117,20,388,113
34.4234866195547,0.363118386423572,225,1461.84094238281,46,14,14,14,10,1286,14,57,35,20,16.6509895324707,3,-25,14,733,107
34.5234866193946,0.363118386423572,267,1264.02172851562,48,14,14,14,180,1299,17,53,32,20,17.0958824157715,3,-20,30,1143,107
34.5276532860546,0.363118386423572,300,1277.41174316406,49,13,13,13,20,1314,14,54,31,20,17.1251640319824,2,36,6,1030,110
34.5818199526346,0.363118386423572,203,1242.89587402344,48,14,14,14,10,1320,12,56,33,19,17.3073062896729,2,-94,16,1283,107
34.6193199525746,0.363118386423572,178,1309.1611328125,46,14,14,14,10,1406,14,55,35,19,17.4326972961426,1,91,29,301,107
34.6339032858846,0.363118386423572,187,1316.38793945312,45,14,14,14,10,1407,15,54,35,20,17.4630947113037,5,63,9,259,107
34.7401532857145,0.363118386423572,202,1305.54296875,47,14,14,14,10,1488,14,54,33,20,17.8210964202881,3,-76,17,4403,102
34.8068199522745,0.363118386423572,174,1296.05114746094,48,14,14,14,10,1561,15,54,31,21,18.0461826324463,4,-14,14,4669,103
34.8609866188545,0.363118386423572,257,1441.53894042969,46,15,15,15,10,1583,16,56,32,23,18.2259616851807,4,4,18,4910,98
34.8964032854644,0.363118386423572,273,1177.68627929688,41,16,16,16,90,1575,14,51,35,24,18.2981586456299,3,-6,100,5024,108
34.9339032854044,0.363118386423572,249,1122.54846191406,46,15,15,15,10,1640,20,56,31,23,18.3953437805176,13,-169,23,4463,85
34.5422366193646,0.361035053093572,239,1274.72888183594,49,14,14,14,20,1307,17,54,30,21,17.1584091186523,3,-52,13,1196,109
34.5714032859846,0.361035053093572,189,1269.59106445312,47,14,14,14,10,1330,15,54,33,19,17.2756519317627,4,-38,24,1240,107
34.5755699526446,0.361035053093572,180,1269.59106445312,47,14,14,14,10,1330,15,54,33,19,17.2756519317627,4,-38,24,1240,107
34.5880699526246,0.361035053093572,185,1237.09594726562,48,14,14,14,10,1332,12,56,33,19,17.3339710235596,3,-73,30,1145,107
34.6297366192246,0.361035053093572,181,1316.38793945312,45,14,14,14,10,1407,15,54,35,20,17.4630947113037,5,63,9,259,107
34.7526532856945,0.361035053093572,171,1285.95166015625,48,14,14,14,10,1518,12,55,32,21,17.8707656860352,3,13,16,4574,105
34.8109866189345,0.361035053093572,175,1289.85656738281,50,14,14,14,10,1571,15,54,29,21,18.0731983184814,4,6,21,4679,102
34.8401532855545,0.361035053093572,187,1497.2001953125,49,14,14,14,10,1584,16,53,29,21,18.1674289703369,3,-128,17,4837,95
34.4380699528647,0.358951719763572,221,1559.689453125,47,14,14,14,10,1315,15,57,35,19,16.6989154815674,1,69,15,479,116
34.4401532861947,0.358951719763572,225,1559.689453125,47,14,14,14,10,1315,15,57,35,19,16.6989154815674,1,69,15,479,116
34.5214032860646,0.358951719763572,253,1298.21447753906,48,14,14,14,180,1324,15,56,32,20,17.071268081665,1,66,11,898,108
34.5234866193946,0.358951719763572,247,1298.21447753906,48,14,14,14,180,1324,15,56,32,20,17.071268081665,1,66,11,898,108
34.5630699526646,0.358951719763572,201,1321.33935546875,48,14,14,14,10,1340,15,55,33,19,17.2216129302979,4,-19,16,1067,109
34.5714032859846,0.358951719763572,191,1314.2939453125,47,14,14,14,180,1348,15,55,33,19,17.2508983612061,3,37,18,937,108
34.5755699526446,0.358951719763572,187,1314.2939453125,47,14,14,14,180,1348,15,55,33,19,17.2508983612061,3,37,18,937,108
34.5922366192846,0.358951719763572,180,1292.32666015625,49,14,14,14,10,1342,12,56,33,19,17.3115558624268,3,-86,17,1029,104
34.6005699526046,0.358951719763572,170,1296.28442382812,48,14,14,14,10,1356,12,56,33,19,17.3368549346924,2,-54,11,846,105
34.6214032859046,0.358951719763572,184,1324.05249023438,47,14,14,14,10,1399,11,56,35,19,17.4179344177246,0,33,21,325,111
34.6651532858345,0.358951719763572,201,1324.17980957031,47,14,14,14,10,1420,15,54,33,20,17.5713901519775,4,-76,26,2270,102
34.7005699524445,0.358951719763572,177,1307.22009277344,47,14,14,14,10,1480,17,54,33,21,17.6770992279053,4,81,20,3881,101
34.7047366191045,0.358951719763572,168,1320.798828125,47,14,14,14,10,1478,17,54,33,21,17.7019481658936,3,10,15,4388,110
34.7172366190845,0.358951719763572,184,1342.33935546875,48,14,14,14,10,1495,16,54,32,20,17.7241458892822,3,64,30,4346,108
34.7276532857345,0.358951719763572,169,1321.55993652344,47,14,14,14,10,1486,14,54,33,20,17.7833042144775,5,-32,20,4456,104
34.7422366190445,0.358951719763572,179,1285.18676757812,47,14,14,14,10,1477,14,54,33,20,17.8141651153564,5,-121,26,4825,103
34.7484866190345,0.358951719763572,165,1278.23779296875,48,14,14,14,10,1519,12,55,32,21,17.833158493042,1,108,26,4524,103
34.8276532855745,0.358951719763572,181,1453.10278320312,50,14,14,14,10,1614,21,53,29,22,18.133617401123,17,44,30,4782,89
34.8380699522245,0.358951719763572,200,1538.392578125,48,15,15,15,10,1674,19,53,30,22,18.1642971038818,12,414,30,4113,90
34.9130699521044,0.358951719763572,252,1100.34509277344,43,15,15,15,10,1571,15,57,33,24,18.3265743255615,2,-37,15,5115,97
34.9255699520844,0.358951719763572,233,1096.71691894531,46,15,15,15,10,1577,15,56,31,23,18.3504447937012,4,-140,23,5015,89
34.4214032862247,0.356868386433572,209,1491.76843261719,45,14,14,14,10,1287,13,56,35,20,16.6281757354736,4,-56,13,832,106
34.6193199525746,0.356868386433572,188,1324.05249023438,47,14,14,14,10,1399,11,56,35,19,17.4179344177246,0,33,21,325,111
34.6505699525246,0.356868386433572,200,1327.58569335938,48,14,14,14,10,1420,13,55,33,20,17.5114250183105,5,32,44,995,101
34.8151532855945,0.356868386433572,178,1298.583984375,49,14,14,14,10,1548,15,54,29,22,18.062463760376,3,-107,17,4988,100
34.8734866188344,0.356868386433572,211,1332.5849609375,45,15,15,15,10,1582,19,55,33,23,18.2316036224365,5,52,19,4983,99
34.9339032854044,0.356868386433572,295,1117.59008789062,46,15,15,15,10,1627,20,56,31,23,18.3826084136963,12,-199,31,4768,81
34.4526532861747,0.354785053103572,227,1517.42895507812,46,14,14,14,10,1308,13,59,35,19,16.7813301086426,2,49,30,459,108
34.4589032861646,0.354785053103572,215,1517.42895507812,46,14,14,14,10,1308,13,59,35,19,16.7813301086426,2,49,30,459,108
34.4964032861046,0.354785053103572,207,1265.71911621094,43,14,14,14,10,1303,9,56,38,19,16.9759407043457,3,42,8,797,108
34.5297366193846,0.354785053103572,240,1301.5556640625,47,14,14,14,20,1330,14,56,33,20,17.1022663116455,2,91,6,896,112
34.6276532858946,0.354785053103572,246,1327.68518066406,46,14,14,14,10,1415,14,55,36,19,17.4474067687988,3,67,20,337,108
34.6630699525046,0.354785053103572,184,1324.17980957031,47,14,14,14,10,1420,15,54,33,20,17.5713901519775,4,-76,26,2270,102
34.7922366189645,0.354785053103572,177,1296.48205566406,49,14,14,14,10,1552,15,54,31,21,17.9830913543701,5,81,28,4593,104
34.9318199520744,0.354785053103572,294,1117.59008789062,46,15,15,15,10,1627,20,56,31,23,18.3826084136963,12,-199,31,4768,81
34.4005699529247,0.352701719773572,215,1619.03271484375,45,14,14,14,10,1303,12,55,37,18,16.4931182861328,3,0,15,453,109
34.4151532862347,0.352701719773572,246,1563.18981933594,46,14,14,14,10,1286,15,57,34,20,16.5845146179199,4,-47,21,653,105
34.5068199527546,0.352701719773572,238,1280.45068359375,45,14,14,14,10,1309,11,56,35,20,17.0069599151611,4,61,27,835,113
34.5234866193946,0.352701719773572,236,1298.21447753906,48,14,14,14,180,1324,15,56,32,20,17.071268081665,1,66,11,898,108
34.5484866193546,0.352701719773572,230,1279.16064453125,48,14,14,14,20,1325,16,54,31,20,17.168981552124,3,-28,12,1138,107
34.5526532860146,0.352701719773572,272,1303.05017089844,48,14,14,14,180,1349,15,54,32,20,17.1937046051025,1,78,10,955,108
34.5651532859946,0.352701719773572,176,1321.33935546875,48,14,14,14,10,1340,15,55,33,19,17.2216129302979,4,-19,16,1067,109
34.6734866191545,0.352701719773572,188,1316.068359375,47,14,14,14,10,1435,16,55,32,21,17.5985946655273,3,15,25,2633,102
34.7005699524445,0.352701719773572,164,1307.22009277344,47,14,14,14,10,1480,17,54,33,21,17.6770992279053,4,81,20,3881,101
34.8109866189345,0.352701719773572,177,1298.583984375,49,14,14,14,10,1548,15,54,29,22,18.062463760376,3,-107,17,4988,100
34.5005699527646,0.350618386443572,233,1299.04333496094,45,14,14,14,10,1288,12,56,36,19,16.9534950256348,1,-51,41,973,107
34.5172366194046,0.350618386443572,262,1317.12719726562,47,14,14,14,20,1310,15,56,33,20,17.0173606872559,2,2,23,865,111
34.5672366193246,0.350618386443572,189,1323.08032226562,48,14,14,14,10,1363,15,55,32,19,17.2027130126953,1,90,18,841,109
34.5964032859446,0.350618386443572,172,1369.23413085938,48,14,14,14,10,1378,15,55,33,19,17.310567855835,4,42,19,721,104
34.7172366190845,0.350618386443572,165,1308.51782226562,46,14,14,14,10,1482,14,54,34,20,17.7220420837402,3,30,19,4592,104
34.7672366190045,0.350618386443572,173,1243.37976074219,47,14,14,14,10,1493,15,54,32,21,17.8765468597412,5,-83,12,5113,104
34.7964032856245,0.350618386443572,160,1352.9208984375,49,14,14,14,10,1568,15,55,29,22,18.00514793396,2,78,21,4646,104
34.8839032854844,0.350618386443572,263,1245.44653320312,40,15,15,15,90,1560,14,50,35,24,18.23850440979,5,-12,98,5236,105
34.9318199520744,0.350618386443572,276,1115.22839355469,47,15,15,15,10,1607,19,56,30,23,18.3744297027588,4,-234,23,4711,83
34.4172366195647,0.348535053113572,262,1562.39123535156,47,14,14,14,10,1286,13,56,33,19,16.5608043670654,4,-5,16,708,104
34.5630699526646,0.348535053113572,186,1323.08032226562,48,14,14,14,10,1363,15,55,32,19,17.2027130126953,1,90,18,841,109
34.5839032859646,0.348535053113572,179,1362.98352050781,49,14,14,14,10,1377,15,55,32,19,17.2550315856934,4,90,22,703,104
34.5943199526146,0.348535053113572,184,1369.23413085938,48,14,14,14,10,1378,15,55,33,19,17.310567855835,4,42,19,721,104
34.6005699526046,0.348535053113572,180,1369.23413085938,48,14,14,14,10,1378,15,55,33,19,17.310567855835,4,42,19,721,104
34.6276532858946,0.348535053113572,199,1313.67883300781,46,14,14,14,10,1397,16,55,35,19,17.4393634796143,4,-19,23,365,104
34.6797366191445,0.348535053113572,196,1306.24682617188,45,15,15,15,10,1453,14,54,33,22,17.6170253753662,1,75,18,3122,107
34.6922366191245,0.348535053113572,172,1283.69860839844,45,15,15,15,10,1455,15,54,33,22,17.6465759277344,4,51,20,3615,103
34.7589032856845,0.348535053113572,177,1249.79113769531,48,14,14,14,10,1492,15,55,32,21,17.8539867401123,5,-8,18,4806,104
34.7651532856745,0.348535053113572,175,1243.37976074219,47,14,14,14,10,1493,15,54,32,21,17.8765468597412,5,-83,12,5113,104
34.7964032856245,0.348535053113572,161,1352.9208984375,49,14,14,14,10,1568,15,55,29,22,18.00514793396,2,78,21,4646,104
34.8047366189445,0.348535053113572,167,1365.78125,50,14,14,14,10,1559,15,55,28,22,18.0327625274658,3,-14,22,4876,105
34.8234866189145,0.348535053113572,174,1387.20190429688,51,14,14,14,10,1589,18,54,27,22,18.088752746582,3,5,17,4790,97
34.8297366189045,0.348535053113572,170,1464.23815917969,50,14,14,14,10,1609,17,53,28,22,18.1216468811035,0,53,22,4610,99
34.9089032854444,0.348535053113572,290,1131.11535644531,42,15,15,15,10,1563,16,53,35,24,18.2983512878418,5,28,50,5110,109
34.9380699520644,0.348535053113572,300,1139.6455078125,46,15,15,15,10,1725,26,56,32,22,18.4091777801514,24,-218,39,4016,74
34.4297366195447,0.346451719783572,212,1469.46716308594,47,14,14,14,10,1300,14,56,34,19,16.6444892883301,3,68,12,464,105
34.4359866195347,0.346451719783572,233,1479.04833984375,47,14,14,14,10,1306,14,57,33,20,16.6839790344238,2,53,22,472,107
34.6401532858746,0.346451719783572,221,1323.95080566406,46,14,14,14,10,1389,13,55,35,20,17.4693508148193,3,-95,12,814,104
34.6464032858646,0.346451719783572,218,1337.14953613281,47,14,14,14,10,1399,13,55,33,20,17.4991340637207,4,-124,18,1433,103
34.6672366191645,0.346451719783572,174,1363.66931152344,47,14,14,14,10,1440,13,54,34,20,17.551061630249,4,80,18,2046,101
34.6818199524745,0.346451719783572,200,1306.24682617188,45,15,15,15,10,1453,14,54,33,22,17.6170253753662,1,75,18,3122,107
34.7026532857745,0.346451719783572,183,1293.64196777344,47,14,14,14,10,1483,14,54,33,21,17.6984214782715,2,74,21,4535,102
34.7339032857245,0.346451719783572,163,1281.48364257812,46,15,15,15,10,1466,13,54,33,21,17.7805709838867,2,-94,14,4881,104
34.7714032856645,0.346451719783572,169,1251.85729980469,48,14,14,14,10,1499,15,54,32,21,17.9032573699951,5,-111,14,5003,101
34.8401532855545,0.346451719783572,175,1516.3212890625,49,14,14,14,10,1604,14,54,29,22,18.145076751709,3,-6,27,4679,92
34.8922366188044,0.346451719783572,252,1201.95141601562,39,15,15,15,90,1561,14,48,36,25,18.2582607269287,3,-30,98,5110,105
34.9089032854444,0.346451719783572,281,1131.11535644531,42,15,15,15,10,1563,16,53,35,24,18.2983512878418,5,28,50,5110,109
34.9193199520944,0.346451719783572,247,1092.22644042969,46,15,15,15,10,1575,16,56,30,23,18.3417072296143,3,-78,21,5117,89
34.9297366187444,0.346451719783572,269,1115.22839355469,47,15,15,15,10,1607,19,56,30,23,18.3744297027588,4,-234,23,4711,83
34.9318199520744,0.346451719783572,261,1115.22839355469,47,15,15,15,10,1607,19,56,30,23,18.3744297027588,4,-234,23,4711,83
34.4068199529147,0.344368386453572,203,1639.00146484375,47,13,13,13,10,1311,13,56,34,19,16.5117835998535,2,83,15,348,111
34.4276532862147,0.344368386453572,225,1469.46716308594,47,14,14,14,10,1300,14,56,34,19,16.6444892883301,3,68,12,464,105
34.5130699527446,0.344368386453572,243,1317.12719726562,47,14,14,14,20,1310,15,56,33,20,17.0173606872559,2,2,23,865,111
34.5234866193946,0.344368386453572,208,1330.67919921875,48,14,14,14,20,1308,15,55,32,21,17.0505485534668,0,-71,50,942,107
34.5839032859646,0.344368386453572,172,1362.98352050781,49,14,14,14,10,1377,15,55,32,19,17.2550315856934,4,90,22,703,104
34.7464032857045,0.344368386453572,167,1257.46276855469,47,14,14,14,10,1502,14,55,32,21,17.8271465301514,3,62,13,4724,106
34.7568199523545,0.344368386453572,177,1249.79113769531,48,14,14,14,10,1492,15,55,32,21,17.8539867401123,5,-8,18,4806,104
34.8318199522345,0.344368386453572,173,1464.23815917969,50,14,14,14,10,1609,17,53,28,22,18.1216468811035,0,53,22,4610,99
34.8526532855345,0.344368386453572,247,1455.58911132812,42,15,15,15,90,1587,14,50,34,24,18.1835041046143,3,-70,99,5045,99
34.8547366188645,0.344368386453572,254,1455.58911132812,42,15,15,15,90,1587,14,50,34,24,18.1835041046143,3,-70,99,5045,99
34.8589032855245,0.344368386453572,242,1455.58911132812,42,15,15,15,90,1587,14,50,34,24,18.1835041046143,3,-70,99,5045,99
34.9047366187844,0.344368386453572,304,1131.11535644531,42,15,15,15,10,1563,16,53,35,24,18.2983512878418,5,28,50,5110,109
34.9380699520644,0.344368386453572,279,1139.6455078125,46,15,15,15,10,1725,26,56,32,22,18.4091777801514,24,-218,39,4016,74
34.3943199529347,0.342285053123572,195,1595.18017578125,47,13,13,13,10,1281,12,55,34,19,16.4517230987549,2,-53,17,475,107
34.4922366194446,0.342285053123572,176,1373.77722167969,42,14,14,14,10,1305,8,57,39,18,16.8894100189209,5,-6,25,782,108
34.5214032860646,0.342285053123572,208,1384.52941894531,46,14,14,14,180,1332,16,55,34,20,17.0232677459717,4,29,14,776,104
34.6505699525246,0.342285053123572,183,1392.84167480469,47,14,14,14,10,1416,13,54,34,19,17.4776382446289,3,13,16,1261,100
34.6818199524745,0.342285053123572,178,1276.56188964844,45,15,15,15,10,1422,14,54,33,21,17.6127376556396,3,-75,22,3529,101
34.7359866190545,0.342285053123572,169,1247.23229980469,46,14,14,14,10,1470,12,54,33,21,17.7991199493408,4,-43,18,5099,106
34.8047366189445,0.342285053123572,175,1445.31188964844,49,14,14,14,10,1571,16,54,30,22,18.0285148620605,2,20,17,4757,107
34.8130699522645,0.342285053123572,161,1429.26196289062,49,14,14,14,10,1587,16,54,29,22,18.0544605255127,1,68,17,4583,106
34.8984866187944,0.342285053123572,247,1181.80017089844,40,15,15,15,90,1569,15,51,35,25,18.2723770141602,5,-7,95,5227,103
34.3880699529447,0.340201719793572,261,1570.23095703125,46,13,13,13,10,1284,11,55,35,19,16.4113845825195,4,-58,20,484,107
34.3964032862647,0.340201719793572,224,1595.18017578125,47,13,13,13,10,1281,12,55,34,19,16.4517230987549,2,-53,17,475,107
34.4047366195847,0.340201719793572,242,1604.87329101562,47,13,13,13,10,1307,14,56,34,19,16.4914798736572,1,88,17,378,107
34.4359866195347,0.340201719793572,257,1363.17309570312,47,14,14,14,10,1282,16,56,33,20,16.671838760376,5,12,16,525,105
34.5630699526646,0.340201719793572,196,1341.77404785156,49,14,14,14,10,1342,13,56,32,19,17.1851024627686,2,-61,17,1037,105
34.6026532859346,0.340201719793572,190,1361.56115722656,47,14,14,14,10,1372,15,55,34,19,17.3296909332275,4,-50,18,584,104
34.6797366191445,0.340201719793572,190,1276.56188964844,45,15,15,15,10,1422,14,54,33,21,17.6127376556396,3,-75,22,3529,101
34.6943199524545,0.340201719793572,183,1243.98913574219,46,14,14,14,10,1425,14,55,33,21,17.6714763641357,5,-105,33,4548,100
34.7109866190945,0.340201719793572,182,1259.86608886719,45,15,15,15,10,1452,14,54,35,21,17.721097946167,3,-62,23,5017,103
34.8005699522845,0.340201719793572,173,1420.3447265625,50,14,14,14,10,1579,16,54,29,22,18.00048828125,3,70,19,4620,100
34.8984866187944,0.340201719793572,241,1181.80017089844,40,15,15,15,90,1569,15,51,35,25,18.2723770141602,5,-7,95,5227,103
34.4484866195147,0.338118386463572,264,1335.64721679688,48,14,14,14,10,1264,15,58,32,20,16.7137393951416,2,-107,15,726,104
34.4672366194846,0.338118386463572,206,1347.55981445312,48,14,14,14,10,1293,15,56,32,19,16.7840633392334,3,-2,24,610,104
34.4776532861346,0.338118386463572,190,1385.02856445312,47,14,14,14,10,1315,12,55,34,19,16.8526172637939,3,77,14,523,109
34.5839032859646,0.338118386463572,200,1404.72583007812,49,14,14,14,10,1380,16,55,32,19,17.2395763397217,4,33,27,604,104
34.6151532859146,0.338118386463572,173,1333.59448242188,48,14,14,14,10,1381,14,55,33,20,17.3600158691406,3,-26,25,741,104
34.6589032858446,0.338118386463572,166,1389.73706054688,46,14,14,14,10,1429,11,54,35,20,17.509557723999,3,38,14,1795,106
34.6714032858245,0.338118386463572,165,1324.689453125,45,15,15,15,10,1437,14,54,33,21,17.577335357666,4,21,13,2704,99
34.7068199524345,0.338118386463572,191,1250.15686035156,45,14,14,14,10,1435,14,54,34,21,17.6972751617432,6,-138,19,5222,102
34.7089032857645,0.338118386463572,188,1250.15686035156,45,14,14,14,10,1435,14,54,34,21,17.6972751617432,6,-138,19,5222,102
34.7734866189945,0.338118386463572,186,1266.14440917969,48,14,14,14,10,1533,19,53,31,21,17.8988056182861,5,55,17,4919,100
34.8734866188344,0.338118386463572,253,1300.39929199219,40,15,15,15,90,1553,15,52,34,25,18.2097778320312,5,-78,99,5374,98
34.8839032854844,0.338118386463572,240,1235.07629394531,40,15,15,15,50,1580,13,50,35,25,18.2282485961914,5,4,97,5152,101
34.9130699521044,0.338118386463572,248,1109.12133789062,43,15,15,15,10,1563,14,56,34,23,18.3100433349609,2,-56,31,5212,97
34.9214032854244,0.338118386463572,231,1096.16003417969,46,15,15,15,10,1574,15,55,31,22,18.3328971862793,5,-64,32,5159,89
34.9359866187344,0.338118386463572,284,1137.50512695312,46,15,15,15,10,1759,25,56,32,22,18.4031848907471,20,-69,29,3805,74
34.3859866196147,0.336035053133572,232,1570.23095703125,46,13,13,13,10,1284,11,55,35,19,16.4113845825195,4,-58,20,484,107
34.4526532861747,0.336035053133572,262,1322.52990722656,48,14,14,14,10,1274,14,56,32,20,16.7511463165283,3,-76,37,667,106
34.5109866194146,0.336035053133572,196,1359.84521484375,47,14,14,14,20,1324,15,56,34,19,16.9939765930176,3,-25,21,789,107
34.5234866193946,0.336035053133572,171,1384.52941894531,46,14,14,14,180,1332,16,55,34,20,17.0232677459717,4,29,14,776,104
34.5359866193746,0.336035053133572,161,1355.63623046875,47,14,14,14,10,1322,15,55,34,20,17.0926342010498,3,-66,15,1040,105
34.5547366193446,0.336035053133572,189,1316.96240234375,49,14,14,14,10,1329,15,56,32,19,17.1584186553955,3,-90,23,1114,106
34.5714032859846,0.336035053133572,201,1372.01025390625,50,14,14,14,10,1354,13,55,32,18,17.2138957977295,4,-75,21,829,104
34.6130699525846,0.336035053133572,175,1333.59448242188,48,14,14,14,10,1381,14,55,33,20,17.3600158691406,3,-26,25,741,104
34.7089032857645,0.336035053133572,189,1250.15686035156,45,14,14,14,10,1435,14,54,34,21,17.6972751617432,6,-138,19,5222,102
34.8026532856145,0.336035053133572,194,1445.31188964844,49,14,14,14,10,1571,16,54,30,22,18.0285148620605,2,20,17,4757,107
34.8422366188845,0.336035053133572,250,1459.5361328125,48,14,14,14,90,1585,18,53,29,23,18.1298427581787,1,-10,17,5001,99
34.8818199521544,0.336035053133572,242,1235.07629394531,40,15,15,15,50,1580,13,50,35,25,18.2282485961914,5,4,97,5152,101
34.9234866187544,0.336035053133572,220,1096.16003417969,46,15,15,15,10,1574,15,55,31,22,18.3328971862793,5,-64,32,5159,89
34.3859866196147,0.333951719803572,239,1543.15295410156,47,12,12,12,10,1279,11,56,33,19,16.3892440795898,2,-51,18,566,107
34.4047366195847,0.333951719803572,231,1526.75268554688,49,14,14,14,10,1285,14,57,32,19,16.4756889343262,3,10,21,468,105
34.4339032862047,0.333951719803572,264,1328.87268066406,49,14,14,14,10,1262,14,56,31,19,16.6115589141846,0,-57,17,750,109
34.4964032861046,0.333951719803572,170,1399.9892578125,42,14,14,14,10,1326,10,57,40,18,16.8998908996582,4,64,13,570,111
34.5151532860746,0.333951719803572,185,1412.29248046875,47,14,14,14,10,1334,13,56,34,19,16.9687747955322,1,6,17,644,106
34.6484866191946,0.333951719803572,167,1430.1669921875,46,14,14,14,10,1451,12,54,36,19,17.4616050720215,2,179,31,887,104
34.6734866191545,0.333951719803572,188,1276.44750976562,45,15,15,15,10,1403,13,54,34,21,17.5727767944336,4,-96,19,3149,100
34.8422366188845,0.333951719803572,262,1411.21496582031,43,15,15,15,90,1589,14,52,34,24,18.1152572631836,4,30,96,4837,100
34.8672366188445,0.333951719803572,248,1354.56762695312,39,15,15,15,90,1568,15,48,36,25,18.1809577941895,3,-79,98,5187,100
34.4380699528647,0.331868386473572,238,1319.40368652344,49,13,13,13,10,1268,15,56,32,19,16.6509094238281,3,-52,13,709,108
34.4484866195147,0.331868386473572,233,1308.55480957031,48,14,14,14,10,1279,14,56,32,19,16.6888656616211,2,0,26,538,107
34.4505699528447,0.331868386473572,230,1308.55480957031,48,14,14,14,10,1279,14,56,32,19,16.6888656616211,2,0,26,538,107
34.4526532861747,0.331868386473572,233,1315.53454589844,49,14,14,14,10,1287,12,56,33,19,16.7262783050537,2,22,13,450,110
34.4630699528246,0.331868386473572,209,1356.82189941406,48,14,14,14,10,1301,13,56,33,19,16.7607269287109,2,40,14,280,104
34.5401532860346,0.331868386473572,172,1410.61315917969,48,14,14,14,10,1365,14,56,33,19,17.0646228790283,4,102,18,775,104
34.5755699526446,0.331868386473572,185,1433.30871582031,48,14,14,14,10,1365,14,55,33,19,17.1912174224854,3,25,16,817,103
34.5964032859446,0.331868386473572,199,1386.17016601562,48,14,14,14,10,1371,12,55,33,19,17.28688621521,4,-11,17,646,101
34.6568199525146,0.331868386473572,192,1384.81518554688,45,14,14,14,10,1410,12,54,36,20,17.5022239685059,5,-41,16,1900,100
34.6693199524945,0.331868386473572,175,1276.44750976562,45,15,15,15,10,1403,13,54,34,21,17.5727767944336,4,-96,19,3149,100
34.7026532857745,0.331868386473572,176,1247.3603515625,46,15,15,15,10,1441,15,55,33,21,17.6831836700439,4,-38,9,5400,103
34.7047366191045,0.331868386473572,179,1247.3603515625,46,15,15,15,10,1441,15,55,33,21,17.6831836700439,4,-38,9,5400,103
34.7109866190945,0.331868386473572,172,1241.1875,47,14,14,14,10,1458,12,55,33,21,17.709659576416,1,21,19,5252,107
34.7609866190145,0.331868386473572,187,1246.56225585938,46,14,14,14,10,1507,14,55,33,20,17.8556613922119,5,-75,15,5160,102
34.8526532855345,0.331868386473572,205,1433.47778320312,40,15,15,15,90,1591,16,48,36,25,18.1648578643799,4,66,97,4936,101
34.8818199521544,0.331868386473572,253,1225.13916015625,40,15,15,15,90,1552,14,49,35,25,18.2189598083496,0,-64,98,5328,102
34.3901532862747,0.329785053143572,211,1543.15295410156,47,12,12,12,10,1279,11,56,33,19,16.3892440795898,2,-51,18,566,107
34.4297366195447,0.329785053143572,267,1328.87268066406,49,14,14,14,10,1262,14,56,31,19,16.6115589141846,0,-57,17,750,109
34.4672366194846,0.329785053143572,197,1356.82189941406,48,14,14,14,10,1301,13,56,33,19,16.7607269287109,2,40,14,280,104
34.4880699527846,0.329785053143572,202,1396.43005371094,42,14,14,14,10,1320,7,58,39,19,16.8678207397461,3,22,8,573,106
34.5859866192946,0.329785053143572,191,1428.6865234375,48,14,14,14,10,1390,13,55,34,19,17.2524089813232,2,75,12,560,111
34.6047366192646,0.329785053143572,193,1348.52868652344,49,14,14,14,10,1375,13,54,32,19,17.3155002593994,5,-28,11,858,101
34.6651532858345,0.329785053143572,188,1320.08972167969,45,14,14,14,10,1411,12,55,35,20,17.5384502410889,1,-34,26,2628,100
34.6880699524645,0.329785053143572,191,1255.47729492188,46,14,14,14,10,1421,13,55,33,21,17.6290664672852,4,-77,18,4423,101
34.7089032857645,0.329785053143572,174,1247.3603515625,46,15,15,15,10,1441,15,55,33,21,17.6831836700439,4,-38,9,5400,103
34.7839032856445,0.329785053143572,169,1369.25476074219,49,14,14,14,10,1568,15,53,30,21,17.9289722442627,4,122,16,4661,103
34.8339032855645,0.329785053143572,263,1383.91943359375,48,14,14,14,10,1574,17,53,30,23,18.0875568389893,4,-95,22,4949,98
34.8526532855345,0.329785053143572,209,1433.47778320312,40,15,15,15,90,1591,16,48,36,25,18.1648578643799,4,66,97,4936,101
34.8547366188645,0.329785053143572,237,1433.47778320312,40,15,15,15,90,1591,16,48,36,25,18.1648578643799,4,66,97,4936,101
34.8672366188445,0.329785053143572,249,1354.56762695312,39,15,15,15,90,1568,15,48,36,25,18.1809577941895,3,-79,98,5187,100
34.8734866188344,0.329785053143572,255,1277.31823730469,39,15,15,15,90,1582,15,49,36,25,18.2010803222656,3,73,98,5038,107
34.8984866187944,0.329785053143572,254,1201.12231445312,41,15,15,15,10,1582,19,53,35,24,18.2671356201172,3,55,52,5070,111
34.9214032854244,0.329785053143572,246,1112.29736328125,45,15,15,15,10,1570,16,56,33,22,18.3256855010986,1,-86,38,5224,89
34.4089032862447,0.327701719813572,260,1526.75268554688,49,14,14,14,10,1285,14,57,32,19,16.4756889343262,3,10,21,468,105
34.4297366195447,0.327701719813572,231,1328.87268066406,49,14,14,14,10,1262,14,56,31,19,16.6115589141846,0,-57,17,750,109
34.4339032862047,0.327701719813572,221,1328.87268066406,49,14,14,14,10,1262,14,56,31,19,16.6115589141846,0,-57,17,750,109
34.5443199526946,0.327701719813572,161,1377.28442382812,48,14,14,14,10,1347,16,56,33,19,17.1003456115723,4,36,15,840,105
34.5505699526846,0.327701719813572,155,1377.28442382812,48,14,14,14,10,1347,16,56,33,19,17.1003456115723,4,36,15,840,105
34.6505699525246,0.327701719813572,184,1430.1669921875,46,14,14,14,10,1451,12,54,36,19,17.4616050720215,2,179,31,887,104
34.6818199524745,0.327701719813572,168,1258.55590820312,45,15,15,15,10,1413,13,54,34,21,17.6005210876465,5,-87,16,3866,101
34.6880699524645,0.327701719813572,201,1255.47729492188,46,14,14,14,10,1421,13,55,33,21,17.6290664672852,4,-77,18,4423,101
34.7109866190945,0.327701719813572,160,1241.1875,47,14,14,14,10,1458,12,55,33,21,17.709659576416,1,21,19,5252,107
34.7276532857345,0.327701719813572,181,1257.90368652344,47,14,14,14,10,1476,13,54,32,22,17.7560138702393,4,24,10,5168,105
34.7589032856845,0.327701719813572,171,1236.02502441406,47,14,14,14,10,1498,14,54,33,20,17.8304004669189,6,37,18,5195,109
34.7776532856545,0.327701719813572,175,1369.25476074219,49,14,14,14,10,1568,15,53,30,21,17.9289722442627,4,122,16,4661,103
34.8380699522245,0.327701719813572,248,1411.21496582031,43,15,15,15,90,1589,14,52,34,24,18.1152572631836,4,30,96,4837,100
34.8401532855545,0.327701719813572,265,1411.21496582031,43,15,15,15,90,1589,14,52,34,24,18.1152572631836,4,30,96,4837,100
34.8443199522145,0.327701719813572,221,1454.04077148438,40,15,15,15,90,1605,15,48,35,25,18.1440296173096,3,72,98,5006,100
34.9026532854544,0.327701719813572,234,1179.48510742188,41,14,14,14,90,1574,14,53,36,24,18.2883052825928,4,17,97,5150,103
34.9214032854244,0.327701719813572,245,1112.29736328125,45,15,15,15,10,1570,16,56,33,22,18.3256855010986,1,-86,38,5224,89
34.9380699520644,0.327701719813572,278,1132.37084960938,46,15,15,15,10,1664,23,55,32,22,18.392541885376,28,-285,26,4563,78
34.4130699529047,0.325618386483572,270,1360.7294921875,51,14,14,14,10,1255,15,58,30,19,16.5073184967041,2,-77,20,768,105
34.4255699528847,0.325618386483572,216,1315.56811523438,50,14,14,14,10,1271,14,56,31,19,16.546630859375,2,36,17,711,109
34.4276532862147,0.325618386483572,208,1302.43603515625,50,14,14,14,10,1278,12,55,31,19,16.5877838134766,1,55,17,623,110
34.4339032862047,0.325618386483572,209,1302.43603515625,50,14,14,14,10,1278,12,55,31,19,16.5877838134766,1,55,17,623,110
34.4547366195047,0.325618386483572,203,1274.01806640625,49,14,14,14,10,1277,12,56,33,18,16.7092456817627,3,-5,16,479,107
34.5109866194146,0.325618386483572,182,1432.23852539062,47,14,14,14,10,1352,12,54,34,19,16.9460487365723,2,64,17,448,106
34.5130699527446,0.325618386483572,191,1432.23852539062,47,14,14,14,10,1352,12,54,34,19,16.9460487365723,2,64,17,448,106
34.5234866193946,0.325618386483572,167,1450.52722167969,48,14,14,14,10,1361,12,55,34,19,16.9769477844238,2,91,19,365,108
34.5901532859546,0.325618386483572,175,1414.34497070312,49,14,14,14,10,1375,14,56,33,19,17.2430534362793,4,29,20,634,104
34.6109866192546,0.325618386483572,185,1296.05725097656,48,14,14,14,10,1364,12,55,33,20,17.3380317687988,3,-69,14,702,102
34.7214032857445,0.325618386483572,191,1246.58056640625,46,14,14,14,10,1468,14,54,34,20,17.719877243042,7,-26,14,5474,102
34.8422366188845,0.325618386483572,230,1376.04345703125,41,15,15,15,90,1569,15,50,35,25,18.1014842987061,3,-42,99,5183,100
34.8714032855044,0.325618386483572,255,1255.06188964844,39,15,15,15,90,1576,15,48,35,25,18.1894092559814,0,19,98,5171,101
34.8755699521644,0.325618386483572,265,1255.06188964844,39,15,15,15,90,1576,15,48,35,25,18.1894092559814,0,19,98,5171,101
34.8984866187944,0.325618386483572,250,1218.84313964844,40,15,15,15,90,1567,17,54,36,24,18.2614402770996,3,-83,78,5247,103
34.4089032862447,0.323535053153572,254,1466.06945800781,50,14,14,14,10,1268,14,57,32,19,16.4584712982178,3,-30,17,558,105
34.4172366195647,0.323535053153572,238,1360.7294921875,51,14,14,14,10,1255,15,58,30,19,16.5073184967041,2,-77,20,768,105
34.4776532861346,0.323535053153572,193,1320.76965332031,47,14,14,14,10,1287,10,54,34,20,16.8208961486816,3,-90,12,719,105
34.6047366192646,0.323535053153572,177,1308.20104980469,49,14,14,14,10,1385,13,55,32,19,17.3052558898926,4,73,29,489,104
34.6359866192146,0.323535053153572,166,1409.27429199219,45,14,14,14,10,1410,12,54,36,19,17.4237823486328,4,-2,15,481,102
34.6964032857845,0.323535053153572,186,1287.90563964844,46,15,15,15,10,1441,12,55,33,20,17.6351737976074,3,30,27,4894,101
34.6984866191145,0.323535053153572,178,1287.90563964844,46,15,15,15,10,1441,12,55,33,20,17.6351737976074,3,30,27,4894,101
34.7297366190645,0.323535053153572,186,1278.36437988281,47,14,14,14,10,1480,16,54,32,21,17.7368335723877,6,-43,24,5352,103
34.7339032857245,0.323535053153572,168,1278.36437988281,47,14,14,14,10,1480,16,54,32,21,17.7368335723877,6,-43,24,5352,103
34.7380699523845,0.323535053153572,167,1294.34631347656,48,14,14,14,10,1493,15,54,32,21,17.7598838806152,2,61,17,5125,105
34.7526532856945,0.323535053153572,185,1260.35815429688,48,14,14,14,10,1502,13,54,32,20,17.8164196014404,5,-50,26,5222,104
34.7714032856645,0.323535053153572,208,1326.44250488281,49,14,14,14,10,1518,16,54,31,20,17.8779201507568,8,-132,30,5222,99
34.7818199523145,0.323535053153572,174,1415.36535644531,50,14,14,14,10,1564,17,53,29,21,17.9192695617676,6,86,16,4836,98
34.8380699522245,0.323535053153572,245,1376.04345703125,41,15,15,15,90,1569,15,50,35,25,18.1014842987061,3,-42,99,5183,100
34.8422366188845,0.323535053153572,200,1376.04345703125,41,15,15,15,90,1569,15,50,35,25,18.1014842987061,3,-42,99,5183,100
34.8943199521344,0.323535053153572,274,1218.84313964844,40,15,15,15,90,1567,17,54,36,24,18.2614402770996,3,-83,78,5247,103
34.9047366187844,0.323535053153572,243,1203.44372558594,41,14,14,14,90,1596,15,52,36,24,18.2849559783936,6,28,96,4950,101
34.4547366195047,0.321451719823572,231,1274.01806640625,49,14,14,14,10,1277,12,56,33,18,16.7092456817627,3,-5,16,479,107
34.5964032859446,0.321451719823572,192,1344.34436035156,50,13,13,13,10,1354,12,56,32,19,17.2773780822754,5,-99,17,962,104
34.6630699525046,0.321451719823572,189,1267.83837890625,45,14,14,14,10,1398,13,55,34,22,17.531623840332,3,-20,24,2826,102
34.6839032858045,0.321451719823572,179,1267.12280273438,47,15,15,15,10,1438,14,54,32,21,17.5825386047363,7,22,29,3813,98
34.6901532857945,0.321451719823572,196,1285.83386230469,47,15,15,15,10,1431,13,54,33,20,17.6086559295654,5,-14,16,4472,104
34.7318199523945,0.321451719823572,178,1278.36437988281,47,14,14,14,10,1480,16,54,32,21,17.7368335723877,6,-43,24,5352,103
34.7651532856745,0.321451719823572,193,1272.29016113281,48,14,14,14,10,1503,13,54,32,20,17.8444347381592,6,-34,29,5269,100
34.7714032856645,0.321451719823572,210,1326.44250488281,49,14,14,14,10,1518,16,54,31,20,17.8779201507568,8,-132,30,5222,99
34.9068199521144,0.321451719823572,240,1203.44372558594,41,14,14,14,90,1596,15,52,36,24,18.2849559783936,6,28,96,4950,101
34.9151532854344,0.321451719823572,282,1171.35815429688,41,15,15,15,30,1584,17,54,35,24,18.304895401001,6,39,76,5092,99
34.3859866196147,0.319368386493572,261,1523.17077636719,49,13,13,13,10,1270,12,56,32,19,16.3665237426758,2,-64,17,598,108
34.3901532862747,0.319368386493572,265,1523.17077636719,49,13,13,13,10,1270,12,56,32,19,16.3665237426758,2,-64,17,598,108
34.4026532862547,0.319368386493572,274,1466.06945800781,50,14,14,14,10,1268,14,57,32,19,16.4584712982178,3,-30,17,558,105
34.4089032862447,0.319368386493572,252,1466.06945800781,50,14,14,14,10,1268,14,57,32,19,16.4584712982178,3,-30,17,558,105
34.4318199528747,0.319368386493572,209,1302.43603515625,50,14,14,14,10,1278,12,55,31,19,16.5877838134766,1,55,17,623,110
34.4630699528246,0.319368386493572,217,1293.849609375,48,14,14,14,10,1295,13,56,33,19,16.7454032897949,2,23,21,474,104
34.5255699527246,0.319368386493572,169,1450.52722167969,48,14,14,14,10,1361,12,55,34,19,16.9769477844238,2,91,19,365,108
34.5609866193346,0.319368386493572,178,1478.96472167969,48,14,14,14,10,1369,14,56,33,19,17.1419410705566,4,-12,14,776,105
34.5839032859646,0.319368386493572,190,1482.58227539062,45,14,14,14,10,1371,11,55,36,18,17.20556640625,4,39,12,615,104
34.6109866192546,0.319368386493572,176,1296.05725097656,48,14,14,14,10,1364,12,55,33,20,17.3380317687988,3,-69,14,702,102
34.6464032858646,0.319368386493572,185,1410.23937988281,45,14,14,14,10,1423,13,54,36,20,17.4550971984863,2,73,10,1061,101
34.6484866191946,0.319368386493572,186,1410.23937988281,45,14,14,14,10,1423,13,54,36,20,17.4550971984863,2,73,10,1061,101
34.7026532857745,0.319368386493572,176,1264.33972167969,45,15,15,15,10,1445,14,54,34,20,17.6670989990234,4,-28,16,5528,103
34.8422366188845,0.319368386493572,208,1376.04345703125,41,15,15,15,90,1569,15,50,35,25,18.1014842987061,3,-42,99,5183,100
34.8505699522045,0.319368386493572,221,1414.12121582031,39,15,15,15,90,1597,15,48,36,25,18.1308784484863,2,78,97,4933,100
34.9401532853944,0.319368386493572,302,1128.31774902344,46,15,15,15,10,1667,22,56,32,22,18.3810005187988,21,-132,23,4602,81
34.4630699528246,0.317285053163572,220,1227.46594238281,49,14,14,14,10,1276,12,57,32,19,16.7324867248535,4,-35,9,689,104
34.4693199528146,0.317285053163572,206,1234.37768554688,48,14,14,14,10,1276,11,56,33,19,16.7705421447754,5,-65,27,770,103
34.5047366194246,0.317285053163572,191,1371.73962402344,47,14,14,14,10,1342,13,54,34,19,16.8989562988281,4,104,21,410,104
34.5276532860546,0.317285053163572,177,1410.32495117188,48,14,14,14,10,1337,13,54,33,19,16.9996242523193,5,-91,22,507,104
34.5422366193646,0.317285053163572,176,1443.37255859375,49,14,14,14,10,1349,14,54,33,19,17.0283679962158,2,-29,16,616,103
34.5464032860246,0.317285053163572,162,1494.14855957031,48,14,14,14,10,1374,13,55,33,18,17.0578670501709,1,39,13,531,104
34.5859866192946,0.317285053163572,175,1376.64733886719,48,14,14,14,10,1349,13,56,33,19,17.2325000762939,4,-18,24,877,104
34.6005699526046,0.317285053163572,170,1298.29724121094,49,13,13,13,10,1375,12,55,32,19,17.2644691467285,1,85,18,829,106
34.6130699525846,0.317285053163572,178,1279.59350585938,48,14,14,14,10,1349,12,55,32,20,17.3268814086914,2,-131,14,956,103
34.6193199525746,0.317285053163572,190,1322.20935058594,48,14,14,14,10,1367,16,54,32,20,17.3531227111816,9,-92,17,921,102
34.6505699525246,0.317285053163572,172,1354.16613769531,46,14,14,14,10,1398,12,54,34,20,17.4487895965576,3,11,14,1477,104
34.7505699523645,0.317285053163572,172,1304.3291015625,49,14,14,14,10,1511,13,54,31,21,17.7752113342285,4,19,12,5268,103
34.7839032856445,0.317285053163572,161,1441.65454101562,50,14,14,14,10,1556,18,54,30,21,17.9058895111084,4,20,14,4877,103
34.8276532855745,0.317285053163572,262,1347.66979980469,41,15,15,15,10,1546,13,52,35,24,18.0620574951172,2,-68,93,5285,100
34.8380699522245,0.317285053163572,226,1346.55041503906,39,14,14,14,90,1571,15,49,36,25,18.0897216796875,1,11,99,5159,99
34.8630699521845,0.317285053163572,264,1281.6982421875,40,15,15,15,90,1570,18,48,35,25,18.1583099365234,5,35,99,5144,101
34.3859866196147,0.315201719833572,245,1541.22058105469,49,14,14,14,10,1272,13,56,32,19,16.3403224945068,3,-41,24,577,107
34.3880699529447,0.315201719833572,246,1541.22058105469,49,14,14,14,10,1272,13,56,32,19,16.3403224945068,3,-41,24,577,107
34.3984866195947,0.315201719833572,254,1568.47924804688,49,14,14,14,10,1287,13,57,32,18,16.3814220428467,2,75,15,434,109
34.4234866195547,0.315201719833572,200,1263.58337402344,50,14,14,14,10,1271,13,56,32,18,16.5294570922852,2,55,17,614,106
34.4505699528447,0.315201719833572,219,1230.40759277344,49,14,14,14,10,1264,13,56,32,19,16.6543407440186,3,-53,12,705,103
34.5880699526246,0.315201719833572,181,1376.64733886719,48,14,14,14,10,1349,13,56,33,19,17.2325000762939,4,-18,24,877,104
34.6068199525946,0.315201719833572,170,1271.78686523438,48,14,14,14,10,1357,10,55,32,20,17.2959308624268,6,10,13,764,104
34.6484866191946,0.315201719833572,188,1354.16613769531,46,14,14,14,10,1398,12,54,34,20,17.4487895965576,3,11,14,1477,104
34.7005699524445,0.315201719833572,173,1285.16662597656,45,15,15,15,10,1475,15,54,34,20,17.6212692260742,4,161,15,4780,103
34.7984866189545,0.315201719833572,195,1434.91284179688,49,14,14,14,10,1557,18,56,29,21,17.9566593170166,3,5,19,4952,100
34.8172366189245,0.315201719833572,223,1401.54772949219,49,14,14,14,10,1570,20,55,30,21,18.0130825042725,5,58,13,4940,101
34.8359866188945,0.315201719833572,232,1346.55041503906,39,14,14,14,90,1571,15,49,36,25,18.0897216796875,1,11,99,5159,99
34.8693199521745,0.315201719833572,280,1238.29870605469,40,15,15,15,90,1557,16,49,35,26,18.1787910461426,2,-54,99,5421,101
34.8839032854844,0.315201719833572,267,1225.21899414062,40,15,15,15,90,1568,14,50,35,25,18.2049236297607,2,-9,98,5306,101
34.9047366187844,0.315201719833572,258,1207.63977050781,40,14,14,14,90,1591,16,53,36,24,18.2768440246582,3,48,63,5056,111
34.3839032862847,0.313118386503572,233,1492.98205566406,50,14,14,14,10,1267,13,56,31,19,16.298942565918,3,-17,13,464,106
34.4526532861747,0.313118386503572,225,1222.27062988281,48,14,14,14,10,1262,12,56,33,19,16.6947498321533,2,-84,17,770,105
34.4943199527746,0.313118386503572,194,1323.00964355469,48,14,14,14,10,1310,13,54,33,19,16.870943069458,3,-24,10,741,103
34.5693199526546,0.313118386503572,195,1525.90026855469,45,14,14,14,10,1379,13,55,35,19,17.1578502655029,4,33,21,564,105
34.6234866192346,0.313118386503572,198,1322.20935058594,48,14,14,14,10,1367,16,54,32,20,17.3531227111816,9,-92,17,921,102
34.7047366191045,0.313118386503572,182,1257.68615722656,46,15,15,15,10,1457,15,54,34,20,17.6557445526123,8,127,23,5375,98
34.7401532857145,0.313118386503572,167,1316.24145507812,48,14,14,14,10,1516,14,54,31,21,17.7447185516357,4,64,18,5117,104
34.8172366189245,0.313118386503572,245,1401.54772949219,49,14,14,14,10,1570,20,55,30,21,18.0130825042725,5,58,13,4940,101
34.8734866188344,0.313118386503572,275,1238.29870605469,40,15,15,15,90,1557,16,49,35,26,18.1787910461426,2,-54,99,5421,101
34.9151532854344,0.313118386503572,250,1180.86499023438,40,14,14,14,90,1596,14,52,36,24,18.2966499328613,2,64,79,4911,102
34.4672366194846,0.311035053173572,213,1227.46594238281,49,14,14,14,10,1276,12,57,32,19,16.7324867248535,4,-35,9,689,104
34.5068199527546,0.311035053173572,163,1371.73962402344,47,14,14,14,10,1342,13,54,34,19,16.8989562988281,4,104,21,410,104
34.5151532860746,0.311035053173572,166,1387.623046875,47,14,14,14,10,1332,14,54,33,19,16.9340324401855,4,-27,20,467,104
34.5193199527346,0.311035053173572,175,1397.51831054688,48,14,14,14,10,1351,14,55,33,19,16.9664402008057,3,51,31,230,101
34.5776532859746,0.311035053173572,156,1475.96411132812,45,14,14,14,10,1383,11,55,36,20,17.1920604705811,3,111,18,515,107
34.5818199526346,0.311035053173572,153,1475.96411132812,45,14,14,14,10,1383,11,55,36,20,17.1920604705811,3,111,18,515,107
34.6297366192246,0.311035053173572,185,1369.38977050781,48,14,14,14,10,1400,13,54,33,19,17.3792476654053,5,77,27,656,103
34.7130699524245,0.311035053173572,203,1229.54187011719,46,14,14,14,10,1436,15,54,34,21,17.6892681121826,7,-171,28,5826,101
34.7276532857345,0.311035053173572,179,1287.6435546875,49,14,14,14,10,1513,14,54,30,21,17.7189235687256,4,142,18,5146,101
34.8401532855545,0.311035053173572,203,1346.55041503906,39,14,14,14,90,1571,15,49,36,25,18.0897216796875,1,11,99,5159,99
34.8589032855245,0.311035053173572,246,1330.23034667969,40,15,15,15,90,1565,15,48,35,25,18.1374702453613,3,-9,98,5247,102
34.8818199521544,0.311035053173572,250,1225.21899414062,40,15,15,15,90,1568,14,50,35,25,18.2049236297607,2,-9,98,5306,101
34.8839032854844,0.311035053173572,260,1225.21899414062,40,15,15,15,90,1568,14,50,35,25,18.2049236297607,2,-9,98,5306,101
34.3839032862847,0.308951719843572,219,1491.11352539062,50,13,13,13,10,1271,13,56,31,19,16.2732410430908,4,-13,25,664,105
34.4547366195047,0.308951719843572,217,1250.38391113281,48,14,14,14,10,1269,11,56,33,19,16.6670036315918,2,-26,24,811,102
34.4714032861446,0.308951719843572,224,1256.4228515625,48,14,14,14,10,1267,12,56,32,20,16.7460250854492,5,-74,20,900,101
34.4859866194546,0.308951719843572,189,1219.42297363281,49,14,14,14,10,1274,10,55,32,19,16.8276786804199,2,-109,19,878,105
34.5318199527146,0.308951719843572,159,1367.00988769531,47,14,14,14,10,1349,14,53,33,19,16.9838752746582,4,12,23,422,98
34.5380699527046,0.308951719843572,173,1443.81982421875,47,14,14,14,10,1376,11,55,34,19,17.0095176696777,1,124,13,277,102
34.5672366193246,0.308951719843572,206,1534.76306152344,46,14,14,14,10,1362,12,54,35,19,17.1122245788574,6,6,16,676,99
34.6047366192646,0.308951719843572,195,1264.71435546875,49,14,14,14,10,1350,11,55,32,20,17.2819480895996,4,-46,17,1050,104
34.6234866192346,0.308951719843572,184,1343.90441894531,48,14,14,14,10,1386,13,55,32,20,17.335054397583,5,28,19,723,104
34.6818199524745,0.308951719843572,191,1226.81079101562,45,15,15,15,10,1418,14,55,33,21,17.565055847168,4,39,23,4052,103
34.6964032857845,0.308951719843572,175,1252.04919433594,44,15,15,15,10,1442,15,54,34,21,17.6190757751465,8,-13,15,5237,98
34.7026532857745,0.308951719843572,191,1246.66564941406,44,14,14,14,10,1413,13,55,35,21,17.6480731964111,2,-155,15,5943,100
34.7109866190945,0.308951719843572,207,1238.41857910156,44,14,14,14,10,1446,12,55,35,21,17.6726112365723,3,-75,19,5932,100
34.7464032857045,0.308951719843572,166,1311.2236328125,48,14,14,14,10,1513,15,54,32,21,17.7618274688721,6,-1,15,5113,102
34.8839032854844,0.308951719843572,264,1230.58776855469,39,15,15,15,90,1576,15,49,36,25,18.1963214874268,5,-15,98,5322,101
34.9484866187144,0.308951719843572,266,1126.89758300781,46,15,15,15,10,1635,20,55,32,22,18.3795852661133,8,-226,34,4578,83
34.4005699529247,0.306868386513572,202,1578.14697265625,47,13,13,13,10,1291,12,56,34,19,16.3578186035156,2,83,10,325,109
34.4547366195047,0.306868386513572,220,1250.38391113281,48,14,14,14,10,1269,11,56,33,19,16.6670036315918,2,-26,24,811,102
34.4984866194346,0.306868386513572,200,1253.71130371094,50,14,14,14,10,1307,13,54,32,19,16.8579349517822,4,-3,15,738,102
34.6714032858245,0.306868386513572,194,1213.61669921875,46,15,15,15,10,1407,13,55,32,21,17.537561416626,4,74,9,3305,100
34.6922366191245,0.306868386513572,194,1241.55834960938,46,15,15,15,10,1429,17,54,34,21,17.591100692749,4,38,23,4670,101
34.7193199524145,0.306868386513572,210,1247.330078125,47,14,14,14,10,1478,13,54,32,21,17.6964645385742,5,-32,28,5601,98
34.7609866190145,0.306868386513572,193,1374.66967773438,47,14,14,14,10,1522,14,54,33,20,17.8281440734863,2,-57,18,5327,103
34.8068199522745,0.306868386513572,210,1386.41479492188,47,14,14,14,10,1551,18,55,33,21,17.9713191986084,1,9,17,5257,103
34.8193199522545,0.306868386513572,258,1347.58190917969,43,15,15,15,90,1566,15,52,34,23,18.0244140625,5,31,98,5281,99
34.9214032854244,0.306868386513572,268,1162.10583496094,41,15,15,15,90,1600,15,50,35,24,18.3090057373047,0,14,99,5072,103
34.5172366194046,0.304785053183572,164,1300.99938964844,48,14,14,14,10,1314,13,54,32,19,16.9256401062012,3,-58,33,549,104
34.5359866193746,0.304785053183572,158,1443.81982421875,47,14,14,14,10,1376,11,55,34,19,17.0095176696777,1,124,13,277,102
34.5589032860046,0.304785053183572,165,1567.32397460938,45,14,14,14,10,1395,11,54,36,19,17.070161819458,2,144,17,429,104
34.6589032858446,0.304785053183572,214,1229.208984375,46,14,14,14,10,1369,13,55,32,21,17.48024559021,1,-99,18,2545,103
34.7589032856845,0.304785053183572,182,1330.76647949219,47,14,14,14,10,1522,14,53,33,21,17.79225730896,3,-7,25,5335,105
34.8026532856145,0.304785053183572,243,1386.41479492188,47,14,14,14,10,1551,18,55,33,21,17.9713191986084,1,9,17,5257,103
34.8172366189245,0.304785053183572,270,1370.77917480469,47,14,14,14,10,1544,19,53,32,21,17.9981174468994,1,-34,8,5289,103
34.8484866188745,0.304785053183572,252,1292.40661621094,39,14,14,14,90,1551,14,50,36,26,18.0980682373047,2,-39,99,5396,99
34.8672366188445,0.304785053183572,261,1259.80981445312,39,15,15,15,90,1565,17,49,35,26,18.1477355957031,3,-21,98,5424,103
34.8859866188144,0.304785053183572,256,1225.56591796875,39,15,15,15,90,1582,16,48,36,25,18.2212314605713,5,21,98,5082,101
34.9068199521144,0.304785053183572,259,1202.87390136719,39,15,15,15,90,1576,16,48,36,25,18.2656745910645,3,-66,99,5172,103
34.4255699528847,0.302701719853572,206,1215.18957519531,48,13,13,13,10,1250,12,55,33,19,16.5131568908691,2,-44,18,777,104
34.5068199527546,0.302701719853572,174,1291.87292480469,48,14,14,14,10,1323,12,55,33,19,16.8885135650635,2,63,20,495,103
34.5193199527346,0.302701719853572,167,1319.54309082031,47,14,14,14,10,1314,12,54,33,20,16.9574337005615,3,-88,14,526,103
34.6130699525846,0.302701719853572,172,1299.69787597656,49,14,14,14,10,1359,11,56,32,19,17.3080558776855,4,-50,12,950,104
34.6255699525646,0.302701719853572,174,1343.90441894531,48,14,14,14,10,1386,13,55,32,20,17.335054397583,5,28,19,723,104
34.6589032858446,0.302701719853572,208,1229.208984375,46,14,14,14,10,1369,13,55,32,21,17.48024559021,1,-99,18,2545,103
34.6734866191545,0.302701719853572,203,1213.61669921875,46,15,15,15,10,1407,13,55,32,21,17.537561416626,4,74,9,3305,100
34.6776532858145,0.302701719853572,193,1226.81079101562,45,15,15,15,10,1418,14,55,33,21,17.565055847168,4,39,23,4052,103
34.7505699523645,0.302701719853572,194,1311.2236328125,48,14,14,14,10,1513,15,54,32,21,17.7618274688721,6,-1,15,5113,102
34.7839032856445,0.302701719853572,248,1465.76196289062,49,14,14,14,10,1553,21,54,30,21,17.8926906585693,4,-5,38,5081,104
34.8109866189345,0.302701719853572,271,1370.77917480469,47,14,14,14,10,1544,19,53,32,21,17.9981174468994,1,-34,8,5289,103
34.8443199522145,0.302701719853572,231,1292.40661621094,39,14,14,14,90,1551,14,50,36,26,18.0980682373047,2,-39,99,5396,99
34.8547366188645,0.302701719853572,255,1278.36975097656,39,14,14,14,30,1547,17,48,35,26,18.1229782104492,4,-63,98,5234,102
34.8901532854744,0.302701719853572,270,1225.56591796875,39,15,15,15,90,1582,16,48,36,25,18.2212314605713,5,21,98,5082,101
34.8984866187944,0.302701719853572,255,1218.31140136719,39,15,15,15,90,1578,17,48,37,24,18.2445392608643,1,-40,99,5122,104
34.3922366196047,0.300618386523572,236,1497.78381347656,49,13,13,13,10,1270,13,55,32,19,16.2960910797119,3,8,16,462,106
34.4339032862047,0.300618386523572,193,1196.95129394531,47,13,13,13,10,1265,9,55,35,19,16.5275554656982,2,26,27,708,106
34.4380699528647,0.300618386523572,192,1244.52478027344,45,14,14,14,10,1269,11,54,36,19,16.5613536834717,3,-24,15,639,102
34.5297366193846,0.300618386523572,156,1317.88842773438,45,14,14,14,10,1335,9,55,35,20,16.9731121063232,3,-15,7,403,100
34.5672366193246,0.300618386523572,187,1462.607421875,47,14,14,14,10,1338,13,55,33,20,17.104076385498,1,-83,9,900,100
34.6339032858846,0.300618386523572,178,1305.99401855469,46,14,14,14,10,1381,13,54,34,19,17.3617973327637,2,26,22,667,103
34.6359866192146,0.300618386523572,180,1279.62658691406,47,14,14,14,10,1368,13,55,34,20,17.3988285064697,6,-74,24,1199,105
34.6609866191746,0.300618386523572,204,1213.42309570312,47,14,14,14,10,1385,13,56,32,22,17.4950103759766,2,15,27,3299,105
34.6714032858245,0.300618386523572,215,1205.92736816406,47,14,14,14,10,1377,13,55,33,21,17.5264053344727,2,-102,20,3949,102
34.7026532857745,0.300618386523572,209,1256.69909667969,44,14,14,14,10,1456,14,54,35,21,17.6249160766602,9,-1,24,6191,95
34.7630699523445,0.300618386523572,172,1467.09887695312,47,14,14,14,10,1537,15,53,33,21,17.8225631713867,2,11,18,5306,104
34.7984866189545,0.300618386523572,266,1408.13366699219,42,15,15,15,10,1530,17,54,36,23,17.9310245513916,2,-89,64,5468,101
34.8547366188645,0.300618386523572,264,1264.70288085938,40,14,14,14,10,1563,15,52,35,25,18.1159362792969,3,3,95,5320,102
34.9068199521144,0.300618386523572,269,1202.79113769531,40,15,15,15,90,1595,24,49,36,24,18.2613391876221,5,50,97,5142,103
34.9172366187644,0.300618386523572,260,1190.25671386719,40,15,15,15,50,1590,15,50,35,25,18.2831535339355,6,-38,99,5232,99
34.9339032854044,0.300618386523572,280,1160.09521484375,41,15,15,15,90,1600,14,52,34,25,18.3265647888184,5,-56,98,5117,95
34.9422366187244,0.300618386523572,251,1137.83801269531,43,15,15,15,10,1597,20,55,34,23,18.3469753265381,1,-114,21,5050,92
34.3880699529447,0.298535053193572,247,1497.78381347656,49,13,13,13,10,1270,13,55,32,19,16.2960910797119,3,8,16,462,106
34.3984866195947,0.298535053193572,209,1491.67065429688,47,14,14,14,10,1279,11,56,34,19,16.340461730957,2,39,14,430,108
34.4318199528747,0.298535053193572,196,1196.95129394531,47,13,13,13,10,1265,9,55,35,19,16.5275554656982,2,26,27,708,106
34.5109866194146,0.298535053193572,186,1241.58117675781,48,14,14,14,10,1306,13,54,32,19,16.9118194580078,4,-67,36,668,104
34.6234866192346,0.298535053193572,172,1321.20544433594,47,14,14,14,10,1402,12,54,33,19,17.3233394622803,2,141,10,525,105
34.6797366191445,0.298535053193572,227,1200.51586914062,46,15,15,15,10,1382,13,54,33,21,17.5579586029053,4,-144,14,4529,101
34.7359866190545,0.298535053193572,193,1295.41540527344,48,14,14,14,10,1485,15,54,31,21,17.7272815704346,5,-157,22,5753,99
34.7589032856845,0.298535053193572,182,1411.34680175781,47,14,14,14,10,1522,16,53,32,21,17.7878932952881,6,-39,28,5443,101
34.8234866189145,0.298535053193572,305,1308.06860351562,40,15,15,15,10,1541,20,54,35,25,18.0073757171631,4,-38,96,5411,100
34.4318199528747,0.296451719863572,193,1196.95129394531,47,13,13,13,10,1265,9,55,35,19,16.5275554656982,2,26,27,708,106
34.4339032862047,0.296451719863572,196,1196.95129394531,47,13,13,13,10,1265,9,55,35,19,16.5275554656982,2,26,27,708,106
34.5130699527446,0.296451719863572,189,1241.58117675781,48,14,14,14,10,1306,13,54,32,19,16.9118194580078,4,-67,36,668,104
34.5172366194046,0.296451719863572,174,1241.58117675781,48,14,14,14,10,1306,13,54,32,19,16.9118194580078,4,-67,36,668,104
34.5234866193946,0.296451719863572,159,1266.9677734375,48,14,14,14,10,1330,11,55,33,20,16.943244934082,2,31,16,446,103
34.5276532860546,0.296451719863572,158,1317.88842773438,45,14,14,14,10,1335,9,55,35,20,16.9731121063232,3,-15,7,403,100
34.5630699526646,0.296451719863572,179,1462.607421875,47,14,14,14,10,1338,13,55,33,20,17.104076385498,1,-83,9,900,100
34.5943199526146,0.296451719863572,207,1251.431640625,50,14,14,14,10,1351,12,55,31,20,17.2410068511963,3,-11,23,1004,107
34.6339032858846,0.296451719863572,191,1305.99401855469,46,14,14,14,10,1381,13,54,34,19,17.3617973327637,2,26,22,667,103
34.6672366191645,0.296451719863572,215,1213.42309570312,47,14,14,14,10,1385,13,56,32,22,17.4950103759766,2,15,27,3299,105
34.6922366191245,0.296451719863572,187,1210.94738769531,44,15,15,15,10,1409,13,54,34,21,17.5824947357178,8,-41,15,5218,99
34.7818199523145,0.296451719863572,264,1470.49877929688,46,15,15,15,10,1539,20,52,32,23,17.8795528411865,4,-54,88,5296,101
34.4005699529247,0.294368386533572,250,1491.67065429688,47,14,14,14,10,1279,11,56,34,19,16.340461730957,2,39,14,430,108
34.4339032862047,0.294368386533572,203,1196.95129394531,47,13,13,13,10,1265,9,55,35,19,16.5275554656982,2,26,27,708,106
34.4422366195247,0.294368386533572,199,1244.52478027344,45,14,14,14,10,1269,11,54,36,19,16.5613536834717,3,-24,15,639,102
34.4443199528547,0.294368386533572,189,1300.46179199219,47,14,14,14,10,1290,14,54,35,19,16.5944671630859,5,52,19,661,100
34.4693199528146,0.294368386533572,199,1387.95288085938,47,14,14,14,10,1306,12,55,34,19,16.7118854522705,4,76,13,516,102
34.6068199525946,0.294368386533572,179,1267.11169433594,48,14,14,14,10,1366,11,56,32,20,17.2666893005371,3,48,13,775,112
34.6339032858846,0.294368386533572,208,1305.99401855469,46,14,14,14,10,1381,13,54,34,19,17.3617973327637,2,26,22,667,103
34.6443199525346,0.294368386533572,205,1252.12487792969,47,14,14,14,10,1362,13,55,33,20,17.4320964813232,4,-119,17,1888,105
34.6651532858345,0.294368386533572,188,1213.42309570312,47,14,14,14,10,1385,13,56,32,22,17.4950103759766,2,15,27,3299,105
34.7484866190345,0.294368386533572,203,1341.72814941406,47,14,14,14,10,1501,15,54,32,21,17.7524833679199,4,-59,16,5653,99
34.7568199523545,0.294368386533572,176,1411.34680175781,47,14,14,14,10,1522,16,53,32,21,17.7878932952881,6,-39,28,5443,101
34.7797366189845,0.294368386533572,251,1470.49877929688,46,15,15,15,10,1539,20,52,32,23,17.8795528411865,4,-54,88,5296,101
34.7859866189745,0.294368386533572,269,1450.57153320312,41,15,15,15,180,1576,24,51,35,25,17.9093685150146,3,157,98,4916,109
34.8214032855845,0.294368386533572,316,1308.06860351562,40,15,15,15,10,1541,20,54,35,25,18.0073757171631,4,-38,96,5411,100
34.8422366188845,0.294368386533572,320,1269.57214355469,40,14,14,14,10,1535,15,51,35,25,18.0593528747559,3,-85,97,5387,102
34.9193199520944,0.294368386533572,281,1177.81799316406,41,15,15,15,90,1598,15,49,35,24,18.3066692352295,5,-14,100,5144,98
34.6151532859146,0.292285053203572,167,1247.81140136719,47,14,14,14,10,1356,12,55,33,20,17.2863006591797,5,11,11,803,105
34.7026532857745,0.292285053203572,192,1264.70263671875,45,15,15,15,10,1499,15,53,34,21,17.6111259460449,2,202,22,5758,99
34.7068199524345,0.292285053203572,189,1264.70263671875,45,15,15,15,10,1499,15,53,34,21,17.6111259460449,2,202,22,5758,99
34.7130699524245,0.292285053203572,194,1287.09057617188,46,14,14,14,10,1475,16,54,33,20,17.6325588226318,4,83,24,5566,102
34.8214032855845,0.292285053203572,295,1295.43469238281,46,15,15,15,10,1520,20,55,32,23,17.9962310791016,5,-118,25,5691,102
34.8505699522045,0.292285053203572,245,1264.88806152344,43,14,14,14,10,1548,21,54,34,24,18.08034324646,3,-85,58,5414,100
34.9089032854444,0.292285053203572,253,1205.46716308594,39,15,15,15,90,1591,15,50,36,24,18.2525081634521,4,-2,97,5008,102
34.9130699521044,0.292285053203572,257,1197.24401855469,41,15,15,15,50,1593,15,50,35,25,18.2754249572754,5,-74,71,5020,99
34.4068199529147,0.290201719873572,232,1276.43249511719,48,13,13,13,10,1257,11,57,34,19,16.3745651245117,2,35,18,685,106
34.4255699528847,0.290201719873572,213,1176.8056640625,48,13,13,13,10,1246,11,55,33,19,16.4650840759277,4,-42,13,951,103
34.4318199528747,0.290201719873572,207,1205.71533203125,47,13,13,13,10,1258,10,54,35,18,16.501558303833,3,-58,15,789,102
34.5109866194146,0.290201719873572,177,1230.29809570312,47,14,14,14,10,1313,10,54,33,19,16.8920955657959,4,39,19,728,105
34.5130699527446,0.290201719873572,178,1230.29809570312,47,14,14,14,10,1313,10,54,33,19,16.8920955657959,4,39,19,728,105
34.5422366193646,0.290201719873572,187,1353.56896972656,46,14,14,14,10,1333,11,53,35,20,16.9878368377686,6,-37,19,780,100
34.6359866192146,0.290201719873572,197,1250.67663574219,46,14,14,14,10,1382,13,54,34,20,17.3825054168701,3,22,15,1357,102
34.6859866191345,0.290201719873572,211,1220.18029785156,45,15,15,15,10,1406,13,54,33,21,17.568244934082,7,-128,15,5218,100
34.7401532857145,0.290201719873572,190,1338.80554199219,48,14,14,14,10,1515,17,54,31,21,17.7119235992432,5,-12,22,5645,97
34.8026532856145,0.290201719873572,239,1333.91027832031,46,15,15,15,10,1541,22,55,33,21,17.9435806274414,3,52,37,5334,102
34.8859866188144,0.290201719873572,274,1240.681640625,40,15,15,15,90,1568,24,48,35,25,18.2044296264648,3,-108,100,5326,101
34.9172366187644,0.290201719873572,287,1197.24401855469,41,15,15,15,50,1593,15,50,35,25,18.2754249572754,5,-74,71,5020,99
34.9339032854044,0.290201719873572,249,1178.76147460938,41,14,14,14,90,1614,14,49,35,24,18.3254165649414,3,5,97,4953,101
34.9443199520544,0.290201719873572,209,1132.73156738281,44,15,15,15,10,1643,17,55,33,23,18.3643550872803,6,8,18,4621,101
34.9526532853744,0.290201719873572,258,1136.85864257812,45,15,15,15,10,1665,23,55,32,22,18.388843536377,16,-267,20,4627,80
34.4318199528747,0.288118386543572,209,1205.71533203125,47,13,13,13,10,1258,10,54,35,18,16.501558303833,3,-58,15,789,102
34.4776532861346,0.288118386543572,180,1390.8974609375,46,14,14,14,10,1307,8,55,34,19,16.7312526702881,3,38,21,661,101
34.4880699527846,0.288118386543572,208,1256.91711425781,47,14,14,14,10,1276,12,55,33,19,16.7827091217041,1,-76,17,1003,103
34.5151532860746,0.288118386543572,167,1230.29809570312,47,14,14,14,10,1313,10,54,33,19,16.8920955657959,4,39,19,728,105
34.5234866193946,0.288118386543572,176,1254.85327148438,48,14,14,14,10,1303,10,55,33,19,16.9245872497559,3,-44,14,824,102
34.5589032860046,0.288118386543572,182,1427.48352050781,47,14,14,14,10,1351,14,55,33,20,17.0520687103271,4,56,16,602,102
34.5734866193146,0.288118386543572,204,1301.62536621094,50,14,14,14,10,1351,12,55,31,19,17.1283187866211,5,46,29,893,103
34.6047366192646,0.288118386543572,178,1245.05834960938,47,14,14,14,10,1358,10,56,33,20,17.2550945281982,2,46,11,900,111
34.7151532857545,0.288118386543572,212,1287.09057617188,46,14,14,14,10,1475,16,54,33,20,17.6325588226318,4,83,24,5566,102
34.7609866190145,0.288118386543572,198,1561.79064941406,46,14,14,14,10,1552,13,54,34,21,17.8152847290039,4,62,14,5134,105
34.7630699523445,0.288118386543572,187,1561.79064941406,46,14,14,14,10,1552,13,54,34,21,17.8152847290039,4,62,14,5134,105
34.7880699523045,0.288118386543572,258,1387.82763671875,42,16,16,16,10,1537,19,53,34,24,17.8879833221436,7,1,93,5228,97
34.7943199522945,0.288118386543572,250,1359.4560546875,45,15,15,15,10,1541,22,54,34,22,17.9164333343506,4,-3,27,5533,102
34.8193199522545,0.288118386543572,198,1295.43469238281,46,15,15,15,10,1520,20,55,32,23,17.9962310791016,5,-118,25,5691,102
34.8568199521945,0.288118386543572,260,1278.86926269531,43,14,14,14,10,1571,19,53,34,23,18.1108531951904,2,17,55,5237,100
34.8714032855044,0.288118386543572,243,1293.126953125,40,15,15,15,90,1581,16,49,35,25,18.1622180938721,3,-22,98,5127,101
34.8964032854644,0.288118386543572,265,1216.67260742188,40,15,15,15,90,1577,16,48,36,24,18.227201461792,2,-60,98,5212,102
34.9109866187744,0.288118386543572,259,1197.24401855469,41,15,15,15,50,1593,15,50,35,25,18.2754249572754,5,-74,71,5020,99
34.9130699521044,0.288118386543572,259,1197.24401855469,41,15,15,15,50,1593,15,50,35,25,18.2754249572754,5,-74,71,5020,99
34.9172366187644,0.288118386543572,290,1197.24401855469,41,15,15,15,50,1593,15,50,35,25,18.2754249572754,5,-74,71,5020,99
34.3964032862647,0.286035053213572,235,1346.06726074219,48,13,13,13,10,1263,11,55,33,18,16.3250942230225,3,46,13,567,107
34.4130699529047,0.286035053213572,277,1200.04602050781,50,13,13,13,10,1237,13,56,32,19,16.4243927001953,2,-34,17,826,106
34.4255699528847,0.286035053213572,202,1176.8056640625,48,13,13,13,10,1246,11,55,33,19,16.4650840759277,4,-42,13,951,103
34.4464032861847,0.286035053213572,187,1351.67224121094,46,13,13,13,10,1310,12,54,35,19,16.5677490234375,5,33,5,392,100
34.5484866193546,0.286035053213572,168,1426.97521972656,46,14,14,14,10,1366,13,55,35,20,17.0163173675537,3,81,10,501,102
34.5651532859946,0.286035053213572,186,1357.1201171875,49,14,14,14,10,1328,12,55,32,19,17.0946884155273,6,-109,17,1189,102
34.5839032859646,0.286035053213572,191,1281.97619628906,49,14,14,14,10,1325,12,55,31,20,17.1632671356201,3,-85,25,1237,105
34.6109866192546,0.286035053213572,194,1247.81140136719,47,14,14,14,10,1356,12,55,33,20,17.2863006591797,5,11,11,803,105
34.6359866192146,0.286035053213572,185,1250.67663574219,46,14,14,14,10,1382,13,54,34,20,17.3825054168701,3,22,15,1357,102
34.6422366192046,0.286035053213572,182,1250.67663574219,46,14,14,14,10,1382,13,54,34,20,17.3825054168701,3,22,15,1357,102
34.6818199524745,0.286035053213572,204,1218.39208984375,46,15,15,15,10,1393,13,54,33,21,17.5389556884766,3,-29,22,4701,101
34.6880699524645,0.286035053213572,195,1220.18029785156,45,15,15,15,10,1406,13,54,33,21,17.568244934082,7,-128,15,5218,100
34.7005699524445,0.286035053213572,189,1240.76770019531,44,15,15,15,10,1446,13,54,35,22,17.5909194946289,8,34,16,5474,98
34.7651532856745,0.286035053213572,195,1561.79064941406,46,14,14,14,10,1552,13,54,34,21,17.8152847290039,4,62,14,5134,105
34.8464032855445,0.286035053213572,246,1264.88806152344,43,14,14,14,10,1548,21,54,34,24,18.08034324646,3,-85,58,5414,100
34.9234866187544,0.286035053213572,260,1190.814453125,40,15,15,15,90,1627,17,49,35,25,18.3025989532471,4,70,98,4806,100
34.9401532853944,0.286035053213572,240,1154.19702148438,42,15,15,15,90,1633,15,52,34,24,18.3455028533936,2,81,98,4799,101
34.4609866194946,0.283951719883572,199,1632.20288085938,44,13,13,13,10,1359,11,53,38,18,16.6029758453369,3,135,10,194,100
34.4714032861446,0.283951719883572,177,1572.09240722656,44,14,14,14,10,1332,13,52,38,19,16.6559066772461,6,64,12,192,99
34.5109866194146,0.283951719883572,200,1243.10437011719,49,14,14,14,10,1302,11,54,32,19,16.8737735748291,8,-93,41,863,101
34.7922366189645,0.283951719883572,211,1338.05200195312,50,14,14,14,10,1513,17,55,28,21,17.8720436096191,4,-113,28,5605,102
34.8109866189345,0.283951719883572,199,1311.01916503906,52,14,14,14,10,1544,17,54,27,21,17.9634590148926,4,39,14,5405,99
34.8193199522545,0.283951719883572,194,1309.5830078125,51,14,14,14,10,1546,17,54,27,21,17.9935626983643,4,41,54,5375,103
34.8901532854744,0.283951719883572,267,1269.50622558594,40,15,15,15,90,1580,21,48,36,25,18.2021942138672,5,-15,98,5204,97
34.9401532853944,0.283951719883572,249,1159.38220214844,41,14,14,14,90,1639,14,51,36,24,18.3373260498047,4,84,99,4661,101
34.4276532862147,0.281868386553572,200,1220.28491210938,45,13,13,13,10,1273,10,54,36,18,16.4733200073242,2,35,32,757,103
34.4589032861646,0.281868386553572,194,1542.73864746094,45,13,13,13,10,1334,12,54,37,18,16.5677967071533,4,20,17,307,95
34.5630699526646,0.281868386553572,194,1265.37561035156,48,14,14,14,10,1322,10,56,32,20,17.0846157073975,3,-74,21,1251,103
34.5651532859946,0.281868386553572,202,1265.37561035156,48,14,14,14,10,1322,10,56,32,20,17.0846157073975,3,-74,21,1251,103
34.6005699526046,0.281868386553572,185,1233.72009277344,48,14,14,14,10,1341,10,56,32,20,17.211612701416,4,51,26,1145,106
34.6359866192146,0.281868386553572,197,1226.62622070312,47,14,14,14,10,1395,12,56,34,20,17.3688983917236,5,142,18,1316,104
34.6484866191946,0.281868386553572,217,1241.42687988281,45,14,14,14,10,1381,11,55,35,20,17.400390625,2,-8,16,1922,108
34.6609866191746,0.281868386553572,182,1245.67443847656,45,15,15,15,10,1405,12,54,33,22,17.4613933563232,2,7,17,3021,105
34.7151532857545,0.281868386553572,164,1290.34143066406,46,15,15,15,10,1478,14,54,33,21,17.6231422424316,2,-2,16,5171,100
34.7276532857345,0.281868386553572,162,1356.14221191406,48,14,14,14,10,1500,15,53,31,21,17.6678447723389,6,-11,30,4692,98
34.8839032854844,0.281868386553572,251,1305.55065917969,40,15,15,15,90,1596,15,49,35,25,18.1819400787354,3,21,94,4990,103
34.8984866187944,0.281868386553572,250,1234.2236328125,40,15,15,15,50,1581,17,50,36,25,18.2215042114258,6,-108,98,5283,100
34.9318199520744,0.281868386553572,248,1181.51586914062,41,14,14,14,90,1643,14,50,36,24,18.3173122406006,2,141,97,4595,104
34.4047366195847,0.279785053223572,255,1189.79260253906,48,13,13,13,10,1233,12,56,33,19,16.3569793701172,2,-61,17,969,107
34.4505699528447,0.279785053223572,192,1395.77966308594,47,13,13,13,10,1296,11,53,35,18,16.540060043335,2,-64,11,629,97
34.4630699528246,0.279785053223572,188,1632.20288085938,44,13,13,13,10,1359,11,53,38,18,16.6029758453369,3,135,10,194,100
34.4693199528146,0.279785053223572,194,1572.09240722656,44,14,14,14,10,1332,13,52,38,19,16.6559066772461,6,64,12,192,99
34.4755699528046,0.279785053223572,188,1572.09240722656,44,14,14,14,10,1332,13,52,38,19,16.6559066772461,6,64,12,192,99
34.4776532861346,0.279785053223572,206,1411.52868652344,47,14,14,14,10,1297,10,54,34,19,16.7111358642578,2,-63,14,691,101
34.4901532861146,0.279785053223572,203,1278.00170898438,48,14,14,14,10,1286,10,55,33,19,16.759822845459,3,-95,17,1019,103
34.5068199527546,0.279785053223572,181,1242.82604980469,48,14,14,14,10,1302,12,54,32,19,16.8354091644287,5,25,24,906,104
34.5714032859846,0.279785053223572,183,1244.89770507812,48,14,14,14,10,1320,12,55,32,20,17.1168060302734,6,-91,17,1285,104
34.5901532859546,0.279785053223572,173,1253.61901855469,47,14,14,14,10,1366,11,55,33,20,17.1764430999756,1,117,26,1021,109
34.6276532858946,0.279785053223572,205,1204.19201660156,48,14,14,14,10,1357,13,55,32,20,17.3435077667236,5,-60,22,1309,103
34.6401532858746,0.279785053223572,175,1226.62622070312,47,14,14,14,10,1395,12,56,34,20,17.3688983917236,5,142,18,1316,104
34.8255699522445,0.279785053223572,211,1309.5830078125,51,14,14,14,10,1546,17,54,27,21,17.9935626983643,4,41,54,5375,103
34.8401532855545,0.279785053223572,189,1285.40393066406,51,13,13,13,10,1566,17,55,28,21,18.0495414733887,2,69,21,5186,110
34.8526532855345,0.279785053223572,265,1290.45593261719,44,14,14,14,90,1579,22,51,33,23,18.1067676544189,4,16,75,5293,99
34.8797366188244,0.279785053223572,242,1305.55065917969,40,15,15,15,90,1596,15,49,35,25,18.1819400787354,3,21,94,4990,103
34.9214032854244,0.279785053223572,256,1191.59875488281,41,15,15,15,90,1629,14,50,35,24,18.2937335968018,3,69,98,4846,98
34.9297366187444,0.279785053223572,263,1181.51586914062,41,14,14,14,90,1643,14,50,36,24,18.3173122406006,2,141,97,4595,104
34.9422366187244,0.279785053223572,235,1159.38220214844,41,14,14,14,90,1639,14,51,36,24,18.3373260498047,4,84,99,4661,101
34.9484866187144,0.279785053223572,241,1135.28308105469,41,15,15,15,50,1612,16,51,35,24,18.3553028106689,3,-119,70,5005,93
34.9526532853744,0.279785053223572,262,1132.47741699219,44,15,15,15,10,1625,22,55,33,22,18.3791656494141,13,-351,14,4854,80
34.4401532861947,0.277701719893572,190,1286.35961914062,45,13,13,13,10,1281,10,54,36,19,16.5079708099365,4,-26,14,771,100
34.4651532861546,0.277701719893572,214,1632.20288085938,44,13,13,13,10,1359,11,53,38,18,16.6029758453369,3,135,10,194,100
34.4943199527746,0.277701719893572,192,1243.87670898438,49,14,14,14,10,1288,12,55,32,19,16.7974281311035,7,-23,13,1029,102
34.5755699526446,0.277701719893572,184,1244.89770507812,48,14,14,14,10,1320,12,55,32,20,17.1168060302734,6,-91,17,1285,104
34.5880699526246,0.277701719893572,169,1253.61901855469,47,14,14,14,10,1366,11,55,33,20,17.1764430999756,1,117,26,1021,109
34.6380699525446,0.277701719893572,193,1226.62622070312,47,14,14,14,10,1395,12,56,34,20,17.3688983917236,5,142,18,1316,104
34.7589032856845,0.277701719893572,181,1578.236328125,42,14,14,14,10,1578,13,53,38,20,17.7774848937988,3,162,12,3318,100
34.8193199522545,0.277701719893572,201,1309.5830078125,51,14,14,14,10,1546,17,54,27,21,17.9935626983643,4,41,54,5375,103
34.9026532854544,0.277701719893572,246,1214.13842773438,39,15,15,15,90,1613,21,49,36,24,18.2473297119141,4,119,98,4932,98
34.9234866187544,0.277701719893572,265,1191.59875488281,41,15,15,15,90,1629,14,50,35,24,18.2937335968018,3,69,98,4846,98
34.4089032862447,0.275618386563572,251,1167.63366699219,49,13,13,13,10,1238,11,54,32,19,16.3316116333008,1,-21,15,1033,111
34.4172366195647,0.275618386563572,221,1170.61157226562,49,13,13,13,10,1243,10,55,33,18,16.3741569519043,0,-36,15,1000,104
34.4755699528046,0.275618386563572,209,1556.38464355469,46,14,14,14,10,1329,14,54,35,19,16.6368045806885,5,-11,11,419,97
34.4922366194446,0.275618386563572,200,1294.52026367188,49,14,14,14,10,1293,11,55,32,19,16.7354431152344,1,-40,16,975,102
34.5839032859646,0.275618386563572,190,1234.42565917969,46,14,14,14,10,1342,10,55,34,20,17.1340618133545,4,29,23,1174,105
34.6276532858946,0.275618386563572,198,1203.80383300781,47,14,14,14,10,1341,13,56,32,20,17.327808380127,6,-115,16,1599,104
34.7193199524145,0.275618386563572,185,1325.98950195312,48,14,14,14,10,1490,14,53,31,21,17.6347751617432,8,-25,16,4174,97
34.7214032857445,0.275618386563572,185,1325.98950195312,48,14,14,14,10,1490,14,53,31,21,17.6347751617432,8,-25,16,4174,97
34.7464032857045,0.275618386563572,171,1453.95141601562,49,14,14,14,10,1530,16,54,31,20,17.7211647033691,4,-19,44,2558,101
34.7526532856945,0.275618386563572,182,1516.71960449219,46,14,14,14,10,1548,13,54,36,18,17.7558097839355,5,68,19,895,99
34.7589032856845,0.275618386563572,178,1516.71960449219,46,14,14,14,10,1548,13,54,36,18,17.7558097839355,5,68,19,895,99
34.7797366189845,0.275618386563572,199,1346.74353027344,52,14,14,14,10,1526,15,55,27,21,17.8340148925781,4,-19,37,5289,102
34.7901532856345,0.275618386563572,213,1328.6259765625,52,14,14,14,10,1533,17,55,27,20,17.8668842315674,2,59,26,5233,106
34.7943199522945,0.275618386563572,213,1326.87829589844,53,13,13,13,10,1523,18,55,26,21,17.8953018188477,4,-22,27,5307,102
34.9443199520544,0.275618386563572,250,1132.66174316406,40,14,14,14,90,1631,13,50,35,25,18.346004486084,5,15,98,4758,99
34.4734866194746,0.273535053233572,193,1556.38464355469,46,14,14,14,10,1329,14,54,35,19,16.6368045806885,5,-11,11,419,97
34.4776532861346,0.273535053233572,198,1399.72058105469,48,14,14,14,10,1298,12,53,33,19,16.6893310546875,3,-103,17,757,101
34.4880699527846,0.273535053233572,195,1294.52026367188,49,14,14,14,10,1293,11,55,32,19,16.7354431152344,1,-40,16,975,102
34.5859866192946,0.273535053233572,201,1227.25244140625,47,14,14,14,10,1335,13,55,33,20,17.167537689209,5,-24,15,1216,105
34.6068199525946,0.273535053233572,199,1214.17333984375,47,14,14,14,10,1332,11,55,33,20,17.2285003662109,4,-87,15,1537,106
34.6568199525146,0.273535053233572,200,1208.8896484375,46,15,15,15,10,1378,13,55,34,21,17.4213790893555,6,-84,21,2575,105
34.6901532857945,0.273535053233572,218,1293.98803710938,45,15,15,15,10,1457,14,54,33,21,17.5256748199463,5,57,22,4030,102
34.7130699524245,0.273535053233572,169,1297.32421875,48,14,14,14,10,1477,15,54,31,21,17.6127433776855,4,-2,21,4356,100
34.7214032857445,0.273535053233572,182,1325.98950195312,48,14,14,14,10,1490,14,53,31,21,17.6347751617432,8,-25,16,4174,97
34.7589032856845,0.273535053233572,173,1516.71960449219,46,14,14,14,10,1548,13,54,36,18,17.7558097839355,5,68,19,895,99
34.9234866187544,0.273535053233572,248,1181.09924316406,40,14,14,14,90,1604,15,50,36,24,18.2793006896973,5,-3,98,4881,99
34.9568199520344,0.273535053233572,264,1126.88525390625,42,15,15,15,10,1634,22,55,35,23,18.3691577911377,4,-214,44,4689,84
34.3943199529347,0.271451719903572,235,1172.85998535156,49,13,13,13,10,1236,13,55,32,19,16.2879467010498,2,-33,30,1060,109
34.5068199527546,0.271451719903572,162,1293.59228515625,47,14,14,14,10,1317,11,55,34,19,16.8087463378906,4,86,13,763,106
34.5297366193846,0.271451719903572,198,1282.3564453125,48,14,14,14,10,1307,10,54,33,20,16.9250679016113,6,-123,27,1088,101
34.5984866192746,0.271451719903572,205,1213.83459472656,47,14,14,14,10,1319,13,55,33,20,17.2000274658203,3,-125,18,1556,106
34.6297366192246,0.271451719903572,204,1203.80383300781,47,14,14,14,10,1341,13,56,32,20,17.327808380127,6,-115,16,1599,104
34.7359866190545,0.271451719903572,187,1409.42358398438,50,14,14,14,10,1529,15,54,29,21,17.6898517608643,4,105,34,3278,103
34.7401532857145,0.271451719903572,194,1409.42358398438,50,14,14,14,10,1529,15,54,29,21,17.6898517608643,4,105,34,3278,103
34.7859866189745,0.271451719903572,184,1328.6259765625,52,14,14,14,10,1533,17,55,27,20,17.8668842315674,2,59,26,5233,106
34.8464032855445,0.271451719903572,222,1271.32641601562,48,14,14,14,10,1574,21,56,30,22,18.0668964385986,3,73,24,5056,103
34.9026532854544,0.271451719903572,265,1226.89624023438,39,15,15,15,90,1596,17,50,36,25,18.2374401092529,5,-31,97,4975,100
34.9151532854344,0.271451719903572,291,1201.74719238281,40,15,15,15,90,1582,14,51,36,25,18.2572326660156,2,-84,96,5115,101
34.9505699520444,0.271451719903572,281,1132.66174316406,40,14,14,14,90,1631,13,50,35,25,18.346004486084,5,15,98,4758,99
34.4276532862147,0.269368386573572,190,1236.943359375,47,13,13,13,10,1278,11,55,35,18,16.4492969512939,2,-8,29,746,101
34.4422366195247,0.269368386573572,196,1313.56201171875,46,13,13,13,10,1298,9,54,36,19,16.4828720092773,3,-4,11,572,99
34.4651532861546,0.269368386573572,206,1648.09973144531,46,13,13,13,10,1362,12,53,36,18,16.5797328948975,4,155,19,-9,101
34.5089032860846,0.269368386573572,166,1293.59228515625,47,14,14,14,10,1317,11,55,34,19,16.8087463378906,4,86,13,763,106
34.5484866193546,0.269368386573572,182,1279.56115722656,46,14,14,14,10,1314,10,55,34,20,16.9976940155029,3,-79,17,1031,102
34.6359866192146,0.269368386573572,199,1198.87268066406,47,14,14,14,10,1363,12,56,33,20,17.3611507415771,3,-20,19,1632,106
34.7089032857645,0.269368386573572,176,1289.76989746094,46,15,15,15,10,1447,14,54,32,21,17.5877475738525,2,-95,20,5044,102
34.8380699522245,0.269368386573572,193,1279.56298828125,51,13,13,13,10,1549,16,54,28,22,18.0373668670654,5,-61,20,5215,103
34.8776532854944,0.269368386573572,261,1319.27099609375,39,15,15,15,90,1593,22,47,36,25,18.1774997711182,4,-8,98,5016,104
34.8818199521544,0.269368386573572,244,1319.27099609375,39,15,15,15,90,1593,22,47,36,25,18.1774997711182,4,-8,98,5016,104
34.9005699521244,0.269368386573572,267,1256.97973632812,39,15,15,15,90,1577,21,48,37,25,18.2168483734131,4,-78,98,5124,98
34.4651532861546,0.267285053243572,215,1591.68859863281,45,13,13,13,10,1343,10,53,37,18,16.5645370483398,5,-5,16,252,99
34.4818199527946,0.267285053243572,211,1395.74145507812,47,13,13,13,10,1329,10,54,34,18,16.6636047363281,3,-17,20,723,104
34.5359866193746,0.267285053243572,174,1349.35498046875,49,14,14,14,10,1333,13,55,31,20,16.9328632354736,7,-23,17,1094,97
34.5380699527046,0.267285053243572,162,1349.35498046875,49,14,14,14,10,1333,13,55,31,20,16.9328632354736,7,-23,17,1094,97
34.6005699526046,0.267285053243572,175,1243.63403320312,46,14,14,14,10,1349,12,54,34,20,17.17848777771,8,-91,10,1588,104
34.6172366192446,0.267285053243572,190,1294.96801757812,47,14,14,14,10,1363,11,54,33,20,17.2321510314941,4,-9,17,1523,104
34.7047366191045,0.267285053243572,173,1315.08142089844,47,15,15,15,10,1475,13,54,32,21,17.5711898803711,2,76,15,4319,108
34.7839032856445,0.267285053243572,203,1300.58154296875,52,14,14,14,10,1514,16,54,27,21,17.822624206543,6,-44,24,5222,103
34.8214032855845,0.267285053243572,200,1303.27185058594,52,13,13,13,10,1529,15,55,26,22,17.9703826904297,3,-93,21,5260,104
34.8401532855545,0.267285053243572,198,1272.96740722656,51,13,13,13,10,1555,17,55,27,22,18.0253162384033,4,-45,22,5198,101
34.9172366187644,0.267285053243572,241,1214.99096679688,40,15,15,15,10,1599,16,52,36,25,18.2523136138916,3,-28,99,5040,101
34.4089032862447,0.265201719913572,193,1199.9951171875,46,13,13,13,10,1252,9,54,35,19,16.3018436431885,1,-1,18,1021,107
34.4880699527846,0.265201719913572,228,1310.51867675781,47,13,13,13,10,1297,11,56,34,19,16.7105407714844,3,-70,12,961,101
34.4943199527746,0.265201719913572,199,1318.79150390625,48,14,14,14,10,1324,12,55,33,19,16.7463932037354,5,41,12,748,102
34.5026532860946,0.265201719913572,164,1352.43908691406,45,14,14,14,10,1339,9,55,36,19,16.7807426452637,5,96,13,776,103
34.6505699525246,0.265201719913572,173,1183.84851074219,46,14,14,14,10,1356,12,55,34,21,17.3797798156738,2,-90,19,2359,104
34.6880699524645,0.265201719913572,204,1328.08166503906,46,15,15,15,10,1450,14,54,33,21,17.5102481842041,5,-35,11,3632,106
34.6943199524545,0.265201719913572,195,1327.57421875,44,15,15,15,10,1477,12,54,34,21,17.5410041809082,3,80,23,3951,106
34.6964032857845,0.265201719913572,196,1327.57421875,44,15,15,15,10,1477,12,54,34,21,17.5410041809082,3,80,23,3951,106
34.7151532857545,0.265201719913572,182,1302.20202636719,49,14,14,14,10,1479,13,55,31,21,17.6028614044189,4,9,20,3918,105
34.7214032857445,0.265201719913572,184,1305.64660644531,51,14,14,14,10,1473,14,54,29,20,17.6320762634277,3,-58,25,3416,99
34.7297366190645,0.265201719913572,176,1331.99951171875,52,14,14,14,10,1503,16,55,28,20,17.6548404693604,5,45,21,2755,99
34.7797366189845,0.265201719913572,205,1300.58154296875,52,14,14,14,10,1514,16,54,27,21,17.822624206543,6,-44,24,5222,103
34.7818199523145,0.265201719913572,215,1300.58154296875,52,14,14,14,10,1514,16,54,27,21,17.822624206543,6,-44,24,5222,103
34.8234866189145,0.265201719913572,193,1303.27185058594,52,13,13,13,10,1529,15,55,26,22,17.9703826904297,3,-93,21,5260,104
34.8318199522345,0.265201719913572,207,1289.697265625,51,13,13,13,10,1532,16,54,26,22,17.9970893859863,2,-131,14,5272,103
34.8672366188445,0.265201719913572,242,1270.88562011719,40,15,15,15,90,1578,16,48,36,25,18.1102752685547,4,-50,99,5065,97
34.8755699521644,0.265201719913572,257,1293.65856933594,41,14,14,14,90,1615,18,48,34,25,18.1415252685547,3,109,99,4699,97
34.8818199521544,0.265201719913572,244,1300.44775390625,40,14,14,14,50,1615,20,48,35,25,18.1670608520508,1,52,97,4712,102
34.8839032854844,0.265201719913572,243,1300.44775390625,40,14,14,14,50,1615,20,48,35,25,18.1670608520508,1,52,97,4712,102
34.9068199521144,0.265201719913572,250,1244.09228515625,40,15,15,15,10,1606,17,49,36,24,18.2343406677246,1,-8,87,4927,100
34.9255699520844,0.265201719913572,241,1187.5263671875,41,14,14,14,10,1590,19,55,36,24,18.2718868255615,5,-102,28,5187,99
34.9464032853844,0.265201719913572,275,1137.63940429688,43,15,15,15,10,1631,13,52,33,24,18.340160369873,5,-24,98,4901,91
34.4714032861446,0.263118386583572,179,1519.40405273438,46,13,13,13,10,1316,10,54,35,19,16.6155529022217,4,-109,13,716,101
34.5089032860846,0.263118386583572,189,1352.43908691406,45,14,14,14,10,1339,9,55,36,19,16.7807426452637,5,96,13,776,103
34.5214032860646,0.263118386583572,166,1360.84741210938,49,14,14,14,10,1342,10,54,33,19,16.8570709228516,4,42,24,843,98
34.5693199526546,0.263118386583572,176,1273.37951660156,47,14,14,14,10,1329,12,55,33,21,17.078519821167,5,-39,7,1483,104
34.6255699525646,0.263118386583572,179,1282.65588378906,46,14,14,14,10,1379,11,55,35,20,17.2664947509766,1,63,20,1380,110
34.6276532858946,0.263118386583572,181,1237.46105957031,46,14,14,14,10,1356,10,55,34,20,17.3073291778564,2,-20,14,1640,105
34.6734866191545,0.263118386583572,185,1262.28405761719,48,15,15,15,10,1424,14,54,31,22,17.4600296020508,7,-31,16,3093,100
34.7193199524145,0.263118386583572,186,1305.64660644531,51,14,14,14,10,1473,14,54,29,20,17.6320762634277,3,-58,25,3416,99
34.7464032857045,0.263118386583572,191,1373.87329101562,52,14,14,14,10,1512,17,57,29,19,17.7087326049805,3,-15,21,1984,101
34.8214032855845,0.263118386583572,213,1303.27185058594,52,13,13,13,10,1529,15,55,26,22,17.9703826904297,3,-93,21,5260,104
34.8255699522445,0.263118386583572,198,1303.27185058594,52,13,13,13,10,1529,15,55,26,22,17.9703826904297,3,-93,21,5260,104
34.8339032855645,0.263118386583572,197,1289.697265625,51,13,13,13,10,1532,16,54,26,22,17.9970893859863,2,-131,14,5272,103
34.4380699528647,0.261035053253572,208,1346.59948730469,46,13,13,13,10,1299,10,54,36,18,16.454345703125,7,-44,14,810,97
34.5026532860946,0.261035053253572,168,1352.43908691406,45,14,14,14,10,1339,9,55,36,19,16.7807426452637,5,96,13,776,103
34.5255699527246,0.261035053253572,178,1360.84741210938,49,14,14,14,10,1342,10,54,33,19,16.8570709228516,4,42,24,843,98
34.5547366193446,0.261035053253572,169,1301.01745605469,46,14,14,14,10,1329,9,55,34,20,17.0083541870117,4,-9,12,1134,101
34.6005699526046,0.261035053253572,171,1243.63403320312,46,14,14,14,10,1349,12,54,34,20,17.17848777771,8,-91,10,1588,104
34.6276532858946,0.261035053253572,194,1237.46105957031,46,14,14,14,10,1356,10,55,34,20,17.3073291778564,2,-20,14,1640,105
34.6401532858746,0.261035053253572,182,1202.82470703125,47,14,14,14,10,1363,10,55,33,20,17.3443489074707,6,-62,24,2121,104
34.6484866191946,0.261035053253572,196,1183.84851074219,46,14,14,14,10,1356,12,55,34,21,17.3797798156738,2,-90,19,2359,104
34.6818199524745,0.261035053253572,183,1303.45446777344,48,15,15,15,10,1463,15,54,31,21,17.4823570251465,9,29,46,3161,101
34.7109866190945,0.261035053253572,186,1302.20202636719,49,14,14,14,10,1479,13,55,31,21,17.6028614044189,4,9,20,3918,105
34.7151532857545,0.261035053253572,180,1302.20202636719,49,14,14,14,10,1479,13,55,31,21,17.6028614044189,4,9,20,3918,105
34.7589032856845,0.261035053253572,180,1399.81896972656,48,13,13,13,10,1524,13,55,34,18,17.736967086792,3,43,11,1494,101
34.9089032854444,0.261035053253572,259,1244.09228515625,40,15,15,15,10,1606,17,49,36,24,18.2343406677246,1,-8,87,4927,100
34.4193199528947,0.258951719923572,184,1307.47241210938,45,13,13,13,10,1285,11,54,37,18,16.3516063690186,5,-39,22,804,101
34.4797366194646,0.258951719923572,184,1395.89880371094,45,13,13,13,10,1323,9,55,36,19,16.6401672363281,5,1,13,619,100
34.5005699527646,0.258951719923572,186,1349.92248535156,48,13,13,13,10,1325,9,55,33,19,16.7218341827393,2,-41,16,883,100
34.5214032860646,0.258951719923572,166,1438.43640136719,47,14,14,14,10,1358,11,54,34,19,16.827730178833,4,47,12,676,98
34.5464032860246,0.258951719923572,179,1432.8583984375,48,14,14,14,10,1356,14,53,33,20,16.9396991729736,4,3,25,881,98
34.5755699526446,0.258951719923572,188,1356.07116699219,46,14,14,14,10,1366,13,55,34,20,17.0485534667969,4,49,15,1144,103
34.5943199526146,0.258951719923572,176,1321.55383300781,45,14,14,14,10,1357,13,54,35,20,17.1504383087158,6,-111,21,1625,102
34.6047366192646,0.258951719923572,159,1346.7255859375,44,14,14,14,10,1375,12,54,36,20,17.1768627166748,3,24,15,1351,104
34.6193199525746,0.258951719923572,171,1351.27990722656,45,14,14,14,10,1389,13,55,34,20,17.2436046600342,1,9,27,1535,104
34.6401532858746,0.258951719923572,187,1244.38745117188,46,14,14,14,10,1381,10,54,34,20,17.3210678100586,5,13,16,1980,103
34.7443199523745,0.258951719923572,194,1319.58825683594,53,14,14,14,10,1480,15,56,28,19,17.7051734924316,1,-114,34,1954,104
34.7943199522945,0.258951719923572,187,1332.13671875,53,13,13,13,10,1544,16,55,26,21,17.877857208252,4,20,16,4822,101
34.8484866188745,0.258951719923572,233,1278.91467285156,49,14,14,14,10,1551,17,54,29,23,18.0463695526123,2,-79,18,5251,100
34.8505699522045,0.258951719923572,262,1278.91467285156,49,14,14,14,10,1551,17,54,29,23,18.0463695526123,2,-79,18,5251,100
34.9359866187344,0.258951719923572,229,1168.81481933594,46,15,15,15,10,1621,19,54,31,22,18.3163509368896,5,-57,14,4794,98
34.5068199527546,0.256868386593572,173,1398.85546875,47,14,14,14,10,1346,8,55,34,19,16.7548751831055,2,9,25,654,102
34.5609866193346,0.256868386593572,174,1357.22314453125,45,14,14,14,10,1340,12,54,34,20,17.0173931121826,3,-41,26,1129,103
34.6401532858746,0.256868386593572,188,1244.38745117188,46,14,14,14,10,1381,10,54,34,20,17.3210678100586,5,13,16,1980,103
34.7193199524145,0.256868386593572,188,1272.23010253906,50,14,14,14,10,1468,15,55,30,20,17.6277313232422,4,-63,20,2699,101
34.7359866190545,0.256868386593572,197,1307.39831542969,53,14,14,14,10,1481,17,55,28,19,17.6781806945801,4,-93,19,1609,103
34.7818199523145,0.256868386593572,196,1255.40844726562,50,14,14,14,10,1497,17,54,28,22,17.8130149841309,4,-69,46,5157,103
34.9255699520844,0.256868386593572,211,1212.1025390625,42,15,15,15,10,1610,21,54,36,23,18.27272605896,5,-75,22,4994,97
34.9339032854044,0.256868386593572,230,1189.48974609375,46,15,15,15,10,1605,20,54,32,22,18.2947196960449,6,-55,18,4899,96
34.4318199528747,0.254785053263572,181,1325.79370117188,45,13,13,13,10,1289,9,55,37,18,16.3895988464355,6,-2,13,815,101
34.5609866193346,0.254785053263572,166,1357.22314453125,45,14,14,14,10,1340,12,54,34,20,17.0173931121826,3,-41,26,1129,103
34.5714032859846,0.254785053263572,182,1356.07116699219,46,14,14,14,10,1366,13,55,34,20,17.0485534667969,4,49,15,1144,103
34.5776532859746,0.254785053263572,182,1360.00158691406,45,14,14,14,10,1384,12,54,35,20,17.0788459777832,3,112,32,1141,100
34.6401532858746,0.254785053263572,188,1244.38745117188,46,14,14,14,10,1381,10,54,34,20,17.3210678100586,5,13,16,1980,103
34.6714032858245,0.254785053263572,186,1289.42785644531,46,15,15,15,10,1457,17,53,33,21,17.440128326416,3,93,21,2694,95
34.6797366191445,0.254785053263572,175,1332.83251953125,45,15,15,15,10,1449,14,54,34,22,17.4646778106689,4,73,20,2873,105
34.7464032857045,0.254785053263572,193,1319.58825683594,53,14,14,14,10,1480,15,56,28,19,17.7051734924316,1,-114,34,1954,104
34.7630699523445,0.254785053263572,197,1299.13757324219,51,14,14,14,10,1504,15,56,29,20,17.7612342834473,5,-4,19,3382,103
34.7901532856345,0.254785053263572,198,1284.23889160156,53,14,14,14,10,1519,16,54,25,21,17.8408374786377,4,-35,17,4968,101
34.8026532856145,0.254785053263572,192,1363.53735351562,53,13,13,13,10,1542,15,54,26,21,17.9114646911621,3,21,10,4893,103
34.8089032856045,0.254785053263572,198,1363.53735351562,53,13,13,13,10,1542,15,54,26,21,17.9114646911621,3,21,10,4893,103
34.8339032855645,0.254785053263572,200,1322.42175292969,50,13,13,13,10,1562,17,54,28,22,17.9938621520996,4,-2,20,5129,102
34.8714032855044,0.254785053263572,234,1287.56372070312,40,14,14,14,90,1575,16,48,34,25,18.1306896209717,2,-82,100,4944,100
34.9068199521144,0.254785053263572,236,1254.39978027344,41,14,14,14,10,1619,20,52,35,24,18.2315196990967,4,41,16,4729,101
34.9651532853544,0.254785053263572,246,1159.65209960938,45,15,15,15,10,1653,24,53,33,22,18.3827800750732,13,-498,16,4680,78
34.4068199529147,0.252701719933572,179,1268.40344238281,45,13,13,13,10,1258,8,54,36,18,16.2687606811523,5,-25,18,1041,103
34.4297366195447,0.252701719933572,198,1325.79370117188,45,13,13,13,10,1289,9,55,37,18,16.3895988464355,6,-2,13,815,101
34.4609866194946,0.252701719933572,179,1496.70849609375,43,13,13,13,10,1360,10,55,38,19,16.5451545715332,3,115,13,230,101
34.4630699528246,0.252701719933572,183,1496.70849609375,43,13,13,13,10,1360,10,55,38,19,16.5451545715332,3,115,13,230,101
34.4714032861446,0.252701719933572,186,1475.28015136719,44,14,14,14,10,1349,11,54,38,19,16.5896263122559,5,83,18,448,104
34.4964032861046,0.252701719933572,188,1349.92248535156,48,13,13,13,10,1325,9,55,33,19,16.7218341827393,2,-41,16,883,100
34.5443199526946,0.252701719933572,195,1432.8583984375,48,14,14,14,10,1356,14,53,33,20,16.9396991729736,4,3,25,881,98
34.6026532859346,0.252701719933572,148,1346.7255859375,44,14,14,14,10,1375,12,54,36,20,17.1768627166748,3,24,15,1351,104
34.7839032856445,0.252701719933572,198,1255.40844726562,50,14,14,14,10,1497,17,54,28,22,17.8130149841309,4,-69,46,5157,103
34.7922366189645,0.252701719933572,199,1284.23889160156,53,14,14,14,10,1519,16,54,25,21,17.8408374786377,4,-35,17,4968,101
34.8047366189445,0.252701719933572,183,1363.53735351562,53,13,13,13,10,1542,15,54,26,21,17.9114646911621,3,21,10,4893,103
34.8464032855445,0.252701719933572,220,1278.91467285156,49,14,14,14,10,1551,17,54,29,23,18.0463695526123,2,-79,18,5251,100
34.4776532861346,0.250618386603572,206,1412.39721679688,46,13,13,13,10,1328,9,55,36,18,16.6124649047852,5,-62,15,812,98
34.5089032860846,0.250618386603572,181,1454.55810546875,49,14,14,14,10,1358,12,58,32,19,16.7239685058594,4,19,30,644,99
34.5109866194146,0.250618386603572,180,1489.13940429688,50,14,14,14,10,1367,11,55,32,19,16.7609024047852,5,-23,16,651,99
34.5693199526546,0.250618386603572,187,1419.45581054688,46,14,14,14,10,1378,14,54,35,20,17.0210819244385,5,-14,20,923,103
34.5776532859746,0.250618386603572,185,1423.42810058594,45,14,14,14,10,1404,12,54,36,20,17.0506744384766,3,103,17,856,103
34.6964032857845,0.250618386603572,181,1311.2958984375,47,15,15,15,10,1448,15,55,33,21,17.5225772857666,3,-4,16,3134,108
34.7401532857145,0.250618386603572,194,1306.11767578125,51,14,14,14,10,1485,17,55,30,19,17.6601657867432,4,25,30,1394,105
34.8005699522845,0.250618386603572,190,1350.314453125,54,14,14,14,10,1540,18,53,25,22,17.8714809417725,6,-37,23,4853,96
34.8172366189245,0.250618386603572,197,1440.33276367188,53,14,14,14,10,1550,16,54,26,21,17.9349632263184,5,-99,9,4914,99
34.8526532855345,0.250618386603572,240,1312.322265625,44,15,15,15,50,1600,13,50,33,24,18.0733470916748,3,93,98,4729,104
34.8880699521444,0.250618386603572,231,1247.31091308594,40,15,15,15,10,1611,20,52,35,24,18.1692562103271,4,51,98,4696,104
34.3984866195947,0.248535053273572,191,1314.33215332031,44,14,14,14,10,1267,9,54,38,19,16.1934070587158,3,24,17,900,106
34.4089032862447,0.248535053273572,170,1328.07299804688,43,13,13,13,10,1291,10,55,39,19,16.2366638183594,1,72,20,716,106
34.5172366194046,0.248535053273572,181,1489.13940429688,50,14,14,14,10,1367,11,55,32,19,16.7609024047852,5,-23,16,651,99
34.5526532860146,0.248535053273572,198,1471.48132324219,45,14,14,14,10,1381,20,55,35,19,16.9488105773926,4,-12,25,791,99
34.5547366193446,0.248535053273572,184,1471.48132324219,45,14,14,14,10,1381,20,55,35,19,16.9488105773926,4,-12,25,791,99
34.5859866192946,0.248535053273572,185,1408.11340332031,44,14,14,14,10,1381,12,54,36,20,17.08669090271,6,20,11,1233,101
34.7984866189545,0.248535053273572,206,1350.314453125,54,14,14,14,10,1540,18,53,25,22,17.8714809417725,6,-37,23,4853,96
34.8047366189445,0.248535053273572,186,1427.88903808594,54,14,14,14,10,1573,17,54,25,21,17.9112987518311,5,121,16,4548,96
34.8714032855044,0.248535053273572,218,1316.78515625,40,14,14,14,90,1596,16,48,35,25,18.1254425048828,5,72,90,4678,101
34.9255699520844,0.248535053273572,251,1225.00793457031,40,15,15,15,90,1650,18,52,36,24,18.2733402252197,4,96,98,4480,103
34.9276532854144,0.248535053273572,246,1201.54296875,42,15,15,15,90,1671,19,52,35,23,18.2951927185059,3,146,72,4546,102
34.9651532853544,0.248535053273572,234,1157.72375488281,45,15,15,15,10,1703,20,55,33,22,18.3829650878906,6,-182,23,4157,79
34.4026532862547,0.246451719943572,196,1328.07299804688,43,13,13,13,10,1291,10,55,39,19,16.2366638183594,1,72,20,716,106
34.4047366195847,0.246451719943572,183,1328.07299804688,43,13,13,13,10,1291,10,55,39,19,16.2366638183594,1,72,20,716,106
34.4651532861546,0.246451719943572,183,1417.24011230469,45,13,13,13,10,1335,10,56,36,19,16.530200958252,2,-17,16,481,100
34.4714032861446,0.246451719943572,186,1437.78625488281,44,13,13,13,10,1351,10,57,38,18,16.5688419342041,3,33,16,467,105
34.5797366193046,0.246451719943572,176,1423.42810058594,45,14,14,14,10,1404,12,54,36,20,17.0506744384766,3,103,17,856,103
34.5880699526246,0.246451719943572,178,1408.11340332031,44,14,14,14,10,1381,12,54,36,20,17.08669090271,6,20,11,1233,101
34.6609866191746,0.246451719943572,191,1266.89221191406,46,15,15,15,10,1433,13,54,34,20,17.3962650299072,2,93,18,2212,106
34.7609866190145,0.246451719943572,186,1294.99597167969,50,14,14,14,10,1477,15,54,29,21,17.7492790222168,2,-122,13,4005,104
34.8026532856145,0.246451719943572,196,1427.88903808594,54,14,14,14,10,1573,17,54,25,21,17.9112987518311,5,121,16,4548,96
34.8318199522345,0.246451719943572,194,1379.03576660156,51,14,14,14,10,1573,18,52,28,22,17.990291595459,4,5,39,4956,103
34.9255699520844,0.246451719943572,254,1225.00793457031,40,15,15,15,90,1650,18,52,36,24,18.2733402252197,4,96,98,4480,103
34.9380699520644,0.246451719943572,256,1179.8740234375,44,15,15,15,90,1647,18,54,34,22,18.3141117095947,4,3,16,4523,103
34.9755699520044,0.246451719943572,338,1275.94079589844,43,16,16,16,10,1822,38,53,34,22,18.3725185394287,43,-328,43,3164,69
34.4130699529047,0.244368386613572,176,1351.15148925781,44,13,13,13,10,1298,10,54,38,19,16.2778816223145,1,99,15,655,109
34.4901532861146,0.244368386613572,204,1382.61560058594,48,13,13,13,10,1317,12,58,33,19,16.6575374603271,4,-140,18,926,97
34.5297366193846,0.244368386613572,223,1481.82092285156,45,14,14,14,10,1349,11,53,35,19,16.8408737182617,5,-133,14,848,97
34.6089032859246,0.244368386613572,156,1416.03686523438,43,14,14,14,10,1417,12,54,37,20,17.1484298706055,6,83,14,1239,103
34.6130699525846,0.244368386613572,149,1438.13415527344,45,14,14,14,10,1425,12,54,35,20,17.1797409057617,2,63,27,1212,103
34.6505699525246,0.244368386613572,196,1249.732421875,47,14,14,14,10,1372,15,55,33,20,17.3391952514648,1,-107,17,2454,100
34.6672366191645,0.244368386613572,180,1266.89221191406,46,15,15,15,10,1433,13,54,34,20,17.3962650299072,2,93,18,2212,106
34.6797366191445,0.244368386613572,175,1342.19592285156,43,15,15,15,10,1456,13,55,36,21,17.4528179168701,4,6,17,2560,109
34.7526532856945,0.244368386613572,176,1323.90991210938,50,14,14,14,10,1488,14,54,29,20,17.7169952392578,2,-36,24,2845,106
34.7880699523045,0.244368386613572,212,1275.16064453125,52,14,14,14,10,1503,17,54,26,22,17.8299579620361,5,-129,18,5127,100
34.7901532856345,0.244368386613572,227,1275.16064453125,52,14,14,14,10,1503,17,54,26,22,17.8299579620361,5,-129,18,5127,100
34.8005699522845,0.244368386613572,202,1350.314453125,54,14,14,14,10,1540,18,53,25,22,17.8714809417725,6,-37,23,4853,96
34.8276532855745,0.244368386613572,181,1379.03576660156,51,14,14,14,10,1573,18,52,28,22,17.990291595459,4,5,39,4956,103
34.8755699521644,0.244368386613572,236,1316.78515625,40,14,14,14,90,1596,16,48,35,25,18.1254425048828,5,72,90,4678,101
34.8859866188144,0.244368386613572,206,1247.31091308594,40,15,15,15,10,1611,20,52,35,24,18.1692562103271,4,51,98,4696,104
34.8964032854644,0.244368386613572,242,1242.18127441406,41,14,14,14,10,1619,15,52,35,24,18.1959991455078,4,12,98,4734,101
34.4193199528947,0.242285053283572,179,1320.20910644531,45,13,13,13,10,1299,12,55,37,19,16.3014545440674,6,51,20,552,100
34.4214032862247,0.242285053283572,194,1320.20910644531,45,13,13,13,10,1299,12,55,37,19,16.3014545440674,6,51,20,552,100
34.4693199528146,0.242285053283572,219,1448.96850585938,49,13,13,13,10,1343,12,57,33,18,16.5440063476562,3,-49,31,596,99
34.4922366194446,0.242285053283572,205,1455.97570800781,48,14,14,14,10,1350,14,58,32,20,16.6222152709961,6,-56,30,712,96
34.5234866193946,0.242285053283572,217,1532.95690917969,49,14,14,14,10,1400,12,54,32,19,16.7720241546631,5,111,17,297,103
34.5880699526246,0.242285053283572,185,1444.00341796875,46,14,14,14,10,1413,14,55,33,20,17.0606498718262,4,34,22,1091,106
34.6505699525246,0.242285053283572,205,1318.77319335938,46,15,15,15,10,1413,14,55,34,20,17.3160171508789,9,-15,22,2238,99
34.7755699523245,0.242285053283572,198,1298.33166503906,51,14,14,14,10,1501,16,54,28,21,17.7615356445312,4,0,11,4404,103
34.8734866188344,0.242285053283572,225,1355.64172363281,40,14,14,14,30,1608,16,50,35,25,18.1192588806152,5,66,99,4592,99
34.8880699521444,0.242285053283572,239,1250.13977050781,40,15,15,15,10,1575,16,51,35,25,18.1584300994873,2,-133,61,5012,101
34.9151532854344,0.242285053283572,247,1230.330078125,40,14,14,14,10,1620,19,48,36,24,18.2380390167236,3,-63,97,4603,102
34.9318199520744,0.242285053283572,258,1197.98034667969,40,14,14,14,90,1640,18,48,36,24,18.284854888916,6,9,97,4344,99
34.4172366195647,0.240201719953572,166,1326.41967773438,44,13,13,13,10,1306,9,56,38,19,16.2547092437744,6,101,40,722,101
34.4609866194946,0.240201719953572,208,1416.25415039062,49,13,13,13,10,1329,12,56,32,19,16.5049285888672,2,-48,26,640,98
34.4964032861046,0.240201719953572,199,1469.0576171875,49,14,14,14,10,1378,15,58,32,19,16.6579456329346,4,72,38,465,95
34.5130699527446,0.240201719953572,213,1529.34387207031,51,14,14,14,10,1390,14,56,31,18,16.7342224121094,4,-3,49,506,103
34.5359866193746,0.240201719953572,187,1506.60424804688,46,14,14,14,10,1419,11,53,36,19,16.8480224609375,2,158,14,310,100
34.6047366192646,0.240201719953572,172,1461.90246582031,48,14,14,14,10,1427,12,55,33,19,17.1234588623047,2,3,24,1207,103
34.6380699525446,0.240201719953572,191,1395.23193359375,48,14,14,14,10,1424,13,56,33,19,17.2731285095215,2,17,26,1875,100
34.6547366191846,0.240201719953572,219,1268.20568847656,46,14,14,14,10,1394,15,56,34,20,17.3555145263672,4,-165,16,2520,100
34.6714032858245,0.240201719953572,168,1311.34521484375,44,15,15,15,10,1443,12,55,36,20,17.4117050170898,2,50,13,2204,105
34.6755699524845,0.240201719953572,177,1311.34521484375,44,15,15,15,10,1443,12,55,36,20,17.4117050170898,2,50,13,2204,105
34.7026532857745,0.240201719953572,184,1284.60571289062,50,14,14,14,10,1443,17,55,30,20,17.5398826599121,6,-51,10,2777,100
34.7297366190645,0.240201719953572,183,1306.38427734375,52,14,14,14,10,1471,16,55,29,19,17.6232662200928,3,-81,19,2131,101
34.7464032857045,0.240201719953572,183,1350.89733886719,52,14,14,14,10,1509,14,54,29,19,17.6701717376709,5,22,17,2217,104
34.7818199523145,0.240201719953572,216,1262.98413085938,52,14,14,14,10,1509,16,54,27,21,17.7905311584473,3,-44,22,4833,103
34.9401532853944,0.240201719953572,245,1189.68115234375,40,15,15,15,90,1643,17,48,35,25,18.3101444244385,4,-90,97,4614,94
34.4422366195247,0.238118386623572,198,1303.33959960938,48,13,13,13,10,1292,11,57,33,19,16.3911418914795,4,-91,17,906,100
34.4589032861646,0.238118386623572,219,1371.77124023438,50,13,13,13,10,1323,13,58,31,19,16.4664783477783,3,-33,18,662,96
34.5151532860746,0.238118386623572,223,1529.34387207031,51,14,14,14,10,1390,14,56,31,18,16.7342224121094,4,-3,49,506,103
34.6464032858646,0.238118386623572,175,1318.77319335938,46,15,15,15,10,1413,14,55,34,20,17.3160171508789,9,-15,22,2238,99
34.6505699525246,0.238118386623572,193,1318.77319335938,46,15,15,15,10,1413,14,55,34,20,17.3160171508789,9,-15,22,2238,99
34.6880699524645,0.238118386623572,195,1306.30590820312,50,14,14,14,10,1443,16,55,30,19,17.4778671264648,4,1,14,2438,105
34.7276532857345,0.238118386623572,182,1306.38427734375,52,14,14,14,10,1471,16,55,29,19,17.6232662200928,3,-81,19,2131,101
34.7401532857145,0.238118386623572,174,1324.39709472656,51,14,14,14,10,1487,15,54,30,19,17.6448879241943,3,-52,21,1554,102
34.7714032856645,0.238118386623572,181,1298.33166503906,51,14,14,14,10,1501,16,54,28,21,17.7615356445312,4,0,11,4404,103
34.7776532856545,0.238118386623572,202,1262.98413085938,52,14,14,14,10,1509,16,54,27,21,17.7905311584473,3,-44,22,4833,103
34.8380699522245,0.238118386623572,198,1375.37158203125,51,14,14,14,10,1605,16,53,27,22,18.0119075775146,2,182,19,4551,101
34.9214032854244,0.238118386623572,240,1213.69262695312,40,14,14,14,90,1648,19,50,36,24,18.2622108459473,2,57,97,4505,102
34.9484866187144,0.238118386623572,259,1178.95007324219,41,15,15,15,90,1674,17,52,35,23,18.3356170654297,4,-31,99,4273,94
34.4005699529247,0.236035053293572,192,1297.99096679688,43,13,13,13,10,1287,9,56,39,19,16.1681747436523,5,98,2,731,110
34.5505699526846,0.236035053293572,198,1520.79162597656,46,14,14,14,10,1427,13,54,36,19,16.8826503753662,1,169,10,374,101
34.5672366193246,0.236035053293572,190,1476.01696777344,46,14,14,14,10,1405,17,54,35,19,16.9579086303711,3,36,20,723,101
34.5776532859746,0.236035053293572,189,1454.26110839844,48,14,14,14,10,1404,16,55,33,19,17.027473449707,5,-37,22,952,104
34.5922366192846,0.236035053293572,179,1444.00341796875,46,14,14,14,10,1413,14,55,33,20,17.0606498718262,4,34,22,1091,106
34.6193199525746,0.236035053293572,162,1484.56420898438,45,15,15,15,10,1447,12,54,35,20,17.1882915496826,4,107,25,1470,99
34.6255699525646,0.236035053293572,165,1484.56420898438,45,15,15,15,10,1447,12,54,35,20,17.1882915496826,4,107,25,1470,99
34.6714032858245,0.236035053293572,166,1311.34521484375,44,15,15,15,10,1443,12,55,36,20,17.4117050170898,2,50,13,2204,105
34.7839032856445,0.236035053293572,210,1262.98413085938,52,14,14,14,10,1509,16,54,27,21,17.7905311584473,3,-44,22,4833,103
34.8276532855745,0.236035053293572,203,1432.8681640625,50,14,14,14,10,1570,18,54,28,22,17.9820194244385,4,-64,37,4853,101
34.8630699521845,0.236035053293572,249,1369.22827148438,42,15,15,15,90,1628,16,50,35,23,18.0976142883301,4,137,97,4502,99
34.8755699521644,0.236035053293572,247,1355.64172363281,40,14,14,14,30,1608,16,50,35,25,18.1192588806152,5,66,99,4592,99
34.8964032854644,0.236035053293572,240,1238.70153808594,41,15,15,15,10,1591,20,51,35,24,18.1845149993896,3,-102,98,4924,99
34.9172366187644,0.236035053293572,314,1230.330078125,40,14,14,14,10,1620,19,48,36,24,18.2380390167236,3,-63,97,4603,102
34.9339032854044,0.236035053293572,267,1197.98034667969,40,14,14,14,90,1640,18,48,36,24,18.284854888916,6,9,97,4344,99
34.9484866187144,0.236035053293572,256,1178.95007324219,41,15,15,15,90,1674,17,52,35,23,18.3356170654297,4,-31,99,4273,94
34.4026532862547,0.233951719963572,180,1260.41772460938,45,13,13,13,10,1265,11,55,37,19,16.1951923370361,7,-75,15,909,103
34.4214032862247,0.233951719963572,180,1279.29663085938,47,13,13,13,10,1275,11,56,34,19,16.2834224700928,3,-95,15,984,101
34.5401532860346,0.233951719963572,201,1457.80310058594,48,14,14,14,10,1380,11,54,33,18,16.8362598419189,1,-62,15,585,101
34.5734866193146,0.233951719963572,186,1454.25219726562,49,14,14,14,10,1432,15,54,33,18,16.9731826782227,4,116,29,551,111
34.6484866191946,0.233951719963572,187,1422.01196289062,47,15,15,15,10,1425,15,55,34,19,17.2885246276855,4,4,16,2062,97
34.7214032857445,0.233951719963572,173,1356.71484375,55,14,14,14,10,1507,17,54,27,19,17.5665645599365,7,113,18,1949,95
34.7422366190445,0.233951719963572,176,1353.3388671875,54,14,14,14,10,1508,18,54,27,19,17.6283874511719,6,-56,26,1860,102
34.7568199523545,0.233951719963572,177,1406.64074707031,51,14,14,14,10,1530,15,53,28,21,17.6940002441406,4,23,18,2873,104
34.4297366195447,0.231868386633572,202,1301.84216308594,51,13,13,13,10,1296,12,58,31,19,16.3228549957275,4,-26,17,865,98
34.5214032860646,0.231868386633572,216,1511.90466308594,48,14,14,14,10,1394,12,56,33,18,16.7548789978027,2,28,18,419,110
34.5984866192746,0.231868386633572,154,1435.15710449219,44,15,15,15,10,1447,13,55,35,21,17.0709190368652,2,105,17,994,107
34.6047366192646,0.231868386633572,161,1457.39965820312,46,14,14,14,10,1452,13,54,34,20,17.100959777832,4,70,19,1244,104
34.6214032859046,0.231868386633572,159,1531.13256835938,49,14,14,14,10,1453,15,54,32,19,17.1630363464355,4,34,13,1345,100
34.6526532858546,0.231868386633572,184,1348.71655273438,49,14,14,14,10,1409,17,55,32,19,17.3323993682861,4,-89,41,2275,98
34.7505699523645,0.231868386633572,181,1372.88488769531,53,14,14,14,10,1511,15,54,28,20,17.658317565918,2,-29,17,2218,106
34.7839032856445,0.231868386633572,201,1316.54418945312,52,14,14,14,10,1508,17,54,27,21,17.7805976867676,4,-84,27,4778,102
34.8859866188144,0.231868386633572,250,1272.2841796875,40,14,14,14,10,1605,16,50,36,25,18.1540451049805,4,26,93,4800,103
34.3984866195947,0.229785053303572,202,1249.73071289062,44,13,13,13,10,1251,10,56,37,19,16.1495132446289,1,-94,14,1008,105
34.4339032862047,0.229785053303572,181,1301.84216308594,51,13,13,13,10,1296,12,58,31,19,16.3228549957275,4,-26,17,865,98
34.4464032861847,0.229785053303572,186,1385.349609375,50,13,13,13,10,1321,13,58,31,19,16.3974933624268,5,-18,22,663,98
34.5880699526246,0.229785053303572,162,1436.24389648438,46,14,14,14,10,1426,15,55,34,20,17.0417346954346,5,-13,10,953,106
34.6630699525046,0.229785053303572,210,1333.11560058594,49,14,14,14,10,1405,16,55,33,19,17.3666191101074,5,-142,23,2402,98
34.6672366191645,0.229785053303572,224,1333.11560058594,49,14,14,14,10,1405,16,55,33,19,17.3666191101074,5,-142,23,2402,98
34.6964032857845,0.229785053303572,197,1278.53234863281,52,14,14,14,10,1463,17,55,29,18,17.4954032897949,5,12,15,2136,100
34.7297366190645,0.229785053303572,177,1353.38989257812,54,14,14,14,10,1486,17,54,27,19,17.5984497070312,4,-29,27,2089,99
34.7318199523945,0.229785053303572,178,1353.38989257812,54,14,14,14,10,1486,17,54,27,19,17.5984497070312,4,-29,27,2089,99
34.7568199523545,0.229785053303572,163,1406.64074707031,51,14,14,14,10,1530,15,53,28,21,17.6940002441406,4,23,18,2873,104
34.8776532854944,0.229785053303572,232,1310.5869140625,40,14,14,14,10,1599,14,51,36,25,18.1304759979248,2,-5,98,4799,105
34.9318199520744,0.229785053303572,253,1188.67944335938,40,14,14,14,90,1640,17,49,36,25,18.2750377655029,4,-42,99,4573,95
34.4609866194946,0.227701719973572,213,1463.86828613281,50,13,13,13,10,1358,13,57,32,19,16.4727840423584,5,87,11,367,98
34.5797366193046,0.227701719973572,149,1451.31640625,48,14,14,14,10,1430,14,55,33,19,17.0063495635986,5,91,15,797,110
34.6130699525846,0.227701719973572,159,1495.91467285156,49,14,14,14,10,1438,14,55,32,19,17.1319313049316,3,-44,19,1383,101
34.6651532858345,0.227701719973572,220,1333.11560058594,49,14,14,14,10,1405,16,55,33,19,17.3666191101074,5,-142,23,2402,98
34.7172366190845,0.227701719973572,173,1332.36389160156,55,14,14,14,10,1474,18,54,27,19,17.5399894714355,5,-2,26,2139,97
34.7547366190245,0.227701719973572,163,1406.64074707031,51,14,14,14,10,1530,15,53,28,21,17.6940002441406,4,23,18,2873,104
34.7589032856845,0.227701719973572,158,1406.64074707031,51,14,14,14,10,1530,15,53,28,21,17.6940002441406,4,23,18,2873,104
34.7901532856345,0.227701719973572,216,1318.30725097656,53,14,14,14,10,1527,16,54,26,21,17.813455581665,3,-67,18,4632,101
34.8255699522445,0.227701719973572,176,1564.94030761719,50,14,14,14,10,1586,19,54,28,21,17.9516334533691,2,64,19,4486,102
34.8443199522145,0.227701719973572,222,1293.55554199219,54,13,13,13,10,1548,16,53,24,22,18.0149993896484,5,-111,36,5037,96
34.8943199521344,0.227701719973572,259,1265.20776367188,40,15,15,15,10,1586,17,52,36,24,18.1802425384521,3,-105,97,4924,96
34.9318199520744,0.227701719973572,255,1188.67944335938,40,14,14,14,90,1640,17,49,36,25,18.2750377655029,4,-42,99,4573,95
34.9464032853844,0.227701719973572,239,1186.40905761719,40,15,15,15,50,1700,17,48,36,25,18.3345432281494,4,209,97,4077,93
34.4130699529047,0.225618386643572,194,1280.60754394531,45,13,13,13,10,1266,10,56,37,18,16.2133674621582,2,-106,15,1173,102
34.4609866194946,0.225618386643572,213,1451.869140625,48,13,13,13,10,1366,11,57,33,19,16.4543762207031,2,80,27,116,103
34.4776532861346,0.225618386643572,210,1424.662109375,50,14,14,14,10,1364,15,58,31,19,16.5444068908691,4,4,24,425,98
34.4839032861246,0.225618386643572,204,1424.662109375,50,14,14,14,10,1364,15,58,31,19,16.5444068908691,4,4,24,425,98
34.5109866194146,0.225618386643572,194,1445.00622558594,49,14,14,14,10,1390,12,57,32,19,16.7029075622559,3,50,18,464,101
34.5526532860146,0.225618386643572,187,1391.18884277344,48,14,14,14,10,1414,14,54,34,19,16.8927345275879,5,99,14,494,104
34.6318199525546,0.225618386643572,175,1596.33251953125,49,14,14,14,10,1474,22,56,32,19,17.1704368591309,2,46,41,1655,102
34.7380699523845,0.225618386643572,174,1368.45629882812,56,13,13,13,10,1531,16,54,26,18,17.6195011138916,6,97,27,2136,100
34.7422366190445,0.225618386643572,189,1368.45629882812,56,13,13,13,10,1531,16,54,26,18,17.6195011138916,6,97,27,2136,100
34.7526532856945,0.225618386643572,183,1440.7041015625,54,14,14,14,10,1535,16,54,26,21,17.6891746520996,3,-28,31,2970,102
34.7651532856745,0.225618386643572,182,1498.01049804688,53,13,13,13,10,1554,15,53,26,21,17.7269515991211,5,84,14,3320,101
34.8109866189345,0.225618386643572,186,1622.34765625,52,14,14,14,10,1600,14,53,27,21,17.9156360626221,3,128,22,4073,103
34.8484866188745,0.225618386643572,252,1250.18334960938,54,13,13,13,10,1519,15,54,25,22,17.9952640533447,3,-118,9,5107,97
34.8797366188244,0.225618386643572,241,1301.03820800781,40,14,14,14,10,1609,16,53,36,24,18.1168994903564,6,80,99,4605,103
34.9109866187744,0.225618386643572,266,1207.51428222656,40,15,15,15,10,1621,23,51,36,25,18.2141437530518,6,91,99,4612,111
34.9297366187444,0.225618386643572,288,1177.12976074219,39,15,15,15,50,1638,21,49,36,25,18.262939453125,11,-65,97,4652,95
34.4464032861847,0.223535053313572,189,1417.16418457031,49,13,13,13,10,1351,12,57,32,19,16.3694114685059,2,81,20,360,104
34.4609866194946,0.223535053313572,216,1451.869140625,48,13,13,13,10,1366,11,57,33,19,16.4543762207031,2,80,27,116,103
34.4797366194646,0.223535053313572,205,1424.662109375,50,14,14,14,10,1364,15,58,31,19,16.5444068908691,4,4,24,425,98
34.5068199527546,0.223535053313572,172,1440.69482421875,49,14,14,14,10,1378,11,56,32,19,16.6641902923584,2,3,21,747,101
34.5505699526846,0.223535053313572,188,1386.58569335938,48,14,14,14,10,1392,16,56,33,19,16.8594608306885,5,-58,40,807,103
34.5630699526646,0.223535053313572,209,1391.28881835938,48,14,14,14,10,1388,15,56,33,19,16.931396484375,5,-109,21,807,103
34.5859866192946,0.223535053313572,172,1382.73840332031,45,15,15,15,10,1418,13,55,35,20,17.0303974151611,4,-33,15,1084,105
34.6214032859046,0.223535053313572,178,1533.88671875,48,14,14,14,10,1492,18,54,33,19,17.137788772583,3,131,51,1399,100
34.6401532858746,0.223535053313572,203,1605.26220703125,50,14,14,14,10,1484,20,54,32,18,17.2079486846924,5,110,28,1513,101
34.6714032858245,0.223535053313572,203,1393.20227050781,52,14,14,14,10,1472,16,55,30,18,17.3739986419678,5,144,16,1751,98
34.6755699524845,0.223535053313572,212,1393.20227050781,52,14,14,14,10,1472,16,55,30,18,17.3739986419678,5,144,16,1751,98
34.7401532857145,0.223535053313572,181,1368.45629882812,56,13,13,13,10,1531,16,54,26,18,17.6195011138916,6,97,27,2136,100
34.7797366189845,0.223535053313572,195,1429.72961425781,52,14,14,14,10,1534,16,54,27,21,17.7796001434326,4,-84,15,4372,101
34.8109866189345,0.223535053313572,181,1622.34765625,52,14,14,14,10,1600,14,53,27,21,17.9156360626221,3,128,22,4073,103
34.8443199522145,0.223535053313572,220,1250.18334960938,54,13,13,13,10,1519,15,54,25,22,17.9952640533447,3,-118,9,5107,97
34.9401532853944,0.223535053313572,270,1181.07373046875,39,15,15,15,90,1674,21,47,36,25,18.2919521331787,19,76,96,4186,92
34.9484866187144,0.223535053313572,269,1175.83142089844,39,15,15,15,90,1671,16,52,36,25,18.3160209655762,17,76,99,3637,87
34.4568199528346,0.221451719983572,204,1447.00427246094,49,13,13,13,10,1364,11,56,33,18,16.4109344482422,1,98,30,189,104
34.5026532860946,0.221451719983572,167,1440.69482421875,49,14,14,14,10,1378,11,56,32,19,16.6641902923584,2,3,21,747,101
34.5193199527346,0.221451719983572,182,1439.67651367188,50,14,14,14,10,1391,12,56,33,18,16.7423992156982,1,33,31,561,107
34.5693199526546,0.221451719983572,188,1399.25183105469,49,14,14,14,10,1415,17,56,33,19,16.9620265960693,5,-2,34,893,103
34.5880699526246,0.221451719983572,191,1382.73840332031,45,15,15,15,10,1418,13,55,35,20,17.0303974151611,4,-33,15,1084,105
34.6026532859346,0.221451719983572,163,1403.31994628906,45,15,15,15,10,1435,15,55,35,21,17.0891304016113,5,-72,19,1402,100
34.6109866192546,0.221451719983572,154,1459.71179199219,47,14,14,14,10,1466,14,54,34,19,17.1125202178955,4,74,17,1328,100
34.6672366191645,0.221451719983572,202,1438.9248046875,52,14,14,14,10,1460,19,56,31,17,17.3359680175781,8,34,18,1872,96
34.6693199524945,0.221451719983572,193,1393.20227050781,52,14,14,14,10,1472,16,55,30,18,17.3739986419678,5,144,16,1751,98
34.6922366191245,0.221451719983572,202,1273.79223632812,51,14,14,14,10,1439,18,56,31,18,17.4534683227539,4,-78,14,1843,101
34.7609866190145,0.221451719983572,185,1498.01049804688,53,13,13,13,10,1554,15,53,26,21,17.7269515991211,5,84,14,3320,101
34.7776532856545,0.221451719983572,200,1429.72961425781,52,14,14,14,10,1534,16,54,27,21,17.7796001434326,4,-84,15,4372,101
34.8068199522745,0.221451719983572,179,1561.16357421875,53,14,14,14,10,1589,16,54,26,21,17.8829078674316,5,37,15,4125,99
34.8422366188845,0.221451719983572,224,1314.5732421875,53,14,14,14,10,1534,14,53,25,22,17.9715232849121,4,-59,16,4976,97
34.8776532854944,0.221451719983572,277,1301.03820800781,40,14,14,14,10,1609,16,53,36,24,18.1168994903564,6,80,99,4605,103
34.9151532854344,0.221451719983572,271,1207.51428222656,40,15,15,15,10,1621,23,51,36,25,18.2141437530518,6,91,99,4612,111
34.9276532854144,0.221451719983572,292,1177.12976074219,39,15,15,15,50,1638,21,49,36,25,18.262939453125,11,-65,97,4652,95
34.5047366194246,0.219368386653572,172,1440.69482421875,49,14,14,14,10,1378,11,56,32,19,16.6641902923584,2,3,21,747,101
34.5859866192946,0.219368386653572,197,1382.73840332031,45,15,15,15,10,1418,13,55,35,20,17.0303974151611,4,-33,15,1084,105
34.6234866192346,0.219368386653572,176,1533.88671875,48,14,14,14,10,1492,18,54,33,19,17.137788772583,3,131,51,1399,100
34.6297366192246,0.219368386653572,213,1596.33251953125,49,14,14,14,10,1474,22,56,32,19,17.1704368591309,2,46,41,1655,102
34.6422366192046,0.219368386653572,197,1605.26220703125,50,14,14,14,10,1484,20,54,32,18,17.2079486846924,5,110,28,1513,101
34.6984866191145,0.219368386653572,188,1276.697265625,52,14,14,14,10,1459,14,55,30,18,17.4813060760498,3,27,32,1722,101
34.7234866190745,0.219368386653572,172,1368.96057128906,53,14,14,14,10,1540,15,54,28,19,17.5535640716553,2,193,21,1461,98
34.7484866190345,0.219368386653572,171,1386.90588378906,55,14,14,14,10,1521,16,54,25,20,17.6526165008545,3,-6,25,2580,102
34.8901532854744,0.219368386653572,263,1271.46655273438,40,15,15,15,10,1595,18,50,36,25,18.141565322876,7,-32,99,4699,97
34.9193199520944,0.219368386653572,306,1183.61840820312,39,15,15,15,10,1606,24,51,36,25,18.2363834381104,3,-40,97,4717,100
34.4464032861847,0.217285053323572,168,1386.44323730469,50,13,13,13,10,1344,10,56,32,18,16.3526020050049,1,48,15,451,104
34.4797366194646,0.217285053323572,199,1366.98840332031,50,13,13,13,10,1343,11,56,32,18,16.5280342102051,3,-60,15,871,99
34.4818199527946,0.217285053323572,187,1366.98840332031,50,13,13,13,10,1343,11,56,32,18,16.5280342102051,3,-60,15,871,99
34.4964032861046,0.217285053323572,158,1407.25964355469,49,14,14,14,10,1381,9,56,33,18,16.6031093597412,1,96,14,606,102
34.5464032860246,0.217285053323572,199,1333.35302734375,47,14,14,14,10,1377,16,55,33,19,16.8484306335449,5,-82,23,943,103
34.6193199525746,0.217285053323572,192,1523.07019042969,48,14,14,14,10,1463,19,57,33,19,17.1237945556641,6,-90,89,1506,99
34.6589032858446,0.217285053323572,219,1579.46875,51,14,14,14,10,1474,17,56,31,17,17.2681827545166,6,14,15,1511,96
34.6755699524845,0.217285053323572,195,1479.71948242188,52,14,14,14,10,1453,16,55,30,18,17.3530292510986,2,-60,16,1520,99
34.6880699524645,0.217285053323572,195,1310.451171875,51,14,14,14,10,1456,16,57,31,18,17.4342174530029,3,22,14,1465,102
34.6943199524545,0.217285053323572,196,1299.94226074219,52,14,14,14,10,1449,15,56,30,18,17.466272354126,5,-111,20,1519,100
34.7464032857045,0.217285053323572,163,1393.53503417969,55,14,14,14,10,1549,15,54,25,20,17.6424255371094,4,48,12,2464,101
34.7505699523645,0.217285053323572,177,1393.53503417969,55,14,14,14,10,1549,15,54,25,20,17.6424255371094,4,48,12,2464,101
34.8734866188344,0.217285053323572,242,1299.16345214844,40,15,15,15,90,1602,17,52,36,24,18.0791549682617,3,119,99,4605,104
34.9130699521044,0.217285053323572,302,1171.818359375,40,15,15,15,10,1582,21,50,36,25,18.1940441131592,9,-92,96,4696,98
34.9297366187444,0.217285053323572,265,1164.25012207031,40,15,15,15,90,1593,17,49,35,25,18.2485980987549,7,-162,100,4719,97
34.9318199520744,0.217285053323572,286,1164.25012207031,40,15,15,15,90,1593,17,49,35,25,18.2485980987549,7,-162,100,4719,97
34.4630699528246,0.215201719993572,208,1375.26342773438,50,13,13,13,10,1341,11,58,32,18,16.4440574645996,5,-30,18,522,101
34.4714032861446,0.215201719993572,190,1363.37048339844,50,13,13,13,10,1344,13,57,31,18,16.4881381988525,5,-22,29,619,101
34.4776532861346,0.215201719993572,198,1366.98840332031,50,13,13,13,10,1343,11,56,32,18,16.5280342102051,3,-60,15,871,99
34.6130699525846,0.215201719993572,157,1420.1552734375,47,14,14,14,10,1463,16,54,34,19,17.1007404327393,3,14,24,1300,100
34.6380699525446,0.215201719993572,192,1654.76867675781,50,13,13,13,10,1505,19,56,32,18,17.1817665100098,2,105,19,1346,104
34.7839032856445,0.215201719993572,189,1572.92907714844,52,14,14,14,10,1548,18,54,26,22,17.7803287506104,5,-8,29,3935,99
34.8214032855845,0.215201719993572,183,1501.05236816406,53,13,13,13,10,1556,17,54,26,21,17.9157447814941,5,-8,35,4531,97
34.8443199522145,0.215201719993572,242,1219.68444824219,52,14,14,14,10,1507,16,53,26,22,17.9808712005615,4,-126,30,5355,98
34.8880699521444,0.215201719993572,291,1225.39282226562,39,15,15,15,12,1576,21,51,35,26,18.1208896636963,11,-22,72,4817,96
34.8901532854744,0.215201719993572,283,1225.39282226562,39,15,15,15,12,1576,21,51,35,26,18.1208896636963,11,-22,72,4817,96
34.4818199527946,0.213118386663572,164,1366.98840332031,50,13,13,13,10,1343,11,56,32,18,16.5280342102051,3,-60,15,871,99
34.5734866193146,0.213118386663572,188,1341.529296875,47,14,14,14,10,1394,16,55,35,19,16.95263671875,4,-4,22,858,103
34.5943199526146,0.213118386663572,187,1320.38061523438,45,15,15,15,10,1406,17,55,35,20,17.050817489624,5,-83,15,1436,102
34.6484866191946,0.213118386663572,202,1617.01953125,51,14,14,14,10,1496,20,55,31,18,17.2246685028076,5,89,30,1491,104
34.6693199524945,0.213118386663572,214,1479.71948242188,52,14,14,14,10,1453,16,55,30,18,17.3530292510986,2,-60,16,1520,99
34.6901532857945,0.213118386663572,194,1310.451171875,51,14,14,14,10,1456,16,57,31,18,17.4342174530029,3,22,14,1465,102
34.7276532857345,0.213118386663572,189,1363.2626953125,58,13,13,13,10,1518,17,54,23,19,17.5741882324219,4,-37,28,1991,99
34.7505699523645,0.213118386663572,172,1393.53503417969,55,14,14,14,10,1549,15,54,25,20,17.6424255371094,4,48,12,2464,101
34.7776532856545,0.213118386663572,191,1572.92907714844,52,14,14,14,10,1548,18,54,26,22,17.7803287506104,5,-8,29,3935,99
34.8068199522745,0.213118386663572,159,1574.83166503906,52,14,14,14,10,1584,15,54,27,21,17.8690490722656,2,86,29,4020,101
34.8755699521644,0.213118386663572,253,1299.16345214844,40,15,15,15,90,1602,17,52,36,24,18.0791549682617,3,119,99,4605,104
34.9047366187844,0.213118386663572,406,1195.58361816406,40,15,15,15,12,1573,18,52,35,26,18.1705894470215,4,-90,96,4971,95
34.9359866187344,0.213118386663572,246,1167.15954589844,40,15,15,15,10,1632,17,51,35,25,18.2778759002686,11,-154,99,4654,96
34.3964032862647,0.211035053333572,182,1351.27282714844,45,13,13,13,10,1279,10,54,36,19,16.0893993377686,3,-22,16,1033,104
34.4589032861646,0.211035053333572,176,1387.53149414062,51,13,13,13,10,1343,10,57,32,18,16.3986663818359,2,10,16,435,102
34.4672366194846,0.211035053333572,185,1375.26342773438,50,13,13,13,10,1341,11,58,32,18,16.4440574645996,5,-30,18,522,101
34.4984866194346,0.211035053333572,174,1407.25964355469,49,14,14,14,10,1381,9,56,33,18,16.6031093597412,1,96,14,606,102
34.5547366193446,0.211035053333572,206,1333.15234375,48,14,14,14,10,1390,15,56,33,19,16.8845443725586,5,-4,12,691,100
34.5984866192746,0.211035053333572,183,1320.38061523438,45,15,15,15,10,1406,17,55,35,20,17.050817489624,5,-83,15,1436,102
34.6193199525746,0.211035053333572,173,1523.07019042969,48,14,14,14,10,1463,19,57,33,19,17.1237945556641,6,-90,89,1506,99
34.6318199525546,0.211035053333572,193,1621.47180175781,51,14,14,14,10,1494,24,57,31,18,17.1494636535645,3,7,16,1433,99
34.6547366191846,0.211035053333572,194,1579.46875,51,14,14,14,10,1474,17,56,31,17,17.2681827545166,6,14,15,1511,96
34.6922366191245,0.211035053333572,200,1310.451171875,51,14,14,14,10,1456,16,57,31,18,17.4342174530029,3,22,14,1465,102
34.7026532857745,0.211035053333572,187,1312.5361328125,53,14,14,14,10,1471,16,55,28,18,17.4919471740723,6,-21,20,1356,98
34.7922366189645,0.211035053333572,180,1543.98181152344,53,14,14,14,10,1572,16,53,26,21,17.8105354309082,3,102,18,3869,102
34.8255699522445,0.211035053333572,195,1501.05236816406,53,13,13,13,10,1556,17,54,26,21,17.9157447814941,5,-8,35,4531,97
34.8693199521745,0.211035053333572,262,1299.16345214844,40,15,15,15,90,1602,17,52,36,24,18.0791549682617,3,119,99,4605,104
34.8714032855044,0.211035053333572,236,1299.16345214844,40,15,15,15,90,1602,17,52,36,24,18.0791549682617,3,119,99,4605,104
34.8984866187944,0.211035053333572,312,1214.02795410156,39,15,15,15,12,1619,19,51,35,26,18.148063659668,22,156,85,4125,89
34.9297366187444,0.211035053333572,267,1164.25012207031,40,15,15,15,90,1593,17,49,35,25,18.2485980987549,7,-162,100,4719,97
34.4089032862447,0.208951720003572,177,1400.13256835938,46,14,14,14,10,1309,10,56,36,18,16.1060886383057,2,76,13,756,109
34.4734866194746,0.208951720003572,161,1324.47912597656,50,14,14,14,10,1337,11,55,32,18,16.470739364624,6,-71,9,766,100
34.5047366194246,0.208951720003572,171,1358.31005859375,52,14,14,14,10,1355,12,56,30,19,16.633674621582,5,-39,19,741,99
34.5276532860546,0.208951720003572,201,1363.48742675781,50,14,14,14,10,1376,13,56,32,19,16.7502384185791,3,-18,18,917,100
34.5505699526846,0.208951720003572,194,1328.86975097656,48,14,14,14,10,1388,14,55,33,19,16.8287830352783,3,2,23,958,99
34.5589032860046,0.208951720003572,206,1334.35583496094,48,14,14,14,10,1370,13,55,33,19,16.8649806976318,5,-79,23,1046,100
34.5776532859746,0.208951720003572,182,1302.73120117188,47,14,14,14,10,1379,15,56,33,19,16.9758796691895,3,-127,27,1324,103
34.5943199526146,0.208951720003572,183,1302.02172851562,46,14,14,14,10,1411,16,56,34,19,17.035249710083,5,-68,22,1369,102
34.6609866191746,0.208951720003572,200,1631.00122070312,51,14,14,14,10,1509,15,54,31,18,17.280200958252,3,106,19,1073,101
34.6964032857845,0.208951720003572,207,1373.73120117188,54,14,14,14,10,1472,15,56,28,18,17.4407405853271,4,-22,9,1360,97
34.7214032857445,0.208951720003572,178,1372.81945800781,60,13,13,13,10,1517,16,54,22,18,17.5277576446533,2,64,18,1697,100
34.7339032857245,0.208951720003572,187,1395.14685058594,60,13,13,13,10,1509,16,55,21,18,17.5627117156982,5,-35,20,2166,95
34.7776532856545,0.208951720003572,183,1657.9423828125,52,14,14,14,10,1581,16,54,27,21,17.7725048065186,2,91,14,3428,103
34.8443199522145,0.208951720003572,223,1211.19323730469,54,14,14,14,10,1506,16,53,25,21,17.9724311828613,10,-149,26,5472,97
34.8693199521745,0.208951720003572,288,1235.82995605469,41,15,15,15,90,1570,20,46,36,24,18.0601119995117,6,85,97,4809,100
34.8818199521544,0.208951720003572,278,1213.7265625,40,15,15,15,90,1548,18,48,36,25,18.0830535888672,4,-111,97,5257,103
34.8922366188044,0.208951720003572,308,1183.41979980469,39,15,15,15,90,1539,17,51,35,26,18.1052055358887,4,-114,49,5206,103
34.4026532862547,0.206868386673572,164,1400.13256835938,46,14,14,14,10,1309,10,56,36,18,16.1060886383057,2,76,13,756,109
34.4901532861146,0.206868386673572,183,1355.36157226562,48,14,14,14,10,1372,8,54,33,19,16.5496978759766,6,39,16,649,98
34.4943199527746,0.206868386673572,201,1365.00817871094,48,14,14,14,10,1375,14,56,33,19,16.5903415679932,3,74,28,598,97
34.4964032861046,0.206868386673572,202,1365.00817871094,48,14,14,14,10,1375,14,56,33,19,16.5903415679932,3,74,28,598,97
34.4984866194346,0.206868386673572,192,1365.00817871094,48,14,14,14,10,1375,14,56,33,19,16.5903415679932,3,74,28,598,97
34.5005699527646,0.206868386673572,186,1365.00817871094,48,14,14,14,10,1375,14,56,33,19,16.5903415679932,3,74,28,598,97
34.5130699527446,0.206868386673572,176,1359.26184082031,51,14,14,14,10,1356,13,56,30,20,16.6727237701416,4,-87,36,1001,99
34.5255699527246,0.206868386673572,200,1370.07165527344,50,14,14,14,10,1371,14,56,31,19,16.709545135498,4,-2,18,929,100
34.5547366193446,0.206868386673572,189,1334.35583496094,48,14,14,14,10,1370,13,55,33,19,16.8649806976318,5,-79,23,1046,100
34.5922366192846,0.206868386673572,182,1287.13500976562,47,14,14,14,10,1396,17,56,34,19,17.0086116790771,2,-102,14,1390,103
34.6109866192546,0.206868386673572,162,1433.30407714844,47,14,14,14,10,1457,18,55,34,19,17.0812397003174,8,-80,28,1413,98
34.6651532858345,0.206868386673572,205,1631.00122070312,51,14,14,14,10,1509,15,54,31,18,17.280200958252,3,106,19,1073,101
34.7109866190945,0.206868386673572,177,1357.0390625,57,13,13,13,10,1519,15,54,25,18,17.4959545135498,2,123,12,1301,97
34.8422366188845,0.206868386673572,227,1215.40319824219,54,13,13,13,10,1497,14,53,25,21,17.9482803344727,3,-113,15,5177,98
34.4089032862447,0.204785053343572,163,1400.13256835938,46,14,14,14,10,1309,10,56,36,18,16.1060886383057,2,76,13,756,109
34.4964032861046,0.204785053343572,217,1365.00817871094,48,14,14,14,10,1375,14,56,33,19,16.5903415679932,3,74,28,598,97
34.5026532860946,0.204785053343572,179,1358.31005859375,52,14,14,14,10,1355,12,56,30,19,16.633674621582,5,-39,19,741,99
34.5422366193646,0.204785053343572,205,1340.6767578125,47,14,14,14,10,1357,13,56,33,20,16.792573928833,1,-89,25,1030,101
34.6255699525646,0.204785053343572,203,1539.02075195312,48,14,14,14,10,1497,19,55,34,18,17.0981292724609,6,113,11,1294,99
34.7068199524345,0.204785053343572,173,1360.31726074219,55,14,14,14,10,1475,15,54,28,18,17.4707736968994,7,-57,17,1172,99
34.7484866190345,0.204785053343572,169,1423.97595214844,56,13,13,13,10,1523,15,54,23,20,17.6319789886475,4,-69,19,2681,100
34.7797366189845,0.204785053343572,208,1657.9423828125,52,14,14,14,10,1581,16,54,27,21,17.7725048065186,2,91,14,3428,103
34.8047366189445,0.204785053343572,177,1531.82507324219,52,14,14,14,10,1548,17,54,26,22,17.8468532562256,7,-33,17,4106,98
34.8797366188244,0.204785053343572,254,1213.7265625,40,15,15,15,90,1548,18,48,36,25,18.0830535888672,4,-111,97,5257,103
34.9130699521044,0.204785053343572,253,1139.998046875,40,15,15,15,90,1583,15,50,35,25,18.1847057342529,7,19,98,5151,102
34.4151532862347,0.202701720013572,171,1349.5458984375,47,13,13,13,10,1312,8,57,35,18,16.1578922271729,2,78,11,718,107
34.5318199527146,0.202701720013572,187,1363.48742675781,50,14,14,14,10,1376,13,56,32,19,16.7502384185791,3,-18,18,917,100
34.5422366193646,0.202701720013572,204,1340.6767578125,47,14,14,14,10,1357,13,56,33,20,16.792573928833,1,-89,25,1030,101
34.6005699526046,0.202701720013572,165,1302.02172851562,46,14,14,14,10,1411,16,56,34,19,17.035249710083,5,-68,22,1369,102
34.8234866189145,0.202701720013572,207,1372.97521972656,52,14,14,14,10,1522,16,53,27,21,17.8948707580566,3,1,22,4726,95
34.8339032855645,0.202701720013572,210,1274.78771972656,52,14,14,14,10,1522,15,54,26,21,17.9208335876465,6,35,14,4921,96
34.8630699521845,0.202701720013572,276,1233.81188964844,42,15,15,15,10,1572,16,48,35,24,18.0339050292969,3,132,98,4770,99
34.4776532861346,0.200618386683572,171,1357.16455078125,51,14,14,14,10,1329,11,55,31,18,16.4890022277832,1,-115,16,952,98
34.5005699527646,0.200618386683572,183,1332.37609863281,51,14,14,14,10,1340,12,55,31,19,16.576530456543,3,-102,21,871,100
34.5547366193446,0.200618386683572,193,1370.57653808594,50,14,14,14,10,1405,14,55,32,19,16.8389072418213,6,35,30,812,97
34.6068199525946,0.200618386683572,161,1391.70910644531,48,14,14,14,10,1456,16,54,34,18,17.0357723236084,5,-1,19,1184,96
34.6193199525746,0.200618386683572,169,1552.04211425781,47,14,14,14,10,1486,18,54,35,19,17.0854091644287,3,53,17,1045,103
34.6255699525646,0.200618386683572,189,1552.04211425781,47,14,14,14,10,1486,18,54,35,19,17.0854091644287,3,53,17,1045,103
34.6505699525246,0.200618386683572,207,1628.18566894531,49,14,14,14,10,1503,20,55,32,19,17.1913414001465,5,30,17,1107,95
34.6839032858045,0.200618386683572,176,1494.69055175781,54,14,14,14,10,1501,13,54,29,18,17.3465805053711,4,69,24,1093,103
34.7047366191045,0.200618386683572,176,1417.52062988281,54,14,14,14,10,1497,16,55,28,18,17.4529628753662,3,31,18,1007,100
34.7172366190845,0.200618386683572,170,1386.43591308594,58,13,13,13,10,1505,15,54,25,17,17.4874496459961,7,22,12,1234,97
34.7568199523545,0.200618386683572,180,1547.10388183594,56,13,13,13,10,1567,15,54,24,21,17.6631336212158,5,106,25,2474,98
34.7755699523245,0.200618386683572,206,1694.09301757812,52,14,14,14,10,1582,18,54,27,21,17.7318115234375,6,145,12,3120,104
34.7839032856445,0.200618386683572,191,1642.17919921875,52,14,14,14,10,1564,16,54,27,21,17.7521705627441,5,-1,31,3543,99
34.8526532855345,0.200618386683572,279,1176.13427734375,44,15,15,15,10,1511,30,54,33,23,17.9911518096924,8,-59,54,5241,99
34.8714032855044,0.200618386683572,291,1194.22937011719,41,15,15,15,90,1525,17,47,35,24,18.044605255127,7,-59,98,5004,100
34.4047366195847,0.198535053353572,162,1367.49682617188,47,13,13,13,10,1290,11,57,36,18,16.0870208740234,2,-13,14,915,102
34.4630699528246,0.198535053353572,147,1338.81884765625,48,14,14,14,10,1350,10,57,34,19,16.400562286377,3,68,10,686,99
34.4839032861246,0.198535053353572,176,1357.16455078125,51,14,14,14,10,1329,11,55,31,18,16.4890022277832,1,-115,16,952,98
34.4880699527846,0.198535053353572,192,1347.25634765625,50,14,14,14,10,1336,11,55,32,18,16.5339488983154,4,-127,10,993,98
34.5651532859946,0.198535053353572,181,1384.89624023438,49,14,14,14,10,1406,13,55,33,19,16.8722896575928,6,64,13,824,99
34.6297366192246,0.198535053353572,187,1581.52062988281,48,14,14,14,10,1512,18,55,33,19,17.1213607788086,3,106,26,1033,99
34.6422366192046,0.198535053353572,219,1594.28674316406,48,14,14,14,10,1473,22,55,34,18,17.1620082855225,5,-106,17,1251,95
34.6734866191545,0.198535053353572,169,1560.30981445312,52,14,14,14,10,1512,15,55,30,18,17.3082103729248,1,86,16,930,105
34.7109866190945,0.198535053353572,179,1386.43591308594,58,13,13,13,10,1505,15,54,25,17,17.4874496459961,7,22,12,1234,97
34.7380699523845,0.198535053353572,176,1443.98571777344,58,13,13,13,10,1555,17,54,24,18,17.588586807251,3,144,30,1887,100
34.9089032854444,0.198535053353572,249,1157.88452148438,40,15,15,15,90,1566,16,46,35,26,18.1496963500977,8,-110,98,5155,102
34.4505699528447,0.196451720023572,163,1352.00061035156,50,13,13,13,10,1329,12,58,32,18,16.3109474182129,4,2,23,852,99
34.4839032861246,0.196451720023572,168,1357.16455078125,51,14,14,14,10,1329,11,55,31,18,16.4890022277832,1,-115,16,952,98
34.4901532861146,0.196451720023572,183,1347.25634765625,50,14,14,14,10,1336,11,55,32,18,16.5339488983154,4,-127,10,993,98
34.5068199527546,0.196451720023572,180,1328.81091308594,52,14,14,14,10,1369,12,55,30,19,16.6168003082275,5,-8,25,790,97
34.5130699527446,0.196451720023572,164,1347.8125,51,14,14,14,10,1386,13,56,30,19,16.6509590148926,1,97,27,674,103
34.5797366193046,0.196451720023572,193,1308.17895507812,48,14,14,14,10,1383,14,56,33,19,16.9572296142578,2,-111,23,1296,102
34.5859866192946,0.196451720023572,183,1289.1044921875,49,14,14,14,10,1403,17,56,32,19,16.9897041320801,5,-52,27,1296,101
34.6130699525846,0.196451720023572,151,1483.83581542969,48,14,14,14,10,1466,19,54,33,18,17.056999206543,4,32,19,1275,97
34.7193199524145,0.196451720023572,178,1403.43969726562,62,13,13,13,10,1498,18,54,21,17,17.5168933868408,8,-87,11,1714,95
34.7880699523045,0.196451720023572,192,1557.50341796875,52,14,14,14,10,1529,16,53,26,21,17.77463722229,4,-21,20,3884,96
34.7964032856245,0.196451720023572,199,1491.51171875,52,13,13,13,10,1544,16,54,26,22,17.8011512756348,5,30,14,3904,97
34.8026532856145,0.196451720023572,182,1423.49609375,52,13,13,13,10,1534,15,55,26,22,17.8272399902344,7,24,22,4244,97
34.8339032855645,0.196451720023572,238,1198.80908203125,54,13,13,13,10,1488,15,54,25,21,17.9182262420654,4,-117,21,5132,97
34.8443199522145,0.196451720023572,216,1197.45690917969,52,14,14,14,10,1543,16,53,27,21,17.9666652679443,4,145,19,5140,100
34.4484866195147,0.194368386693572,155,1352.00061035156,50,13,13,13,10,1329,12,58,32,18,16.3109474182129,4,2,23,852,99
34.5797366193046,0.194368386693572,193,1308.17895507812,48,14,14,14,10,1383,14,56,33,19,16.9572296142578,2,-111,23,1296,102
34.5984866192746,0.194368386693572,182,1318.3115234375,50,14,14,14,10,1440,15,55,32,18,17.0145568847656,4,52,20,1214,100
34.6130699525846,0.194368386693572,155,1483.83581542969,48,14,14,14,10,1466,19,54,33,18,17.056999206543,4,32,19,1275,97
34.6151532859146,0.194368386693572,172,1483.83581542969,48,14,14,14,10,1466,19,54,33,18,17.056999206543,4,32,19,1275,97
34.6818199524745,0.194368386693572,165,1494.69055175781,54,14,14,14,10,1501,13,54,29,18,17.3465805053711,4,69,24,1093,103
34.6922366191245,0.194368386693572,170,1478.11999511719,54,14,14,14,10,1492,16,55,29,17,17.3788452148438,6,2,24,1225,97
34.7026532857745,0.194368386693572,196,1417.52062988281,54,14,14,14,10,1497,16,55,28,18,17.4529628753662,3,31,18,1007,100
34.7068199524345,0.194368386693572,190,1417.52062988281,54,14,14,14,10,1497,16,55,28,18,17.4529628753662,3,31,18,1007,100
34.7484866190345,0.194368386693572,179,1466.37292480469,56,13,13,13,10,1546,16,54,25,20,17.6232719421387,4,43,23,2197,101
34.8526532855345,0.194368386693572,316,1176.13427734375,44,15,15,15,10,1511,30,54,33,23,17.9911518096924,8,-59,54,5241,99
34.5089032860846,0.192285053363572,188,1338.20190429688,52,14,14,14,10,1357,13,56,30,19,16.5955085754395,4,-25,25,992,101
34.5172366194046,0.192285053363572,196,1337.17749023438,51,14,14,14,10,1359,13,55,30,19,16.6358814239502,1,-92,40,957,101
34.5318199527146,0.192285053363572,187,1378.40808105469,50,14,14,14,10,1412,12,54,32,19,16.7053070068359,2,87,11,505,99
34.5464032860246,0.192285053363572,211,1391.52722167969,50,14,14,14,10,1406,12,53,31,19,16.7786884307861,5,19,13,780,97
34.6130699525846,0.192285053363572,164,1522.18432617188,49,14,14,14,10,1492,17,54,34,18,17.0413513183594,6,139,17,706,104
34.6755699524845,0.192285053363572,174,1496.45556640625,49,14,14,14,10,1486,17,55,32,19,17.309455871582,3,-83,13,1053,99
34.6797366191445,0.192285053363572,176,1469.53771972656,52,14,14,14,10,1497,18,55,30,18,17.3392124176025,6,27,25,1032,96
34.7505699523645,0.192285053363572,184,1457.14562988281,55,14,14,14,10,1541,17,54,26,20,17.6076793670654,2,49,19,2332,98
34.8214032855845,0.192285053363572,224,1181.31518554688,51,14,14,14,10,1468,14,54,27,22,17.8883361816406,8,-148,14,5157,98
34.4047366195847,0.190201720033572,178,1290.48986816406,47,13,13,13,10,1278,12,57,34,19,16.0712394714355,4,-53,18,1044,101
34.4484866195147,0.190201720033572,156,1373.07495117188,44,14,14,14,10,1350,10,58,37,18,16.2836570739746,4,103,16,553,103
34.4776532861346,0.190201720033572,168,1440.9755859375,51,14,14,14,10,1366,9,56,31,19,16.4562797546387,5,28,19,668,95
34.5047366194246,0.190201720033572,202,1338.20190429688,52,14,14,14,10,1357,13,56,30,19,16.5955085754395,4,-25,25,992,101
34.5630699526646,0.190201720033572,189,1429.74450683594,50,14,14,14,10,1447,14,54,32,18,16.8492984771729,5,132,14,473,105
34.5880699526246,0.190201720033572,188,1327.53881835938,48,14,14,14,10,1399,14,55,32,19,16.9693946838379,2,-124,15,1265,100
34.5901532859546,0.190201720033572,190,1327.53881835938,48,14,14,14,10,1399,14,55,32,19,16.9693946838379,2,-124,15,1265,100
34.6547366191846,0.190201720033572,189,1602.22973632812,50,14,14,14,10,1525,17,56,32,18,17.2170181274414,1,178,22,820,99
34.6651532858345,0.190201720033572,197,1562.52355957031,51,14,14,14,10,1494,15,55,32,18,17.2608127593994,7,78,11,1104,96
34.6714032858245,0.190201720033572,167,1496.45556640625,49,14,14,14,10,1486,17,55,32,19,17.309455871582,3,-83,13,1053,99
34.7089032857645,0.190201720033572,202,1424.271484375,55,14,14,14,10,1487,18,55,28,18,17.4427585601807,7,18,22,1101,95
34.7672366190045,0.190201720033572,182,1635.63354492188,54,14,14,14,10,1572,16,54,26,21,17.6815872192383,5,165,28,2551,97
34.7880699523045,0.190201720033572,187,1425.96911621094,52,13,13,13,10,1512,16,54,26,21,17.7606182098389,3,-20,11,3932,97
34.4297366195447,0.188118386703572,175,1317.85278320312,46,13,13,13,10,1306,9,56,36,18,16.2046031951904,3,-34,8,911,102
34.4755699528046,0.188118386703572,170,1431.83459472656,50,14,14,14,10,1366,10,56,31,19,16.4127922058105,3,36,13,716,97
34.5484866193546,0.188118386703572,200,1391.52722167969,50,14,14,14,10,1406,12,53,31,19,16.7786884307861,5,19,13,780,97
34.5609866193346,0.188118386703572,191,1429.74450683594,50,14,14,14,10,1447,14,54,32,18,16.8492984771729,5,132,14,473,105
34.6005699526046,0.188118386703572,196,1365.5498046875,49,14,14,14,10,1419,15,55,32,18,16.9975070953369,8,-161,14,1294,97
34.6443199525346,0.188118386703572,168,1590.15710449219,49,14,14,14,10,1514,18,54,34,18,17.1820335388184,4,109,30,791,95
34.6734866191545,0.188118386703572,172,1496.45556640625,49,14,14,14,10,1486,17,55,32,19,17.309455871582,3,-83,13,1053,99
34.7172366190845,0.188118386703572,200,1397.39953613281,56,13,13,13,10,1486,19,56,26,18,17.4786357879639,5,-76,17,1576,95
34.8193199522545,0.188118386703572,233,1181.31518554688,51,14,14,14,10,1468,14,54,27,22,17.8883361816406,8,-148,14,5157,98
34.4276532862147,0.186035053373572,181,1317.85278320312,46,13,13,13,10,1306,9,56,36,18,16.2046031951904,3,-34,8,911,102
34.4630699528246,0.186035053373572,162,1400.32568359375,47,14,14,14,10,1345,10,56,34,19,16.3738059997559,4,-63,12,680,98
34.4651532861546,0.186035053373572,170,1400.32568359375,47,14,14,14,10,1345,10,56,34,19,16.3738059997559,4,-63,12,680,98
34.4984866194346,0.186035053373572,201,1361.9140625,52,14,14,14,10,1354,11,55,30,18,16.5517463684082,1,-34,20,853,100
34.5130699527446,0.186035053373572,213,1337.17749023438,51,14,14,14,10,1359,13,55,30,19,16.6358814239502,1,-92,40,957,101
34.5630699526646,0.186035053373572,184,1429.74450683594,50,14,14,14,10,1447,14,54,32,18,16.8492984771729,5,132,14,473,105
34.5776532859746,0.186035053373572,178,1345.57373046875,47,14,14,14,10,1405,14,55,33,20,16.9339847564697,5,-18,6,1105,101
34.6005699526046,0.186035053373572,195,1365.5498046875,49,14,14,14,10,1419,15,55,32,18,16.9975070953369,8,-161,14,1294,97
34.6047366192646,0.186035053373572,184,1446.40637207031,49,14,14,14,10,1483,15,54,33,18,17.0159893035889,5,102,20,916,95
34.6609866191746,0.186035053373572,181,1562.52355957031,51,14,14,14,10,1494,15,55,32,18,17.2608127593994,7,78,11,1104,96
34.6630699525046,0.186035053373572,180,1562.52355957031,51,14,14,14,10,1494,15,55,32,18,17.2608127593994,7,78,11,1104,96
34.6880699524645,0.186035053373572,161,1480.81628417969,52,14,14,14,10,1503,16,54,30,18,17.3665313720703,8,148,21,747,98
34.6984866191145,0.186035053373572,178,1469.83532714844,53,14,14,14,10,1528,15,55,29,18,17.4021816253662,3,167,23,676,97
34.7109866190945,0.186035053373572,185,1397.39953613281,56,13,13,13,10,1486,19,56,26,18,17.4786357879639,5,-76,17,1576,95
34.7151532857545,0.186035053373572,197,1397.39953613281,56,13,13,13,10,1486,19,56,26,18,17.4786357879639,5,-76,17,1576,95
34.7193199524145,0.186035053373572,189,1411.01049804688,58,13,13,13,10,1510,18,56,23,18,17.5032234191895,3,32,27,1640,97
34.7276532857345,0.186035053373572,197,1420.18615722656,58,13,13,13,10,1515,18,54,24,18,17.5375843048096,7,36,26,1745,95
34.7443199523745,0.186035053373572,180,1457.14562988281,55,14,14,14,10,1541,17,54,26,20,17.6076793670654,2,49,19,2332,98
34.7859866189745,0.186035053373572,204,1425.96911621094,52,13,13,13,10,1512,16,54,26,21,17.7606182098389,3,-20,11,3932,97
34.7943199522945,0.186035053373572,203,1354.39343261719,52,13,13,13,10,1505,16,54,27,22,17.7905292510986,3,-37,19,4278,98
34.8151532855945,0.186035053373572,204,1230.16821289062,52,14,14,14,10,1494,14,55,27,21,17.8554973602295,2,-26,24,4752,99
34.5797366193046,0.183951720043572,188,1414.13513183594,48,14,14,14,10,1417,14,54,32,20,16.9072170257568,5,-101,44,982,101
34.6234866192346,0.183951720043572,189,1567.146484375,48,14,14,14,10,1459,18,55,33,19,17.067798614502,4,-102,12,1100,98
34.6589032858446,0.183951720043572,181,1479.3134765625,48,14,14,14,10,1465,13,55,33,18,17.2280502319336,6,-47,17,1075,95
34.6651532858345,0.183951720043572,182,1451.03491210938,47,14,14,14,10,1470,14,55,35,18,17.2676124572754,6,-58,20,1141,96
34.7109866190945,0.183951720043572,183,1366.32922363281,56,13,13,13,10,1495,19,56,27,18,17.4755725860596,5,64,17,1316,96
34.7609866190145,0.183951720043572,171,1526.451171875,53,14,14,14,10,1522,16,54,26,21,17.6575107574463,1,41,11,2854,95
34.8443199522145,0.183951720043572,298,1175.08898925781,45,14,14,14,10,1468,17,54,31,23,17.9501495361328,6,-263,20,5568,98
34.4505699528447,0.181868386713572,170,1383.62878417969,45,14,14,14,10,1342,11,56,37,19,16.2627105712891,6,-44,19,560,98
34.4672366194846,0.181868386713572,182,1465.46008300781,50,14,14,14,10,1359,11,56,32,18,16.3437385559082,3,-48,9,698,98
34.4922366194446,0.181868386713572,179,1493.24328613281,52,13,13,13,10,1389,10,56,30,18,16.4733200073242,3,54,17,565,97
34.5255699527246,0.181868386713572,183,1340.17370605469,47,14,14,14,10,1394,12,56,33,19,16.6544494628906,3,-9,13,801,99
34.5505699526846,0.181868386713572,192,1404.13330078125,49,14,14,14,10,1427,11,54,32,19,16.757848739624,4,19,19,435,101
34.5589032860046,0.181868386713572,198,1444.55261230469,50,14,14,14,10,1411,13,54,32,19,16.7937870025635,4,-107,14,734,98
34.5901532859546,0.181868386713572,211,1414.685546875,50,14,14,14,10,1438,15,54,32,18,16.9397296905518,6,12,16,908,97
34.6568199525146,0.181868386713572,172,1479.3134765625,48,14,14,14,10,1465,13,55,33,18,17.2280502319336,6,-47,17,1075,95
34.6755699524845,0.181868386713572,192,1412.70007324219,47,14,14,14,10,1447,16,54,34,19,17.3078651428223,2,-103,18,1337,101
34.6818199524745,0.181868386713572,178,1392.21643066406,53,13,13,13,10,1478,15,56,30,18,17.3420486450195,2,23,10,1112,98
34.7026532857745,0.181868386713572,170,1364.82458496094,56,13,13,13,10,1482,17,55,27,17,17.4452514648438,5,68,10,1086,96
34.7214032857445,0.181868386713572,179,1377.11779785156,54,13,13,13,10,1509,19,55,28,18,17.5008010864258,6,170,11,1417,99
34.7755699523245,0.181868386713572,195,1501.3125,52,14,14,14,10,1528,16,54,26,22,17.6880645751953,5,59,22,3252,97
34.8005699522845,0.181868386713572,212,1263.81384277344,51,14,14,14,10,1482,15,54,28,22,17.7914543151855,7,-128,15,4401,99
34.5776532859746,0.179785053383572,191,1414.13513183594,48,14,14,14,10,1417,14,54,32,20,16.9072170257568,5,-101,44,982,101
34.6130699525846,0.179785053383572,184,1540.20178222656,49,14,14,14,10,1473,18,55,33,18,17.0348663330078,6,18,13,813,97
34.6172366192446,0.179785053383572,217,1540.20178222656,49,14,14,14,10,1473,18,55,33,18,17.0348663330078,6,18,13,813,97
34.6318199525546,0.179785053383572,192,1577.10009765625,49,14,14,14,10,1492,18,55,33,19,17.099739074707,5,44,17,1173,95
34.6401532858746,0.179785053383572,169,1549.53356933594,49,14,14,14,10,1487,17,54,33,18,17.1414699554443,6,90,9,1144,96
34.6422366192046,0.179785053383572,177,1549.53356933594,49,14,14,14,10,1487,17,54,33,18,17.1414699554443,6,90,9,1144,96
34.6443199525346,0.179785053383572,196,1506.79333496094,47,14,14,14,10,1487,14,55,35,18,17.1877403259277,6,37,14,1020,95
34.4568199528346,0.177701720053572,173,1426.4677734375,46,14,14,14,10,1377,9,55,35,19,16.2998695373535,3,107,18,453,101
34.6714032858245,0.177701720053572,204,1412.70007324219,47,14,14,14,10,1447,16,54,34,19,17.3078651428223,2,-103,18,1337,101
34.6839032858045,0.177701720053572,181,1392.21643066406,53,13,13,13,10,1478,15,56,30,18,17.3420486450195,2,23,10,1112,98
34.6943199524545,0.177701720053572,186,1382.62451171875,53,14,14,14,10,1479,17,55,29,18,17.4117031097412,8,-56,19,1224,95
34.7005699524445,0.177701720053572,180,1382.62451171875,53,14,14,14,10,1479,17,55,29,18,17.4117031097412,8,-56,19,1224,95
34.7359866190545,0.177701720053572,189,1352.56164550781,54,14,14,14,10,1480,19,54,27,19,17.5716686248779,7,-67,25,2425,99
34.7818199523145,0.177701720053572,212,1395.15808105469,53,14,14,14,10,1501,17,55,26,21,17.7280044555664,7,-55,23,3740,97
34.4922366194446,0.175618386723572,195,1522.35314941406,53,13,13,13,10,1396,12,56,29,18,16.4480400085449,4,53,21,406,101
34.5214032860646,0.175618386723572,220,1358.20031738281,50,14,14,14,10,1365,12,56,32,19,16.633373260498,3,-129,16,1054,99
34.5526532860146,0.175618386723572,188,1492.365234375,50,14,14,14,10,1450,14,54,31,19,16.7676582336426,6,43,15,600,97
34.5755699526446,0.175618386723572,186,1512.34851074219,51,14,14,14,10,1462,15,54,31,19,16.845775604248,2,112,17,299,102
34.6109866192546,0.175618386723572,175,1541.12451171875,50,14,14,14,10,1457,16,55,32,18,17.0247344970703,1,1,16,846,100
34.6297366192246,0.175618386723572,194,1558.62866210938,50,14,14,14,10,1492,16,56,32,18,17.0922393798828,6,89,20,795,98
34.6318199525546,0.175618386723572,195,1558.62866210938,50,14,14,14,10,1492,16,56,32,18,17.0922393798828,6,89,20,795,98
34.7526532856945,0.175618386723572,188,1343.22680664062,52,13,13,13,10,1506,15,55,26,21,17.6243076324463,4,72,26,2640,99
34.7547366190245,0.175618386723572,190,1343.22680664062,52,13,13,13,10,1506,15,55,26,21,17.6243076324463,4,72,26,2640,99
34.5568199526746,0.173535053393572,210,1492.365234375,50,14,14,14,10,1450,14,54,31,19,16.7676582336426,6,43,15,600,97
34.6859866191345,0.173535053393572,197,1311.30529785156,49,14,14,14,10,1424,14,55,32,19,17.3779811859131,5,-175,15,1429,99
34.6964032857845,0.173535053393572,207,1318.35034179688,51,14,14,14,10,1430,17,55,31,19,17.4126510620117,6,-179,17,1374,97
34.7234866190745,0.173535053393572,192,1323.77355957031,54,13,13,13,10,1471,17,56,28,18,17.5100364685059,7,11,27,1664,93
34.7339032857245,0.173535053393572,197,1281.74890136719,49,14,14,14,10,1452,17,55,31,20,17.5456199645996,3,-136,36,2301,98
34.7464032857045,0.173535053393572,186,1297.60827636719,52,14,14,14,10,1487,16,54,27,21,17.6003131866455,6,6,15,2605,100
34.8089032856045,0.173535053393572,184,1259.21948242188,50,14,14,14,10,1513,13,53,28,22,17.7966079711914,3,30,13,4251,99
34.4589032861646,0.171451720063572,184,1436.60363769531,48,14,14,14,10,1379,10,56,34,18,16.2765445709229,6,56,20,356,98
34.4984866194346,0.171451720063572,186,1509.20837402344,53,13,13,13,10,1407,10,55,30,17,16.491584777832,4,77,15,509,98
34.5089032860846,0.171451720063572,181,1472.05346679688,52,14,14,14,10,1395,10,55,31,18,16.5383987426758,4,-31,16,739,100
34.5339032860446,0.171451720063572,217,1337.755859375,48,14,14,14,10,1380,13,55,33,19,16.6733226776123,6,-148,21,805,99
34.6464032858646,0.171451720063572,195,1406.42736816406,47,14,14,14,10,1454,14,56,35,18,17.1886444091797,3,-9,18,1198,97
34.6651532858345,0.171451720063572,180,1375.42468261719,47,14,14,14,10,1473,15,54,34,19,17.2610206604004,6,58,10,1258,98
34.6901532857945,0.171451720063572,210,1311.30529785156,49,14,14,14,10,1424,14,55,32,19,17.3779811859131,5,-175,15,1429,99
34.6922366191245,0.171451720063572,212,1311.30529785156,49,14,14,14,10,1424,14,55,32,19,17.3779811859131,5,-175,15,1429,99
34.7318199523945,0.171451720063572,206,1281.74890136719,49,14,14,14,10,1452,17,55,31,20,17.5456199645996,3,-136,36,2301,98
34.8026532856145,0.171451720063572,185,1259.21948242188,50,14,14,14,10,1513,13,53,28,22,17.7966079711914,3,30,13,4251,99
34.4505699528447,0.169368386733572,193,1383.54870605469,47,13,13,13,10,1362,11,56,34,19,16.2397289276123,6,55,21,482,104
34.4651532861546,0.169368386733572,180,1474.54541015625,50,14,14,14,10,1394,10,56,32,18,16.3189392089844,4,102,11,272,103
34.4755699528046,0.169368386733572,178,1492.283203125,52,14,14,14,10,1406,11,56,30,18,16.3631744384766,3,108,9,184,98
34.4880699527846,0.169368386733572,202,1522.35314941406,53,13,13,13,10,1396,12,56,29,18,16.4480400085449,4,53,21,406,101
34.4922366194446,0.169368386733572,192,1522.35314941406,53,13,13,13,10,1396,12,56,29,18,16.4480400085449,4,53,21,406,101
34.5234866193946,0.169368386733572,190,1358.20031738281,50,14,14,14,10,1365,12,56,32,19,16.633373260498,3,-129,16,1054,99
34.5818199526346,0.169368386733572,188,1478.16589355469,51,14,14,14,10,1452,15,55,31,18,16.8856468200684,1,28,18,547,104
34.6297366192246,0.169368386733572,185,1558.62866210938,50,14,14,14,10,1492,16,56,32,18,17.0922393798828,6,89,20,795,98
34.6672366191645,0.169368386733572,175,1375.42468261719,47,14,14,14,10,1473,15,54,34,19,17.2610206604004,6,58,10,1258,98
34.7630699523445,0.169368386733572,198,1361.93737792969,52,14,14,14,10,1485,21,54,27,21,17.654167175293,13,-125,20,3347,97
34.7755699523245,0.169368386733572,201,1336.48095703125,50,14,14,14,10,1508,19,54,28,22,17.6826610565186,7,155,14,3464,101
34.7922366189645,0.169368386733572,194,1250.57336425781,49,14,14,14,10,1502,16,54,29,22,17.7446918487549,8,42,11,4097,98
34.7984866189545,0.169368386733572,183,1263.31945800781,49,14,14,14,10,1499,15,54,29,22,17.7672061920166,6,35,27,4239,98
34.8005699522845,0.169368386733572,180,1263.31945800781,49,14,14,14,10,1499,15,54,29,22,17.7672061920166,6,35,27,4239,98
34.4505699528447,0.167285053403572,201,1354.10668945312,49,13,13,13,10,1339,10,56,33,19,16.2215461730957,5,-64,17,725,98
34.5589032860046,0.167285053403572,202,1544.34020996094,50,14,14,14,10,1460,14,54,32,19,16.74951171875,3,12,20,366,100
34.5859866192946,0.167285053403572,197,1512.20153808594,52,14,14,14,10,1467,16,55,31,18,16.9046592712402,5,91,36,282,100
34.6755699524845,0.167285053403572,229,1349.44372558594,49,14,14,14,10,1442,14,56,33,18,17.290075302124,8,-48,9,1147,97
34.6943199524545,0.167285053403572,193,1368.45178222656,50,14,14,14,10,1475,13,55,32,19,17.3878345489502,1,8,20,1252,96
34.7151532857545,0.167285053403572,191,1431.76708984375,52,14,14,14,10,1456,16,55,30,19,17.4573383331299,8,-97,16,1831,90
34.7234866190745,0.167285053403572,191,1372.73742675781,52,14,14,14,10,1429,19,56,29,19,17.4952449798584,8,-180,12,2260,92
34.7297366190645,0.167285053403572,219,1270.67163085938,50,14,14,14,10,1425,16,56,30,21,17.5396022796631,0,-204,22,2555,97
34.7422366190445,0.167285053403572,208,1223.48620605469,49,14,14,14,10,1441,18,55,29,22,17.5743579864502,3,-119,22,2661,99
34.7589032856845,0.167285053403572,183,1240.14599609375,48,14,14,14,10,1473,21,54,29,23,17.6301250457764,14,28,51,2766,99
34.7693199523345,0.167285053403572,220,1222.92639160156,48,14,14,14,10,1447,16,56,29,23,17.6909351348877,1,-171,9,3597,97
34.7859866189745,0.167285053403572,194,1238.77905273438,49,14,14,14,10,1484,18,55,28,23,17.7333450317383,3,-88,22,3936,101
34.7901532856345,0.167285053403572,189,1238.77905273438,49,14,14,14,10,1484,18,55,28,23,17.7333450317383,3,-88,22,3936,101
34.4589032861646,0.165201720073572,184,1389.16064453125,49,13,13,13,10,1391,10,56,33,18,16.2598056793213,5,130,14,304,97
34.4755699528046,0.165201720073572,179,1399.23278808594,53,14,14,14,10,1378,10,55,29,18,16.3547382354736,3,-14,17,439,97
34.6484866191946,0.165201720073572,204,1340.71020507812,48,14,14,14,10,1428,13,57,33,18,17.1815128326416,3,-124,18,1426,98
34.6943199524545,0.165201720073572,198,1368.45178222656,50,14,14,14,10,1475,13,55,32,19,17.3878345489502,1,8,20,1252,96
34.7880699523045,0.165201720073572,193,1238.77905273438,49,14,14,14,10,1484,18,55,28,23,17.7333450317383,3,-88,22,3936,101
34.7922366189645,0.165201720073572,192,1238.77905273438,49,14,14,14,10,1484,18,55,28,23,17.7333450317383,3,-88,22,3936,101
34.8109866189345,0.165201720073572,179,1269.71875,48,14,14,14,10,1526,12,53,29,23,17.8152885437012,3,17,26,4031,105
34.4901532861146,0.163118386743572,181,1458.97729492188,53,13,13,13,10,1417,13,55,29,18,16.4317016601562,3,123,14,370,96
34.5234866193946,0.163118386743572,208,1384.6435546875,51,14,14,14,10,1383,10,55,30,19,16.608003616333,2,-77,15,738,99
34.5276532860546,0.163118386743572,199,1358.83374023438,50,14,14,14,10,1419,13,54,32,18,16.6468868255615,6,85,12,619,97
34.5714032859846,0.163118386743572,233,1547.59448242188,51,14,14,14,10,1428,15,55,30,19,16.832181930542,2,-108,15,683,100
34.6005699526046,0.163118386743572,214,1520.14208984375,49,14,14,14,10,1479,18,54,33,18,16.9400463104248,4,92,18,134,96
34.6714032858245,0.163118386743572,232,1349.44372558594,49,14,14,14,10,1442,14,56,33,18,17.290075302124,8,-48,9,1147,97
34.6755699524845,0.163118386743572,211,1349.44372558594,49,14,14,14,10,1442,14,56,33,18,17.290075302124,8,-48,9,1147,97
34.7505699523645,0.163118386743572,237,1227.83251953125,48,14,14,14,10,1459,19,55,29,23,17.602840423584,10,-78,38,2896,99
34.5109866194146,0.161035053413572,206,1442.68237304688,51,13,13,13,10,1425,10,55,32,18,16.5584335327148,3,157,12,327,101
34.5151532860746,0.161035053413572,192,1442.68237304688,51,13,13,13,10,1425,10,55,32,18,16.5584335327148,3,157,12,327,101
34.6234866192346,0.161035053413572,188,1498.89880371094,49,14,14,14,10,1460,15,56,34,18,17.0492286682129,3,49,12,923,101
34.7214032857445,0.161035053413572,218,1372.73742675781,52,14,14,14,10,1429,19,56,29,19,17.4952449798584,8,-180,12,2260,92
34.7297366190645,0.161035053413572,214,1270.67163085938,50,14,14,14,10,1425,16,56,30,21,17.5396022796631,0,-204,22,2555,97
34.7401532857145,0.161035053413572,227,1223.48620605469,49,14,14,14,10,1441,18,55,29,22,17.5743579864502,3,-119,22,2661,99
34.4755699528046,0.158951720083572,189,1343.28698730469,51,13,13,13,10,1342,12,56,31,18,16.3407039642334,1,-137,13,761,97
34.4984866194346,0.158951720083572,178,1394.91430664062,53,13,13,13,10,1383,12,55,29,18,16.4660797119141,2,-45,19,602,96
34.5276532860546,0.158951720083572,221,1409.13745117188,51,13,13,13,10,1422,12,55,31,18,16.6245765686035,5,-17,17,553,98
34.5297366193846,0.158951720083572,215,1409.13745117188,51,13,13,13,10,1422,12,55,31,18,16.6245765686035,5,-17,17,553,98
34.5443199526946,0.158951720083572,210,1508.64208984375,50,14,14,14,10,1446,16,54,31,19,16.6955585479736,8,-47,31,581,93
34.5526532860146,0.158951720083572,210,1613.68518066406,49,14,14,14,10,1462,14,54,32,18,16.7281303405762,4,95,14,252,101
34.5672366193246,0.158951720083572,242,1661.296875,49,14,14,14,10,1482,14,56,32,19,16.7662658691406,3,127,24,186,104
34.5818199526346,0.158951720083572,207,1500.02795410156,49,14,14,14,10,1445,15,56,32,19,16.8597621917725,8,-88,23,732,98
34.6255699525646,0.158951720083572,232,1399.59045410156,48,14,14,14,10,1461,13,57,35,18,17.0461978912354,4,85,11,770,96
34.6339032858846,0.158951720083572,201,1360.36181640625,48,14,14,14,10,1424,12,56,34,18,17.0895290374756,3,-80,15,1220,99
34.6964032857845,0.158951720083572,188,1421.34851074219,51,13,13,13,10,1499,13,54,31,18,17.3581142425537,9,125,28,1030,96
34.7005699524445,0.158951720083572,185,1421.34851074219,51,13,13,13,10,1499,13,54,31,18,17.3581142425537,9,125,28,1030,96
34.7464032857045,0.158951720083572,201,1252.65832519531,49,14,14,14,10,1444,16,56,29,22,17.5838317871094,5,-126,32,3024,100
34.7922366189645,0.158951720083572,193,1257.85437011719,48,14,14,14,10,1497,14,54,29,23,17.7174034118652,2,-51,40,3604,99
34.8109866189345,0.158951720083572,195,1274.92004394531,46,14,14,14,10,1525,14,54,30,23,17.8128929138184,5,-22,28,3931,99
34.4505699528447,0.156868386753572,182,1308.12158203125,51,13,13,13,10,1348,8,56,31,18,16.2047214508057,3,28,11,570,101
34.4630699528246,0.156868386753572,195,1343.46032714844,51,14,14,14,10,1345,12,57,31,18,16.2957077026367,6,-79,28,528,97
34.5401532860346,0.156868386753572,207,1438.97241210938,50,13,13,13,10,1429,12,53,31,19,16.6609115600586,6,39,18,635,101
34.5589032860046,0.156868386753572,227,1613.68518066406,49,14,14,14,10,1462,14,54,32,18,16.7281303405762,4,95,14,252,101
34.5880699526246,0.156868386753572,220,1451.3779296875,50,14,14,14,10,1436,15,55,32,18,16.8981533050537,2,19,15,589,102
34.6589032858446,0.156868386753572,181,1393.88500976562,49,14,14,14,10,1465,13,55,33,18,17.1889820098877,2,3,10,1060,92
34.7318199523945,0.156868386753572,202,1358.04663085938,52,14,14,14,10,1454,15,56,30,19,17.5151195526123,5,-144,22,2406,96
34.7630699523445,0.156868386753572,207,1222.52880859375,49,14,14,14,10,1452,16,55,28,23,17.6464290618896,7,-167,22,3449,100
34.4609866194946,0.154785053423572,180,1343.46032714844,51,14,14,14,10,1345,12,57,31,18,16.2957077026367,6,-79,28,528,97
34.5318199527146,0.154785053423572,205,1409.13745117188,51,13,13,13,10,1422,12,55,31,18,16.6245765686035,5,-17,17,553,98
34.5484866193546,0.154785053423572,207,1508.64208984375,50,14,14,14,10,1446,16,54,31,19,16.6955585479736,8,-47,31,581,93
34.6109866192546,0.154785053423572,238,1401.53918457031,50,14,14,14,10,1464,14,56,33,18,17.0098438262939,6,109,10,653,94
34.6422366192046,0.154785053423572,193,1324.02453613281,47,14,14,14,10,1416,12,56,34,19,17.1279754638672,4,-141,16,1420,97
34.7276532857345,0.154785053423572,181,1358.04663085938,52,14,14,14,10,1454,15,56,30,19,17.5151195526123,5,-144,22,2406,96
34.7359866190545,0.154785053423572,195,1276.83850097656,50,14,14,14,10,1465,17,54,29,21,17.5527629852295,8,-60,15,2685,99
34.7484866190345,0.154785053423572,203,1252.65832519531,49,14,14,14,10,1444,16,56,29,22,17.5838317871094,5,-126,32,3024,100
34.7630699523445,0.154785053423572,196,1222.52880859375,49,14,14,14,10,1452,16,55,28,23,17.6464290618896,7,-167,22,3449,100
34.5026532860946,0.152701720093572,169,1404.20776367188,52,13,13,13,10,1402,13,56,30,18,16.5056018829346,3,-13,26,614,99
34.5568199526746,0.152701720093572,218,1613.68518066406,49,14,14,14,10,1462,14,54,32,18,16.7281303405762,4,95,14,252,101
34.7005699524445,0.152701720093572,191,1421.34851074219,51,13,13,13,10,1499,13,54,31,18,17.3581142425537,9,125,28,1030,96
34.5172366194046,0.150618386763572,218,1377.09045410156,52,13,13,13,10,1388,11,55,30,18,16.5297546386719,5,-100,19,793,98
34.5839032859646,0.150618386763572,185,1476.67517089844,49,14,14,14,10,1419,13,55,33,18,16.8476238250732,2,-71,9,824,97
34.6130699525846,0.150618386763572,229,1361.81726074219,49,13,13,13,10,1410,12,56,34,18,17.0003929138184,0,-147,20,1055,96
34.6172366192446,0.150618386763572,227,1361.81726074219,49,13,13,13,10,1410,12,56,34,18,17.0003929138184,0,-147,20,1055,96
34.6193199525746,0.150618386763572,240,1360.56591796875,48,14,14,14,10,1411,13,56,33,18,17.0344924926758,2,-157,11,1138,96
34.6464032858646,0.150618386763572,179,1332.38171386719,47,14,14,14,10,1444,13,56,35,18,17.1438846588135,5,-80,13,948,97
34.6693199524945,0.150618386763572,214,1484.24340820312,49,14,14,14,10,1462,14,55,33,18,17.2384071350098,3,-65,10,823,91
34.6797366191445,0.150618386763572,196,1403.67614746094,48,14,14,14,10,1462,14,55,32,20,17.281909942627,9,-35,36,1179,96
34.4318199528747,0.148535053433572,200,1277.70446777344,51,13,13,13,10,1306,11,58,31,19,16.0952415466309,4,-114,18,1151,102
34.4901532861146,0.148535053433572,216,1378.66735839844,52,14,14,14,10,1360,11,55,31,18,16.4026927947998,8,-106,16,1022,95
34.5026532860946,0.148535053433572,202,1355.80065917969,53,14,14,14,10,1384,11,56,30,18,16.4927997589111,4,-76,11,781,99
34.5109866194146,0.148535053433572,203,1377.09045410156,52,13,13,13,10,1388,11,55,30,18,16.5297546386719,5,-100,19,793,98
34.5984866192746,0.148535053433572,237,1357.28381347656,48,13,13,13,10,1412,13,56,34,19,16.9299411773682,1,-99,19,948,98
34.6484866191946,0.148535053433572,190,1332.38171386719,47,14,14,14,10,1444,13,56,35,18,17.1438846588135,5,-80,13,948,97
34.6922366191245,0.148535053433572,181,1362.48181152344,48,14,14,14,10,1461,13,55,32,20,17.322380065918,7,-149,18,1146,100
34.7047366191045,0.148535053433572,185,1483.35815429688,51,14,14,14,10,1530,14,55,31,19,17.3766002655029,5,97,28,567,97
34.5234866193946,0.146451720103572,201,1423.03308105469,51,14,14,14,10,1425,12,55,31,18,16.5626964569092,4,5,15,596,96
34.5401532860346,0.146451720103572,212,1522.75390625,51,13,13,13,10,1431,15,54,31,18,16.6371650695801,6,-45,15,493,98
34.5922366192846,0.146451720103572,201,1387.85607910156,48,14,14,14,10,1424,14,55,34,18,16.8905296325684,3,14,18,657,98
34.7047366191045,0.146451720103572,183,1483.35815429688,51,14,14,14,10,1530,14,55,31,19,17.3766002655029,5,97,28,567,97
34.5755699526446,0.144368386773572,224,1611.61511230469,49,14,14,14,10,1451,16,56,33,18,16.7958316802979,5,51,17,481,96
34.5901532859546,0.144368386773572,213,1387.85607910156,48,14,14,14,10,1424,14,55,34,18,16.8905296325684,3,14,18,657,98
34.6589032858446,0.144368386773572,230,1411.83056640625,49,14,14,14,10,1502,15,55,34,18,17.167818069458,12,109,17,645,89
34.7651532856745,0.144368386773572,185,1290.69250488281,50,14,14,14,10,1499,12,55,28,22,17.6170101165771,6,-46,20,2842,98
34.5026532860946,0.142285053443572,202,1383.95129394531,53,13,13,13,10,1380,11,56,29,18,16.4675598144531,3,-86,20,978,98
34.5276532860546,0.142285053443572,220,1536.12329101562,51,13,13,13,10,1447,12,55,31,18,16.5779476165771,5,18,19,440,97
34.5797366193046,0.142285053443572,235,1415.9189453125,49,14,14,14,10,1413,14,56,33,18,16.8375720977783,5,-73,13,775,94
34.5964032859446,0.142285053443572,251,1355.41638183594,48,14,14,14,10,1431,13,56,33,19,16.9094829559326,5,-40,16,986,95
34.6026532859346,0.142285053443572,238,1376.08764648438,49,14,14,14,10,1433,12,57,33,18,16.942626953125,3,-26,27,881,97
34.6339032858846,0.142285053443572,208,1354.0068359375,46,14,14,14,10,1463,13,56,35,18,17.0499839782715,4,60,23,959,99
34.6505699525246,0.142285053443572,203,1328.99401855469,47,14,14,14,10,1439,13,56,35,19,17.1271553039551,6,-73,22,1209,97
34.6776532858145,0.142285053443572,184,1461.919921875,50,14,14,14,10,1489,12,56,32,18,17.2526626586914,4,18,28,846,97
34.5464032860246,0.140201720113572,221,1565.32312011719,52,14,14,14,10,1422,14,55,30,18,16.6657047271729,2,-120,15,651,97
34.5922366192846,0.140201720113572,244,1354.08679199219,48,13,13,13,10,1409,13,56,34,18,16.8778133392334,1,-93,18,990,97
34.6005699526046,0.140201720113572,238,1355.41638183594,48,14,14,14,10,1431,13,56,33,19,16.9094829559326,5,-40,16,986,95
34.6255699525646,0.140201720113572,216,1392.25708007812,46,14,14,14,10,1463,15,56,36,18,17.0084972381592,7,123,16,830,95
34.6693199524945,0.140201720113572,206,1494.03601074219,51,13,13,13,10,1533,12,54,31,18,17.2129650115967,8,119,20,828,99
34.7609866190145,0.140201720113572,182,1361.53149414062,51,14,14,14,10,1524,12,54,28,21,17.6112308502197,5,-51,16,2509,95
34.5193199527346,0.138118386783572,207,1447.64855957031,52,13,13,13,10,1427,12,56,30,18,16.5439319610596,2,5,14,560,99
34.6047366192646,0.138118386783572,215,1376.08764648438,49,14,14,14,10,1433,12,57,33,18,16.942626953125,3,-26,27,881,97
34.6630699525046,0.138118386783572,181,1458.61328125,51,14,14,14,10,1498,13,56,31,18,17.1807880401611,7,-23,11,804,97
34.5172366194046,0.133951720123572,208,1431.53356933594,51,13,13,13,10,1412,12,56,31,18,16.489128112793,4,-56,13,707,99
34.5234866193946,0.133951720123572,223,1467.88024902344,52,13,13,13,10,1420,13,55,30,18,16.5279121398926,5,-45,21,674,98
34.5755699526446,0.133951720123572,231,1418.06689453125,49,14,14,14,10,1431,14,56,33,18,16.7812786102295,7,-11,10,777,93
34.5901532859546,0.133951720123572,232,1362.41772460938,46,14,14,14,10,1419,15,56,35,20,16.8556175231934,8,-80,18,1180,93
34.5943199526146,0.133951720123572,229,1392.80041503906,49,14,14,14,10,1458,14,55,32,19,16.8833675384521,3,86,20,814,93
34.6234866192346,0.133951720123572,201,1443.185546875,49,14,14,14,10,1466,15,56,33,18,16.9875564575195,7,60,17,782,96
34.5526532860146,0.131868386793572,228,1465.763671875,50,14,14,14,10,1423,15,56,31,19,16.700740814209,8,-85,20,814,95
34.6214032859046,0.131868386793572,190,1443.185546875,49,14,14,14,10,1466,15,56,33,18,16.9875564575195,7,60,17,782,96
34.6297366192246,0.131868386793572,219,1385.71911621094,48,14,14,14,10,1462,14,56,34,19,17.0336265563965,5,-90,24,1008,98
34.6339032858846,0.131868386793572,195,1385.71911621094,48,14,14,14,10,1462,14,56,34,19,17.0336265563965,5,-90,24,1008,98
34.4630699528246,0.129785053463572,239,1432.271484375,49,14,14,14,10,1390,21,56,31,20,16.2164669036865,11,-71,23,356,95
34.5026532860946,0.129785053463572,233,1462.89282226562,51,13,13,13,10,1418,12,56,31,18,16.4405136108398,5,66,15,541,99
34.5151532860746,0.129785053463572,221,1431.53356933594,51,13,13,13,10,1412,12,56,31,18,16.489128112793,4,-56,13,707,99
34.6151532859146,0.129785053463572,191,1460.93383789062,49,14,14,14,10,1466,17,56,34,18,16.9494495391846,5,-12,17,965,97
34.6276532858946,0.129785053463572,223,1385.71911621094,48,14,14,14,10,1462,14,56,34,19,17.0336265563965,5,-90,24,1008,98
34.6714032858245,0.129785053463572,190,1463.30041503906,50,13,13,13,10,1496,12,56,32,18,17.1969680786133,5,-86,34,802,102
34.6839032858045,0.129785053463572,193,1494.74060058594,50,13,13,13,10,1521,13,56,32,18,17.2429981231689,8,93,14,670,99
34.6901532857945,0.129785053463572,178,1465.33410644531,52,13,13,13,10,1514,14,56,30,19,17.2805805206299,4,17,16,1058,94
34.4714032861446,0.127701720133572,241,1513.86047363281,49,14,14,14,10,1415,12,55,32,19,16.2550163269043,5,6,18,215,96
34.4755699528046,0.127701720133572,229,1513.86047363281,49,14,14,14,10,1415,12,55,32,19,16.2550163269043,5,6,18,215,96
34.5172366194046,0.127701720133572,225,1431.53356933594,51,13,13,13,10,1412,12,56,31,18,16.489128112793,4,-56,13,707,99
34.5651532859946,0.127701720133572,249,1449.41784667969,50,14,14,14,10,1424,14,55,31,19,16.7407398223877,5,-61,15,796,94
34.5984866192746,0.127701720133572,184,1392.80041503906,49,14,14,14,10,1458,14,55,32,19,16.8833675384521,3,86,20,814,93
34.6859866191345,0.127701720133572,172,1465.33410644531,52,13,13,13,10,1514,14,56,30,19,17.2805805206299,4,17,16,1058,94
34.4672366194846,0.125618386803572,232,1456.92749023438,49,13,13,13,10,1391,12,56,31,19,16.1944923400879,3,-78,18,558,98
34.4943199527746,0.125618386803572,237,1611.28576660156,51,13,13,13,10,1434,13,56,30,19,16.3676013946533,6,42,28,332,98
34.5109866194146,0.125618386803572,243,1527.66467285156,51,13,13,13,10,1403,13,55,30,19,16.4656085968018,4,-112,15,916,96
34.6089032859246,0.125618386803572,200,1471.02160644531,48,14,14,14,10,1456,15,55,33,19,16.8937911987305,5,-53,46,1075,96
34.4839032861246,0.121451720143572,243,1620.72961425781,51,14,14,14,10,1446,12,56,31,18,16.2705402374268,1,106,15,196,97
34.5609866193346,0.119368386813572,230,1384.85461425781,52,13,13,13,10,1423,15,56,30,18,16.7250080108643,5,-23,30,1175,99
34.5755699526446,0.119368386813572,213,1389.16357421875,49,14,14,14,10,1425,12,54,32,19,16.7616939544678,6,-72,13,1180,97
34.4943199527746,0.117285053483572,276,1680.94445800781,49,14,14,14,10,1426,13,57,31,20,16.3458709716797,5,-114,15,634,99
34.5484866193546,0.117285053483572,266,1452.64477539062,51,14,14,14,10,1407,14,56,30,19,16.6270923614502,3,-101,23,1154,95
34.5714032859846,0.117285053483572,219,1407.54309082031,49,14,14,14,10,1447,13,56,33,19,16.7378635406494,4,60,19,1043,99
34.5839032859646,0.117285053483572,217,1411.17553710938,49,14,14,14,10,1471,12,56,33,19,16.7733001708984,4,108,22,909,97
34.4859866194546,0.115201720153572,284,1670.95471191406,50,14,14,14,10,1447,14,56,31,20,16.2962703704834,3,62,21,239,110
34.5005699527646,0.115201720153572,272,1680.94445800781,49,14,14,14,10,1426,13,57,31,20,16.3458709716797,5,-114,15,634,99
34.4797366194646,0.113118386823572,296,1624.91748046875,51,14,14,14,10,1441,15,56,30,20,16.2518653869629,3,44,28,247,98
34.5005699527646,0.113118386823572,270,1680.94445800781,49,14,14,14,10,1426,13,57,31,20,16.3458709716797,5,-114,15,634,99
34.5589032860046,0.113118386823572,228,1388.38562011719,50,13,13,13,10,1407,13,56,31,19,16.6700592041016,3,-93,14,1329,97
34.5630699526646,0.113118386823572,228,1391.83215332031,50,14,14,14,10,1433,14,56,32,18,16.7033920288086,5,-2,16,1173,96
34.5568199526746,0.111035053493572,221,1388.38562011719,50,13,13,13,10,1407,13,56,31,19,16.6700592041016,3,-93,14,1329,97
34.5776532859746,0.111035053493572,224,1411.17553710938,49,14,14,14,10,1471,12,56,33,19,16.7733001708984,4,108,22,909,97
34.5839032859646,0.111035053493572,211,1411.17553710938,49,14,14,14,10,1471,12,56,33,19,16.7733001708984,4,108,22,909,97
34.4859866194546,0.108951720163572,291,1683.57446289062,50,14,14,14,10,1449,13,56,31,19,16.2790908813477,2,31,27,260,100
34.5589032860046,0.104785053503572,222,1389.42736816406,49,14,14,14,10,1420,14,56,32,20,16.6489448547363,4,-48,24,1356,96
34.5734866193146,0.102701720173572,251,1393.74841308594,48,14,14,14,10,1462,12,56,33,19,16.724027633667,2,109,16,920,101
