"annual_precip","clay","occ","ph20","tree_cover","X","Y","k"
1876.22729492188,36,46,59,25,36.6755475403853,-0.761884907091186,465
1876.22729492188,36,46,59,25,36.6713809093709,-0.76396826112766,535
1899.4208984375,35,47,60,0,36.6797141713997,-0.76396826112766,461
1925.89526367188,36,48,58,57,36.6692975938638,-0.766051615164134,538
1896.49816894531,37,45,59,47,36.6630476473422,-0.768134969200608,503
1896.49816894531,37,45,59,47,36.6651309628494,-0.768134969200608,521
1969.1123046875,31,62,54,57,36.6922140644427,-0.768134969200608,390
1925.89526367188,36,48,58,57,36.6755475403853,-0.770218323237082,541
1969.1123046875,31,62,54,57,36.6859641179212,-0.770218323237082,415
1969.1123046875,31,62,54,57,36.6880474334284,-0.770218323237082,372
1896.49816894531,37,45,59,47,36.6630476473422,-0.772301677273556,529
1961.96130371094,34,59,59,12,36.6776308558925,-0.772301677273556,490
2025.41931152344,33,55,54,63,36.6922140644427,-0.774385031310031,355
1964.70007324219,29,74,53,51,36.6963806954571,-0.774385031310031,432
1960.9208984375,35,44,58,15,36.6755475403853,-0.776468385346505,473
1998.57580566406,34,56,56,56,36.6817974869068,-0.776468385346505,473
2025.41931152344,33,55,54,63,36.6901307489355,-0.780635093419453,356
2025.41931152344,33,55,54,63,36.6922140644427,-0.780635093419453,337
1964.70007324219,29,74,53,51,36.6942973799499,-0.780635093419453,328
1975.43103027344,36,40,58,34,36.6672142783566,-0.782718447455927,504
2022.98913574219,34,49,57,85,36.6797141713997,-0.782718447455927,423
2059.2392578125,31,59,53,59,36.6922140644427,-0.782718447455927,333
2032.67321777344,28,68,53,70,36.6984640109643,-0.782718447455927,390
1989.34338378906,35,45,58,85,36.6734642248781,-0.784801801492402,473
2059.2392578125,31,59,53,59,36.6880474334284,-0.784801801492402,356
1989.34338378906,35,45,58,85,36.6713809093709,-0.786885155528876,462
2059.2392578125,31,59,53,59,36.6922140644427,-0.786885155528876,309
2032.67321777344,28,68,53,70,36.6984640109643,-0.786885155528876,297
2032.67321777344,28,68,53,70,36.7005473264714,-0.786885155528876,303
1975.43103027344,36,40,58,34,36.6672142783566,-0.78896850956535,450
2022.98913574219,34,49,57,85,36.6797141713997,-0.78896850956535,398
1925.11779785156,29,57,52,81,36.7047139574858,-0.78896850956535,708
2012.52673339844,33,43,56,64,36.6755475403853,-0.793135217638298,401
2039.61181640625,30,44,58,55,36.6797141713997,-0.795218571674773,319
2079.0390625,28,60,53,56,36.6922140644427,-0.795218571674773,299
2004.32727050781,34,42,58,87,36.6630476473422,-0.797301925711247,422
2039.61181640625,30,44,58,55,36.6817974869068,-0.797301925711247,272
2079.0390625,28,60,53,56,36.6859641179212,-0.797301925711247,282
2079.0390625,28,60,53,56,36.6880474334284,-0.797301925711247,285
2079.0390625,28,60,53,56,36.6922140644427,-0.797301925711247,299
2000.82043457031,30,55,52,50,36.7088805885002,-0.797301925711247,404
2023.39514160156,36,46,58,36,36.6526310698063,-0.799385279747721,414
2023.39514160156,36,46,58,36,36.6588810163279,-0.799385279747721,406
2028.00646972656,34,43,57,90,36.6672142783566,-0.799385279747721,423
2105.892578125,28,73,52,52,36.6942973799499,-0.799385279747721,280
1969.84948730469,31,52,50,69,36.7109639040073,-0.799385279747721,416
2023.39514160156,36,46,58,36,36.6588810163279,-0.801468633784195,459
2028.00646972656,34,43,57,90,36.6630476473422,-0.801468633784195,440
2088.53735351562,26,63,54,77,36.6922140644427,-0.803551987820669,279
2028.00646972656,34,43,57,90,36.6651309628494,-0.805635341857144,370
2034.21020507812,32,42,54,94,36.6755475403853,-0.805635341857144,289
1969.84948730469,31,52,50,69,36.7130472195145,-0.805635341857144,296
2049.64331054688,31,41,55,93,36.6755475403853,-0.807718695893618,297
2068.52368164062,28,46,53,60,36.6817974869068,-0.807718695893618,270
2068.52368164062,28,46,53,60,36.683880802414,-0.807718695893618,279
2094.02734375,27,62,52,43,36.6922140644427,-0.807718695893618,282
2113.49926757812,28,60,52,76,36.6963806954571,-0.809802049930092,275
2065.16357421875,30,61,51,69,36.7130472195145,-0.809802049930092,281
2065.16357421875,30,61,51,69,36.7151305350217,-0.809802049930092,291
2039.71667480469,34,56,58,15,36.6526310698063,-0.811885403966566,468
2113.49926757812,28,60,52,76,36.6942973799499,-0.811885403966566,286
2113.49926757812,28,60,52,76,36.6963806954571,-0.811885403966566,288
2108.39624023438,29,59,52,65,36.706797272993,-0.811885403966566,278
2015.07653808594,31,59,50,75,36.7234637970504,-0.811885403966566,378
1997.97534179688,31,52,50,61,36.7317970590791,-0.811885403966566,693
2014.04443359375,37,42,58,21,36.6359645457489,-0.81396875800304,496
2068.52368164062,28,46,53,60,36.6797141713997,-0.81396875800304,298
2065.16357421875,30,61,51,69,36.7130472195145,-0.81396875800304,282
2045.42529296875,34,49,59,15,36.6463811232848,-0.816052112039515,507
2059.212890625,32,53,54,53,36.6692975938638,-0.816052112039515,408
2078.05151367188,29,54,53,43,36.6817974869068,-0.816052112039515,309
2125.51879882812,29,61,52,70,36.7047139574858,-0.816052112039515,277
2118.15771484375,29,61,50,62,36.7151305350217,-0.816052112039515,290
2093.58032226562,30,64,52,60,36.7255471125576,-0.816052112039515,320
2050.49755859375,30,53,50,90,36.7338803745863,-0.816052112039515,699
1992.98388671875,31,59,51,61,36.7359636900935,-0.816052112039515,681
2052.41064453125,33,46,59,18,36.6567977008207,-0.818135466075989,506
2059.212890625,32,53,54,53,36.6713809093709,-0.818135466075989,467
2059.212890625,32,53,54,53,36.6734642248781,-0.818135466075989,435
2098.96142578125,27,53,52,60,36.6859641179212,-0.818135466075989,297
2125.51879882812,29,61,52,70,36.706797272993,-0.818135466075989,270
2093.58032226562,30,64,52,60,36.7213804815432,-0.818135466075989,300
2050.49755859375,30,53,50,90,36.7297137435719,-0.818135466075989,373
2050.49755859375,30,53,50,90,36.7338803745863,-0.818135466075989,697
2028.65319824219,35,47,59,16,36.6359645457489,-0.820218820112463,513
2028.65319824219,35,47,59,16,36.6380478612561,-0.820218820112463,508
2028.65319824219,35,47,59,16,36.6401311767633,-0.820218820112463,505
2052.41064453125,33,46,59,18,36.6547143853135,-0.820218820112463,508
2093.58032226562,30,64,52,60,36.719297166036,-0.820218820112463,302
2003.26611328125,37,41,60,17,36.6276312837202,-0.822302174148937,553
2045.42529296875,34,49,59,15,36.6442978077776,-0.822302174148937,502
2059.212890625,32,53,54,53,36.6713809093709,-0.822302174148937,521
2078.05151367188,29,54,53,43,36.6817974869068,-0.822302174148937,357
2118.15771484375,29,61,50,62,36.7109639040073,-0.822302174148937,280
2118.15771484375,29,61,50,62,36.7130472195145,-0.822302174148937,282
2093.58032226562,30,64,52,60,36.7255471125576,-0.822302174148937,295
1992.98388671875,31,59,51,61,36.742213636615,-0.822302174148937,707
2039.8525390625,33,47,58,96,36.6401311767633,-0.824385528185411,482
2103.26953125,27,48,54,56,36.6859641179212,-0.824385528185411,359
2130.93701171875,28,60,53,61,36.7172138505289,-0.824385528185411,288
2094.28002929688,29,41,50,62,36.7317970590791,-0.824385528185411,303
1865.01391601562,38,29,60,1,36.590131604591,-0.826468882221886,656
2011.38024902344,35,50,60,82,36.6338812302417,-0.826468882221886,509
2062.2607421875,32,46,58,15,36.660964331835,-0.826468882221886,473
2130.93701171875,28,60,53,61,36.7130472195145,-0.826468882221886,305
2123.32690429688,29,50,51,57,36.719297166036,-0.826468882221886,286
2033.31726074219,32,49,50,70,36.7380470056006,-0.826468882221886,307
1906.66687011719,38,32,61,7,36.5984648666197,-0.82855223625836,600
2039.8525390625,33,47,58,96,36.6422144922704,-0.82855223625836,521
2062.2607421875,32,46,58,15,36.6651309628494,-0.82855223625836,519
2128.48974609375,27,62,52,59,36.7088805885002,-0.82855223625836,291
2130.93701171875,28,60,53,61,36.7130472195145,-0.82855223625836,306
2123.32690429688,29,50,51,57,36.7255471125576,-0.82855223625836,297
2094.28002929688,29,41,50,62,36.7317970590791,-0.82855223625836,278
2094.28002929688,29,41,50,62,36.7338803745863,-0.82855223625836,275
2033.31726074219,32,49,50,70,36.7380470056006,-0.82855223625836,308
2011.38024902344,35,50,60,82,36.6297145992274,-0.830635590294834,535
2039.8525390625,33,47,58,96,36.6401311767633,-0.830635590294834,510
2039.8525390625,33,47,58,96,36.6422144922704,-0.830635590294834,503
2118.05249023438,26,59,52,63,36.7005473264714,-0.830635590294834,301
1964.88330078125,41,34,60,25,36.6130480751699,-0.832718944331308,550
1964.88330078125,41,34,60,25,36.6172147061843,-0.832718944331308,559
2020.37719726562,35,49,59,59,36.6297145992274,-0.832718944331308,504
2071.83764648438,31,48,59,54,36.6547143853135,-0.832718944331308,447
2071.83764648438,31,48,59,54,36.6588810163279,-0.832718944331308,453
2129.01025390625,27,57,50,62,36.7151305350217,-0.832718944331308,298
2100.83544921875,31,47,50,77,36.7401303211078,-0.832718944331308,297
2063.90966796875,31,57,51,97,36.7463802676294,-0.832718944331308,289
2063.90966796875,31,57,51,97,36.7484635831365,-0.832718944331308,382
2033.43603515625,33,55,50,73,36.7630467916868,-0.832718944331308,700
1964.88330078125,41,34,60,25,36.6172147061843,-0.834802298367782,576
1987.56970214844,39,37,60,73,36.6192980216915,-0.834802298367782,594
2072.53271484375,32,48,59,36,36.6672142783566,-0.834802298367782,487
2116.00805664062,26,56,52,48,36.6942973799499,-0.834802298367782,321
2124.4130859375,25,55,52,69,36.706797272993,-0.834802298367782,308
2124.4130859375,25,55,52,69,36.7088805885002,-0.834802298367782,301
2129.01025390625,27,57,50,62,36.7151305350217,-0.834802298367782,288
2126.19873046875,29,46,52,76,36.7276304280648,-0.834802298367782,284
1964.88330078125,41,34,60,25,36.6109647596628,-0.836885652404256,532
2064.61694335938,32,53,60,13,36.6505477542992,-0.836885652404256,488
2072.53271484375,32,48,59,36,36.660964331835,-0.836885652404256,454
2129.01025390625,27,57,50,62,36.7130472195145,-0.836885652404256,292
2131.68212890625,29,52,51,61,36.7234637970504,-0.836885652404256,305
2131.68212890625,29,52,51,61,36.7255471125576,-0.836885652404256,298
2063.90966796875,31,57,51,97,36.7463802676294,-0.836885652404256,304
2018.6396484375,35,55,51,78,36.7713800537155,-0.836885652404256,732
1987.56970214844,39,37,60,73,36.6234646527058,-0.838969006440731,537
2129.01025390625,27,57,50,62,36.7109639040073,-0.838969006440731,302
2100.83544921875,31,47,50,77,36.742213636615,-0.838969006440731,285
2063.90966796875,31,57,51,97,36.7442969521222,-0.838969006440731,287
2063.90966796875,31,57,51,97,36.7484635831365,-0.838969006440731,316
2041.45959472656,32,58,51,97,36.7526302141509,-0.838969006440731,298
2033.43603515625,33,55,50,73,36.7630467916868,-0.838969006440731,722
1944.17224121094,38,30,60,18,36.6005481821269,-0.841052360477205,614
1965.36511230469,40,31,61,18,36.6026314976341,-0.841052360477205,599
2051.0673828125,33,51,58,58,36.6380478612561,-0.841052360477205,507
2051.0673828125,33,51,58,58,36.6401311767633,-0.841052360477205,487
2084.90234375,30,51,57,52,36.6755475403853,-0.841052360477205,398
2109.66552734375,26,53,54,59,36.6942973799499,-0.841052360477205,334
2109.66552734375,26,53,54,59,36.6963806954571,-0.841052360477205,326
2114.8857421875,26,51,53,54,36.7026306419786,-0.841052360477205,318
2114.8857421875,26,51,53,54,36.7088805885002,-0.841052360477205,307
2130.63623046875,28,44,53,71,36.7255471125576,-0.841052360477205,292
2136.14331054688,28,38,51,77,36.7317970590791,-0.841052360477205,317
2136.14331054688,28,38,51,77,36.7338803745863,-0.841052360477205,319
2087.259765625,33,49,51,91,36.7609634761796,-0.841052360477205,664
1965.36511230469,40,31,61,18,36.6067981286484,-0.843135714513679,565
1998.94555664062,39,41,60,14,36.6234646527058,-0.843135714513679,546
2025.56958007812,35,43,58,90,36.6338812302417,-0.843135714513679,529
2080.0048828125,31,53,56,78,36.6630476473422,-0.843135714513679,420
2084.90234375,30,51,57,52,36.6692975938638,-0.843135714513679,383
2102.93237304688,28,45,54,58,36.6901307489355,-0.843135714513679,347
2102.93237304688,28,45,54,58,36.6922140644427,-0.843135714513679,343
2109.66552734375,26,53,54,59,36.6942973799499,-0.843135714513679,345
2114.8857421875,26,51,53,54,36.7047139574858,-0.843135714513679,348
2136.14331054688,28,38,51,77,36.7338803745863,-0.843135714513679,303
2130.3193359375,31,42,50,82,36.7359636900935,-0.843135714513679,297
2087.259765625,33,49,51,91,36.7672134227011,-0.843135714513679,744
2024.90771484375,34,55,53,85,36.7797133157442,-0.843135714513679,730
1977.22900390625,33,62,53,89,36.7859632622658,-0.843135714513679,726
1944.17224121094,38,30,60,18,36.6005481821269,-0.845219068550153,568
2094.85888671875,30,53,56,25,36.6817974869068,-0.845219068550153,345
2114.8857421875,26,51,53,54,36.706797272993,-0.845219068550153,343
2118.5380859375,31,45,50,97,36.7442969521222,-0.845219068550153,290
2104.638671875,33,49,50,92,36.7526302141509,-0.845219068550153,296
2024.90771484375,34,55,53,85,36.7817966312514,-0.845219068550153,747
1977.22900390625,33,62,53,89,36.7922132087873,-0.845219068550153,754
2025.56958007812,35,43,58,90,36.6317979147345,-0.847302422586627,512
2051.0673828125,33,51,58,58,36.6359645457489,-0.847302422586627,492
2136.14331054688,28,38,51,77,36.7297137435719,-0.847302422586627,270
2118.5380859375,31,45,50,97,36.7484635831365,-0.847302422586627,320
2104.638671875,33,49,50,92,36.7547135296581,-0.847302422586627,303
2104.638671875,33,49,50,92,36.7567968451653,-0.847302422586627,299
2087.259765625,33,49,51,91,36.7630467916868,-0.847302422586627,293
2024.90771484375,34,55,53,85,36.777630000237,-0.847302422586627,713
1983.26501464844,39,33,61,11,36.6109647596628,-0.849385776623102,545
2003.36584472656,39,34,60,14,36.6213813371987,-0.849385776623102,531
2003.36584472656,39,34,60,14,36.625547968213,-0.849385776623102,564
2054.7119140625,32,53,60,48,36.6380478612561,-0.849385776623102,478
2054.7119140625,32,53,60,48,36.6422144922704,-0.849385776623102,439
2075.47680664062,31,53,57,60,36.648464438792,-0.849385776623102,411
2075.47680664062,31,53,57,60,36.6505477542992,-0.849385776623102,430
2107.34692382812,26,50,54,54,36.7047139574858,-0.849385776623102,360
2124.44799804688,27,44,52,62,36.719297166036,-0.849385776623102,296
2112.49682617188,31,46,50,70,36.7463802676294,-0.849385776623102,307
2104.72241210938,32,50,51,96,36.765130107194,-0.849385776623102,306
1975.24304199219,37,57,52,32,36.7963798398016,-0.849385776623102,760
1983.26501464844,39,33,61,11,36.6172147061843,-0.851469130659576,567
2003.36584472656,39,34,60,14,36.6234646527058,-0.851469130659576,569
2027.87219238281,34,48,59,18,36.6276312837202,-0.851469130659576,563
2027.87219238281,34,48,59,18,36.6297145992274,-0.851469130659576,549
2075.47680664062,31,53,57,60,36.6463811232848,-0.851469130659576,453
2082.44873046875,30,48,58,39,36.6672142783566,-0.851469130659576,402
2086.72705078125,29,50,58,43,36.6713809093709,-0.851469130659576,385
2086.72705078125,29,50,58,43,36.6734642248781,-0.851469130659576,364
2086.72705078125,29,50,58,43,36.6755475403853,-0.851469130659576,370
2094.953125,29,59,57,69,36.6817974869068,-0.851469130659576,387
2094.953125,29,59,57,69,36.683880802414,-0.851469130659576,383
2114.3662109375,26,47,53,60,36.7109639040073,-0.851469130659576,334
2112.49682617188,31,46,50,70,36.7484635831365,-0.851469130659576,310
2089.142578125,32,51,52,84,36.7734633692227,-0.851469130659576,719
2060.93896484375,32,54,54,38,36.7838799467586,-0.851469130659576,750
1975.24304199219,37,57,52,32,36.7942965242945,-0.851469130659576,758
2003.36584472656,39,34,60,14,36.6213813371987,-0.85355248469605,555
2075.47680664062,31,53,57,60,36.6463811232848,-0.85355248469605,483
2100.5595703125,28,53,55,54,36.6922140644427,-0.85355248469605,373
2104.17456054688,27,55,55,62,36.6963806954571,-0.85355248469605,366
2107.34692382812,26,50,54,54,36.7088805885002,-0.85355248469605,312
2119.16674804688,31,50,50,81,36.7401303211078,-0.85355248469605,372
2119.16674804688,31,50,50,81,36.742213636615,-0.85355248469605,344
2111.58447265625,33,50,50,97,36.7547135296581,-0.85355248469605,346
2104.72241210938,32,50,51,96,36.7609634761796,-0.85355248469605,298
2089.142578125,32,51,52,84,36.7692967382083,-0.85355248469605,329
2089.142578125,32,51,52,84,36.7713800537155,-0.85355248469605,453
2060.93896484375,32,54,54,38,36.7838799467586,-0.85355248469605,745
1975.24304199219,37,57,52,32,36.7963798398016,-0.85355248469605,795
1983.26501464844,39,33,61,11,36.6109647596628,-0.855635838732524,574
2003.36584472656,39,34,60,14,36.625547968213,-0.855635838732524,561
2027.87219238281,34,48,59,18,36.6276312837202,-0.855635838732524,542
2054.7119140625,32,53,60,48,36.6422144922704,-0.855635838732524,476
2082.44873046875,30,48,58,39,36.6651309628494,-0.855635838732524,368
2094.953125,29,59,57,69,36.6776308558925,-0.855635838732524,388
2107.34692382812,26,50,54,54,36.7047139574858,-0.855635838732524,288
2124.44799804688,27,44,52,62,36.719297166036,-0.855635838732524,301
2124.44799804688,27,44,52,62,36.7234637970504,-0.855635838732524,267
2127.67626953125,29,40,50,68,36.7276304280648,-0.855635838732524,265
2112.49682617188,31,46,50,70,36.7484635831365,-0.855635838732524,310
2104.72241210938,32,50,51,96,36.765130107194,-0.855635838732524,322
2018.62670898438,34,55,50,42,36.7880465777729,-0.855635838732524,749
2001.37512207031,38,35,60,21,36.625547968213,-0.857719192768998,591
2028.81494140625,34,48,60,29,36.6297145992274,-0.857719192768998,538
2085.55395507812,32,61,57,57,36.6505477542992,-0.857719192768998,433
2094.78247070312,29,47,60,49,36.6755475403853,-0.857719192768998,341
2104.12817382812,26,43,53,49,36.7047139574858,-0.857719192768998,283
2119.40502929688,27,44,52,67,36.719297166036,-0.857719192768998,284
2119.40502929688,27,44,52,67,36.7255471125576,-0.857719192768998,268
2118.99145507812,29,40,50,65,36.7297137435719,-0.857719192768998,263
2118.99145507812,29,40,50,65,36.7338803745863,-0.857719192768998,277
2091.12768554688,32,48,49,95,36.7672134227011,-0.857719192768998,333
2064.24975585938,33,46,54,92,36.777630000237,-0.857719192768998,738
2006.13330078125,36,41,55,31,36.7963798398016,-0.857719192768998,772
2100.32641601562,28,57,54,67,36.6922140644427,-0.859802546805473,364
2104.12817382812,26,43,53,49,36.7047139574858,-0.859802546805473,285
2112.19458007812,27,48,52,46,36.7130472195145,-0.859802546805473,276
2118.99145507812,29,40,50,65,36.7297137435719,-0.859802546805473,259
2108.33422851562,31,44,51,81,36.7401303211078,-0.859802546805473,269
2091.12768554688,32,48,49,95,36.7672134227011,-0.859802546805473,332
2037.73022460938,33,52,51,50,36.7859632622658,-0.859802546805473,727
2006.13330078125,36,41,55,31,36.7963798398016,-0.859802546805473,765
1959.24963378906,38,32,62,10,36.6067981286484,-0.861885900841947,595
1959.24963378906,38,32,62,10,36.6088814441556,-0.861885900841947,596
2028.81494140625,34,48,60,29,36.6338812302417,-0.861885900841947,514
2104.12817382812,26,43,53,49,36.7026306419786,-0.861885900841947,308
2119.40502929688,27,44,52,67,36.719297166036,-0.861885900841947,276
2118.99145507812,29,40,50,65,36.7276304280648,-0.861885900841947,265
2091.12768554688,32,48,49,95,36.7630467916868,-0.861885900841947,389
2081.23168945312,33,54,52,92,36.7713800537155,-0.861885900841947,316
2037.73022460938,33,52,51,50,36.7922132087873,-0.861885900841947,734
1970.90258789062,38,48,52,28,36.8047131018304,-0.861885900841947,816
1970.90258789062,38,48,52,28,36.8067964173375,-0.861885900841947,835
1970.90258789062,38,48,52,28,36.8088797328447,-0.861885900841947,867
2001.37512207031,38,35,60,21,36.6192980216915,-0.863969254878421,603
2062.798828125,32,58,59,39,36.6380478612561,-0.863969254878421,505
2088.62646484375,30,61,60,78,36.660964331835,-0.863969254878421,337
2094.78247070312,29,47,60,49,36.6692975938638,-0.863969254878421,309
2094.78247070312,29,47,60,49,36.6755475403853,-0.863969254878421,327
2100.49780273438,28,60,58,45,36.6776308558925,-0.863969254878421,308
2100.32641601562,28,57,54,67,36.6901307489355,-0.863969254878421,333
2100.205078125,27,48,54,70,36.6984640109643,-0.863969254878421,295
2112.19458007812,27,48,52,46,36.7130472195145,-0.863969254878421,276
2112.19458007812,27,48,52,46,36.7151305350217,-0.863969254878421,277
2118.99145507812,29,40,50,65,36.7297137435719,-0.863969254878421,275
2095.80541992188,32,46,50,95,36.7567968451653,-0.863969254878421,324
2081.23168945312,33,54,52,92,36.7692967382083,-0.863969254878421,330
2064.24975585938,33,46,54,92,36.777630000237,-0.863969254878421,310
2006.13330078125,36,41,55,31,36.7963798398016,-0.863969254878421,778
2006.13330078125,36,41,55,31,36.7984631553088,-0.863969254878421,799
1960.04357910156,40,33,61,20,36.6047148131412,-0.866052608914895,646
2020.31506347656,36,44,60,19,36.6317979147345,-0.866052608914895,513
2093.08422851562,31,58,59,16,36.6505477542992,-0.866052608914895,349
2109.07739257812,27,61,54,53,36.6776308558925,-0.866052608914895,304
2109.07739257812,27,61,54,53,36.683880802414,-0.866052608914895,286
2052.34692382812,33,50,52,74,36.7817966312514,-0.866052608914895,405
2032.94592285156,33,54,52,67,36.7880465777729,-0.866052608914895,703
2032.94592285156,33,54,52,67,36.7922132087873,-0.866052608914895,767
1960.04357910156,40,33,61,20,36.6047148131412,-0.868135962951369,669
1960.04357910156,40,33,61,20,36.6088814441556,-0.868135962951369,616
2098.4248046875,30,57,58,42,36.6567977008207,-0.868135962951369,338
2097.36865234375,27,42,51,67,36.7047139574858,-0.868135962951369,293
2115.36840820312,29,39,51,59,36.719297166036,-0.868135962951369,260
2115.77563476562,29,41,52,85,36.7276304280648,-0.868135962951369,267
2109.20581054688,30,40,51,97,36.7359636900935,-0.868135962951369,274
2101.2841796875,30,43,51,77,36.7442969521222,-0.868135962951369,323
2081.39331054688,31,48,51,90,36.7609634761796,-0.868135962951369,307
2081.39331054688,31,48,51,90,36.7630467916868,-0.868135962951369,314
2067.50463867188,32,46,51,93,36.7692967382083,-0.868135962951369,324
2012.18286132812,36,45,52,55,36.7984631553088,-0.868135962951369,798
1949.18823242188,41,52,54,45,36.8255462569021,-0.868135962951369,833
1960.04357910156,40,33,61,20,36.6067981286484,-0.870219316987844,664
2020.31506347656,36,44,60,19,36.6317979147345,-0.870219316987844,535
2020.31506347656,36,44,60,19,36.6338812302417,-0.870219316987844,523
2093.08422851562,31,58,59,16,36.6442978077776,-0.870219316987844,482
2101.17456054688,29,55,55,82,36.6630476473422,-0.870219316987844,290
2108.95263671875,28,54,54,74,36.6734642248781,-0.870219316987844,280
2109.07739257812,27,61,54,53,36.6797141713997,-0.870219316987844,281
2098.93969726562,27,56,55,71,36.6880474334284,-0.870219316987844,276
2092.470703125,27,41,54,87,36.6984640109643,-0.870219316987844,289
2097.36865234375,27,42,51,67,36.7088805885002,-0.870219316987844,283
2107.869140625,28,39,50,64,36.7109639040073,-0.870219316987844,288
2115.36840820312,29,39,51,59,36.719297166036,-0.870219316987844,278
2109.20581054688,30,40,51,97,36.7380470056006,-0.870219316987844,292
2081.39331054688,31,48,51,90,36.7609634761796,-0.870219316987844,309
2067.50463867188,32,46,51,93,36.7734633692227,-0.870219316987844,321
1989.54821777344,38,41,55,13,36.8067964173375,-0.870219316987844,799
2064.1806640625,31,47,60,60,36.6422144922704,-0.872302671024318,502
2093.08422851562,31,58,59,16,36.6505477542992,-0.872302671024318,366
2109.07739257812,27,61,54,53,36.6817974869068,-0.872302671024318,269
2092.470703125,27,41,54,87,36.6963806954571,-0.872302671024318,295
2097.36865234375,27,42,51,67,36.7026306419786,-0.872302671024318,294
2115.36840820312,29,39,51,59,36.7234637970504,-0.872302671024318,257
2093.54809570312,30,48,52,88,36.7567968451653,-0.872302671024318,319
2081.39331054688,31,48,51,90,36.7630467916868,-0.872302671024318,340
2067.50463867188,32,46,51,93,36.7692967382083,-0.872302671024318,341
1989.54821777344,38,41,55,13,36.8088797328447,-0.872302671024318,776
1949.18823242188,41,52,54,45,36.8255462569021,-0.872302671024318,821
1944.68994140625,46,48,53,63,36.8297128879165,-0.872302671024318,804
1949.77844238281,50,42,53,50,36.835962834438,-0.872302671024318,818
1965.451171875,38,41,60,34,36.6109647596628,-0.874386025060792,654
1998.80029296875,34,44,60,75,36.6317979147345,-0.874386025060792,522
2053.26733398438,32,50,57,66,36.6380478612561,-0.874386025060792,511
2053.26733398438,32,50,57,66,36.6422144922704,-0.874386025060792,498
2091.60131835938,32,57,57,78,36.6442978077776,-0.874386025060792,489
2106.23168945312,28,57,55,50,36.6630476473422,-0.874386025060792,281
2111.61938476562,28,59,56,67,36.6713809093709,-0.874386025060792,277
2094.1826171875,28,54,56,67,36.6922140644427,-0.874386025060792,285
2110.57739257812,31,43,50,69,36.7297137435719,-0.874386025060792,279
2028.23840332031,35,52,52,54,36.7901298932801,-0.874386025060792,788
2028.23840332031,35,52,52,54,36.7922132087873,-0.874386025060792,795
2008.41369628906,37,47,51,76,36.7984631553088,-0.874386025060792,801
2008.41369628906,37,47,51,76,36.800546470816,-0.874386025060792,777
1966.8154296875,36,42,60,17,36.6192980216915,-0.876469379097266,571
2094.1826171875,28,54,56,67,36.6901307489355,-0.876469379097266,285
2083.57690429688,28,41,52,86,36.7005473264714,-0.876469379097266,293
2106.08129882812,31,45,51,93,36.7359636900935,-0.876469379097266,274
1956.9365234375,43,42,52,19,36.8213796258878,-0.876469379097266,814
1965.451171875,38,41,60,34,36.6172147061843,-0.87855273313374,608
2091.60131835938,32,57,57,78,36.648464438792,-0.87855273313374,453
2106.23168945312,28,57,55,50,36.6630476473422,-0.87855273313374,294
2111.61938476562,28,59,56,67,36.6692975938638,-0.87855273313374,262
2083.57690429688,28,41,52,86,36.6984640109643,-0.87855273313374,281
2098.13305664062,30,51,51,79,36.7505468986437,-0.87855273313374,334
2087.47241210938,31,51,52,80,36.7588801606724,-0.87855273313374,314
2045.57373046875,34,57,53,60,36.7797133157442,-0.87855273313374,366
2028.23840332031,35,52,52,54,36.7859632622658,-0.87855273313374,392
2008.41369628906,37,47,51,76,36.7984631553088,-0.87855273313374,789
1973.69287109375,42,42,54,68,36.8109630483519,-0.87855273313374,819
1973.69287109375,42,42,54,68,36.8172129948734,-0.87855273313374,806
1956.9365234375,43,42,52,19,36.8213796258878,-0.87855273313374,815
1956.9365234375,43,42,52,19,36.823462941395,-0.87855273313374,791
1939.70336914062,47,52,51,32,36.8297128879165,-0.87855273313374,792
1965.451171875,38,41,60,34,36.6109647596628,-0.880636087170215,640
1965.451171875,38,41,60,34,36.6151313906771,-0.880636087170215,656
2053.26733398438,32,50,57,66,36.6359645457489,-0.880636087170215,530
2091.60131835938,32,57,57,78,36.648464438792,-0.880636087170215,458
2107.54467773438,31,40,50,85,36.7213804815432,-0.880636087170215,274
2110.57739257812,31,43,50,69,36.7317970590791,-0.880636087170215,271
2087.47241210938,31,51,52,80,36.7567968451653,-0.880636087170215,331
2072.75415039062,32,54,54,50,36.7609634761796,-0.880636087170215,320
2072.75415039062,32,54,54,50,36.7630467916868,-0.880636087170215,315
2058.81396484375,32,48,55,44,36.7755466847299,-0.880636087170215,329
2045.57373046875,34,57,53,60,36.7797133157442,-0.880636087170215,364
2028.23840332031,35,52,52,54,36.7880465777729,-0.880636087170215,375
2028.23840332031,35,52,52,54,36.7901298932801,-0.880636087170215,680
1990.80981445312,40,41,51,40,36.8067964173375,-0.880636087170215,767
1944.57678222656,36,40,63,11,36.6234646527058,-0.882719441206689,556
2104.8525390625,31,48,57,59,36.6588810163279,-0.882719441206689,318
2096.62133789062,32,42,51,91,36.7255471125576,-0.882719441206689,279
2071.82421875,31,45,52,75,36.7588801606724,-0.882719441206689,313
2043.45141601562,32,49,52,51,36.7692967382083,-0.882719441206689,315
2033.83447265625,34,42,52,57,36.7817966312514,-0.882719441206689,356
1970.90478515625,42,39,54,22,36.8151296793663,-0.882719441206689,805
1934.43859863281,48,45,54,38,36.8317962034237,-0.882719441206689,818
1964.42846679688,36,38,60,19,36.6088814441556,-0.884802795243163,644
1978.71411132812,34,42,58,21,36.6297145992274,-0.884802795243163,589
2043.68725585938,33,49,58,29,36.6422144922704,-0.884802795243163,506
2092.044921875,32,56,57,41,36.6442978077776,-0.884802795243163,491
2092.044921875,32,56,57,41,36.648464438792,-0.884802795243163,496
2078.04833984375,28,48,53,83,36.6984640109643,-0.884802795243163,271
2078.71044921875,28,47,54,80,36.7088805885002,-0.884802795243163,289
2087.18579101562,30,41,52,59,36.7172138505289,-0.884802795243163,254
2096.62133789062,32,42,51,91,36.719297166036,-0.884802795243163,263
2096.62133789062,32,42,51,91,36.7213804815432,-0.884802795243163,275
2097.34423828125,31,43,52,95,36.7401303211078,-0.884802795243163,298
2087.27563476562,31,58,51,89,36.7442969521222,-0.884802795243163,312
2043.45141601562,32,49,52,51,36.7755466847299,-0.884802795243163,351
2020.98205566406,36,46,52,48,36.7901298932801,-0.884802795243163,361
2005.29858398438,39,42,52,38,36.7942965242945,-0.884802795243163,762
2005.29858398438,39,42,52,38,36.7963798398016,-0.884802795243163,771
1989.57470703125,41,43,54,41,36.8047131018304,-0.884802795243163,757
1970.90478515625,42,39,54,22,36.8130463638591,-0.884802795243163,773
1916.02368164062,50,41,52,30,36.835962834438,-0.884802795243163,836
1880.41943359375,52,43,56,28,36.8526293584955,-0.884802795243163,828
1952.12915039062,36,37,60,17,36.6151313906771,-0.886886149279637,587
2104.8525390625,31,48,57,59,36.6526310698063,-0.886886149279637,428
2078.71044921875,28,47,54,80,36.706797272993,-0.886886149279637,273
2087.18579101562,30,41,52,59,36.7109639040073,-0.886886149279637,317
2096.62133789062,32,42,51,91,36.719297166036,-0.886886149279637,264
2071.82421875,31,45,52,75,36.7547135296581,-0.886886149279637,306
2043.45141601562,32,49,52,51,36.7713800537155,-0.886886149279637,322
2033.83447265625,34,42,52,57,36.7797133157442,-0.886886149279637,336
2020.98205566406,36,46,52,48,36.7922132087873,-0.886886149279637,631
1899.82922363281,51,36,53,27,36.8484627274811,-0.886886149279637,817
1849.27160644531,53,41,57,62,36.8609626205242,-0.886886149279637,830
1964.42846679688,36,38,60,19,36.6047148131412,-0.888969503316111,586
1944.57678222656,36,40,63,11,36.625547968213,-0.888969503316111,577
1978.71411132812,34,42,58,21,36.6276312837202,-0.888969503316111,569
2092.044921875,32,56,57,41,36.6505477542992,-0.888969503316111,453
2093.65600585938,27,57,55,66,36.6817974869068,-0.888969503316111,266
2085.51708984375,28,51,54,67,36.6922140644427,-0.888969503316111,287
2078.71044921875,28,47,54,80,36.7047139574858,-0.888969503316111,286
2087.18579101562,30,41,52,59,36.7109639040073,-0.888969503316111,301
2096.62133789062,32,42,51,91,36.719297166036,-0.888969503316111,268
2055.06225585938,32,52,53,82,36.7609634761796,-0.888969503316111,304
2043.45141601562,32,49,52,51,36.7755466847299,-0.888969503316111,342
1952.71459960938,45,42,52,33,36.8192963103806,-0.888969503316111,796
1838.115234375,37,40,61,54,36.5859649735766,-0.891052857352586,622
1937.43322753906,35,37,60,16,36.6151313906771,-0.891052857352586,602
1934.77624511719,36,41,60,17,36.6213813371987,-0.891052857352586,580
2095.37255859375,32,51,59,30,36.648464438792,-0.891052857352586,455
2108.3671875,29,58,59,37,36.6547143853135,-0.891052857352586,331
2073.8203125,29,40,51,69,36.7088805885002,-0.891052857352586,261
2080.6103515625,31,42,51,73,36.7172138505289,-0.891052857352586,272
2084.970703125,30,45,51,95,36.742213636615,-0.891052857352586,304
2075.80322265625,31,48,52,77,36.7463802676294,-0.891052857352586,311
2059.21020507812,30,51,52,85,36.7588801606724,-0.891052857352586,301
2016.69653320312,35,46,54,47,36.777630000237,-0.891052857352586,328
1948.677734375,47,40,52,44,36.8192963103806,-0.891052857352586,783
1932.88977050781,49,46,52,51,36.8338795189309,-0.891052857352586,825
1838.115234375,37,40,61,54,36.5922149200982,-0.89313621138906,577
1900.91528320312,36,38,59,15,36.5942982356053,-0.89313621138906,588
1937.43322753906,35,37,60,16,36.6151313906771,-0.89313621138906,619
1937.43322753906,35,37,60,16,36.6172147061843,-0.89313621138906,624
1934.77624511719,36,41,60,17,36.6192980216915,-0.89313621138906,619
1970.37255859375,36,42,58,25,36.6338812302417,-0.89313621138906,546
2040.11669921875,35,39,58,16,36.6359645457489,-0.89313621138906,528
2108.3671875,29,58,59,37,36.6547143853135,-0.89313621138906,354
2078.64477539062,28,54,55,74,36.6776308558925,-0.89313621138906,292
2086.1337890625,31,45,52,91,36.7255471125576,-0.89313621138906,294
2088.20141601562,31,41,51,90,36.7338803745863,-0.89313621138906,344
2084.970703125,30,45,51,95,36.7380470056006,-0.89313621138906,318
2025.83544921875,32,43,52,66,36.7692967382083,-0.89313621138906,336
2025.83544921875,32,43,52,66,36.7734633692227,-0.89313621138906,355
1996.55712890625,38,41,52,34,36.7963798398016,-0.89313621138906,776
1948.677734375,47,40,52,44,36.8213796258878,-0.89313621138906,803
1913.3232421875,51,37,54,75,36.8380461499452,-0.89313621138906,851
1781.73840332031,52,38,54,53,36.8797124600888,-0.89313621138906,870
1838.115234375,37,40,61,54,36.5859649735766,-0.895219565425534,610
1935.57141113281,36,39,60,22,36.6026314976341,-0.895219565425534,609
1935.57141113281,36,39,60,22,36.6047148131412,-0.895219565425534,599
1934.77624511719,36,41,60,17,36.625547968213,-0.895219565425534,562
2095.37255859375,32,51,59,30,36.6463811232848,-0.895219565425534,458
2108.3671875,29,58,59,37,36.6547143853135,-0.895219565425534,338
2108.3671875,29,58,59,37,36.6567977008207,-0.895219565425534,312
2025.83544921875,32,43,52,66,36.7692967382083,-0.895219565425534,346
2025.83544921875,32,43,52,66,36.7755466847299,-0.895219565425534,385
2007.65380859375,36,39,55,47,36.7859632622658,-0.895219565425534,354
1913.3232421875,51,37,54,75,36.8422127809596,-0.895219565425534,859
1898.74194335938,51,38,52,31,36.8484627274811,-0.895219565425534,856
1884.57385253906,52,38,54,34,36.8567959895098,-0.895219565425534,840
1860.31164550781,53,38,54,22,36.8609626205242,-0.895219565425534,874
1746.94262695312,40,43,59,11,36.5776317115479,-0.897302919462008,626
1935.57141113281,36,39,60,22,36.6067981286484,-0.897302919462008,582
1937.43322753906,35,37,60,16,36.6151313906771,-0.897302919462008,608
1934.77624511719,36,41,60,17,36.6192980216915,-0.897302919462008,618
2108.3671875,29,58,59,37,36.6588810163279,-0.897302919462008,321
2096.5693359375,29,60,56,69,36.660964331835,-0.897302919462008,292
2074.37109375,28,53,54,88,36.6859641179212,-0.897302919462008,300
2071.18994140625,29,46,53,95,36.6984640109643,-0.897302919462008,290
2080.6103515625,31,42,51,73,36.7172138505289,-0.897302919462008,266
2025.83544921875,32,43,52,66,36.7713800537155,-0.897302919462008,355
2025.83544921875,32,43,52,66,36.7734633692227,-0.897302919462008,363
2007.65380859375,36,39,55,47,36.7922132087873,-0.897302919462008,374
1996.55712890625,38,41,52,34,36.7942965242945,-0.897302919462008,635
1996.55712890625,38,41,52,34,36.7963798398016,-0.897302919462008,787
1964.07836914062,42,41,52,60,36.8130463638591,-0.897302919462008,769
1948.677734375,47,40,52,44,36.8255462569021,-0.897302919462008,834
1932.88977050781,49,46,52,51,36.8317962034237,-0.897302919462008,839
1860.31164550781,53,38,54,22,36.8630459360314,-0.897302919462008,853
1860.31164550781,53,38,54,22,36.8651292515385,-0.897302919462008,853
1412.14636230469,41,44,62,45,36.5713817650264,-0.899386273498482,672
1472.58850097656,37,53,60,34,36.5838816580694,-0.899386273498482,640
1598.46423339844,31,47,62,56,36.5922149200982,-0.899386273498482,581
1920.01928710938,35,35,62,24,36.6109647596628,-0.899386273498482,628
2096.86572265625,32,58,58,58,36.6442978077776,-0.899386273498482,508
2071.3369140625,30,39,50,83,36.7172138505289,-0.899386273498482,275
2066.42993164062,30,44,54,71,36.742213636615,-0.899386273498482,296
2015.23950195312,34,57,53,28,36.7755466847299,-0.899386273498482,342
1951.03576660156,45,41,56,15,36.8172129948734,-0.899386273498482,789
1890.45727539062,50,35,55,51,36.8463794119739,-0.899386273498482,912
1873.91931152344,51,34,53,21,36.8630459360314,-0.899386273498482,845
1851.34216308594,52,33,53,45,36.8734625135672,-0.899386273498482,862
1815.90124511719,52,45,54,30,36.8776291445816,-0.899386273498482,839
1815.90124511719,52,45,54,30,36.881795775596,-0.899386273498482,888
1852.87438964844,36,37,60,20,36.6026314976341,-0.901469627534957,557
1852.87438964844,36,37,60,20,36.6047148131412,-0.901469627534957,583
2096.86572265625,32,58,58,58,36.648464438792,-0.901469627534957,447
2096.86572265625,32,58,58,58,36.6505477542992,-0.901469627534957,394
2074.83422851562,30,43,50,89,36.7255471125576,-0.901469627534957,293
2030.51220703125,32,46,55,88,36.7672134227011,-0.901469627534957,321
2015.23950195312,34,57,53,28,36.7734633692227,-0.901469627534957,340
2003.56188964844,35,40,52,20,36.7817966312514,-0.901469627534957,350
2003.56188964844,35,40,52,20,36.7838799467586,-0.901469627534957,343
1994.53454589844,35,39,51,47,36.7859632622658,-0.901469627534957,352
1925.50183105469,51,39,53,34,36.8338795189309,-0.901469627534957,885
1412.14636230469,41,44,62,45,36.5734650805336,-0.903552981571431,686
1472.58850097656,37,53,60,34,36.5797150270551,-0.903552981571431,641
1852.87438964844,36,37,60,20,36.6067981286484,-0.903552981571431,537
2063.72192382812,29,51,54,66,36.6880474334284,-0.903552981571431,290
2064.93139648438,29,41,50,59,36.7088805885002,-0.903552981571431,294
2071.3369140625,30,39,50,83,36.7109639040073,-0.903552981571431,285
2074.83422851562,30,43,50,89,36.7213804815432,-0.903552981571431,297
1967.10705566406,40,47,52,48,36.8047131018304,-0.903552981571431,776
1939.36767578125,50,36,56,52,36.8213796258878,-0.903552981571431,837
1904.779296875,51,40,52,30,36.8380461499452,-0.903552981571431,881
1904.779296875,51,40,52,30,36.8401294654524,-0.903552981571431,904
1815.90124511719,52,45,54,30,36.8776291445816,-0.903552981571431,862
1412.14636230469,41,44,62,45,36.5755483960407,-0.905636335607905,662
1852.87438964844,36,37,60,20,36.6088814441556,-0.905636335607905,541
1920.01928710938,35,35,62,24,36.6151313906771,-0.905636335607905,565
1976.77697753906,36,43,60,23,36.6276312837202,-0.905636335607905,603
1976.77697753906,36,43,60,23,36.6297145992274,-0.905636335607905,584
2040.77502441406,35,39,58,17,36.6401311767633,-0.905636335607905,501
2070.49877929688,30,57,56,66,36.6776308558925,-0.905636335607905,287
2063.72192382812,29,51,54,66,36.6922140644427,-0.905636335607905,295
2071.3369140625,30,39,50,83,36.7130472195145,-0.905636335607905,293
2071.3369140625,30,39,50,83,36.7172138505289,-0.905636335607905,287
2056.66870117188,30,48,54,81,36.7505468986437,-0.905636335607905,335
2015.23950195312,34,57,53,28,36.7713800537155,-0.905636335607905,336
2015.23950195312,34,57,53,28,36.7755466847299,-0.905636335607905,356
2003.56188964844,35,40,52,20,36.777630000237,-0.905636335607905,360
1983.16796875,37,38,54,39,36.800546470816,-0.905636335607905,775
1967.10705566406,40,47,52,48,36.8047131018304,-0.905636335607905,801
1951.03576660156,45,41,56,15,36.8109630483519,-0.905636335607905,841
1873.91931152344,51,34,53,21,36.8609626205242,-0.905636335607905,899
1873.91931152344,51,34,53,21,36.8630459360314,-0.905636335607905,873
1851.34216308594,52,33,53,45,36.8734625135672,-0.905636335607905,857
1441.84948730469,33,59,56,45,36.5984648666197,-0.907719689644379,543
1704.5654296875,35,44,56,51,36.6047148131412,-0.907719689644379,543
2095.25244140625,33,58,57,60,36.6505477542992,-0.907719689644379,413
2106.95239257812,31,56,56,70,36.6526310698063,-0.907719689644379,368
2060.486328125,31,51,54,84,36.6817974869068,-0.907719689644379,278
2021.14025878906,33,47,53,85,36.7630467916868,-0.907719689644379,339
1974.51647949219,39,48,55,54,36.7963798398016,-0.907719689644379,639
1876.8154296875,51,33,55,28,36.8442960964667,-0.907719689644379,885
1873.02282714844,50,38,55,22,36.8609626205242,-0.907719689644379,886
1164.96716308594,43,38,63,24,36.5692984495192,-0.909803043680853,837
1250.6884765625,38,52,59,27,36.5859649735766,-0.909803043680853,591
1441.84948730469,33,59,56,45,36.5942982356053,-0.909803043680853,515
1886.59533691406,35,37,59,22,36.6109647596628,-0.909803043680853,458
1886.59533691406,35,37,59,22,36.6151313906771,-0.909803043680853,512
2106.95239257812,31,56,56,70,36.6588810163279,-0.909803043680853,302
2072.83032226562,29,62,55,76,36.6713809093709,-0.909803043680853,289
2072.83032226562,29,62,55,76,36.6734642248781,-0.909803043680853,283
2072.83032226562,29,62,55,76,36.6755475403853,-0.909803043680853,289
2060.486328125,31,51,54,84,36.683880802414,-0.909803043680853,293
2059.865234375,30,43,52,60,36.7172138505289,-0.909803043680853,287
2062.74731445312,31,46,51,60,36.719297166036,-0.909803043680853,284
2045.97680664062,30,48,54,65,36.7359636900935,-0.909803043680853,295
2026.13232421875,32,51,55,72,36.7567968451653,-0.909803043680853,312
1999.58264160156,34,46,53,46,36.7838799467586,-0.909803043680853,372
1953.93933105469,42,45,54,49,36.8047131018304,-0.909803043680853,793
1936.58178710938,48,38,52,33,36.8130463638591,-0.909803043680853,855
1889.78210449219,51,33,54,51,36.835962834438,-0.909803043680853,847
1889.78210449219,51,33,54,51,36.8422127809596,-0.909803043680853,879
1876.8154296875,51,33,55,28,36.8484627274811,-0.909803043680853,893
1873.55676269531,50,40,54,59,36.8567959895098,-0.909803043680853,891
1865.9140625,51,32,55,44,36.8692958825529,-0.909803043680853,859
1865.9140625,51,32,55,44,36.8734625135672,-0.909803043680853,866
1250.6884765625,38,52,59,27,36.5922149200982,-0.911886397717327,508
1441.84948730469,33,59,56,45,36.5942982356053,-0.911886397717327,520
1441.84948730469,33,59,56,45,36.5963815511125,-0.911886397717327,491
2046.33386230469,35,39,57,18,36.6380478612561,-0.911886397717327,487
2072.83032226562,29,62,55,76,36.6713809093709,-0.911886397717327,297
2055.64770507812,30,44,51,65,36.706797272993,-0.911886397717327,272
2059.865234375,30,43,52,60,36.7130472195145,-0.911886397717327,272
2021.14025878906,33,47,53,85,36.765130107194,-0.911886397717327,361
1999.58264160156,34,46,53,46,36.7797133157442,-0.911886397717327,366
1936.58178710938,48,38,52,33,36.8109630483519,-0.911886397717327,872
1924.646484375,51,43,53,63,36.8255462569021,-0.911886397717327,899
1910.0537109375,50,34,54,34,36.8297128879165,-0.911886397717327,876
1873.55676269531,50,40,54,59,36.858879305017,-0.911886397717327,890
1873.02282714844,50,38,55,22,36.8630459360314,-0.911886397717327,870
1801.56262207031,50,30,53,21,36.8963789841462,-0.911886397717327,521
1146.70532226562,42,33,60,26,36.5817983425623,-0.913969751753802,609
1441.84948730469,33,59,56,45,36.5942982356053,-0.913969751753802,531
1441.84948730469,33,59,56,45,36.6005481821269,-0.913969751753802,390
2095.25244140625,33,58,57,60,36.6463811232848,-0.913969751753802,445
2106.95239257812,31,56,56,70,36.6526310698063,-0.913969751753802,350
2052.00244140625,30,53,54,55,36.6963806954571,-0.913969751753802,302
2055.64770507812,30,44,51,65,36.7026306419786,-0.913969751753802,286
2055.64770507812,30,44,51,65,36.706797272993,-0.913969751753802,280
2021.14025878906,33,47,53,85,36.765130107194,-0.913969751753802,386
2010.5458984375,34,45,51,27,36.7713800537155,-0.913969751753802,377
1989.58666992188,36,36,54,34,36.7901298932801,-0.913969751753802,390
1936.58178710938,48,38,52,33,36.8130463638591,-0.913969751753802,832
1924.646484375,51,43,53,63,36.8255462569021,-0.913969751753802,888
1910.0537109375,50,34,54,34,36.8276295724093,-0.913969751753802,874
1873.02282714844,50,38,55,22,36.8651292515385,-0.913969751753802,895
1865.9140625,51,32,55,44,36.8692958825529,-0.913969751753802,852
1845.35888671875,52,42,54,60,36.8838790911031,-0.913969751753802,447
981.539611816406,45,30,62,17,36.5755483960407,-0.916053105790276,769
994.124328613281,42,38,61,15,36.5880482890838,-0.916053105790276,544
994.124328613281,42,38,61,15,36.590131604591,-0.916053105790276,529
1560.85888671875,36,30,56,72,36.6026314976341,-0.916053105790276,358
2058.07861328125,29,60,56,61,36.6755475403853,-0.916053105790276,332
2053.0048828125,30,43,53,61,36.7172138505289,-0.916053105790276,290
2014.34936523438,32,45,52,47,36.7463802676294,-0.916053105790276,306
1968.92297363281,40,37,54,56,36.7942965242945,-0.916053105790276,402
1948.36022949219,44,41,54,35,36.8088797328447,-0.916053105790276,803
1871.2939453125,51,36,54,38,36.8422127809596,-0.916053105790276,867
1857.82604980469,51,32,55,39,36.8609626205242,-0.916053105790276,880
1205.49975585938,37,29,56,45,36.5942982356053,-0.91813645982675,546
1560.85888671875,36,30,56,72,36.6067981286484,-0.91813645982675,367
2053.306640625,33,58,59,23,36.6422144922704,-0.91813645982675,446
2092.30419921875,32,63,55,70,36.6505477542992,-0.91813645982675,329
2014.34936523438,32,45,52,47,36.7484635831365,-0.91813645982675,342
2007.91760253906,35,39,52,51,36.765130107194,-0.91813645982675,367
1948.36022949219,44,41,54,35,36.8026297863232,-0.91813645982675,784
1930.28747558594,48,38,52,53,36.8172129948734,-0.91813645982675,860
1857.82604980469,51,32,55,39,36.8609626205242,-0.91813645982675,903
1855.48828125,51,30,56,26,36.8734625135672,-0.91813645982675,810
1855.48828125,51,30,56,26,36.8755458290744,-0.91813645982675,625
1802.2275390625,52,30,55,27,36.9088788771893,-0.91813645982675,510
1205.49975585938,37,29,56,45,36.5984648666197,-0.920219813863224,454
1560.85888671875,36,30,56,72,36.6088814441556,-0.920219813863224,359
1838.30322265625,34,44,59,44,36.6109647596628,-0.920219813863224,365
1838.30322265625,34,44,59,44,36.6130480751699,-0.920219813863224,393
1954.97326660156,34,47,58,87,36.6213813371987,-0.920219813863224,438
2092.30419921875,32,63,55,70,36.648464438792,-0.920219813863224,331
2045.72131347656,30,57,55,70,36.6776308558925,-0.920219813863224,288
2038.62512207031,30,50,54,67,36.6859641179212,-0.920219813863224,293
2038.62512207031,30,50,54,67,36.6880474334284,-0.920219813863224,310
2047.61181640625,30,45,52,79,36.7088805885002,-0.920219813863224,291
2053.0048828125,30,43,53,61,36.7151305350217,-0.920219813863224,284
2007.91760253906,35,39,52,51,36.7672134227011,-0.920219813863224,339
1948.36022949219,44,41,54,35,36.8047131018304,-0.920219813863224,768
1948.36022949219,44,41,54,35,36.8088797328447,-0.920219813863224,810
1930.28747558594,48,38,52,53,36.8109630483519,-0.920219813863224,819
1915.07385253906,51,40,55,35,36.823462941395,-0.920219813863224,864
1895.30114746094,52,42,54,30,36.8317962034237,-0.920219813863224,885
1895.30114746094,52,42,54,30,36.8338795189309,-0.920219813863224,887
1857.82604980469,51,32,55,39,36.8651292515385,-0.920219813863224,906
1954.97326660156,34,47,58,87,36.6192980216915,-0.922303167899698,397
2004.34399414062,34,44,58,80,36.6276312837202,-0.922303167899698,426
2053.306640625,33,58,59,23,36.6359645457489,-0.922303167899698,388
2058.07861328125,29,60,56,61,36.6713809093709,-0.922303167899698,273
2053.0048828125,30,43,53,61,36.7130472195145,-0.922303167899698,294
2034.20703125,30,53,53,53,36.742213636615,-0.922303167899698,353
2009.04699707031,34,53,52,59,36.7547135296581,-0.922303167899698,382
2007.91760253906,35,39,52,51,36.7630467916868,-0.922303167899698,353
2007.91760253906,35,39,52,51,36.7672134227011,-0.922303167899698,376
1968.92297363281,40,37,54,56,36.7963798398016,-0.922303167899698,617
1895.30114746094,52,42,54,30,36.8297128879165,-0.922303167899698,887
1871.2939453125,51,36,54,38,36.8401294654524,-0.922303167899698,902
964.403259277344,43,20,63,3,36.5609651874905,-0.924386521936173,931
1076.74450683594,40,29,57,39,36.5942982356053,-0.924386521936173,526
1761.03369140625,36,33,55,40,36.6172147061843,-0.924386521936173,361
2079.5400390625,30,61,55,70,36.6526310698063,-0.924386521936173,294
2054.48046875,30,59,54,81,36.6672142783566,-0.924386521936173,285
2026.21240234375,30,54,54,63,36.6880474334284,-0.924386521936173,299
1993.509765625,35,42,52,28,36.765130107194,-0.924386521936173,380
1976.29931640625,40,37,54,62,36.7901298932801,-0.924386521936173,389
1857.28820800781,50,34,55,41,36.8401294654524,-0.924386521936173,882
1857.28820800781,50,34,55,41,36.8422127809596,-0.924386521936173,863
1838.28967285156,50,33,54,47,36.8463794119739,-0.924386521936173,878
1823.09790039062,54,31,56,36,36.8880457221175,-0.924386521936173,465
1823.05090332031,52,29,57,20,36.9005456151606,-0.924386521936173,516
1922.26843261719,34,42,55,89,36.6192980216915,-0.926469875972647,375
2054.48046875,30,59,54,81,36.6630476473422,-0.926469875972647,292
2036.43811035156,29,47,52,27,36.7401303211078,-0.926469875972647,343
2013.15002441406,31,39,54,27,36.7484635831365,-0.926469875972647,389
1993.509765625,35,42,52,28,36.765130107194,-0.926469875972647,378
1913.85705566406,51,38,53,17,36.823462941395,-0.926469875972647,848
1838.59790039062,51,31,58,24,36.8630459360314,-0.926469875972647,856
1838.59790039062,51,31,58,24,36.8651292515385,-0.926469875972647,858
1830.4599609375,53,34,55,18,36.8838790911031,-0.926469875972647,486
1076.74450683594,40,29,57,39,36.5963815511125,-0.928553230009121,495
1761.03369140625,36,33,55,40,36.6151313906771,-0.928553230009121,355
2086.6337890625,30,67,55,74,36.6463811232848,-0.928553230009121,316
2030.88537597656,30,51,55,75,36.6776308558925,-0.928553230009121,273
2036.75341796875,30,50,51,91,36.7047139574858,-0.928553230009121,290
2013.15002441406,31,39,54,27,36.7442969521222,-0.928553230009121,368
2013.15002441406,31,39,54,27,36.7463802676294,-0.928553230009121,374
2013.15002441406,31,39,54,27,36.7505468986437,-0.928553230009121,394
1984.43225097656,36,37,54,21,36.7797133157442,-0.928553230009121,353
1857.28820800781,50,34,55,41,36.835962834438,-0.928553230009121,868
1838.28967285156,50,33,54,47,36.8463794119739,-0.928553230009121,859
1838.59790039062,51,31,58,24,36.8609626205242,-0.928553230009121,847
1838.66345214844,52,30,55,25,36.8734625135672,-0.928553230009121,458
1830.4599609375,53,34,55,18,36.8776291445816,-0.928553230009121,459
1830.4599609375,53,34,55,18,36.8797124600888,-0.928553230009121,479
878.862731933594,44,19,63,0,36.5713817650264,-0.930636584045595,825
1076.74450683594,40,29,57,39,36.6005481821269,-0.930636584045595,425
1922.26843261719,34,42,55,89,36.6192980216915,-0.930636584045595,377
2054.28735351562,31,54,59,71,36.6380478612561,-0.930636584045595,301
2086.6337890625,30,67,55,74,36.6442978077776,-0.930636584045595,294
2054.48046875,30,59,54,81,36.660964331835,-0.930636584045595,292
2038.01354980469,30,57,55,72,36.6692975938638,-0.930636584045595,284
2036.75341796875,30,50,51,91,36.7026306419786,-0.930636584045595,299
2036.75341796875,30,50,51,91,36.7047139574858,-0.930636584045595,305
1984.43225097656,36,37,54,21,36.777630000237,-0.930636584045595,362
1984.43225097656,36,37,54,21,36.7838799467586,-0.930636584045595,339
1838.59790039062,51,31,58,24,36.8609626205242,-0.930636584045595,854
1823.09790039062,54,31,56,36,36.8859624066103,-0.930636584045595,473
1815.15209960938,53,25,57,32,36.9026289306677,-0.930636584045595,524
1795.0361328125,53,23,57,30,36.917212139218,-0.930636584045595,563
806.450317382812,44,22,62,5,36.5817983425623,-0.932719938082069,723
1285.46899414062,39,30,56,70,36.6067981286484,-0.932719938082069,366
1619.21264648438,37,44,58,30,36.6172147061843,-0.932719938082069,347
2028.4287109375,30,49,53,93,36.6672142783566,-0.932719938082069,303
2015.86303710938,29,52,53,72,36.6880474334284,-0.932719938082069,296
2015.86303710938,29,52,53,72,36.6922140644427,-0.932719938082069,300
2017.8994140625,30,48,53,78,36.7005473264714,-0.932719938082069,292
2048.63330078125,30,42,50,91,36.7213804815432,-0.932719938082069,290
1994.90380859375,33,36,54,42,36.7547135296581,-0.932719938082069,372
1994.90380859375,33,36,54,42,36.7588801606724,-0.932719938082069,392
1970.87878417969,41,39,51,49,36.7922132087873,-0.932719938082069,393
1954.51623535156,44,36,54,55,36.7942965242945,-0.932719938082069,503
1939.45263671875,47,43,54,47,36.8047131018304,-0.932719938082069,826
1911.65368652344,52,36,52,60,36.8213796258878,-0.932719938082069,846
1849.73986816406,51,37,53,20,36.835962834438,-0.932719938082069,865
1822.91271972656,52,30,55,17,36.8609626205242,-0.932719938082069,848
1822.91271972656,52,30,55,17,36.8651292515385,-0.932719938082069,448
1822.91271972656,52,30,55,17,36.8672125670457,-0.932719938082069,448
1825.353515625,53,29,56,25,36.881795775596,-0.932719938082069,477
1825.353515625,53,29,56,25,36.8838790911031,-0.932719938082069,467
1817.75231933594,55,23,56,44,36.9047122461749,-0.932719938082069,517
1773.11657714844,53,23,56,46,36.9213787702324,-0.932719938082069,548
834.993957519531,47,24,60,54,36.590131604591,-0.934803292118544,511
834.993957519531,47,24,60,54,36.5922149200982,-0.934803292118544,451
2070.73583984375,30,63,56,57,36.648464438792,-0.934803292118544,298
2028.4287109375,30,49,53,93,36.660964331835,-0.934803292118544,302
2014.1728515625,30,61,54,60,36.6776308558925,-0.934803292118544,295
2014.1728515625,30,61,54,60,36.6797141713997,-0.934803292118544,295
2015.86303710938,29,52,53,72,36.6880474334284,-0.934803292118544,305
2015.86303710938,29,52,53,72,36.6901307489355,-0.934803292118544,311
2017.8994140625,30,48,53,78,36.6963806954571,-0.934803292118544,300
2025.40991210938,30,51,51,77,36.7088805885002,-0.934803292118544,286
2037.498046875,31,44,52,82,36.7151305350217,-0.934803292118544,284
2048.63330078125,30,42,50,91,36.7213804815432,-0.934803292118544,291
2039.28137207031,30,56,53,70,36.7380470056006,-0.934803292118544,325
2039.28137207031,30,56,53,70,36.742213636615,-0.934803292118544,317
1977.20434570312,38,43,54,35,36.777630000237,-0.934803292118544,414
1977.20434570312,38,43,54,35,36.7797133157442,-0.934803292118544,442
1954.51623535156,44,36,54,55,36.800546470816,-0.934803292118544,792
1911.65368652344,52,36,52,60,36.823462941395,-0.934803292118544,868
1883.65307617188,51,30,55,25,36.8297128879165,-0.934803292118544,876
1849.73986816406,51,37,53,20,36.835962834438,-0.934803292118544,877
1816.17150878906,50,31,55,26,36.8547126740026,-0.934803292118544,896
1821.99914550781,53,30,55,18,36.8859624066103,-0.934803292118544,499
806.450317382812,44,22,62,5,36.5797150270551,-0.936886646155018,790
1619.21264648438,37,44,58,30,36.6109647596628,-0.936886646155018,381
1619.21264648438,37,44,58,30,36.6172147061843,-0.936886646155018,372
1966.76586914062,33,37,57,95,36.6297145992274,-0.936886646155018,349
2040.04626464844,32,64,59,22,36.6359645457489,-0.936886646155018,332
2040.04626464844,32,64,59,22,36.6401311767633,-0.936886646155018,382
2028.4287109375,30,49,53,93,36.6672142783566,-0.936886646155018,303
2013.84912109375,31,60,53,73,36.6692975938638,-0.936886646155018,299
2013.84912109375,31,60,53,73,36.6713809093709,-0.936886646155018,295
2013.84912109375,31,60,53,73,36.6755475403853,-0.936886646155018,296
2039.28137207031,30,56,53,70,36.742213636615,-0.936886646155018,313
1994.90380859375,33,36,54,42,36.7588801606724,-0.936886646155018,391
1977.20434570312,38,43,54,35,36.7797133157442,-0.936886646155018,443
1977.20434570312,38,43,54,35,36.7838799467586,-0.936886646155018,358
1939.45263671875,47,43,54,47,36.8088797328447,-0.936886646155018,785
1849.73986816406,51,37,53,20,36.8401294654524,-0.936886646155018,852
1821.99914550781,53,30,55,18,36.8859624066103,-0.936886646155018,504
1822.9814453125,53,30,57,33,36.9005456151606,-0.936886646155018,555
1797.57788085938,54,24,57,16,36.917212139218,-0.936886646155018,562
1773.11657714844,53,23,56,46,36.9255454012467,-0.936886646155018,509
806.450317382812,44,22,62,5,36.5776317115479,-0.938970000191492,768
1285.46899414062,39,30,56,70,36.6026314976341,-0.938970000191492,444
2057.29931640625,30,67,55,72,36.6526310698063,-0.938970000191492,309
2017.8994140625,30,48,53,78,36.6942973799499,-0.938970000191492,307
2037.498046875,31,44,52,82,36.7172138505289,-0.938970000191492,305
2051.716796875,29,49,51,78,36.7297137435719,-0.938970000191492,325
2051.716796875,29,49,51,78,36.7317970590791,-0.938970000191492,330
1994.90380859375,33,36,54,42,36.7526302141509,-0.938970000191492,389
1970.87878417969,41,39,51,49,36.7880465777729,-0.938970000191492,384
1954.51623535156,44,36,54,55,36.7963798398016,-0.938970000191492,880
1849.73986816406,51,37,53,20,36.8380461499452,-0.938970000191492,876
1849.73986816406,51,37,53,20,36.8401294654524,-0.938970000191492,865
1822.91809082031,51,38,52,43,36.8484627274811,-0.938970000191492,900
1816.17150878906,50,31,55,26,36.8547126740026,-0.938970000191492,829
1821.99914550781,53,30,55,18,36.8880457221175,-0.938970000191492,517
1822.9814453125,53,30,57,33,36.894295668639,-0.938970000191492,512
1749.2265625,53,25,55,37,36.9297120322611,-0.938970000191492,522
803.075927734375,42,20,65,9,36.5713817650264,-0.941053354227966,869
803.075927734375,42,20,65,9,36.5755483960407,-0.941053354227966,754
803.384216308594,47,30,62,51,36.5922149200982,-0.941053354227966,480
894.684692382812,45,27,60,9,36.5984648666197,-0.941053354227966,470
1420.41467285156,38,35,59,34,36.6130480751699,-0.941053354227966,400
1420.41467285156,38,35,59,34,36.6172147061843,-0.941053354227966,410
1712.65881347656,36,34,61,14,36.6234646527058,-0.941053354227966,437
1904.81860351562,33,39,57,91,36.6317979147345,-0.941053354227966,443
2007.54138183594,34,64,58,88,36.6401311767633,-0.941053354227966,402
2047.36987304688,32,78,59,49,36.6505477542992,-0.941053354227966,357
2037.07897949219,30,59,55,52,36.6547143853135,-0.941053354227966,323
2037.07897949219,30,59,55,52,36.6588810163279,-0.941053354227966,322
2016.01086425781,30,48,53,69,36.7088805885002,-0.941053354227966,286
2028.70629882812,30,58,51,57,36.7380470056006,-0.941053354227966,304
1987.22570800781,34,50,52,41,36.7526302141509,-0.941053354227966,368
1975.34753417969,36,44,52,36,36.7630467916868,-0.941053354227966,393
1925.63488769531,51,34,54,37,36.8109630483519,-0.941053354227966,821
1848.54272460938,52,47,53,41,36.8380461499452,-0.941053354227966,890
1848.54272460938,52,47,53,41,36.8422127809596,-0.941053354227966,878
1813.39538574219,51,29,56,19,36.8630459360314,-0.941053354227966,478
1823.36596679688,51,27,56,26,36.8692958825529,-0.941053354227966,459
1823.36596679688,51,27,56,26,36.8755458290744,-0.941053354227966,465
1825.81579589844,53,29,56,41,36.881795775596,-0.941053354227966,511
1825.81982421875,55,28,55,47,36.8922123531319,-0.941053354227966,523
1768.38720703125,55,27,56,52,36.9192954547252,-0.941053354227966,529
784.882202148438,44,25,65,7,36.5776317115479,-0.94313670826444,809
894.684692382812,45,27,60,9,36.6005481821269,-0.94313670826444,494
1420.41467285156,38,35,59,34,36.6109647596628,-0.94313670826444,433
2007.54138183594,34,64,58,88,36.6422144922704,-0.94313670826444,404
2047.36987304688,32,78,59,49,36.6505477542992,-0.94313670826444,400
2037.07897949219,30,59,55,52,36.6526310698063,-0.94313670826444,348
2009.00805664062,30,53,51,87,36.6963806954571,-0.94313670826444,311
2033.40673828125,30,55,52,69,36.719297166036,-0.94313670826444,324
2008.64013671875,33,41,53,38,36.7442969521222,-0.94313670826444,334
1966.51025390625,40,39,54,38,36.777630000237,-0.94313670826444,375
1962.51794433594,42,40,54,16,36.7859632622658,-0.94313670826444,424
1952.56225585938,44,39,52,26,36.7942965242945,-0.94313670826444,851
1907.14001464844,52,39,53,24,36.823462941395,-0.94313670826444,854
1741.85607910156,54,30,56,24,36.9297120322611,-0.94313670826444,515
784.882202148438,44,25,65,7,36.5817983425623,-0.945220062300915,787
894.684692382812,45,27,60,9,36.5984648666197,-0.945220062300915,481
894.684692382812,45,27,60,9,36.6005481821269,-0.945220062300915,483
2047.36987304688,32,78,59,49,36.6463811232848,-0.945220062300915,424
2037.07897949219,30,59,55,52,36.6567977008207,-0.945220062300915,348
2008.8974609375,29,53,55,88,36.6630476473422,-0.945220062300915,302
1993.89306640625,31,49,54,65,36.6755475403853,-0.945220062300915,274
2003.29504394531,30,51,54,54,36.6880474334284,-0.945220062300915,280
2016.01086425781,30,48,53,69,36.7047139574858,-0.945220062300915,287
2016.01086425781,30,48,53,69,36.706797272993,-0.945220062300915,285
2036.26342773438,29,46,52,66,36.7276304280648,-0.945220062300915,319
2036.26342773438,29,46,52,66,36.7317970590791,-0.945220062300915,320
2028.70629882812,30,58,51,57,36.7359636900935,-0.945220062300915,317
1952.56225585938,44,39,52,26,36.7984631553088,-0.945220062300915,847
1907.14001464844,52,39,53,24,36.8192963103806,-0.945220062300915,836
1803.88989257812,51,43,54,22,36.858879305017,-0.945220062300915,509
1823.36596679688,51,27,56,26,36.8692958825529,-0.945220062300915,506
1825.81579589844,53,29,56,41,36.8797124600888,-0.945220062300915,534
1816.28430175781,55,28,57,24,36.9067955616821,-0.945220062300915,562
1904.81860351562,33,39,57,91,36.6276312837202,-0.947303416337389,493
2037.07897949219,30,59,55,52,36.6526310698063,-0.947303416337389,395
2008.8974609375,29,53,55,88,36.6630476473422,-0.947303416337389,301
1993.89306640625,31,49,54,65,36.6734642248781,-0.947303416337389,269
2003.29504394531,30,51,54,54,36.6880474334284,-0.947303416337389,276
2036.26342773438,29,46,52,66,36.7338803745863,-0.947303416337389,318
1907.14001464844,52,39,53,24,36.8213796258878,-0.947303416337389,854
1907.14001464844,52,39,53,24,36.823462941395,-0.947303416337389,863
1882.099609375,53,33,54,20,36.8276295724093,-0.947303416337389,841
1882.099609375,53,33,54,20,36.8338795189309,-0.947303416337389,849
1813.39538574219,51,29,56,19,36.8609626205242,-0.947303416337389,493
1825.81579589844,53,29,56,41,36.8776291445816,-0.947303416337389,522
1816.28430175781,55,28,57,24,36.9067955616821,-0.947303416337389,551
972.943237304688,45,31,59,34,36.6067981286484,-0.949386770373863,475
1224.2421875,42,38,59,30,36.6172147061843,-0.949386770373863,457
1964.50866699219,34,49,57,30,36.6401311767633,-0.949386770373863,476
1996.54992675781,32,47,51,79,36.6984640109643,-0.949386770373863,283
2004.69519042969,32,48,54,68,36.706797272993,-0.949386770373863,291
2011.29895019531,30,47,54,78,36.7172138505289,-0.949386770373863,328
1957.35412597656,38,53,53,20,36.7692967382083,-0.949386770373863,422
1945.52819824219,45,42,52,39,36.7901298932801,-0.949386770373863,739
1940.20385742188,47,39,53,61,36.7984631553088,-0.949386770373863,861
1901.4560546875,49,34,55,28,36.8192963103806,-0.949386770373863,820
1901.4560546875,49,34,55,28,36.8255462569021,-0.949386770373863,843
1881.41760253906,51,42,53,31,36.8276295724093,-0.949386770373863,842
1818.12280273438,51,29,55,47,36.8463794119739,-0.949386770373863,607
1811.18151855469,50,30,57,33,36.8630459360314,-0.949386770373863,475
1826.34387207031,53,30,56,23,36.8776291445816,-0.949386770373863,480
1825.43188476562,55,27,56,18,36.8984622996534,-0.949386770373863,512
1813.775390625,55,27,55,31,36.9026289306677,-0.949386770373863,530
1813.775390625,55,27,55,31,36.9088788771893,-0.949386770373863,515
1807.66223144531,35,46,59,32,36.6276312837202,-0.951470124410337,498
1964.50866699219,34,49,57,30,36.6422144922704,-0.951470124410337,470
2026.97143554688,32,75,56,73,36.6547143853135,-0.951470124410337,388
1987.49682617188,32,53,56,89,36.6713809093709,-0.951470124410337,279
1989.0771484375,32,53,53,65,36.6880474334284,-0.951470124410337,281
1996.54992675781,32,47,51,79,36.6942973799499,-0.951470124410337,288
2004.69519042969,32,48,54,68,36.7047139574858,-0.951470124410337,278
2009.82800292969,32,45,52,50,36.7359636900935,-0.951470124410337,374
2009.82800292969,32,45,52,50,36.742213636615,-0.951470124410337,398
1945.52819824219,45,42,52,39,36.7901298932801,-0.951470124410337,769
1940.20385742188,47,39,53,61,36.7984631553088,-0.951470124410337,873
1901.4560546875,49,34,55,28,36.8255462569021,-0.951470124410337,855
1881.41760253906,51,42,53,31,36.8297128879165,-0.951470124410337,858
1811.18151855469,50,30,57,33,36.8651292515385,-0.951470124410337,464
1823.30871582031,52,30,57,52,36.8713791980601,-0.951470124410337,490
1826.34387207031,53,30,56,23,36.881795775596,-0.951470124410337,493
1813.775390625,55,27,55,31,36.9088788771893,-0.951470124410337,549
1787.66186523438,54,30,56,48,36.9109621926965,-0.951470124410337,520
1758.38049316406,54,23,57,58,36.9255454012467,-0.951470124410337,508
781.223999023438,46,31,65,42,36.5922149200982,-0.953553478446811,702
972.943237304688,45,31,59,34,36.6026314976341,-0.953553478446811,556
1224.2421875,42,38,59,30,36.6109647596628,-0.953553478446811,462
1996.54992675781,32,47,51,79,36.6984640109643,-0.953553478446811,277
1963.03625488281,36,37,54,21,36.7609634761796,-0.953553478446811,456
1957.35412597656,38,53,53,20,36.7713800537155,-0.953553478446811,437
1950.34228515625,41,46,53,34,36.7817966312514,-0.953553478446811,423
1945.52819824219,45,42,52,39,36.7922132087873,-0.953553478446811,879
1940.20385742188,47,39,53,61,36.7942965242945,-0.953553478446811,895
1940.20385742188,47,39,53,61,36.7984631553088,-0.953553478446811,875
1823.30871582031,52,30,57,52,36.8734625135672,-0.953553478446811,497
1826.34387207031,53,30,56,23,36.881795775596,-0.953553478446811,502
1825.43188476562,55,27,56,18,36.8984622996534,-0.953553478446811,479
1813.775390625,55,27,55,31,36.9067955616821,-0.953553478446811,540
1715.1064453125,53,25,58,28,36.9359619787826,-0.953553478446811,548
1715.1064453125,53,25,58,28,36.9380452942898,-0.953553478446811,556
972.943237304688,45,31,59,34,36.6026314976341,-0.955636832483286,574
1224.2421875,42,38,59,30,36.6151313906771,-0.955636832483286,512
1224.2421875,42,38,59,30,36.6172147061843,-0.955636832483286,519
1541.64477539062,39,32,58,17,36.6213813371987,-0.955636832483286,454
1807.66223144531,35,46,59,32,36.6297145992274,-0.955636832483286,449
2027.69140625,34,76,59,19,36.6463811232848,-0.955636832483286,426
2002.90148925781,32,50,55,90,36.660964331835,-0.955636832483286,316
1984.66162109375,31,50,53,69,36.6776308558925,-0.955636832483286,271
2004.69519042969,32,48,54,68,36.7088805885002,-0.955636832483286,283
2015.49633789062,30,48,55,58,36.7255471125576,-0.955636832483286,365
2016.00207519531,31,44,52,59,36.7297137435719,-0.955636832483286,363
1957.35412597656,38,53,53,20,36.7755466847299,-0.955636832483286,419
1945.52819824219,45,42,52,39,36.7901298932801,-0.955636832483286,822
1940.20385742188,47,39,53,61,36.800546470816,-0.955636832483286,837
1931.21228027344,50,41,52,40,36.8047131018304,-0.955636832483286,855
1901.4560546875,49,34,55,28,36.823462941395,-0.955636832483286,853
1881.41760253906,51,42,53,31,36.8338795189309,-0.955636832483286,883
1818.12280273438,51,29,55,47,36.8484627274811,-0.955636832483286,485
1735.73571777344,54,26,56,50,36.9297120322611,-0.955636832483286,556
1715.1064453125,53,25,58,28,36.9422119253041,-0.955636832483286,589
767.081726074219,44,23,64,14,36.5859649735766,-0.95772018651976,865
891.768981933594,46,30,62,13,36.6047148131412,-0.95772018651976,539
1692.71166992188,38,33,59,32,36.6317979147345,-0.95772018651976,444
1915.94982910156,35,45,57,21,36.6359645457489,-0.95772018651976,507
1982.73388671875,32,48,50,93,36.6942973799499,-0.95772018651976,282
1982.73388671875,32,48,50,93,36.7005473264714,-0.95772018651976,281
1980.67785644531,35,49,51,36,36.7505468986437,-0.95772018651976,460
1947.60900878906,37,39,52,55,36.7609634761796,-0.95772018651976,409
1927.79077148438,46,38,55,39,36.7922132087873,-0.95772018651976,844
1892.56811523438,51,38,53,22,36.8109630483519,-0.95772018651976,868
1851.13049316406,51,33,56,43,36.8422127809596,-0.95772018651976,464
1811.17846679688,51,33,57,33,36.8526293584955,-0.95772018651976,485
1820.12573242188,53,36,54,25,36.8922123531319,-0.95772018651976,539
1749.18701171875,54,22,57,24,36.9255454012467,-0.95772018651976,552
804.83056640625,47,30,62,28,36.5963815511125,-0.959803540556234,720
891.768981933594,46,30,62,13,36.6067981286484,-0.959803540556234,503
1073.55261230469,45,37,61,14,36.6151313906771,-0.959803540556234,504
1915.94982910156,35,45,57,21,36.6380478612561,-0.959803540556234,482
1915.94982910156,35,45,57,21,36.6401311767633,-0.959803540556234,490
2015.15417480469,33,59,56,50,36.6588810163279,-0.959803540556234,320
1981.16198730469,33,50,54,74,36.6797141713997,-0.959803540556234,279
1978.82763671875,33,52,52,72,36.6859641179212,-0.959803540556234,291
1978.82763671875,33,52,52,72,36.6922140644427,-0.959803540556234,286
2000.31005859375,33,41,53,33,36.7297137435719,-0.959803540556234,362
1994.2294921875,34,43,52,44,36.7359636900935,-0.959803540556234,418
1994.2294921875,34,43,52,44,36.7401303211078,-0.959803540556234,428
1947.60900878906,37,39,52,55,36.7609634761796,-0.959803540556234,391
1941.01696777344,39,41,53,37,36.7713800537155,-0.959803540556234,412
1927.79077148438,46,38,55,39,36.7859632622658,-0.959803540556234,649
1918.0478515625,48,38,54,30,36.7963798398016,-0.959803540556234,835
1904.82885742188,51,44,53,38,36.8047131018304,-0.959803540556234,857
1822.91015625,52,32,55,33,36.8776291445816,-0.959803540556234,537
1711.56481933594,52,20,60,44,36.9380452942898,-0.959803540556234,561
1662.33081054688,54,21,57,40,36.9547118183472,-0.959803540556234,665
804.83056640625,47,30,62,28,36.5984648666197,-0.961886894592708,666
891.768981933594,46,30,62,13,36.6067981286484,-0.961886894592708,512
1692.71166992188,38,33,59,32,36.6338812302417,-0.961886894592708,496
1915.94982910156,35,45,57,21,36.6359645457489,-0.961886894592708,501
2006.14025878906,35,62,56,71,36.6442978077776,-0.961886894592708,486
1978.82763671875,33,52,52,72,36.6901307489355,-0.961886894592708,300
1991.06799316406,32,43,54,87,36.7088805885002,-0.961886894592708,325
1980.67785644531,35,49,51,36,36.7484635831365,-0.961886894592708,429
1980.67785644531,35,49,51,36,36.7505468986437,-0.961886894592708,420
1962.04284667969,35,39,52,26,36.7588801606724,-0.961886894592708,381
1871.74853515625,51,36,56,21,36.8276295724093,-0.961886894592708,890
1871.74853515625,51,36,56,21,36.8338795189309,-0.961886894592708,773
1810.80700683594,54,24,57,18,36.9067955616821,-0.961886894592708,529
1749.18701171875,54,22,57,24,36.9255454012467,-0.961886894592708,544
1725.26831054688,51,24,58,23,36.9338786632754,-0.961886894592708,578
1711.56481933594,52,20,60,44,36.9359619787826,-0.961886894592708,581
1693.06774902344,53,21,59,36,36.9484618718257,-0.961886894592708,617
1662.33081054688,54,21,57,40,36.9547118183472,-0.961886894592708,664
1692.71166992188,38,33,59,32,36.6317979147345,-0.963970248629182,509
2015.15417480469,33,59,56,50,36.6547143853135,-0.963970248629182,298
1997.49182128906,33,56,55,58,36.660964331835,-0.963970248629182,323
1986.66650390625,32,50,55,54,36.6755475403853,-0.963970248629182,308
1982.73388671875,32,48,50,93,36.6984640109643,-0.963970248629182,305
1991.06799316406,32,43,54,87,36.706797272993,-0.963970248629182,315
1997.43725585938,30,45,54,75,36.7130472195145,-0.963970248629182,315
2000.55395507812,31,48,52,39,36.7234637970504,-0.963970248629182,391
1994.2294921875,34,43,52,44,36.7380470056006,-0.963970248629182,427
1941.01696777344,39,41,53,37,36.7692967382083,-0.963970248629182,395
1814.25170898438,50,32,56,31,36.8630459360314,-0.963970248629182,470
1822.91015625,52,32,55,33,36.8797124600888,-0.963970248629182,560
1820.12573242188,53,36,54,25,36.8859624066103,-0.963970248629182,569
1810.80700683594,54,24,57,18,36.9088788771893,-0.963970248629182,522
1783.92639160156,55,25,57,42,36.917212139218,-0.963970248629182,535
1749.18701171875,54,22,57,24,36.9255454012467,-0.963970248629182,550
1725.26831054688,51,24,58,23,36.9297120322611,-0.963970248629182,570
1725.26831054688,51,24,58,23,36.9338786632754,-0.963970248629182,582
1693.06774902344,53,21,59,36,36.9484618718257,-0.963970248629182,619
842.858459472656,47,27,62,7,36.6067981286484,-0.966053602665657,527
1225.59240722656,45,31,60,23,36.6213813371987,-0.966053602665657,448
1988.57861328125,34,58,56,35,36.6588810163279,-0.966053602665657,341
1981.21936035156,33,49,54,56,36.6692975938638,-0.966053602665657,326
1987.8935546875,35,42,54,25,36.7297137435719,-0.966053602665657,401
1983.92712402344,35,40,52,34,36.7401303211078,-0.966053602665657,429
1983.92712402344,35,40,52,34,36.742213636615,-0.966053602665657,422
1972.9580078125,37,41,52,29,36.7484635831365,-0.966053602665657,408
1918.3525390625,44,38,53,26,36.7817966312514,-0.966053602665657,414
1880.64099121094,50,43,56,37,36.8088797328447,-0.966053602665657,886
1864.279296875,50,36,54,33,36.8109630483519,-0.966053602665657,880
1824.17041015625,50,34,56,32,36.8442960964667,-0.966053602665657,484
1815.33715820312,51,32,56,41,36.8547126740026,-0.966053602665657,515
1815.88635253906,51,32,56,34,36.8609626205242,-0.966053602665657,524
1739.81494140625,53,24,58,22,36.9213787702324,-0.966053602665657,547
1713.55444335938,51,23,56,45,36.9338786632754,-0.966053602665657,606
1685.9951171875,52,24,57,53,36.9463785563185,-0.966053602665657,652
1657.87744140625,53,23,58,29,36.9588784493616,-0.966053602665657,641
842.858459472656,47,27,62,7,36.6026314976341,-0.968136956702131,530
1855.24584960938,37,62,58,36,36.6359645457489,-0.968136956702131,531
1983.24731445312,35,51,54,57,36.6672142783566,-0.968136956702131,323
1981.21936035156,33,49,54,56,36.6734642248781,-0.968136956702131,318
1977.94946289062,32,47,54,79,36.7047139574858,-0.968136956702131,340
1983.94873046875,33,44,51,49,36.7130472195145,-0.968136956702131,352
1954.66320800781,37,45,51,64,36.7588801606724,-0.968136956702131,396
1923.81420898438,41,37,52,47,36.7755466847299,-0.968136956702131,430
1880.64099121094,50,43,56,37,36.8088797328447,-0.968136956702131,882
1864.279296875,50,36,54,33,36.8130463638591,-0.968136956702131,907
1824.17041015625,50,34,56,32,36.8484627274811,-0.968136956702131,493
1815.33715820312,51,32,56,41,36.8526293584955,-0.968136956702131,500
1815.88635253906,51,32,56,34,36.8630459360314,-0.968136956702131,488
1819.03051757812,52,30,56,61,36.8713791980601,-0.968136956702131,528
1815.27282714844,53,30,56,34,36.8797124600888,-0.968136956702131,521
1815.27282714844,53,30,56,34,36.881795775596,-0.968136956702131,537
1800.2412109375,55,22,57,39,36.9026289306677,-0.968136956702131,497
1739.81494140625,53,24,58,22,36.9192954547252,-0.968136956702131,554
1699.81982421875,52,21,58,36,36.9422119253041,-0.968136956702131,650
970.398193359375,48,31,60,14,36.6172147061843,-0.970220310738605,566
1978.8671875,32,50,53,63,36.6797141713997,-0.970220310738605,319
1935.27014160156,39,36,53,34,36.7609634761796,-0.970220310738605,430
1913.05004882812,47,34,56,17,36.7880465777729,-0.970220310738605,860
1913.05004882812,47,34,56,17,36.7901298932801,-0.970220310738605,867
1864.279296875,50,36,54,33,36.8151296793663,-0.970220310738605,893
1808.56384277344,53,33,54,60,36.8922123531319,-0.970220310738605,525
1739.81494140625,53,24,58,22,36.9234620857395,-0.970220310738605,563
1713.55444335938,51,23,56,45,36.9297120322611,-0.970220310738605,587
784.37548828125,47,24,63,4,36.5942982356053,-0.972303664775079,771
842.858459472656,47,27,62,7,36.6047148131412,-0.972303664775079,554
1580.14196777344,41,33,59,56,36.6317979147345,-0.972303664775079,511
1855.24584960938,37,62,58,36,36.6380478612561,-0.972303664775079,498
1966.8701171875,35,70,55,62,36.6463811232848,-0.972303664775079,387
1983.24731445312,35,51,54,57,36.660964331835,-0.972303664775079,322
1973.91735839844,32,48,53,85,36.6880474334284,-0.972303664775079,322
1972.37072753906,32,45,52,97,36.6942973799499,-0.972303664775079,349
1977.94946289062,32,47,54,79,36.7047139574858,-0.972303664775079,331
1986.90686035156,34,46,54,22,36.719297166036,-0.972303664775079,378
1986.90686035156,34,46,54,22,36.7255471125576,-0.972303664775079,399
1983.92712402344,35,40,52,34,36.7401303211078,-0.972303664775079,473
1918.3525390625,44,38,53,26,36.7817966312514,-0.972303664775079,815
1913.05004882812,47,34,56,17,36.7880465777729,-0.972303664775079,845
1824.17041015625,50,34,56,32,36.8442960964667,-0.972303664775079,497
1815.33715820312,51,32,56,41,36.8547126740026,-0.972303664775079,505
1819.03051757812,52,30,56,61,36.8734625135672,-0.972303664775079,496
1808.56384277344,53,33,54,60,36.8859624066103,-0.972303664775079,587
1808.56384277344,53,33,54,60,36.8922123531319,-0.972303664775079,527
1806.41564941406,54,27,58,30,36.8984622996534,-0.972303664775079,509
1800.2412109375,55,22,57,39,36.9067955616821,-0.972303664775079,517
1699.81982421875,52,21,58,36,36.9359619787826,-0.972303664775079,612
1699.81982421875,52,21,58,36,36.9380452942898,-0.972303664775079,647
1685.9951171875,52,24,57,53,36.9463785563185,-0.972303664775079,640
813.872131347656,47,30,62,59,36.6088814441556,-0.974387018811553,520
909.564758300781,46,27,61,10,36.6130480751699,-0.974387018811553,524
1975.23217773438,33,48,54,77,36.6817974869068,-0.974387018811553,307
1969.79602050781,32,48,55,83,36.6880474334284,-0.974387018811553,313
1969.79602050781,32,48,55,83,36.6901307489355,-0.974387018811553,339
1972.83312988281,36,42,51,30,36.719297166036,-0.974387018811553,384
1975.55163574219,37,51,52,42,36.7317970590791,-0.974387018811553,424
1962.77685546875,38,44,52,17,36.7463802676294,-0.974387018811553,444
1946.25207519531,39,44,54,49,36.7547135296581,-0.974387018811553,436
1946.25207519531,39,44,54,49,36.7567968451653,-0.974387018811553,437
1896.51574707031,48,34,55,35,36.7880465777729,-0.974387018811553,831
1870.98913574219,50,33,55,42,36.8088797328447,-0.974387018811553,923
1821.20166015625,51,34,55,29,36.8380461499452,-0.974387018811553,521
1821.20166015625,51,34,55,29,36.8401294654524,-0.974387018811553,526
1812.08471679688,50,31,55,58,36.8463794119739,-0.974387018811553,508
1806.94140625,50,34,56,49,36.8547126740026,-0.974387018811553,506
1793.65869140625,52,28,56,35,36.8922123531319,-0.974387018811553,537
1776.33752441406,54,24,57,47,36.9047122461749,-0.974387018811553,502
1753.10900878906,53,22,58,58,36.9109621926965,-0.974387018811553,552
1702.392578125,52,20,58,27,36.9297120322611,-0.974387018811553,599
1684.26440429688,52,20,58,21,36.9422119253041,-0.974387018811553,683
1647.06286621094,53,22,58,29,36.9547118183472,-0.974387018811553,563
769.885070800781,47,24,64,9,36.5942982356053,-0.976470372848028,765
909.564758300781,46,27,61,10,36.6109647596628,-0.976470372848028,530
1975.23217773438,33,48,54,77,36.6797141713997,-0.976470372848028,327
1969.36560058594,35,38,53,44,36.7109639040073,-0.976470372848028,345
1975.55163574219,37,51,52,42,36.7297137435719,-0.976470372848028,428
1975.55163574219,37,51,52,42,36.7317970590791,-0.976470372848028,447
1972.66418457031,36,39,54,56,36.742213636615,-0.976470372848028,469
1962.77685546875,38,44,52,17,36.7463802676294,-0.976470372848028,456
1962.77685546875,38,44,52,17,36.7505468986437,-0.976470372848028,466
1870.98913574219,50,33,55,42,36.8026297863232,-0.976470372848028,897
1839.36145019531,51,29,55,18,36.8192963103806,-0.976470372848028,884
1809.71459960938,50,29,56,28,36.8672125670457,-0.976470372848028,530
1776.33752441406,54,24,57,47,36.9047122461749,-0.976470372848028,528
1776.33752441406,54,24,57,47,36.9088788771893,-0.976470372848028,547
1702.392578125,52,20,58,27,36.9317953477682,-0.976470372848028,621
1667.91784667969,53,26,58,38,36.9463785563185,-0.976470372848028,578
1647.06286621094,53,22,58,29,36.9588784493616,-0.976470372848028,523
1622.86975097656,53,18,57,14,36.9630450803759,-0.976470372848028,544
909.564758300781,46,27,61,10,36.6151313906771,-0.978553726884502,526
1481.55810546875,43,30,58,11,36.6276312837202,-0.978553726884502,468
1975.23217773438,33,48,54,77,36.683880802414,-0.978553726884502,348
1969.79602050781,32,48,55,83,36.6922140644427,-0.978553726884502,311
1972.83312988281,36,42,51,30,36.719297166036,-0.978553726884502,417
1896.51574707031,48,34,55,35,36.7859632622658,-0.978553726884502,875
1888.57141113281,49,35,56,22,36.7942965242945,-0.978553726884502,849
1839.36145019531,51,29,55,18,36.8192963103806,-0.978553726884502,645
1793.65869140625,52,28,56,35,36.8880457221175,-0.978553726884502,529
1793.65869140625,52,28,56,35,36.8901290376247,-0.978553726884502,540
1753.10900878906,53,22,58,58,36.9130455082036,-0.978553726884502,550
1667.91784667969,53,26,58,38,36.9442952408113,-0.978553726884502,609
1585.89758300781,55,21,58,29,36.9797116044333,-0.978553726884502,499
1126.81994628906,47,28,60,17,36.6234646527058,-0.980637080920976,487
1968.16467285156,35,47,56,85,36.660964331835,-0.980637080920976,454
1969.79602050781,32,48,55,83,36.6880474334284,-0.980637080920976,323
1964.41955566406,33,43,52,26,36.7047139574858,-0.980637080920976,341
1975.55163574219,37,51,52,42,36.7317970590791,-0.980637080920976,454
1975.55163574219,37,51,52,42,36.7338803745863,-0.980637080920976,453
1946.25207519531,39,44,54,49,36.7588801606724,-0.980637080920976,470
1839.36145019531,51,29,55,18,36.8213796258878,-0.980637080920976,457
1830.30285644531,50,35,58,21,36.8276295724093,-0.980637080920976,492
1821.20166015625,51,34,55,29,36.835962834438,-0.980637080920976,499
1806.94140625,50,34,56,49,36.8526293584955,-0.980637080920976,492
1807.00671386719,53,33,57,19,36.8838790911031,-0.980637080920976,509
1785.25317382812,53,30,57,27,36.9005456151606,-0.980637080920976,554
1776.33752441406,54,24,57,47,36.9047122461749,-0.980637080920976,567
1753.10900878906,53,22,58,58,36.9109621926965,-0.980637080920976,558
1622.86975097656,53,18,57,14,36.9672117113903,-0.980637080920976,531
1585.89758300781,55,21,58,29,36.9817949199405,-0.980637080920976,485
885.1376953125,46,28,62,18,36.6151313906771,-0.98272043495745,533
1734.99670410156,42,31,58,21,36.6401311767633,-0.98272043495745,465
1734.99670410156,42,31,58,21,36.6422144922704,-0.98272043495745,454
1933.42797851562,39,45,60,43,36.6526310698063,-0.98272043495745,454
1967.72314453125,37,53,56,49,36.6755475403853,-0.98272043495745,351
1961.24951171875,35,53,54,72,36.6901307489355,-0.98272043495745,313
1949.09484863281,35,41,55,62,36.7047139574858,-0.98272043495745,346
1949.09484863281,35,41,55,62,36.7088805885002,-0.98272043495745,348
1959.8857421875,37,42,53,37,36.7317970590791,-0.98272043495745,459
1931.39086914062,41,42,52,25,36.7588801606724,-0.98272043495745,493
1893.86181640625,43,39,53,29,36.7734633692227,-0.98272043495745,448
1811.48376464844,50,34,55,61,36.8380461499452,-0.98272043495745,515
1795.13952636719,50,32,55,55,36.8567959895098,-0.98272043495745,500
1796.97790527344,50,31,56,39,36.8609626205242,-0.98272043495745,493
1800.87585449219,52,33,57,41,36.8692958825529,-0.98272043495745,478
1800.87585449219,52,33,57,41,36.8713791980601,-0.98272043495745,467
1800.87585449219,52,33,57,41,36.8734625135672,-0.98272043495745,470
1668.58959960938,55,22,58,31,36.9380452942898,-0.98272043495745,594
1638.58996582031,52,21,58,25,36.9588784493616,-0.98272043495745,501
1577.24609375,54,17,58,28,36.9838782354477,-0.98272043495745,463
799.892700195312,47,25,61,6,36.6088814441556,-0.984803788993924,607
885.1376953125,46,28,62,18,36.6151313906771,-0.984803788993924,504
1080.095703125,46,27,61,17,36.625547968213,-0.984803788993924,510
1883.06909179688,40,37,59,18,36.6505477542992,-0.984803788993924,448
1961.24951171875,35,53,54,72,36.6880474334284,-0.984803788993924,310
1957.19140625,36,41,53,45,36.7213804815432,-0.984803788993924,412
1959.8857421875,37,42,53,37,36.7317970590791,-0.984803788993924,450
1955.83532714844,38,38,53,37,36.7401303211078,-0.984803788993924,464
1878.62866210938,48,32,54,44,36.7880465777729,-0.984803788993924,856
1862.9951171875,50,32,55,31,36.8088797328447,-0.984803788993924,861
1846.42602539062,50,33,55,48,36.8109630483519,-0.984803788993924,863
1846.42602539062,50,33,55,48,36.8130463638591,-0.984803788993924,849
1821.01574707031,50,32,58,33,36.8276295724093,-0.984803788993924,505
1821.01574707031,50,32,58,33,36.8338795189309,-0.984803788993924,519
1811.48376464844,50,34,55,61,36.8422127809596,-0.984803788993924,494
1801.40795898438,51,30,55,48,36.8442960964667,-0.984803788993924,534
1801.40795898438,51,30,55,48,36.8484627274811,-0.984803788993924,543
1801.40795898438,51,30,55,48,36.8505460429883,-0.984803788993924,532
1796.97790527344,50,31,56,39,36.8609626205242,-0.984803788993924,507
1794.20104980469,53,31,57,27,36.8797124600888,-0.984803788993924,504
1421.08190917969,44,27,60,13,36.6276312837202,-0.986887143030398,532
1956.62243652344,37,56,57,63,36.6651309628494,-0.986887143030398,472
1967.72314453125,37,53,56,49,36.6734642248781,-0.986887143030398,363
1951.53674316406,35,42,54,15,36.6942973799499,-0.986887143030398,338
1951.53674316406,35,42,54,15,36.7005473264714,-0.986887143030398,372
1953.02392578125,35,42,53,26,36.7109639040073,-0.986887143030398,378
1959.8857421875,37,42,53,37,36.7338803745863,-0.986887143030398,471
1945.52734375,40,40,53,39,36.7505468986437,-0.986887143030398,478
1912.5234375,42,35,52,41,36.765130107194,-0.986887143030398,443
1893.86181640625,43,39,53,29,36.7734633692227,-0.986887143030398,499
1882.11962890625,46,35,55,50,36.7797133157442,-0.986887143030398,898
1874.50500488281,50,30,54,59,36.7984631553088,-0.986887143030398,881
1862.9951171875,50,32,55,31,36.8088797328447,-0.986887143030398,872
1831.234375,50,34,56,42,36.8255462569021,-0.986887143030398,494
1821.01574707031,50,32,58,33,36.8276295724093,-0.986887143030398,489
1821.01574707031,50,32,58,33,36.8297128879165,-0.986887143030398,491
1821.01574707031,50,32,58,33,36.8317962034237,-0.986887143030398,501
1795.13952636719,50,32,55,55,36.8547126740026,-0.986887143030398,534
1800.87585449219,52,33,57,41,36.8692958825529,-0.986887143030398,513
1794.20104980469,53,31,57,27,36.8797124600888,-0.986887143030398,526
1777.00988769531,52,29,58,35,36.8901290376247,-0.986887143030398,540
1687.05908203125,53,22,58,27,36.9276287167539,-0.986887143030398,596
1553.99340820312,52,18,56,46,36.9880448664621,-0.986887143030398,492
759.336303710938,44,22,64,11,36.5984648666197,-0.988970497066873,772
885.1376953125,46,28,62,18,36.6172147061843,-0.988970497066873,501
1933.42797851562,39,45,60,43,36.6588810163279,-0.988970497066873,516
1967.72314453125,37,53,56,49,36.6692975938638,-0.988970497066873,463
1967.72314453125,37,53,56,49,36.6713809093709,-0.988970497066873,447
1953.02392578125,35,42,53,26,36.7130472195145,-0.988970497066873,414
1931.39086914062,41,42,52,25,36.7526302141509,-0.988970497066873,514
1882.11962890625,46,35,55,50,36.7817966312514,-0.988970497066873,862
1882.11962890625,46,35,55,50,36.7838799467586,-0.988970497066873,860
1862.9951171875,50,32,55,31,36.8026297863232,-0.988970497066873,892
1795.13952636719,50,32,55,55,36.8526293584955,-0.988970497066873,546
1687.05908203125,53,22,58,27,36.9317953477682,-0.988970497066873,581
1622.58532714844,54,16,58,20,36.9630450803759,-0.988970497066873,539
1553.99340820312,52,18,56,46,36.9859615509549,-0.988970497066873,457
1925.30651855469,39,36,58,9,36.6588810163279,-0.991053851103347,527
1948.98706054688,38,58,58,46,36.6672142783566,-0.991053851103347,477
1956.80480957031,37,47,55,86,36.6692975938638,-0.991053851103347,459
1937.29125976562,35,50,52,16,36.7005473264714,-0.991053851103347,405
1938.82922363281,39,48,51,19,36.7359636900935,-0.991053851103347,457
1938.82922363281,39,48,51,19,36.7401303211078,-0.991053851103347,452
1919.06384277344,42,38,55,18,36.7588801606724,-0.991053851103347,473
1887.21105957031,45,38,54,24,36.7755466847299,-0.991053851103347,669
1863.5712890625,50,34,55,33,36.7942965242945,-0.991053851103347,932
1828.57836914062,50,35,56,36,36.8192963103806,-0.991053851103347,483
1817.83288574219,49,37,54,50,36.8276295724093,-0.991053851103347,488
1782.5087890625,50,30,57,21,36.8713791980601,-0.991053851103347,493
1773.75561523438,51,26,57,17,36.881795775596,-0.991053851103347,534
1758.24670410156,52,24,57,40,36.8922123531319,-0.991053851103347,528
1705.39990234375,52,23,57,34,36.9130455082036,-0.991053851103347,560
1682.16650390625,52,24,59,51,36.9255454012467,-0.991053851103347,576
1653.91821289062,54,21,58,17,36.940128609797,-0.991053851103347,571
1626.37426757812,55,18,61,17,36.9630450803759,-0.991053851103347,486
1604.78186035156,55,17,58,17,36.9692950268975,-0.991053851103347,542
795.478820800781,48,24,63,8,36.6088814441556,-0.993137205139821,622
1925.30651855469,39,36,58,9,36.6526310698063,-0.993137205139821,461
1925.30651855469,39,36,58,9,36.6547143853135,-0.993137205139821,461
1937.29125976562,35,50,52,16,36.6942973799499,-0.993137205139821,409
1937.29125976562,35,50,52,16,36.6963806954571,-0.993137205139821,426
1937.29125976562,35,50,52,16,36.6984640109643,-0.993137205139821,430
1934.02453613281,35,42,52,15,36.7026306419786,-0.993137205139821,452
1942.66149902344,38,60,52,39,36.7297137435719,-0.993137205139821,408
1942.66149902344,38,60,52,39,36.7317970590791,-0.993137205139821,469
1930.80151367188,41,39,53,15,36.7505468986437,-0.993137205139821,500
1902.80017089844,44,40,52,20,36.7630467916868,-0.993137205139821,472
1869.25170898438,47,36,55,18,36.7859632622658,-0.993137205139821,869
1854.74987792969,47,35,55,32,36.8088797328447,-0.993137205139821,775
1842.20361328125,50,33,55,41,36.8172129948734,-0.993137205139821,466
1828.57836914062,50,35,56,36,36.8192963103806,-0.993137205139821,496
1796.04150390625,49,33,57,12,36.8463794119739,-0.993137205139821,517
1785.01208496094,50,30,55,38,36.8672125670457,-0.993137205139821,485
1782.5087890625,50,30,57,21,36.8692958825529,-0.993137205139821,491
1758.24670410156,52,24,57,40,36.8901290376247,-0.993137205139821,555
1743.22497558594,52,25,58,40,36.894295668639,-0.993137205139821,553
1682.16650390625,52,24,59,51,36.9213787702324,-0.993137205139821,560
1682.16650390625,52,24,59,51,36.9234620857395,-0.993137205139821,569
1626.37426757812,55,18,61,17,36.9609617648687,-0.993137205139821,501
1552.28527832031,53,16,57,31,36.9880448664621,-0.993137205139821,474
751.468566894531,42,19,64,11,36.6005481821269,-0.995220559176295,752
795.478820800781,48,24,63,8,36.6088814441556,-0.995220559176295,579
1727.12646484375,42,31,59,15,36.6422144922704,-0.995220559176295,516
1871.44555664062,41,36,58,19,36.6442978077776,-0.995220559176295,502
1925.30651855469,39,36,58,9,36.6567977008207,-0.995220559176295,493
1956.80480957031,37,47,55,86,36.6734642248781,-0.995220559176295,412
1946.39831542969,36,52,53,67,36.6901307489355,-0.995220559176295,395
1942.66149902344,38,60,52,39,36.7338803745863,-0.995220559176295,421
1869.25170898438,47,36,55,18,36.7901298932801,-0.995220559176295,889
1796.04150390625,49,33,57,12,36.8484627274811,-0.995220559176295,492
1758.24670410156,52,24,57,40,36.8880457221175,-0.995220559176295,537
1705.39990234375,52,23,57,34,36.9109621926965,-0.995220559176295,564
1653.91821289062,54,21,58,17,36.9359619787826,-0.995220559176295,526
1639.59497070312,53,18,59,21,36.9484618718257,-0.995220559176295,550
1639.59497070312,53,18,59,21,36.9505451873328,-0.995220559176295,555
1626.37426757812,55,18,61,17,36.9651283958831,-0.995220559176295,504
1576.70092773438,53,17,61,31,36.9797116044333,-0.995220559176295,527
1536.51647949219,53,17,56,62,36.998461443998,-0.995220559176295,508
1536.51647949219,53,17,56,62,37.0005447595051,-0.995220559176295,483
751.468566894531,42,19,64,11,36.5984648666197,-0.997303913212769,811
1420.90710449219,43,25,60,15,36.6297145992274,-0.997303913212769,550
1871.44555664062,41,36,58,19,36.6463811232848,-0.997303913212769,494
1948.98706054688,38,58,58,46,36.6630476473422,-0.997303913212769,480
1948.98706054688,38,58,58,46,36.6672142783566,-0.997303913212769,473
1956.80480957031,37,47,55,86,36.6713809093709,-0.997303913212769,400
1956.80480957031,37,47,55,86,36.6734642248781,-0.997303913212769,384
1946.39831542969,36,52,53,67,36.6859641179212,-0.997303913212769,379
1946.39831542969,36,52,53,67,36.6901307489355,-0.997303913212769,413
1937.29125976562,35,50,52,16,36.6963806954571,-0.997303913212769,463
1934.02453613281,35,42,52,15,36.7088805885002,-0.997303913212769,388
1941.42456054688,37,38,54,30,36.7255471125576,-0.997303913212769,401
1796.04150390625,49,33,57,12,36.8463794119739,-0.997303913212769,490
1785.01208496094,50,30,55,38,36.8609626205242,-0.997303913212769,540
1758.24670410156,52,24,57,40,36.8880457221175,-0.997303913212769,524
1705.39990234375,52,23,57,34,36.9109621926965,-0.997303913212769,563
1682.16650390625,52,24,59,51,36.9213787702324,-0.997303913212769,562
1653.91821289062,54,21,58,17,36.940128609797,-0.997303913212769,560
1639.59497070312,53,18,59,21,36.9463785563185,-0.997303913212769,525
1576.70092773438,53,17,61,31,36.9776282889262,-0.997303913212769,532
1116.3271484375,47,29,61,8,36.6234646527058,-0.999387267249244,500
1744.37109375,42,30,57,14,36.6380478612561,-0.999387267249244,474
1946.2001953125,36,57,58,76,36.6630476473422,-0.999387267249244,468
1947.35961914062,36,55,55,26,36.6692975938638,-0.999387267249244,422
1927.88000488281,36,38,54,37,36.7130472195145,-0.999387267249244,413
1927.88000488281,36,38,54,37,36.7151305350217,-0.999387267249244,414
1931.37243652344,40,37,55,47,36.7276304280648,-0.999387267249244,437
1929.86157226562,40,44,53,45,36.7380470056006,-0.999387267249244,407
1924.81787109375,41,39,57,54,36.7505468986437,-0.999387267249244,507
1897.34899902344,44,36,55,18,36.7672134227011,-0.999387267249244,434
1883.68835449219,47,36,54,58,36.7734633692227,-0.999387267249244,684
1874.25561523438,50,35,55,42,36.777630000237,-0.999387267249244,898
1849.85290527344,49,34,56,33,36.8047131018304,-0.999387267249244,691
1792.82849121094,50,34,56,43,36.8442960964667,-0.999387267249244,497
1778.37707519531,51,32,55,28,36.8672125670457,-0.999387267249244,515
1738.44396972656,51,24,58,21,36.8859624066103,-0.999387267249244,514
1715.25708007812,52,23,58,27,36.9047122461749,-0.999387267249244,552
1695.23657226562,53,23,59,54,36.9151288237108,-0.999387267249244,548
1655.20080566406,53,21,58,41,36.9297120322611,-0.999387267249244,535
1655.20080566406,53,21,58,41,36.9338786632754,-0.999387267249244,517
1641.16882324219,54,21,58,34,36.940128609797,-0.999387267249244,610
1629.0390625,55,17,58,29,36.95262850284,-0.999387267249244,549
1629.0390625,55,17,58,29,36.9567951338544,-0.999387267249244,555
1629.0390625,55,17,58,29,36.9588784493616,-0.999387267249244,516
1568.01245117188,55,16,59,18,36.9817949199405,-0.999387267249244,502
1515.05493164062,55,22,56,41,37.0067947060267,-0.999387267249244,466
800.077392578125,47,26,63,34,36.6047148131412,-1.00147062128572,631
902.572692871094,46,32,62,55,36.6172147061843,-1.00147062128572,460
1116.3271484375,47,29,61,8,36.625547968213,-1.00147062128572,528
1924.05114746094,40,66,58,31,36.6588810163279,-1.00147062128572,498
1883.68835449219,47,36,54,58,36.7692967382083,-1.00147062128572,423
1874.25561523438,50,35,55,42,36.7797133157442,-1.00147062128572,883
1840.08666992188,50,38,54,30,36.8151296793663,-1.00147062128572,442
1792.82849121094,50,34,56,43,36.8442960964667,-1.00147062128572,484
1792.82849121094,50,34,56,43,36.8463794119739,-1.00147062128572,515
1727.25427246094,51,24,57,22,36.8963789841462,-1.00147062128572,529
1727.25427246094,51,24,57,22,36.9005456151606,-1.00147062128572,526
1671.91455078125,52,20,58,58,36.9255454012467,-1.00147062128572,541
1655.20080566406,53,21,58,41,36.9276287167539,-1.00147062128572,521
1641.16882324219,54,21,58,34,36.9359619787826,-1.00147062128572,515
1568.01245117188,55,16,59,18,36.9776282889262,-1.00147062128572,522
1534.33703613281,56,17,56,33,36.9963781284908,-1.00147062128572,530
748.02392578125,42,20,63,11,36.5984648666197,-1.00355397532219,822
800.077392578125,47,26,63,34,36.6026314976341,-1.00355397532219,694
902.572692871094,46,32,62,55,36.6172147061843,-1.00355397532219,467
1461.43151855469,43,28,59,12,36.6297145992274,-1.00355397532219,542
1461.43151855469,43,28,59,12,36.6338812302417,-1.00355397532219,562
1744.37109375,42,30,57,14,36.6380478612561,-1.00355397532219,525
1924.05114746094,40,66,58,31,36.6547143853135,-1.00355397532219,505
1941.48046875,35,55,56,70,36.6817974869068,-1.00355397532219,417
1935.40832519531,36,48,54,18,36.6859641179212,-1.00355397532219,431
1926.61389160156,35,39,53,29,36.706797272993,-1.00355397532219,446
1931.37243652344,40,37,55,47,36.7338803745863,-1.00355397532219,452
1897.34899902344,44,36,55,18,36.7630467916868,-1.00355397532219,417
1883.68835449219,47,36,54,58,36.7755466847299,-1.00355397532219,842
1840.08666992188,50,38,54,30,36.8109630483519,-1.00355397532219,485
1840.08666992188,50,38,54,30,36.8172129948734,-1.00355397532219,462
1827.83251953125,49,34,54,44,36.8213796258878,-1.00355397532219,469
1803.28430175781,49,35,56,51,36.8380461499452,-1.00355397532219,485
1785.25964355469,50,32,56,56,36.8547126740026,-1.00355397532219,532
1671.91455078125,52,20,58,58,36.9255454012467,-1.00355397532219,536
1655.20080566406,53,21,58,41,36.9317953477682,-1.00355397532219,523
1568.01245117188,55,16,59,18,36.9838782354477,-1.00355397532219,499
902.572692871094,46,32,62,55,36.6130480751699,-1.00563732935867,462
902.572692871094,46,32,62,55,36.6151313906771,-1.00563732935867,464
1116.3271484375,47,29,61,8,36.6213813371987,-1.00563732935867,477
1461.43151855469,43,28,59,12,36.6297145992274,-1.00563732935867,517
1744.37109375,42,30,57,14,36.6422144922704,-1.00563732935867,494
1946.2001953125,36,57,58,76,36.6630476473422,-1.00563732935867,446
1941.48046875,35,55,56,70,36.6797141713997,-1.00563732935867,376
1941.48046875,35,55,56,70,36.6817974869068,-1.00563732935867,411
1929.77905273438,36,40,55,41,36.7005473264714,-1.00563732935867,459
1926.61389160156,35,39,53,29,36.7047139574858,-1.00563732935867,461
1931.37243652344,40,37,55,47,36.7338803745863,-1.00563732935867,469
1924.81787109375,41,39,57,54,36.7484635831365,-1.00563732935867,492
1913.68273925781,43,40,53,61,36.7547135296581,-1.00563732935867,456
1849.85290527344,49,34,56,33,36.8088797328447,-1.00563732935867,483
1778.37707519531,51,32,55,28,36.8630459360314,-1.00563732935867,505
1768.25073242188,50,34,56,38,36.8734625135672,-1.00563732935867,537
1715.25708007812,52,23,58,27,36.9026289306677,-1.00563732935867,518
1671.91455078125,52,20,58,58,36.9255454012467,-1.00563732935867,524
1655.20080566406,53,21,58,41,36.9276287167539,-1.00563732935867,525
1641.16882324219,54,21,58,34,36.9359619787826,-1.00563732935867,519
748.724853515625,42,23,64,5,36.5984648666197,-1.00772068339514,884
926.919128417969,47,30,60,11,36.6151313906771,-1.00772068339514,461
1504.85778808594,46,28,60,11,36.6297145992274,-1.00772068339514,510
1947.58630371094,36,56,57,24,36.6755475403853,-1.00772068339514,350
1941.93896484375,35,48,54,65,36.6776308558925,-1.00772068339514,361
1925.09045410156,41,44,55,29,36.7401303211078,-1.00772068339514,450
1920.83227539062,42,43,55,22,36.7463802676294,-1.00772068339514,480
1891.16943359375,46,36,55,24,36.7630467916868,-1.00772068339514,358
1877.63879394531,49,40,55,42,36.7692967382083,-1.00772068339514,445
1877.63879394531,49,40,55,42,36.7734633692227,-1.00772068339514,464
1792.1474609375,50,33,56,29,36.8463794119739,-1.00772068339514,517
1792.1474609375,50,33,56,29,36.8484627274811,-1.00772068339514,530
1792.1474609375,50,33,56,29,36.8505460429883,-1.00772068339514,539
1781.18237304688,51,32,55,39,36.8526293584955,-1.00772068339514,547
1670.17443847656,53,22,59,25,36.9213787702324,-1.00772068339514,538
1670.17443847656,53,22,59,25,36.9234620857395,-1.00772068339514,525
1670.17443847656,53,22,59,25,36.9255454012467,-1.00772068339514,531
1652.41027832031,54,21,59,31,36.9338786632754,-1.00772068339514,518
1632.76782226562,54,21,58,43,36.940128609797,-1.00772068339514,542
1551.51611328125,56,17,58,23,36.9797116044333,-1.00772068339514,497
1509.94018554688,57,18,57,22,37.0088780215338,-1.00772068339514,462
809.979736328125,47,27,63,41,36.6067981286484,-1.00980403743161,540
1947.58630371094,36,56,57,24,36.6755475403853,-1.00980403743161,350
1926.77258300781,37,40,55,21,36.7130472195145,-1.00980403743161,485
1926.07312011719,41,39,54,23,36.7297137435719,-1.00980403743161,482
1908.87097167969,43,39,52,43,36.7547135296581,-1.00980403743161,450
1908.87097167969,43,39,52,43,36.7567968451653,-1.00980403743161,477
1891.16943359375,46,36,55,24,36.7609634761796,-1.00980403743161,403
1877.63879394531,49,40,55,42,36.7755466847299,-1.00980403743161,667
1852.79016113281,48,36,56,36,36.7963798398016,-1.00980403743161,659
1852.79016113281,48,36,56,36,36.7984631553088,-1.00980403743161,539
1821.7529296875,48,36,55,22,36.8255462569021,-1.00980403743161,521
1812.24194335938,49,37,56,43,36.8276295724093,-1.00980403743161,520
1781.18237304688,51,32,55,39,36.8567959895098,-1.00980403743161,524
1723.15478515625,49,24,59,24,36.8901290376247,-1.00980403743161,535
1702.71411132812,52,19,59,40,36.9088788771893,-1.00980403743161,535
1687.33679199219,52,24,59,44,36.9109621926965,-1.00980403743161,517
1670.17443847656,53,22,59,25,36.9234620857395,-1.00980403743161,568
1632.76782226562,54,21,58,43,36.9359619787826,-1.00980403743161,540
1617.30041503906,54,20,58,26,36.9442952408113,-1.00980403743161,553
1551.51611328125,56,17,58,23,36.9797116044333,-1.00980403743161,484
1525.0419921875,58,17,59,29,36.998461443998,-1.00980403743161,488
1525.0419921875,58,17,59,29,37.0005447595051,-1.00980403743161,477
926.919128417969,47,30,60,11,36.6109647596628,-1.01188739146809,479
1504.85778808594,46,28,60,11,36.6317979147345,-1.01188739146809,538
1758.22082519531,44,34,57,14,36.6422144922704,-1.01188739146809,575
1947.58630371094,36,56,57,24,36.6755475403853,-1.01188739146809,363
1937.76916503906,35,54,54,33,36.6922140644427,-1.01188739146809,427
1926.77258300781,37,40,55,21,36.7130472195145,-1.01188739146809,484
1926.77258300781,37,40,55,21,36.7151305350217,-1.01188739146809,490
1925.09045410156,41,44,55,29,36.7380470056006,-1.01188739146809,479
1920.83227539062,42,43,55,22,36.7505468986437,-1.01188739146809,511
1891.16943359375,46,36,55,24,36.7630467916868,-1.01188739146809,401
1891.16943359375,46,36,55,24,36.7672134227011,-1.01188739146809,434
1852.79016113281,48,36,56,36,36.7942965242945,-1.01188739146809,622
1842.90319824219,48,40,55,37,36.8026297863232,-1.01188739146809,534
1832.53002929688,49,34,55,29,36.8151296793663,-1.01188739146809,486
1821.7529296875,48,36,55,22,36.8192963103806,-1.01188739146809,516
1802.94543457031,49,39,56,34,36.8401294654524,-1.01188739146809,499
1759.16076660156,51,29,57,49,36.8692958825529,-1.01188739146809,538
1687.33679199219,52,24,59,44,36.9151288237108,-1.01188739146809,534
1670.17443847656,53,22,59,25,36.9255454012467,-1.01188739146809,605
1632.76782226562,54,21,58,43,36.9359619787826,-1.01188739146809,537
1525.0419921875,58,17,59,29,36.9963781284908,-1.01188739146809,474
748.724853515625,42,23,64,5,36.5984648666197,-1.01397074550456,823
1937.76916503906,35,54,54,33,36.6859641179212,-1.01397074550456,369
1926.1962890625,39,39,55,39,36.7255471125576,-1.01397074550456,501
1877.63879394531,49,40,55,42,36.7692967382083,-1.01397074550456,466
1877.63879394531,49,40,55,42,36.7734633692227,-1.01397074550456,505
1842.90319824219,48,40,55,37,36.8088797328447,-1.01397074550456,514
1770.76672363281,50,32,56,22,36.8630459360314,-1.01397074550456,528
1759.16076660156,51,29,57,49,36.8755458290744,-1.01397074550456,557
1712.45385742188,50,22,59,48,36.894295668639,-1.01397074550456,563
1702.71411132812,52,19,59,40,36.9047122461749,-1.01397074550456,509
1670.17443847656,53,22,59,25,36.9213787702324,-1.01397074550456,565
1652.41027832031,54,21,59,31,36.9297120322611,-1.01397074550456,529
1632.76782226562,54,21,58,43,36.940128609797,-1.01397074550456,539
1525.0419921875,58,17,59,29,37.0005447595051,-1.01397074550456,445
752.199462890625,43,25,64,5,36.5942982356053,-1.01605409954104,765
752.199462890625,43,25,64,5,36.6005481821269,-1.01605409954104,761
946.068603515625,47,27,60,10,36.6151313906771,-1.01605409954104,457
1733.58862304688,45,30,58,17,36.6359645457489,-1.01605409954104,547
1733.58862304688,45,30,58,17,36.6380478612561,-1.01605409954104,548
1908.54296875,41,36,58,19,36.6567977008207,-1.01605409954104,511
1954.07836914062,35,51,54,79,36.6734642248781,-1.01605409954104,369
1934.2001953125,36,45,53,21,36.7026306419786,-1.01605409954104,502
1852.05139160156,51,37,57,46,36.7901298932801,-1.01605409954104,483
1840.57507324219,50,37,55,27,36.800546470816,-1.01605409954104,501
1828.02490234375,51,35,55,50,36.8067964173375,-1.01605409954104,517
1803.38989257812,50,37,57,24,36.8276295724093,-1.01605409954104,513
1803.38989257812,50,37,57,24,36.8338795189309,-1.01605409954104,514
1772.52734375,49,34,56,45,36.858879305017,-1.01605409954104,537
1756.36645507812,51,29,56,47,36.8609626205242,-1.01605409954104,538
1713.7529296875,50,25,58,36,36.8859624066103,-1.01605409954104,545
1713.7529296875,50,25,58,36,36.8922123531319,-1.01605409954104,544
1700.27526855469,50,23,59,35,36.894295668639,-1.01605409954104,578
1688.95849609375,51,22,57,34,36.9047122461749,-1.01605409954104,541
1674.94152832031,52,23,60,39,36.917212139218,-1.01605409954104,545
1664.08923339844,54,22,58,27,36.9255454012467,-1.01605409954104,540
1600.12341308594,55,20,59,17,36.9463785563185,-1.01605409954104,572
1600.12341308594,55,20,59,17,36.9484618718257,-1.01605409954104,566
1587.02014160156,55,18,62,20,36.9588784493616,-1.01605409954104,524
1579.212890625,54,18,59,17,36.9630450803759,-1.01605409954104,529
1539.65222167969,56,16,60,22,36.9776282889262,-1.01605409954104,458
1509.35595703125,58,16,58,18,37.0005447595051,-1.01605409954104,470
1499.57348632812,59,16,59,15,37.0026280750123,-1.01605409954104,438
1399.4853515625,57,11,57,13,37.0609609092133,-1.01605409954104,388
752.199462890625,43,25,64,5,36.6005481821269,-1.01813745357751,751
946.068603515625,47,27,60,10,36.6109647596628,-1.01813745357751,473
1510.17956542969,46,29,60,13,36.6297145992274,-1.01813745357751,502
1831.86047363281,43,39,58,56,36.6463811232848,-1.01813745357751,527
1831.86047363281,43,39,58,56,36.648464438792,-1.01813745357751,519
1908.54296875,41,36,58,19,36.6526310698063,-1.01813745357751,556
1948.37487792969,38,56,56,93,36.6672142783566,-1.01813745357751,431
1925.15905761719,42,42,53,29,36.719297166036,-1.01813745357751,505
1925.15905761719,42,42,53,29,36.7213804815432,-1.01813745357751,492
1923.38342285156,42,46,53,30,36.7317970590791,-1.01813745357751,547
1917.59130859375,42,38,52,22,36.7484635831365,-1.01813745357751,427
1902.91784667969,43,39,52,29,36.7567968451653,-1.01813745357751,407
1879.32531738281,45,41,54,35,36.765130107194,-1.01813745357751,474
1879.32531738281,45,41,54,35,36.7672134227011,-1.01813745357751,452
1858.1201171875,50,38,56,20,36.7817966312514,-1.01813745357751,435
1852.05139160156,51,37,57,46,36.7901298932801,-1.01813745357751,484
1840.57507324219,50,37,55,27,36.7963798398016,-1.01813745357751,454
1788.14428710938,49,33,57,37,36.8463794119739,-1.01813745357751,547
1688.95849609375,51,22,57,34,36.9047122461749,-1.01813745357751,559
1674.94152832031,52,23,60,39,36.917212139218,-1.01813745357751,524
1649.77941894531,53,20,59,40,36.9276287167539,-1.01813745357751,522
1625.06188964844,54,22,59,23,36.9359619787826,-1.01813745357751,509
1587.02014160156,55,18,62,20,36.9567951338544,-1.01813745357751,512
1587.02014160156,55,18,62,20,36.9588784493616,-1.01813745357751,511
1563.08874511719,55,17,59,19,36.9692950268975,-1.01813745357751,459
1563.08874511719,55,17,59,19,36.975544973419,-1.01813745357751,443
1539.65222167969,56,16,60,22,36.9838782354477,-1.01813745357751,475
1477.58435058594,57,16,58,50,37.0255445455913,-1.01813745357751,397
752.199462890625,43,25,64,5,36.5963815511125,-1.02022080761399,827
818.614562988281,47,35,61,36,36.6088814441556,-1.02022080761399,559
1954.07836914062,35,51,54,79,36.6692975938638,-1.02022080761399,419
1954.07836914062,35,51,54,79,36.6713809093709,-1.02022080761399,404
1954.07836914062,35,51,54,79,36.6755475403853,-1.02022080761399,371
1863.25769042969,47,38,55,39,36.7734633692227,-1.02022080761399,431
1713.7529296875,50,25,58,36,36.8901290376247,-1.02022080761399,528
1688.95849609375,51,22,57,34,36.9047122461749,-1.02022080761399,564
1625.06188964844,54,22,59,23,36.9422119253041,-1.02022080761399,557
1520.33850097656,56,19,57,9,36.9901281819692,-1.02022080761399,416
1348.3203125,52,12,56,42,37.2588758823953,-1.02022080761399,414
752.199462890625,43,25,64,5,36.5984648666197,-1.02230416165046,752
818.614562988281,47,35,61,36,36.6026314976341,-1.02230416165046,638
946.068603515625,47,27,60,10,36.6172147061843,-1.02230416165046,518
1185.89038085938,46,30,58,91,36.6234646527058,-1.02230416165046,520
1733.58862304688,45,30,58,17,36.6422144922704,-1.02230416165046,531
1908.54296875,41,36,58,19,36.6547143853135,-1.02230416165046,536
1908.54296875,41,36,58,19,36.6588810163279,-1.02230416165046,534
1947.63098144531,35,48,54,29,36.6859641179212,-1.02230416165046,309
1934.2001953125,36,45,53,21,36.7026306419786,-1.02230416165046,496
1923.38342285156,42,46,53,30,36.7317970590791,-1.02230416165046,522
1921.81176757812,41,49,54,21,36.7401303211078,-1.02230416165046,472
1917.59130859375,42,38,52,22,36.7484635831365,-1.02230416165046,447
1852.05139160156,51,37,57,46,36.7880465777729,-1.02230416165046,484
1807.83215332031,50,30,54,49,36.823462941395,-1.02230416165046,504
1803.38989257812,50,37,57,24,36.8317962034237,-1.02230416165046,495
1788.14428710938,49,33,57,37,36.8442960964667,-1.02230416165046,543
1772.52734375,49,34,56,45,36.8567959895098,-1.02230416165046,527
1756.36645507812,51,29,56,47,36.8630459360314,-1.02230416165046,517
1664.08923339844,54,22,58,27,36.9234620857395,-1.02230416165046,502
1649.77941894531,53,20,59,40,36.9338786632754,-1.02230416165046,501
1625.06188964844,54,22,59,23,36.9359619787826,-1.02230416165046,493
1509.35595703125,58,16,58,18,36.9942948129836,-1.02230416165046,416
1477.23071289062,54,14,56,33,37.0297111766056,-1.02230416165046,396
1300.86608886719,52,12,57,55,37.2609591979024,-1.02230416165046,380
1300.86608886719,52,12,57,55,37.2651258289168,-1.02230416165046,373
965.143127441406,46,30,61,8,36.6130480751699,-1.02438751568693,487
965.143127441406,46,30,61,8,36.6151313906771,-1.02438751568693,498
1877.02709960938,42,33,57,20,36.6547143853135,-1.02438751568693,531
1936.39904785156,40,55,56,19,36.6651309628494,-1.02438751568693,471
1951.02734375,36,53,56,32,36.6755475403853,-1.02438751568693,337
1927.60192871094,36,41,54,30,36.7047139574858,-1.02438751568693,465
1914.35412597656,41,53,52,49,36.719297166036,-1.02438751568693,467
1916.01403808594,42,42,54,36,36.7359636900935,-1.02438751568693,468
1916.01403808594,42,42,54,36,36.7380470056006,-1.02438751568693,469
1912.93981933594,42,42,55,16,36.7442969521222,-1.02438751568693,440
1895.53686523438,43,45,52,29,36.7547135296581,-1.02438751568693,452
1820.17541503906,49,34,56,60,36.800546470816,-1.02438751568693,503
1791.79943847656,50,30,55,18,36.8213796258878,-1.02438751568693,507
1791.79943847656,50,30,55,18,36.823462941395,-1.02438751568693,507
1786.67590332031,50,34,55,45,36.835962834438,-1.02438751568693,518
1776.60559082031,50,33,57,49,36.8505460429883,-1.02438751568693,539
1720.98291015625,50,29,57,41,36.8797124600888,-1.02438751568693,558
1705.37939453125,51,24,58,24,36.8880457221175,-1.02438751568693,537
1569.00463867188,54,19,60,16,36.9547118183472,-1.02438751568693,542
1569.00463867188,54,19,60,16,36.9567951338544,-1.02438751568693,547
1569.00463867188,54,19,60,16,36.9588784493616,-1.02438751568693,541
1390.89025878906,55,16,58,12,37.0651275402277,-1.02438751568693,408
1328.11962890625,52,12,58,29,37.2276261497876,-1.02438751568693,419
1365.90234375,53,12,58,9,37.2484593048594,-1.02438751568693,412
829.676208496094,47,41,59,35,36.6088814441556,-1.02647086972341,594
1479.33605957031,47,29,61,13,36.6276312837202,-1.02647086972341,520
1927.60192871094,36,41,54,30,36.7047139574858,-1.02647086972341,433
1915.38635253906,41,41,51,23,36.7317970590791,-1.02647086972341,478
1862.91577148438,47,36,54,27,36.765130107194,-1.02647086972341,452
1836.25915527344,48,37,54,40,36.7838799467586,-1.02647086972341,475
1805.93212890625,50,36,57,44,36.8067964173375,-1.02647086972341,502
1786.67590332031,50,34,55,45,36.835962834438,-1.02647086972341,528
1776.60559082031,50,33,57,49,36.8463794119739,-1.02647086972341,548
1776.60559082031,50,33,57,49,36.8505460429883,-1.02647086972341,525
1760.21704101562,50,32,55,15,36.8526293584955,-1.02647086972341,535
1741.78393554688,51,31,56,29,36.8630459360314,-1.02647086972341,553
1741.78393554688,51,31,56,29,36.8672125670457,-1.02647086972341,542
1720.98291015625,50,29,57,41,36.8776291445816,-1.02647086972341,558
1720.98291015625,50,29,57,41,36.8797124600888,-1.02647086972341,572
1650.89392089844,53,22,60,21,36.9255454012467,-1.02647086972341,551
1612.10119628906,54,21,59,18,36.9359619787826,-1.02647086972341,537
1583.88195800781,55,19,59,14,36.9505451873328,-1.02647086972341,533
1562.13525390625,54,20,60,17,36.9609617648687,-1.02647086972341,542
1562.13525390625,54,20,60,17,36.9651283958831,-1.02647086972341,473
1517.58081054688,55,17,58,24,36.9901281819692,-1.02647086972341,395
1486.28820800781,60,12,62,8,37.010961337041,-1.02647086972341,420
1481.556640625,56,13,59,11,37.0213779145769,-1.02647086972341,356
1473.98059082031,55,15,56,15,37.0276278610985,-1.02647086972341,393
1351.02478027344,52,9,58,16,37.2380427273235,-1.02647086972341,390
1365.90234375,53,12,58,9,37.244292673845,-1.02647086972341,357
1365.90234375,53,12,58,9,37.2505426203665,-1.02647086972341,386
1374.53454589844,52,11,56,6,37.2526259358737,-1.02647086972341,395
1374.53454589844,52,11,56,6,37.2547092513809,-1.02647086972341,388
965.143127441406,46,30,61,8,36.6172147061843,-1.02855422375988,562
1479.33605957031,47,29,61,13,36.6297145992274,-1.02855422375988,517
1670.17993164062,46,36,57,14,36.6359645457489,-1.02855422375988,569
1877.02709960938,42,33,57,20,36.6526310698063,-1.02855422375988,521
1927.60192871094,36,41,54,30,36.7047139574858,-1.02855422375988,407
1916.79992675781,38,40,53,16,36.7151305350217,-1.02855422375988,461
1916.01403808594,42,42,54,36,36.7401303211078,-1.02855422375988,435
1912.93981933594,42,42,55,16,36.7463802676294,-1.02855422375988,415
1912.93981933594,42,42,55,16,36.7484635831365,-1.02855422375988,432
1895.53686523438,43,45,52,29,36.7588801606724,-1.02855422375988,459
1839.67346191406,48,41,55,47,36.7734633692227,-1.02855422375988,400
1833.11157226562,47,35,57,23,36.7880465777729,-1.02855422375988,485
1833.11157226562,47,35,57,23,36.7901298932801,-1.02855422375988,495
1760.21704101562,50,32,55,15,36.8547126740026,-1.02855422375988,571
1690.74230957031,51,23,60,36,36.894295668639,-1.02855422375988,570
1661.41235351562,53,22,57,31,36.9130455082036,-1.02855422375988,522
1638.04431152344,54,21,59,17,36.9276287167539,-1.02855422375988,535
1569.00463867188,54,19,60,16,36.9567951338544,-1.02855422375988,512
1569.00463867188,54,19,60,16,36.9588784493616,-1.02855422375988,513
1562.13525390625,54,20,60,17,36.9672117113903,-1.02855422375988,484
1486.28820800781,60,12,62,8,37.0151279680554,-1.02855422375988,437
1473.98059082031,55,15,56,15,37.03387780762,-1.02855422375988,409
1328.11962890625,52,12,58,29,37.2317927808019,-1.02855422375988,410
1285.78186035156,53,12,56,37,37.2734590909455,-1.02855422375988,413
759.527893066406,44,25,63,41,36.5942982356053,-1.03063757779636,850
829.676208496094,47,41,59,35,36.6026314976341,-1.03063757779636,556
1936.39904785156,40,55,56,19,36.660964331835,-1.03063757779636,542
1936.39904785156,40,55,56,19,36.6672142783566,-1.03063757779636,497
1950.17321777344,35,56,52,44,36.6922140644427,-1.03063757779636,335
1927.60192871094,36,41,54,30,36.7088805885002,-1.03063757779636,413
1916.79992675781,38,40,53,16,36.7151305350217,-1.03063757779636,442
1916.01403808594,42,42,54,36,36.7359636900935,-1.03063757779636,447
1839.67346191406,48,41,55,47,36.7734633692227,-1.03063757779636,412
1836.25915527344,48,37,54,40,36.7838799467586,-1.03063757779636,468
1820.17541503906,49,34,56,60,36.7942965242945,-1.03063757779636,492
1760.21704101562,50,32,55,15,36.8567959895098,-1.03063757779636,560
1720.98291015625,50,29,57,41,36.8838790911031,-1.03063757779636,599
1705.37939453125,51,24,58,24,36.8859624066103,-1.03063757779636,600
1705.37939453125,51,24,58,24,36.8880457221175,-1.03063757779636,602
1612.10119628906,54,21,59,18,36.9422119253041,-1.03063757779636,583
1583.88195800781,55,19,59,14,36.9463785563185,-1.03063757779636,559
1486.28820800781,60,12,62,8,37.0172112835626,-1.03063757779636,359
1481.556640625,56,13,59,11,37.0255445455913,-1.03063757779636,386
1462.21130371094,53,11,58,6,37.0422110696487,-1.03063757779636,395
1295.43957519531,53,14,57,20,37.2172095722517,-1.03063757779636,393
1305.84094238281,54,12,60,8,37.2234595187732,-1.03063757779636,390
1351.02478027344,52,9,58,16,37.2401260428307,-1.03063757779636,381
1357.55432128906,53,10,58,19,37.2609591979024,-1.03063757779636,447
1285.78186035156,53,12,56,37,37.2692924599312,-1.03063757779636,453
1285.78186035156,53,12,56,37,37.2713757754383,-1.03063757779636,429
768.160278320312,45,40,58,11,36.6005481821269,-1.03272093183283,582
1008.828125,46,29,60,10,36.6172147061843,-1.03272093183283,547
1506.43542480469,48,28,62,14,36.6338812302417,-1.03272093183283,607
1917.33312988281,39,53,57,10,36.6651309628494,-1.03272093183283,512
1917.33312988281,39,53,57,10,36.6672142783566,-1.03272093183283,503
1938.85424804688,36,60,53,58,36.6859641179212,-1.03272093183283,315
1888.73034667969,41,42,52,49,36.7297137435719,-1.03272093183283,451
1889.69274902344,44,44,54,30,36.7442969521222,-1.03272093183283,441
1774.03015136719,49,37,56,21,36.8172129948734,-1.03272093183283,517
1772.35998535156,50,37,57,44,36.8276295724093,-1.03272093183283,501
1768.62976074219,50,40,55,37,36.8380461499452,-1.03272093183283,492
1758.79809570312,50,32,55,37,36.8442960964667,-1.03272093183283,519
1718.80358886719,51,39,55,54,36.8734625135672,-1.03272093183283,542
1696.46130371094,52,27,59,25,36.8901290376247,-1.03272093183283,565
1665.12561035156,52,21,62,24,36.9026289306677,-1.03272093183283,589
1562.71911621094,54,19,56,38,36.95262850284,-1.03272093183283,530
1562.71911621094,54,19,56,38,36.9588784493616,-1.03272093183283,478
1525.291015625,55,18,58,15,36.9838782354477,-1.03272093183283,451
1500.05322265625,57,15,60,12,36.9963781284908,-1.03272093183283,438
1500.05322265625,57,15,60,12,36.998461443998,-1.03272093183283,451
1477.501953125,56,13,62,10,37.0234612300841,-1.03272093183283,383
1440.22937011719,54,13,58,7,37.0422110696487,-1.03272093183283,436
1421.36145019531,51,14,60,20,37.0484610161702,-1.03272093183283,436
1421.36145019531,51,14,60,20,37.0505443316774,-1.03272093183283,429
1409.25756835938,51,12,60,6,37.0588775937061,-1.03272093183283,405
1405.42590332031,47,11,63,10,37.0755441177636,-1.03272093183283,414
1263.46423339844,56,13,60,15,37.2151262567445,-1.03272093183283,428
1368.38500976562,51,10,59,15,37.2276261497876,-1.03272093183283,414
1368.38500976562,51,10,59,15,37.2338760963091,-1.03272093183283,403
1417.64978027344,52,11,57,16,37.2505426203665,-1.03272093183283,398
1416.18090820312,54,12,56,15,37.2588758823953,-1.03272093183283,435
1364.92431640625,50,16,57,23,37.2692924599312,-1.03272093183283,500
849.890502929688,46,40,60,47,36.6026314976341,-1.0348042858693,602
849.890502929688,46,40,60,47,36.6047148131412,-1.0348042858693,600
849.890502929688,46,40,60,47,36.6088814441556,-1.0348042858693,565
1008.828125,46,29,60,10,36.6130480751699,-1.0348042858693,509
1850.11315917969,41,40,57,24,36.6526310698063,-1.0348042858693,518
1850.11315917969,41,40,57,24,36.6567977008207,-1.0348042858693,514
1938.56616210938,35,50,53,76,36.683880802414,-1.0348042858693,324
1938.85424804688,36,60,53,58,36.6901307489355,-1.0348042858693,332
1929.40380859375,35,51,53,54,36.7005473264714,-1.0348042858693,329
1889.23266601562,38,40,54,20,36.7172138505289,-1.0348042858693,488
1891.4111328125,43,43,52,52,36.7380470056006,-1.0348042858693,456
1875.80920410156,45,46,52,36,36.7547135296581,-1.0348042858693,445
1822.71484375,47,34,56,26,36.7859632622658,-1.0348042858693,516
1786.44958496094,49,35,56,49,36.8067964173375,-1.0348042858693,502
1774.03015136719,49,37,56,21,36.8109630483519,-1.0348042858693,563
1771.20703125,49,33,55,40,36.8255462569021,-1.0348042858693,475
1710.02062988281,51,28,58,35,36.8776291445816,-1.0348042858693,544
1680.70141601562,51,24,59,49,36.894295668639,-1.0348042858693,570
1649.10595703125,53,23,59,25,36.9151288237108,-1.0348042858693,547
1542.69177246094,54,19,59,60,36.9713783424046,-1.0348042858693,472
1500.05322265625,57,15,60,12,36.9942948129836,-1.0348042858693,443
1490.857421875,58,16,60,32,37.0067947060267,-1.0348042858693,423
1409.25756835938,51,12,60,6,37.0547109626918,-1.0348042858693,405
1409.25756835938,51,12,60,6,37.056794278199,-1.0348042858693,425
1405.42590332031,47,11,63,10,37.0734608022564,-1.0348042858693,453
1359.21789550781,50,10,56,38,37.092210641821,-1.0348042858693,445
1324.626953125,54,11,59,13,37.0984605883425,-1.0348042858693,434
1121.71643066406,55,13,59,9,37.1776265776153,-1.0348042858693,470
1408.84252929688,52,14,56,11,37.267209144424,-1.0348042858693,522
725.386535644531,40,19,66,6,36.5922149200982,-1.03688763990578,878
768.160278320312,45,40,58,11,36.5984648666197,-1.03688763990578,653
1008.828125,46,29,60,10,36.6130480751699,-1.03688763990578,514
1753.37109375,43,33,57,14,36.6463811232848,-1.03688763990578,567
1850.11315917969,41,40,57,24,36.6567977008207,-1.03688763990578,572
1917.33312988281,39,53,57,10,36.660964331835,-1.03688763990578,575
1938.56616210938,35,50,53,76,36.6797141713997,-1.03688763990578,393
1929.40380859375,35,51,53,54,36.6963806954571,-1.03688763990578,360
1908.330078125,37,44,54,20,36.7088805885002,-1.03688763990578,420
1889.23266601562,38,40,54,20,36.7172138505289,-1.03688763990578,519
1884.75830078125,40,46,52,42,36.7213804815432,-1.03688763990578,545
1891.4111328125,43,43,52,52,36.7401303211078,-1.03688763990578,445
1848.86975097656,46,38,53,38,36.7672134227011,-1.03688763990578,463
1828.44116210938,47,41,55,19,36.7797133157442,-1.03688763990578,458
1786.44958496094,49,35,56,49,36.8088797328447,-1.03688763990578,520
1772.35998535156,50,37,57,44,36.8276295724093,-1.03688763990578,496
1758.79809570312,50,32,55,37,36.8463794119739,-1.03688763990578,505
1729.48864746094,51,32,57,31,36.8651292515385,-1.03688763990578,541
1680.70141601562,51,24,59,49,36.8984622996534,-1.03688763990578,558
1637.94250488281,53,21,58,18,36.9255454012467,-1.03688763990578,506
1562.71911621094,54,19,56,38,36.9567951338544,-1.03688763990578,460
1542.69177246094,54,19,59,60,36.9692950268975,-1.03688763990578,462
1512.51037597656,56,16,58,18,36.9859615509549,-1.03688763990578,474
1500.05322265625,57,15,60,12,36.9942948129836,-1.03688763990578,429
1409.25756835938,51,12,60,6,37.0588775937061,-1.03688763990578,442
1232.08972167969,53,12,64,14,37.2047096792086,-1.03688763990578,461
1368.38500976562,51,10,59,15,37.2276261497876,-1.03688763990578,429
1368.38500976562,51,10,59,15,37.2317927808019,-1.03688763990578,441
1417.64978027344,52,11,57,16,37.2505426203665,-1.03688763990578,396
1408.84252929688,52,14,56,11,37.267209144424,-1.03688763990578,479
1255.73449707031,47,27,60,26,36.6213813371987,-1.03897099394225,546
1255.73449707031,47,27,60,26,36.625547968213,-1.03897099394225,499
1753.37109375,43,33,57,14,36.6442978077776,-1.03897099394225,535
1936.21374511719,36,55,56,75,36.6734642248781,-1.03897099394225,422
1938.56616210938,35,50,53,76,36.683880802414,-1.03897099394225,330
1938.85424804688,36,60,53,58,36.6880474334284,-1.03897099394225,333
1908.330078125,37,44,54,20,36.7088805885002,-1.03897099394225,441
1891.4111328125,43,43,52,52,36.7380470056006,-1.03897099394225,444
1875.80920410156,45,46,52,36,36.7588801606724,-1.03897099394225,454
1830.66259765625,46,41,53,17,36.7734633692227,-1.03897099394225,439
1830.66259765625,46,41,53,17,36.7755466847299,-1.03897099394225,450
1786.44958496094,49,35,56,49,36.8047131018304,-1.03897099394225,511
1665.12561035156,52,21,62,24,36.9026289306677,-1.03897099394225,541
1625.39929199219,53,20,57,24,36.9297120322611,-1.03897099394225,498
1625.39929199219,53,20,57,24,36.9338786632754,-1.03897099394225,528
1556.51184082031,54,18,56,15,36.9609617648687,-1.03897099394225,443
1542.69177246094,54,19,59,60,36.975544973419,-1.03897099394225,490
1512.51037597656,56,16,58,18,36.9859615509549,-1.03897099394225,453
1500.05322265625,57,15,60,12,36.9963781284908,-1.03897099394225,438
1500.05322265625,57,15,60,12,37.0005447595051,-1.03897099394225,455
1409.25756835938,51,12,60,6,37.0526276471846,-1.03897099394225,434
1405.42590332031,47,11,63,10,37.0713774867492,-1.03897099394225,413
1306.82397460938,53,11,56,29,37.1047105348641,-1.03897099394225,445
1306.82397460938,53,11,56,29,37.1067938503712,-1.03897099394225,433
1314.88671875,54,12,62,6,37.1109604813856,-1.03897099394225,402
1314.88671875,54,12,62,6,37.1151271123999,-1.03897099394225,422
1121.71643066406,55,13,59,9,37.1776265776153,-1.03897099394225,436
1161.82775878906,54,13,61,6,37.1880431551512,-1.03897099394225,450
1232.08972167969,53,12,64,14,37.2026263637014,-1.03897099394225,463
1368.38500976562,51,10,59,15,37.2297094652948,-1.03897099394225,469
1409.67395019531,51,10,60,23,37.2401260428307,-1.03897099394225,441
1364.92431640625,50,16,57,23,37.2713757754383,-1.03897099394225,510
1364.92431640625,50,16,57,23,37.2734590909455,-1.03897099394225,547
1076.33935546875,47,25,58,11,36.6151313906771,-1.04105434797873,489
1778.66418457031,42,38,55,52,36.648464438792,-1.04105434797873,537
1907.27673339844,37,52,57,73,36.660964331835,-1.04105434797873,508
1927.97485351562,36,55,53,88,36.6776308558925,-1.04105434797873,421
1918.20153808594,35,51,52,58,36.6984640109643,-1.04105434797873,354
1892.91040039062,37,50,52,30,36.7088805885002,-1.04105434797873,448
1867.931640625,38,42,53,40,36.7172138505289,-1.04105434797873,552
1861.78430175781,39,44,52,40,36.7234637970504,-1.04105434797873,485
1818.13098144531,48,35,56,15,36.7942965242945,-1.04105434797873,519
1744.65063476562,50,31,55,46,36.8401294654524,-1.04105434797873,531
1739.02404785156,51,31,56,42,36.8442960964667,-1.04105434797873,495
1701.669921875,51,28,58,26,36.8776291445816,-1.04105434797873,576
1689.08911132812,51,26,59,15,36.8880457221175,-1.04105434797873,549
1613.74755859375,53,19,61,27,36.9317953477682,-1.04105434797873,504
1571.52709960938,54,21,57,32,36.9463785563185,-1.04105434797873,493
1542.89685058594,55,20,58,47,36.9609617648687,-1.04105434797873,446
1529.23120117188,54,20,58,17,36.9692950268975,-1.04105434797873,470
1491.61437988281,55,14,59,7,36.9963781284908,-1.04105434797873,440
1448.44006347656,54,13,60,12,37.0317944921128,-1.04105434797873,442
1374.99719238281,45,7,63,4,37.0859606952994,-1.04105434797873,449
1139.19396972656,55,11,62,16,37.1901264706584,-1.04105434797873,461
1441.30297851562,52,13,57,23,37.2359594118163,-1.04105434797873,507
1441.30297851562,52,13,57,23,37.2422093583378,-1.04105434797873,488
1354.78515625,50,10,57,26,37.2776257219599,-1.04105434797873,469
1918.20153808594,35,51,52,58,36.7005473264714,-1.0431377020152,347
1892.91040039062,37,50,52,30,36.7026306419786,-1.0431377020152,349
1861.78430175781,39,44,52,40,36.7213804815432,-1.0431377020152,529
1864.49243164062,41,38,51,30,36.7297137435719,-1.0431377020152,438
1859.81958007812,42,45,52,40,36.7380470056006,-1.0431377020152,416
1859.81958007812,42,45,52,40,36.742213636615,-1.0431377020152,419
1853.52355957031,43,41,52,17,36.7484635831365,-1.0431377020152,411
1850.58557128906,44,40,54,45,36.7547135296581,-1.0431377020152,432
1848.33703613281,47,43,53,45,36.765130107194,-1.0431377020152,423
1763.80187988281,49,32,55,47,36.8109630483519,-1.0431377020152,524
1744.65063476562,50,31,55,46,36.8401294654524,-1.0431377020152,528
1670.90466308594,52,24,59,29,36.894295668639,-1.0431377020152,531
1650.78527832031,52,23,59,23,36.9067955616821,-1.0431377020152,554
1613.74755859375,53,19,61,27,36.9297120322611,-1.0431377020152,506
1486.32592773438,55,14,59,27,37.0047113905195,-1.0431377020152,445
1481.8642578125,58,13,60,19,37.0130446525482,-1.0431377020152,420
1413.73474121094,49,11,66,8,37.0484610161702,-1.0431377020152,440
1421.70031738281,48,10,66,4,37.0630442247205,-1.0431377020152,519
1374.99719238281,45,7,63,4,37.0859606952994,-1.0431377020152,452
1340.88110351562,47,9,64,9,37.0963772728353,-1.0431377020152,402
1340.88110351562,47,9,64,9,37.1005439038497,-1.0431377020152,397
1311.36352539062,51,12,63,13,37.1151271123999,-1.0431377020152,441
1106.27282714844,53,10,62,10,37.1734599466009,-1.0431377020152,407
1274.06652832031,55,15,63,26,37.2130429412373,-1.0431377020152,500
1382.6767578125,53,14,58,13,37.2317927808019,-1.0431377020152,439
1422.052734375,52,12,58,22,37.2630425134096,-1.0431377020152,484
1354.78515625,50,10,57,26,37.2776257219599,-1.0431377020152,497
1076.33935546875,47,25,58,11,36.6109647596628,-1.04522105605168,432
1076.33935546875,47,25,58,11,36.6172147061843,-1.04522105605168,503
1722.11694335938,44,36,56,10,36.6422144922704,-1.04522105605168,540
1927.78186035156,35,50,53,58,36.6859641179212,-1.04522105605168,369
1918.20153808594,35,51,52,58,36.6942973799499,-1.04522105605168,367
1918.20153808594,35,51,52,58,36.7005473264714,-1.04522105605168,327
1867.931640625,38,42,53,40,36.7130472195145,-1.04522105605168,530
1861.78430175781,39,44,52,40,36.719297166036,-1.04522105605168,516
1818.13098144531,48,35,56,15,36.7942965242945,-1.04522105605168,483
1818.13098144531,48,35,56,15,36.800546470816,-1.04522105605168,520
1739.02404785156,51,31,56,42,36.8505460429883,-1.04522105605168,495
1728.60595703125,50,33,56,51,36.8567959895098,-1.04522105605168,526
1709.27722167969,51,29,58,21,36.8713791980601,-1.04522105605168,592
1701.669921875,51,28,58,26,36.8776291445816,-1.04522105605168,589
1689.08911132812,51,26,59,15,36.8901290376247,-1.04522105605168,535
1650.78527832031,52,23,59,23,36.9088788771893,-1.04522105605168,546
1491.61437988281,55,14,59,7,37.0005447595051,-1.04522105605168,434
1427.32409667969,50,11,63,2,37.0422110696487,-1.04522105605168,421
1425.45239257812,45,8,62,1,37.0734608022564,-1.04522105605168,551
1408.9853515625,46,6,62,5,37.0776274332707,-1.04522105605168,503
1374.99719238281,45,7,63,4,37.0859606952994,-1.04522105605168,456
1374.99719238281,45,7,63,4,37.092210641821,-1.04522105605168,525
1340.88110351562,47,9,64,9,37.1005439038497,-1.04522105605168,425
1320.61706542969,48,7,61,7,37.1026272193569,-1.04522105605168,449
1311.36352539062,51,12,63,13,37.1130437968928,-1.04522105605168,445
1311.36352539062,51,12,63,13,37.1151271123999,-1.04522105605168,450
1139.19396972656,55,11,62,16,37.1880431551512,-1.04522105605168,448
1453.63415527344,52,14,56,7,37.2463759893522,-1.04522105605168,442
727.501708984375,42,20,61,16,36.5922149200982,-1.04730441008815,727
1076.33935546875,47,25,58,11,36.6151313906771,-1.04730441008815,465
1364.34252929688,48,27,59,13,36.6192980216915,-1.04730441008815,551
1778.66418457031,42,38,55,52,36.6463811232848,-1.04730441008815,552
1927.20361328125,36,53,54,82,36.6755475403853,-1.04730441008815,446
1867.931640625,38,42,53,40,36.7109639040073,-1.04730441008815,518
1853.52355957031,43,41,52,17,36.7442969521222,-1.04730441008815,475
1850.76013183594,47,35,55,18,36.7755466847299,-1.04730441008815,426
1748.95776367188,48,34,56,28,36.8255462569021,-1.04730441008815,510
1745.95837402344,50,35,56,35,36.8276295724093,-1.04730441008815,512
1728.60595703125,50,33,56,51,36.858879305017,-1.04730441008815,548
1650.78527832031,52,23,59,23,36.9047122461749,-1.04730441008815,522
1625.95068359375,54,21,58,25,36.9192954547252,-1.04730441008815,532
1613.74755859375,53,19,61,27,36.9297120322611,-1.04730441008815,498
1542.89685058594,55,20,58,47,36.9651283958831,-1.04730441008815,425
1529.23120117188,54,20,58,17,36.9734616579118,-1.04730441008815,501
1512.34851074219,54,19,60,15,36.9817949199405,-1.04730441008815,460
1499.90795898438,55,16,58,18,36.9859615509549,-1.04730441008815,426
1413.73474121094,49,11,66,8,37.0463777006631,-1.04730441008815,429
1412.07897949219,49,10,68,8,37.056794278199,-1.04730441008815,449
1425.45239257812,45,8,62,1,37.0713774867492,-1.04730441008815,636
1340.88110351562,47,9,64,9,37.0963772728353,-1.04730441008815,456
1311.36352539062,51,12,63,13,37.1172104279071,-1.04730441008815,417
1316.71716308594,52,15,63,11,37.2234595187732,-1.04730441008815,373
1316.71716308594,52,15,63,11,37.2255428342804,-1.04730441008815,370
1453.63415527344,52,14,56,7,37.2463759893522,-1.04730441008815,417
1422.052734375,52,12,58,22,37.2609591979024,-1.04730441008815,547
1354.78515625,50,10,57,26,37.2838756684814,-1.04730441008815,383
1126.0419921875,45,22,58,7,36.6151313906771,-1.04938776412462,447
1842.85144042969,39,41,55,27,36.6547143853135,-1.04938776412462,555
1935.27380371094,35,57,53,70,36.6776308558925,-1.04938776412462,393
1935.27380371094,35,57,53,70,36.6817974869068,-1.04938776412462,346
1935.15417480469,35,48,52,41,36.6880474334284,-1.04938776412462,342
1897.57470703125,36,46,51,46,36.7047139574858,-1.04938776412462,421
1856.71142578125,41,42,51,86,36.7380470056006,-1.04938776412462,434
1844.759765625,42,37,53,42,36.7442969521222,-1.04938776412462,439
1844.759765625,42,37,53,42,36.7505468986437,-1.04938776412462,426
1849.66064453125,44,37,52,57,36.7526302141509,-1.04938776412462,408
1874.91247558594,50,39,53,50,36.7713800537155,-1.04938776412462,438
1859.18103027344,46,34,54,18,36.7880465777729,-1.04938776412462,471
1836.92553710938,48,37,56,23,36.7942965242945,-1.04938776412462,474
1715.357421875,51,32,57,22,36.858879305017,-1.04938776412462,525
1662.43688964844,52,23,60,12,36.8984622996534,-1.04938776412462,529
1573.13305664062,55,20,57,31,36.9422119253041,-1.04938776412462,582
1537.14282226562,55,19,58,17,36.9547118183472,-1.04938776412462,478
1520.45959472656,55,19,56,35,36.9609617648687,-1.04938776412462,458
1485.14685058594,53,20,58,24,36.9880448664621,-1.04938776412462,394
1472.67724609375,52,14,60,9,36.9963781284908,-1.04938776412462,471
1462.46691894531,53,16,62,14,37.0026280750123,-1.04938776412462,414
1460.87512207031,54,11,64,7,37.010961337041,-1.04938776412462,414
1451.90270996094,52,15,60,10,37.0276278610985,-1.04938776412462,501
1451.90270996094,52,15,60,10,37.03387780762,-1.04938776412462,462
1410.49658203125,52,11,66,11,37.0547109626918,-1.04938776412462,426
1377.97509765625,45,10,65,9,37.092210641821,-1.04938776412462,469
1343.39038085938,43,8,67,4,37.1047105348641,-1.04938776412462,486
1325.32629394531,45,9,68,6,37.1172104279071,-1.04938776412462,429
1267.18225097656,53,11,72,13,37.1317936364574,-1.04938776412462,447
1244.23229980469,51,10,68,17,37.1401268984861,-1.04938776412462,401
1139.005859375,53,11,66,16,37.1692933155866,-1.04938776412462,403
1273.97521972656,55,13,65,23,37.2151262567445,-1.04938776412462,545
1343.36413574219,53,12,60,14,37.2338760963091,-1.04938776412462,452
1404.19152832031,49,11,58,13,37.2609591979024,-1.04938776412462,545
1404.19152832031,49,11,58,13,37.2630425134096,-1.04938776412462,493
1388.69226074219,46,9,58,14,37.2734590909455,-1.04938776412462,396
1303.60888671875,50,11,58,17,37.2942922460173,-1.04938776412462,410
782.850341796875,46,23,62,19,36.5963815511125,-1.0514711181611,564
898.13818359375,45,28,59,30,36.6047148131412,-1.0514711181611,570
1798.33483886719,41,36,55,39,36.6505477542992,-1.0514711181611,559
1842.85144042969,39,41,55,27,36.6526310698063,-1.0514711181611,567
1859.18103027344,46,34,54,18,36.7859632622658,-1.0514711181611,474
1806.96459960938,47,48,57,30,36.8067964173375,-1.0514711181611,495
1735.58337402344,50,34,57,45,36.823462941395,-1.0514711181611,503
1723.41748046875,49,33,56,27,36.8338795189309,-1.0514711181611,520
1715.357421875,51,32,57,22,36.8526293584955,-1.0514711181611,495
1697.11743164062,51,30,57,34,36.8692958825529,-1.0514711181611,541
1697.11743164062,51,30,57,34,36.8713791980601,-1.0514711181611,563
1690.42736816406,51,27,59,43,36.881795775596,-1.0514711181611,523
1638.41638183594,52,24,57,18,36.9067955616821,-1.0514711181611,541
1573.13305664062,55,20,57,31,36.9359619787826,-1.0514711181611,545
1573.13305664062,55,20,57,31,36.9380452942898,-1.0514711181611,549
1573.13305664062,55,20,57,31,36.940128609797,-1.0514711181611,538
1520.45959472656,55,19,56,35,36.9672117113903,-1.0514711181611,501
1451.90270996094,52,15,60,10,37.03387780762,-1.0514711181611,493
1436.02795410156,51,13,62,11,37.0422110696487,-1.0514711181611,453
1356.37451171875,44,8,65,1,37.0942939573282,-1.0514711181611,459
1325.32629394531,45,9,68,6,37.1109604813856,-1.0514711181611,412
1294.48583984375,48,10,68,16,37.1234603744287,-1.0514711181611,403
1139.005859375,53,11,66,16,37.1755432621081,-1.0514711181611,393
1169.26354980469,53,23,65,3,37.1880431551512,-1.0514711181611,448
1293.5986328125,54,13,66,15,37.2192928877589,-1.0514711181611,391
1410.48681640625,52,10,58,13,37.2401260428307,-1.0514711181611,449
1410.48681640625,52,10,58,13,37.2422093583378,-1.0514711181611,433
1429.19323730469,52,12,59,16,37.2547092513809,-1.0514711181611,503
1388.69226074219,46,9,58,14,37.2692924599312,-1.0514711181611,376
1345.1103515625,49,10,59,3,37.2880422994958,-1.0514711181611,386
1345.1103515625,49,10,59,3,37.2901256150029,-1.0514711181611,377
1345.1103515625,49,10,59,3,37.2922089305101,-1.0514711181611,394
782.850341796875,46,23,62,19,36.6005481821269,-1.05355447219757,559
898.13818359375,45,28,59,30,36.6067981286484,-1.05355447219757,519
898.13818359375,45,28,59,30,36.6088814441556,-1.05355447219757,479
1441.80310058594,46,27,59,22,36.6192980216915,-1.05355447219757,533
1441.80310058594,46,27,59,22,36.6234646527058,-1.05355447219757,528
1769.6328125,43,28,57,13,36.6422144922704,-1.05355447219757,544
1928.50061035156,36,59,53,27,36.6692975938638,-1.05355447219757,497
1928.50061035156,36,59,53,27,36.6734642248781,-1.05355447219757,447
1935.15417480469,35,48,52,41,36.6859641179212,-1.05355447219757,375
1935.15417480469,35,48,52,41,36.6922140644427,-1.05355447219757,352
1923.87182617188,36,44,51,49,36.6942973799499,-1.05355447219757,328
1871.84716796875,40,40,52,38,36.7317970590791,-1.05355447219757,462
1863.20068359375,49,39,54,14,36.7672134227011,-1.05355447219757,439
1766.67736816406,49,33,56,69,36.8109630483519,-1.05355447219757,497
1723.41748046875,49,33,56,27,36.8317962034237,-1.05355447219757,509
1721.45812988281,50,31,56,41,36.8422127809596,-1.05355447219757,536
1720.84643554688,50,32,56,55,36.8484627274811,-1.05355447219757,508
1619.41613769531,53,23,59,27,36.917212139218,-1.05355447219757,571
1591.83142089844,54,22,59,25,36.9317953477682,-1.05355447219757,528
1537.14282226562,55,19,58,17,36.9567951338544,-1.05355447219757,472
1494.55432128906,52,17,58,16,36.9817949199405,-1.05355447219757,434
1461.07580566406,52,12,61,6,37.0213779145769,-1.05355447219757,471
1415.92395019531,46,12,65,1,37.0734608022564,-1.05355447219757,593
1402.75317382812,46,9,64,0,37.0838773797923,-1.05355447219757,551
1377.97509765625,45,10,65,9,37.092210641821,-1.05355447219757,527
1325.32629394531,45,9,68,6,37.1130437968928,-1.05355447219757,467
1325.32629394531,45,9,68,6,37.1172104279071,-1.05355447219757,476
1244.49816894531,57,12,66,26,37.208876310223,-1.05355447219757,511
1343.36413574219,53,12,60,14,37.2276261497876,-1.05355447219757,427
1440.90173339844,52,10,58,12,37.2463759893522,-1.05355447219757,414
1404.19152832031,49,11,58,13,37.2630425134096,-1.05355447219757,412
782.850341796875,46,23,62,19,36.5963815511125,-1.05563782623405,646
898.13818359375,45,28,59,30,36.6088814441556,-1.05563782623405,518
1441.80310058594,46,27,59,22,36.6213813371987,-1.05563782623405,526
1842.85144042969,39,41,55,27,36.6567977008207,-1.05563782623405,572
1935.15417480469,35,48,52,41,36.6901307489355,-1.05563782623405,377
1875.5009765625,37,44,51,35,36.7109639040073,-1.05563782623405,611
1875.5009765625,37,44,51,35,36.7130472195145,-1.05563782623405,516
1874.31713867188,49,44,53,21,36.7817966312514,-1.05563782623405,431
1836.92553710938,48,37,56,23,36.7942965242945,-1.05563782623405,469
1721.45812988281,50,31,56,41,36.835962834438,-1.05563782623405,541
1721.45812988281,50,31,56,41,36.8401294654524,-1.05563782623405,491
1697.11743164062,51,30,57,34,36.8713791980601,-1.05563782623405,561
1662.43688964844,52,23,60,12,36.8963789841462,-1.05563782623405,565
1619.41613769531,53,23,59,27,36.9130455082036,-1.05563782623405,546
1607.23107910156,54,22,59,20,36.9234620857395,-1.05563782623405,549
1591.83142089844,54,22,59,25,36.9297120322611,-1.05563782623405,550
1520.45959472656,55,19,56,35,36.9609617648687,-1.05563782623405,469
1520.45959472656,55,19,56,35,36.9630450803759,-1.05563782623405,467
1485.14685058594,53,20,58,24,36.9901281819692,-1.05563782623405,411
1462.46691894531,53,16,62,14,37.0047113905195,-1.05563782623405,426
1451.90270996094,52,15,60,10,37.03387780762,-1.05563782623405,491
1436.02795410156,51,13,62,11,37.0380444386343,-1.05563782623405,501
1420.61633300781,51,11,58,9,37.0505443316774,-1.05563782623405,426
1410.49658203125,52,11,66,11,37.0547109626918,-1.05563782623405,416
1413.38830566406,47,9,68,6,37.0672108557348,-1.05563782623405,557
1343.39038085938,43,8,67,4,37.1067938503712,-1.05563782623405,395
1267.18225097656,53,11,72,13,37.1297103209502,-1.05563782623405,390
1154.52722167969,53,9,68,6,37.1797098931225,-1.05563782623405,402
1154.52722167969,53,9,68,6,37.1838765241368,-1.05563782623405,400
1199.96472167969,56,13,68,10,37.1942931016727,-1.05563782623405,426
1273.97521972656,55,13,65,23,37.2151262567445,-1.05563782623405,453
1819.44104003906,38,51,55,53,36.6526310698063,-1.05772118027052,582
1915.88891601562,37,49,52,52,36.6734642248781,-1.05772118027052,450
1889.88500976562,40,46,54,23,36.7317970590791,-1.05772118027052,473
1870.4072265625,47,34,54,16,36.777630000237,-1.05772118027052,421
1772.87109375,50,33,57,47,36.8109630483519,-1.05772118027052,499
1603.43054199219,52,21,58,20,36.9151288237108,-1.05772118027052,527
1551.27868652344,54,23,58,18,36.940128609797,-1.05772118027052,523
1503.06701660156,56,17,58,22,36.9630450803759,-1.05772118027052,440
1473.64282226562,53,15,58,24,36.9859615509549,-1.05772118027052,438
1461.81103515625,51,15,62,14,37.0005447595051,-1.05772118027052,416
1441.13659667969,54,14,62,15,37.0213779145769,-1.05772118027052,434
1371.79541015625,47,11,71,3,37.0776274332707,-1.05772118027052,561
1358.85913085938,47,9,67,9,37.0859606952994,-1.05772118027052,601
1292.28503417969,43,9,73,1,37.1213770589215,-1.05772118027052,431
1259.86193847656,44,9,74,6,37.1297103209502,-1.05772118027052,395
1259.86193847656,44,9,74,6,37.1338769519646,-1.05772118027052,399
1190.50048828125,50,9,73,5,37.1797098931225,-1.05772118027052,393
1224.71911621094,53,11,69,4,37.1942931016727,-1.05772118027052,460
1335.64184570312,48,13,58,17,37.2422093583378,-1.05772118027052,527
1375.51306152344,48,10,58,18,37.2463759893522,-1.05772118027052,494
1337.45361328125,47,7,59,11,37.279709037467,-1.05772118027052,461
1337.45361328125,47,7,59,11,37.2838756684814,-1.05772118027052,473
1338.30517578125,49,10,59,10,37.2984588770316,-1.05772118027052,466
1464.1943359375,45,27,58,13,36.625547968213,-1.059804534307,532
1693.42016601562,46,22,59,11,36.6338812302417,-1.059804534307,546
1773.82202148438,44,34,56,18,36.6401311767633,-1.059804534307,561
1819.44104003906,38,51,55,53,36.6567977008207,-1.059804534307,549
1872.83312988281,38,44,53,34,36.6672142783566,-1.059804534307,509
1915.88891601562,37,49,52,52,36.6692975938638,-1.059804534307,477
1937.55187988281,35,51,56,13,36.6817974869068,-1.059804534307,405
1897.45251464844,38,39,54,36,36.719297166036,-1.059804534307,470
1889.88500976562,40,46,54,23,36.7338803745863,-1.059804534307,480
1871.77221679688,41,35,54,52,36.7359636900935,-1.059804534307,477
1860.91333007812,43,34,53,22,36.7484635831365,-1.059804534307,454
1707.19970703125,49,34,56,35,36.8401294654524,-1.059804534307,515
1702.38354492188,51,34,58,23,36.8567959895098,-1.059804534307,540
1673.50732421875,52,28,59,31,36.881795775596,-1.059804534307,530
1649.88244628906,52,25,58,32,36.9005456151606,-1.059804534307,517
1603.43054199219,52,21,58,20,36.917212139218,-1.059804534307,538
1586.57299804688,53,23,58,18,36.9255454012467,-1.059804534307,544
1503.06701660156,56,17,58,22,36.9630450803759,-1.059804534307,431
1503.06701660156,56,17,58,22,36.9672117113903,-1.059804534307,430
1474.57788085938,53,18,57,41,36.9817949199405,-1.059804534307,456
1473.64282226562,53,15,58,24,36.9859615509549,-1.059804534307,454
1451.74353027344,51,11,66,5,37.0317944921128,-1.059804534307,415
1394.03137207031,49,9,59,9,37.0630442247205,-1.059804534307,492
1340.64038085938,45,10,78,1,37.1026272193569,-1.059804534307,380
1324.30126953125,43,10,78,0,37.1130437968928,-1.059804534307,437
1237.28686523438,46,10,75,4,37.1401268984861,-1.059804534307,398
1211.79797363281,45,8,71,4,37.1442935295004,-1.059804534307,391
1181.71362304688,48,8,74,8,37.1692933155866,-1.059804534307,364
1190.50048828125,50,9,73,5,37.1817932086297,-1.059804534307,401
1262.36328125,57,11,68,12,37.221376203266,-1.059804534307,416
1262.36328125,57,11,68,12,37.2234595187732,-1.059804534307,404
1262.36328125,57,11,68,12,37.2255428342804,-1.059804534307,399
1464.1943359375,45,27,58,13,36.6234646527058,-1.06188788834347,551
1693.42016601562,46,22,59,11,36.6276312837202,-1.06188788834347,515
1693.42016601562,46,22,59,11,36.6297145992274,-1.06188788834347,499
1789.52575683594,40,48,55,15,36.6442978077776,-1.06188788834347,577
1789.52575683594,40,48,55,15,36.6505477542992,-1.06188788834347,590
1900.28662109375,37,42,52,69,36.7151305350217,-1.06188788834347,501
1812.43798828125,50,38,56,38,36.8067964173375,-1.06188788834347,486
1772.87109375,50,33,57,47,36.8109630483519,-1.06188788834347,482
1772.87109375,50,33,57,47,36.8151296793663,-1.06188788834347,529
1705.03955078125,49,35,58,21,36.8505460429883,-1.06188788834347,510
1682.97375488281,52,30,57,44,36.8713791980601,-1.06188788834347,545
1649.88244628906,52,25,58,32,36.9005456151606,-1.06188788834347,524
1586.57299804688,53,23,58,18,36.9213787702324,-1.06188788834347,519
1474.57788085938,53,18,57,41,36.9776282889262,-1.06188788834347,411
1429.07482910156,56,13,60,22,37.0151279680554,-1.06188788834347,427
1324.30126953125,43,10,78,0,37.1130437968928,-1.06188788834347,426
1259.86193847656,44,9,74,6,37.1338769519646,-1.06188788834347,423
1237.28686523438,46,10,75,4,37.1380435829789,-1.06188788834347,414
1181.71362304688,48,8,74,8,37.1755432621081,-1.06188788834347,416
1269.80236816406,56,11,62,17,37.2151262567445,-1.06188788834347,436
1335.64184570312,48,13,58,17,37.2401260428307,-1.06188788834347,444
1353.27502441406,49,8,59,7,37.2859589839886,-1.06188788834347,408
744.553466796875,42,18,57,4,36.5922149200982,-1.06397124237994,673
1464.1943359375,45,27,58,13,36.6192980216915,-1.06397124237994,565
1464.1943359375,45,27,58,13,36.6213813371987,-1.06397124237994,557
1464.1943359375,45,27,58,13,36.625547968213,-1.06397124237994,546
1789.52575683594,40,48,55,15,36.648464438792,-1.06397124237994,595
1819.44104003906,38,51,55,53,36.6567977008207,-1.06397124237994,552
1872.83312988281,38,44,53,34,36.6630476473422,-1.06397124237994,567
1945.93103027344,35,51,53,34,36.6859641179212,-1.06397124237994,431
1938.88537597656,35,52,52,44,36.6984640109643,-1.06397124237994,510
1860.91333007812,43,34,53,22,36.7442969521222,-1.06397124237994,513
1836.90454101562,49,36,54,31,36.7984631553088,-1.06397124237994,473
1772.87109375,50,33,57,47,36.8109630483519,-1.06397124237994,486
1707.19970703125,49,34,56,35,36.835962834438,-1.06397124237994,506
1694.2001953125,52,36,56,32,36.8651292515385,-1.06397124237994,552
1586.57299804688,53,23,58,18,36.9192954547252,-1.06397124237994,535
1533.99133300781,53,20,60,17,36.9505451873328,-1.06397124237994,468
1484.22802734375,54,19,58,25,36.9713783424046,-1.06397124237994,451
1473.64282226562,53,15,58,24,36.9922114974764,-1.06397124237994,467
1448.10485839844,50,10,65,4,37.0359611231272,-1.06397124237994,411
1448.10485839844,50,10,65,4,37.0380444386343,-1.06397124237994,412
1448.10485839844,50,10,65,4,37.0401277541415,-1.06397124237994,449
1371.79541015625,47,11,71,3,37.0838773797923,-1.06397124237994,507
1358.85913085938,47,9,67,9,37.0859606952994,-1.06397124237994,520
1348.62487792969,46,11,70,16,37.1005439038497,-1.06397124237994,421
1292.28503417969,43,9,73,1,37.1255436899358,-1.06397124237994,448
1237.28686523438,46,10,75,4,37.1380435829789,-1.06397124237994,412
1184.77038574219,46,8,69,12,37.1588767380507,-1.06397124237994,374
1375.51306152344,48,10,58,18,37.2505426203665,-1.06397124237994,404
1195.56628417969,44,26,58,13,36.6130480751699,-1.06605459641642,495
1700.83264160156,45,22,58,17,36.6338812302417,-1.06605459641642,558
1799.92553710938,39,48,54,55,36.6526310698063,-1.06605459641642,585
1799.92553710938,39,48,54,55,36.6588810163279,-1.06605459641642,533
1835.91748046875,38,50,52,61,36.6672142783566,-1.06605459641642,520
1939.25085449219,36,40,53,24,36.6984640109643,-1.06605459641642,466
1877.77099609375,45,38,53,15,36.7484635831365,-1.06605459641642,469
1873.08557128906,47,34,54,19,36.7630467916868,-1.06605459641642,504
1873.08557128906,47,34,54,19,36.765130107194,-1.06605459641642,455
1864.52368164062,50,36,54,26,36.7692967382083,-1.06605459641642,448
1864.52368164062,50,36,54,26,36.7734633692227,-1.06605459641642,469
1834.08117675781,50,35,55,16,36.7880465777729,-1.06605459641642,511
1834.08117675781,50,35,55,16,36.7922132087873,-1.06605459641642,499
1799.81237792969,51,32,56,30,36.8067964173375,-1.06605459641642,499
1703.63720703125,49,32,57,22,36.8380461499452,-1.06605459641642,502
1694.32177734375,50,31,55,34,36.8484627274811,-1.06605459641642,526
1680.92150878906,51,30,57,21,36.8609626205242,-1.06605459641642,548
1629.02795410156,52,27,58,21,36.8963789841462,-1.06605459641642,532
1629.02795410156,52,27,58,21,36.9005456151606,-1.06605459641642,560
1573.51330566406,53,22,59,10,36.9192954547252,-1.06605459641642,586
1557.75305175781,52,24,58,34,36.9338786632754,-1.06605459641642,502
1524.01025390625,52,21,57,60,36.9442952408113,-1.06605459641642,471
1524.01025390625,52,21,57,60,36.9505451873328,-1.06605459641642,492
1461.3671875,54,16,58,12,36.9859615509549,-1.06605459641642,449
1407.88989257812,55,12,60,9,37.0192945990697,-1.06605459641642,439
1426.36437988281,47,11,71,0,37.0547109626918,-1.06605459641642,477
1426.36437988281,47,11,71,0,37.0588775937061,-1.06605459641642,490
1360.18383789062,47,11,68,11,37.0713774867492,-1.06605459641642,489
1316.33056640625,43,10,72,3,37.1067938503712,-1.06605459641642,424
1247.14892578125,42,9,72,0,37.1338769519646,-1.06605459641642,441
1218.89916992188,45,9,73,0,37.1442935295004,-1.06605459641642,397
1221.74731445312,52,11,72,17,37.1922097861655,-1.06605459641642,392
1243.75158691406,51,10,73,6,37.1963764171799,-1.06605459641642,394
1207.03784179688,48,11,65,9,37.2276261497876,-1.06605459641642,390
1207.03784179688,48,11,65,9,37.2338760963091,-1.06605459641642,358
1251.2646484375,44,9,61,3,37.2359594118163,-1.06605459641642,340
1293.96142578125,44,9,59,2,37.244292673845,-1.06605459641642,368
1293.96142578125,44,9,59,2,37.2505426203665,-1.06605459641642,365
1295.10290527344,42,10,59,8,37.2547092513809,-1.06605459641642,409
1287.63781738281,44,11,58,5,37.2734590909455,-1.06605459641642,412
1312.64709472656,47,10,59,24,37.3130420855819,-1.06605459641642,432
777.58203125,41,19,62,0,36.5880482890838,-1.06813795045289,736
1930.38647460938,37,41,53,18,36.6880474334284,-1.06813795045289,424
1918.560546875,37,37,54,19,36.7172138505289,-1.06813795045289,595
1910.0947265625,39,51,53,18,36.719297166036,-1.06813795045289,545
1910.0947265625,39,51,53,18,36.7234637970504,-1.06813795045289,511
1834.08117675781,50,35,55,16,36.7922132087873,-1.06813795045289,521
1770.76635742188,51,38,56,27,36.8130463638591,-1.06813795045289,512
1718.34582519531,51,36,57,46,36.8297128879165,-1.06813795045289,510
1703.63720703125,49,32,57,22,36.8380461499452,-1.06813795045289,492
1694.32177734375,50,31,55,34,36.8505460429883,-1.06813795045289,530
1656.20666503906,50,28,57,26,36.8797124600888,-1.06813795045289,533
1643.34191894531,51,26,56,39,36.8859624066103,-1.06813795045289,526
1608.69653320312,50,23,57,31,36.9026289306677,-1.06813795045289,580
1540.6640625,52,25,55,46,36.9380452942898,-1.06813795045289,469
1540.6640625,52,25,55,46,36.940128609797,-1.06813795045289,464
1524.01025390625,52,21,57,60,36.9442952408113,-1.06813795045289,441
1475.84851074219,55,17,58,19,36.9734616579118,-1.06813795045289,405
1460.38623046875,54,18,59,16,36.9776282889262,-1.06813795045289,385
1407.88989257812,55,12,60,9,37.0192945990697,-1.06813795045289,445
1360.18383789062,47,11,68,11,37.069294171242,-1.06813795045289,546
1247.14892578125,42,9,72,0,37.1338769519646,-1.06813795045289,440
1206.37512207031,47,10,73,8,37.1838765241368,-1.06813795045289,387
1221.74731445312,52,11,72,17,37.1901264706584,-1.06813795045289,387
1255.3427734375,54,13,70,10,37.2026263637014,-1.06813795045289,422
1255.3427734375,54,13,70,10,37.208876310223,-1.06813795045289,475
1240.65466308594,55,11,63,3,37.2172095722517,-1.06813795045289,422
1207.03784179688,48,11,65,9,37.2297094652948,-1.06813795045289,354
1295.10290527344,42,10,59,8,37.2547092513809,-1.06813795045289,391
1356.23596191406,46,10,58,4,37.2984588770316,-1.06813795045289,378
1335.78466796875,46,9,58,14,37.3047088235532,-1.06813795045289,409
846.504455566406,44,27,62,28,36.5963815511125,-1.07022130448937,616
846.504455566406,44,27,62,28,36.5984648666197,-1.07022130448937,555
846.504455566406,44,27,62,28,36.6005481821269,-1.07022130448937,514
967.5048828125,46,35,58,36,36.6047148131412,-1.07022130448937,570
1775.02648925781,44,26,59,29,36.6422144922704,-1.07022130448937,581
1785.41845703125,42,40,56,12,36.6505477542992,-1.07022130448937,592
1939.25085449219,36,40,53,24,36.6963806954571,-1.07022130448937,417
1910.0947265625,39,51,53,18,36.7213804815432,-1.07022130448937,529
1897.7861328125,40,65,53,39,36.7276304280648,-1.07022130448937,504
1877.77099609375,45,38,53,15,36.7484635831365,-1.07022130448937,451
1818.38610839844,49,38,56,21,36.7942965242945,-1.07022130448937,500
1818.38610839844,49,38,56,21,36.7963798398016,-1.07022130448937,484
1740.19445800781,51,37,57,48,36.8213796258878,-1.07022130448937,518
1718.34582519531,51,36,57,46,36.8317962034237,-1.07022130448937,508
1703.63720703125,49,32,57,22,36.8401294654524,-1.07022130448937,527
1694.32177734375,50,31,55,34,36.8442960964667,-1.07022130448937,537
1669.90649414062,50,30,57,19,36.8692958825529,-1.07022130448937,531
1669.90649414062,50,30,57,19,36.8734625135672,-1.07022130448937,529
1629.02795410156,52,27,58,21,36.9005456151606,-1.07022130448937,630
1608.69653320312,50,23,57,31,36.9067955616821,-1.07022130448937,553
1459.01611328125,55,16,58,17,37.0005447595051,-1.07022130448937,445
1434.24475097656,56,15,59,3,37.0067947060267,-1.07022130448937,434
1407.88989257812,55,12,60,9,37.0192945990697,-1.07022130448937,408
1420.51159667969,53,10,64,8,37.0276278610985,-1.07022130448937,418
1433.73315429688,53,12,66,16,37.0401277541415,-1.07022130448937,444
1392.71472167969,45,10,70,1,37.0630442247205,-1.07022130448937,492
1360.18383789062,47,11,68,11,37.0734608022564,-1.07022130448937,456
1247.14892578125,42,9,72,0,37.1338769519646,-1.07022130448937,446
1218.89916992188,45,9,73,0,37.1463768450076,-1.07022130448937,411
1205.5625,43,10,71,1,37.1526267915292,-1.07022130448937,393
1206.37512207031,47,10,73,8,37.1776265776153,-1.07022130448937,451
1221.74731445312,52,11,72,17,37.1901264706584,-1.07022130448937,394
1243.75158691406,51,10,73,6,37.1963764171799,-1.07022130448937,392
1207.03784179688,48,11,65,9,37.2317927808019,-1.07022130448937,289
846.504455566406,44,27,62,28,36.5942982356053,-1.07230465852584,657
1195.56628417969,44,26,58,13,36.6172147061843,-1.07230465852584,511
1799.92553710938,39,48,54,55,36.6588810163279,-1.07230465852584,531
1835.91748046875,38,50,52,61,36.6651309628494,-1.07230465852584,523
1875.55187988281,37,43,52,52,36.6713809093709,-1.07230465852584,511
1907.33154296875,38,46,52,24,36.683880802414,-1.07230465852584,382
1930.38647460938,37,41,53,18,36.6859641179212,-1.07230465852584,399
1918.560546875,37,37,54,19,36.7172138505289,-1.07230465852584,527
1834.08117675781,50,35,55,16,36.7922132087873,-1.07230465852584,508
1770.76635742188,51,38,56,27,36.8130463638591,-1.07230465852584,536
1718.34582519531,51,36,57,46,36.8317962034237,-1.07230465852584,491
1703.63720703125,49,32,57,22,36.8380461499452,-1.07230465852584,497
1703.63720703125,49,32,57,22,36.8422127809596,-1.07230465852584,519
1680.92150878906,51,30,57,21,36.8672125670457,-1.07230465852584,533
1656.20666503906,50,28,57,26,36.8776291445816,-1.07230465852584,542
1557.75305175781,52,24,58,34,36.9338786632754,-1.07230465852584,522
1540.6640625,52,25,55,46,36.940128609797,-1.07230465852584,422
1524.01025390625,52,21,57,60,36.9463785563185,-1.07230465852584,416
1508.64868164062,52,18,58,5,36.95262850284,-1.07230465852584,523
1495.13073730469,54,17,61,19,36.9609617648687,-1.07230465852584,456
1461.3671875,54,16,58,12,36.9922114974764,-1.07230465852584,404
1434.24475097656,56,15,59,3,37.0026280750123,-1.07230465852584,492
1420.51159667969,53,10,64,8,37.03387780762,-1.07230465852584,359
1321.54711914062,44,10,74,2,37.0901273263138,-1.07230465852584,408
1318.9775390625,42,10,73,0,37.0963772728353,-1.07230465852584,381
1298.97985839844,44,13,72,12,37.1109604813856,-1.07230465852584,529
1218.89916992188,45,9,73,0,37.1442935295004,-1.07230465852584,439
1205.5625,43,10,71,1,37.1567934225435,-1.07230465852584,384
1240.65466308594,55,11,63,3,37.2172095722517,-1.07230465852584,406
1207.03784179688,48,11,65,9,37.2297094652948,-1.07230465852584,326
1251.2646484375,44,9,61,3,37.2359594118163,-1.07230465852584,337
853.27880859375,41,22,60,8,36.590131604591,-1.07438801256231,735
940.631042480469,45,23,62,27,36.5963815511125,-1.07438801256231,564
1039.53784179688,47,30,57,56,36.6026314976341,-1.07438801256231,478
1039.53784179688,47,30,57,56,36.6067981286484,-1.07438801256231,571
1865.87365722656,39,37,52,38,36.6817974869068,-1.07438801256231,386
1898.5361328125,39,45,52,27,36.6901307489355,-1.07438801256231,395
1929.3642578125,38,51,53,31,36.706797272993,-1.07438801256231,429
1922.94226074219,38,48,53,49,36.7151305350217,-1.07438801256231,488
1913.89770507812,38,47,52,35,36.719297166036,-1.07438801256231,494
1894.04345703125,43,28,54,28,36.7463802676294,-1.07438801256231,489
1886.03430175781,47,32,54,36,36.7526302141509,-1.07438801256231,455
1715.32360839844,51,32,55,33,36.8297128879165,-1.07438801256231,496
1701.77868652344,50,32,55,22,36.8401294654524,-1.07438801256231,513
1658.44860839844,51,30,58,17,36.8692958825529,-1.07438801256231,538
1585.78869628906,49,25,58,33,36.9088788771893,-1.07438801256231,605
1562.59875488281,49,23,56,21,36.9255454012467,-1.07438801256231,585
1528.12268066406,50,22,56,42,36.9422119253041,-1.07438801256231,407
1502.74584960938,50,23,57,21,36.95262850284,-1.07438801256231,521
1502.74584960938,50,23,57,21,36.9567951338544,-1.07438801256231,458
1449.81433105469,54,16,62,13,36.9817949199405,-1.07438801256231,406
1435.59533691406,53,11,64,21,37.0026280750123,-1.07438801256231,469
1392.71459960938,52,11,74,7,37.0380444386343,-1.07438801256231,371
1216.86853027344,45,9,72,16,37.1213770589215,-1.07438801256231,539
1209.69763183594,46,11,74,6,37.1401268984861,-1.07438801256231,456
1206.99719238281,46,11,73,2,37.1442935295004,-1.07438801256231,420
1200.19140625,43,9,70,0,37.1526267915292,-1.07438801256231,418
1194.00561523438,41,10,70,1,37.1651266845722,-1.07438801256231,468
1198.97875976562,41,9,70,2,37.1713766310938,-1.07438801256231,402
1216.64685058594,43,9,73,4,37.1838765241368,-1.07438801256231,437
1228.02624511719,48,9,74,9,37.1922097861655,-1.07438801256231,396
1187.63659667969,53,26,64,0,37.2026263637014,-1.07438801256231,474
1363.52514648438,46,9,59,10,37.302625508046,-1.07438801256231,414
1039.53784179688,47,30,57,56,36.6067981286484,-1.07647136659879,588
1528.02917480469,45,24,60,11,36.6234646527058,-1.07647136659879,569
1794.98864746094,43,38,52,19,36.6463811232848,-1.07647136659879,531
1814.73547363281,37,38,51,54,36.6630476473422,-1.07647136659879,482
1835.81018066406,38,46,51,60,36.6734642248781,-1.07647136659879,506
1923.54113769531,38,48,53,32,36.6963806954571,-1.07647136659879,398
1923.54113769531,38,48,53,32,36.7005473264714,-1.07647136659879,413
1922.94226074219,38,48,53,49,36.7172138505289,-1.07647136659879,478
1870.5478515625,49,36,54,42,36.7609634761796,-1.07647136659879,469
1870.5478515625,49,36,54,42,36.7672134227011,-1.07647136659879,495
1850.35888671875,51,35,55,34,36.7692967382083,-1.07647136659879,441
1785.48620605469,49,36,56,28,36.7963798398016,-1.07647136659879,527
1768.62219238281,49,35,56,48,36.8026297863232,-1.07647136659879,530
1688.76635742188,52,32,58,26,36.8484627274811,-1.07647136659879,568
1624.69116210938,50,25,57,31,36.8859624066103,-1.07647136659879,546
1471.84521484375,54,17,62,12,36.9734616579118,-1.07647136659879,407
1390.92907714844,53,13,60,10,37.0192945990697,-1.07647136659879,371
1378.4404296875,53,14,68,17,37.0276278610985,-1.07647136659879,398
1240.32739257812,42,9,70,3,37.1109604813856,-1.07647136659879,427
1240.32739257812,42,9,70,3,37.1130437968928,-1.07647136659879,434
1240.32739257812,42,9,70,3,37.1172104279071,-1.07647136659879,449
1216.86853027344,45,9,72,16,37.1213770589215,-1.07647136659879,546
1209.69763183594,46,11,74,6,37.1422102139933,-1.07647136659879,461
1200.19140625,43,9,70,0,37.1567934225435,-1.07647136659879,425
1198.97875976562,41,9,70,2,37.1713766310938,-1.07647136659879,445
1198.97875976562,41,9,70,2,37.1734599466009,-1.07647136659879,427
1216.64685058594,43,9,73,4,37.1797098931225,-1.07647136659879,415
1228.02624511719,48,9,74,9,37.185959839644,-1.07647136659879,427
1187.63659667969,53,26,64,0,37.2067929947158,-1.07647136659879,480
1343.70837402344,44,11,59,15,37.3109587700747,-1.07647136659879,372
853.27880859375,41,22,60,8,36.5859649735766,-1.07855472063526,739
940.631042480469,45,23,62,27,36.5984648666197,-1.07855472063526,546
1039.53784179688,47,30,57,56,36.6047148131412,-1.07855472063526,548
1713.98083496094,46,25,58,14,36.6317979147345,-1.07855472063526,598
1794.98864746094,43,38,52,19,36.6463811232848,-1.07855472063526,540
1814.73547363281,37,38,51,54,36.660964331835,-1.07855472063526,449
1929.3642578125,38,51,53,31,36.7047139574858,-1.07855472063526,429
1913.89770507812,38,47,52,35,36.7234637970504,-1.07855472063526,514
1785.48620605469,49,36,56,28,36.7963798398016,-1.07855472063526,518
1768.62219238281,49,35,56,48,36.8026297863232,-1.07855472063526,537
1750.83776855469,51,38,57,43,36.8172129948734,-1.07855472063526,493
1715.32360839844,51,32,55,33,36.8276295724093,-1.07855472063526,527
1715.32360839844,51,32,55,33,36.8317962034237,-1.07855472063526,502
1701.77868652344,50,32,55,22,36.8422127809596,-1.07855472063526,544
1677.080078125,50,31,58,21,36.858879305017,-1.07855472063526,554
1658.44860839844,51,30,58,17,36.8734625135672,-1.07855472063526,510
1643.41967773438,51,27,58,29,36.881795775596,-1.07855472063526,517
1585.78869628906,49,25,58,33,36.9026289306677,-1.07855472063526,597
1571.50561523438,48,22,60,13,36.9151288237108,-1.07855472063526,550
1547.19458007812,49,23,56,46,36.9338786632754,-1.07855472063526,468
1528.12268066406,50,22,56,42,36.9359619787826,-1.07855472063526,496
1490.12097167969,52,18,59,17,36.9672117113903,-1.07855472063526,422
1449.81433105469,54,16,62,13,36.9817949199405,-1.07855472063526,374
1443.22375488281,54,13,64,8,36.998461443998,-1.07855472063526,373
1392.71459960938,52,11,74,7,37.0359611231272,-1.07855472063526,377
1318.49841308594,48,11,72,8,37.0776274332707,-1.07855472063526,478
1318.49841308594,48,11,72,8,37.0797107487779,-1.07855472063526,506
1206.99719238281,46,11,73,2,37.150543476022,-1.07855472063526,427
1200.19140625,43,9,70,0,37.1567934225435,-1.07855472063526,445
1198.97875976562,41,9,70,2,37.1713766310938,-1.07855472063526,455
1228.02624511719,48,9,74,9,37.185959839644,-1.07855472063526,430
1228.02624511719,48,9,74,9,37.1880431551512,-1.07855472063526,409
1228.02624511719,48,9,74,9,37.1901264706584,-1.07855472063526,407
1331.32470703125,45,13,59,10,37.3192920321034,-1.07855472063526,375
1528.02917480469,45,24,60,11,36.6213813371987,-1.08063807467174,543
1794.98864746094,43,38,52,19,36.6463811232848,-1.08063807467174,544
1835.81018066406,38,46,51,60,36.6734642248781,-1.08063807467174,448
1898.5361328125,39,45,52,27,36.6922140644427,-1.08063807467174,378
1913.89770507812,38,47,52,35,36.719297166036,-1.08063807467174,455
1904.63171386719,39,36,52,56,36.7297137435719,-1.08063807467174,489
1904.63171386719,39,36,52,56,36.7317970590791,-1.08063807467174,491
1886.03430175781,47,32,54,36,36.7547135296581,-1.08063807467174,508
1886.03430175781,47,32,54,36,36.7588801606724,-1.08063807467174,485
1870.5478515625,49,36,54,42,36.7609634761796,-1.08063807467174,509
1827.73059082031,51,34,57,30,36.777630000237,-1.08063807467174,472
1715.32360839844,51,32,55,33,36.8276295724093,-1.08063807467174,517
1688.76635742188,52,32,58,26,36.8463794119739,-1.08063807467174,553
1668.02673339844,49,31,57,19,36.8672125670457,-1.08063807467174,534
1585.78869628906,49,25,58,33,36.9026289306677,-1.08063807467174,608
1585.78869628906,49,25,58,33,36.9067955616821,-1.08063807467174,590
1562.59875488281,49,23,56,21,36.9213787702324,-1.08063807467174,540
1440.44555664062,55,15,59,22,36.9901281819692,-1.08063807467174,441
1435.59533691406,53,11,64,21,37.0026280750123,-1.08063807467174,420
1435.59533691406,53,11,64,21,37.0047113905195,-1.08063807467174,451
1378.4404296875,53,14,68,17,37.03387780762,-1.08063807467174,395
1416.13122558594,45,10,72,5,37.0672108557348,-1.08063807467174,462
1370.12805175781,45,8,73,2,37.0734608022564,-1.08063807467174,476
1318.49841308594,48,11,72,8,37.0776274332707,-1.08063807467174,421
1257.78454589844,40,8,70,1,37.1088771658784,-1.08063807467174,383
1240.32739257812,42,9,70,3,37.1109604813856,-1.08063807467174,397
1228.02624511719,48,9,74,9,37.1922097861655,-1.08063807467174,365
1217.06762695312,49,10,70,9,37.1942931016727,-1.08063807467174,384
1331.32470703125,45,13,59,10,37.3192920321034,-1.08063807467174,379
1316.43786621094,46,9,60,16,37.3297086096393,-1.08063807467174,444
991.675415039062,42,18,63,5,36.5880482890838,-1.08272142870821,647
1122.953125,48,25,56,34,36.6026314976341,-1.08272142870821,653
1694.84228515625,45,20,58,10,36.6276312837202,-1.08272142870821,500
1879.1337890625,39,42,51,48,36.6859641179212,-1.08272142870821,489
1907.56762695312,38,46,52,75,36.6942973799499,-1.08272142870821,365
1919.88513183594,38,48,52,74,36.706797272993,-1.08272142870821,417
1861.412109375,49,33,55,31,36.7609634761796,-1.08272142870821,458
1761.96752929688,47,32,57,19,36.7963798398016,-1.08272142870821,510
1745.22521972656,48,32,58,18,36.8067964173375,-1.08272142870821,526
1648.814453125,49,28,56,27,36.8755458290744,-1.08272142870821,538
1544.79125976562,48,20,58,28,36.9234620857395,-1.08272142870821,524
1533.29418945312,50,21,58,11,36.9276287167539,-1.08272142870821,518
1371.59533691406,49,12,68,21,37.0317944921128,-1.08272142870821,432
1362.41650390625,50,13,75,20,37.0380444386343,-1.08272142870821,380
1362.41650390625,50,13,75,20,37.0422110696487,-1.08272142870821,385
1423.71044921875,50,12,74,7,37.0588775937061,-1.08272142870821,405
1382.33471679688,45,9,72,5,37.0734608022564,-1.08272142870821,495
1202.75952148438,45,10,71,11,37.0942939573282,-1.08272142870821,421
1160.82373046875,42,9,71,6,37.1151271123999,-1.08272142870821,403
1154.0595703125,42,9,69,0,37.127627005443,-1.08272142870821,384
1186.32202148438,47,11,73,6,37.1484601605148,-1.08272142870821,478
1217.79150390625,45,10,74,10,37.1797098931225,-1.08272142870821,419
1217.79150390625,45,10,74,10,37.1817932086297,-1.08272142870821,411
1129.64099121094,51,11,70,0,37.2005430481943,-1.08272142870821,509
1362.74243164062,44,10,58,4,37.3151254010891,-1.08272142870821,353
991.675415039062,42,18,63,5,36.590131604591,-1.08480478274469,617
991.675415039062,42,18,63,5,36.5922149200982,-1.08480478274469,601
1085.90051269531,45,20,62,7,36.6005481821269,-1.08480478274469,630
1759.88195800781,46,22,58,19,36.6359645457489,-1.08480478274469,534
1785.63220214844,44,43,54,22,36.6442978077776,-1.08480478274469,585
1802.80810546875,40,43,52,54,36.6526310698063,-1.08480478274469,554
1802.80810546875,40,43,52,54,36.6567977008207,-1.08480478274469,471
1815.80017089844,38,33,52,64,36.6630476473422,-1.08480478274469,478
1826.65441894531,38,40,52,60,36.6692975938638,-1.08480478274469,471
1879.1337890625,39,42,51,48,36.6880474334284,-1.08480478274469,453
1879.1337890625,39,42,51,48,36.6922140644427,-1.08480478274469,385
1907.56762695312,38,46,52,75,36.6984640109643,-1.08480478274469,382
1907.56762695312,38,46,52,75,36.7005473264714,-1.08480478274469,396
1919.88513183594,38,48,52,74,36.7088805885002,-1.08480478274469,447
1917.0078125,39,51,51,25,36.7109639040073,-1.08480478274469,415
1917.0078125,39,51,51,25,36.7130472195145,-1.08480478274469,415
1902.80212402344,39,29,59,12,36.7317970590791,-1.08480478274469,521
1902.80212402344,39,29,59,12,36.7338803745863,-1.08480478274469,548
1899.40942382812,41,25,56,14,36.7380470056006,-1.08480478274469,534
1836.17211914062,49,35,56,16,36.7692967382083,-1.08480478274469,488
1761.96752929688,47,32,57,19,36.7963798398016,-1.08480478274469,536
1761.96752929688,47,32,57,19,36.800546470816,-1.08480478274469,514
1745.22521972656,48,32,58,18,36.8026297863232,-1.08480478274469,511
1703.91564941406,51,34,58,28,36.8276295724093,-1.08480478274469,503
1692.37719726562,51,33,58,40,36.8380461499452,-1.08480478274469,524
1669.38073730469,51,30,58,44,36.8526293584955,-1.08480478274469,615
1669.38073730469,51,30,58,44,36.8567959895098,-1.08480478274469,590
1658.6796875,48,28,55,25,36.8609626205242,-1.08480478274469,537
1633.28845214844,51,24,58,20,36.8797124600888,-1.08480478274469,564
1633.28845214844,51,24,58,20,36.8838790911031,-1.08480478274469,575
1610.56518554688,50,23,57,18,36.8880457221175,-1.08480478274469,568
1489.72216796875,50,17,61,8,36.95262850284,-1.08480478274469,461
1489.72216796875,50,17,61,8,36.9567951338544,-1.08480478274469,440
1466.88525390625,53,19,59,12,36.9734616579118,-1.08480478274469,407
1466.88525390625,53,19,59,12,36.975544973419,-1.08480478274469,388
1420.13671875,52,15,61,14,36.9880448664621,-1.08480478274469,403
1421.90808105469,52,12,76,11,37.0151279680554,-1.08480478274469,445
1398.90759277344,50,13,72,11,37.0463777006631,-1.08480478274469,376
1423.71044921875,50,12,74,7,37.0526276471846,-1.08480478274469,388
1323.90209960938,45,9,74,7,37.0776274332707,-1.08480478274469,429
1202.75952148438,45,10,71,11,37.1005439038497,-1.08480478274469,344
1184.75061035156,42,9,72,6,37.1047105348641,-1.08480478274469,351
1141.38012695312,43,9,72,2,37.1234603744287,-1.08480478274469,369
1345.99169921875,44,14,60,11,37.3297086096393,-1.08480478274469,415
1085.90051269531,45,20,62,7,36.6005481821269,-1.08688813678116,617
1122.953125,48,25,56,34,36.6026314976341,-1.08688813678116,622
1122.953125,48,25,56,34,36.6067981286484,-1.08688813678116,612
1802.80810546875,40,43,52,54,36.6588810163279,-1.08688813678116,476
1815.80017089844,38,33,52,64,36.6630476473422,-1.08688813678116,500
1815.80017089844,38,33,52,64,36.6651309628494,-1.08688813678116,476
1826.65441894531,38,40,52,60,36.6734642248781,-1.08688813678116,470
1849.05297851562,39,43,53,62,36.6817974869068,-1.08688813678116,461
1899.40942382812,41,25,56,14,36.742213636615,-1.08688813678116,505
1894.36169433594,43,30,54,55,36.7442969521222,-1.08688813678116,522
1836.17211914062,49,35,56,16,36.7734633692227,-1.08688813678116,484
1809.53479003906,48,39,55,26,36.777630000237,-1.08688813678116,485
1809.53479003906,48,39,55,26,36.7817966312514,-1.08688813678116,489
1466.88525390625,53,19,59,12,36.9713783424046,-1.08688813678116,417
1420.13671875,52,15,61,14,36.9922114974764,-1.08688813678116,428
1422.7724609375,50,12,72,6,37.0067947060267,-1.08688813678116,427
1403.98266601562,50,12,71,8,37.0234612300841,-1.08688813678116,406
1362.41650390625,50,13,75,20,37.0422110696487,-1.08688813678116,399
1415.92333984375,46,10,71,4,37.0651275402277,-1.08688813678116,461
1415.92333984375,46,10,71,4,37.0672108557348,-1.08688813678116,442
1323.90209960938,45,9,74,7,37.0776274332707,-1.08688813678116,458
1323.90209960938,45,9,74,7,37.0838773797923,-1.08688813678116,426
1202.75952148438,45,10,71,11,37.0963772728353,-1.08688813678116,418
1202.75952148438,45,10,71,11,37.0984605883425,-1.08688813678116,347
1186.32202148438,47,11,73,6,37.1442935295004,-1.08688813678116,471
1186.32202148438,47,11,73,6,37.1484601605148,-1.08688813678116,500
1186.32202148438,47,11,73,6,37.150543476022,-1.08688813678116,450
1190.01135253906,44,11,70,2,37.1526267915292,-1.08688813678116,432
1196.05810546875,41,9,70,0,37.1630433690651,-1.08688813678116,453
1209.99853515625,40,10,68,1,37.1692933155866,-1.08688813678116,491
1362.74243164062,44,10,58,4,37.3151254010891,-1.08688813678116,413
1353.57739257812,43,8,58,4,37.325541978625,-1.08688813678116,360
1531.01989746094,46,25,58,13,36.6192980216915,-1.08897149081763,567
1694.84228515625,45,20,58,10,36.6297145992274,-1.08897149081763,481
1785.63220214844,44,43,54,22,36.6463811232848,-1.08897149081763,607
1785.63220214844,44,43,54,22,36.6505477542992,-1.08897149081763,624
1879.1337890625,39,42,51,48,36.6922140644427,-1.08897149081763,434
1902.80212402344,39,29,59,12,36.7317970590791,-1.08897149081763,513
1836.17211914062,49,35,56,16,36.7713800537155,-1.08897149081763,441
1761.96752929688,47,32,57,19,36.7963798398016,-1.08897149081763,495
1717.78271484375,50,33,58,16,36.8192963103806,-1.08897149081763,496
1692.37719726562,51,33,58,40,36.8380461499452,-1.08897149081763,525
1669.38073730469,51,30,58,44,36.8547126740026,-1.08897149081763,608
1633.28845214844,51,24,58,20,36.881795775596,-1.08897149081763,547
1633.28845214844,51,24,58,20,36.8838790911031,-1.08897149081763,542
1610.56518554688,50,23,57,18,36.8880457221175,-1.08897149081763,544
1546.28601074219,48,20,57,15,36.917212139218,-1.08897149081763,554
1533.29418945312,50,21,58,11,36.9276287167539,-1.08897149081763,476
1497.54565429688,48,21,61,12,36.9442952408113,-1.08897149081763,473
1466.88525390625,53,19,59,12,36.9713783424046,-1.08897149081763,438
1466.88525390625,53,19,59,12,36.9734616579118,-1.08897149081763,438
1441.59545898438,53,15,62,3,36.9776282889262,-1.08897149081763,436
1441.59545898438,53,15,62,3,36.9817949199405,-1.08897149081763,452
1420.13671875,52,15,61,14,36.9859615509549,-1.08897149081763,440
1403.98266601562,50,12,71,8,37.0213779145769,-1.08897149081763,445
1398.90759277344,50,13,72,11,37.0505443316774,-1.08897149081763,386
1323.90209960938,45,9,74,7,37.0838773797923,-1.08897149081763,416
1202.75952148438,45,10,71,11,37.0942939573282,-1.08897149081763,463
1202.75952148438,45,10,71,11,37.0984605883425,-1.08897149081763,381
1190.01135253906,44,11,70,2,37.1547101070363,-1.08897149081763,421
1129.64099121094,51,11,70,0,37.1963764171799,-1.08897149081763,411
1297.92822265625,48,28,58,61,36.6130480751699,-1.09105484485411,580
1793.19458007812,40,36,54,39,36.6526310698063,-1.09105484485411,567
1793.19458007812,40,36,54,39,36.6567977008207,-1.09105484485411,476
1869.41149902344,40,40,51,66,36.6901307489355,-1.09105484485411,467
1869.41149902344,40,40,51,66,36.6922140644427,-1.09105484485411,431
1905.92590332031,39,43,55,37,36.7109639040073,-1.09105484485411,371
1894.88098144531,39,43,53,21,36.7234637970504,-1.09105484485411,423
1855.17907714844,47,33,55,15,36.7547135296581,-1.09105484485411,506
1794.22766113281,46,30,56,29,36.7817966312514,-1.09105484485411,502
1733.18493652344,50,35,57,35,36.8109630483519,-1.09105484485411,543
1733.18493652344,50,35,57,35,36.8172129948734,-1.09105484485411,526
1700.18322753906,49,32,56,38,36.8297128879165,-1.09105484485411,510
1672.45092773438,50,31,59,33,36.8463794119739,-1.09105484485411,572
1637.41955566406,50,26,56,36,36.8755458290744,-1.09105484485411,542
1621.11450195312,50,25,58,45,36.8797124600888,-1.09105484485411,550
1596.28674316406,49,24,60,11,36.8901290376247,-1.09105484485411,529
1568.67211914062,49,22,57,22,36.8984622996534,-1.09105484485411,525
1540.74792480469,49,23,56,20,36.9088788771893,-1.09105484485411,552
1515.46350097656,50,19,58,21,36.9338786632754,-1.09105484485411,442
1481.86730957031,50,0,0,6,36.9442952408113,-1.09105484485411,482
1474.52502441406,49,18,61,15,36.9547118183472,-1.09105484485411,452
1463.55310058594,53,15,63,15,36.9692950268975,-1.09105484485411,435
1463.55310058594,53,15,63,15,36.9734616579118,-1.09105484485411,429
1439.89318847656,52,15,62,42,36.9797116044333,-1.09105484485411,440
1412.92077636719,52,14,66,4,36.9859615509549,-1.09105484485411,443
1412.92077636719,52,14,66,4,36.9880448664621,-1.09105484485411,441
1412.92077636719,52,14,66,4,36.9901281819692,-1.09105484485411,444
1398.18835449219,51,13,66,22,36.9963781284908,-1.09105484485411,426
1412.71313476562,51,14,77,9,37.010961337041,-1.09105484485411,430
1232.90100097656,48,9,72,12,37.0942939573282,-1.09105484485411,425
1185.90673828125,44,8,69,0,37.1088771658784,-1.09105484485411,400
1096.54846191406,42,9,70,1,37.1297103209502,-1.09105484485411,405
1139.54528808594,44,9,72,1,37.1442935295004,-1.09105484485411,460
1139.54528808594,44,9,72,1,37.1463768450076,-1.09105484485411,467
1181.99938964844,50,10,73,8,37.1797098931225,-1.09105484485411,490
1345.69848632812,43,9,58,12,37.338041871668,-1.09105484485411,314
1345.69848632812,43,9,58,12,37.3401251871752,-1.09105484485411,314
758.066284179688,41,17,67,1,36.5755483960407,-1.09313819889058,828
908.43505859375,41,19,67,2,36.5817983425623,-1.09313819889058,728
1137.85778808594,43,18,62,14,36.590131604591,-1.09313819889058,565
1197.83410644531,48,20,59,56,36.6047148131412,-1.09313819889058,610
1793.19458007812,40,36,54,39,36.6526310698063,-1.09313819889058,587
1824.5107421875,39,34,53,51,36.6672142783566,-1.09313819889058,472
1838.169921875,39,36,56,36,36.6713809093709,-1.09313819889058,511
1838.169921875,39,36,56,36,36.6734642248781,-1.09313819889058,497
1894.88098144531,39,43,53,21,36.7234637970504,-1.09313819889058,436
1894.88098144531,39,43,53,21,36.7255471125576,-1.09313819889058,421
1877.04052734375,41,36,52,14,36.7380470056006,-1.09313819889058,560
1812.27172851562,48,30,57,21,36.7713800537155,-1.09313819889058,460
1761.91357421875,48,28,56,37,36.7963798398016,-1.09313819889058,519
1747.85266113281,50,30,56,19,36.8026297863232,-1.09313819889058,513
1747.85266113281,50,30,56,19,36.8088797328447,-1.09313819889058,494
1717.47509765625,49,35,56,16,36.8255462569021,-1.09313819889058,549
1637.41955566406,50,26,56,36,36.8692958825529,-1.09313819889058,512
1621.11450195312,50,25,58,45,36.8776291445816,-1.09313819889058,549
1596.28674316406,49,24,60,11,36.8880457221175,-1.09313819889058,537
1540.74792480469,49,23,56,20,36.9067955616821,-1.09313819889058,514
1472.27233886719,53,17,62,13,36.9651283958831,-1.09313819889058,431
1439.89318847656,52,15,62,42,36.9817949199405,-1.09313819889058,432
1412.92077636719,52,14,66,4,36.9901281819692,-1.09313819889058,436
1400.419921875,50,11,75,1,37.0067947060267,-1.09313819889058,390
1362.11633300781,47,15,74,12,37.0359611231272,-1.09313819889058,427
1362.11633300781,47,15,74,12,37.0422110696487,-1.09313819889058,414
1348.68432617188,49,11,74,1,37.0484610161702,-1.09313819889058,406
1344.15270996094,47,11,75,0,37.0588775937061,-1.09313819889058,496
1290.49584960938,47,9,72,8,37.0880440108066,-1.09313819889058,393
1290.49584960938,47,9,72,8,37.0901273263138,-1.09313819889058,397
1290.49584960938,47,9,72,8,37.092210641821,-1.09313819889058,404
1232.90100097656,48,9,72,12,37.0942939573282,-1.09313819889058,414
1232.90100097656,48,9,72,12,37.1005439038497,-1.09313819889058,435
1185.90673828125,44,8,69,0,37.1047105348641,-1.09313819889058,406
1145.20776367188,44,16,68,9,37.1151271123999,-1.09313819889058,459
1108.01171875,44,9,70,1,37.1192937434143,-1.09313819889058,406
1108.01171875,44,9,70,1,37.1255436899358,-1.09313819889058,431
1113.47644042969,43,9,71,6,37.1422102139933,-1.09313819889058,456
1106.65124511719,52,11,70,11,37.1880431551512,-1.09313819889058,447
1345.69848632812,43,9,58,12,37.338041871668,-1.09313819889058,282
1225.802734375,44,18,62,7,36.5942982356053,-1.09522155292706,592
1197.83410644531,48,20,59,56,36.6047148131412,-1.09522155292706,632
1505.62048339844,47,21,59,15,36.6234646527058,-1.09522155292706,551
1793.19458007812,40,36,54,39,36.6526310698063,-1.09522155292706,586
1793.19458007812,40,36,54,39,36.6588810163279,-1.09522155292706,475
1883.27270507812,39,47,53,43,36.7338803745863,-1.09522155292706,448
1869.91052246094,43,36,54,20,36.7484635831365,-1.09522155292706,528
1855.17907714844,47,33,55,15,36.7567968451653,-1.09522155292706,488
1812.27172851562,48,30,57,21,36.7755466847299,-1.09522155292706,469
1747.85266113281,50,30,56,19,36.8026297863232,-1.09522155292706,545
1672.45092773438,50,31,59,33,36.8463794119739,-1.09522155292706,587
1621.11450195312,50,25,58,45,36.881795775596,-1.09522155292706,533
1596.28674316406,49,24,60,11,36.8922123531319,-1.09522155292706,518
1568.67211914062,49,22,57,22,36.8963789841462,-1.09522155292706,496
1522.27612304688,48,21,57,33,36.917212139218,-1.09522155292706,531
1481.86730957031,50,0,0,6,36.9463785563185,-1.09522155292706,525
1474.52502441406,49,18,61,15,36.9547118183472,-1.09522155292706,413
1474.52502441406,49,18,61,15,36.9567951338544,-1.09522155292706,433
1398.18835449219,51,13,66,22,36.9963781284908,-1.09522155292706,389
1400.419921875,50,11,75,1,37.0067947060267,-1.09522155292706,403
1232.90100097656,48,9,72,12,37.1005439038497,-1.09522155292706,434
1185.90673828125,44,8,69,0,37.1026272193569,-1.09522155292706,448
1185.90673828125,44,8,69,0,37.1067938503712,-1.09522155292706,457
1145.20776367188,44,16,68,9,37.1109604813856,-1.09522155292706,508
1108.01171875,44,9,70,1,37.1213770589215,-1.09522155292706,424
1113.47644042969,43,9,71,6,37.1359602674717,-1.09522155292706,439
1194.80749511719,43,10,70,11,37.1630433690651,-1.09522155292706,507
1210.86437988281,45,10,71,8,37.1755432621081,-1.09522155292706,445
1181.99938964844,50,10,73,8,37.1776265776153,-1.09522155292706,456
1321.45922851562,44,8,59,6,37.3442918181896,-1.09522155292706,258
1293.38464355469,45,7,58,16,37.3588750267398,-1.09522155292706,280
1715.98120117188,47,21,58,27,36.6380478612561,-1.09730490696353,570
1793.19458007812,40,36,54,39,36.6588810163279,-1.09730490696353,471
1838.169921875,39,36,56,36,36.6734642248781,-1.09730490696353,472
1869.41149902344,40,40,51,66,36.6922140644427,-1.09730490696353,439
1877.04052734375,41,36,52,14,36.742213636615,-1.09730490696353,502
1869.91052246094,43,36,54,20,36.7484635831365,-1.09730490696353,492
1833.517578125,48,31,58,15,36.7630467916868,-1.09730490696353,445
1777.37072753906,47,29,56,40,36.7880465777729,-1.09730490696353,533
1747.85266113281,50,30,56,19,36.8047131018304,-1.09730490696353,524
1733.18493652344,50,35,57,35,36.8109630483519,-1.09730490696353,561
1647.65380859375,50,27,57,27,36.8630459360314,-1.09730490696353,546
1596.28674316406,49,24,60,11,36.8922123531319,-1.09730490696353,498
1568.67211914062,49,22,57,22,36.8984622996534,-1.09730490696353,497
1520.96594238281,49,21,56,15,36.9234620857395,-1.09730490696353,479
1481.86730957031,50,0,0,6,36.9484618718257,-1.09730490696353,498
1412.92077636719,52,14,66,4,36.9922114974764,-1.09730490696353,402
1398.18835449219,51,13,66,22,37.0005447595051,-1.09730490696353,397
1362.11633300781,47,15,74,12,37.0422110696487,-1.09730490696353,443
1344.15270996094,47,11,75,0,37.0588775937061,-1.09730490696353,504
1232.90100097656,48,9,72,12,37.0963772728353,-1.09730490696353,422
1232.90100097656,48,9,72,12,37.1005439038497,-1.09730490696353,437
1185.90673828125,44,8,69,0,37.1047105348641,-1.09730490696353,435
1164.64892578125,43,11,71,3,37.1526267915292,-1.09730490696353,438
1210.86437988281,45,10,71,8,37.1755432621081,-1.09730490696353,485
1181.99938964844,50,10,73,8,37.1817932086297,-1.09730490696353,452
1345.69848632812,43,9,58,12,37.3359585561609,-1.09730490696353,287
770.730407714844,40,15,67,2,36.5713817650264,-1.099388261,784
770.730407714844,40,15,67,2,36.5734650805336,-1.099388261,793
1182.63732910156,44,17,65,4,36.5880482890838,-1.099388261,605
1274.10876464844,45,18,62,6,36.5963815511125,-1.099388261,660
1492.69299316406,49,21,60,10,36.6213813371987,-1.099388261,543
1734.77014160156,46,32,54,32,36.6442978077776,-1.099388261,572
1784.27514648438,42,35,54,55,36.6567977008207,-1.099388261,474
1845.17333984375,40,39,54,14,36.6692975938638,-1.099388261,464
1845.17333984375,40,39,54,14,36.6713809093709,-1.099388261,467
1878.02111816406,39,45,52,42,36.7255471125576,-1.099388261,425
1852.44213867188,41,36,54,36,36.7401303211078,-1.099388261,464
1824.25952148438,45,32,54,35,36.7526302141509,-1.099388261,473
1755.81396484375,47,27,54,27,36.7963798398016,-1.099388261,493
1745.29418945312,48,30,56,17,36.8026297863232,-1.099388261,514
1561.63427734375,49,25,56,15,36.8963789841462,-1.099388261,487
1561.63427734375,49,25,56,15,36.9005456151606,-1.099388261,477
1501.06384277344,49,20,59,9,36.9213787702324,-1.099388261,446
1463.76989746094,50,18,62,8,36.9442952408113,-1.099388261,494
1463.76989746094,50,18,62,8,36.9463785563185,-1.099388261,501
1463.76989746094,50,18,62,8,36.9505451873328,-1.099388261,495
1453.73608398438,52,17,66,12,36.9734616579118,-1.099388261,403
1405.80029296875,52,15,67,12,36.9880448664621,-1.099388261,466
1405.80029296875,52,15,67,12,36.9922114974764,-1.099388261,401
1387.50634765625,52,15,67,13,36.9963781284908,-1.099388261,394
1381.03076171875,53,13,74,13,37.0047113905195,-1.099388261,402
1381.03076171875,53,13,74,13,37.0088780215338,-1.099388261,394
1398.201171875,44,13,75,0,37.0297111766056,-1.099388261,454
1398.201171875,44,13,75,0,37.03387780762,-1.099388261,434
1277.62243652344,47,9,73,8,37.0651275402277,-1.099388261,484
1149.47094726562,45,9,71,1,37.1213770589215,-1.099388261,582
1055.78955078125,44,8,71,10,37.1380435829789,-1.099388261,423
1055.78955078125,44,8,71,10,37.1401268984861,-1.099388261,438
1072.09619140625,47,9,71,11,37.1463768450076,-1.099388261,466
770.730407714844,40,15,67,2,36.5713817650264,-1.10147161503648,780
1182.63732910156,44,17,65,4,36.5859649735766,-1.10147161503648,637
1274.10876464844,45,18,62,6,36.5984648666197,-1.10147161503648,658
1632.90979003906,49,19,58,32,36.6297145992274,-1.10147161503648,572
1632.90979003906,49,19,58,32,36.6338812302417,-1.10147161503648,552
1693.60009765625,48,22,60,21,36.6422144922704,-1.10147161503648,566
1845.17333984375,40,39,54,14,36.6734642248781,-1.10147161503648,476
1888.05139160156,39,46,53,46,36.7109639040073,-1.10147161503648,418
1755.81396484375,47,27,54,27,36.7942965242945,-1.10147161503648,508
1755.81396484375,47,27,54,27,36.800546470816,-1.10147161503648,478
1734.59545898438,49,33,56,20,36.8151296793663,-1.10147161503648,516
1723.28637695312,48,35,58,27,36.8213796258878,-1.10147161503648,560
1605.41186523438,49,26,57,20,36.8838790911031,-1.10147161503648,568
1561.63427734375,49,25,56,15,36.8963789841462,-1.10147161503648,442
1501.06384277344,49,20,59,9,36.9255454012467,-1.10147161503648,475
1463.76989746094,50,18,62,8,36.9463785563185,-1.10147161503648,519
1463.76989746094,50,18,62,8,36.9484618718257,-1.10147161503648,514
1405.80029296875,52,15,67,12,36.9901281819692,-1.10147161503648,428
1381.03076171875,53,13,74,13,37.0088780215338,-1.10147161503648,388
1402.41809082031,44,15,74,1,37.0192945990697,-1.10147161503648,386
1398.201171875,44,13,75,0,37.0276278610985,-1.10147161503648,515
1277.62243652344,47,9,73,8,37.0672108557348,-1.10147161503648,487
1294.14953613281,46,9,72,5,37.0734608022564,-1.10147161503648,466
1077.38610839844,44,9,71,9,37.1317936364574,-1.10147161503648,456
1104.615234375,46,9,73,5,37.1567934225435,-1.10147161503648,483
1093.9482421875,51,9,74,9,37.1776265776153,-1.10147161503648,511
1020.52978515625,51,9,74,12,37.185959839644,-1.10147161503648,397
1331.50964355469,42,8,57,7,37.3463751336968,-1.10147161503648,259
1308.92358398438,49,22,58,60,36.6109647596628,-1.10355496907295,644
1492.69299316406,49,21,60,10,36.6192980216915,-1.10355496907295,573
1632.90979003906,49,19,58,32,36.6276312837202,-1.10355496907295,547
1632.90979003906,49,19,58,32,36.6317979147345,-1.10355496907295,635
1864.60510253906,41,49,54,65,36.7005473264714,-1.10355496907295,362
1888.05139160156,39,46,53,46,36.7130472195145,-1.10355496907295,415
1734.59545898438,49,33,56,20,36.8109630483519,-1.10355496907295,520
1692.37536621094,48,31,56,33,36.8380461499452,-1.10355496907295,532
1650.81018066406,49,30,57,22,36.8526293584955,-1.10355496907295,535
1620.49035644531,48,27,58,21,36.8734625135672,-1.10355496907295,498
1561.63427734375,49,25,56,15,36.8984622996534,-1.10355496907295,467
1535.57373046875,49,26,57,33,36.9026289306677,-1.10355496907295,497
1512.51220703125,49,24,56,30,36.9109621926965,-1.10355496907295,478
1512.51220703125,49,24,56,30,36.9151288237108,-1.10355496907295,433
1490.98364257812,50,18,58,17,36.9276287167539,-1.10355496907295,455
1490.98364257812,50,18,58,17,36.9317953477682,-1.10355496907295,448
1463.76989746094,50,18,62,8,36.9463785563185,-1.10355496907295,501
1459.03381347656,52,16,60,12,36.9651283958831,-1.10355496907295,507
1405.80029296875,52,15,67,12,36.9901281819692,-1.10355496907295,399
1387.50634765625,52,15,67,13,36.9942948129836,-1.10355496907295,383
1381.03076171875,53,13,74,13,37.0047113905195,-1.10355496907295,377
1325.89794921875,47,10,74,31,37.0463777006631,-1.10355496907295,474
1294.14953613281,46,9,72,5,37.0755441177636,-1.10355496907295,482
1072.09619140625,47,9,71,11,37.150543476022,-1.10355496907295,425
1312.6337890625,42,11,59,20,37.3526250802183,-1.10355496907295,256
1274.10876464844,45,18,62,6,36.5984648666197,-1.10563832310943,627
1238.63415527344,48,22,61,7,36.6047148131412,-1.10563832310943,672
1492.69299316406,49,21,60,10,36.6234646527058,-1.10563832310943,578
1827.09631347656,40,39,52,82,36.660964331835,-1.10563832310943,473
1845.17333984375,40,39,54,14,36.6713809093709,-1.10563832310943,466
1888.05139160156,39,46,53,46,36.7151305350217,-1.10563832310943,435
1842.90246582031,42,35,53,20,36.7484635831365,-1.10563832310943,466
1781.84143066406,46,29,58,27,36.7713800537155,-1.10563832310943,477
1755.81396484375,47,27,54,27,36.7942965242945,-1.10563832310943,517
1633.49267578125,49,27,58,17,36.8609626205242,-1.10563832310943,547
1605.41186523438,49,26,57,20,36.8797124600888,-1.10563832310943,564
1605.41186523438,49,26,57,20,36.881795775596,-1.10563832310943,560
1584.83044433594,49,26,57,17,36.8880457221175,-1.10563832310943,532
1501.06384277344,49,20,59,9,36.9192954547252,-1.10563832310943,452
1459.41320800781,51,17,60,12,36.95262850284,-1.10563832310943,555
1459.41320800781,51,17,60,12,36.9588784493616,-1.10563832310943,447
1459.03381347656,52,16,60,12,36.9651283958831,-1.10563832310943,522
1459.03381347656,52,16,60,12,36.9672117113903,-1.10563832310943,513
1432.51416015625,52,17,67,8,36.9797116044333,-1.10563832310943,433
1381.03076171875,53,13,74,13,37.0026280750123,-1.10563832310943,398
1402.41809082031,44,15,74,1,37.0255445455913,-1.10563832310943,505
1312.62329101562,46,10,74,7,37.0797107487779,-1.10563832310943,451
1312.62329101562,46,10,74,7,37.0838773797923,-1.10563832310943,430
1293.58337402344,48,10,71,11,37.0963772728353,-1.10563832310943,486
1077.38610839844,44,9,71,9,37.127627005443,-1.10563832310943,477
1072.09619140625,47,9,71,11,37.1484601605148,-1.10563832310943,499
1151.048828125,47,12,73,7,37.1672100000794,-1.10563832310943,392
777.29931640625,39,12,68,0,36.5692984495192,-1.1077216771459,713
777.29931640625,39,12,68,0,36.5734650805336,-1.1077216771459,779
777.29931640625,39,12,68,0,36.5755483960407,-1.1077216771459,752
938.434448242188,40,18,66,8,36.5817983425623,-1.1077216771459,749
1248.13195800781,48,18,60,6,36.6026314976341,-1.1077216771459,594
1705.37145996094,46,18,58,35,36.6359645457489,-1.1077216771459,627
1705.37145996094,46,18,58,35,36.6422144922704,-1.1077216771459,538
1834.03381347656,41,41,51,33,36.6963806954571,-1.1077216771459,416
1850.38635253906,41,45,51,46,36.7047139574858,-1.1077216771459,413
1863.52478027344,40,44,53,41,36.7109639040073,-1.1077216771459,454
1862.03442382812,41,42,52,48,36.7255471125576,-1.1077216771459,413
1850.36608886719,41,47,53,32,36.7276304280648,-1.1077216771459,437
1850.36608886719,41,47,53,32,36.7317970590791,-1.1077216771459,455
1831.80615234375,43,36,54,39,36.7442969521222,-1.1077216771459,450
1815.43969726562,45,39,53,38,36.7567968451653,-1.1077216771459,475
1815.43969726562,45,39,53,38,36.7588801606724,-1.1077216771459,470
1772.23706054688,47,36,52,28,36.7692967382083,-1.1077216771459,478
1762.81604003906,49,32,56,33,36.7797133157442,-1.1077216771459,482
1733.4013671875,48,34,57,34,36.7984631553088,-1.1077216771459,515
1720.12890625,48,33,55,38,36.8047131018304,-1.1077216771459,486
1716.48205566406,48,34,57,22,36.8172129948734,-1.1077216771459,506
1621.53857421875,48,28,57,20,36.8609626205242,-1.1077216771459,532
1604.73327636719,48,32,55,16,36.8734625135672,-1.1077216771459,552
1604.73327636719,48,32,55,16,36.8755458290744,-1.1077216771459,542
1554.32141113281,49,29,56,15,36.8963789841462,-1.1077216771459,451
1509.80639648438,51,24,60,18,36.9130455082036,-1.1077216771459,440
1473.50024414062,52,21,60,9,36.9317953477682,-1.1077216771459,479
1442.6015625,48,16,64,6,36.9567951338544,-1.1077216771459,497
1442.6015625,48,16,64,6,36.9588784493616,-1.1077216771459,451
1415.94689941406,51,15,73,8,36.9838782354477,-1.1077216771459,419
1380.37377929688,47,13,74,7,37.0255445455913,-1.1077216771459,490
1306.72485351562,44,12,72,3,37.0547109626918,-1.1077216771459,529
1250.55041503906,45,11,72,0,37.0734608022564,-1.1077216771459,459
1250.55041503906,45,11,72,0,37.0755441177636,-1.1077216771459,471
1259.47436523438,44,9,70,1,37.1088771658784,-1.1077216771459,477
1239.96325683594,44,9,71,0,37.1130437968928,-1.1077216771459,470
1108.49304199219,44,9,70,3,37.1338769519646,-1.1077216771459,568
1067.47045898438,44,9,70,10,37.1401268984861,-1.1077216771459,538
938.434448242188,40,18,66,8,36.5797150270551,-1.10980503118238,773
1262.37573242188,45,17,61,5,36.6005481821269,-1.10980503118238,629
1248.13195800781,48,18,60,6,36.6088814441556,-1.10980503118238,633
1627.46032714844,47,17,61,1,36.6276312837202,-1.10980503118238,537
1747.31164550781,42,24,58,14,36.6463811232848,-1.10980503118238,530
1818.83666992188,42,37,54,32,36.6651309628494,-1.10980503118238,466
1834.11840820312,41,39,52,61,36.6713809093709,-1.10980503118238,473
1835.70007324219,40,38,52,69,36.6776308558925,-1.10980503118238,407
1835.70007324219,40,38,52,69,36.6797141713997,-1.10980503118238,409
1831.12255859375,40,47,53,48,36.6922140644427,-1.10980503118238,431
1863.52478027344,40,44,53,41,36.7172138505289,-1.10980503118238,449
1831.80615234375,43,36,54,39,36.7484635831365,-1.10980503118238,466
1815.43969726562,45,39,53,38,36.7567968451653,-1.10980503118238,494
1790.66247558594,46,38,52,19,36.765130107194,-1.10980503118238,516
1790.66247558594,46,38,52,19,36.7672134227011,-1.10980503118238,512
1762.81604003906,49,32,56,33,36.7797133157442,-1.10980503118238,482
1713.07214355469,49,31,59,35,36.8338795189309,-1.10980503118238,503
1701.48498535156,50,30,57,19,36.8401294654524,-1.10980503118238,569
1646.84228515625,49,29,57,30,36.8526293584955,-1.10980503118238,516
1590.91857910156,48,26,57,21,36.881795775596,-1.10980503118238,551
1574.01599121094,47,24,57,21,36.8859624066103,-1.10980503118238,521
1574.01599121094,47,24,57,21,36.8901290376247,-1.10980503118238,525
1509.80639648438,51,24,60,18,36.9109621926965,-1.10980503118238,462
1473.50024414062,52,21,60,9,36.9276287167539,-1.10980503118238,481
1451.36840820312,50,19,59,11,36.9359619787826,-1.10980503118238,471
1442.6015625,48,16,64,6,36.9588784493616,-1.10980503118238,480
1370.60107421875,50,11,74,5,37.0130446525482,-1.10980503118238,424
1380.37377929688,47,13,74,7,37.0234612300841,-1.10980503118238,406
1387.06823730469,44,12,75,1,37.0317944921128,-1.10980503118238,506
1250.55041503906,45,11,72,0,37.0734608022564,-1.10980503118238,481
1254.8134765625,43,10,71,2,37.0776274332707,-1.10980503118238,498
1254.8134765625,43,10,71,2,37.0817940642851,-1.10980503118238,488
1254.8134765625,43,10,71,2,37.0838773797923,-1.10980503118238,468
1267.7490234375,45,9,73,4,37.0901273263138,-1.10980503118238,536
1259.47436523438,44,9,70,1,37.1026272193569,-1.10980503118238,526
994.580444335938,48,10,75,6,37.1776265776153,-1.10980503118238,413
1335.49328613281,44,10,58,16,37.338041871668,-1.10980503118238,369
710.790954589844,37,14,68,0,36.5567985564761,-1.11188838521885,771
777.29931640625,39,12,68,0,36.5734650805336,-1.11188838521885,802
777.29931640625,39,12,68,0,36.5755483960407,-1.11188838521885,796
1477.61975097656,49,21,60,9,36.6192980216915,-1.11188838521885,577
1747.31164550781,42,24,58,14,36.648464438792,-1.11188838521885,591
1818.83666992188,42,37,54,32,36.6630476473422,-1.11188838521885,534
1835.70007324219,40,38,52,69,36.6817974869068,-1.11188838521885,410
1831.12255859375,40,47,53,48,36.6880474334284,-1.11188838521885,423
1850.38635253906,41,45,51,46,36.7047139574858,-1.11188838521885,446
1850.38635253906,41,45,51,46,36.7088805885002,-1.11188838521885,404
1863.52478027344,40,44,53,41,36.7151305350217,-1.11188838521885,452
1839.97302246094,41,37,53,42,36.7380470056006,-1.11188838521885,464
1762.81604003906,49,32,56,33,36.777630000237,-1.11188838521885,501
1762.81604003906,49,32,56,33,36.7797133157442,-1.11188838521885,480
1762.81604003906,49,32,56,33,36.7817966312514,-1.11188838521885,482
1716.48205566406,48,34,57,22,36.8151296793663,-1.11188838521885,531
1621.53857421875,48,28,57,20,36.8651292515385,-1.11188838521885,539
1621.53857421875,48,28,57,20,36.8672125670457,-1.11188838521885,565
1590.91857910156,48,26,57,21,36.881795775596,-1.11188838521885,530
1574.01599121094,47,24,57,21,36.8880457221175,-1.11188838521885,487
1451.36840820312,50,19,59,11,36.9359619787826,-1.11188838521885,476
1451.36840820312,50,19,59,11,36.940128609797,-1.11188838521885,521
1378.22924804688,52,13,71,9,36.9963781284908,-1.11188838521885,405
1306.72485351562,44,12,72,3,37.0526276471846,-1.11188838521885,545
1254.8134765625,43,10,71,2,37.0838773797923,-1.11188838521885,516
1239.96325683594,44,9,71,0,37.1172104279071,-1.11188838521885,550
1182.65649414062,44,8,70,1,37.1234603744287,-1.11188838521885,470
1108.49304199219,44,9,70,3,37.127627005443,-1.11188838521885,469
1108.49304199219,44,9,70,3,37.1317936364574,-1.11188838521885,450
1169.90051269531,44,17,63,5,36.5859649735766,-1.11397173925532,682
1248.13195800781,48,18,60,6,36.6088814441556,-1.11397173925532,611
1312.07263183594,49,19,58,30,36.6109647596628,-1.11397173925532,620
1627.46032714844,47,17,61,1,36.6338812302417,-1.11397173925532,572
1834.11840820312,41,39,52,61,36.6692975938638,-1.11397173925532,474
1835.70007324219,40,38,52,69,36.683880802414,-1.11397173925532,410
1850.38635253906,41,45,51,46,36.7026306419786,-1.11397173925532,443
1863.52478027344,40,44,53,41,36.7109639040073,-1.11397173925532,405
1862.03442382812,41,42,52,48,36.719297166036,-1.11397173925532,419
1862.03442382812,41,42,52,48,36.7234637970504,-1.11397173925532,450
1762.81604003906,49,32,56,33,36.7838799467586,-1.11397173925532,499
1751.1728515625,47,31,55,63,36.7859632622658,-1.11397173925532,503
1720.12890625,48,33,55,38,36.8067964173375,-1.11397173925532,515
1716.48205566406,48,34,57,22,36.8130463638591,-1.11397173925532,514
1713.07214355469,49,31,59,35,36.8297128879165,-1.11397173925532,550
1604.73327636719,48,32,55,16,36.8692958825529,-1.11397173925532,548
1604.73327636719,48,32,55,16,36.8755458290744,-1.11397173925532,548
1574.01599121094,47,24,57,21,36.8859624066103,-1.11397173925532,504
1473.50024414062,52,21,60,9,36.9297120322611,-1.11397173925532,479
1473.50024414062,52,21,60,9,36.9317953477682,-1.11397173925532,439
1441.72912597656,49,16,61,2,36.9463785563185,-1.11397173925532,481
1442.6015625,48,16,64,6,36.9588784493616,-1.11397173925532,507
1415.94689941406,51,15,73,8,36.9817949199405,-1.11397173925532,479
1380.37377929688,47,13,74,7,37.0192945990697,-1.11397173925532,427
1348.84301757812,44,11,72,3,37.0442943851559,-1.11397173925532,539
1306.72485351562,44,12,72,3,37.0588775937061,-1.11397173925532,524
1270.89453125,46,13,69,11,37.0609609092133,-1.11397173925532,513
1267.23608398438,46,9,73,4,37.0942939573282,-1.11397173925532,526
1259.47436523438,44,9,70,1,37.1067938503712,-1.11397173925532,445
1108.49304199219,44,9,70,3,37.1297103209502,-1.11397173925532,452
1051.44006347656,48,11,70,14,37.150543476022,-1.11397173925532,475
785.14892578125,38,14,67,0,36.5692984495192,-1.1160550932918,705
785.14892578125,38,14,67,0,36.5734650805336,-1.1160550932918,790
957.036437988281,41,16,67,4,36.5776317115479,-1.1160550932918,723
1282.71643066406,44,17,62,3,36.5984648666197,-1.1160550932918,709
1268.51379394531,46,18,59,6,36.6047148131412,-1.1160550932918,686
1600.82946777344,47,17,59,10,36.6317979147345,-1.1160550932918,568
1720.87084960938,47,21,57,16,36.6359645457489,-1.1160550932918,593
1720.87084960938,47,21,57,16,36.6380478612561,-1.1160550932918,592
1795.60668945312,43,23,58,13,36.6526310698063,-1.1160550932918,638
1817.68432617188,41,39,52,7,36.7047139574858,-1.1160550932918,453
1839.48779296875,42,36,54,48,36.7255471125576,-1.1160550932918,431
1794.28039550781,49,34,54,20,36.765130107194,-1.1160550932918,534
1778.58935546875,49,41,52,35,36.7692967382083,-1.1160550932918,557
1711.36865234375,49,33,55,21,36.8317962034237,-1.1160550932918,539
1542.93383789062,49,25,55,23,36.8963789841462,-1.1160550932918,523
1521.44812011719,50,26,55,28,36.9047122461749,-1.1160550932918,454
1521.44812011719,50,26,55,28,36.9067955616821,-1.1160550932918,446
1428.24987792969,50,19,62,8,36.9484618718257,-1.1160550932918,500
1406.82861328125,49,0,0,0,36.9817949199405,-1.1160550932918,566
1385.27563476562,48,15,70,10,36.9901281819692,-1.1160550932918,442
1361.18054199219,47,12,74,1,37.010961337041,-1.1160550932918,418
1359.18383789062,45,12,74,5,37.0192945990697,-1.1160550932918,415
1337.81579589844,44,12,73,0,37.056794278199,-1.1160550932918,557
1247.88354492188,44,12,68,11,37.0713774867492,-1.1160550932918,605
1184.69848632812,44,10,73,0,37.092210641821,-1.1160550932918,467
1158.25219726562,44,9,72,0,37.0942939573282,-1.1160550932918,458
1153.0068359375,45,8,72,5,37.1088771658784,-1.1160550932918,442
1153.91833496094,44,10,71,0,37.1213770589215,-1.1160550932918,491
1153.91833496094,44,10,71,0,37.1255436899358,-1.1160550932918,447
1049.22985839844,44,9,72,11,37.1442935295004,-1.1160550932918,411
710.382446289062,37,14,68,0,36.5567985564761,-1.11813844732827,760
710.382446289062,37,14,68,0,36.5588818719833,-1.11813844732827,781
1192.29907226562,43,13,65,0,36.5880482890838,-1.11813844732827,718
1268.51379394531,46,18,59,6,36.6088814441556,-1.11813844732827,648
1305.55859375,48,22,59,12,36.6172147061843,-1.11813844732827,624
1806.81616210938,43,42,54,83,36.660964331835,-1.11813844732827,611
1806.81616210938,43,42,54,83,36.6630476473422,-1.11813844732827,604
1813.05834960938,42,43,52,58,36.6692975938638,-1.11813844732827,478
1813.05834960938,42,43,52,58,36.6713809093709,-1.11813844732827,451
1813.11938476562,41,46,52,50,36.683880802414,-1.11813844732827,453
1823.52526855469,44,44,56,23,36.7505468986437,-1.11813844732827,439
1812.60815429688,46,34,55,42,36.7567968451653,-1.11813844732827,430
1778.58935546875,49,41,52,35,36.7734633692227,-1.11813844732827,570
1748.51037597656,50,33,55,39,36.7880465777729,-1.11813844732827,506
1707.75317382812,48,33,54,49,36.8026297863232,-1.11813844732827,505
1590.57104492188,48,27,55,14,36.8755458290744,-1.11813844732827,516
1578.56677246094,47,25,56,58,36.881795775596,-1.11813844732827,549
1562.49658203125,47,25,57,8,36.8859624066103,-1.11813844732827,566
1483.97192382812,50,24,59,17,36.9192954547252,-1.11813844732827,513
1443.01904296875,51,20,57,25,36.9422119253041,-1.11813844732827,477
1427.91442871094,49,15,65,8,36.9630450803759,-1.11813844732827,514
1421.76574707031,51,16,68,0,36.9692950268975,-1.11813844732827,537
1406.82861328125,49,0,0,0,36.9838782354477,-1.11813844732827,590
1385.27563476562,48,15,70,10,36.9880448664621,-1.11813844732827,522
1370.91467285156,50,13,75,10,36.998461443998,-1.11813844732827,407
1359.18383789062,45,12,74,5,37.0192945990697,-1.11813844732827,386
1247.88354492188,44,12,68,11,37.069294171242,-1.11813844732827,528
1247.88354492188,44,12,68,11,37.0734608022564,-1.11813844732827,533
1184.69848632812,44,10,73,0,37.0901273263138,-1.11813844732827,460
1153.91833496094,44,10,71,0,37.1192937434143,-1.11813844732827,462
1086.13244628906,42,9,71,0,37.1401268984861,-1.11813844732827,392
726.193725585938,38,13,67,0,36.5651318185048,-1.12022180136475,727
785.14892578125,38,14,67,0,36.5692984495192,-1.12022180136475,692
1268.51379394531,46,18,59,6,36.6088814441556,-1.12022180136475,663
1305.55859375,48,22,59,12,36.6130480751699,-1.12022180136475,695
1433.998046875,49,20,58,11,36.6213813371987,-1.12022180136475,625
1806.81616210938,43,42,54,83,36.6651309628494,-1.12022180136475,559
1813.11938476562,41,46,52,50,36.6797141713997,-1.12022180136475,418
1813.11938476562,41,46,52,50,36.683880802414,-1.12022180136475,446
1836.79992675781,42,46,54,44,36.7338803745863,-1.12022180136475,463
1829.47985839844,42,39,53,50,36.7359636900935,-1.12022180136475,440
1823.52526855469,44,44,56,23,36.7463802676294,-1.12022180136475,457
1794.28039550781,49,34,54,20,36.7672134227011,-1.12022180136475,473
1748.51037597656,50,33,55,39,36.7901298932801,-1.12022180136475,510
1724.103515625,48,36,55,38,36.7942965242945,-1.12022180136475,512
1724.103515625,48,36,55,38,36.7963798398016,-1.12022180136475,548
1707.75317382812,48,33,54,49,36.8047131018304,-1.12022180136475,523
1707.75317382812,48,33,54,49,36.8067964173375,-1.12022180136475,528
1643.54614257812,49,29,58,25,36.8526293584955,-1.12022180136475,530
1590.57104492188,48,27,55,14,36.8692958825529,-1.12022180136475,492
1590.57104492188,48,27,55,14,36.8713791980601,-1.12022180136475,474
1590.57104492188,48,27,55,14,36.8734625135672,-1.12022180136475,486
1578.56677246094,47,25,56,58,36.8797124600888,-1.12022180136475,525
1542.93383789062,49,25,55,23,36.9005456151606,-1.12022180136475,487
1521.44812011719,50,26,55,28,36.9067955616821,-1.12022180136475,470
1500.77709960938,51,27,56,19,36.9130455082036,-1.12022180136475,516
1427.91442871094,49,15,65,8,36.9672117113903,-1.12022180136475,535
1370.91467285156,50,13,75,10,36.998461443998,-1.12022180136475,420
1364.31372070312,44,12,74,8,37.0317944921128,-1.12022180136475,406
1359.88732910156,44,12,73,4,37.0484610161702,-1.12022180136475,587
1359.88732910156,44,12,73,4,37.0505443316774,-1.12022180136475,568
1247.88354492188,44,12,68,11,37.0713774867492,-1.12022180136475,551
1247.88354492188,44,12,68,11,37.0734608022564,-1.12022180136475,600
1158.25219726562,44,9,72,0,37.0942939573282,-1.12022180136475,470
1153.0068359375,45,8,72,5,37.1088771658784,-1.12022180136475,468
1162.74755859375,44,10,71,1,37.1130437968928,-1.12022180136475,427
1086.13244628906,42,9,71,0,37.1380435829789,-1.12022180136475,423
1049.22985839844,44,9,72,11,37.150543476022,-1.12022180136475,437
1014.84051513672,47,10,69,9,37.1588767380507,-1.12022180136475,429
710.382446289062,37,14,68,0,36.5567985564761,-1.12230515540122,758
726.193725585938,38,13,67,0,36.567215134012,-1.12230515540122,714
1268.51379394531,46,18,59,6,36.6047148131412,-1.12230515540122,654
1772.93835449219,44,20,58,8,36.6463811232848,-1.12230515540122,591
1795.60668945312,43,23,58,13,36.6588810163279,-1.12230515540122,637
1806.76110839844,40,38,53,50,36.6859641179212,-1.12230515540122,448
1831.36547851562,42,39,53,30,36.7151305350217,-1.12230515540122,430
1829.47985839844,42,39,53,50,36.7401303211078,-1.12230515540122,410
1829.47985839844,42,39,53,50,36.742213636615,-1.12230515540122,441
1778.58935546875,49,41,52,35,36.7713800537155,-1.12230515540122,443
1748.51037597656,50,33,55,39,36.7880465777729,-1.12230515540122,518
1748.51037597656,50,33,55,39,36.7901298932801,-1.12230515540122,522
1706.16943359375,48,31,56,34,36.8109630483519,-1.12230515540122,485
1706.16943359375,48,31,56,34,36.8130463638591,-1.12230515540122,491
1709.56909179688,48,32,55,29,36.8192963103806,-1.12230515540122,486
1678.43005371094,49,29,56,37,36.8442960964667,-1.12230515540122,566
1542.93383789062,49,25,55,23,36.9005456151606,-1.12230515540122,495
1521.44812011719,50,26,55,28,36.9047122461749,-1.12230515540122,460
1443.01904296875,51,20,57,25,36.940128609797,-1.12230515540122,464
1428.16638183594,48,16,68,3,36.9567951338544,-1.12230515540122,483
1385.27563476562,48,15,70,10,36.9880448664621,-1.12230515540122,476
1370.91467285156,50,13,75,10,36.9942948129836,-1.12230515540122,425
1366.04772949219,49,12,72,5,37.0067947060267,-1.12230515540122,396
1366.53210449219,43,12,75,5,37.0380444386343,-1.12230515540122,463
1366.53210449219,43,12,75,5,37.0401277541415,-1.12230515540122,526
1366.53210449219,43,12,75,5,37.0422110696487,-1.12230515540122,561
1359.88732910156,44,12,73,4,37.0484610161702,-1.12230515540122,574
1337.81579589844,44,12,73,0,37.0526276471846,-1.12230515540122,555
1337.81579589844,44,12,73,0,37.0547109626918,-1.12230515540122,545
1153.91833496094,44,10,71,0,37.1213770589215,-1.12230515540122,450
1086.13244628906,42,9,71,0,37.1380435829789,-1.12230515540122,446
971.049987792969,48,10,72,6,37.1692933155866,-1.12230515540122,443
971.049987792969,48,10,72,6,37.1734599466009,-1.12230515540122,461
707.126342773438,38,12,70,0,36.5567985564761,-1.1243885094377,756
1797.33532714844,43,30,57,13,36.6630476473422,-1.1243885094377,624
1781.57824707031,41,38,51,43,36.6963806954571,-1.1243885094377,483
1806.54235839844,44,37,55,30,36.7380470056006,-1.1243885094377,403
1784.15808105469,50,30,56,34,36.7672134227011,-1.1243885094377,455
1648.91162109375,49,32,56,29,36.8567959895098,-1.1243885094377,543
1575.0888671875,47,28,57,16,36.8692958825529,-1.1243885094377,512
1549.87329101562,48,25,56,22,36.8901290376247,-1.1243885094377,511
1490.25378417969,49,25,58,19,36.9130455082036,-1.1243885094377,440
1419.49353027344,49,18,59,32,36.9463785563185,-1.1243885094377,490
1410.77416992188,48,15,72,7,36.9692950268975,-1.1243885094377,493
1405.61840820312,48,15,73,9,36.9817949199405,-1.1243885094377,460
1385.58764648438,46,16,74,6,36.9922114974764,-1.1243885094377,482
1356.04016113281,47,13,74,7,37.0047113905195,-1.1243885094377,411
1356.04016113281,47,13,74,7,37.0067947060267,-1.1243885094377,392
1332.72094726562,45,11,72,5,37.0526276471846,-1.1243885094377,540
1093.31665039062,47,12,71,0,37.1151271123999,-1.1243885094377,435
1089.69274902344,46,9,71,1,37.1192937434143,-1.1243885094377,433
935.624389648438,45,8,70,15,37.1776265776153,-1.1243885094377,408
707.126342773438,38,12,70,0,36.5526319254618,-1.12647186347417,794
726.4921875,38,13,68,0,36.567215134012,-1.12647186347417,721
795.637268066406,38,13,67,0,36.5713817650264,-1.12647186347417,722
1327.02661132812,43,18,62,9,36.6005481821269,-1.12647186347417,714
1303.73449707031,45,18,59,8,36.6067981286484,-1.12647186347417,747
1375.4453125,48,22,58,13,36.6213813371987,-1.12647186347417,669
1802.46948242188,44,38,55,36,36.6567977008207,-1.12647186347417,663
1797.33532714844,43,30,57,13,36.6630476473422,-1.12647186347417,651
1794.20336914062,43,32,55,34,36.6713809093709,-1.12647186347417,571
1783.29174804688,42,39,52,53,36.7047139574858,-1.12647186347417,474
1808.1123046875,44,40,57,17,36.7276304280648,-1.12647186347417,480
1802.32263183594,46,35,55,28,36.7505468986437,-1.12647186347417,433
1795.46520996094,49,31,55,22,36.7526302141509,-1.12647186347417,425
1749.49340820312,50,30,55,35,36.7922132087873,-1.12647186347417,486
1687.92126464844,49,37,56,37,36.8442960964667,-1.12647186347417,549
1687.92126464844,49,37,56,37,36.8484627274811,-1.12647186347417,555
1549.87329101562,48,25,56,22,36.8922123531319,-1.12647186347417,532
1490.25378417969,49,25,58,19,36.9109621926965,-1.12647186347417,477
1455.60314941406,49,20,60,16,36.9317953477682,-1.12647186347417,420
1437.37976074219,50,19,59,8,36.9422119253041,-1.12647186347417,454
1356.04016113281,47,13,74,7,37.0088780215338,-1.12647186347417,379
1339.73937988281,45,14,74,9,37.0234612300841,-1.12647186347417,420
1338.40185546875,42,12,74,1,37.0401277541415,-1.12647186347417,554
1338.40185546875,42,12,74,1,37.0422110696487,-1.12647186347417,582
1311.919921875,44,12,72,3,37.0651275402277,-1.12647186347417,528
1105.16271972656,47,14,72,15,37.1005439038497,-1.12647186347417,657
1084.67944335938,47,10,71,13,37.1088771658784,-1.12647186347417,630
1093.31665039062,47,12,71,0,37.1109604813856,-1.12647186347417,580
1011.71990966797,43,9,70,1,37.1422102139933,-1.12647186347417,450
963.755920410156,46,12,69,6,37.1547101070363,-1.12647186347417,401
726.4921875,38,13,68,0,36.567215134012,-1.12855521751064,748
795.637268066406,38,13,67,0,36.5734650805336,-1.12855521751064,740
980.591003417969,41,16,65,2,36.5776317115479,-1.12855521751064,735
1228.61315917969,43,14,65,0,36.5922149200982,-1.12855521751064,751
1327.02661132812,43,18,62,9,36.6005481821269,-1.12855521751064,729
1547.28527832031,49,19,58,17,36.6317979147345,-1.12855521751064,656
1802.46948242188,44,38,55,36,36.6567977008207,-1.12855521751064,651
1791.96826171875,41,39,55,29,36.6776308558925,-1.12855521751064,531
1806.54235839844,44,37,55,30,36.7401303211078,-1.12855521751064,435
1802.32263183594,46,35,55,28,36.7442969521222,-1.12855521751064,432
1784.15808105469,50,30,56,34,36.7609634761796,-1.12855521751064,406
1784.15808105469,50,30,56,34,36.765130107194,-1.12855521751064,475
1774.0302734375,51,32,56,15,36.7692967382083,-1.12855521751064,425
1774.0302734375,51,32,56,15,36.7713800537155,-1.12855521751064,427
1729.8837890625,49,30,55,43,36.7942965242945,-1.12855521751064,478
1710.46594238281,50,34,57,41,36.835962834438,-1.12855521751064,564
1687.92126464844,49,37,56,37,36.8505460429883,-1.12855521751064,544
1575.0888671875,47,28,57,16,36.8734625135672,-1.12855521751064,492
1563.05847167969,47,26,58,29,36.8797124600888,-1.12855521751064,539
1563.05847167969,47,26,58,29,36.881795775596,-1.12855521751064,544
1511.70678710938,50,25,56,25,36.9088788771893,-1.12855521751064,469
1490.25378417969,49,25,58,19,36.917212139218,-1.12855521751064,418
1419.49353027344,49,18,59,32,36.9484618718257,-1.12855521751064,495
1356.04016113281,47,13,74,7,37.0088780215338,-1.12855521751064,386
1338.40185546875,42,12,74,1,37.0401277541415,-1.12855521751064,528
1276.35070800781,44,11,71,1,37.069294171242,-1.12855521751064,545
1093.31665039062,47,12,71,0,37.1151271123999,-1.12855521751064,595
1089.69274902344,46,9,71,1,37.1192937434143,-1.12855521751064,594
1011.71990966797,43,9,70,1,37.1422102139933,-1.12855521751064,446
935.624389648438,45,8,70,15,37.1776265776153,-1.12855521751064,431
935.624389648438,45,8,70,15,37.1797098931225,-1.12855521751064,434
795.637268066406,38,13,67,0,36.5713817650264,-1.13063857154712,753
1299.65148925781,47,19,60,9,36.6172147061843,-1.13063857154712,697
1797.33532714844,43,30,57,13,36.660964331835,-1.13063857154712,615
1797.33532714844,43,30,57,13,36.6651309628494,-1.13063857154712,601
1794.20336914062,43,32,55,34,36.6755475403853,-1.13063857154712,539
1781.57824707031,41,38,51,43,36.6984640109643,-1.13063857154712,451
1783.29174804688,42,39,52,53,36.7047139574858,-1.13063857154712,458
1800.79174804688,43,42,55,47,36.7213804815432,-1.13063857154712,384
1808.1123046875,44,40,57,17,36.7276304280648,-1.13063857154712,432
1802.32263183594,46,35,55,28,36.7484635831365,-1.13063857154712,436
1774.0302734375,51,32,56,15,36.7692967382083,-1.13063857154712,424
1729.8837890625,49,30,55,43,36.7942965242945,-1.13063857154712,479
1710.46594238281,50,34,57,41,36.835962834438,-1.13063857154712,562
1710.46594238281,50,34,57,41,36.8422127809596,-1.13063857154712,536
1575.0888671875,47,28,57,16,36.8755458290744,-1.13063857154712,565
1549.87329101562,48,25,56,22,36.8859624066103,-1.13063857154712,532
1490.25378417969,49,25,58,19,36.9130455082036,-1.13063857154712,476
1490.25378417969,49,25,58,19,36.917212139218,-1.13063857154712,448
1472.00317382812,49,23,58,13,36.9192954547252,-1.13063857154712,426
1472.00317382812,49,23,58,13,36.9234620857395,-1.13063857154712,398
1472.00317382812,49,23,58,13,36.9255454012467,-1.13063857154712,409
1410.77416992188,48,15,72,7,36.9734616579118,-1.13063857154712,534
1405.61840820312,48,15,73,9,36.9797116044333,-1.13063857154712,443
1405.61840820312,48,15,73,9,36.9838782354477,-1.13063857154712,428
1356.04016113281,47,13,74,7,37.0026280750123,-1.13063857154712,481
1350.08764648438,44,15,73,2,37.0151279680554,-1.13063857154712,419
1339.73937988281,45,14,74,9,37.0255445455913,-1.13063857154712,445
1336.70764160156,45,11,74,3,37.03387780762,-1.13063857154712,472
1163.716796875,45,11,72,22,37.0901273263138,-1.13063857154712,575
1105.16271972656,47,14,72,15,37.0963772728353,-1.13063857154712,607
1084.67944335938,47,10,71,13,37.1067938503712,-1.13063857154712,678
978.748413085938,45,9,71,10,37.1463768450076,-1.13063857154712,502
963.755920410156,46,12,69,6,37.1567934225435,-1.13063857154712,494
963.755920410156,46,12,69,6,37.1588767380507,-1.13063857154712,527
810.634338378906,39,14,66,5,36.5755483960407,-1.13272192558359,704
1236.92065429688,44,16,64,2,36.5859649735766,-1.13272192558359,709
1236.92065429688,44,16,64,2,36.5922149200982,-1.13272192558359,724
1337.71728515625,44,18,60,8,36.6026314976341,-1.13272192558359,710
1300.39477539062,47,20,60,11,36.6172147061843,-1.13272192558359,713
1682.48999023438,47,22,58,16,36.6380478612561,-1.13272192558359,616
1792.52600097656,41,39,54,20,36.6651309628494,-1.13272192558359,588
1778.54809570312,41,38,55,23,36.6817974869068,-1.13272192558359,471
1778.54809570312,41,38,55,23,36.683880802414,-1.13272192558359,461
1769.10852050781,42,31,54,31,36.6922140644427,-1.13272192558359,459
1753.03479003906,43,36,54,15,36.7088805885002,-1.13272192558359,433
1766.42272949219,46,32,54,27,36.742213636615,-1.13272192558359,491
1776.85327148438,47,38,55,20,36.7463802676294,-1.13272192558359,457
1743.32861328125,50,28,57,33,36.7901298932801,-1.13272192558359,474
1743.32861328125,50,28,57,33,36.7922132087873,-1.13272192558359,477
1726.67504882812,50,34,55,39,36.8130463638591,-1.13272192558359,460
1728.81787109375,50,35,56,18,36.8317962034237,-1.13272192558359,550
1720.01916503906,51,40,58,14,36.8401294654524,-1.13272192558359,554
1720.01916503906,51,40,58,14,36.8422127809596,-1.13272192558359,526
1699.78503417969,49,30,58,18,36.8484627274811,-1.13272192558359,499
1660.5244140625,50,32,57,16,36.8547126740026,-1.13272192558359,533
1498.03601074219,51,23,57,17,36.9088788771893,-1.13272192558359,481
1459.99670410156,47,21,63,22,36.9213787702324,-1.13272192558359,404
1446.38195800781,46,20,64,11,36.9338786632754,-1.13272192558359,419
1414.41857910156,49,18,66,9,36.9505451873328,-1.13272192558359,472
1388.66979980469,46,13,70,3,36.9734616579118,-1.13272192558359,483
1337.328125,44,14,73,3,37.0172112835626,-1.13272192558359,436
1311.11840820312,47,12,74,2,37.03387780762,-1.13272192558359,490
1306.53784179688,44,12,73,3,37.0359611231272,-1.13272192558359,500
1129.94323730469,44,10,72,4,37.1067938503712,-1.13272192558359,579
996.003356933594,46,9,73,14,37.127627005443,-1.13272192558359,598
930.378662109375,47,8,73,7,37.1463768450076,-1.13272192558359,522
953.779052734375,45,11,73,13,37.1567934225435,-1.13272192558359,579
697.236694335938,37,15,70,1,36.5422153479259,-1.13480527962007,800
704.957824707031,38,14,70,3,36.5547152409689,-1.13480527962007,787
996.325500488281,43,16,65,1,36.5817983425623,-1.13480527962007,727
1236.92065429688,44,16,64,2,36.5859649735766,-1.13480527962007,724
1351.53869628906,44,17,62,8,36.5942982356053,-1.13480527962007,743
1319.89599609375,49,20,60,20,36.6192980216915,-1.13480527962007,781
1319.89599609375,49,20,60,20,36.6213813371987,-1.13480527962007,723
1769.10852050781,42,31,54,31,36.6880474334284,-1.13480527962007,458
1753.03479003906,43,36,54,15,36.7088805885002,-1.13480527962007,439
1756.11206054688,44,35,55,27,36.7338803745863,-1.13480527962007,464
1766.42272949219,46,32,54,27,36.742213636615,-1.13480527962007,484
1766.34008789062,50,33,56,12,36.7734633692227,-1.13480527962007,471
1724.94567871094,50,34,57,16,36.8047131018304,-1.13480527962007,539
1726.67504882812,50,34,55,39,36.8109630483519,-1.13480527962007,489
1699.78503417969,49,30,58,18,36.8463794119739,-1.13480527962007,498
1699.78503417969,49,30,58,18,36.8505460429883,-1.13480527962007,521
1543.6123046875,48,27,59,15,36.881795775596,-1.13480527962007,579
1384.47985839844,48,16,73,5,36.9651283958831,-1.13480527962007,471
1355.33483886719,46,15,74,7,37.0005447595051,-1.13480527962007,406
1307.31628417969,43,12,75,0,37.0484610161702,-1.13480527962007,511
1256.89172363281,43,11,70,1,37.0817940642851,-1.13480527962007,479
942.937133789062,46,10,71,10,37.1422102139933,-1.13480527962007,531
953.779052734375,45,11,73,13,37.1588767380507,-1.13480527962007,494
996.344421386719,42,11,72,4,37.1713766310938,-1.13480527962007,450
697.236694335938,37,15,70,1,36.5422153479259,-1.13688863365654,807
704.957824707031,38,14,70,3,36.5526319254618,-1.13688863365654,834
810.634338378906,39,14,66,5,36.5755483960407,-1.13688863365654,699
1337.71728515625,44,18,60,8,36.6026314976341,-1.13688863365654,706
1790.02099609375,45,37,56,19,36.6505477542992,-1.13688863365654,662
1784.47192382812,41,37,54,35,36.6692975938638,-1.13688863365654,556
1747.00793457031,44,37,56,44,36.7255471125576,-1.13688863365654,547
1776.15686035156,48,28,58,22,36.7609634761796,-1.13688863365654,474
1776.15686035156,48,28,58,22,36.7630467916868,-1.13688863365654,475
1776.15686035156,48,28,58,22,36.7672134227011,-1.13688863365654,463
1766.34008789062,50,33,56,12,36.7713800537155,-1.13688863365654,472
1766.34008789062,50,33,56,12,36.7755466847299,-1.13688863365654,485
1730.7568359375,50,38,55,41,36.800546470816,-1.13688863365654,544
1724.94567871094,50,34,57,16,36.8047131018304,-1.13688863365654,544
1726.67504882812,50,34,55,39,36.8172129948734,-1.13688863365654,496
1660.5244140625,50,32,57,16,36.8526293584955,-1.13688863365654,563
1498.03601074219,51,23,57,17,36.9047122461749,-1.13688863365654,508
1459.99670410156,47,21,63,22,36.9234620857395,-1.13688863365654,461
1446.38195800781,46,20,64,11,36.9276287167539,-1.13688863365654,439
1432.92297363281,49,21,64,18,36.9380452942898,-1.13688863365654,439
1391.77514648438,46,14,75,3,36.9838782354477,-1.13688863365654,452
1377.89489746094,45,14,74,5,36.9901281819692,-1.13688863365654,454
1343.39831542969,45,13,71,2,37.0026280750123,-1.13688863365654,434
1343.39831542969,45,13,71,2,37.0047113905195,-1.13688863365654,442
1343.39831542969,45,13,71,2,37.0067947060267,-1.13688863365654,444
1337.328125,44,14,73,3,37.0151279680554,-1.13688863365654,504
1307.31628417969,43,12,75,0,37.0484610161702,-1.13688863365654,522
1307.28784179688,44,11,73,5,37.0526276471846,-1.13688863365654,542
1307.28784179688,44,11,73,5,37.0547109626918,-1.13688863365654,558
1302.86669921875,45,11,73,3,37.0651275402277,-1.13688863365654,512
1256.89172363281,43,11,70,1,37.0838773797923,-1.13688863365654,506
1129.94323730469,44,10,72,4,37.1067938503712,-1.13688863365654,541
1111.14562988281,44,9,73,9,37.1130437968928,-1.13688863365654,521
930.378662109375,47,8,73,7,37.150543476022,-1.13688863365654,464
921.231323242188,44,10,72,2,37.185959839644,-1.13688863365654,489
704.957824707031,38,14,70,3,36.5547152409689,-1.13897198769301,844
1300.39477539062,47,20,60,11,36.6172147061843,-1.13897198769301,720
1682.48999023438,47,22,58,16,36.6422144922704,-1.13897198769301,691
1792.52600097656,41,39,54,20,36.6672142783566,-1.13897198769301,540
1760.72131347656,43,36,53,12,36.6984640109643,-1.13897198769301,433
1753.03479003906,43,36,54,15,36.7088805885002,-1.13897198769301,481
1745.35241699219,44,37,55,53,36.7172138505289,-1.13897198769301,462
1766.42272949219,46,32,54,27,36.742213636615,-1.13897198769301,492
1776.85327148438,47,38,55,20,36.7484635831365,-1.13897198769301,489
1776.15686035156,48,28,58,22,36.765130107194,-1.13897198769301,475
1743.32861328125,50,28,57,33,36.7859632622658,-1.13897198769301,471
1729.58776855469,50,33,57,17,36.8255462569021,-1.13897198769301,520
1720.01916503906,51,40,58,14,36.8401294654524,-1.13897198769301,526
1699.78503417969,49,30,58,18,36.8463794119739,-1.13897198769301,534
1699.78503417969,49,30,58,18,36.8484627274811,-1.13897198769301,549
1660.5244140625,50,32,57,16,36.8526293584955,-1.13897198769301,580
1530.77587890625,51,29,61,8,36.8859624066103,-1.13897198769301,590
1498.03601074219,51,23,57,17,36.9026289306677,-1.13897198769301,507
1498.03601074219,51,23,57,17,36.9047122461749,-1.13897198769301,514
1459.99670410156,47,21,63,22,36.9255454012467,-1.13897198769301,478
1432.92297363281,49,21,64,18,36.9380452942898,-1.13897198769301,479
1414.41857910156,49,18,66,9,36.9484618718257,-1.13897198769301,424
1343.39831542969,45,13,71,2,37.0088780215338,-1.13897198769301,472
1311.11840820312,47,12,74,2,37.03387780762,-1.13897198769301,503
1307.28784179688,44,11,73,5,37.056794278199,-1.13897198769301,577
1307.28784179688,44,11,73,5,37.0588775937061,-1.13897198769301,585
1287.91943359375,44,12,71,3,37.069294171242,-1.13897198769301,536
930.378662109375,47,8,73,7,37.150543476022,-1.13897198769301,476
953.779052734375,45,11,73,13,37.1567934225435,-1.13897198769301,462
952.613403320312,44,10,71,20,37.1797098931225,-1.13897198769301,472
1345.9462890625,44,15,64,4,36.5963815511125,-1.14105534172949,678
1319.85583496094,47,19,60,8,36.6130480751699,-1.14105534172949,685
1293.75341796875,47,20,59,13,36.625547968213,-1.14105534172949,668
1418.7587890625,46,20,58,16,36.6317979147345,-1.14105534172949,607
1804.57019042969,40,35,57,34,36.6588810163279,-1.14105534172949,668
1776.00305175781,43,37,54,54,36.683880802414,-1.14105534172949,488
1761.39685058594,42,35,54,34,36.6901307489355,-1.14105534172949,542
1745.19909667969,43,43,54,51,36.7005473264714,-1.14105534172949,411
1686.11328125,48,29,57,16,36.7276304280648,-1.14105534172949,526
1716.73559570312,49,32,57,14,36.7401303211078,-1.14105534172949,538
1759.08569335938,48,28,57,2,36.7442969521222,-1.14105534172949,451
1759.08569335938,48,28,57,2,36.7505468986437,-1.14105534172949,452
1728.64416503906,51,28,56,24,36.7922132087873,-1.14105534172949,481
1697.66967773438,48,33,58,25,36.8505460429883,-1.14105534172949,593
1493.21911621094,50,23,58,15,36.894295668639,-1.14105534172949,536
1473.37817382812,51,24,59,9,36.9047122461749,-1.14105534172949,497
1449.35131835938,47,21,65,2,36.9130455082036,-1.14105534172949,457
1413.51611328125,48,17,73,10,36.9463785563185,-1.14105534172949,457
1369.02795410156,45,14,74,6,36.9651283958831,-1.14105534172949,444
1355.4072265625,45,14,74,6,36.9859615509549,-1.14105534172949,472
1338.28234863281,43,13,72,4,37.0088780215338,-1.14105534172949,461
1333.24108886719,44,13,74,4,37.0172112835626,-1.14105534172949,538
1317.30505371094,44,13,74,4,37.0234612300841,-1.14105534172949,544
1268.66186523438,43,11,72,0,37.056794278199,-1.14105534172949,536
1244.00756835938,44,11,72,2,37.0817940642851,-1.14105534172949,526
1147.12231445312,43,10,71,4,37.1130437968928,-1.14105534172949,523
1147.12231445312,43,10,71,4,37.1172104279071,-1.14105534172949,464
1027.044921875,40,11,70,4,37.1713766310938,-1.14105534172949,443
697.271057128906,36,14,70,3,36.5484652944474,-1.14313869576596,724
1418.7587890625,46,20,58,16,36.6297145992274,-1.14313869576596,620
1641.33020019531,44,25,58,19,36.6380478612561,-1.14313869576596,593
1784.83666992188,42,30,55,26,36.6713809093709,-1.14313869576596,539
1745.19909667969,43,43,54,51,36.6984640109643,-1.14313869576596,487
1716.73559570312,49,32,57,14,36.742213636615,-1.14313869576596,480
1759.08569335938,48,28,57,2,36.7442969521222,-1.14313869576596,455
1784.5615234375,48,23,56,12,36.7609634761796,-1.14313869576596,473
1716.59741210938,52,28,58,11,36.7963798398016,-1.14313869576596,483
1716.59741210938,52,28,58,11,36.800546470816,-1.14313869576596,518
1720.45153808594,50,34,56,12,36.8026297863232,-1.14313869576596,515
1727.51538085938,50,36,55,28,36.8130463638591,-1.14313869576596,553
1727.82788085938,49,34,56,34,36.8276295724093,-1.14313869576596,575
1697.66967773438,48,33,58,25,36.8505460429883,-1.14313869576596,564
1662.53662109375,49,36,58,12,36.8547126740026,-1.14313869576596,565
1493.21911621094,50,23,58,15,36.8984622996534,-1.14313869576596,491
1449.35131835938,47,21,65,2,36.917212139218,-1.14313869576596,488
1434.51293945312,43,20,62,7,36.9234620857395,-1.14313869576596,490
1425.87231445312,48,19,73,13,36.9380452942898,-1.14313869576596,461
1344.30798339844,44,14,72,0,36.9942948129836,-1.14313869576596,454
1344.30798339844,44,14,72,0,36.9963781284908,-1.14313869576596,458
1344.30798339844,44,14,72,0,37.0005447595051,-1.14313869576596,489
1277.17895507812,44,11,72,2,37.0422110696487,-1.14313869576596,446
1268.66186523438,43,11,72,0,37.0526276471846,-1.14313869576596,469
1244.00756835938,44,11,72,2,37.0776274332707,-1.14313869576596,516
1231.51000976562,44,10,69,1,37.0901273263138,-1.14313869576596,516
1085.09680175781,42,10,71,5,37.1255436899358,-1.14313869576596,555
1011.57843017578,43,10,71,7,37.127627005443,-1.14313869576596,489
1011.57843017578,43,10,71,7,37.1338769519646,-1.14313869576596,505
735.9423828125,39,14,67,0,36.5651318185048,-1.14522204980244,731
826.47607421875,39,16,66,0,36.5713817650264,-1.14522204980244,748
1368.90783691406,45,17,59,9,36.6026314976341,-1.14522204980244,664
1641.33020019531,44,25,58,19,36.6401311767633,-1.14522204980244,642
1780.822265625,43,30,58,35,36.6442978077776,-1.14522204980244,715
1804.57019042969,40,35,57,34,36.6547143853135,-1.14522204980244,663
1761.39685058594,42,35,54,34,36.6880474334284,-1.14522204980244,496
1728.38818359375,44,39,53,50,36.7047139574858,-1.14522204980244,457
1686.11328125,48,29,57,16,36.7338803745863,-1.14522204980244,509
1784.18640136719,48,30,56,14,36.7567968451653,-1.14522204980244,463
1771.29504394531,49,35,55,35,36.7713800537155,-1.14522204980244,488
1716.90454101562,49,36,58,13,36.8422127809596,-1.14522204980244,596
1609.912109375,49,36,58,11,36.8630459360314,-1.14522204980244,558
1558.48791503906,48,27,57,12,36.8713791980601,-1.14522204980244,457
1525.74841308594,48,27,57,15,36.8776291445816,-1.14522204980244,460
1473.37817382812,51,24,59,9,36.9026289306677,-1.14522204980244,504
1473.37817382812,51,24,59,9,36.9088788771893,-1.14522204980244,489
1425.87231445312,48,19,73,13,36.9359619787826,-1.14522204980244,478
1425.87231445312,48,19,73,13,36.940128609797,-1.14522204980244,499
1389.73889160156,45,17,74,11,36.9547118183472,-1.14522204980244,379
1363.06030273438,45,15,74,5,36.9713783424046,-1.14522204980244,440
1363.06030273438,45,15,74,5,36.9734616579118,-1.14522204980244,456
1362.69458007812,45,14,74,9,36.9797116044333,-1.14522204980244,458
1344.30798339844,44,14,72,0,36.9942948129836,-1.14522204980244,452
1333.24108886719,44,13,74,4,37.0172112835626,-1.14522204980244,569
1293.67370605469,45,13,73,10,37.0297111766056,-1.14522204980244,570
1271.33764648438,43,11,71,3,37.0442943851559,-1.14522204980244,459
1271.33764648438,43,11,71,3,37.0463777006631,-1.14522204980244,465
1271.33764648438,43,11,71,3,37.0484610161702,-1.14522204980244,447
966.72607421875,42,9,71,0,37.1401268984861,-1.14522204980244,475
1004.25042724609,40,10,70,0,37.1547101070363,-1.14522204980244,468
1027.044921875,40,11,70,4,37.1692933155866,-1.14522204980244,495
999.3515625,42,15,66,2,36.5776317115479,-1.14730540383891,764
999.3515625,42,15,66,2,36.5838816580694,-1.14730540383891,663
1345.9462890625,44,15,64,4,36.6005481821269,-1.14730540383891,652
1784.83666992188,42,30,55,26,36.6755475403853,-1.14730540383891,535
1759.08569335938,48,28,57,2,36.7484635831365,-1.14730540383891,467
1771.29504394531,49,35,55,35,36.7755466847299,-1.14730540383891,484
1750.69506835938,50,38,54,37,36.7797133157442,-1.14730540383891,496
1750.69506835938,50,38,54,37,36.7838799467586,-1.14730540383891,504
1720.45153808594,50,34,56,12,36.8067964173375,-1.14730540383891,547
1727.51538085938,50,36,55,28,36.8130463638591,-1.14730540383891,530
1609.912109375,49,36,58,11,36.8630459360314,-1.14730540383891,570
1558.48791503906,48,27,57,12,36.8734625135672,-1.14730540383891,449
1449.35131835938,47,21,65,2,36.9151288237108,-1.14730540383891,553
1277.17895507812,44,11,72,2,37.0359611231272,-1.14730540383891,521
1268.66186523438,43,11,72,0,37.056794278199,-1.14730540383891,501
1147.12231445312,43,10,71,4,37.1109604813856,-1.14730540383891,579
1085.09680175781,42,10,71,5,37.1213770589215,-1.14730540383891,561
1011.57843017578,43,10,71,7,37.1317936364574,-1.14730540383891,541
966.72607421875,42,9,71,0,37.1401268984861,-1.14730540383891,487
1004.25042724609,40,10,70,0,37.1588767380507,-1.14730540383891,442
745.169799804688,39,14,67,1,36.5630485029977,-1.14938875787539,780
1318.92016601562,46,16,60,4,36.5963815511125,-1.14938875787539,654
1318.92016601562,46,16,60,4,36.5984648666197,-1.14938875787539,677
1320.76184082031,48,22,61,24,36.6213813371987,-1.14938875787539,629
1320.76184082031,48,22,61,24,36.6234646527058,-1.14938875787539,620
1784.02770996094,44,32,55,33,36.6713809093709,-1.14938875787539,619
1710.48022460938,44,38,53,48,36.7026306419786,-1.14938875787539,458
1673.07580566406,49,31,56,17,36.7359636900935,-1.14938875787539,503
1747.97961425781,48,27,57,35,36.7484635831365,-1.14938875787539,440
1787.99853515625,50,36,58,26,36.7588801606724,-1.14938875787539,508
1722.87902832031,52,34,57,52,36.7880465777729,-1.14938875787539,498
1707.11596679688,50,27,57,3,36.8026297863232,-1.14938875787539,458
1716.89758300781,48,31,58,18,36.8109630483519,-1.14938875787539,495
1677.0859375,48,30,59,12,36.8442960964667,-1.14938875787539,559
1677.0859375,48,30,59,12,36.8505460429883,-1.14938875787539,603
1645.294921875,49,28,58,11,36.8526293584955,-1.14938875787539,577
1491.03686523438,48,26,56,16,36.8859624066103,-1.14938875787539,533
1446.06982421875,49,22,63,12,36.9067955616821,-1.14938875787539,481
1416.07360839844,44,23,65,6,36.9109621926965,-1.14938875787539,560
1401.63439941406,42,16,76,0,36.9442952408113,-1.14938875787539,474
1391.16723632812,40,14,76,1,36.95262850284,-1.14938875787539,420
1355.748046875,45,14,74,4,36.9713783424046,-1.14938875787539,512
1333.216796875,45,14,74,1,36.9922114974764,-1.14938875787539,477
1331.41015625,45,13,74,7,37.0047113905195,-1.14938875787539,538
1331.41015625,45,13,74,7,37.0067947060267,-1.14938875787539,540
1315.8447265625,45,13,74,4,37.0192945990697,-1.14938875787539,601
1288.4296875,44,15,76,0,37.0317944921128,-1.14938875787539,556
1262.26123046875,43,11,71,0,37.0401277541415,-1.14938875787539,510
1224.34326171875,43,11,72,1,37.0526276471846,-1.14938875787539,457
1195.78405761719,42,11,73,4,37.0630442247205,-1.14938875787539,571
1187.3759765625,44,12,73,5,37.0797107487779,-1.14938875787539,549
1178.92333984375,45,11,72,4,37.1067938503712,-1.14938875787539,511
1178.92333984375,45,11,72,4,37.1088771658784,-1.14938875787539,531
1144.47570800781,45,10,72,6,37.1109604813856,-1.14938875787539,534
1047.38146972656,43,9,72,5,37.1297103209502,-1.14938875787539,511
1016.39324951172,42,9,71,0,37.1359602674717,-1.14938875787539,451
1034.06591796875,38,10,68,2,37.1734599466009,-1.14938875787539,481
1154.26025390625,46,15,63,14,36.5859649735766,-1.15147211191186,700
1318.92016601562,46,16,60,4,36.5942982356053,-1.15147211191186,667
1363.53125,48,19,62,13,36.6151313906771,-1.15147211191186,698
1410.97277832031,46,20,58,13,36.6338812302417,-1.15147211191186,562
1784.02770996094,44,32,55,33,36.6755475403853,-1.15147211191186,575
1783.00207519531,51,33,56,6,36.7734633692227,-1.15147211191186,523
1701.18823242188,51,34,57,30,36.7963798398016,-1.15147211191186,482
1718.24450683594,49,29,57,20,36.823462941395,-1.15147211191186,557
1677.0859375,48,30,59,12,36.8442960964667,-1.15147211191186,523
1645.294921875,49,28,58,11,36.8547126740026,-1.15147211191186,533
1598.0634765625,49,29,57,26,36.8609626205242,-1.15147211191186,527
1598.0634765625,49,29,57,26,36.8672125670457,-1.15147211191186,541
1549.5859375,48,26,56,15,36.8713791980601,-1.15147211191186,509
1491.03686523438,48,26,56,16,36.8901290376247,-1.15147211191186,479
1446.06982421875,49,22,63,12,36.9067955616821,-1.15147211191186,444
1446.06982421875,49,22,63,12,36.9088788771893,-1.15147211191186,472
1399.89868164062,43,19,64,8,36.9255454012467,-1.15147211191186,495
1401.40954589844,43,18,74,1,36.9380452942898,-1.15147211191186,540
1401.63439941406,42,16,76,0,36.9484618718257,-1.15147211191186,504
1371.81762695312,43,15,74,6,36.9651283958831,-1.15147211191186,488
1333.216796875,45,14,74,1,36.9880448664621,-1.15147211191186,507
1333.216796875,45,14,74,1,36.9901281819692,-1.15147211191186,487
1331.41015625,45,13,74,7,37.0047113905195,-1.15147211191186,543
1243.58081054688,43,11,70,1,37.0484610161702,-1.15147211191186,510
1204.49157714844,45,11,73,6,37.092210641821,-1.15147211191186,512
1200.27416992188,46,12,72,6,37.0984605883425,-1.15147211191186,487
1144.47570800781,45,10,72,6,37.1172104279071,-1.15147211191186,492
1047.38146972656,43,9,72,5,37.1338769519646,-1.15147211191186,484
1022.12603759766,41,11,68,0,37.1463768450076,-1.15147211191186,493
1068.77575683594,39,11,67,1,37.1651266845722,-1.15147211191186,458
1154.26025390625,46,15,63,14,36.5922149200982,-1.15355546594833,692
1394.82702636719,47,19,61,6,36.6088814441556,-1.15355546594833,658
1363.53125,48,19,62,13,36.6109647596628,-1.15355546594833,672
1767.46276855469,42,29,58,18,36.6505477542992,-1.15355546594833,627
1792.5126953125,41,27,58,8,36.660964331835,-1.15355546594833,671
1792.5126953125,41,27,58,8,36.6651309628494,-1.15355546594833,673
1757.47351074219,44,36,53,29,36.6880474334284,-1.15355546594833,580
1757.47351074219,44,36,53,29,36.6922140644427,-1.15355546594833,496
1735.37841796875,43,40,54,60,36.6963806954571,-1.15355546594833,503
1627.84545898438,48,36,55,39,36.7255471125576,-1.15355546594833,514
1673.07580566406,49,31,56,17,36.7359636900935,-1.15355546594833,484
1673.07580566406,49,31,56,17,36.742213636615,-1.15355546594833,486
1747.97961425781,48,27,57,35,36.7463802676294,-1.15355546594833,490
1711.46069335938,49,31,56,14,36.8317962034237,-1.15355546594833,563
1696.66467285156,48,30,58,23,36.835962834438,-1.15355546594833,571
1645.294921875,49,28,58,11,36.858879305017,-1.15355546594833,505
1549.5859375,48,26,56,15,36.8713791980601,-1.15355546594833,530
1514.02416992188,48,27,57,13,36.8776291445816,-1.15355546594833,478
1399.89868164062,43,19,64,8,36.9255454012467,-1.15355546594833,496
1401.40954589844,43,18,74,1,36.9380452942898,-1.15355546594833,569
1371.81762695312,43,15,74,6,36.9651283958831,-1.15355546594833,497
1288.4296875,44,15,76,0,37.03387780762,-1.15355546594833,558
1175.63049316406,43,10,72,1,37.0734608022564,-1.15355546594833,551
1178.92333984375,45,11,72,4,37.1026272193569,-1.15355546594833,450
1144.47570800781,45,10,72,6,37.1151271123999,-1.15355546594833,466
1047.38146972656,43,9,72,5,37.1297103209502,-1.15355546594833,521
1068.77575683594,39,11,67,1,37.1672100000794,-1.15355546594833,465
961.085205078125,39,10,68,0,37.1797098931225,-1.15355546594833,526
672.700622558594,37,12,69,3,36.5380487169115,-1.15563881998481,829
704.235229492188,38,14,68,0,36.5588818719833,-1.15563881998481,744
994.308166503906,43,15,67,1,36.5797150270551,-1.15563881998481,711
1320.76184082031,48,22,61,24,36.6213813371987,-1.15563881998481,692
1410.97277832031,46,20,58,13,36.6338812302417,-1.15563881998481,562
1767.46276855469,42,29,58,18,36.6505477542992,-1.15563881998481,581
1774.48095703125,44,28,55,37,36.6776308558925,-1.15563881998481,579
1774.48095703125,44,28,55,37,36.683880802414,-1.15563881998481,555
1735.37841796875,43,40,54,60,36.7005473264714,-1.15563881998481,475
1783.00207519531,51,33,56,6,36.7692967382083,-1.15563881998481,543
1757.63940429688,51,34,59,13,36.7838799467586,-1.15563881998481,518
1722.87902832031,52,34,57,52,36.7922132087873,-1.15563881998481,506
1701.18823242188,51,34,57,30,36.7984631553088,-1.15563881998481,493
1701.18823242188,51,34,57,30,36.800546470816,-1.15563881998481,497
1716.89758300781,48,31,58,18,36.8109630483519,-1.15563881998481,472
1696.66467285156,48,30,58,23,36.835962834438,-1.15563881998481,551
1645.294921875,49,28,58,11,36.8547126740026,-1.15563881998481,531
1598.0634765625,49,29,57,26,36.8672125670457,-1.15563881998481,479
1446.06982421875,49,22,63,12,36.9026289306677,-1.15563881998481,460
1416.07360839844,44,23,65,6,36.9130455082036,-1.15563881998481,487
1399.89868164062,43,19,64,8,36.9234620857395,-1.15563881998481,534
1399.89868164062,43,19,64,8,36.9255454012467,-1.15563881998481,522
1401.63439941406,42,16,76,0,36.9463785563185,-1.15563881998481,541
1344.03930664062,46,13,73,13,36.9817949199405,-1.15563881998481,524
1333.216796875,45,14,74,1,36.9859615509549,-1.15563881998481,571
1328.60485839844,44,17,74,7,36.9963781284908,-1.15563881998481,535
1331.41015625,45,13,74,7,37.0047113905195,-1.15563881998481,563
1330.80187988281,45,13,73,9,37.0151279680554,-1.15563881998481,561
1243.58081054688,43,11,70,1,37.0442943851559,-1.15563881998481,574
1243.58081054688,43,11,70,1,37.0463777006631,-1.15563881998481,543
1224.34326171875,43,11,72,1,37.0547109626918,-1.15563881998481,486
1187.3759765625,44,12,73,5,37.0776274332707,-1.15563881998481,523
1200.27416992188,46,12,72,6,37.1005439038497,-1.15563881998481,472
1178.92333984375,45,11,72,4,37.1026272193569,-1.15563881998481,451
1097.11962890625,43,10,72,5,37.1255436899358,-1.15563881998481,490
1047.38146972656,43,9,72,5,37.1317936364574,-1.15563881998481,512
1022.12603759766,41,11,68,0,37.1463768450076,-1.15563881998481,506
1068.77575683594,39,11,67,1,37.1651266845722,-1.15563881998481,465
759.1953125,38,17,67,0,36.5609651874905,-1.15772217402128,740
868.853149414062,40,17,68,1,36.5713817650264,-1.15772217402128,737
868.853149414062,40,17,68,1,36.5734650805336,-1.15772217402128,692
1288.50732421875,48,17,61,5,36.5984648666197,-1.15772217402128,705
1611.83081054688,46,27,60,14,36.6380478612561,-1.15772217402128,539
1783.40222167969,43,35,58,11,36.6526310698063,-1.15772217402128,590
1752.85498046875,45,34,55,29,36.6901307489355,-1.15772217402128,510
1664.49267578125,47,33,56,18,36.7172138505289,-1.15772217402128,512
1739.7578125,48,27,58,23,36.7484635831365,-1.15772217402128,504
1788.9130859375,51,29,58,19,36.7630467916868,-1.15772217402128,549
1788.9130859375,51,29,58,19,36.7672134227011,-1.15772217402128,515
1730.65258789062,49,36,57,17,36.7922132087873,-1.15772217402128,503
1695.74060058594,50,31,58,15,36.7942965242945,-1.15772217402128,529
1685.962890625,48,32,57,20,36.8130463638591,-1.15772217402128,533
1684.16394042969,48,24,56,17,36.8192963103806,-1.15772217402128,557
1684.16394042969,48,24,56,17,36.8213796258878,-1.15772217402128,535
1684.16394042969,48,24,56,17,36.823462941395,-1.15772217402128,567
1607.23400878906,47,26,56,17,36.8526293584955,-1.15772217402128,490
1565.10009765625,48,25,56,26,36.8630459360314,-1.15772217402128,493
1478.14953613281,46,24,57,6,36.8880457221175,-1.15772217402128,464
1431.1806640625,48,23,66,32,36.9047122461749,-1.15772217402128,436
1385.80700683594,44,19,66,7,36.9213787702324,-1.15772217402128,513
1377.64489746094,40,17,73,4,36.9442952408113,-1.15772217402128,558
1324.86669921875,45,14,73,4,36.9922114974764,-1.15772217402128,644
1217.99487304688,45,12,73,6,37.0505443316774,-1.15772217402128,552
1177.9521484375,44,11,71,3,37.0526276471846,-1.15772217402128,491
1099.86572265625,43,12,69,2,37.069294171242,-1.15772217402128,487
1099.86572265625,43,12,69,2,37.0755441177636,-1.15772217402128,490
1150.22473144531,46,12,73,5,37.1005439038497,-1.15772217402128,491
1122.95642089844,46,11,73,7,37.1172104279071,-1.15772217402128,510
1070.81372070312,42,11,69,2,37.1526267915292,-1.15772217402128,483
945.315979003906,39,9,72,14,37.1776265776153,-1.15772217402128,499
945.315979003906,39,9,72,14,37.1797098931225,-1.15772217402128,524
650.74755859375,37,14,71,5,36.5401320324187,-1.15980552805776,790
705.334411621094,38,14,68,0,36.5547152409689,-1.15980552805776,750
989.483642578125,44,16,68,7,36.5776317115479,-1.15980552805776,711
989.483642578125,44,16,68,7,36.5838816580694,-1.15980552805776,695
1104.69641113281,46,17,65,8,36.5922149200982,-1.15980552805776,683
1649.16748046875,49,30,56,23,36.7380470056006,-1.15980552805776,461
1649.16748046875,49,30,56,23,36.742213636615,-1.15980552805776,481
1684.72961425781,48,32,58,20,36.8047131018304,-1.15980552805776,534
1685.962890625,48,32,57,20,36.8172129948734,-1.15980552805776,516
1639.64782714844,46,27,57,24,36.8505460429883,-1.15980552805776,447
1478.14953613281,46,24,57,6,36.8901290376247,-1.15980552805776,483
1456.44653320312,48,23,57,21,36.8984622996534,-1.15980552805776,462
1431.1806640625,48,23,66,32,36.9047122461749,-1.15980552805776,490
1382.9013671875,41,16,75,4,36.9547118183472,-1.15980552805776,558
1376.00964355469,43,15,75,7,36.9609617648687,-1.15980552805776,527
1363.04260253906,45,15,73,8,36.9692950268975,-1.15980552805776,556
1310.04187011719,45,14,74,4,36.9942948129836,-1.15980552805776,601
1314.48059082031,46,15,74,7,37.010961337041,-1.15980552805776,588
1281.20727539062,46,14,74,9,37.0317944921128,-1.15980552805776,630
1177.9521484375,44,11,71,3,37.056794278199,-1.15980552805776,577
1132.77062988281,43,12,71,9,37.0651275402277,-1.15980552805776,568
1107.75720214844,44,10,73,7,37.0776274332707,-1.15980552805776,462
1135.26733398438,45,10,73,8,37.0880440108066,-1.15980552805776,492
1135.26733398438,45,10,73,8,37.092210641821,-1.15980552805776,489
1144.87744140625,46,12,73,7,37.1026272193569,-1.15980552805776,515
1122.95642089844,46,11,73,7,37.1130437968928,-1.15980552805776,536
1045.48559570312,45,10,72,3,37.1422102139933,-1.15980552805776,461
1070.81372070312,42,11,69,2,37.1547101070363,-1.15980552805776,519
681.929016113281,37,14,69,0,36.5463819789402,-1.16188888209423,803
868.853149414062,40,17,68,1,36.5692984495192,-1.16188888209423,726
1104.69641113281,46,17,65,8,36.5880482890838,-1.16188888209423,742
1104.69641113281,46,17,65,8,36.590131604591,-1.16188888209423,732
1288.50732421875,48,17,61,5,36.5984648666197,-1.16188888209423,697
1380.96203613281,47,22,61,12,36.6192980216915,-1.16188888209423,698
1783.40222167969,43,35,58,11,36.6526310698063,-1.16188888209423,602
1780.35437011719,43,27,59,18,36.660964331835,-1.16188888209423,589
1765.57531738281,45,31,53,46,36.6817974869068,-1.16188888209423,571
1752.85498046875,45,34,55,29,36.6901307489355,-1.16188888209423,543
1736.32092285156,45,36,53,54,36.6963806954571,-1.16188888209423,532
1736.32092285156,45,36,53,54,36.6984640109643,-1.16188888209423,522
1712.07922363281,46,40,55,82,36.706797272993,-1.16188888209423,469
1664.49267578125,47,33,56,18,36.7109639040073,-1.16188888209423,463
1664.49267578125,47,33,56,18,36.7172138505289,-1.16188888209423,513
1597.25830078125,49,31,54,49,36.7234637970504,-1.16188888209423,514
1730.65258789062,49,36,57,17,36.7880465777729,-1.16188888209423,490
1685.962890625,48,32,57,20,36.8130463638591,-1.16188888209423,537
1684.16394042969,48,24,56,17,36.8213796258878,-1.16188888209423,494
1676.244140625,47,29,58,18,36.8338795189309,-1.16188888209423,545
1660.45532226562,47,27,56,12,36.835962834438,-1.16188888209423,528
1528.44885253906,48,24,58,23,36.8692958825529,-1.16188888209423,437
1403.8642578125,46,24,70,13,36.9109621926965,-1.16188888209423,456
1375.80590820312,43,18,69,12,36.9338786632754,-1.16188888209423,517
1371.44519042969,41,18,72,3,36.9422119253041,-1.16188888209423,570
1377.64489746094,40,17,73,4,36.9463785563185,-1.16188888209423,543
1324.86669921875,45,14,73,4,36.9880448664621,-1.16188888209423,559
1314.48059082031,46,15,74,7,37.0151279680554,-1.16188888209423,610
1305.31066894531,47,15,74,11,37.0192945990697,-1.16188888209423,613
1177.9521484375,44,11,71,3,37.0526276471846,-1.16188888209423,643
1135.26733398438,45,10,73,8,37.0901273263138,-1.16188888209423,498
1069.01513671875,40,10,70,4,37.1609600535579,-1.16188888209423,533
681.929016113281,37,14,69,0,36.5484652944474,-1.1639722361307,785
989.483642578125,44,16,68,7,36.5797150270551,-1.1639722361307,720
989.483642578125,44,16,68,7,36.5838816580694,-1.1639722361307,716
1104.69641113281,46,17,65,8,36.5880482890838,-1.1639722361307,794
1104.69641113281,46,17,65,8,36.5922149200982,-1.1639722361307,708
1288.50732421875,48,17,61,5,36.5963815511125,-1.1639722361307,698
1783.40222167969,43,35,58,11,36.6547143853135,-1.1639722361307,563
1752.85498046875,45,34,55,29,36.6901307489355,-1.1639722361307,529
1664.49267578125,47,33,56,18,36.7109639040073,-1.1639722361307,487
1576.96215820312,50,42,54,57,36.7297137435719,-1.1639722361307,518
1576.96215820312,50,42,54,57,36.7317970590791,-1.1639722361307,513
1649.16748046875,49,30,56,23,36.7401303211078,-1.1639722361307,524
1739.7578125,48,27,58,23,36.7505468986437,-1.1639722361307,518
1781.47216796875,49,28,60,33,36.7588801606724,-1.1639722361307,544
1730.65258789062,49,36,57,17,36.7922132087873,-1.1639722361307,501
1676.244140625,47,29,58,18,36.8297128879165,-1.1639722361307,552
1478.14953613281,46,24,57,6,36.8880457221175,-1.1639722361307,458
1478.14953613281,46,24,57,6,36.8922123531319,-1.1639722361307,449
1431.1806640625,48,23,66,32,36.9088788771893,-1.1639722361307,460
1375.80590820312,43,18,69,12,36.9297120322611,-1.1639722361307,498
1371.44519042969,41,18,72,3,36.940128609797,-1.1639722361307,582
1363.04260253906,45,15,73,8,36.9713783424046,-1.1639722361307,539
1346.421875,46,14,73,8,36.9797116044333,-1.1639722361307,551
1310.04187011719,45,14,74,4,36.998461443998,-1.1639722361307,551
1310.62524414062,45,14,74,8,37.0026280750123,-1.1639722361307,585
1310.62524414062,45,14,74,8,37.0067947060267,-1.1639722361307,577
1314.48059082031,46,15,74,7,37.010961337041,-1.1639722361307,600
1314.48059082031,46,15,74,7,37.0151279680554,-1.1639722361307,679
1305.31066894531,47,15,74,11,37.0192945990697,-1.1639722361307,662
1144.87744140625,46,12,73,7,37.1067938503712,-1.1639722361307,502
1094.55895996094,45,11,73,6,37.1192937434143,-1.1639722361307,520
1065.02856445312,45,11,73,5,37.1338769519646,-1.1639722361307,481
1045.48559570312,45,10,72,3,37.1401268984861,-1.1639722361307,480
1045.48559570312,45,10,72,3,37.1422102139933,-1.1639722361307,476
1069.01513671875,40,10,70,4,37.1609600535579,-1.1639722361307,528
1069.01513671875,40,10,70,4,37.1630433690651,-1.1639722361307,527
1069.01513671875,40,10,70,4,37.1672100000794,-1.1639722361307,504
670.580932617188,37,14,69,2,36.5484652944474,-1.16605559016718,802
881.319396972656,41,16,67,2,36.5755483960407,-1.16605559016718,706
978.753967285156,45,17,68,9,36.5817983425623,-1.16605559016718,752
1070.79968261719,45,19,63,7,36.590131604591,-1.16605559016718,753
1263.86572265625,47,18,63,6,36.6005481821269,-1.16605559016718,684
1424.30615234375,48,18,62,9,36.6067981286484,-1.16605559016718,678
1474.81848144531,48,21,60,20,36.6317979147345,-1.16605559016718,674
1754.93347167969,45,29,58,21,36.6547143853135,-1.16605559016718,564
1756.72888183594,46,25,57,31,36.660964331835,-1.16605559016718,550
1756.72888183594,46,25,57,31,36.6630476473422,-1.16605559016718,576
1753.86962890625,46,27,59,16,36.6755475403853,-1.16605559016718,618
1742.30529785156,47,27,56,22,36.6859641179212,-1.16605559016718,564
1742.30529785156,47,27,56,22,36.6922140644427,-1.16605559016718,521
1740.49328613281,46,26,55,25,36.6963806954571,-1.16605559016718,518
1603.36804199219,49,32,55,66,36.7213804815432,-1.16605559016718,510
1762.54406738281,52,28,57,21,36.7588801606724,-1.16605559016718,554
1763.90991210938,52,33,57,15,36.7734633692227,-1.16605559016718,560
1721.7236328125,50,34,57,24,36.7901298932801,-1.16605559016718,518
1656.65563964844,46,32,58,19,36.8067964173375,-1.16605559016718,524
1622.99060058594,45,26,56,15,36.8380461499452,-1.16605559016718,522
1622.99060058594,45,26,56,15,36.8401294654524,-1.16605559016718,504
1516.65600585938,47,24,58,16,36.8713791980601,-1.16605559016718,462
1367.69458007812,43,16,73,0,36.95262850284,-1.16605559016718,531
1367.44116210938,44,16,72,4,36.9630450803759,-1.16605559016718,493
1324.30346679688,44,15,73,6,36.9859615509549,-1.16605559016718,529
1271.48999023438,46,14,74,7,37.0234612300841,-1.16605559016718,585
1119.48779296875,44,10,72,5,37.0609609092133,-1.16605559016718,551
1119.48779296875,44,10,72,5,37.0630442247205,-1.16605559016718,518
1119.48779296875,44,10,72,5,37.0651275402277,-1.16605559016718,501
1099.61279296875,45,12,73,5,37.1088771658784,-1.16605559016718,498
1058.8505859375,46,11,74,6,37.1401268984861,-1.16605559016718,489
1058.8505859375,46,11,74,6,37.1422102139933,-1.16605559016718,491
1062.27551269531,44,11,73,5,37.1463768450076,-1.16605559016718,504
1066.4609375,43,12,72,5,37.1588767380507,-1.16605559016718,521
986.916137695312,40,10,70,2,37.1713766310938,-1.16605559016718,506
770.11328125,38,15,67,0,36.5651318185048,-1.16813894420365,754
881.319396972656,41,16,67,2,36.5755483960407,-1.16813894420365,712
1459.07788085938,48,19,61,9,36.6151313906771,-1.16813894420365,730
1438.91711425781,48,21,61,10,36.6213813371987,-1.16813894420365,665
1601.68640136719,48,22,59,29,36.6380478612561,-1.16813894420365,668
1601.68640136719,48,22,59,29,36.6401311767633,-1.16813894420365,643
1756.72888183594,46,25,57,31,36.660964331835,-1.16813894420365,526
1747.1591796875,47,23,58,15,36.6797141713997,-1.16813894420365,635
1603.36804199219,49,32,55,66,36.7255471125576,-1.16813894420365,519
1763.90991210938,52,33,57,15,36.7692967382083,-1.16813894420365,564
1750.09826660156,51,38,57,17,36.7817966312514,-1.16813894420365,545
1683.57214355469,50,32,56,34,36.800546470816,-1.16813894420365,525
1646.14660644531,46,23,56,23,36.8192963103806,-1.16813894420365,526
1638.41833496094,45,25,57,12,36.8276295724093,-1.16813894420365,576
1638.41833496094,45,25,57,12,36.8297128879165,-1.16813894420365,545
1516.65600585938,47,24,58,16,36.8713791980601,-1.16813894420365,465
1439.32312011719,48,24,64,15,36.8984622996534,-1.16813894420365,509
1364.00158691406,42,18,70,7,36.9359619787826,-1.16813894420365,480
1364.00158691406,42,18,70,7,36.940128609797,-1.16813894420365,498
1361.6953125,42,18,70,5,36.9484618718257,-1.16813894420365,534
1367.69458007812,43,16,73,0,36.9588784493616,-1.16813894420365,508
1360.99621582031,44,16,73,7,36.9713783424046,-1.16813894420365,529
1324.30346679688,44,15,73,6,36.9880448664621,-1.16813894420365,554
1287.48303222656,44,14,73,8,37.0047113905195,-1.16813894420365,512
1271.48999023438,46,14,74,7,37.0213779145769,-1.16813894420365,595
1247.8291015625,46,13,73,8,37.0297111766056,-1.16813894420365,615
1151.61401367188,45,11,72,1,37.056794278199,-1.16813894420365,570
1119.48779296875,44,10,72,5,37.0651275402277,-1.16813894420365,509
1077.46545410156,44,12,70,7,37.0859606952994,-1.16813894420365,584
1058.8505859375,46,11,74,6,37.1401268984861,-1.16813894420365,504
1062.27551269531,44,11,73,5,37.1484601605148,-1.16813894420365,518
1066.4609375,43,12,72,5,37.1588767380507,-1.16813894420365,522
986.916137695312,40,10,70,2,37.1755432621081,-1.16813894420365,520
881.319396972656,41,16,67,2,36.5734650805336,-1.17022229824013,693
1438.91711425781,48,21,61,10,36.625547968213,-1.17022229824013,634
1474.81848144531,48,21,60,20,36.6317979147345,-1.17022229824013,636
1719.13012695312,46,40,56,16,36.648464438792,-1.17022229824013,682
1756.72888183594,46,25,57,31,36.6630476473422,-1.17022229824013,556
1753.86962890625,46,27,59,16,36.6692975938638,-1.17022229824013,541
1753.86962890625,46,27,59,16,36.6713809093709,-1.17022229824013,551
1742.30529785156,47,27,56,22,36.6922140644427,-1.17022229824013,548
1725.50244140625,46,33,55,20,36.7026306419786,-1.17022229824013,517
1572.23461914062,49,37,56,62,36.7338803745863,-1.17022229824013,532
1750.09826660156,51,38,57,17,36.777630000237,-1.17022229824013,550
1750.09826660156,51,38,57,17,36.7797133157442,-1.17022229824013,575
1750.09826660156,51,38,57,17,36.7817966312514,-1.17022229824013,594
1649.00305175781,47,28,57,16,36.8130463638591,-1.17022229824013,538
1646.14660644531,46,23,56,23,36.8255462569021,-1.17022229824013,533
1516.65600585938,47,24,58,16,36.8755458290744,-1.17022229824013,505
1421.73510742188,49,23,69,8,36.9088788771893,-1.17022229824013,525
1324.30346679688,44,15,73,6,36.9922114974764,-1.17022229824013,523
1299.427734375,44,15,70,12,37.0005447595051,-1.17022229824013,553
1271.48999023438,46,14,74,7,37.0255445455913,-1.17022229824013,570
1217.49658203125,46,13,73,8,37.0401277541415,-1.17022229824013,567
1184.4189453125,46,13,71,3,37.0484610161702,-1.17022229824013,555
1151.61401367188,45,11,72,1,37.0588775937061,-1.17022229824013,588
1099.61279296875,45,12,73,5,37.1067938503712,-1.17022229824013,534
1095.17211914062,47,11,74,10,37.1151271123999,-1.17022229824013,534
1082.03112792969,48,11,74,4,37.1255436899358,-1.17022229824013,588
1062.27551269531,44,11,73,5,37.150543476022,-1.17022229824013,503
634.015563964844,36,16,72,0,36.5359654014043,-1.1723056522766,827
634.015563964844,36,16,72,0,36.5422153479259,-1.1723056522766,812
881.319396972656,41,16,67,2,36.5692984495192,-1.1723056522766,714
1070.79968261719,45,19,63,7,36.5859649735766,-1.1723056522766,738
1424.30615234375,48,18,62,9,36.6026314976341,-1.1723056522766,695
1438.91711425781,48,21,61,10,36.6192980216915,-1.1723056522766,715
1754.93347167969,45,29,58,21,36.6526310698063,-1.1723056522766,588
1678.08312988281,48,38,53,41,36.7151305350217,-1.1723056522766,513
1603.36804199219,49,32,55,66,36.7234637970504,-1.1723056522766,538
1636.02014160156,49,34,58,19,36.742213636615,-1.1723056522766,540
1649.00305175781,47,28,57,16,36.8130463638591,-1.1723056522766,553
1649.00305175781,47,28,57,16,36.8151296793663,-1.1723056522766,570
1638.41833496094,45,25,57,12,36.8338795189309,-1.1723056522766,497
1603.21057128906,44,26,56,21,36.8463794119739,-1.1723056522766,475
1489.60681152344,48,23,56,11,36.881795775596,-1.1723056522766,531
1421.73510742188,49,23,69,8,36.9088788771893,-1.1723056522766,523
1364.00158691406,42,18,70,7,36.940128609797,-1.1723056522766,502
1361.6953125,42,18,70,5,36.9505451873328,-1.1723056522766,491
1367.44116210938,44,16,72,4,36.9630450803759,-1.1723056522766,510
1360.99621582031,44,16,73,7,36.9734616579118,-1.1723056522766,506
1283.10217285156,45,14,74,7,37.0130446525482,-1.1723056522766,495
1247.8291015625,46,13,73,8,37.0317944921128,-1.1723056522766,528
1184.4189453125,46,13,71,3,37.0463777006631,-1.1723056522766,566
1074.3837890625,45,11,70,10,37.0817940642851,-1.1723056522766,564
1062.27551269531,44,11,73,5,37.1442935295004,-1.1723056522766,520
1044.28918457031,41,10,69,2,37.1630433690651,-1.1723056522766,518
986.916137695312,40,10,70,2,37.1713766310938,-1.1723056522766,543
986.916137695312,40,10,70,2,37.1734599466009,-1.1723056522766,532
622.188049316406,36,15,71,1,36.5380487169115,-1.17438900631308,805
964.521362304688,44,16,66,4,36.5776317115479,-1.17438900631308,710
1478.83032226562,50,22,60,18,36.6213813371987,-1.17438900631308,700
1478.83032226562,50,22,60,18,36.625547968213,-1.17438900631308,662
1687.68249511719,48,22,58,15,36.648464438792,-1.17438900631308,620
1687.68249511719,48,22,58,15,36.6505477542992,-1.17438900631308,595
1725.49572753906,49,23,59,17,36.6692975938638,-1.17438900631308,625
1719.990234375,48,25,57,17,36.6901307489355,-1.17438900631308,549
1588.650390625,50,31,57,30,36.7338803745863,-1.17438900631308,529
1619.86328125,52,32,56,17,36.742213636615,-1.17438900631308,511
1723.28796386719,50,32,56,24,36.7755466847299,-1.17438900631308,576
1565.31005859375,47,24,54,43,36.8526293584955,-1.17438900631308,460
1355.93579101562,45,21,71,10,36.9484618718257,-1.17438900631308,494
1349.59130859375,45,17,70,5,36.95262850284,-1.17438900631308,510
1338.62158203125,48,17,73,6,36.9692950268975,-1.17438900631308,495
1338.62158203125,48,17,73,6,36.9713783424046,-1.17438900631308,486
1315.60375976562,45,16,72,1,36.9859615509549,-1.17438900631308,586
1315.60375976562,45,16,72,1,36.9901281819692,-1.17438900631308,569
1226.47033691406,43,12,71,13,37.0213779145769,-1.17438900631308,489
1202.86645507812,44,11,71,11,37.0317944921128,-1.17438900631308,527
1136.42797851562,45,10,71,5,37.0713774867492,-1.17438900631308,552
1089.8583984375,45,12,68,8,37.0859606952994,-1.17438900631308,588
1065.91381835938,45,11,70,5,37.0942939573282,-1.17438900631308,546
1059.84838867188,46,12,74,9,37.1359602674717,-1.17438900631308,514
1060.11743164062,44,12,72,5,37.1442935295004,-1.17438900631308,523
1045.20935058594,42,10,70,5,37.1526267915292,-1.17438900631308,583
1045.20935058594,42,10,70,5,37.1588767380507,-1.17438900631308,520
1004.80529785156,41,10,69,5,37.1651266845722,-1.17438900631308,507
701.548645019531,38,15,68,0,36.5526319254618,-1.17647236034955,757
701.548645019531,38,15,68,0,36.5547152409689,-1.17647236034955,776
770.575500488281,39,16,67,4,36.5651318185048,-1.17647236034955,702
964.521362304688,44,16,66,4,36.5776317115479,-1.17647236034955,695
1269.00512695312,47,19,61,10,36.5942982356053,-1.17647236034955,666
1445.83337402344,49,19,59,10,36.6047148131412,-1.17647236034955,723
1496.42529296875,48,20,62,9,36.6130480751699,-1.17647236034955,703
1496.42529296875,48,20,62,9,36.6151313906771,-1.17647236034955,710
1727.96667480469,49,24,59,22,36.6630476473422,-1.17647236034955,593
1719.990234375,48,25,57,17,36.6859641179212,-1.17647236034955,563
1626.47143554688,50,28,56,19,36.7213804815432,-1.17647236034955,498
1588.650390625,50,31,57,30,36.7297137435719,-1.17647236034955,505
1619.86328125,52,32,56,17,36.7359636900935,-1.17647236034955,523
1681.86901855469,52,31,57,35,36.7442969521222,-1.17647236034955,539
1681.86901855469,52,31,57,35,36.7484635831365,-1.17647236034955,493
1729.88818359375,51,34,56,17,36.765130107194,-1.17647236034955,587
1705.21374511719,50,38,57,31,36.777630000237,-1.17647236034955,592
1705.21374511719,50,38,57,31,36.7838799467586,-1.17647236034955,602
1625.19030761719,47,24,56,35,36.8130463638591,-1.17647236034955,522
1565.31005859375,47,24,54,43,36.8567959895098,-1.17647236034955,479
1548.94348144531,48,25,59,16,36.8609626205242,-1.17647236034955,444
1487.7001953125,46,25,58,12,36.8776291445816,-1.17647236034955,502
1385.38708496094,44,18,71,4,36.9297120322611,-1.17647236034955,494
1315.60375976562,45,16,72,1,36.9880448664621,-1.17647236034955,599
1315.60375976562,45,16,72,1,36.9901281819692,-1.17647236034955,598
1295.03234863281,45,16,72,4,36.9942948129836,-1.17647236034955,528
1295.03234863281,45,16,72,4,36.9963781284908,-1.17647236034955,556
1250.4462890625,44,14,68,0,37.0130446525482,-1.17647236034955,546
1202.86645507812,44,11,71,11,37.0276278610985,-1.17647236034955,522
1117.02697753906,45,11,70,6,37.0838773797923,-1.17647236034955,519
1056.22290039062,44,11,72,5,37.1026272193569,-1.17647236034955,557
1057.25146484375,45,11,73,4,37.1109604813856,-1.17647236034955,563
1059.84838867188,46,12,74,9,37.1359602674717,-1.17647236034955,486
1004.80529785156,41,10,69,5,37.1630433690651,-1.17647236034955,522
605.700561523438,35,14,69,0,36.53179877039,-1.17855571438602,822
622.188049316406,36,15,71,1,36.5359654014043,-1.17855571438602,832
658.047058105469,37,15,68,0,36.5442986634331,-1.17855571438602,823
964.521362304688,44,16,66,4,36.5817983425623,-1.17855571438602,715
1269.00512695312,47,19,61,10,36.6005481821269,-1.17855571438602,690
1445.83337402344,49,19,59,10,36.6047148131412,-1.17855571438602,758
1687.68249511719,48,22,58,15,36.648464438792,-1.17855571438602,560
1727.96667480469,49,24,59,22,36.660964331835,-1.17855571438602,580
1718.59497070312,48,21,58,19,36.6817974869068,-1.17855571438602,570
1724.94311523438,47,54,54,32,36.7088805885002,-1.17855571438602,485
1619.86328125,52,32,56,17,36.742213636615,-1.17855571438602,549
1719.72399902344,51,23,57,13,36.7567968451653,-1.17855571438602,485
1729.88818359375,51,34,56,17,36.7630467916868,-1.17855571438602,556
1729.88818359375,51,34,56,17,36.7672134227011,-1.17855571438602,556
1625.19030761719,47,24,56,35,36.8151296793663,-1.17855571438602,515
1526.45678710938,49,23,57,14,36.8713791980601,-1.17855571438602,478
1443.07702636719,46,22,60,9,36.8880457221175,-1.17855571438602,479
1400.32043457031,44,22,73,7,36.9067955616821,-1.17855571438602,519
1392.31799316406,45,19,73,3,36.9192954547252,-1.17855571438602,578
1392.31799316406,45,19,73,3,36.9213787702324,-1.17855571438602,571
1385.38708496094,44,18,71,4,36.9276287167539,-1.17855571438602,505
1349.59130859375,45,17,70,5,36.9547118183472,-1.17855571438602,558
1344.51623535156,45,19,74,9,36.9609617648687,-1.17855571438602,467
1338.62158203125,48,17,73,6,36.9692950268975,-1.17855571438602,587
1226.47033691406,43,12,71,13,37.0192945990697,-1.17855571438602,525
1226.47033691406,43,12,71,13,37.0234612300841,-1.17855571438602,545
1202.86645507812,44,11,71,11,37.0317944921128,-1.17855571438602,520
1202.86645507812,44,11,71,11,37.03387780762,-1.17855571438602,522
1154.80310058594,44,14,71,5,37.0588775937061,-1.17855571438602,636
1148.27648925781,45,12,70,7,37.0609609092133,-1.17855571438602,656
1056.22290039062,44,11,72,5,37.1047105348641,-1.17855571438602,581
1060.11743164062,44,12,72,5,37.1484601605148,-1.17855571438602,505
956.474609375,42,14,69,14,37.1692933155866,-1.17855571438602,590
622.188049316406,36,15,71,1,36.5422153479259,-1.1806390684225,820
964.521362304688,44,16,66,4,36.5797150270551,-1.1806390684225,661
1062.22705078125,45,20,64,4,36.5922149200982,-1.1806390684225,665
1496.42529296875,48,20,62,9,36.6109647596628,-1.1806390684225,674
1496.42529296875,48,20,62,9,36.6130480751699,-1.1806390684225,658
1583.01635742188,51,20,58,40,36.6422144922704,-1.1806390684225,599
1687.68249511719,48,22,58,15,36.6463811232848,-1.1806390684225,563
1724.47741699219,47,23,58,15,36.6526310698063,-1.1806390684225,548
1725.49572753906,49,23,59,17,36.6692975938638,-1.1806390684225,618
1719.990234375,48,25,57,17,36.6922140644427,-1.1806390684225,573
1724.94311523438,47,54,54,32,36.706797272993,-1.1806390684225,492
1724.94311523438,47,54,54,32,36.7088805885002,-1.1806390684225,483
1687.90808105469,49,31,57,27,36.7172138505289,-1.1806390684225,540
1681.86901855469,52,31,57,35,36.7442969521222,-1.1806390684225,549
1719.72399902344,51,23,57,13,36.7526302141509,-1.1806390684225,515
1723.28796386719,50,32,56,24,36.7734633692227,-1.1806390684225,538
1705.21374511719,50,38,57,31,36.7797133157442,-1.1806390684225,596
1682.32788085938,50,32,57,15,36.7922132087873,-1.1806390684225,621
1652.70825195312,48,29,56,30,36.7963798398016,-1.1806390684225,520
1652.70825195312,48,29,56,30,36.800546470816,-1.1806390684225,529
1625.19030761719,47,24,56,35,36.8151296793663,-1.1806390684225,501
1625.00158691406,46,24,57,19,36.8192963103806,-1.1806390684225,501
1615.583984375,45,25,57,16,36.8317962034237,-1.1806390684225,537
1598.75537109375,47,23,56,21,36.8401294654524,-1.1806390684225,438
1548.94348144531,48,25,59,16,36.8672125670457,-1.1806390684225,452
1443.07702636719,46,22,60,9,36.8859624066103,-1.1806390684225,511
1413.70971679688,44,22,66,6,36.9005456151606,-1.1806390684225,528
1400.32043457031,44,22,73,7,36.9067955616821,-1.1806390684225,518
1394.81481933594,42,19,72,3,36.9109621926965,-1.1806390684225,556
1392.31799316406,45,19,73,3,36.9255454012467,-1.1806390684225,512
1370.66162109375,44,18,72,1,36.9359619787826,-1.1806390684225,463
1338.62158203125,48,17,73,6,36.975544973419,-1.1806390684225,581
1330.7763671875,46,15,69,3,36.9797116044333,-1.1806390684225,553
1315.60375976562,45,16,72,1,36.9901281819692,-1.1806390684225,611
1315.60375976562,45,16,72,1,36.9922114974764,-1.1806390684225,578
1273.56127929688,44,15,70,7,37.0088780215338,-1.1806390684225,539
1162.70031738281,44,12,71,13,37.0484610161702,-1.1806390684225,556
1154.80310058594,44,14,71,5,37.0526276471846,-1.1806390684225,599
1154.80310058594,44,14,71,5,37.056794278199,-1.1806390684225,611
1065.91381835938,45,11,70,5,37.0963772728353,-1.1806390684225,629
1065.91381835938,45,11,70,5,37.0984605883425,-1.1806390684225,617
1057.25146484375,45,11,73,4,37.1109604813856,-1.1806390684225,508
1059.84838867188,46,12,74,9,37.1380435829789,-1.1806390684225,510
1059.84838867188,46,12,74,9,37.1401268984861,-1.1806390684225,512
1059.84838867188,46,12,74,9,37.1422102139933,-1.1806390684225,509
1004.80529785156,41,10,69,5,37.1630433690651,-1.1806390684225,529
616.714050292969,36,15,69,2,36.5380487169115,-1.18272242245897,799
764.201965332031,38,16,68,1,36.567215134012,-1.18272242245897,654
866.075073242188,41,15,65,0,36.5755483960407,-1.18272242245897,662
1551.416015625,51,21,60,17,36.6380478612561,-1.18272242245897,590
1551.416015625,51,21,60,17,36.6422144922704,-1.18272242245897,601
1706.72802734375,48,20,58,26,36.6651309628494,-1.18272242245897,587
1698.73937988281,50,22,57,38,36.6755475403853,-1.18272242245897,554
1707.23193359375,50,27,57,17,36.7005473264714,-1.18272242245897,518
1685.181640625,50,33,56,19,36.7130472195145,-1.18272242245897,532
1648.306640625,51,30,57,19,36.7255471125576,-1.18272242245897,516
1672.54016113281,52,26,57,16,36.7755466847299,-1.18272242245897,558
1636.71936035156,49,27,59,15,36.7901298932801,-1.18272242245897,587
1613.98974609375,48,22,57,14,36.8130463638591,-1.18272242245897,499
1604.71875,47,24,57,12,36.8276295724093,-1.18272242245897,574
1539.55786132812,48,25,60,11,36.8651292515385,-1.18272242245897,459
1519.57141113281,49,24,58,12,36.8755458290744,-1.18272242245897,487
1477.19287109375,48,26,59,11,36.8776291445816,-1.18272242245897,493
1477.19287109375,48,26,59,11,36.881795775596,-1.18272242245897,499
1379.50561523438,43,21,65,2,36.894295668639,-1.18272242245897,534
1379.50561523438,43,21,65,2,36.8963789841462,-1.18272242245897,540
1379.50561523438,43,21,65,2,36.9005456151606,-1.18272242245897,512
1361.0244140625,42,19,74,11,36.9151288237108,-1.18272242245897,567
1306.20129394531,48,18,72,7,36.975544973419,-1.18272242245897,579
1158.34997558594,46,13,71,5,37.0442943851559,-1.18272242245897,598
1158.34997558594,46,13,71,5,37.0463777006631,-1.18272242245897,597
1158.34997558594,46,13,71,5,37.0505443316774,-1.18272242245897,575
1157.94140625,46,13,72,5,37.0526276471846,-1.18272242245897,573
1125.1572265625,46,12,73,6,37.0859606952994,-1.18272242245897,620
1073.05627441406,45,10,71,6,37.1005439038497,-1.18272242245897,594
1011.15808105469,43,11,70,11,37.1172104279071,-1.18272242245897,568
1032.81982421875,42,12,70,7,37.1484601605148,-1.18272242245897,510
1004.42071533203,41,10,70,2,37.1567934225435,-1.18272242245897,520
1088.77526855469,45,19,64,3,36.5859649735766,-1.18480577649545,694
1489.08959960938,48,18,64,5,36.6067981286484,-1.18480577649545,650
1522.12036132812,50,19,62,8,36.6109647596628,-1.18480577649545,656
1478.45727539062,51,22,62,20,36.6297145992274,-1.18480577649545,628
1478.45727539062,51,22,62,20,36.6317979147345,-1.18480577649545,629
1654.82189941406,49,19,58,9,36.648464438792,-1.18480577649545,589
1702.07788085938,47,20,58,28,36.6526310698063,-1.18480577649545,601
1687.99255371094,49,26,56,10,36.6797141713997,-1.18480577649545,505
1708.07983398438,49,33,55,14,36.7026306419786,-1.18480577649545,506
1615.302734375,52,26,60,50,36.7317970590791,-1.18480577649545,481
1659.68725585938,52,28,59,34,36.7526302141509,-1.18480577649545,532
1673.96264648438,52,25,57,23,36.7609634761796,-1.18480577649545,555
1539.55786132812,48,25,60,11,36.8651292515385,-1.18480577649545,452
1477.19287109375,48,26,59,11,36.8797124600888,-1.18480577649545,479
1379.50561523438,43,21,65,2,36.8963789841462,-1.18480577649545,533
1330.3046875,44,24,71,7,36.9588784493616,-1.18480577649545,602
1306.20129394531,48,18,72,7,36.9734616579118,-1.18480577649545,570
1306.20129394531,48,18,72,7,36.975544973419,-1.18480577649545,573
1300.84997558594,45,18,70,10,36.9817949199405,-1.18480577649545,621
1237.51733398438,44,14,72,5,37.0130446525482,-1.18480577649545,586
1207.4873046875,45,15,71,3,37.0213779145769,-1.18480577649545,559
1154.41735839844,46,13,72,9,37.0817940642851,-1.18480577649545,674
1125.1572265625,46,12,73,6,37.092210641821,-1.18480577649545,629
1073.05627441406,45,10,71,6,37.0942939573282,-1.18480577649545,621
1073.05627441406,45,10,71,6,37.0963772728353,-1.18480577649545,626
1073.05627441406,45,10,71,6,37.1005439038497,-1.18480577649545,610
1026.48181152344,43,12,69,6,37.1067938503712,-1.18480577649545,605
1027.490234375,44,10,70,5,37.1338769519646,-1.18480577649545,519
1035.59826660156,44,11,70,7,37.1401268984861,-1.18480577649545,498
961.885925292969,41,11,67,4,37.1609600535579,-1.18480577649545,512
764.201965332031,38,16,68,1,36.5651318185048,-1.18688913053192,686
1088.77526855469,45,19,64,3,36.5880482890838,-1.18688913053192,704
1489.08959960938,48,18,64,5,36.6026314976341,-1.18688913053192,623
1522.12036132812,50,19,62,8,36.6109647596628,-1.18688913053192,647
1522.12036132812,50,19,62,8,36.6151313906771,-1.18688913053192,657
1654.82189941406,49,19,58,9,36.6442978077776,-1.18688913053192,662
1687.99255371094,49,26,56,10,36.6817974869068,-1.18688913053192,498
1673.96264648438,52,25,57,23,36.7630467916868,-1.18688913053192,556
1673.96264648438,52,25,57,23,36.765130107194,-1.18688913053192,535
1672.54016113281,52,26,57,16,36.7755466847299,-1.18688913053192,545
1608.13830566406,46,24,57,12,36.8088797328447,-1.18688913053192,497
1613.98974609375,48,22,57,14,36.8151296793663,-1.18688913053192,538
1617.23022460938,48,26,56,33,36.8255462569021,-1.18688913053192,525
1564.19567871094,48,23,57,10,36.8505460429883,-1.18688913053192,432
1539.55786132812,48,25,60,11,36.8651292515385,-1.18688913053192,444
1477.19287109375,48,26,59,11,36.8797124600888,-1.18688913053192,474
1347.59362792969,45,20,72,14,36.9442952408113,-1.18688913053192,518
1294.45227050781,45,16,71,5,36.9901281819692,-1.18688913053192,595
1266.3798828125,43,13,71,3,37.0047113905195,-1.18688913053192,525
1184.16357421875,45,15,72,2,37.0297111766056,-1.18688913053192,560
1167.45581054688,45,15,72,6,37.0359611231272,-1.18688913053192,584
1026.48181152344,43,12,69,6,37.1067938503712,-1.18688913053192,635
1026.48181152344,43,12,69,6,37.1088771658784,-1.18688913053192,633
1017.42663574219,44,11,71,1,37.1213770589215,-1.18688913053192,525
961.885925292969,41,11,67,4,37.1651266845722,-1.18688913053192,526
697.339111328125,37,14,67,0,36.5588818719833,-1.1889724845684,784
1522.12036132812,50,19,62,8,36.6109647596628,-1.1889724845684,638
1551.416015625,51,21,60,17,36.6380478612561,-1.1889724845684,640
1698.73937988281,50,22,57,38,36.6692975938638,-1.1889724845684,515
1707.23193359375,50,27,57,17,36.7005473264714,-1.1889724845684,531
1636.71936035156,49,27,59,15,36.7922132087873,-1.1889724845684,514
1583.24816894531,47,22,58,15,36.835962834438,-1.1889724845684,491
1564.19567871094,48,23,57,10,36.8442960964667,-1.1889724845684,436
1422.26782226562,46,21,61,5,36.8901290376247,-1.1889724845684,499
1379.50561523438,43,21,65,2,36.9005456151606,-1.1889724845684,521
1362.01647949219,41,19,73,1,36.9026289306677,-1.1889724845684,494
1362.01647949219,41,19,73,1,36.9088788771893,-1.1889724845684,516
1369.39624023438,45,18,72,10,36.9276287167539,-1.1889724845684,496
1315.07568359375,44,19,74,15,36.9609617648687,-1.1889724845684,600
1284.89965820312,46,15,72,6,36.998461443998,-1.1889724845684,587
1237.51733398438,44,14,72,5,37.0172112835626,-1.1889724845684,562
1157.94140625,46,13,72,5,37.056794278199,-1.1889724845684,609
1160.67663574219,46,12,71,5,37.0651275402277,-1.1889724845684,590
1162.0732421875,46,13,70,3,37.0734608022564,-1.1889724845684,604
1011.15808105469,43,11,70,11,37.1151271123999,-1.1889724845684,613
1035.59826660156,44,11,70,7,37.1422102139933,-1.1889724845684,495
1032.81982421875,42,12,70,7,37.1463768450076,-1.1889724845684,522
1004.42071533203,41,10,70,2,37.1526267915292,-1.1889724845684,526
961.885925292969,41,11,67,4,37.1609600535579,-1.1889724845684,527
961.885925292969,41,11,67,4,37.1630433690651,-1.1889724845684,533
652.628601074219,37,13,69,1,36.5463819789402,-1.19105583860487,786
1133.08862304688,47,28,62,81,36.5880482890838,-1.19105583860487,711
1133.08862304688,47,28,62,81,36.590131604591,-1.19105583860487,699
1390.06201171875,49,17,62,5,36.5984648666197,-1.19105583860487,621
1390.06201171875,49,17,62,5,36.6005481821269,-1.19105583860487,621
1529.15991210938,49,18,60,12,36.6109647596628,-1.19105583860487,625
1443.08984375,51,19,60,16,36.6338812302417,-1.19105583860487,594
1684.49072265625,48,19,58,6,36.6588810163279,-1.19105583860487,570
1682.302734375,50,23,57,20,36.6942973799499,-1.19105583860487,551
1677.18005371094,54,29,59,45,36.7130472195145,-1.19105583860487,504
1618.58117675781,49,23,57,8,36.7817966312514,-1.19105583860487,554
1605.77661132812,47,28,58,19,36.7859632622658,-1.19105583860487,552
1605.77661132812,47,28,58,19,36.7922132087873,-1.19105583860487,514
1595.78918457031,48,23,58,17,36.8026297863232,-1.19105583860487,515
1607.07629394531,49,23,56,16,36.8151296793663,-1.19105583860487,494
1611.09069824219,48,22,59,11,36.8192963103806,-1.19105583860487,520
1611.09069824219,48,22,59,11,36.8255462569021,-1.19105583860487,498
1597.33422851562,49,26,57,6,36.8276295724093,-1.19105583860487,485
1526.96154785156,48,22,57,17,36.8547126740026,-1.19105583860487,437
1482.3720703125,46,24,53,22,36.8713791980601,-1.19105583860487,434
1446.80651855469,47,21,57,15,36.881795775596,-1.19105583860487,409
1446.80651855469,47,21,57,15,36.8838790911031,-1.19105583860487,429
1334.83935546875,41,17,73,10,36.9297120322611,-1.19105583860487,471
1303.15466308594,45,19,74,18,36.9630450803759,-1.19105583860487,615
1233.79248046875,45,14,70,3,37.0172112835626,-1.19105583860487,567
1206.09521484375,46,14,72,5,37.0192945990697,-1.19105583860487,574
1139.6630859375,47,13,71,0,37.056794278199,-1.19105583860487,642
1069.89758300781,45,11,71,4,37.0942939573282,-1.19105583860487,672
984.647094726562,41,11,70,2,37.1442935295004,-1.19105583860487,553
984.647094726562,41,11,70,2,37.1463768450076,-1.19105583860487,542
955.1845703125,42,10,68,3,37.1547101070363,-1.19105583860487,535
863.7294921875,41,16,67,4,36.5734650805336,-1.19313919264134,670
1133.08862304688,47,28,62,81,36.5859649735766,-1.19313919264134,731
1475.19348144531,50,24,58,14,36.6192980216915,-1.19313919264134,708
1498.65710449219,51,21,59,13,36.6422144922704,-1.19313919264134,606
1610.16918945312,48,20,59,14,36.6442978077776,-1.19313919264134,598
1700.45629882812,48,19,57,17,36.6630476473422,-1.19313919264134,563
1670.49963378906,49,26,56,13,36.683880802414,-1.19313919264134,513
1677.18005371094,54,29,59,45,36.7151305350217,-1.19313919264134,496
1638.06066894531,53,22,56,11,36.7338803745863,-1.19313919264134,512
1624.54833984375,51,26,61,28,36.7672134227011,-1.19313919264134,554
1627.23046875,51,28,59,25,36.7755466847299,-1.19313919264134,546
1618.58117675781,49,23,57,8,36.7817966312514,-1.19313919264134,526
1595.40466308594,49,26,58,13,36.7963798398016,-1.19313919264134,464
1595.78918457031,48,23,58,17,36.8047131018304,-1.19313919264134,498
1595.78918457031,48,23,58,17,36.8067964173375,-1.19313919264134,486
1607.07629394531,49,23,56,16,36.8172129948734,-1.19313919264134,511
1571.75158691406,47,23,58,9,36.835962834438,-1.19313919264134,508
1571.75158691406,47,23,58,9,36.8401294654524,-1.19313919264134,476
1526.96154785156,48,22,57,17,36.8526293584955,-1.19313919264134,454
1507.12622070312,47,23,56,14,36.8672125670457,-1.19313919264134,506
1446.80651855469,47,21,57,15,36.8797124600888,-1.19313919264134,446
1322.82006835938,42,23,68,5,36.9026289306677,-1.19313919264134,505
1341.10595703125,40,17,72,5,36.9380452942898,-1.19313919264134,457
1233.79248046875,45,14,70,3,37.010961337041,-1.19313919264134,597
1139.6630859375,47,13,71,0,37.0526276471846,-1.19313919264134,687
1139.6630859375,47,13,71,0,37.0547109626918,-1.19313919264134,671
1137.51879882812,46,12,69,1,37.0609609092133,-1.19313919264134,562
1115.63244628906,45,12,72,5,37.0859606952994,-1.19313919264134,625
1069.89758300781,45,11,71,4,37.0942939573282,-1.19313919264134,691
1069.89758300781,45,11,71,4,37.0984605883425,-1.19313919264134,600
1014.54284667969,43,10,71,3,37.1047105348641,-1.19313919264134,521
1014.54284667969,43,10,71,3,37.1088771658784,-1.19313919264134,515
973.377319335938,42,9,69,5,37.1234603744287,-1.19313919264134,524
978.909118652344,42,10,70,3,37.1317936364574,-1.19313919264134,476
984.647094726562,41,11,70,2,37.1484601605148,-1.19313919264134,468
955.1845703125,42,10,68,3,37.1547101070363,-1.19313919264134,549
616.931030273438,38,15,70,2,36.5401320324187,-1.19522254667782,812
762.021179199219,38,18,68,1,36.567215134012,-1.19522254667782,688
971.177917480469,45,16,67,3,36.5838816580694,-1.19522254667782,697
1133.08862304688,47,28,62,81,36.5880482890838,-1.19522254667782,694
1133.08862304688,47,28,62,81,36.5922149200982,-1.19522254667782,641
1529.15991210938,49,18,60,12,36.6130480751699,-1.19522254667782,706
1443.08984375,51,19,60,16,36.6317979147345,-1.19522254667782,663
1700.45629882812,48,19,57,17,36.6651309628494,-1.19522254667782,617
1670.49963378906,49,26,56,13,36.6817974869068,-1.19522254667782,516
1687.41906738281,52,26,60,26,36.7047139574858,-1.19522254667782,515
1660.00830078125,54,27,59,36,36.719297166036,-1.19522254667782,553
1660.00830078125,54,27,59,36,36.7255471125576,-1.19522254667782,497
1615.37109375,51,17,58,6,36.7463802676294,-1.19522254667782,519
1624.54833984375,51,26,61,28,36.7672134227011,-1.19522254667782,567
1607.07629394531,49,23,56,16,36.8130463638591,-1.19522254667782,522
1547.27966308594,47,22,57,20,36.8484627274811,-1.19522254667782,454
1399.90698242188,45,21,58,11,36.8880457221175,-1.19522254667782,456
1399.90698242188,45,21,58,11,36.8922123531319,-1.19522254667782,533
1322.82006835938,42,23,68,5,36.9088788771893,-1.19522254667782,483
1313.57043457031,41,23,71,26,36.9109621926965,-1.19522254667782,506
1313.57043457031,41,23,71,26,36.917212139218,-1.19522254667782,523
1334.83935546875,41,17,73,10,36.9297120322611,-1.19522254667782,496
1319.57629394531,43,16,73,6,36.95262850284,-1.19522254667782,454
1206.09521484375,46,14,72,5,37.0192945990697,-1.19522254667782,577
1206.09521484375,46,14,72,5,37.0213779145769,-1.19522254667782,604
1136.61828613281,45,14,70,1,37.0713774867492,-1.19522254667782,525
1115.63244628906,45,12,72,5,37.0901273263138,-1.19522254667782,643
1069.89758300781,45,11,71,4,37.0963772728353,-1.19522254667782,661
1014.54284667969,43,10,71,3,37.1067938503712,-1.19522254667782,550
981.319152832031,43,10,70,6,37.1130437968928,-1.19522254667782,493
981.319152832031,43,10,70,6,37.1151271123999,-1.19522254667782,498
988.722534179688,42,10,69,3,37.1359602674717,-1.19522254667782,499
616.931030273438,38,15,70,2,36.5422153479259,-1.19730590071429,829
863.7294921875,41,16,67,4,36.5713817650264,-1.19730590071429,672
1133.08862304688,47,28,62,81,36.5859649735766,-1.19730590071429,690
1133.08862304688,47,28,62,81,36.5880482890838,-1.19730590071429,680
1390.06201171875,49,17,62,5,36.5963815511125,-1.19730590071429,655
1529.15991210938,49,18,60,12,36.6151313906771,-1.19730590071429,725
1610.16918945312,48,20,59,14,36.6442978077776,-1.19730590071429,611
1610.16918945312,48,20,59,14,36.6505477542992,-1.19730590071429,633
1687.41906738281,52,26,60,26,36.7088805885002,-1.19730590071429,484
1660.00830078125,54,27,59,36,36.7234637970504,-1.19730590071429,490
1618.44360351562,50,25,62,24,36.7547135296581,-1.19730590071429,523
1624.54833984375,51,26,61,28,36.7672134227011,-1.19730590071429,511
1595.78918457031,48,23,58,17,36.8067964173375,-1.19730590071429,480
1607.07629394531,49,23,56,16,36.8109630483519,-1.19730590071429,480
1607.07629394531,49,23,56,16,36.8151296793663,-1.19730590071429,515
1611.09069824219,48,22,59,11,36.8213796258878,-1.19730590071429,495
1446.80651855469,47,21,57,15,36.8838790911031,-1.19730590071429,496
1321.34240722656,42,17,74,4,36.9192954547252,-1.19730590071429,482
1341.10595703125,40,17,72,5,36.940128609797,-1.19730590071429,430
1341.10595703125,40,17,72,5,36.9422119253041,-1.19730590071429,449
1272.21655273438,44,17,73,4,36.9901281819692,-1.19730590071429,765
1255.11486816406,45,15,72,5,37.0047113905195,-1.19730590071429,770
1255.11486816406,45,15,72,5,37.0088780215338,-1.19730590071429,717
1206.09521484375,46,14,72,5,37.0255445455913,-1.19730590071429,580
1178.455078125,46,14,73,3,37.03387780762,-1.19730590071429,586
1157.81567382812,45,16,73,5,37.0401277541415,-1.19730590071429,633
1145.77453613281,46,17,74,1,37.0484610161702,-1.19730590071429,612
1137.51879882812,46,12,69,1,37.0609609092133,-1.19730590071429,594
1115.63244628906,45,12,72,5,37.0880440108066,-1.19730590071429,555
1014.54284667969,43,10,71,3,37.1067938503712,-1.19730590071429,649
973.377319335938,42,9,69,5,37.1213770589215,-1.19730590071429,635
988.722534179688,42,10,69,3,37.1422102139933,-1.19730590071429,500
620.143920898438,38,14,70,2,36.5422153479259,-1.19938925475077,813
660.526550292969,38,14,69,0,36.5505486099546,-1.19938925475077,797
703.6259765625,39,18,68,0,36.5526319254618,-1.19938925475077,782
775.171020507812,38,17,67,8,36.5630485029977,-1.19938925475077,729
775.171020507812,38,17,67,8,36.567215134012,-1.19938925475077,686
886.950073242188,43,15,66,2,36.5713817650264,-1.19938925475077,682
1007.54235839844,45,16,66,5,36.5797150270551,-1.19938925475077,669
1528.99938964844,50,20,62,8,36.6109647596628,-1.19938925475077,712
1465.75622558594,50,23,61,7,36.6192980216915,-1.19938925475077,757
1459.65625,49,23,59,22,36.6359645457489,-1.19938925475077,596
1459.65625,49,23,59,22,36.6401311767633,-1.19938925475077,608
1700.5908203125,48,21,59,18,36.660964331835,-1.19938925475077,574
1670.21618652344,50,20,57,15,36.6817974869068,-1.19938925475077,516
1670.21618652344,50,20,57,15,36.683880802414,-1.19938925475077,497
1642.76989746094,55,24,57,57,36.7297137435719,-1.19938925475077,501
1642.76989746094,55,24,57,57,36.7338803745863,-1.19938925475077,516
1607.8408203125,52,19,62,26,36.7526302141509,-1.19938925475077,509
1607.8408203125,52,19,62,26,36.7567968451653,-1.19938925475077,495
1581.01989746094,49,25,60,8,36.7942965242945,-1.19938925475077,584
1596.19775390625,47,21,58,8,36.8109630483519,-1.19938925475077,476
1599.24426269531,48,21,59,14,36.823462941395,-1.19938925475077,465
1541.89807128906,48,24,57,18,36.8442960964667,-1.19938925475077,464
1514.38647460938,46,26,55,29,36.8526293584955,-1.19938925475077,444
1485.49816894531,46,24,57,41,36.8630459360314,-1.19938925475077,447
1459.24157714844,44,24,59,12,36.8734625135672,-1.19938925475077,420
1435.08032226562,43,21,57,1,36.8797124600888,-1.19938925475077,431
1435.08032226562,43,21,57,1,36.881795775596,-1.19938925475077,422
1402.63159179688,42,22,63,1,36.8922123531319,-1.19938925475077,492
1283.35888671875,45,16,68,9,36.9776282889262,-1.19938925475077,598
1261.01123046875,45,17,70,6,36.9922114974764,-1.19938925475077,729
1242.49096679688,45,18,70,2,36.9963781284908,-1.19938925475077,838
1189.52612304688,46,14,69,0,37.0213779145769,-1.19938925475077,613
1189.52612304688,46,14,69,0,37.0234612300841,-1.19938925475077,605
1160.08581542969,44,16,71,1,37.0317944921128,-1.19938925475077,595
1135.80737304688,45,17,73,3,37.0422110696487,-1.19938925475077,637
1080.97595214844,43,9,69,1,37.0880440108066,-1.19938925475077,536
1028.40661621094,42,10,71,3,37.1026272193569,-1.19938925475077,702
955.873107910156,43,11,72,12,37.1463768450076,-1.19938925475077,509
925.722045898438,44,13,73,23,37.1526267915292,-1.19938925475077,516
660.526550292969,38,14,69,0,36.5484652944474,-1.20147260878724,782
703.6259765625,39,18,68,0,36.5547152409689,-1.20147260878724,773
1549.57006835938,48,16,63,10,36.6026314976341,-1.20147260878724,624
1528.99938964844,50,20,62,8,36.6151313906771,-1.20147260878724,749
1465.75622558594,50,23,61,7,36.6192980216915,-1.20147260878724,764
1465.75622558594,50,23,61,7,36.625547968213,-1.20147260878724,670
1664.5751953125,48,19,59,6,36.6588810163279,-1.20147260878724,612
1670.21618652344,50,20,57,15,36.683880802414,-1.20147260878724,510
1665.19384765625,54,26,59,24,36.7130472195145,-1.20147260878724,517
1605.57983398438,49,23,57,31,36.7755466847299,-1.20147260878724,544
1581.01989746094,49,25,60,8,36.7963798398016,-1.20147260878724,567
1581.01989746094,49,25,60,8,36.7984631553088,-1.20147260878724,541
1581.01989746094,49,25,60,8,36.800546470816,-1.20147260878724,497
1599.24426269531,48,21,59,14,36.823462941395,-1.20147260878724,451
1599.24426269531,48,21,59,14,36.8255462569021,-1.20147260878724,456
1514.38647460938,46,26,55,29,36.858879305017,-1.20147260878724,479
1485.49816894531,46,24,57,41,36.8672125670457,-1.20147260878724,431
1402.63159179688,42,22,63,1,36.8880457221175,-1.20147260878724,453
1360.23315429688,41,18,62,5,36.8984622996534,-1.20147260878724,469
1295.33349609375,40,18,71,6,36.9234620857395,-1.20147260878724,503
1308.13916015625,39,17,71,5,36.9317953477682,-1.20147260878724,445
1308.13916015625,39,17,71,5,36.9338786632754,-1.20147260878724,452
1322.69873046875,40,18,71,6,36.9380452942898,-1.20147260878724,464
1322.69873046875,40,18,71,6,36.940128609797,-1.20147260878724,463
1283.35888671875,45,16,68,9,36.9838782354477,-1.20147260878724,733
1242.49096679688,45,18,70,2,36.9942948129836,-1.20147260878724,831
1189.52612304688,46,14,69,0,37.0192945990697,-1.20147260878724,600
1160.08581542969,44,16,71,1,37.0317944921128,-1.20147260878724,651
1135.80737304688,45,17,73,3,37.0380444386343,-1.20147260878724,654
1120.47277832031,46,18,72,4,37.0463777006631,-1.20147260878724,628
1120.47277832031,46,18,72,4,37.0505443316774,-1.20147260878724,640
1110.62121582031,47,14,71,5,37.056794278199,-1.20147260878724,613
1091.0380859375,43,12,70,6,37.0797107487779,-1.20147260878724,639
1080.97595214844,43,9,69,1,37.0859606952994,-1.20147260878724,559
620.143920898438,38,14,70,2,36.5401320324187,-1.20355596282371,774
660.526550292969,38,14,69,0,36.5463819789402,-1.20355596282371,775
703.6259765625,39,18,68,0,36.5547152409689,-1.20355596282371,759
703.6259765625,39,18,68,0,36.5567985564761,-1.20355596282371,737
1528.99938964844,50,20,62,8,36.6151313906771,-1.20355596282371,761
1465.75622558594,50,23,61,7,36.625547968213,-1.20355596282371,673
1424.45153808594,50,23,58,60,36.6317979147345,-1.20355596282371,632
1658.46325683594,51,21,59,19,36.6901307489355,-1.20355596282371,485
1663.25769042969,52,22,56,17,36.6984640109643,-1.20355596282371,500
1642.76989746094,55,24,57,57,36.7297137435719,-1.20355596282371,566
1613.32666015625,50,19,60,31,36.7463802676294,-1.20355596282371,522
1613.32666015625,50,19,60,31,36.7484635831365,-1.20355596282371,525
1585.27124023438,48,20,58,4,36.8067964173375,-1.20355596282371,455
1596.19775390625,47,21,58,8,36.8151296793663,-1.20355596282371,469
1596.19775390625,47,21,58,8,36.8172129948734,-1.20355596282371,492
1599.24426269531,48,21,59,14,36.8213796258878,-1.20355596282371,490
1589.45104980469,49,23,57,16,36.8276295724093,-1.20355596282371,438
1514.38647460938,46,26,55,29,36.8547126740026,-1.20355596282371,460
1402.63159179688,42,22,63,1,36.8922123531319,-1.20355596282371,444
1360.23315429688,41,18,62,5,36.894295668639,-1.20355596282371,465
1322.69873046875,40,18,71,6,36.9422119253041,-1.20355596282371,455
1316.29931640625,42,16,70,11,36.9547118183472,-1.20355596282371,502
1211.94641113281,45,15,67,0,37.0151279680554,-1.20355596282371,735
1189.52612304688,46,14,69,0,37.0255445455913,-1.20355596282371,619
1110.62121582031,47,14,71,5,37.0588775937061,-1.20355596282371,596
1096.82189941406,43,14,70,18,37.069294171242,-1.20355596282371,642
1059.01281738281,43,10,71,12,37.0984605883425,-1.20355596282371,614
1028.40661621094,42,10,71,3,37.1047105348641,-1.20355596282371,641
999.832336425781,42,10,72,14,37.1130437968928,-1.20355596282371,596
970.63720703125,43,10,72,14,37.1317936364574,-1.20355596282371,604
969.347473144531,43,11,73,7,37.1422102139933,-1.20355596282371,507
620.143920898438,38,14,70,2,36.5380487169115,-1.20563931686019,780
703.6259765625,39,18,68,0,36.5526319254618,-1.20563931686019,745
703.6259765625,39,18,68,0,36.5588818719833,-1.20563931686019,700
886.950073242188,43,15,66,2,36.5713817650264,-1.20563931686019,676
886.950073242188,43,15,66,2,36.5734650805336,-1.20563931686019,676
1007.54235839844,45,16,66,5,36.5797150270551,-1.20563931686019,712
1528.99938964844,50,20,62,8,36.6151313906771,-1.20563931686019,741
1465.75622558594,50,23,61,7,36.6234646527058,-1.20563931686019,712
1465.75622558594,50,23,61,7,36.625547968213,-1.20563931686019,658
1566.193359375,48,21,58,19,36.6463811232848,-1.20563931686019,584
1566.193359375,48,21,58,19,36.648464438792,-1.20563931686019,569
1693.27709960938,50,21,58,15,36.6713809093709,-1.20563931686019,577
1670.21618652344,50,20,57,15,36.6797141713997,-1.20563931686019,505
1658.46325683594,51,21,59,19,36.6901307489355,-1.20563931686019,506
1668.17956542969,53,22,58,17,36.706797272993,-1.20563931686019,498
1588.96105957031,47,24,56,13,36.7922132087873,-1.20563931686019,571
1581.01989746094,49,25,60,8,36.7963798398016,-1.20563931686019,559
1596.19775390625,47,21,58,8,36.8151296793663,-1.20563931686019,482
1599.24426269531,48,21,59,14,36.8213796258878,-1.20563931686019,486
1599.24426269531,48,21,59,14,36.823462941395,-1.20563931686019,462
1599.24426269531,48,21,59,14,36.8255462569021,-1.20563931686019,442
1589.45104980469,49,23,57,16,36.8276295724093,-1.20563931686019,421
1514.38647460938,46,26,55,29,36.8567959895098,-1.20563931686019,464
1485.49816894531,46,24,57,41,36.8630459360314,-1.20563931686019,422
1322.48950195312,41,18,69,2,36.9088788771893,-1.20563931686019,478
1295.33349609375,40,18,71,6,36.9192954547252,-1.20563931686019,552
1295.33349609375,40,18,71,6,36.9234620857395,-1.20563931686019,496
1295.33349609375,40,18,71,6,36.9255454012467,-1.20563931686019,457
1303.63330078125,44,16,72,5,36.9713783424046,-1.20563931686019,537
1242.49096679688,45,18,70,2,37.0005447595051,-1.20563931686019,838
1189.52612304688,46,14,69,0,37.0213779145769,-1.20563931686019,615
1189.52612304688,46,14,69,0,37.0255445455913,-1.20563931686019,625
1135.80737304688,45,17,73,3,37.0359611231272,-1.20563931686019,693
1135.80737304688,45,17,73,3,37.0380444386343,-1.20563931686019,660
1120.47277832031,46,18,72,4,37.0463777006631,-1.20563931686019,613
1120.47277832031,46,18,72,4,37.0484610161702,-1.20563931686019,625
1120.47277832031,46,18,72,4,37.0505443316774,-1.20563931686019,627
1096.82189941406,43,14,70,18,37.0713774867492,-1.20563931686019,552
1080.97595214844,43,9,69,1,37.0859606952994,-1.20563931686019,686
1028.40661621094,42,10,71,3,37.1047105348641,-1.20563931686019,583
1028.40661621094,42,10,71,3,37.1067938503712,-1.20563931686019,572
955.873107910156,43,11,72,12,37.1463768450076,-1.20563931686019,536
925.722045898438,44,13,73,23,37.1526267915292,-1.20563931686019,518
940.030456542969,45,16,66,4,36.5713817650264,-1.20772267089666,670
1550.78125,48,22,58,61,36.6463811232848,-1.20772267089666,593
1694.45385742188,50,20,58,16,36.6692975938638,-1.20772267089666,597
1654.50170898438,52,20,58,29,36.6859641179212,-1.20772267089666,523
1654.46667480469,53,24,59,32,36.7047139574858,-1.20772267089666,517
1654.46667480469,53,24,59,32,36.7088805885002,-1.20772267089666,504
1632.88037109375,54,19,59,29,36.7297137435719,-1.20772267089666,535
1608.05163574219,50,22,61,17,36.7526302141509,-1.20772267089666,540
1608.05163574219,50,22,61,17,36.7547135296581,-1.20772267089666,527
1593.00415039062,48,22,58,15,36.7797133157442,-1.20772267089666,503
1580.82751464844,48,22,57,10,36.7880465777729,-1.20772267089666,486
1580.82751464844,48,22,57,10,36.7922132087873,-1.20772267089666,569
1569.47473144531,49,23,58,15,36.800546470816,-1.20772267089666,528
1569.15100097656,49,19,57,12,36.8067964173375,-1.20772267089666,457
1575.12426757812,46,22,57,10,36.8109630483519,-1.20772267089666,465
1575.12426757812,46,22,57,10,36.8130463638591,-1.20772267089666,458
1578.64294433594,47,23,56,9,36.823462941395,-1.20772267089666,463
1578.64294433594,47,23,56,9,36.8255462569021,-1.20772267089666,471
1576.73425292969,49,22,56,18,36.8338795189309,-1.20772267089666,440
1511.99755859375,46,22,56,21,36.8567959895098,-1.20772267089666,441
1471.11657714844,44,21,61,0,36.8692958825529,-1.20772267089666,425
1345.833984375,41,17,74,0,36.917212139218,-1.20772267089666,513
1315.29162597656,42,18,70,1,36.9567951338544,-1.20772267089666,486
1320.76599121094,43,18,71,3,36.9651283958831,-1.20772267089666,505
1320.76599121094,43,18,71,3,36.9672117113903,-1.20772267089666,508
1175.45043945312,46,16,70,1,37.0172112835626,-1.20772267089666,681
1133.240234375,45,16,68,1,37.0317944921128,-1.20772267089666,661
1133.240234375,45,16,68,1,37.03387780762,-1.20772267089666,676
1095.77185058594,43,14,70,1,37.0526276471846,-1.20772267089666,611
1094.04077148438,42,12,70,1,37.0672108557348,-1.20772267089666,530
1009.69104003906,41,10,69,1,37.1297103209502,-1.20772267089666,532
1009.69104003906,41,10,69,1,37.1338769519646,-1.20772267089666,512
587.636291503906,36,13,70,0,36.5297154548828,-1.20980602493314,751
628.598999023438,38,14,69,5,36.5401320324187,-1.20980602493314,756
672.370544433594,39,15,68,0,36.5484652944474,-1.20980602493314,709
717.471496582031,39,15,68,1,36.5547152409689,-1.20980602493314,709
807.302124023438,40,18,67,11,36.567215134012,-1.20980602493314,651
940.030456542969,45,16,66,4,36.5755483960407,-1.20980602493314,703
1067.47216796875,47,19,64,17,36.5817983425623,-1.20980602493314,725
1232.51538085938,49,19,61,10,36.5859649735766,-1.20980602493314,684
1455.33288574219,50,16,64,7,36.6005481821269,-1.20980602493314,613
1483.61730957031,50,23,61,8,36.6192980216915,-1.20980602493314,689
1454.21594238281,52,26,56,15,36.6317979147345,-1.20980602493314,631
1695.11682128906,48,20,57,16,36.6630476473422,-1.20980602493314,581
1694.45385742188,50,20,58,16,36.6713809093709,-1.20980602493314,559
1694.45385742188,50,20,58,16,36.6734642248781,-1.20980602493314,551
1651.82641601562,53,22,58,15,36.6963806954571,-1.20980602493314,507
1654.18920898438,53,21,58,21,36.7151305350217,-1.20980602493314,496
1598.08740234375,50,21,59,19,36.7755466847299,-1.20980602493314,532
1569.15100097656,49,19,57,12,36.8026297863232,-1.20980602493314,473
1440.25207519531,43,19,61,10,36.8859624066103,-1.20980602493314,392
1371.18286132812,40,17,73,2,36.9067955616821,-1.20980602493314,503
1371.18286132812,40,17,73,2,36.9088788771893,-1.20980602493314,506
1317.29284667969,44,16,70,3,36.9734616579118,-1.20980602493314,579
1193.64733886719,47,14,69,2,37.0067947060267,-1.20980602493314,838
1175.45043945312,46,16,70,1,37.010961337041,-1.20980602493314,901
1133.240234375,45,16,68,1,37.0276278610985,-1.20980602493314,616
1101.47778320312,44,15,68,2,37.0463777006631,-1.20980602493314,630
1101.47778320312,44,15,68,2,37.0505443316774,-1.20980602493314,592
1078.89672851562,42,12,70,1,37.1005439038497,-1.20980602493314,573
1009.69104003906,41,10,69,1,37.127627005443,-1.20980602493314,555
1009.69104003906,41,10,69,1,37.1338769519646,-1.20980602493314,504
959.529113769531,40,10,70,0,37.1484601605148,-1.20980602493314,522
628.598999023438,38,14,69,5,36.5401320324187,-1.21188937896961,743
672.370544433594,39,15,68,0,36.5505486099546,-1.21188937896961,719
717.471496582031,39,15,68,1,36.5588818719833,-1.21188937896961,672
1537.24938964844,50,18,61,8,36.6151313906771,-1.21188937896961,634
1654.50170898438,52,20,58,29,36.6901307489355,-1.21188937896961,498
1651.82641601562,53,22,58,15,36.6942973799499,-1.21188937896961,507
1646.59448242188,54,20,58,20,36.7234637970504,-1.21188937896961,554
1632.88037109375,54,19,59,29,36.7276304280648,-1.21188937896961,534
1612.38696289062,50,18,59,15,36.7484635831365,-1.21188937896961,529
1608.05163574219,50,22,61,17,36.7588801606724,-1.21188937896961,513
1575.12426757812,46,22,57,10,36.8151296793663,-1.21188937896961,472
1564.796875,48,22,57,11,36.835962834438,-1.21188937896961,456
1541.41943359375,47,22,58,14,36.8463794119739,-1.21188937896961,420
1471.11657714844,44,21,61,0,36.8755458290744,-1.21188937896961,425
1345.833984375,41,17,74,0,36.917212139218,-1.21188937896961,466
1323.92724609375,39,19,77,0,36.9192954547252,-1.21188937896961,477
1320.76599121094,43,18,71,3,36.9609617648687,-1.21188937896961,515
1320.76599121094,43,18,71,3,36.9651283958831,-1.21188937896961,523
1223.09484863281,46,18,68,5,36.9963781284908,-1.21188937896961,730
1113.44323730469,44,17,70,0,37.0380444386343,-1.21188937896961,631
1101.47778320312,44,15,68,2,37.0442943851559,-1.21188937896961,675
1094.04077148438,42,12,70,1,37.0651275402277,-1.21188937896961,553
1078.89672851562,42,12,70,1,37.0942939573282,-1.21188937896961,592
1009.69104003906,41,10,69,1,37.127627005443,-1.21188937896961,554
628.598999023438,38,14,69,5,36.5401320324187,-1.21397273300609,797
628.598999023438,38,14,69,5,36.5422153479259,-1.21397273300609,788
717.471496582031,39,15,68,1,36.5588818719833,-1.21397273300609,694
940.030456542969,45,16,66,4,36.5755483960407,-1.21397273300609,718
1454.21594238281,52,26,56,15,36.6338812302417,-1.21397273300609,661
1474.81848144531,51,28,56,46,36.6401311767633,-1.21397273300609,606
1550.78125,48,22,58,61,36.648464438792,-1.21397273300609,603
1694.45385742188,50,20,58,16,36.6734642248781,-1.21397273300609,523
1671.26647949219,50,20,59,16,36.6776308558925,-1.21397273300609,512
1646.59448242188,54,20,58,20,36.7255471125576,-1.21397273300609,535
1578.64294433594,47,23,56,9,36.823462941395,-1.21397273300609,477
1511.99755859375,46,22,56,21,36.8526293584955,-1.21397273300609,407
1485.81457519531,46,21,56,13,36.8609626205242,-1.21397273300609,446
1461.52941894531,41,21,59,4,36.881795775596,-1.21397273300609,403
1315.29162597656,42,18,70,1,36.9567951338544,-1.21397273300609,523
1260.82482910156,46,16,68,3,36.9859615509549,-1.21397273300609,728
1193.64733886719,47,14,69,2,37.0067947060267,-1.21397273300609,905
1101.47778320312,44,15,68,2,37.0484610161702,-1.21397273300609,682
1094.04077148438,42,12,70,1,37.0651275402277,-1.21397273300609,586
1078.89672851562,42,12,70,1,37.0984605883425,-1.21397273300609,547
1029.21801757812,43,10,70,3,37.1234603744287,-1.21397273300609,607
1009.69104003906,41,10,69,1,37.1297103209502,-1.21397273300609,531
992.062805175781,40,11,68,0,37.1401268984861,-1.21397273300609,544
959.529113769531,40,10,70,0,37.1463768450076,-1.21397273300609,533
921.070617675781,42,10,71,7,37.1526267915292,-1.21397273300609,546
597.192810058594,37,14,69,3,36.53179877039,-1.21605608704256,744
842.357238769531,41,15,68,5,36.567215134012,-1.21605608704256,652
1500.79077148438,50,22,62,10,36.6234646527058,-1.21605608704256,665
1627.30078125,47,20,58,2,36.6526310698063,-1.21605608704256,533
1627.30078125,47,20,58,2,36.6567977008207,-1.21605608704256,578
1684.54296875,49,20,58,18,36.6713809093709,-1.21605608704256,533
1663.95776367188,49,18,58,14,36.6797141713997,-1.21605608704256,541
1645.52282714844,52,14,60,5,36.7130472195145,-1.21605608704256,483
1593.30981445312,50,18,58,5,36.7609634761796,-1.21605608704256,486
1587.11145019531,50,16,57,10,36.7692967382083,-1.21605608704256,484
1533.99572753906,47,23,56,19,36.8463794119739,-1.21605608704256,418
1533.99572753906,47,23,56,19,36.8484627274811,-1.21605608704256,430
1423.79528808594,40,19,74,0,36.9047122461749,-1.21605608704256,491
1304.63330078125,43,15,68,4,36.9547118183472,-1.21605608704256,533
1304.63330078125,43,15,68,4,36.9567951338544,-1.21605608704256,541
1294.02648925781,45,16,70,6,36.9817949199405,-1.21605608704256,703
1215.69738769531,48,17,70,6,36.998461443998,-1.21605608704256,746
1109.44775390625,44,16,70,0,37.0401277541415,-1.21605608704256,604
1104.11279296875,45,16,72,1,37.0463777006631,-1.21605608704256,598
1100.86547851562,45,12,69,1,37.0547109626918,-1.21605608704256,649
1101.25952148438,43,12,71,3,37.0609609092133,-1.21605608704256,644
1100.60510253906,43,12,69,0,37.069294171242,-1.21605608704256,556
1099.22290039062,43,12,72,3,37.0838773797923,-1.21605608704256,573
1101.46057128906,41,11,70,2,37.1151271123999,-1.21605608704256,601
1101.46057128906,41,11,70,2,37.1172104279071,-1.21605608704256,597
1022.60668945312,41,10,71,0,37.1297103209502,-1.21605608704256,531
919.539184570312,41,10,71,2,37.1547101070363,-1.21605608704256,623
597.192810058594,37,14,69,3,36.5276321393756,-1.21813944107903,761
1257.68981933594,50,26,62,1,36.590131604591,-1.21813944107903,680
1459.93249511719,51,19,62,7,36.5984648666197,-1.21813944107903,633
1500.79077148438,50,22,62,10,36.625547968213,-1.21813944107903,653
1492.36279296875,51,23,57,29,36.6297145992274,-1.21813944107903,647
1627.30078125,47,20,58,2,36.6567977008207,-1.21813944107903,579
1684.54296875,49,20,58,18,36.6755475403853,-1.21813944107903,523
1587.11145019531,50,16,57,10,36.7692967382083,-1.21813944107903,462
1587.11145019531,50,16,57,10,36.7713800537155,-1.21813944107903,526
1552.77624511719,48,24,56,24,36.8026297863232,-1.21813944107903,519
1552.43664550781,47,20,58,2,36.8213796258878,-1.21813944107903,414
1503.59191894531,46,21,57,16,36.8567959895098,-1.21813944107903,398
1467.7353515625,43,18,68,8,36.8880457221175,-1.21813944107903,410
1467.7353515625,43,18,68,8,36.8901290376247,-1.21813944107903,417
1445.55029296875,40,19,75,0,36.8963789841462,-1.21813944107903,448
1423.79528808594,40,19,74,0,36.9088788771893,-1.21813944107903,474
1323.03955078125,39,18,70,0,36.9297120322611,-1.21813944107903,513
1305.005859375,39,18,72,0,36.9380452942898,-1.21813944107903,475
1305.005859375,39,18,72,0,36.9422119253041,-1.21813944107903,463
1309.97937011719,44,15,70,3,36.9692950268975,-1.21813944107903,544
1215.69738769531,48,17,70,6,37.0005447595051,-1.21813944107903,763
1176.66748046875,48,23,63,18,37.0088780215338,-1.21813944107903,918
1151.53002929688,47,18,67,15,37.0172112835626,-1.21813944107903,783
1109.44775390625,44,16,70,0,37.0422110696487,-1.21813944107903,630
1104.11279296875,45,16,72,1,37.0442943851559,-1.21813944107903,632
1102.99780273438,43,11,72,4,37.0880440108066,-1.21813944107903,615
1114.63684082031,44,11,71,5,37.0963772728353,-1.21813944107903,666
1120.55065917969,41,10,68,5,37.1047105348641,-1.21813944107903,567
1101.46057128906,41,11,70,2,37.1151271123999,-1.21813944107903,586
1022.60668945312,41,10,71,0,37.1297103209502,-1.21813944107903,552
1022.60668945312,41,10,71,0,37.1317936364574,-1.21813944107903,557
567.572570800781,37,14,70,0,36.5192988773469,-1.22022279511551,772
567.572570800781,37,14,70,0,36.5234655083613,-1.22022279511551,808
735.314331054688,39,16,68,3,36.5547152409689,-1.22022279511551,741
842.357238769531,41,15,68,5,36.567215134012,-1.22022279511551,652
981.793640136719,45,18,68,4,36.5692984495192,-1.22022279511551,705
981.793640136719,45,18,68,4,36.5734650805336,-1.22022279511551,731
1257.68981933594,50,26,62,1,36.5859649735766,-1.22022279511551,679
1552.23156738281,49,16,66,5,36.6088814441556,-1.22022279511551,635
1554.37097167969,48,21,58,43,36.6442978077776,-1.22022279511551,545
1627.30078125,47,20,58,2,36.6526310698063,-1.22022279511551,581
1663.95776367188,49,18,58,14,36.683880802414,-1.22022279511551,463
1648.64562988281,52,21,58,18,36.6922140644427,-1.22022279511551,487
1644.83251953125,53,16,57,22,36.706797272993,-1.22022279511551,471
1635.78540039062,52,18,62,37,36.7234637970504,-1.22022279511551,483
1609.83203125,52,17,58,11,36.7359636900935,-1.22022279511551,507
1602.07482910156,48,19,57,17,36.7547135296581,-1.22022279511551,528
1587.11145019531,50,16,57,10,36.7692967382083,-1.22022279511551,474
1587.11145019531,50,16,57,10,36.7755466847299,-1.22022279511551,477
1560.91455078125,47,21,58,19,36.7942965242945,-1.22022279511551,489
1552.43664550781,47,20,58,2,36.823462941395,-1.22022279511551,416
1476.58813476562,43,19,66,7,36.881795775596,-1.22022279511551,418
1403.21594238281,41,17,72,8,36.917212139218,-1.22022279511551,459
1304.63330078125,43,15,68,4,36.9588784493616,-1.22022279511551,541
1310.30395507812,44,15,71,3,36.9672117113903,-1.22022279511551,528
1215.69738769531,48,17,70,6,36.9963781284908,-1.22022279511551,714
1151.53002929688,47,18,67,15,37.0172112835626,-1.22022279511551,798
1118.16589355469,45,15,67,0,37.0297111766056,-1.22022279511551,584
1100.86547851562,45,12,69,1,37.0588775937061,-1.22022279511551,632
1100.60510253906,43,12,69,0,37.0755441177636,-1.22022279511551,615
1102.99780273438,43,11,72,4,37.0880440108066,-1.22022279511551,650
1062.015625,41,10,70,0,37.1234603744287,-1.22022279511551,585
1062.015625,41,10,70,0,37.1255436899358,-1.22022279511551,621
642.885620117188,39,15,68,5,36.5380487169115,-1.22230614915198,789
1098.38525390625,48,19,65,6,36.5797150270551,-1.22230614915198,746
1257.68981933594,50,26,62,1,36.5859649735766,-1.22230614915198,702
1492.36279296875,51,23,57,29,36.6297145992274,-1.22230614915198,719
1645.52282714844,52,14,60,5,36.7172138505289,-1.22230614915198,457
1583.52478027344,48,20,57,18,36.777630000237,-1.22230614915198,468
1583.52478027344,48,20,57,18,36.7817966312514,-1.22230614915198,539
1573.93701171875,47,23,58,39,36.7922132087873,-1.22230614915198,501
1552.77624511719,48,24,56,24,36.8047131018304,-1.22230614915198,513
1552.77624511719,48,24,56,24,36.8088797328447,-1.22230614915198,441
1556.75024414062,48,22,58,17,36.8338795189309,-1.22230614915198,429
1553.04577636719,47,22,56,40,36.8380461499452,-1.22230614915198,424
1553.04577636719,47,22,56,40,36.8422127809596,-1.22230614915198,413
1476.58813476562,43,19,66,7,36.881795775596,-1.22230614915198,409
1445.55029296875,40,19,75,0,36.894295668639,-1.22230614915198,440
1403.21594238281,41,17,72,8,36.9151288237108,-1.22230614915198,484
1365.71630859375,40,19,69,12,36.9213787702324,-1.22230614915198,482
1323.03955078125,39,18,70,0,36.9338786632754,-1.22230614915198,520
1305.005859375,39,18,72,0,36.9422119253041,-1.22230614915198,480
1302.26257324219,41,17,68,2,36.9463785563185,-1.22230614915198,500
1304.63330078125,43,15,68,4,36.9547118183472,-1.22230614915198,505
1104.11279296875,45,16,72,1,37.0463777006631,-1.22230614915198,626
1102.99780273438,43,11,72,4,37.0901273263138,-1.22230614915198,655
1114.63684082031,44,11,71,5,37.0942939573282,-1.22230614915198,591
700.378051757812,38,15,68,0,36.5442986634331,-1.22438950318846,806
752.340026855469,38,17,68,8,36.5567985564761,-1.22438950318846,704
854.080932617188,40,15,68,6,36.5651318185048,-1.22438950318846,649
966.119018554688,44,16,68,1,36.5755483960407,-1.22438950318846,721
1233.05712890625,50,20,61,8,36.590131604591,-1.22438950318846,661
1525.77868652344,49,17,63,6,36.6047148131412,-1.22438950318846,655
1512.40783691406,49,17,62,6,36.6109647596628,-1.22438950318846,679
1543.341796875,52,21,59,25,36.6442978077776,-1.22438950318846,585
1543.341796875,52,21,59,25,36.6463811232848,-1.22438950318846,586
1606.06604003906,50,22,59,18,36.6567977008207,-1.22438950318846,582
1663.57458496094,50,24,57,36,36.6630476473422,-1.22438950318846,509
1655.64904785156,50,22,58,23,36.6776308558925,-1.22438950318846,527
1588.94934082031,49,17,59,23,36.7588801606724,-1.22438950318846,539
1579.97900390625,49,19,59,20,36.7609634761796,-1.22438950318846,516
1571.08544921875,50,20,57,15,36.7755466847299,-1.22438950318846,495
1567.02783203125,50,17,57,16,36.7838799467586,-1.22438950318846,547
1533.69470214844,47,21,59,17,36.8151296793663,-1.22438950318846,424
1530.97521972656,47,25,58,38,36.8192963103806,-1.22438950318846,437
1530.97521972656,47,25,58,38,36.823462941395,-1.22438950318846,431
1533.03796386719,47,25,58,31,36.8297128879165,-1.22438950318846,438
1530.90246582031,47,22,56,13,36.8380461499452,-1.22438950318846,449
1515.68347167969,46,22,56,20,36.8484627274811,-1.22438950318846,445
1450.05529785156,44,20,67,8,36.8776291445816,-1.22438950318846,412
1429.310546875,42,18,70,4,36.8984622996534,-1.22438950318846,460
1415.00427246094,43,18,72,4,36.9088788771893,-1.22438950318846,482
1401.83032226562,43,19,74,3,36.9151288237108,-1.22438950318846,489
1366.1298828125,41,17,75,0,36.9255454012467,-1.22438950318846,464
1319.53503417969,38,17,70,2,36.9338786632754,-1.22438950318846,488
1287.39343261719,40,16,69,7,36.9484618718257,-1.22438950318846,473
1286.0078125,41,16,68,0,36.9588784493616,-1.22438950318846,505
1134.82495117188,46,16,67,6,37.0151279680554,-1.22438950318846,764
1134.82495117188,46,16,67,6,37.0172112835626,-1.22438950318846,774
1121.69506835938,44,14,71,0,37.0401277541415,-1.22438950318846,648
1121.31457519531,45,14,73,3,37.0505443316774,-1.22438950318846,640
1115.08752441406,45,14,78,1,37.0526276471846,-1.22438950318846,639
1142.66040039062,44,13,76,0,37.0984605883425,-1.22438950318846,642
1114.79064941406,42,10,69,2,37.1130437968928,-1.22438950318846,583
1114.79064941406,42,10,69,2,37.1172104279071,-1.22438950318846,613
1043.92419433594,40,10,68,1,37.1255436899358,-1.22438950318846,576
581.4013671875,37,14,70,0,36.5192988773469,-1.22647285722493,774
624.331420898438,37,13,70,3,36.53179877039,-1.22647285722493,697
752.340026855469,38,17,68,8,36.5526319254618,-1.22647285722493,717
1060.24829101562,47,18,66,1,36.5776317115479,-1.22647285722493,696
1233.05712890625,50,20,61,8,36.5880482890838,-1.22647285722493,632
1438.18041992188,50,20,61,7,36.5963815511125,-1.22647285722493,660
1477.98388671875,50,19,66,5,36.6192980216915,-1.22647285722493,668
1477.98388671875,50,19,66,5,36.6234646527058,-1.22647285722493,749
1482.24914550781,50,24,60,7,36.6317979147345,-1.22647285722493,657
1606.06604003906,50,22,59,18,36.6547143853135,-1.22647285722493,560
1663.57458496094,50,24,57,36,36.6630476473422,-1.22647285722493,520
1642.69567871094,53,21,59,46,36.6901307489355,-1.22647285722493,472
1633.26062011719,55,13,58,6,36.7088805885002,-1.22647285722493,438
1630.884765625,54,16,61,20,36.7130472195145,-1.22647285722493,450
1591.48278808594,49,18,60,41,36.7442969521222,-1.22647285722493,517
1588.94934082031,49,17,59,23,36.7526302141509,-1.22647285722493,488
1567.02783203125,50,17,57,16,36.7817966312514,-1.22647285722493,485
1562.84240722656,47,18,56,15,36.7880465777729,-1.22647285722493,488
1446.60302734375,46,20,62,10,36.8713791980601,-1.22647285722493,408
1450.05529785156,44,20,67,8,36.8776291445816,-1.22647285722493,436
1450.05529785156,44,20,67,8,36.881795775596,-1.22647285722493,442
1401.83032226562,43,19,74,3,36.9151288237108,-1.22647285722493,518
1286.0078125,41,16,68,0,36.9567951338544,-1.22647285722493,481
1292.68872070312,44,14,69,0,36.9692950268975,-1.22647285722493,524
1292.68872070312,44,14,69,0,36.9713783424046,-1.22647285722493,518
1115.08752441406,45,14,78,1,37.0526276471846,-1.22647285722493,643
1115.89587402344,45,13,74,0,37.069294171242,-1.22647285722493,646
1115.89587402344,45,13,74,0,37.0755441177636,-1.22647285722493,660
1043.92419433594,40,10,68,1,37.1213770589215,-1.22647285722493,623
979.78955078125,41,0,0,2,37.1338769519646,-1.22647285722493,588
668.102355957031,38,14,68,5,36.5380487169115,-1.22855621126141,762
700.378051757812,38,15,68,0,36.5484652944474,-1.22855621126141,740
752.340026855469,38,17,68,8,36.5567985564761,-1.22855621126141,636
1642.69567871094,53,21,59,46,36.6922140644427,-1.22855621126141,423
1617.63708496094,54,16,57,13,36.7213804815432,-1.22855621126141,441
1599.33325195312,53,15,58,15,36.7317970590791,-1.22855621126141,465
1579.97900390625,49,19,59,20,36.765130107194,-1.22855621126141,435
1571.08544921875,50,20,57,15,36.7713800537155,-1.22855621126141,477
1562.84240722656,47,18,56,15,36.7859632622658,-1.22855621126141,459
1554.11376953125,48,19,58,13,36.7942965242945,-1.22855621126141,463
1533.03796386719,47,25,58,31,36.8317962034237,-1.22855621126141,450
1485.57800292969,45,20,56,24,36.8547126740026,-1.22855621126141,410
1485.57800292969,45,20,56,24,36.8567959895098,-1.22855621126141,432
1485.57800292969,45,20,56,24,36.858879305017,-1.22855621126141,444
1429.310546875,42,18,70,4,36.894295668639,-1.22855621126141,430
1401.83032226562,43,19,74,3,36.9151288237108,-1.22855621126141,531
1366.1298828125,41,17,75,0,36.9192954547252,-1.22855621126141,537
1366.1298828125,41,17,75,0,36.9234620857395,-1.22855621126141,536
1296.11474609375,38,17,70,4,36.9422119253041,-1.22855621126141,499
1282.29772949219,44,15,69,5,36.9838782354477,-1.22855621126141,628
1209.00830078125,46,25,68,22,37.0005447595051,-1.22855621126141,871
1113.85375976562,44,16,71,1,37.0317944921128,-1.22855621126141,569
1121.69506835938,44,14,71,0,37.0380444386343,-1.22855621126141,620
1115.08752441406,45,14,78,1,37.0588775937061,-1.22855621126141,685
1115.89587402344,45,13,74,0,37.069294171242,-1.22855621126141,639
1126.81298828125,44,15,77,0,37.0859606952994,-1.22855621126141,645
1126.81298828125,44,15,77,0,37.0901273263138,-1.22855621126141,655
1142.66040039062,44,13,76,0,37.0942939573282,-1.22855621126141,646
1043.92419433594,40,10,68,1,37.1192937434143,-1.22855621126141,612
1043.92419433594,40,10,68,1,37.1255436899358,-1.22855621126141,567
581.4013671875,37,14,70,0,36.5234655083613,-1.23063956529788,763
624.331420898438,37,13,70,3,36.53179877039,-1.23063956529788,707
700.378051757812,38,15,68,0,36.5442986634331,-1.23063956529788,801
1060.24829101562,47,18,66,1,36.5776317115479,-1.23063956529788,671
1438.18041992188,50,20,61,7,36.5984648666197,-1.23063956529788,684
1525.77868652344,49,17,63,6,36.6026314976341,-1.23063956529788,647
1525.77868652344,49,17,63,6,36.6047148131412,-1.23063956529788,645
1525.77868652344,49,17,63,6,36.6067981286484,-1.23063956529788,661
1477.98388671875,50,19,66,5,36.6213813371987,-1.23063956529788,665
1477.98388671875,50,19,66,5,36.625547968213,-1.23063956529788,734
1482.24914550781,50,24,60,7,36.6276312837202,-1.23063956529788,748
1509.74877929688,52,21,59,15,36.6359645457489,-1.23063956529788,700
1509.74877929688,52,21,59,15,36.6380478612561,-1.23063956529788,678
1633.26062011719,55,13,58,6,36.706797272993,-1.23063956529788,475
1630.884765625,54,16,61,20,36.7109639040073,-1.23063956529788,439
1617.63708496094,54,16,57,13,36.7255471125576,-1.23063956529788,463
1588.94934082031,49,17,59,23,36.7567968451653,-1.23063956529788,451
1567.02783203125,50,17,57,16,36.777630000237,-1.23063956529788,583
1515.68347167969,46,22,56,20,36.8442960964667,-1.23063956529788,451
1450.05529785156,44,20,67,8,36.8776291445816,-1.23063956529788,460
1366.1298828125,41,17,75,0,36.9192954547252,-1.23063956529788,532
1296.11474609375,38,17,70,4,36.9359619787826,-1.23063956529788,461
1282.29772949219,44,15,69,5,36.9817949199405,-1.23063956529788,642
1209.00830078125,46,25,68,22,36.9942948129836,-1.23063956529788,914
1121.69506835938,44,14,71,0,37.0422110696487,-1.23063956529788,624
1115.08752441406,45,14,78,1,37.0588775937061,-1.23063956529788,726
1043.92419433594,40,10,68,1,37.1213770589215,-1.23063956529788,642
979.78955078125,41,0,0,2,37.127627005443,-1.23063956529788,595
579.061279296875,38,13,70,0,36.5172155618397,-1.23272291933435,871
764.804138183594,38,13,68,0,36.5567985564761,-1.23272291933435,625
842.201599121094,40,15,68,1,36.567215134012,-1.23272291933435,645
988.986694335938,46,16,66,6,36.5797150270551,-1.23272291933435,673
1380.99182128906,48,18,62,12,36.6005481821269,-1.23272291933435,635
1467.20678710938,47,18,62,9,36.6088814441556,-1.23272291933435,640
1399.67517089844,50,19,64,9,36.6192980216915,-1.23272291933435,639
1399.67517089844,50,19,64,9,36.6234646527058,-1.23272291933435,677
1643.67944335938,51,20,57,19,36.6630476473422,-1.23272291933435,584
1626.6220703125,55,24,59,25,36.6963806954571,-1.23272291933435,437
1567.59716796875,51,17,55,41,36.7630467916868,-1.23272291933435,445
1545.07983398438,47,18,56,25,36.7984631553088,-1.23272291933435,414
1520.31372070312,46,23,56,9,36.8151296793663,-1.23272291933435,427
1510.58117675781,46,24,54,59,36.8317962034237,-1.23272291933435,445
1463.34545898438,44,21,56,10,36.8547126740026,-1.23272291933435,442
1404.40051269531,43,20,61,1,36.8755458290744,-1.23272291933435,463
1259.11657714844,41,16,75,1,36.9463785563185,-1.23272291933435,508
1259.11657714844,41,16,75,1,36.9505451873328,-1.23272291933435,510
1262.72302246094,44,14,68,3,36.9692950268975,-1.23272291933435,519
1250.75402832031,46,16,74,4,36.9797116044333,-1.23272291933435,676
1142.69128417969,46,19,67,2,37.0026280750123,-1.23272291933435,841
1108.875,45,20,66,2,37.0151279680554,-1.23272291933435,585
1109.05419921875,45,15,72,3,37.0317944921128,-1.23272291933435,644
1130.46179199219,44,15,73,1,37.0422110696487,-1.23272291933435,628
1147.11193847656,44,14,71,0,37.0963772728353,-1.23272291933435,526
1079.98645019531,41,11,70,0,37.1109604813856,-1.23272291933435,557
620.131286621094,37,14,70,1,36.5234655083613,-1.23480627337083,734
667.569458007812,39,15,68,0,36.5297154548828,-1.23480627337083,737
842.201599121094,40,15,68,1,36.5609651874905,-1.23480627337083,630
915.403198242188,45,16,68,0,36.5713817650264,-1.23480627337083,669
988.986694335938,46,16,66,6,36.5838816580694,-1.23480627337083,688
1167.76171875,48,22,63,3,36.5922149200982,-1.23480627337083,646
1467.20678710938,47,18,62,9,36.6026314976341,-1.23480627337083,666
1521.3916015625,51,26,59,33,36.6442978077776,-1.23480627337083,681
1521.3916015625,51,26,59,33,36.648464438792,-1.23480627337083,656
1655.75366210938,50,16,57,11,36.6692975938638,-1.23480627337083,481
1626.6220703125,55,24,59,25,36.6984640109643,-1.23480627337083,487
1610.95910644531,54,18,58,14,36.7130472195145,-1.23480627337083,396
1568.89880371094,54,14,59,14,36.7359636900935,-1.23480627337083,389
1568.89880371094,54,14,59,14,36.742213636615,-1.23480627337083,404
1573.66857910156,51,14,60,4,36.7484635831365,-1.23480627337083,391
1545.07983398438,47,18,56,25,36.7984631553088,-1.23480627337083,404
1545.07983398438,47,18,56,25,36.800546470816,-1.23480627337083,409
1533.02453613281,47,20,56,8,36.8067964173375,-1.23480627337083,440
1520.31372070312,46,23,56,9,36.8151296793663,-1.23480627337083,418
1520.31372070312,46,23,56,9,36.8172129948734,-1.23480627337083,417
1510.58117675781,46,24,54,59,36.8297128879165,-1.23480627337083,449
1463.34545898438,44,21,56,10,36.8547126740026,-1.23480627337083,459
1427.8212890625,45,20,57,12,36.8609626205242,-1.23480627337083,466
1395.99365234375,42,19,67,9,36.8776291445816,-1.23480627337083,449
1395.99365234375,42,19,67,9,36.8797124600888,-1.23480627337083,477
1365.50500488281,41,18,72,5,36.8963789841462,-1.23480627337083,507
1356.36010742188,42,18,72,6,36.9088788771893,-1.23480627337083,543
1350.80236816406,42,19,73,0,36.9109621926965,-1.23480627337083,529
1350.80236816406,42,19,73,0,36.9151288237108,-1.23480627337083,473
1327.14929199219,40,17,74,3,36.9234620857395,-1.23480627337083,458
1259.11657714844,41,16,75,1,36.9505451873328,-1.23480627337083,540
1251.98498535156,42,15,72,6,36.9588784493616,-1.23480627337083,493
1262.72302246094,44,14,68,3,36.9734616579118,-1.23480627337083,515
1250.75402832031,46,16,74,4,36.9817949199405,-1.23480627337083,598
1223.13732910156,45,16,74,0,36.9880448664621,-1.23480627337083,589
1109.05419921875,45,15,72,3,37.03387780762,-1.23480627337083,659
1135.19116210938,44,11,70,3,37.0838773797923,-1.23480627337083,574
620.131286621094,37,14,70,1,36.5255488238684,-1.2368896274073,707
842.201599121094,40,15,68,1,36.5651318185048,-1.2368896274073,628
915.403198242188,45,16,68,0,36.5692984495192,-1.2368896274073,660
988.986694335938,46,16,66,6,36.5776317115479,-1.2368896274073,654
1167.76171875,48,22,63,3,36.5859649735766,-1.2368896274073,704
1167.76171875,48,22,63,3,36.590131604591,-1.2368896274073,669
1380.99182128906,48,18,62,12,36.5963815511125,-1.2368896274073,706
1380.99182128906,48,18,62,12,36.5984648666197,-1.2368896274073,690
1380.99182128906,48,18,62,12,36.6005481821269,-1.2368896274073,667
1467.20678710938,47,18,62,9,36.6047148131412,-1.2368896274073,697
1467.79248046875,52,25,60,6,36.6359645457489,-1.2368896274073,717
1643.67944335938,51,20,57,19,36.660964331835,-1.2368896274073,590
1634.88439941406,55,23,58,25,36.6922140644427,-1.2368896274073,490
1610.95910644531,54,18,58,14,36.7130472195145,-1.2368896274073,421
1610.95910644531,54,18,58,14,36.7172138505289,-1.2368896274073,410
1567.59716796875,51,17,55,41,36.7609634761796,-1.2368896274073,428
1560.74365234375,50,17,58,25,36.7692967382083,-1.2368896274073,435
1552.33850097656,47,19,58,10,36.7922132087873,-1.2368896274073,427
1545.07983398438,47,18,56,25,36.800546470816,-1.2368896274073,422
1513.92004394531,47,28,54,72,36.8255462569021,-1.2368896274073,432
1490.99487304688,44,24,56,13,36.8463794119739,-1.2368896274073,467
1463.34545898438,44,21,56,10,36.8567959895098,-1.2368896274073,487
1463.34545898438,44,21,56,10,36.858879305017,-1.2368896274073,471
1404.40051269531,43,20,61,1,36.8734625135672,-1.2368896274073,477
1395.99365234375,42,19,67,9,36.8797124600888,-1.2368896274073,475
1383.89208984375,41,19,69,5,36.8901290376247,-1.2368896274073,491
1356.36010742188,42,18,72,6,36.9067955616821,-1.2368896274073,535
1327.14929199219,40,17,74,3,36.9192954547252,-1.2368896274073,464
1295.72216796875,39,20,77,0,36.9317953477682,-1.2368896274073,446
1276.43444824219,38,16,74,1,36.940128609797,-1.2368896274073,494
1259.11657714844,41,16,75,1,36.9484618718257,-1.2368896274073,482
1251.98498535156,42,15,72,6,36.9567951338544,-1.2368896274073,465
1223.13732910156,45,16,74,0,36.9859615509549,-1.2368896274073,675
1108.875,45,20,66,2,37.0151279680554,-1.2368896274073,547
1130.46179199219,44,15,73,1,37.0401277541415,-1.2368896274073,719
1128.93005371094,46,14,79,0,37.0588775937061,-1.2368896274073,755
1079.98645019531,41,11,70,0,37.1151271123999,-1.2368896274073,566
667.569458007812,39,15,68,0,36.5276321393756,-1.23897298144378,778
764.804138183594,38,13,68,0,36.5547152409689,-1.23897298144378,633
915.403198242188,45,16,68,0,36.5734650805336,-1.23897298144378,657
1412.71984863281,51,21,62,2,36.6297145992274,-1.23897298144378,680
1467.79248046875,52,25,60,6,36.6401311767633,-1.23897298144378,677
1643.67944335938,51,20,57,19,36.6672142783566,-1.23897298144378,482
1655.75366210938,50,16,57,11,36.6734642248781,-1.23897298144378,505
1655.75366210938,50,16,57,11,36.6755475403853,-1.23897298144378,489
1626.6220703125,55,24,59,25,36.6963806954571,-1.23897298144378,481
1572.52392578125,54,18,58,26,36.7338803745863,-1.23897298144378,405
1568.89880371094,54,14,59,14,36.7380470056006,-1.23897298144378,371
1573.25170898438,51,18,56,22,36.7526302141509,-1.23897298144378,406
1567.59716796875,51,17,55,41,36.7609634761796,-1.23897298144378,429
1560.74365234375,50,17,58,25,36.7692967382083,-1.23897298144378,436
1555.82495117188,48,19,57,16,36.7838799467586,-1.23897298144378,448
1520.31372070312,46,23,56,9,36.8172129948734,-1.23897298144378,426
1504.70458984375,45,24,56,52,36.835962834438,-1.23897298144378,468
1395.99365234375,42,19,67,9,36.8797124600888,-1.23897298144378,456
1383.89208984375,41,19,69,5,36.8901290376247,-1.23897298144378,520
1350.80236816406,42,19,73,0,36.9130455082036,-1.23897298144378,530
1295.72216796875,39,20,77,0,36.9276287167539,-1.23897298144378,443
1259.11657714844,41,16,75,1,36.9484618718257,-1.23897298144378,468
1251.98498535156,42,15,72,6,36.9588784493616,-1.23897298144378,507
1259.20068359375,43,14,69,5,36.9609617648687,-1.23897298144378,521
1259.20068359375,43,14,69,5,36.9672117113903,-1.23897298144378,495
1223.13732910156,45,16,74,0,36.9901281819692,-1.23897298144378,639
1108.875,45,20,66,2,37.0130446525482,-1.23897298144378,589
1134.25634765625,46,15,74,0,37.0505443316774,-1.23897298144378,759
1128.93005371094,46,14,79,0,37.056794278199,-1.23897298144378,791
1132.45043945312,46,13,73,0,37.069294171242,-1.23897298144378,721
1138.22473144531,43,13,73,1,37.092210641821,-1.23897298144378,533
1147.11193847656,44,14,71,0,37.0984605883425,-1.23897298144378,519
1139.67260742188,44,12,70,1,37.1067938503712,-1.23897298144378,566
1079.98645019531,41,11,70,0,37.1151271123999,-1.23897298144378,565
671.684326171875,39,16,67,5,36.5234655083613,-1.24105633548025,689
1091.80737304688,48,20,64,5,36.590131604591,-1.24105633548025,670
1300.9228515625,47,20,64,3,36.6005481821269,-1.24105633548025,718
1389.99035644531,46,19,62,8,36.6088814441556,-1.24105633548025,679
1357.87243652344,50,20,60,7,36.6109647596628,-1.24105633548025,690
1357.87243652344,50,20,60,7,36.6151313906771,-1.24105633548025,662
1318.08703613281,51,21,60,10,36.6297145992274,-1.24105633548025,673
1318.08703613281,51,21,60,10,36.6317979147345,-1.24105633548025,671
1638.46728515625,51,17,56,9,36.6713809093709,-1.24105633548025,504
1623.99353027344,58,20,56,23,36.6859641179212,-1.24105633548025,489
1614.80151367188,55,18,59,14,36.7026306419786,-1.24105633548025,500
1614.80151367188,55,18,59,14,36.7047139574858,-1.24105633548025,495
1579.09875488281,52,16,59,14,36.7588801606724,-1.24105633548025,424
1575.39245605469,50,15,56,20,36.7672134227011,-1.24105633548025,444
1568.67272949219,48,15,56,40,36.7713800537155,-1.24105633548025,433
1522.55236816406,46,20,53,46,36.8026297863232,-1.24105633548025,428
1490.36071777344,45,22,54,53,36.8338795189309,-1.24105633548025,427
1439.43432617188,44,19,58,7,36.8547126740026,-1.24105633548025,457
1348.08618164062,39,19,71,0,36.8797124600888,-1.24105633548025,481
1313.98083496094,39,18,78,0,36.9151288237108,-1.24105633548025,505
1261.56958007812,41,18,73,1,36.940128609797,-1.24105633548025,484
1239.89709472656,43,15,72,15,36.9442952408113,-1.24105633548025,549
1215.43322753906,44,15,64,1,36.9692950268975,-1.24105633548025,509
1169.55847167969,45,15,69,0,36.9901281819692,-1.24105633548025,618
1169.55847167969,45,15,69,0,36.9922114974764,-1.24105633548025,622
1149.26977539062,44,15,65,10,36.998461443998,-1.24105633548025,701
1123.80944824219,44,11,69,4,37.0797107487779,-1.24105633548025,588
1109.92236328125,42,11,68,0,37.0880440108066,-1.24105633548025,609
1099.47082519531,42,14,68,0,37.0942939573282,-1.24105633548025,540
712.84716796875,40,15,66,3,36.5276321393756,-1.24313968951672,791
770.718017578125,38,12,69,1,36.5526319254618,-1.24313968951672,683
1091.80737304688,48,20,64,5,36.5859649735766,-1.24313968951672,760
1296.87451171875,51,19,59,15,36.6213813371987,-1.24313968951672,698
1318.08703613281,51,21,60,10,36.6317979147345,-1.24313968951672,680
1416.24670410156,52,20,62,9,36.6380478612561,-1.24313968951672,618
1416.24670410156,52,20,62,9,36.6401311767633,-1.24313968951672,649
1507.80090332031,53,20,60,11,36.6463811232848,-1.24313968951672,703
1638.46728515625,51,17,56,9,36.6713809093709,-1.24313968951672,473
1604.990234375,56,19,61,15,36.7172138505289,-1.24313968951672,499
1575.05432128906,56,25,59,38,36.7380470056006,-1.24313968951672,473
1579.09875488281,52,16,59,14,36.7547135296581,-1.24313968951672,371
1575.39245605469,50,15,56,20,36.765130107194,-1.24313968951672,423
1558.31433105469,47,16,57,19,36.7838799467586,-1.24313968951672,429
1522.55236816406,46,20,53,46,36.8067964173375,-1.24313968951672,443
1497.86987304688,45,25,53,81,36.8192963103806,-1.24313968951672,405
1439.43432617188,44,19,58,7,36.8567959895098,-1.24313968951672,425
1402.90148925781,44,21,56,41,36.8630459360314,-1.24313968951672,482
1369.80529785156,43,18,63,8,36.8692958825529,-1.24313968951672,417
1348.08618164062,39,19,71,0,36.8776291445816,-1.24313968951672,486
1316.02758789062,39,16,74,3,36.894295668639,-1.24313968951672,508
1315.81359863281,40,20,77,0,36.9067955616821,-1.24313968951672,577
1275.61633300781,41,18,74,1,36.9276287167539,-1.24313968951672,512
1261.56958007812,41,18,73,1,36.9422119253041,-1.24313968951672,510
1215.43322753906,44,15,64,1,36.9734616579118,-1.24313968951672,514
1122.96398925781,46,0,0,2,37.0047113905195,-1.24313968951672,687
1094.74975585938,49,0,0,3,37.0130446525482,-1.24313968951672,768
1088.37548828125,45,0,0,0,37.0192945990697,-1.24313968951672,778
1123.80944824219,44,11,69,4,37.0797107487779,-1.24313968951672,574
1123.80944824219,44,11,69,4,37.0817940642851,-1.24313968951672,587
671.684326171875,39,16,67,5,36.5255488238684,-1.2452230435532,798
735.830871582031,39,15,70,0,36.5401320324187,-1.2452230435532,696
744.538452148438,38,14,69,5,36.5484652944474,-1.2452230435532,701
770.718017578125,38,12,69,1,36.5526319254618,-1.2452230435532,684
770.718017578125,38,12,69,1,36.5547152409689,-1.2452230435532,674
876.7802734375,45,13,67,1,36.5755483960407,-1.2452230435532,659
933.150756835938,46,16,68,2,36.5776317115479,-1.2452230435532,664
933.150756835938,46,16,68,2,36.5838816580694,-1.2452230435532,723
1389.99035644531,46,19,62,8,36.6047148131412,-1.2452230435532,685
1507.80090332031,53,20,60,11,36.6505477542992,-1.2452230435532,677
1627.20581054688,51,14,62,8,36.6651309628494,-1.2452230435532,457
1623.99353027344,58,20,56,23,36.6901307489355,-1.2452230435532,467
1588.42126464844,55,21,59,15,36.7234637970504,-1.2452230435532,427
1574.00036621094,55,15,57,15,36.7317970590791,-1.2452230435532,420
1575.05432128906,56,25,59,38,36.7359636900935,-1.2452230435532,472
1580.12463378906,53,17,56,57,36.7442969521222,-1.2452230435532,443
1568.67272949219,48,15,56,40,36.7692967382083,-1.2452230435532,436
1558.31433105469,47,16,57,19,36.7797133157442,-1.2452230435532,416
1537.3134765625,47,18,53,91,36.800546470816,-1.2452230435532,436
1522.55236816406,46,20,53,46,36.8047131018304,-1.2452230435532,436
1490.36071777344,45,22,54,53,36.8276295724093,-1.2452230435532,427
1480.40161132812,45,19,55,55,36.835962834438,-1.2452230435532,407
1402.90148925781,44,21,56,41,36.8651292515385,-1.2452230435532,470
1329.32141113281,39,19,77,2,36.8922123531319,-1.2452230435532,511
1275.61633300781,41,18,74,1,36.9276287167539,-1.2452230435532,530
1225.33312988281,44,17,63,7,36.9609617648687,-1.2452230435532,490
1149.26977539062,44,15,65,10,36.9942948129836,-1.2452230435532,655
1149.26977539062,44,15,65,10,37.0005447595051,-1.2452230435532,689
1088.37548828125,45,0,0,0,37.0255445455913,-1.2452230435532,861
1139.80383300781,47,15,78,1,37.0484610161702,-1.2452230435532,916
1138.00854492188,45,11,77,0,37.0651275402277,-1.2452230435532,786
1135.57495117188,45,11,73,0,37.0713774867492,-1.2452230435532,698
1135.57495117188,45,11,73,0,37.0755441177636,-1.2452230435532,628
1109.92236328125,42,11,68,0,37.0901273263138,-1.2452230435532,554
1072.25854492188,42,11,68,0,37.1088771658784,-1.2452230435532,545
712.84716796875,40,15,66,3,36.5338820858972,-1.24730639758967,693
744.538452148438,38,14,69,5,36.5442986634331,-1.24730639758967,721
1300.9228515625,47,20,64,3,36.6005481821269,-1.24730639758967,659
1357.87243652344,50,20,60,7,36.6172147061843,-1.24730639758967,660
1416.24670410156,52,20,62,9,36.6401311767633,-1.24730639758967,618
1507.80090332031,53,20,60,11,36.6442978077776,-1.24730639758967,573
1638.46728515625,51,17,56,9,36.6713809093709,-1.24730639758967,463
1614.80151367188,55,18,59,14,36.7047139574858,-1.24730639758967,473
1579.09875488281,52,16,59,14,36.7526302141509,-1.24730639758967,376
1579.09875488281,52,16,59,14,36.7567968451653,-1.24730639758967,387
1490.36071777344,45,22,54,53,36.8338795189309,-1.24730639758967,409
1480.40161132812,45,19,55,55,36.8422127809596,-1.24730639758967,383
1313.98083496094,39,18,78,0,36.9109621926965,-1.24730639758967,513
1313.98083496094,39,18,78,0,36.9130455082036,-1.24730639758967,511
1295.96362304688,39,19,77,0,36.9213787702324,-1.24730639758967,428
1295.96362304688,39,19,77,0,36.9255454012467,-1.24730639758967,558
1275.61633300781,41,18,74,1,36.9297120322611,-1.24730639758967,470
1275.61633300781,41,18,74,1,36.9317953477682,-1.24730639758967,466
1239.89709472656,43,15,72,15,36.9442952408113,-1.24730639758967,500
1169.55847167969,45,15,69,0,36.9880448664621,-1.24730639758967,644
1122.96398925781,46,0,0,2,37.0047113905195,-1.24730639758967,590
1111.38293457031,46,18,75,2,37.0317944921128,-1.24730639758967,653
1138.16186523438,46,14,77,3,37.0547109626918,-1.24730639758967,643
1123.80944824219,44,11,69,4,37.0776274332707,-1.24730639758967,606
1123.80944824219,44,11,69,4,37.0838773797923,-1.24730639758967,575
754.696594238281,39,14,68,1,36.5297154548828,-1.24938975162615,733
754.696594238281,39,14,68,1,36.53179877039,-1.24938975162615,696
1218.67358398438,48,18,66,2,36.5984648666197,-1.24938975162615,684
1577.02392578125,53,23,58,15,36.6567977008207,-1.24938975162615,537
1616.29211425781,53,23,56,23,36.6630476473422,-1.24938975162615,451
1622.23999023438,52,19,57,29,36.6713809093709,-1.24938975162615,465
1598.52465820312,61,20,57,7,36.6922140644427,-1.24938975162615,428
1607.27087402344,57,17,56,13,36.7026306419786,-1.24938975162615,483
1605.43090820312,55,18,59,15,36.7213804815432,-1.24938975162615,447
1602.05346679688,55,18,59,12,36.7276304280648,-1.24938975162615,407
1606.36279296875,55,15,60,17,36.7505468986437,-1.24938975162615,382
1563.57238769531,46,15,59,26,36.777630000237,-1.24938975162615,431
1563.57238769531,46,15,59,26,36.7817966312514,-1.24938975162615,454
1531.53295898438,45,17,59,6,36.7984631553088,-1.24938975162615,425
1514.78552246094,45,18,60,27,36.8088797328447,-1.24938975162615,410
1484.07958984375,44,19,56,36,36.8192963103806,-1.24938975162615,405
1484.07958984375,44,19,56,36,36.823462941395,-1.24938975162615,400
1411.67456054688,44,19,59,12,36.8567959895098,-1.24938975162615,422
1376.59875488281,43,19,64,3,36.8630459360314,-1.24938975162615,436
1301.98168945312,38,18,76,0,36.9130455082036,-1.24938975162615,513
1289.00427246094,38,22,77,0,36.9234620857395,-1.24938975162615,436
1245.13879394531,43,16,64,2,36.9588784493616,-1.24938975162615,568
1240.54614257812,43,15,64,2,36.9630450803759,-1.24938975162615,584
1240.54614257812,43,15,64,2,36.9672117113903,-1.24938975162615,574
1152.892578125,45,15,68,1,36.9922114974764,-1.24938975162615,587
1142.10571289062,46,19,74,1,37.0067947060267,-1.24938975162615,562
1110.40100097656,50,18,73,0,37.0234612300841,-1.24938975162615,667
1128.23120117188,43,11,70,1,37.069294171242,-1.24938975162615,763
1064.18383789062,42,10,68,0,37.092210641821,-1.24938975162615,575
1022.51745605469,41,11,69,4,37.0963772728353,-1.24938975162615,531
978.024475097656,40,12,68,0,37.1047105348641,-1.24938975162615,564
675.808227539062,38,18,66,10,36.5109656153182,-1.25147310566262,747
675.808227539062,38,18,66,10,36.5151322463326,-1.25147310566262,760
675.808227539062,38,18,66,10,36.5172155618397,-1.25147310566262,759
822.757141113281,44,13,69,0,36.5609651874905,-1.25147310566262,664
869.50732421875,46,14,67,2,36.5692984495192,-1.25147310566262,708
909.6015625,46,17,68,0,36.5776317115479,-1.25147310566262,672
909.6015625,46,17,68,0,36.5838816580694,-1.25147310566262,685
1030.82275390625,48,28,64,20,36.5922149200982,-1.25147310566262,706
1218.67358398438,48,18,66,2,36.5984648666197,-1.25147310566262,693
1218.67358398438,48,18,66,2,36.6005481821269,-1.25147310566262,675
1294.06274414062,50,21,64,6,36.6172147061843,-1.25147310566262,677
1391.10302734375,52,20,60,19,36.6422144922704,-1.25147310566262,665
1577.02392578125,53,23,58,15,36.6588810163279,-1.25147310566262,533
1622.23999023438,52,19,57,29,36.6713809093709,-1.25147310566262,443
1601.26831054688,58,20,57,10,36.6963806954571,-1.25147310566262,417
1608.86352539062,56,18,57,19,36.7151305350217,-1.25147310566262,419
1605.43090820312,55,18,59,15,36.7213804815432,-1.25147310566262,443
1602.05346679688,55,18,59,12,36.7317970590791,-1.25147310566262,404
1603.67553710938,52,16,59,20,36.7567968451653,-1.25147310566262,414
1563.57238769531,46,15,59,26,36.7838799467586,-1.25147310566262,443
1470.92236328125,44,18,56,22,36.8317962034237,-1.25147310566262,383
1340.50500488281,40,18,69,0,36.8713791980601,-1.25147310566262,568
1298.02209472656,39,18,78,0,36.8922123531319,-1.25147310566262,522
1301.98168945312,38,18,76,0,36.9109621926965,-1.25147310566262,522
1167.25085449219,44,15,67,6,36.9776282889262,-1.25147310566262,613
1152.892578125,45,15,68,1,36.9922114974764,-1.25147310566262,562
1142.10571289062,46,19,74,1,37.0067947060267,-1.25147310566262,543
1110.40100097656,50,18,73,0,37.0213779145769,-1.25147310566262,642
1110.40100097656,50,18,73,0,37.0255445455913,-1.25147310566262,692
1127.03540039062,45,15,74,4,37.0317944921128,-1.25147310566262,687
1142.93408203125,43,11,72,0,37.0630442247205,-1.25147310566262,712
1100.84753417969,43,10,67,0,37.0797107487779,-1.25147310566262,671
1022.51745605469,41,11,69,4,37.0963772728353,-1.25147310566262,539
623.509643554688,36,14,70,0,36.5067989843038,-1.2535564596991,782
772.799865722656,40,12,69,0,36.5567985564761,-1.2535564596991,662
822.757141113281,44,13,69,0,36.5630485029977,-1.2535564596991,645
1391.10302734375,52,20,60,19,36.6359645457489,-1.2535564596991,650
1506.11499023438,53,21,60,14,36.6442978077776,-1.2535564596991,668
1616.29211425781,53,23,56,23,36.6651309628494,-1.2535564596991,500
1608.86352539062,56,18,57,19,36.7172138505289,-1.2535564596991,437
1602.05346679688,55,18,59,12,36.7276304280648,-1.2535564596991,400
1606.36279296875,55,15,60,17,36.7505468986437,-1.2535564596991,381
1484.07958984375,44,19,56,36,36.8192963103806,-1.2535564596991,408
1484.07958984375,44,19,56,36,36.8255462569021,-1.2535564596991,415
1470.92236328125,44,18,56,22,36.8317962034237,-1.2535564596991,405
1470.92236328125,44,18,56,22,36.8338795189309,-1.2535564596991,389
1411.67456054688,44,19,59,12,36.8567959895098,-1.2535564596991,423
1313.51770019531,39,19,77,1,36.8797124600888,-1.2535564596991,555
1313.51770019531,39,19,77,1,36.8838790911031,-1.2535564596991,561
1298.02209472656,39,18,78,0,36.8922123531319,-1.2535564596991,574
1295.56079101562,39,20,78,0,36.8984622996534,-1.2535564596991,608
1301.98168945312,38,18,76,0,36.9151288237108,-1.2535564596991,506
1289.00427246094,38,22,77,0,36.9213787702324,-1.2535564596991,596
1268.732421875,41,18,78,0,36.9359619787826,-1.2535564596991,485
1255.26965332031,42,17,74,5,36.9442952408113,-1.2535564596991,507
1240.54614257812,43,15,64,2,36.9651283958831,-1.2535564596991,525
1142.10571289062,46,19,74,1,37.0026280750123,-1.2535564596991,510
1110.40100097656,50,18,73,0,37.0213779145769,-1.2535564596991,653
1149.43981933594,47,13,73,1,37.0463777006631,-1.2535564596991,816
1148.99279785156,45,11,72,6,37.0588775937061,-1.2535564596991,683
1128.23120117188,43,11,70,1,37.0713774867492,-1.2535564596991,736
1100.84753417969,43,10,67,0,37.0776274332707,-1.2535564596991,699
623.509643554688,36,14,70,0,36.5047156687967,-1.25563981373557,809
675.808227539062,38,18,66,10,36.5130489308254,-1.25563981373557,758
772.799865722656,40,12,69,0,36.5547152409689,-1.25563981373557,651
822.757141113281,44,13,69,0,36.5651318185048,-1.25563981373557,653
869.50732421875,46,14,67,2,36.5755483960407,-1.25563981373557,705
1218.67358398438,48,18,66,2,36.5963815511125,-1.25563981373557,711
1391.10302734375,52,20,60,19,36.6401311767633,-1.25563981373557,655
1622.23999023438,52,19,57,29,36.6713809093709,-1.25563981373557,436
1608.19323730469,53,22,58,17,36.683880802414,-1.25563981373557,471
1604.7109375,57,15,57,12,36.7401303211078,-1.25563981373557,379
1604.7109375,57,15,57,12,36.742213636615,-1.25563981373557,377
1603.67553710938,52,16,59,20,36.7567968451653,-1.25563981373557,419
1584.07763671875,48,15,58,25,36.7713800537155,-1.25563981373557,444
1584.07763671875,48,15,58,25,36.7755466847299,-1.25563981373557,452
1545.92407226562,45,14,58,13,36.7880465777729,-1.25563981373557,435
1531.53295898438,45,17,59,6,36.7942965242945,-1.25563981373557,426
1470.92236328125,44,18,56,22,36.8338795189309,-1.25563981373557,407
1302.02722167969,40,16,76,1,36.9026289306677,-1.25563981373557,501
1268.732421875,41,18,78,0,36.9422119253041,-1.25563981373557,503
1240.54614257812,43,15,64,2,36.9609617648687,-1.25563981373557,517
1210.60095214844,44,14,66,11,36.9692950268975,-1.25563981373557,524
1155.13916015625,46,16,70,4,36.9942948129836,-1.25563981373557,544
1155.13916015625,46,16,70,4,36.9963781284908,-1.25563981373557,558
1155.13916015625,46,16,70,4,36.998461443998,-1.25563981373557,572
1142.69909667969,46,14,75,1,37.0380444386343,-1.25563981373557,768
1149.43981933594,47,13,73,1,37.0442943851559,-1.25563981373557,844
1149.43981933594,47,13,73,1,37.0505443316774,-1.25563981373557,722
1142.93408203125,43,11,72,0,37.0609609092133,-1.25563981373557,716
1142.93408203125,43,11,72,0,37.0630442247205,-1.25563981373557,716
1100.84753417969,43,10,67,0,37.0817940642851,-1.25563981373557,767
766.077026367188,38,14,67,2,36.5213821928541,-1.25772316777204,711
790.692260742188,38,14,69,4,36.5276321393756,-1.25772316777204,657
772.653198242188,39,14,68,4,36.5380487169115,-1.25772316777204,676
772.653198242188,39,14,68,4,36.5422153479259,-1.25772316777204,755
836.216674804688,43,13,68,0,36.5609651874905,-1.25772316777204,669
1525.48620605469,53,19,59,22,36.6463811232848,-1.25772316777204,624
1612.2607421875,54,21,58,14,36.6692975938638,-1.25772316777204,474
1562.22448730469,57,23,56,19,36.6901307489355,-1.25772316777204,478
1613.3154296875,53,14,57,11,36.742213636615,-1.25772316777204,363
1614.16772460938,52,14,59,15,36.7505468986437,-1.25772316777204,417
1581.13049316406,49,14,59,21,36.7755466847299,-1.25772316777204,437
1535.70532226562,44,13,60,7,36.7901298932801,-1.25772316777204,435
1519.99987792969,44,16,61,7,36.7942965242945,-1.25772316777204,424
1519.99987792969,44,16,61,7,36.800546470816,-1.25772316777204,444
1502.90026855469,44,16,62,4,36.8026297863232,-1.25772316777204,455
1484.54528808594,42,16,61,8,36.8172129948734,-1.25772316777204,459
1450.63720703125,44,15,58,14,36.8297128879165,-1.25772316777204,399
1433.20727539062,45,18,59,29,36.8422127809596,-1.25772316777204,417
1413.49877929688,43,17,63,8,36.8484627274811,-1.25772316777204,488
1307.53173828125,40,15,73,3,36.8755458290744,-1.25772316777204,553
1287.61169433594,40,16,75,5,36.9005456151606,-1.25772316777204,543
1281.92932128906,41,15,72,1,36.9442952408113,-1.25772316777204,548
1281.92932128906,41,15,72,1,36.9505451873328,-1.25772316777204,615
1283.9755859375,42,15,72,0,36.9630450803759,-1.25772316777204,520
1252.35241699219,43,16,68,2,36.9713783424046,-1.25772316777204,529
1210.26428222656,43,14,69,1,36.9776282889262,-1.25772316777204,565
1143.95092773438,47,16,74,0,37.0297111766056,-1.25772316777204,733
1151.09912109375,46,16,73,3,37.0359611231272,-1.25772316777204,800
1158.26086425781,45,12,72,5,37.0484610161702,-1.25772316777204,830
1158.01440429688,45,11,72,6,37.0526276471846,-1.25772316777204,738
1158.01440429688,45,11,72,6,37.0588775937061,-1.25772316777204,730
1083.59692382812,43,10,68,1,37.0797107487779,-1.25772316777204,631
1029.50537109375,43,11,71,0,37.0901273263138,-1.25772316777204,645
963.516418457031,43,11,70,1,37.0984605883425,-1.25772316777204,637
654.524291992188,37,15,68,1,36.5026323532895,-1.25980652180852,808
708.47216796875,38,14,66,2,36.5109656153182,-1.25980652180852,723
766.077026367188,38,14,67,2,36.5234655083613,-1.25980652180852,680
773.260803222656,39,13,69,1,36.5526319254618,-1.25980652180852,659
1148.3681640625,48,18,65,5,36.5963815511125,-1.25980652180852,706
1267.03259277344,49,19,65,0,36.625547968213,-1.25980652180852,646
1324.80444335938,50,20,65,6,36.6297145992274,-1.25980652180852,624
1431.36083984375,52,21,60,15,36.6380478612561,-1.25980652180852,674
1525.48620605469,53,19,59,22,36.6442978077776,-1.25980652180852,642
1611.15795898438,53,22,58,39,36.660964331835,-1.25980652180852,549
1587.18640136719,55,26,58,53,36.6817974869068,-1.25980652180852,440
1573.94458007812,57,16,59,15,36.7026306419786,-1.25980652180852,464
1613.3154296875,53,14,57,11,36.7401303211078,-1.25980652180852,474
1614.16772460938,52,14,59,15,36.7484635831365,-1.25980652180852,448
1598.48596191406,51,13,59,13,36.7630467916868,-1.25980652180852,422
1519.99987792969,44,16,61,7,36.7984631553088,-1.25980652180852,456
1413.49877929688,43,17,63,8,36.8505460429883,-1.25980652180852,506
1283.68640136719,40,21,77,0,36.8776291445816,-1.25980652180852,551
1287.61169433594,40,16,75,5,36.894295668639,-1.25980652180852,499
1295.61840820312,40,18,75,5,36.9026289306677,-1.25980652180852,457
1294.15014648438,38,19,77,1,36.917212139218,-1.25980652180852,497
1285.615234375,39,19,75,1,36.9192954547252,-1.25980652180852,530
1283.23217773438,41,16,76,0,36.9380452942898,-1.25980652180852,511
1283.23217773438,41,16,76,0,36.940128609797,-1.25980652180852,518
1283.9755859375,42,15,72,0,36.9630450803759,-1.25980652180852,578
1163.01257324219,45,15,74,5,37.010961337041,-1.25980652180852,545
1163.01257324219,45,15,74,5,37.0172112835626,-1.25980652180852,606
1151.09912109375,46,16,73,3,37.0359611231272,-1.25980652180852,843
1029.50537109375,43,11,71,0,37.0880440108066,-1.25980652180852,622
594.523010253906,36,14,70,0,36.4963824067679,-1.26188987584499,889
594.523010253906,36,14,70,0,36.5005490377823,-1.26188987584499,807
755.523742675781,40,15,68,1,36.5463819789402,-1.26188987584499,722
755.523742675781,40,15,68,1,36.5484652944474,-1.26188987584499,689
773.260803222656,39,13,69,1,36.5567985564761,-1.26188987584499,645
836.216674804688,43,13,68,0,36.5609651874905,-1.26188987584499,675
933.07568359375,45,13,67,1,36.5776317115479,-1.26188987584499,695
1008.76995849609,46,17,66,4,36.5859649735766,-1.26188987584499,745
1267.03259277344,49,19,65,0,36.625547968213,-1.26188987584499,634
1431.36083984375,52,21,60,15,36.6380478612561,-1.26188987584499,674
1525.48620605469,53,19,59,22,36.6505477542992,-1.26188987584499,626
1581.13049316406,49,14,59,21,36.7755466847299,-1.26188987584499,423
1519.99987792969,44,16,61,7,36.7963798398016,-1.26188987584499,466
1467.49987792969,40,18,61,5,36.8255462569021,-1.26188987584499,465
1279.90161132812,39,16,75,0,36.8901290376247,-1.26188987584499,461
1287.61169433594,40,16,75,5,36.8984622996534,-1.26188987584499,500
1295.61840820312,40,18,75,5,36.9088788771893,-1.26188987584499,500
1285.615234375,39,19,75,1,36.9213787702324,-1.26188987584499,521
1285.615234375,39,19,75,1,36.9255454012467,-1.26188987584499,555
1283.9755859375,42,15,72,0,36.9651283958831,-1.26188987584499,548
1252.35241699219,43,16,68,2,36.9713783424046,-1.26188987584499,546
1151.09912109375,46,16,73,3,37.0422110696487,-1.26188987584499,894
1158.01440429688,45,11,72,6,37.056794278199,-1.26188987584499,754
1083.59692382812,43,10,68,1,37.0797107487779,-1.26188987584499,617
654.524291992188,37,15,68,1,36.5047156687967,-1.26397322988147,703
773.260803222656,39,13,69,1,36.5547152409689,-1.26397322988147,646
901.816223144531,45,14,68,0,36.5755483960407,-1.26397322988147,683
1148.3681640625,48,18,65,5,36.5963815511125,-1.26397322988147,682
1611.15795898438,53,22,58,39,36.6672142783566,-1.26397322988147,562
1587.18640136719,55,26,58,53,36.6817974869068,-1.26397322988147,437
1587.18640136719,55,26,58,53,36.683880802414,-1.26397322988147,432
1562.22448730469,57,23,56,19,36.6922140644427,-1.26397322988147,416
1560.51843261719,57,20,57,26,36.6963806954571,-1.26397322988147,402
1573.94458007812,57,16,59,15,36.7047139574858,-1.26397322988147,402
1599.70861816406,55,12,58,5,36.7255471125576,-1.26397322988147,413
1613.3154296875,53,14,57,11,36.7359636900935,-1.26397322988147,458
1614.16772460938,52,14,59,15,36.7442969521222,-1.26397322988147,416
1614.16772460938,52,14,59,15,36.7463802676294,-1.26397322988147,412
1581.13049316406,49,14,59,21,36.7692967382083,-1.26397322988147,440
1450.63720703125,44,15,58,14,36.8297128879165,-1.26397322988147,454
1307.53173828125,40,15,73,3,36.8692958825529,-1.26397322988147,536
1307.53173828125,40,15,73,3,36.8734625135672,-1.26397322988147,533
1283.68640136719,40,21,77,0,36.8838790911031,-1.26397322988147,516
1294.15014648438,38,19,77,1,36.917212139218,-1.26397322988147,519
1285.615234375,39,19,75,1,36.9255454012467,-1.26397322988147,655
1283.55053710938,42,15,72,0,36.9567951338544,-1.26397322988147,550
1283.9755859375,42,15,72,0,36.9672117113903,-1.26397322988147,542
1252.35241699219,43,16,68,2,36.9734616579118,-1.26397322988147,562
1207.30249023438,44,14,71,5,36.9859615509549,-1.26397322988147,557
1199.98388671875,45,13,73,7,37.0088780215338,-1.26397322988147,648
1163.01257324219,45,15,74,5,37.010961337041,-1.26397322988147,636
1158.01440429688,45,11,72,6,37.0588775937061,-1.26397322988147,747
1083.59692382812,43,10,68,1,37.0776274332707,-1.26397322988147,649
1029.50537109375,43,11,71,0,37.092210641821,-1.26397322988147,664
963.516418457031,43,11,70,1,37.1005439038497,-1.26397322988147,655
619.29052734375,36,14,70,1,36.4984657222751,-1.26605658391794,823
667.658508300781,37,14,69,1,36.5026323532895,-1.26605658391794,719
719.840454101562,37,14,67,0,36.5130489308254,-1.26605658391794,691
784.762268066406,37,14,69,0,36.5234655083613,-1.26605658391794,688
773.59130859375,39,17,68,3,36.5422153479259,-1.26605658391794,691
1013.84942626953,45,16,68,2,36.5880482890838,-1.26605658391794,708
1332.97436523438,52,21,66,9,36.625547968213,-1.26605658391794,651
1608.43237304688,52,20,57,21,36.6630476473422,-1.26605658391794,535
1608.43237304688,52,20,57,21,36.6651309628494,-1.26605658391794,542
1608.43237304688,52,20,57,21,36.6672142783566,-1.26605658391794,549
1609.57934570312,53,21,57,11,36.6692975938638,-1.26605658391794,530
1609.57934570312,53,21,57,11,36.6734642248781,-1.26605658391794,494
1547.51000976562,55,16,57,20,36.7151305350217,-1.26605658391794,423
1572.43835449219,54,15,58,17,36.7317970590791,-1.26605658391794,455
1528.06762695312,44,15,58,21,36.7901298932801,-1.26605658391794,432
1472.05041503906,41,16,61,3,36.8130463638591,-1.26605658391794,539
1427.89636230469,42,17,64,2,36.8276295724093,-1.26605658391794,507
1427.89636230469,42,17,64,2,36.8338795189309,-1.26605658391794,494
1413.38415527344,41,19,65,4,36.8401294654524,-1.26605658391794,659
1320.27612304688,41,15,69,5,36.8651292515385,-1.26605658391794,556
1289.03601074219,39,23,73,0,36.9276287167539,-1.26605658391794,682
1296.54528808594,41,16,76,0,36.940128609797,-1.26605658391794,492
1300.06359863281,41,15,69,0,36.9442952408113,-1.26605658391794,493
1306.28088378906,42,14,68,0,36.95262850284,-1.26605658391794,553
1311.33752441406,42,15,67,0,36.9609617648687,-1.26605658391794,538
1311.33752441406,42,15,67,0,36.9630450803759,-1.26605658391794,509
1295.00659179688,43,13,71,0,36.9734616579118,-1.26605658391794,514
1275.75573730469,44,13,70,1,36.9797116044333,-1.26605658391794,480
1295.89294433594,43,13,73,7,36.9942948129836,-1.26605658391794,551
1167.41650390625,47,14,74,5,37.0234612300841,-1.26605658391794,717
1154.623046875,46,14,75,3,37.0526276471846,-1.26605658391794,770
1154.623046875,46,14,75,3,37.056794278199,-1.26605658391794,763
1093.7734375,45,13,72,2,37.0755441177636,-1.26605658391794,659
1036.81127929688,43,12,71,5,37.0776274332707,-1.26605658391794,637
667.658508300781,37,14,69,1,36.5047156687967,-1.26813993795441,707
719.840454101562,37,14,67,0,36.5172155618397,-1.26813993795441,720
768.501220703125,39,13,68,0,36.5588818719833,-1.26813993795441,634
846.503356933594,40,13,69,3,36.5609651874905,-1.26813993795441,633
846.503356933594,40,13,69,3,36.567215134012,-1.26813993795441,597
1222.9716796875,48,17,64,6,36.6130480751699,-1.26813993795441,710
1428.0751953125,53,20,65,11,36.6276312837202,-1.26813993795441,656
1428.0751953125,53,20,65,11,36.6338812302417,-1.26813993795441,646
1547.11169433594,52,21,60,23,36.6463811232848,-1.26813993795441,630
1584.69848632812,53,18,60,18,36.6547143853135,-1.26813993795441,589
1609.57934570312,53,21,57,11,36.6755475403853,-1.26813993795441,450
1521.53344726562,57,20,58,20,36.6984640109643,-1.26813993795441,397
1547.51000976562,55,16,57,20,36.7130472195145,-1.26813993795441,420
1545.900390625,46,16,59,14,36.777630000237,-1.26813993795441,428
1472.05041503906,41,16,61,3,36.8172129948734,-1.26813993795441,543
1289.51147460938,39,17,74,1,36.8963789841462,-1.26813993795441,468
1283.44421386719,37,19,78,0,36.9151288237108,-1.26813993795441,525
1296.54528808594,41,16,76,0,36.9422119253041,-1.26813993795441,480
1311.33752441406,42,15,67,0,36.9651283958831,-1.26813993795441,510
1275.75573730469,44,13,70,1,36.9797116044333,-1.26813993795441,475
1285.90380859375,43,13,70,2,36.9901281819692,-1.26813993795441,527
1295.89294433594,43,13,73,7,36.9942948129836,-1.26813993795441,528
1295.89294433594,43,13,73,7,36.9963781284908,-1.26813993795441,532
1295.89294433594,43,13,73,7,37.0005447595051,-1.26813993795441,620
1263.361328125,44,13,74,7,37.0088780215338,-1.26813993795441,663
1157.27697753906,47,14,74,5,37.0484610161702,-1.26813993795441,793
1154.623046875,46,14,75,3,37.056794278199,-1.26813993795441,781
1135.31787109375,45,12,73,5,37.0609609092133,-1.26813993795441,804
1036.81127929688,43,12,71,5,37.0776274332707,-1.26813993795441,715
977.200744628906,44,11,71,5,37.0880440108066,-1.26813993795441,713
977.200744628906,44,11,71,5,37.092210641821,-1.26813993795441,754
920.230590820312,44,11,73,3,37.0942939573282,-1.26813993795441,729
920.230590820312,44,11,73,3,37.0963772728353,-1.26813993795441,688
749.721374511719,40,13,68,0,36.5463819789402,-1.27022329199089,661
846.503356933594,40,13,69,3,36.5630485029977,-1.27022329199089,610
846.503356933594,40,13,69,3,36.5651318185048,-1.27022329199089,604
1584.69848632812,53,18,60,18,36.6588810163279,-1.27022329199089,593
1608.43237304688,52,20,57,21,36.6630476473422,-1.27022329199089,537
1562.833984375,55,13,58,12,36.719297166036,-1.27022329199089,425
1562.833984375,55,13,58,12,36.7255471125576,-1.27022329199089,456
1582.20239257812,49,9,61,5,36.7359636900935,-1.27022329199089,449
1583.62426757812,47,10,62,0,36.7526302141509,-1.27022329199089,443
1528.06762695312,44,15,58,21,36.7880465777729,-1.27022329199089,438
1472.05041503906,41,16,61,3,36.8109630483519,-1.27022329199089,550
1395.37463378906,37,19,65,1,36.8463794119739,-1.27022329199089,584
1395.37463378906,37,19,65,1,36.8505460429883,-1.27022329199089,589
1364.02172851562,38,15,65,4,36.8567959895098,-1.27022329199089,613
1364.02172851562,38,15,65,4,36.858879305017,-1.27022329199089,598
1281.14282226562,43,18,74,14,36.8692958825529,-1.27022329199089,584
1289.51147460938,39,17,74,1,36.894295668639,-1.27022329199089,477
1292.1396484375,39,20,78,3,36.9026289306677,-1.27022329199089,504
1289.03601074219,39,23,73,0,36.9338786632754,-1.27022329199089,490
1296.54528808594,41,16,76,0,36.9380452942898,-1.27022329199089,458
1296.54528808594,41,16,76,0,36.9422119253041,-1.27022329199089,461
1311.33752441406,42,15,67,0,36.9651283958831,-1.27022329199089,503
1285.90380859375,43,13,70,2,36.9880448664621,-1.27022329199089,499
1167.41650390625,47,14,74,5,37.0192945990697,-1.27022329199089,675
1167.41650390625,47,14,74,5,37.0234612300841,-1.27022329199089,665
1093.7734375,45,13,72,2,37.0713774867492,-1.27022329199089,794
988.160705566406,44,14,68,0,36.5817983425623,-1.27230664602736,688
1013.84942626953,45,16,68,2,36.5922149200982,-1.27230664602736,759
1609.57934570312,53,21,57,11,36.6692975938638,-1.27230664602736,488
1536.84252929688,58,20,58,14,36.6859641179212,-1.27230664602736,422
1536.84252929688,58,20,58,14,36.6922140644427,-1.27230664602736,418
1531.00659179688,56,19,60,39,36.706797272993,-1.27230664602736,454
1587.21752929688,47,11,62,1,36.7463802676294,-1.27230664602736,440
1583.62426757812,47,10,62,0,36.7526302141509,-1.27230664602736,446
1514.62512207031,44,14,61,10,36.7942965242945,-1.27230664602736,431
1497.60400390625,44,16,61,10,36.8067964173375,-1.27230664602736,451
1427.89636230469,42,17,64,2,36.8276295724093,-1.27230664602736,513
1395.37463378906,37,19,65,1,36.8484627274811,-1.27230664602736,711
1395.37463378906,37,19,65,1,36.8505460429883,-1.27230664602736,670
1364.02172851562,38,15,65,4,36.858879305017,-1.27230664602736,583
1320.27612304688,41,15,69,5,36.8672125670457,-1.27230664602736,580
1292.1396484375,39,20,78,3,36.9088788771893,-1.27230664602736,534
1283.44421386719,37,19,78,0,36.9109621926965,-1.27230664602736,554
1311.33752441406,42,15,67,0,36.9630450803759,-1.27230664602736,514
1275.75573730469,44,13,70,1,36.9797116044333,-1.27230664602736,483
1295.89294433594,43,13,73,7,36.9963781284908,-1.27230664602736,532
1154.12707519531,48,15,76,2,37.0276278610985,-1.27230664602736,742
1157.27697753906,47,14,74,5,37.0505443316774,-1.27230664602736,724
1036.81127929688,43,12,71,5,37.0838773797923,-1.27230664602736,666
920.230590820312,44,11,73,3,37.0942939573282,-1.27230664602736,751
798.509643554688,39,14,68,0,36.53179877039,-1.27439000006384,666
744.646850585938,40,13,70,0,36.5484652944474,-1.27439000006384,692
987.665222167969,45,15,68,4,36.5963815511125,-1.27439000006384,777
987.665222167969,45,15,68,4,36.5984648666197,-1.27439000006384,766
1170.14965820312,46,15,66,5,36.6109647596628,-1.27439000006384,634
1478.56762695312,53,20,62,8,36.6317979147345,-1.27439000006384,677
1527.92749023438,57,17,56,19,36.6922140644427,-1.27439000006384,415
1512.03503417969,56,15,56,18,36.7047139574858,-1.27439000006384,407
1536.80603027344,53,15,58,19,36.7276304280648,-1.27439000006384,463
1536.80603027344,53,15,58,19,36.7297137435719,-1.27439000006384,440
1542.75207519531,50,14,58,10,36.7401303211078,-1.27439000006384,424
1552.68530273438,46,11,61,13,36.7463802676294,-1.27439000006384,431
1559.17077636719,45,12,61,1,36.7567968451653,-1.27439000006384,413
1534.42578125,46,15,61,18,36.7901298932801,-1.27439000006384,421
1473.70349121094,44,15,62,9,36.8130463638591,-1.27439000006384,482
1371.30249023438,39,15,67,6,36.8442960964667,-1.27439000006384,641
1285.041015625,39,20,77,0,36.8859624066103,-1.27439000006384,472
1269.21203613281,38,19,78,0,36.9151288237108,-1.27439000006384,591
1319.19970703125,43,14,70,6,36.95262850284,-1.27439000006384,535
1319.19970703125,43,14,70,6,36.9567951338544,-1.27439000006384,542
1323.73315429688,43,15,68,0,36.9734616579118,-1.27439000006384,541
1344.04138183594,43,12,69,0,36.9901281819692,-1.27439000006384,577
1350.26049804688,42,12,69,1,36.9963781284908,-1.27439000006384,561
1350.26049804688,42,12,69,1,37.0005447595051,-1.27439000006384,595
1241.39343261719,44,13,74,5,37.0130446525482,-1.27439000006384,648
1241.39343261719,44,13,74,5,37.0172112835626,-1.27439000006384,647
1188.1826171875,46,13,74,4,37.0213779145769,-1.27439000006384,701
1188.1826171875,46,13,74,4,37.0234612300841,-1.27439000006384,681
967.07177734375,44,11,70,4,37.0797107487779,-1.27439000006384,599
967.07177734375,44,11,70,4,37.0838773797923,-1.27439000006384,638
916.930847167969,45,11,73,6,37.0859606952994,-1.27439000006384,673
955.426391601562,40,15,68,1,36.5692984495192,-1.27647335410031,618
1000.9501953125,45,14,68,1,36.5859649735766,-1.27647335410031,682
1030.21911621094,46,15,65,6,36.6067981286484,-1.27647335410031,690
1517.79443359375,53,17,62,24,36.6359645457489,-1.27647335410031,637
1569.29614257812,52,20,59,14,36.6547143853135,-1.27647335410031,573
1569.29614257812,52,20,59,14,36.6588810163279,-1.27647335410031,605
1598.69616699219,54,19,58,18,36.6672142783566,-1.27647335410031,610
1536.80603027344,53,15,58,19,36.7276304280648,-1.27647335410031,455
1559.17077636719,45,12,61,1,36.7547135296581,-1.27647335410031,421
1527.91748046875,45,14,59,14,36.7942965242945,-1.27647335410031,418
1510.822265625,46,16,60,33,36.8026297863232,-1.27647335410031,429
1390.28771972656,40,14,66,1,36.835962834438,-1.27647335410031,579
1274.96899414062,41,16,77,0,36.8755458290744,-1.27647335410031,514
1293.62255859375,39,20,77,0,36.9005456151606,-1.27647335410031,581
1269.21203613281,38,19,78,0,36.9130455082036,-1.27647335410031,569
1323.73315429688,43,15,68,0,36.9734616579118,-1.27647335410031,561
1326.62951660156,44,14,66,0,36.9797116044333,-1.27647335410031,599
1326.62951660156,44,14,66,0,36.9838782354477,-1.27647335410031,572
1310.41687011719,43,12,72,2,37.0026280750123,-1.27647335410031,603
1144.90466308594,47,13,73,3,37.0526276471846,-1.27647335410031,826
1144.90466308594,47,13,73,3,37.0547109626918,-1.27647335410031,892
837.582824707031,41,16,69,6,36.5609651874905,-1.27855670813679,629
955.426391601562,40,15,68,1,36.5713817650264,-1.27855670813679,611
1569.29614257812,52,20,59,14,36.6588810163279,-1.27855670813679,567
1576.8603515625,55,19,59,18,36.6797141713997,-1.27855670813679,447
1576.8603515625,55,19,59,18,36.6817974869068,-1.27855670813679,447
1512.03503417969,56,15,56,18,36.706797272993,-1.27855670813679,411
1512.03503417969,56,15,56,18,36.7088805885002,-1.27855670813679,414
1525.65051269531,54,15,58,10,36.7109639040073,-1.27855670813679,408
1542.75207519531,50,14,58,10,36.7359636900935,-1.27855670813679,403
1542.75207519531,50,14,58,10,36.7401303211078,-1.27855670813679,402
1542.75207519531,50,14,58,10,36.742213636615,-1.27855670813679,434
1560.07385253906,47,11,60,10,36.765130107194,-1.27855670813679,438
1554.57958984375,47,11,59,2,36.7734633692227,-1.27855670813679,441
1543.5380859375,47,15,58,13,36.7797133157442,-1.27855670813679,459
1527.91748046875,45,14,59,14,36.7963798398016,-1.27855670813679,463
1510.822265625,46,16,60,33,36.8067964173375,-1.27855670813679,428
1433.22985839844,40,18,64,0,36.8213796258878,-1.27855670813679,686
1406.71179199219,39,17,67,3,36.8276295724093,-1.27855670813679,737
1371.30249023438,39,15,67,6,36.8463794119739,-1.27855670813679,616
1303.03637695312,42,14,71,5,36.8651292515385,-1.27855670813679,618
1285.041015625,39,20,77,0,36.8922123531319,-1.27855670813679,553
1269.21203613281,38,19,78,0,36.9130455082036,-1.27855670813679,610
1310.29162597656,43,14,70,3,36.940128609797,-1.27855670813679,497
1314.30810546875,42,14,70,1,36.9505451873328,-1.27855670813679,536
1350.26049804688,42,12,69,1,36.9963781284908,-1.27855670813679,593
1310.41687011719,43,12,72,2,37.0026280750123,-1.27855670813679,604
1310.41687011719,43,12,72,2,37.0088780215338,-1.27855670813679,603
1241.39343261719,44,13,74,5,37.0130446525482,-1.27855670813679,600
1188.1826171875,46,13,74,4,37.0234612300841,-1.27855670813679,702
1114.74194335938,45,11,72,3,37.0672108557348,-1.27855670813679,631
1046.90051269531,43,10,70,2,37.0713774867492,-1.27855670813679,641
761.054809570312,39,15,68,0,36.5567985564761,-1.28064006217326,659
1000.9501953125,45,14,68,1,36.5880482890838,-1.28064006217326,629
987.665222167969,45,15,68,4,36.5984648666197,-1.28064006217326,679
987.665222167969,45,15,68,4,36.6005481821269,-1.28064006217326,687
1170.14965820312,46,15,66,5,36.6109647596628,-1.28064006217326,635
1598.69616699219,54,19,58,18,36.6672142783566,-1.28064006217326,599
1527.92749023438,57,17,56,19,36.6901307489355,-1.28064006217326,435
1512.03503417969,56,15,56,18,36.706797272993,-1.28064006217326,436
1559.17077636719,45,12,61,1,36.7588801606724,-1.28064006217326,430
1560.07385253906,47,11,60,10,36.765130107194,-1.28064006217326,444
1406.71179199219,39,17,67,3,36.8297128879165,-1.28064006217326,786
1371.30249023438,39,15,67,6,36.8463794119739,-1.28064006217326,606
1271.01647949219,39,18,75,6,36.8776291445816,-1.28064006217326,513
1319.19970703125,43,14,70,6,36.95262850284,-1.28064006217326,529
1326.62951660156,44,14,66,0,36.9817949199405,-1.28064006217326,561
1326.62951660156,44,14,66,0,36.9838782354477,-1.28064006217326,583
1310.41687011719,43,12,72,2,37.0026280750123,-1.28064006217326,602
1144.90466308594,47,13,73,3,37.0588775937061,-1.28064006217326,840
1114.74194335938,45,11,72,3,37.0609609092133,-1.28064006217326,755
967.07177734375,44,11,70,4,37.0776274332707,-1.28064006217326,660
943.990295410156,40,14,69,3,36.5713817650264,-1.28272341620973,648
967.014038085938,44,14,68,3,36.590131604591,-1.28272341620973,668
910.750244140625,44,13,69,3,36.6005481821269,-1.28272341620973,701
951.605529785156,45,13,67,3,36.6047148131412,-1.28272341620973,689
1507.22131347656,54,18,60,14,36.6422144922704,-1.28272341620973,572
1518.63159179688,52,18,62,10,36.6463811232848,-1.28272341620973,588
1518.63159179688,52,18,62,10,36.648464438792,-1.28272341620973,616
1592.74926757812,53,28,59,30,36.6713809093709,-1.28272341620973,568
1502.58020019531,54,14,57,16,36.6963806954571,-1.28272341620973,414
1528.38671875,54,15,60,13,36.7109639040073,-1.28272341620973,423
1524.40515136719,50,9,61,5,36.7317970590791,-1.28272341620973,431
1555.64721679688,44,11,58,15,36.7630467916868,-1.28272341620973,422
1545.005859375,44,13,64,9,36.7859632622658,-1.28272341620973,435
1488.34240722656,44,16,63,8,36.8130463638591,-1.28272341620973,439
1347.96008300781,41,17,68,0,36.8442960964667,-1.28272341620973,639
1256.93444824219,40,19,77,0,36.9130455082036,-1.28272341620973,693
1256.93444824219,40,19,77,0,36.9151288237108,-1.28272341620973,685
1307.8623046875,43,14,70,0,36.9276287167539,-1.28272341620973,591
1319.91345214844,42,14,68,0,36.9380452942898,-1.28272341620973,484
1340.21533203125,43,14,71,0,36.9713783424046,-1.28272341620973,558
1337.38305664062,43,12,70,0,37.0026280750123,-1.28272341620973,591
1337.38305664062,43,12,70,0,37.0047113905195,-1.28272341620973,603
1165.15478515625,48,13,75,0,37.0422110696487,-1.28272341620973,833
1152.22570800781,47,14,76,2,37.0442943851559,-1.28272341620973,770
1136.81372070312,46,12,75,1,37.0547109626918,-1.28272341620973,910
910.750244140625,44,13,69,3,36.5942982356053,-1.28480677024621,690
1342.37829589844,51,18,63,6,36.6192980216915,-1.28480677024621,627
1342.37829589844,51,18,63,6,36.625547968213,-1.28480677024621,623
1476.73876953125,53,19,60,12,36.6297145992274,-1.28480677024621,650
1518.63159179688,52,18,62,10,36.6505477542992,-1.28480677024621,614
1548.15356445312,55,27,58,15,36.6588810163279,-1.28480677024621,580
1567.13586425781,53,19,58,17,36.6797141713997,-1.28480677024621,505
1515.90185546875,55,15,57,13,36.7047139574858,-1.28480677024621,442
1529.43078613281,52,14,57,12,36.719297166036,-1.28480677024621,437
1550.794921875,41,10,61,1,36.7547135296581,-1.28480677024621,487
1545.66687011719,44,13,59,7,36.7942965242945,-1.28480677024621,441
1530.51525878906,46,16,58,32,36.8047131018304,-1.28480677024621,455
1488.34240722656,44,16,63,8,36.8109630483519,-1.28480677024621,443
1488.34240722656,44,16,63,8,36.8130463638591,-1.28480677024621,442
1433.47241210938,40,19,63,1,36.8192963103806,-1.28480677024621,689
1433.47241210938,40,19,63,1,36.823462941395,-1.28480677024621,653
1392.69897460938,36,16,66,0,36.8297128879165,-1.28480677024621,736
1299.52221679688,40,15,73,6,36.8630459360314,-1.28480677024621,604
1287.85266113281,37,21,78,0,36.8901290376247,-1.28480677024621,594
1266.14013671875,40,16,75,2,36.9026289306677,-1.28480677024621,537
1307.8623046875,43,14,70,0,36.9297120322611,-1.28480677024621,573
1329.501953125,44,13,70,2,36.9547118183472,-1.28480677024621,513
1340.21533203125,43,14,71,0,36.975544973419,-1.28480677024621,487
1337.38305664062,43,12,70,0,37.0067947060267,-1.28480677024621,638
1215.94653320312,46,13,75,3,37.0213779145769,-1.28480677024621,671
1183.3427734375,49,13,74,4,37.03387780762,-1.28480677024621,894
1165.15478515625,48,13,75,0,37.0422110696487,-1.28480677024621,896
1342.37829589844,51,18,63,6,36.6234646527058,-1.28689012428268,596
1476.73876953125,53,19,60,12,36.6338812302417,-1.28689012428268,648
1548.15356445312,55,27,58,15,36.6526310698063,-1.28689012428268,581
1548.15356445312,55,27,58,15,36.6567977008207,-1.28689012428268,586
1580.80212402344,53,25,58,22,36.6651309628494,-1.28689012428268,560
1515.90185546875,55,15,57,13,36.706797272993,-1.28689012428268,448
1529.43078613281,52,14,57,12,36.719297166036,-1.28689012428268,465
1545.13842773438,46,13,61,10,36.7838799467586,-1.28689012428268,433
1545.66687011719,44,13,59,7,36.7984631553088,-1.28689012428268,439
1433.47241210938,40,19,63,1,36.8192963103806,-1.28689012428268,627
1347.96008300781,41,17,68,0,36.8505460429883,-1.28689012428268,785
1284.37866210938,38,18,73,0,36.9005456151606,-1.28689012428268,592
1256.93444824219,40,19,77,0,36.917212139218,-1.28689012428268,548
1307.8623046875,43,14,70,0,36.9297120322611,-1.28689012428268,550
1319.91345214844,42,14,68,0,36.9380452942898,-1.28689012428268,519
1325.73681640625,43,14,69,0,36.9463785563185,-1.28689012428268,540
1373.80517578125,44,14,70,2,36.998461443998,-1.28689012428268,561
1152.22570800781,47,14,76,2,37.0484610161702,-1.28689012428268,877
1136.81372070312,46,12,75,1,37.0547109626918,-1.28689012428268,850
1136.81372070312,46,12,75,1,37.056794278199,-1.28689012428268,832
1004.14251708984,44,10,70,1,37.0755441177636,-1.28689012428268,615
1342.37829589844,51,18,63,6,36.6234646527058,-1.28897347831916,626
1476.73876953125,53,19,60,12,36.6276312837202,-1.28897347831916,644
1476.73876953125,53,19,60,12,36.6297145992274,-1.28897347831916,648
1507.22131347656,54,18,60,14,36.6422144922704,-1.28897347831916,562
1580.80212402344,53,25,58,22,36.6672142783566,-1.28897347831916,501
1592.74926757812,53,28,59,30,36.6713809093709,-1.28897347831916,544
1521.06457519531,54,14,57,6,36.6922140644427,-1.28897347831916,358
1515.90185546875,55,15,57,13,36.706797272993,-1.28897347831916,422
1528.38671875,54,15,60,13,36.7130472195145,-1.28897347831916,412
1551.36254882812,46,12,59,25,36.7692967382083,-1.28897347831916,424
1433.47241210938,40,19,63,1,36.8255462569021,-1.28897347831916,680
1285.89282226562,38,14,76,4,36.8713791980601,-1.28897347831916,606
1287.85266113281,37,21,78,0,36.8880457221175,-1.28897347831916,554
1278.71081542969,42,16,70,0,36.9255454012467,-1.28897347831916,559
1215.94653320312,46,13,75,3,37.0255445455913,-1.28897347831916,864
1092.23852539062,45,13,65,7,36.6130480751699,-1.29105683235563,679
1470.1396484375,53,17,62,9,36.6276312837202,-1.29105683235563,647
1470.1396484375,53,17,62,9,36.6317979147345,-1.29105683235563,638
1508.3046875,53,19,61,9,36.6401311767633,-1.29105683235563,589
1556.66491699219,50,31,57,77,36.660964331835,-1.29105683235563,516
1556.05383300781,49,33,57,83,36.6692975938638,-1.29105683235563,494
1556.05383300781,49,33,57,83,36.6734642248781,-1.29105683235563,502
1525.09716796875,48,10,62,4,36.742213636615,-1.29105683235563,476
1552.525390625,45,11,59,21,36.7609634761796,-1.29105683235563,425
1547.98950195312,46,13,60,14,36.7713800537155,-1.29105683235563,437
1379.59582519531,40,17,68,7,36.8276295724093,-1.29105683235563,640
1353.52001953125,39,18,69,2,36.8401294654524,-1.29105683235563,725
1301.83776855469,40,14,71,3,36.8651292515385,-1.29105683235563,656
1279.6552734375,39,15,77,0,36.881795775596,-1.29105683235563,536
1258.96313476562,41,13,74,6,36.9151288237108,-1.29105683235563,534
1332.04663085938,44,13,69,0,36.9505451873328,-1.29105683235563,509
1133.0712890625,47,12,72,3,37.0588775937061,-1.29105683235563,738
965.683166503906,44,11,70,6,37.069294171242,-1.29105683235563,722
1508.3046875,53,19,61,9,36.6422144922704,-1.29314018639211,580
1523.90112304688,52,16,61,9,36.648464438792,-1.29314018639211,546
1543.20495605469,52,27,58,5,36.6588810163279,-1.29314018639211,481
1556.05383300781,49,33,57,83,36.6755475403853,-1.29314018639211,464
1502.60070800781,57,17,59,23,36.6880474334284,-1.29314018639211,441
1502.60070800781,57,17,59,23,36.6922140644427,-1.29314018639211,433
1520.40026855469,57,17,59,15,36.7047139574858,-1.29314018639211,399
1530.87255859375,55,18,59,17,36.7130472195145,-1.29314018639211,425
1530.87255859375,55,18,59,17,36.7172138505289,-1.29314018639211,420
1527.60803222656,54,15,58,10,36.719297166036,-1.29314018639211,397
1522.40966796875,50,10,62,4,36.7297137435719,-1.29314018639211,421
1522.40966796875,50,10,62,4,36.7338803745863,-1.29314018639211,418
1552.525390625,45,11,59,21,36.7630467916868,-1.29314018639211,450
1544.10278320312,45,11,61,17,36.7797133157442,-1.29314018639211,427
1546.25061035156,43,14,62,0,36.7901298932801,-1.29314018639211,467
1548.28674316406,41,13,61,9,36.800546470816,-1.29314018639211,452
1301.83776855469,40,14,71,3,36.8630459360314,-1.29314018639211,612
1279.6552734375,39,15,77,0,36.8838790911031,-1.29314018639211,603
1270.7080078125,39,16,78,1,36.8922123531319,-1.29314018639211,553
1312.34460449219,44,15,68,5,36.9276287167539,-1.29314018639211,578
1336.42980957031,44,14,71,4,36.9547118183472,-1.29314018639211,494
1336.42980957031,44,14,71,4,36.9567951338544,-1.29314018639211,500
1352.40905761719,43,12,66,0,37.0047113905195,-1.29314018639211,614
1074.58520507812,46,11,71,3,37.0609609092133,-1.29314018639211,762
1543.20495605469,52,27,58,5,36.6588810163279,-1.29522354042858,481
1532.55688476562,49,32,55,35,36.683880802414,-1.29522354042858,428
1502.60070800781,57,17,59,23,36.6880474334284,-1.29522354042858,428
1520.40026855469,57,17,59,15,36.706797272993,-1.29522354042858,387
1525.09716796875,48,10,62,4,36.7401303211078,-1.29522354042858,490
1552.525390625,45,11,59,21,36.765130107194,-1.29522354042858,457
1544.10278320312,45,11,61,17,36.777630000237,-1.29522354042858,430
1318.10949707031,39,13,68,6,36.8567959895098,-1.29522354042858,651
1279.6552734375,39,15,77,0,36.8776291445816,-1.29522354042858,578
1260.42822265625,37,18,74,2,36.8963789841462,-1.29522354042858,555
1251.01428222656,40,14,73,0,36.9067955616821,-1.29522354042858,474
1287.15295410156,44,16,72,5,36.9234620857395,-1.29522354042858,632
1543.20495605469,52,27,58,5,36.6526310698063,-1.29730689446505,503
1543.20495605469,52,27,58,5,36.6547143853135,-1.29730689446505,496
1532.55688476562,49,32,55,35,36.6797141713997,-1.29730689446505,424
1502.60070800781,57,17,59,23,36.6880474334284,-1.29730689446505,380
1520.40026855469,57,17,59,15,36.7088805885002,-1.29730689446505,410
1527.60803222656,54,15,58,10,36.7213804815432,-1.29730689446505,440
1552.525390625,45,11,59,21,36.7672134227011,-1.29730689446505,430
1547.98950195312,46,13,60,14,36.7755466847299,-1.29730689446505,426
1432.68432617188,41,15,65,0,36.8213796258878,-1.29730689446505,586
1379.59582519531,40,17,68,7,36.8338795189309,-1.29730689446505,624
1251.01428222656,40,14,73,0,36.9088788771893,-1.29730689446505,505
1258.96313476562,41,13,74,6,36.917212139218,-1.29730689446505,583
1287.15295410156,44,16,72,5,36.9234620857395,-1.29730689446505,627
1324.60998535156,44,14,68,0,36.9422119253041,-1.29730689446505,583
1332.04663085938,44,13,69,0,36.9463785563185,-1.29730689446505,573
1346.17822265625,45,15,72,0,36.9713783424046,-1.29730689446505,560
1476.97290039062,53,20,59,13,36.6817974869068,-1.29939024850153,367
1494.71838378906,58,19,60,35,36.6942973799499,-1.29939024850153,416
1494.71838378906,58,19,60,35,36.6963806954571,-1.29939024850153,415
1520.31030273438,51,19,62,19,36.7255471125576,-1.29939024850153,411
1525.39660644531,53,15,64,7,36.742213636615,-1.29939024850153,419
1547.224609375,46,13,60,4,36.7547135296581,-1.29939024850153,432
1545.21545410156,47,11,62,3,36.7755466847299,-1.29939024850153,426
1538.49890136719,44,11,63,4,36.7817966312514,-1.29939024850153,438
1472.62451171875,40,15,63,5,36.8130463638591,-1.29939024850153,517
1472.62451171875,40,15,63,5,36.8151296793663,-1.29939024850153,517
1411.11669921875,40,16,66,16,36.823462941395,-1.29939024850153,567
1411.11669921875,40,16,66,16,36.8255462569021,-1.29939024850153,544
1307.7177734375,38,16,73,0,36.858879305017,-1.29939024850153,627
1286.36218261719,38,15,71,4,36.8609626205242,-1.29939024850153,641
1255.86315917969,38,18,79,0,36.9026289306677,-1.29939024850153,547
1336.7451171875,45,15,70,0,36.9505451873328,-1.29939024850153,591
931.775817871094,45,11,71,1,37.0734608022564,-1.29939024850153,641
1495.44665527344,50,24,57,35,36.6755475403853,-1.301473602538,404
1494.71838378906,58,19,60,35,36.6963806954571,-1.301473602538,428
1518.44921875,54,16,64,19,36.7338803745863,-1.301473602538,418
1537.3330078125,48,13,66,1,36.7484635831365,-1.301473602538,429
1336.50256347656,37,16,69,1,36.8380461499452,-1.301473602538,813
1266.15466308594,40,17,78,1,36.8692958825529,-1.301473602538,637
1248.9404296875,40,17,79,4,36.8797124600888,-1.301473602538,638
1300.11755371094,43,15,71,0,36.9234620857395,-1.301473602538,552
1340.43334960938,45,15,71,2,36.95262850284,-1.301473602538,584
1341.01574707031,45,14,70,0,36.9672117113903,-1.301473602538,562
1495.44665527344,50,24,57,35,36.6692975938638,-1.30355695657448,478
1524.99169921875,51,25,59,54,36.7172138505289,-1.30355695657448,509
1512.927734375,42,14,63,4,36.8047131018304,-1.30355695657448,502
1318.3095703125,45,15,71,4,36.9317953477682,-1.30355695657448,651
1521.97192382812,49,30,58,67,36.6651309628494,-1.30564031061095,429
1521.97192382812,49,30,58,67,36.6672142783566,-1.30564031061095,441
1495.44665527344,50,24,57,35,36.6734642248781,-1.30564031061095,370
1476.97290039062,53,20,59,13,36.6776308558925,-1.30564031061095,370
1474.74389648438,58,18,58,24,36.6901307489355,-1.30564031061095,449
1518.44921875,54,16,64,19,36.7338803745863,-1.30564031061095,427
1537.3330078125,48,13,66,1,36.7442969521222,-1.30564031061095,443
1547.224609375,46,13,60,4,36.7547135296581,-1.30564031061095,449
1538.49890136719,44,11,63,4,36.777630000237,-1.30564031061095,407
1538.49890136719,44,11,63,4,36.7817966312514,-1.30564031061095,444
1527.48840332031,43,13,62,16,36.800546470816,-1.30564031061095,492
1512.927734375,42,14,63,4,36.8047131018304,-1.30564031061095,503
1336.50256347656,37,16,69,1,36.8401294654524,-1.30564031061095,814
1325.14562988281,38,17,71,3,36.8442960964667,-1.30564031061095,777
1325.14562988281,38,17,71,3,36.8484627274811,-1.30564031061095,685
1255.86315917969,38,18,79,0,36.9047122461749,-1.30564031061095,741
1255.86315917969,38,18,79,0,36.9088788771893,-1.30564031061095,649
1341.01574707031,45,14,70,0,36.9609617648687,-1.30564031061095,525
1341.01574707031,45,14,70,0,36.9651283958831,-1.30564031061095,626
1342.72375488281,46,14,69,1,36.9692950268975,-1.30564031061095,678
1350.58544921875,45,14,74,0,36.9797116044333,-1.30564031061095,811
1441.95495605469,56,18,57,16,36.6734642248781,-1.30772366464742,380
1433.60607910156,58,19,58,24,36.6776308558925,-1.30772366464742,394
1451.818359375,57,18,58,23,36.6880474334284,-1.30772366464742,433
1509.70373535156,53,18,62,31,36.7047139574858,-1.30772366464742,434
1509.70373535156,53,18,62,31,36.7088805885002,-1.30772366464742,441
1514.86547851562,51,22,60,29,36.7151305350217,-1.30772366464742,468
1519.81298828125,48,13,61,55,36.742213636615,-1.30772366464742,476
1531.77392578125,50,20,61,10,36.7463802676294,-1.30772366464742,500
1545.55444335938,49,14,64,18,36.7713800537155,-1.30772366464742,410
1425.47436523438,41,13,68,3,36.8109630483519,-1.30772366464742,476
1321.52624511719,39,16,69,4,36.8380461499452,-1.30772366464742,766
1285.56665039062,38,15,78,3,36.858879305017,-1.30772366464742,631
1273.84387207031,38,15,79,1,36.9026289306677,-1.30772366464742,566
1308.8857421875,41,13,76,2,36.9234620857395,-1.30772366464742,582
1336.20532226562,45,15,72,2,36.9484618718257,-1.30772366464742,557
1338.03454589844,47,13,70,2,36.9547118183472,-1.30772366464742,532
1335.51635742188,47,13,74,1,36.9609617648687,-1.30772366464742,525
1335.51635742188,47,13,74,1,36.9630450803759,-1.30772366464742,573
1484.25805664062,55,16,59,9,36.6963806954571,-1.3098070186839,446
1484.25805664062,55,16,59,9,36.7005473264714,-1.3098070186839,513
1519.81298828125,48,13,61,55,36.7359636900935,-1.3098070186839,457
1533.73620605469,43,13,67,0,36.777630000237,-1.3098070186839,435
1468.31872558594,43,12,68,8,36.8026297863232,-1.3098070186839,495
1468.31872558594,43,12,68,8,36.8088797328447,-1.3098070186839,491
1321.52624511719,39,16,69,4,36.8401294654524,-1.3098070186839,756
1233.35278320312,39,15,79,0,36.8713791980601,-1.3098070186839,630
1222.97937011719,39,16,79,1,36.8880457221175,-1.3098070186839,581
1248.03454589844,38,16,79,0,36.894295668639,-1.3098070186839,604
1292.97888183594,40,15,77,1,36.9130455082036,-1.3098070186839,531
1331.23828125,44,14,74,0,36.9359619787826,-1.3098070186839,573
1335.51635742188,47,13,74,1,36.9609617648687,-1.3098070186839,553
1335.51635742188,47,13,74,1,36.9672117113903,-1.3098070186839,658
1335.79455566406,47,14,74,0,36.9797116044333,-1.3098070186839,824
1484.25805664062,55,16,59,9,36.6984640109643,-1.31189037272037,524
1509.39599609375,49,19,61,38,36.7213804815432,-1.31189037272037,460
1546.54711914062,51,17,59,13,36.765130107194,-1.31189037272037,401
1305.75659179688,38,16,70,0,36.8484627274811,-1.31189037272037,696
1305.75659179688,38,16,70,0,36.8505460429883,-1.31189037272037,696
1233.35278320312,39,15,79,0,36.8713791980601,-1.31189037272037,576
1308.8857421875,41,13,76,2,36.9213787702324,-1.31189037272037,554
1335.51635742188,47,13,74,1,36.9630450803759,-1.31189037272037,614
1433.60607910156,58,19,58,24,36.683880802414,-1.31397372675685,418
1510.04125976562,48,19,61,55,36.7297137435719,-1.31397372675685,519
1531.77392578125,50,20,61,10,36.7505468986437,-1.31397372675685,436
1541.09533691406,51,16,59,15,36.7547135296581,-1.31397372675685,421
1425.47436523438,41,13,68,3,36.8130463638591,-1.31397372675685,530
1339.98474121094,37,13,67,6,36.8338795189309,-1.31397372675685,571
1233.35278320312,39,15,79,0,36.8692958825529,-1.31397372675685,562
1233.35278320312,39,15,79,0,36.8713791980601,-1.31397372675685,576
1322.50463867188,44,14,72,2,36.9317953477682,-1.31397372675685,538
1421.9326171875,55,18,57,26,36.6734642248781,-1.31605708079332,434
1422.62524414062,56,22,57,17,36.6776308558925,-1.31605708079332,446
1470.748046875,54,19,58,64,36.6984640109643,-1.31605708079332,461
1501.58276367188,52,15,58,17,36.7130472195145,-1.31605708079332,425
1498.71594238281,52,18,60,12,36.7213804815432,-1.31605708079332,427
1539.69396972656,45,13,66,0,36.7817966312514,-1.31605708079332,507
1539.69396972656,45,13,66,0,36.7838799467586,-1.31605708079332,531
1390.27282714844,41,12,73,2,36.8109630483519,-1.31605708079332,545
1330.82421875,39,14,68,1,36.8338795189309,-1.31605708079332,574
1273.57592773438,40,13,75,0,36.8547126740026,-1.31605708079332,578
1224.61706542969,39,13,75,0,36.8797124600888,-1.31605708079332,629
1265.68310546875,38,17,79,0,36.8984622996534,-1.31605708079332,525
1298.87121582031,40,15,73,1,36.9151288237108,-1.31605708079332,542
1308.19177246094,41,14,74,1,36.9255454012467,-1.31605708079332,544
1320.78002929688,44,15,72,0,36.9380452942898,-1.31605708079332,547
1325.71374511719,47,13,72,1,36.9588784493616,-1.31605708079332,632
1325.67321777344,46,12,69,1,36.9672117113903,-1.31605708079332,781
1466.55395507812,54,16,58,7,36.6672142783566,-1.3181404348298,476
1498.71594238281,52,18,60,12,36.7213804815432,-1.3181404348298,465
1521.53198242188,49,22,56,53,36.7463802676294,-1.3181404348298,418
1513.33935546875,42,15,70,0,36.7901298932801,-1.3181404348298,483
1477.15881347656,41,14,70,0,36.7984631553088,-1.3181404348298,586
1390.27282714844,41,12,73,2,36.8172129948734,-1.3181404348298,524
1352.57006835938,40,14,72,6,36.8255462569021,-1.3181404348298,520
1292.7724609375,40,14,70,5,36.8505460429883,-1.3181404348298,628
1236.82080078125,39,19,79,0,36.8859624066103,-1.3181404348298,583
1298.87121582031,40,15,73,1,36.917212139218,-1.3181404348298,550
1325.71374511719,47,13,72,1,36.9547118183472,-1.3181404348298,657
1325.67321777344,46,12,69,1,36.9672117113903,-1.3181404348298,779
1421.9326171875,55,18,57,26,36.6734642248781,-1.32022378886627,464
1422.62524414062,56,22,57,17,36.683880802414,-1.32022378886627,435
1470.748046875,54,19,58,64,36.6942973799499,-1.32022378886627,463
1511.54943847656,49,21,55,43,36.742213636615,-1.32022378886627,438
1477.15881347656,41,14,70,0,36.7963798398016,-1.32022378886627,539
1435.18347167969,41,19,74,46,36.8088797328447,-1.32022378886627,569
1390.27282714844,41,12,73,2,36.8151296793663,-1.32022378886627,543
1292.7724609375,40,14,70,5,36.8484627274811,-1.32022378886627,580
1224.61706542969,39,13,75,0,36.8776291445816,-1.32022378886627,515
1236.82080078125,39,19,79,0,36.8880457221175,-1.32022378886627,619
1265.68310546875,38,17,79,0,36.8963789841462,-1.32022378886627,676
1265.68310546875,38,17,79,0,36.9005456151606,-1.32022378886627,569
1287.712890625,38,13,76,2,36.9026289306677,-1.32022378886627,539
1298.87121582031,40,15,73,1,36.9130455082036,-1.32022378886627,569
1325.67321777344,46,12,69,1,36.9672117113903,-1.32022378886627,675
1470.748046875,54,19,58,64,36.7005473264714,-1.32230714290274,467
1511.54943847656,49,21,55,43,36.7401303211078,-1.32230714290274,448
1521.53198242188,49,22,56,53,36.7484635831365,-1.32230714290274,407
1539.69396972656,45,13,66,0,36.7838799467586,-1.32230714290274,433
1313.97973632812,41,14,67,1,36.835962834438,-1.32230714290274,560
1235.11706542969,39,13,74,0,36.8755458290744,-1.32230714290274,494
1224.61706542969,39,13,75,0,36.8797124600888,-1.32230714290274,497
1287.712890625,38,13,76,2,36.9088788771893,-1.32230714290274,552
1323.37268066406,45,15,76,0,36.9505451873328,-1.32230714290274,658
1423.54553222656,54,14,56,9,36.6776308558925,-1.32439049693922,453
1436.01306152344,56,19,56,30,36.6922140644427,-1.32439049693922,457
1496.19543457031,50,14,60,0,36.7213804815432,-1.32439049693922,441
1500.80908203125,51,15,60,5,36.7317970590791,-1.32439049693922,468
1514.13134765625,53,15,58,13,36.7442969521222,-1.32439049693922,486
1538.83654785156,52,19,59,8,36.7630467916868,-1.32439049693922,408
1538.83654785156,52,19,59,8,36.765130107194,-1.32439049693922,419
1481.94055175781,44,15,69,7,36.7984631553088,-1.32439049693922,489
1424.33410644531,42,12,70,1,36.8067964173375,-1.32439049693922,561
1259.17236328125,40,15,76,3,36.8630459360314,-1.32439049693922,525
1300.59741210938,43,14,72,2,36.917212139218,-1.32439049693922,543
1306.62963867188,44,13,69,0,36.9484618718257,-1.32439049693922,603
1453.34069824219,53,22,60,24,36.6942973799499,-1.32647385097569,482
1453.34069824219,53,22,60,24,36.6984640109643,-1.32647385097569,413
1496.19543457031,50,14,60,0,36.7255471125576,-1.32647385097569,419
1514.13134765625,53,15,58,13,36.7442969521222,-1.32647385097569,455
1514.13134765625,53,15,58,13,36.7463802676294,-1.32647385097569,459
1523.73815917969,53,17,59,9,36.7526302141509,-1.32647385097569,437
1538.83654785156,52,19,59,8,36.765130107194,-1.32647385097569,415
1550.0615234375,46,13,65,5,36.777630000237,-1.32647385097569,424
1424.33410644531,42,12,70,1,36.8067964173375,-1.32647385097569,533
1259.17236328125,40,15,76,3,36.8609626205242,-1.32647385097569,510
1302.17687988281,44,17,77,0,36.9192954547252,-1.32647385097569,536
1303.15063476562,44,15,75,2,36.9359619787826,-1.32647385097569,622
1306.62963867188,44,13,69,0,36.9484618718257,-1.32647385097569,667
1436.01306152344,56,19,56,30,36.6901307489355,-1.32855720501217,421
1496.19543457031,50,14,60,0,36.7255471125576,-1.32855720501217,454
1506.80346679688,52,15,59,7,36.7401303211078,-1.32855720501217,479
1514.13134765625,53,15,58,13,36.7484635831365,-1.32855720501217,425
1514.13134765625,53,15,58,13,36.7505468986437,-1.32855720501217,449
1523.73815917969,53,17,59,9,36.7588801606724,-1.32855720501217,403
1526.45251464844,43,13,67,1,36.7859632622658,-1.32855720501217,409
1373.24401855469,40,12,71,1,36.8151296793663,-1.32855720501217,511
1325.5244140625,39,14,71,0,36.8276295724093,-1.32855720501217,611
1281.41662597656,44,13,73,2,36.8505460429883,-1.32855720501217,572
1262.04357910156,39,14,78,0,36.8901290376247,-1.32855720501217,520
1302.17687988281,44,17,77,0,36.9255454012467,-1.32855720501217,755
1306.62963867188,44,13,69,0,36.9442952408113,-1.32855720501217,576
1306.62963867188,44,13,69,0,36.9505451873328,-1.32855720501217,607
1453.34069824219,53,22,60,24,36.7005473264714,-1.33064055904864,420
1506.80346679688,52,15,59,7,36.7359636900935,-1.33064055904864,448
1523.73815917969,53,17,59,9,36.7567968451653,-1.33064055904864,431
1325.5244140625,39,14,71,0,36.8297128879165,-1.33064055904864,595
1255.45812988281,41,14,77,0,36.8713791980601,-1.33064055904864,536
1255.45812988281,41,14,77,0,36.8755458290744,-1.33064055904864,517
1318.19482421875,45,14,69,1,36.9672117113903,-1.33064055904864,596
1320.43542480469,46,13,70,0,36.9734616579118,-1.33064055904864,643
1424.03308105469,54,16,55,17,36.6901307489355,-1.33272391308511,462
1436.20349121094,54,20,56,58,36.7005473264714,-1.33272391308511,403
1506.57214355469,54,16,57,18,36.7276304280648,-1.33272391308511,455
1506.57214355469,54,16,57,18,36.7317970590791,-1.33272391308511,434
1514.47131347656,54,13,59,17,36.7505468986437,-1.33272391308511,463
1523.75732421875,54,15,57,32,36.7567968451653,-1.33272391308511,463
1537.08947753906,54,16,58,25,36.7609634761796,-1.33272391308511,432
1537.08947753906,54,16,58,25,36.7630467916868,-1.33272391308511,428
1551.53674316406,50,18,59,8,36.7817966312514,-1.33272391308511,415
1481.39672851562,48,17,64,11,36.7942965242945,-1.33272391308511,421
1414.56640625,46,18,68,7,36.8047131018304,-1.33272391308511,505
1359.87353515625,44,16,71,2,36.8130463638591,-1.33272391308511,574
1254.93444824219,44,15,75,1,36.8651292515385,-1.33272391308511,517
1267.55432128906,41,14,77,0,36.8838790911031,-1.33272391308511,593
1302.37756347656,44,14,72,0,36.9026289306677,-1.33272391308511,537
1302.95568847656,43,13,74,0,36.9130455082036,-1.33272391308511,578
1297.591796875,43,12,74,0,36.9213787702324,-1.33272391308511,606
1308.2373046875,46,12,71,3,36.9567951338544,-1.33272391308511,690
1314.83996582031,47,12,70,0,36.9692950268975,-1.33272391308511,623
1314.83996582031,47,12,70,0,36.9713783424046,-1.33272391308511,667
1314.83996582031,47,12,70,0,36.9734616579118,-1.33272391308511,688
1508.77197265625,54,15,59,10,36.742213636615,-1.33480726712159,462
1514.47131347656,54,13,59,17,36.7484635831365,-1.33480726712159,433
1359.87353515625,44,16,71,2,36.8130463638591,-1.33480726712159,594
1331.08154296875,44,17,71,5,36.8213796258878,-1.33480726712159,650
1252.28186035156,47,15,73,8,36.858879305017,-1.33480726712159,560
1262.76135253906,40,15,76,0,36.8713791980601,-1.33480726712159,609
1276.60852050781,40,18,79,0,36.8859624066103,-1.33480726712159,650
1302.37756347656,44,14,72,0,36.9067955616821,-1.33480726712159,623
1294.42028808594,46,13,71,0,36.9422119253041,-1.33480726712159,652
1313.01159667969,47,12,71,0,36.9630450803759,-1.33480726712159,812
1424.03308105469,54,16,55,17,36.6859641179212,-1.33689062115806,462
1502.19372558594,54,18,58,9,36.719297166036,-1.33689062115806,410
1506.57214355469,54,16,57,18,36.7317970590791,-1.33689062115806,412
1508.77197265625,54,15,59,10,36.7359636900935,-1.33689062115806,426
1508.77197265625,54,15,59,10,36.7401303211078,-1.33689062115806,472
1523.75732421875,54,15,57,32,36.7547135296581,-1.33689062115806,416
1537.08947753906,54,16,58,25,36.7609634761796,-1.33689062115806,401
1537.08947753906,54,16,58,25,36.7630467916868,-1.33689062115806,404
1551.53674316406,50,18,59,8,36.7797133157442,-1.33689062115806,441
1414.56640625,46,18,68,7,36.8088797328447,-1.33689062115806,529
1271.25158691406,47,16,72,6,36.8463794119739,-1.33689062115806,544
1267.55432128906,41,14,77,0,36.8776291445816,-1.33689062115806,559
1302.37756347656,44,14,72,0,36.9067955616821,-1.33689062115806,639
1297.591796875,43,12,74,0,36.9213787702324,-1.33689062115806,527
1293.17529296875,44,14,71,2,36.9297120322611,-1.33689062115806,696
1294.42028808594,46,13,71,0,36.940128609797,-1.33689062115806,634
1313.01159667969,47,12,71,0,36.9609617648687,-1.33689062115806,800
1436.20349121094,54,20,56,58,36.6942973799499,-1.33897397519454,398
1464.50842285156,52,21,61,49,36.706797272993,-1.33897397519454,430
1502.19372558594,54,18,58,9,36.7213804815432,-1.33897397519454,446
1502.19372558594,54,18,58,9,36.7234637970504,-1.33897397519454,481
1514.47131347656,54,13,59,17,36.7463802676294,-1.33897397519454,451
1537.08947753906,54,16,58,25,36.7672134227011,-1.33897397519454,419
1301.77038574219,46,16,71,5,36.835962834438,-1.33897397519454,601
1271.25158691406,47,16,72,6,36.8505460429883,-1.33897397519454,564
1276.60852050781,40,18,79,0,36.8922123531319,-1.33897397519454,539
1297.591796875,43,12,74,0,36.9234620857395,-1.33897397519454,592
1313.01159667969,47,12,71,0,36.9609617648687,-1.33897397519454,743
1313.01159667969,47,12,71,0,36.9672117113903,-1.33897397519454,661
1486.83227539062,53,18,62,6,36.7151305350217,-1.34105732923101,436
1512.29724121094,51,14,65,5,36.7401303211078,-1.34105732923101,490
1527.4736328125,53,13,65,7,36.7588801606724,-1.34105732923101,426
1351.64929199219,47,21,69,9,36.8172129948734,-1.34105732923101,597
1325.19665527344,47,20,70,6,36.8192963103806,-1.34105732923101,591
1314.43481445312,46,19,70,2,36.8276295724093,-1.34105732923101,620
1314.43481445312,46,19,70,2,36.8338795189309,-1.34105732923101,614
1300.74426269531,46,18,71,5,36.8380461499452,-1.34105732923101,589
1260.46313476562,47,13,73,6,36.8734625135672,-1.34105732923101,604
1277.24230957031,43,13,73,6,36.8901290376247,-1.34105732923101,538
1296.86010742188,44,15,76,0,36.894295668639,-1.34105732923101,547
1309.64721679688,45,16,76,1,36.9026289306677,-1.34105732923101,575
1297.20251464844,45,15,72,1,36.9234620857395,-1.34105732923101,620
1518.75524902344,52,14,64,15,36.7463802676294,-1.34314068326749,459
1468.2890625,50,20,66,7,36.7942965242945,-1.34314068326749,401
1468.2890625,50,20,66,7,36.7963798398016,-1.34314068326749,415
1402.11657714844,48,21,68,4,36.8026297863232,-1.34314068326749,476
1402.11657714844,48,21,68,4,36.8088797328447,-1.34314068326749,481
1252.30932617188,49,16,72,5,36.8651292515385,-1.34314068326749,485
1260.46313476562,47,13,73,6,36.8692958825529,-1.34314068326749,488
1306.97021484375,47,13,74,1,36.9567951338544,-1.34314068326749,623
1418.95153808594,53,16,57,17,36.6901307489355,-1.34522403730396,449
1486.83227539062,53,18,62,6,36.7151305350217,-1.34522403730396,417
1503.81262207031,52,18,60,30,36.7213804815432,-1.34522403730396,430
1509.22204589844,54,16,63,5,36.7317970590791,-1.34522403730396,426
1544.14929199219,50,20,59,37,36.7817966312514,-1.34522403730396,416
1402.11657714844,48,21,68,4,36.8088797328447,-1.34522403730396,488
1351.64929199219,47,21,69,9,36.8130463638591,-1.34522403730396,481
1314.43481445312,46,19,70,2,36.8276295724093,-1.34522403730396,576
1273.46472167969,46,14,71,6,36.8442960964667,-1.34522403730396,566
1251.28540039062,46,15,72,5,36.858879305017,-1.34522403730396,480
1252.30932617188,49,16,72,5,36.8609626205242,-1.34522403730396,485
1252.30932617188,49,16,72,5,36.8672125670457,-1.34522403730396,458
1260.46313476562,47,13,73,6,36.8713791980601,-1.34522403730396,468
1277.24230957031,43,13,73,6,36.8859624066103,-1.34522403730396,530
1296.86010742188,44,15,76,0,36.8963789841462,-1.34522403730396,600
1296.86010742188,44,15,76,0,36.8984622996534,-1.34522403730396,597
1309.64721679688,45,16,76,1,36.9026289306677,-1.34522403730396,568
1307.27905273438,46,15,75,3,36.9109621926965,-1.34522403730396,618
1308.37280273438,47,13,71,2,36.9630450803759,-1.34522403730396,698
1427.43615722656,56,17,58,7,36.6942973799499,-1.34730739134043,436
1456.8095703125,54,18,62,16,36.7047139574858,-1.34730739134043,448
1503.81262207031,52,18,60,30,36.7255471125576,-1.34730739134043,396
1509.22204589844,54,16,63,5,36.7317970590791,-1.34730739134043,471
1512.29724121094,51,14,65,5,36.7380470056006,-1.34730739134043,451
1512.29724121094,51,14,65,5,36.7401303211078,-1.34730739134043,421
1537.01428222656,53,15,61,6,36.7609634761796,-1.34730739134043,446
1544.14929199219,50,20,59,37,36.7838799467586,-1.34730739134043,415
1252.30932617188,49,16,72,5,36.8651292515385,-1.34730739134043,462
1277.24230957031,43,13,73,6,36.8859624066103,-1.34730739134043,518
1307.27905273438,46,15,75,3,36.9151288237108,-1.34730739134043,636
1537.54272460938,54,18,59,22,36.7672134227011,-1.34939074537691,435
1538.93823242188,50,20,58,43,36.7692967382083,-1.34939074537691,423
1352.01293945312,47,19,69,6,36.8109630483519,-1.34939074537691,475
1322.36450195312,47,17,70,8,36.823462941395,-1.34939074537691,550
1306.21752929688,45,17,71,5,36.8338795189309,-1.34939074537691,614
1272.0751953125,46,16,71,2,36.8442960964667,-1.34939074537691,561
1269.70178222656,46,17,74,1,36.8859624066103,-1.34939074537691,552
1269.70178222656,46,17,74,1,36.8880457221175,-1.34939074537691,578
1472.34826660156,51,21,60,28,36.7109639040073,-1.35147409941338,481
1472.34826660156,51,21,60,28,36.7172138505289,-1.35147409941338,423
1488.38586425781,51,16,60,37,36.719297166036,-1.35147409941338,419
1510.01696777344,52,17,65,10,36.7359636900935,-1.35147409941338,483
1538.93823242188,50,20,58,43,36.7734633692227,-1.35147409941338,400
1396.01611328125,48,20,67,7,36.8088797328447,-1.35147409941338,468
1352.01293945312,47,19,69,6,36.8109630483519,-1.35147409941338,494
1306.21752929688,45,17,71,5,36.8297128879165,-1.35147409941338,548
1306.21752929688,45,17,71,5,36.8338795189309,-1.35147409941338,605
1293.78845214844,45,16,71,5,36.8380461499452,-1.35147409941338,612
1248.79797363281,45,14,68,0,36.8567959895098,-1.35147409941338,550
1269.70178222656,46,17,74,1,36.8859624066103,-1.35147409941338,603
1269.70178222656,46,17,74,1,36.8901290376247,-1.35147409941338,634
1310.64001464844,44,14,75,5,36.917212139218,-1.35147409941338,586
1450.75305175781,52,23,57,33,36.706797272993,-1.35355745344986,479
1472.34826660156,51,21,60,28,36.7172138505289,-1.35355745344986,401
1488.38586425781,51,16,60,37,36.7255471125576,-1.35355745344986,443
1510.01696777344,52,17,65,10,36.742213636615,-1.35355745344986,387
1519.88037109375,51,15,65,5,36.7463802676294,-1.35355745344986,391
1306.21752929688,45,17,71,5,36.8317962034237,-1.35355745344986,557
1255.95922851562,47,16,73,5,36.8776291445816,-1.35355745344986,488
1269.70178222656,46,17,74,1,36.8922123531319,-1.35355745344986,614
1296.14196777344,45,17,76,0,36.8984622996534,-1.35355745344986,616
1313.46533203125,42,15,75,4,36.9047122461749,-1.35355745344986,622
1472.34826660156,51,21,60,28,36.7151305350217,-1.35564080748633,400
1538.93823242188,50,20,58,43,36.7734633692227,-1.35564080748633,385
1538.93823242188,50,20,58,43,36.7755466847299,-1.35564080748633,419
1529.80651855469,48,19,60,36,36.777630000237,-1.35564080748633,411
1352.01293945312,47,19,69,6,36.8172129948734,-1.35564080748633,565
1272.0751953125,46,16,71,2,36.8463794119739,-1.35564080748633,553
1248.79797363281,45,14,68,0,36.8547126740026,-1.35564080748633,514
1313.46533203125,42,15,75,4,36.9088788771893,-1.35564080748633,585
1450.39392089844,50,22,57,53,36.7172138505289,-1.35772416152281,410
1456.01293945312,52,22,60,17,36.719297166036,-1.35772416152281,405
1456.01293945312,52,22,60,17,36.7213804815432,-1.35772416152281,389
1456.01293945312,52,22,60,17,36.7234637970504,-1.35772416152281,382
1491.3125,54,16,64,10,36.7359636900935,-1.35772416152281,391
1491.3125,54,16,64,10,36.7380470056006,-1.35772416152281,380
1524.37854003906,52,19,61,9,36.7588801606724,-1.35772416152281,433
1526.74670410156,50,20,58,23,36.7713800537155,-1.35772416152281,408
1470.21447753906,49,19,62,28,36.7922132087873,-1.35772416152281,397
1391.75634765625,47,19,67,6,36.8026297863232,-1.35772416152281,459
1391.75634765625,47,19,67,6,36.8067964173375,-1.35772416152281,500
1272.689453125,46,16,70,1,36.8401294654524,-1.35772416152281,575
1272.689453125,46,16,70,1,36.8422127809596,-1.35772416152281,553
1227.30822753906,44,13,68,3,36.8526293584955,-1.35772416152281,498
1456.01293945312,52,22,60,17,36.719297166036,-1.35980751555928,412
1524.37854003906,52,19,61,9,36.7588801606724,-1.35980751555928,424
1526.74670410156,50,20,58,23,36.7755466847299,-1.35980751555928,418
1430.22827148438,49,19,66,7,36.7984631553088,-1.35980751555928,456
1391.75634765625,47,19,67,6,36.8047131018304,-1.35980751555928,497
1292.43334960938,46,15,68,12,36.8338795189309,-1.35980751555928,528
1236.92443847656,48,16,72,6,36.8755458290744,-1.35980751555928,515
1289.49035644531,46,16,74,3,36.894295668639,-1.35980751555928,534
1450.39392089844,50,22,57,53,36.7172138505289,-1.36189086959575,413
1491.3125,54,16,64,10,36.7380470056006,-1.36189086959575,409
1533.45520019531,52,17,59,15,36.7609634761796,-1.36189086959575,421
1533.45520019531,52,17,59,15,36.7630467916868,-1.36189086959575,429
1533.45520019531,52,17,59,15,36.7672134227011,-1.36189086959575,398
1503.95336914062,48,18,60,39,36.7838799467586,-1.36189086959575,440
1470.21447753906,49,19,62,28,36.7880465777729,-1.36189086959575,424
1355.39074707031,46,16,66,8,36.8130463638591,-1.36189086959575,491
1355.39074707031,46,16,66,8,36.8151296793663,-1.36189086959575,479
1318.84423828125,48,18,66,6,36.8192963103806,-1.36189086959575,471
1249.99475097656,45,17,69,2,36.8442960964667,-1.36189086959575,474
1236.92443847656,48,16,72,6,36.8755458290744,-1.36189086959575,527
1473.30505371094,53,18,59,11,36.7297137435719,-1.36397422363223,406
1491.3125,54,16,64,10,36.7359636900935,-1.36397422363223,411
1507.53088378906,53,14,63,8,36.7484635831365,-1.36397422363223,399
1524.37854003906,52,19,61,9,36.7547135296581,-1.36397422363223,413
1524.37854003906,52,19,61,9,36.7567968451653,-1.36397422363223,397
1533.45520019531,52,17,59,15,36.7630467916868,-1.36397422363223,422
1470.21447753906,49,19,62,28,36.7901298932801,-1.36397422363223,432
1391.75634765625,47,19,67,6,36.8047131018304,-1.36397422363223,501
1355.39074707031,46,16,66,8,36.8109630483519,-1.36397422363223,516
1318.84423828125,48,18,66,6,36.8255462569021,-1.36397422363223,527
1249.99475097656,45,17,69,2,36.8442960964667,-1.36397422363223,444
1224.4580078125,45,14,72,4,36.8630459360314,-1.36397422363223,488
1260.28198242188,47,16,73,5,36.8922123531319,-1.36397422363223,513
1289.49035644531,46,16,74,3,36.8963789841462,-1.36397422363223,565
1289.49035644531,46,16,74,3,36.8984622996534,-1.36397422363223,551
1423.93212890625,54,19,58,27,36.7255471125576,-1.3660575776687,433
1471.32287597656,51,17,59,21,36.7484635831365,-1.3660575776687,408
1497.73461914062,53,17,58,10,36.7547135296581,-1.3660575776687,396
1465.59045410156,51,19,60,14,36.7797133157442,-1.3660575776687,387
1465.59045410156,51,19,60,14,36.7838799467586,-1.3660575776687,432
1381.91284179688,46,16,67,5,36.8088797328447,-1.3660575776687,523
1312.50561523438,48,17,66,6,36.823462941395,-1.3660575776687,484
1201.11535644531,46,16,68,3,36.858879305017,-1.3660575776687,467
1249.23425292969,46,16,73,6,36.8901290376247,-1.3660575776687,524
1297.98388671875,47,15,73,1,36.9067955616821,-1.3660575776687,619
1433.08581542969,53,19,58,12,36.7276304280648,-1.36814093170518,419
1450.28833007812,52,21,59,21,36.7359636900935,-1.36814093170518,400
1511.92529296875,53,17,59,8,36.7672134227011,-1.36814093170518,398
1427.92590332031,48,18,64,6,36.7922132087873,-1.36814093170518,470
1253.64587402344,48,15,65,6,36.8422127809596,-1.36814093170518,425
1433.08581542969,53,19,58,12,36.7297137435719,-1.37022428574165,439
1511.92529296875,53,17,59,8,36.7630467916868,-1.37022428574165,392
1471.32287597656,51,17,59,21,36.7463802676294,-1.37230763977812,396
1497.73461914062,53,17,58,10,36.7547135296581,-1.37230763977812,385
1511.92529296875,53,17,59,8,36.7609634761796,-1.37230763977812,406
1499.98400878906,54,20,59,20,36.7734633692227,-1.37230763977812,412
1401.68115234375,46,18,68,5,36.7942965242945,-1.37230763977812,470
1353.01684570312,47,16,66,7,36.8130463638591,-1.37230763977812,479
1201.11535644531,46,16,68,3,36.8526293584955,-1.37230763977812,438
1201.11535644531,46,16,68,3,36.8547126740026,-1.37230763977812,476
1198.18884277344,45,14,69,6,36.8630459360314,-1.37230763977812,508
1400.26489257812,53,17,59,16,36.7338803745863,-1.3743909938146,423
1373.25756835938,44,16,64,2,36.7942965242945,-1.3743909938146,466
1224.50512695312,49,18,66,8,36.8484627274811,-1.3743909938146,410
1193.240234375,46,13,68,0,36.8609626205242,-1.3743909938146,450
1228.98461914062,46,14,71,4,36.881795775596,-1.3743909938146,432
1232.1259765625,46,14,73,6,36.8859624066103,-1.3743909938146,499
1276.90209960938,47,14,73,6,36.9026289306677,-1.3743909938146,508
1410.47839355469,53,19,57,25,36.7380470056006,-1.37647434785107,450
1410.47839355469,53,19,57,25,36.7401303211078,-1.37647434785107,428
1410.47839355469,53,19,57,25,36.742213636615,-1.37647434785107,428
1416.43041992188,52,19,62,7,36.7838799467586,-1.37647434785107,439
1386.44384765625,46,19,62,1,36.7880465777729,-1.37647434785107,471
1340.28381347656,47,15,64,11,36.8151296793663,-1.37647434785107,431
1198.59509277344,48,16,66,9,36.8567959895098,-1.37647434785107,433
1214.3359375,45,15,69,1,36.8713791980601,-1.37647434785107,559
1251.73779296875,47,16,73,6,36.8984622996534,-1.37647434785107,500
1251.73779296875,47,16,73,6,36.9005456151606,-1.37647434785107,483
1276.90209960938,47,14,73,6,36.9088788771893,-1.37647434785107,548
1462.28369140625,55,17,57,34,36.7609634761796,-1.37855770188755,397
1449.12072753906,53,17,57,20,36.7755466847299,-1.37855770188755,460
1249.05725097656,48,16,66,8,36.8380461499452,-1.37855770188755,400
1290.9306640625,47,14,72,6,36.9151288237108,-1.37855770188755,524
1290.9306640625,47,14,72,6,36.917212139218,-1.37855770188755,523
1450.25842285156,53,18,58,18,36.7547135296581,-1.38064105592402,432
1386.44384765625,46,19,62,1,36.7880465777729,-1.38064105592402,455
1373.25756835938,44,16,64,2,36.7963798398016,-1.38064105592402,429
1224.50512695312,49,18,66,8,36.8505460429883,-1.38064105592402,426
1198.59509277344,48,16,66,9,36.8547126740026,-1.38064105592402,408
1193.240234375,46,13,68,0,36.8609626205242,-1.38064105592402,438
1193.240234375,46,13,68,0,36.8651292515385,-1.38064105592402,524
1390.49597167969,50,15,62,6,36.7734633692227,-1.3827244099605,480
1298.32019042969,47,14,64,9,36.8255462569021,-1.3827244099605,437
1214.21887207031,47,15,69,6,36.8672125670457,-1.3827244099605,484
1210.34777832031,45,13,72,2,36.894295668639,-1.3827244099605,509
1254.21899414062,46,13,73,7,36.9130455082036,-1.3827244099605,518
1390.49597167969,50,15,62,6,36.7692967382083,-1.38480776399697,453
1275.18237304688,46,16,68,3,36.8297128879165,-1.38480776399697,417
1261.69543457031,45,15,66,4,36.8401294654524,-1.38480776399697,434
1231.51013183594,45,14,72,4,36.9067955616821,-1.38480776399697,510
1223.52697753906,47,15,69,3,36.8692958825529,-1.38689111803344,459
1231.51013183594,45,14,72,4,36.9067955616821,-1.38689111803344,521
1223.52697753906,47,15,69,3,36.8713791980601,-1.38897447206992,439
1221.20288085938,46,15,69,6,36.881795775596,-1.38897447206992,438
1210.34777832031,45,13,72,2,36.8963789841462,-1.38897447206992,478
1210.34777832031,45,13,72,2,36.8984622996534,-1.38897447206992,476
1222.35339355469,48,14,70,5,36.8692958825529,-1.39105782610639,424
1152.5673828125,44,13,69,4,36.9067955616821,-1.39105782610639,483
1170.41564941406,43,12,72,1,36.9130455082036,-1.39105782610639,502
1194.19555664062,49,15,67,4,36.8776291445816,-1.39314118014287,420
1205.94152832031,44,13,72,7,36.9276287167539,-1.39314118014287,502
1152.5673828125,44,13,69,4,36.9047122461749,-1.39522453417934,536
1170.41564941406,43,12,72,1,36.9109621926965,-1.39522453417934,478
1170.41564941406,43,12,72,1,36.9151288237108,-1.39522453417934,455
1253.37963867188,46,13,68,5,36.858879305017,-1.39730788821581,488
1163.91967773438,46,17,69,5,36.8880457221175,-1.39730788821581,485
1149.5419921875,45,13,68,2,36.8984622996534,-1.39730788821581,505
1193.44226074219,44,13,74,3,36.9234620857395,-1.39730788821581,468
1205.09313964844,48,16,65,7,36.8755458290744,-1.39939124225229,447
1142.88024902344,47,15,67,1,36.881795775596,-1.39939124225229,430
1099.80712890625,46,13,68,6,36.8859624066103,-1.39939124225229,490
1073.64379882812,46,14,68,0,36.8984622996534,-1.39939124225229,568
1069.98559570312,43,14,71,1,36.9192954547252,-1.39939124225229,532
1087.51354980469,44,14,72,3,36.9297120322611,-1.39939124225229,603
1109.99389648438,44,11,72,1,36.9359619787826,-1.39939124225229,605
1205.09313964844,48,16,65,7,36.8734625135672,-1.40147459628876,442
1205.09313964844,48,16,65,7,36.8755458290744,-1.40147459628876,465
1099.80712890625,46,13,68,6,36.8901290376247,-1.40147459628876,567
1087.51354980469,44,14,72,3,36.9276287167539,-1.40147459628876,596
1087.51354980469,44,14,72,3,36.9338786632754,-1.40147459628876,652
1099.80712890625,46,13,68,6,36.8901290376247,-1.40355795032524,520
1073.64379882812,46,14,68,0,36.9005456151606,-1.40355795032524,551
1051.87023925781,43,14,71,5,36.917212139218,-1.40355795032524,565
1099.80712890625,46,13,68,6,36.8901290376247,-1.40564130436171,528
1099.80712890625,46,13,68,6,36.8922123531319,-1.40564130436171,513
1073.64379882812,46,14,68,0,36.8963789841462,-1.40564130436171,558
1054.14868164062,44,13,69,6,36.9088788771893,-1.40564130436171,602
1051.87023925781,43,14,71,5,36.917212139218,-1.40564130436171,593
1023.39166259766,44,15,72,6,36.9047122461749,-1.40772465839819,618
967.978576660156,44,13,71,1,36.9255454012467,-1.40772465839819,573
974.919921875,45,14,72,1,36.9338786632754,-1.40772465839819,585
1068.2451171875,45,12,70,0,36.9005456151606,-1.40980801243466,608
1023.39166259766,44,15,72,6,36.9088788771893,-1.41189136647113,711
974.919921875,45,14,72,1,36.9338786632754,-1.41189136647113,586
981.213745117188,44,14,71,2,36.9151288237108,-1.41397472050761,702
1006.84564208984,46,14,71,1,36.9359619787826,-1.41397472050761,575
951.266357421875,44,13,72,13,36.9213787702324,-1.41605807454408,687
947.505920410156,45,12,70,0,36.9380452942898,-1.41605807454408,579
951.266357421875,44,13,72,13,36.9213787702324,-1.41814142858056,670
993.3427734375,45,11,74,0,36.9442952408113,-1.41814142858056,602
947.505920410156,45,12,70,0,36.9380452942898,-1.42022478261703,577
1009.57604980469,44,11,69,2,36.9151288237108,-1.42230813665351,581
951.266357421875,44,13,72,13,36.9255454012467,-1.42230813665351,648
993.3427734375,45,11,74,0,36.9442952408113,-1.42230813665351,555
993.3427734375,45,11,74,0,36.9484618718257,-1.42230813665351,550
961.655578613281,45,11,70,0,36.940128609797,-1.42439149068998,570
965.161743164062,45,11,69,0,36.9484618718257,-1.42439149068998,531
966.648376464844,44,11,71,0,36.95262850284,-1.42647484472645,506
965.161743164062,45,11,69,0,36.9463785563185,-1.4306415527994,552
921.12939453125,44,10,70,0,36.9547118183472,-1.43480826087235,596
921.12939453125,44,10,70,0,36.9567951338544,-1.43480826087235,594
