"X","Y","mg","annual_ppt","bareground","elevation","occ","ph20","slope","temp_annual_range","topo_pst_index","treecover","valley_depth","veg_index","wetness_index"
34.5797366193046,1.14645171850357,399,1664.88415527344,4,3602,132,60,4,17.5193748474121,-538,16,1097,1337,81
34.5922366192846,1.11936838521357,345,1595.80456542969,0,3974,150,58,15,17.4384651184082,117,45,-2958,1998,71
34.5776532859746,1.10686838523357,401,1660.96826171875,1,4083,127,60,28,17.3284225463867,-113,50,-1145,1915,69
34.5422366193646,1.10478505190357,414,1711.05322265625,3,4175,63,60,14,17.2615146636963,415,24,-1251,1801,72
34.5672366193246,1.10270171857357,358,1654.12182617188,4,4111,95,60,15,17.3098602294922,216,30,-1682,1903,70
34.6151532859146,1.09020171859357,431,1879.00378417969,8,3752,72,63,21,17.5336856842041,391,15,-3472,2649,71
34.6297366192246,1.08603505193357,412,1917.8447265625,1,3406,63,59,23,17.5843257904053,-88,25,-3071,1784,74
34.6359866192146,1.07561838528357,358,1933.00756835938,0,3318,52,62,12,17.5900192260742,-282,29,-2486,1718,74
34.5172366194046,1.05478505198357,437,1534.85241699219,4,3485,66,63,12,17.4960975646973,-82,16,3301,1646,77
34.5214032860646,1.05270171865356,390,1563.05151367188,8,3528,58,62,15,17.5007190704346,170,13,3043,1970,81
34.5005699527646,1.04645171866356,404,1540.15698242188,0,3246,32,58,23,17.486665725708,-799,46,4608,1631,79
34.4984866194346,1.03603505201356,416,1543.46362304688,0,3224,37,59,28,17.4872894287109,-587,54,5286,1577,80
34.6609866191746,1.03395171868356,307,2020.18078613281,0,3158,32,60,13,17.614953994751,155,27,-2626,1170,83
34.5130699527446,1.03186838535356,409,1538.23474121094,3,3186,29,58,25,17.4968223571777,-441,29,5067,1997,78
34.6047366192646,1.03186838535356,424,1910.67175292969,0,3221,29,62,10,17.5671291351318,-127,52,1347,2324,84
34.6276532858946,1.02978505202356,363,1958.04992675781,5,3273,30,61,8,17.5800819396973,244,15,-38,1890,80
34.6234866192346,1.02561838536356,333,1958.04992675781,5,3273,30,61,8,17.5800819396973,244,15,-38,1890,80
34.5547366193446,1.01936838537356,439,1784.03308105469,6,3328,27,64,4,17.5200214385986,-19,16,2080,3145,85
34.5005699527646,1.01728505204356,335,1539.50573730469,0,3186,36,55,9,17.4819297790527,60,95,4952,1287,83
34.5214032860646,1.01728505204356,349,1513.88610839844,6,3293,37,59,7,17.4992351531982,449,18,3231,1624,79
34.6089032859246,1.01728505204356,363,1899.77014160156,1,3204,26,60,8,17.5692043304443,120,26,1146,2053,85
34.6255699525646,1.01728505204356,326,1938.50988769531,0,3121,22,60,17,17.581470489502,-285,84,1191,1691,81
34.6234866192346,1.00686838539356,269,1964.42456054688,1,3083,33,58,9,17.5693035125732,132,31,1181,1507,93
34.6630699525046,1.00686838539356,254,2070.24780273438,0,2987,42,57,10,17.5887031555176,238,34,-223,1514,80
34.6609866191746,1.00478505206356,261,2037.27355957031,0,2980,27,56,7,17.5824546813965,98,97,608,1509,82
34.6818199524745,1.00478505206356,257,2092.78979492188,0,2836,34,54,17,17.5647430419922,82,60,-1673,1500,77
34.5255699527246,1.00270171873356,410,1507.84765625,0,3073,43,54,27,17.4824542999268,-104,81,3941,1425,75
34.5089032860846,1.00061838540356,365,1527.00805664062,0,3008,32,54,8,17.456579208374,0,48,5088,2057,81
34.5109866194146,1.00061838540356,361,1527.00805664062,0,3008,32,54,8,17.456579208374,0,48,5088,2057,81
34.6089032859246,1.00061838540356,277,1922.4462890625,0,3080,25,58,9,17.5614948272705,-14,60,1752,1383,88
34.5109866194146,0.996451718743562,376,1527.7099609375,0,2988,44,54,8,17.4273624420166,187,67,4993,1665,83
34.5193199527346,0.994368385413562,395,1475.62622070312,0,2902,37,54,9,17.4291687011719,-394,99,5259,1766,83
34.5276532860546,0.994368385413562,338,1520.77697753906,0,3008,50,54,27,17.4568614959717,-198,86,4406,1238,76
34.5505699526846,0.994368385413562,309,1789.71801757812,3,3217,31,58,7,17.5053424835205,353,21,563,1843,81
34.6443199525346,0.994368385413562,266,2008.45642089844,0,2926,26,56,17,17.5515098571777,7,95,1260,1814,84
34.5797366193046,0.990201718753562,347,1902.97509765625,0,2982,31,56,14,17.502571105957,-439,64,1563,1928,80
34.5984866192746,0.988118385423562,295,1932.92248535156,0,3017,31,56,8,17.52197265625,162,84,1394,1641,90
34.6964032857845,0.988118385423562,243,2099.23217773438,0,2661,51,56,9,17.5403327941895,-73,50,-1797,1480,90
34.6922366191245,0.986035052093562,244,2097.80249023438,1,2706,38,55,8,17.5422897338867,-124,44,-1418,1334,88
34.5922366192846,0.983951718763562,278,1899.40026855469,0,3040,27,57,2,17.5147380828857,110,30,1199,1769,85
34.5130699527446,0.981868385433562,372,1517.79431152344,0,2928,55,54,8,17.3871002197266,160,89,3898,1277,85
34.6859866191345,0.981868385433562,242,2074.43090820312,0,2753,31,55,13,17.5291576385498,-129,93,-1410,1386,90
34.6922366191245,0.981868385433562,241,2089.33081054688,0,2721,41,54,9,17.5371723175049,113,48,-2067,1440,97
34.6089032859246,0.979785052103562,262,1948.20886230469,0,2975,31,53,11,17.5077056884766,131,98,741,1973,92
34.5214032860646,0.977701718773562,353,1583.14086914062,0,2943,55,55,14,17.415922164917,-17,95,3386,1160,81
34.5339032860446,0.975618385443562,370,1646.01477050781,0,3008,41,54,10,17.4412879943848,160,39,2239,1156,83
34.6859866191345,0.975618385443562,249,2074.43090820312,0,2753,31,55,13,17.5291576385498,-129,93,-1410,1386,90
34.6214032859046,0.971451718783563,263,1856.19189453125,0,2833,40,53,30,17.4922637939453,-513,96,1532,1676,90
34.4880699527846,0.969368385453563,425,1610.55419921875,0,2683,59,54,21,17.3130321502686,-388,72,6336,1752,87
34.5214032860646,0.965201718793563,367,1676.76831054688,0,2859,56,51,16,17.3710880279541,164,98,3012,1411,82
34.6672366191645,0.963118385463563,269,2105.64428710938,0,2770,29,55,7,17.5205154418945,-10,96,-1449,1839,93
34.6797366191445,0.963118385463563,281,2093.62622070312,0,2674,38,53,20,17.5172595977783,43,95,-1436,1372,92
34.6943199524545,0.961035052133563,244,2079.080078125,0,2603,45,56,16,17.5125045776367,-389,67,-1727,1504,92
34.5964032859446,0.958951718803563,266,1893.98901367188,1,2959,34,54,7,17.4788131713867,397,30,262,1260,84
34.5880699526246,0.954785052143563,307,1680.62963867188,0,2726,38,53,15,17.428035736084,-460,83,2078,1468,82
34.5901532859546,0.954785052143563,321,1680.62963867188,0,2726,38,53,15,17.428035736084,-460,83,2078,1468,82
34.6297366192246,0.954785052143563,241,1972.11437988281,0,2891,34,54,2,17.4937057495117,322,54,-1001,1584,93
34.6526532858546,0.952701718813563,280,2091.7001953125,0,2850,36,53,9,17.5051403045654,142,97,-1402,1696,87
34.6797366191445,0.950618385483563,270,2115.77807617188,0,2646,30,55,3,17.5151500701904,-142,90,-1707,1422,93
34.4922366194446,0.948535052153563,383,1586.03674316406,0,2662,50,51,17,17.2450847625732,300,98,5018,2781,90
34.5047366194246,0.946451718823563,382,1703.10693359375,0,2695,44,51,4,17.2915363311768,91,77,5087,1886,92
34.5401532860346,0.944368385493563,385,1674.17565917969,0,2710,40,52,20,17.3395462036133,-98,97,3758,1103,85
34.5797366193046,0.944368385493563,281,1623.85754394531,0,2695,51,51,15,17.3940086364746,-22,72,2145,1548,91
34.5109866194146,0.942285052163563,377,1703.10693359375,0,2695,44,51,4,17.2915363311768,91,77,5087,1886,92
34.4880699527846,0.940201718833563,384,1603.31420898438,0,2568,52,51,17,17.2243804931641,186,86,5287,2275,95
34.5943199526146,0.940201718833563,300,1728.67858886719,0,2726,44,52,19,17.3961086273193,24,78,1659,1201,83
34.5505699526846,0.938118385503563,386,1756.14807128906,0,2653,43,53,16,17.3354911804199,-153,98,3362,1264,85
34.5797366193046,0.938118385503563,287,1655.11767578125,0,2640,39,52,11,17.3783149719238,-56,98,2118,1196,90
34.4984866194346,0.936035052173563,379,1681.9873046875,0,2646,50,52,15,17.2497444152832,162,94,5074,2322,89
34.5234866193946,0.936035052173563,380,1654.78918457031,0,2636,45,51,29,17.2822437286377,97,97,4058,1186,85
34.5818199526346,0.936035052173563,313,1655.11767578125,0,2640,39,52,11,17.3783149719238,-56,98,2118,1196,90
34.5339032860446,0.933951718843563,364,1630.7255859375,0,2495,42,52,20,17.2875366210938,-689,94,5174,1071,85
34.6568199525146,0.933951718843563,292,2066.14501953125,0,2642,39,53,8,17.4762725830078,-208,67,-1029,1539,85
34.7089032857645,0.933951718843563,248,2058.18676757812,0,2552,34,54,16,17.4979515075684,320,56,-2701,1277,91
34.6068199525946,0.931868385513563,304,1859.810546875,0,2676,31,52,6,17.4022006988525,45,80,374,1662,82
34.4880699527846,0.929785052183563,369,1628.84973144531,0,2536,46,51,20,17.2020835876465,262,96,5156,2138,91
34.6297366192246,0.929785052183563,310,1936.64123535156,0,2755,46,53,25,17.4417400360107,518,76,-1594,1790,79
34.6776532858145,0.927701718853563,290,1976.64636230469,0,2512,39,54,26,17.4582004547119,-380,97,-614,1230,78
34.5318199527146,0.925618385523563,341,1651.00122070312,0,2549,45,52,30,17.2736110687256,-374,97,5426,1323,85
34.5755699526446,0.925618385523563,300,1650.60522460938,0,2560,46,52,27,17.3363456726074,-323,81,2902,1178,83
34.7484866190345,0.925618385523563,397,2013.12390136719,5,2336,36,59,11,17.5749130249023,9,14,-1885,1313,87
34.4755699528046,0.923535052193563,411,1591.43603515625,0,2346,44,52,25,17.2032299041748,-317,92,5102,1880,86
34.6151532859146,0.921451718863563,355,1751.89489746094,0,2446,45,51,16,17.3734912872314,-397,93,1736,1974,85
34.7047366191045,0.921451718863563,298,2027.4892578125,0,2482,30,54,18,17.4814605712891,179,68,-1298,1155,88
34.6880699524645,0.919368385533563,275,1973.79943847656,0,2436,40,54,13,17.456693649292,-236,62,-367,1799,84
34.5214032860646,0.917285052203563,379,1616.55297851562,0,2404,37,53,25,17.2426872253418,-544,88,5270,1409,81
34.5672366193246,0.917285052203563,285,1684.90307617188,0,2491,34,53,17,17.3010997772217,-274,87,3324,1634,86
34.5859866192946,0.917285052203563,283,1715.17785644531,0,2594,31,54,10,17.3405284881592,170,99,1588,1348,90
34.6818199524745,0.917285052203563,298,1908.40869140625,0,2447,48,52,7,17.4504203796387,-167,98,-477,1702,82
34.7505699523645,0.917285052203563,446,1966.84899902344,5,2326,29,60,6,17.6465549468994,164,12,-1363,1151,88
34.5297366193846,0.915201718873563,350,1759.42785644531,0,2554,35,52,8,17.2622623443604,315,96,3060,1113,80
34.5901532859546,0.915201718873563,312,1813.59838867188,0,2513,40,52,19,17.331298828125,-161,92,1494,1472,87
34.5068199527546,0.913118385543563,396,1724.94616699219,0,2467,34,54,11,17.2059669494629,-76,96,5345,1561,87
34.5464032860246,0.913118385543563,342,1869.97827148438,0,2479,35,53,16,17.2714157104492,-155,96,2801,1455,87
34.6568199525146,0.913118385543563,327,1949.12414550781,0,2364,34,53,14,17.4165744781494,-355,98,732,1992,81
34.7130699524245,0.913118385543563,312,2021.41931152344,0,2453,25,54,12,17.4879512786865,252,97,22,1210,89
34.5130699527446,0.911035052213563,381,1636.47473144531,0,2531,35,56,20,17.2357616424561,449,95,4119,1515,80
34.6901532857945,0.906868385553563,342,1854.23950195312,0,2357,25,54,14,17.4986228942871,142,82,464,1877,83
34.8005699522845,0.906868385553563,423,1909.20922851562,2,2080,31,60,10,18.1618938446045,0,19,-803,1676,87
34.5672366193246,0.904785052223563,289,1756.68444824219,0,2412,31,55,11,17.2733707427979,-11,95,2645,1644,92
34.5130699527446,0.902701718893563,371,1579.15466308594,0,2360,28,52,38,17.3037776947021,-17,97,4375,2231,78
34.6818199524745,0.902701718893563,331,1828.21423339844,0,2451,28,53,12,17.4867839813232,562,98,-618,1725,84
34.4734866194746,0.896451718903563,343,1635.03112792969,0,2370,33,53,9,17.2279453277588,235,96,5597,1960,98
34.7630699523445,0.896451718903563,455,1901.38037109375,6,2191,33,60,20,17.9718170166016,304,10,0,1490,82
34.5026532860946,0.890201718913563,351,1840.02038574219,0,2366,35,52,10,17.2433662414551,3,98,4946,2105,96
34.6130699525846,0.890201718913563,403,1778.94177246094,0,2316,30,56,10,17.4934711456299,-179,81,1658,2004,86
34.6214032859046,0.890201718913563,362,1696.90686035156,0,2253,30,54,17,17.5346832275391,-192,91,2009,2052,87
34.7776532856545,0.890201718913563,442,1892.5517578125,2,2098,31,60,4,18.1134147644043,110,19,95,1443,89
34.5297366193846,0.888118385583563,378,1877.83276367188,0,2449,40,57,4,17.2190036773682,142,87,2703,1580,83
34.5339032860446,0.888118385583563,374,1877.83276367188,0,2449,40,57,4,17.2190036773682,142,87,2703,1580,83
34.6047366192646,0.888118385583563,357,1881.42639160156,1,2383,35,57,12,17.3937759399414,239,15,839,1770,93
34.6318199525546,0.888118385583563,334,1692.35205078125,0,2350,29,54,10,17.5389881134033,68,98,1034,1780,84
34.6339032858846,0.886035052253563,340,1692.35205078125,0,2350,29,54,10,17.5389881134033,68,98,1034,1780,84
35.0693199518544,0.886035052253563,280,1302.92529296875,6,1812,25,62,4,18.6592540740967,36,12,1014,1336,101
34.7630699523445,0.883951718923563,419,1878.64147949219,8,2130,33,60,9,18.0597324371338,219,10,198,1236,91
34.6443199525346,0.881868385593563,325,1757.69702148438,0,2267,30,55,6,17.5810317993164,-40,98,1202,2175,85
34.9755699520044,0.881868385593563,258,1149.20581054688,7,1763,16,58,3,18.7206172943115,0,6,1156,1472,106
34.6151532859146,0.877701718933563,413,1820.53161621094,0,2237,27,56,15,17.5479488372803,-266,44,1833,1440,85
34.4734866194746,0.873535052273563,293,1649.29345703125,0,2229,30,54,20,17.3913536071777,-82,99,6269,1493,87
35.0068199519544,0.873535052273563,302,1348.87390136719,8,1809,25,61,5,18.6683654785156,100,11,987,1205,109
34.4943199527746,0.869368385613563,235,1812.11926269531,0,2299,27,52,18,17.3436126708984,-169,98,5191,2374,92
34.5255699527246,0.869368385613563,312,1658.4990234375,0,2283,39,57,15,17.434139251709,-131,47,3653,2270,84
34.9797366186644,0.869368385613563,264,1168.82849121094,7,1763,19,62,3,18.7113742828369,-53,11,1303,1750,105
35.0589032852044,0.869368385613563,285,1419.77355957031,8,1864,26,63,4,18.6200504302979,144,6,589,1466,105
34.4630699528246,0.867285052283563,391,1560.93286132812,0,2253,42,59,7,17.4440116882324,518,26,6361,1471,80
34.7214032857445,0.867285052283563,398,1855.05554199219,0,2106,27,61,9,18.0253562927246,82,86,1831,1209,87
34.7943199522945,0.867285052283563,393,1732.62524414062,14,1956,26,60,11,18.3576316833496,133,6,668,1277,90
34.9672366186844,0.867285052283563,263,1141.92065429688,3,1735,18,59,4,18.7361736297607,-83,28,1406,1243,107
34.5568199526746,0.865201718953563,298,1882.826171875,0,2241,40,58,4,17.5010604858398,-2,27,1618,1517,95
34.6443199525346,0.865201718953563,366,1771.94750976562,0,2165,25,53,11,17.7722625732422,-198,95,1375,2096,87
34.7422366190445,0.865201718953563,389,1852.2646484375,3,2012,29,59,9,18.1990222930908,-14,23,1895,1740,87
35.0755699518444,0.865201718953563,288,1377.94287109375,8,1849,23,62,3,18.627571105957,39,8,642,1370,107
34.4964032861046,0.863118385623563,238,1873.00939941406,0,2300,27,53,14,17.3803997039795,-13,97,4264,2133,91
35.0359866185744,0.863118385623563,274,1189.81750488281,3,1823,21,61,3,18.6752414703369,145,21,909,1378,106
34.5880699526246,0.861035052293563,387,1803.07788085938,4,2282,40,58,9,17.5626220703125,230,12,499,1627,91
34.6130699525846,0.861035052293563,375,1853.7880859375,4,2205,31,61,6,17.6513767242432,8,16,1154,1459,87
34.7318199523945,0.861035052293563,441,1830.73779296875,1,2037,31,59,12,18.1703948974609,59,25,1780,1662,84
34.7339032857245,0.861035052293563,438,1830.73779296875,1,2037,31,59,12,18.1703948974609,59,25,1780,1662,84
34.5693199526546,0.858951718963563,295,1823.55651855469,1,2233,36,58,7,17.5309009552002,-8,17,1443,1659,97
35.0401532852344,0.858951718963563,260,1218.48046875,7,1824,17,59,5,18.6668109893799,64,6,823,1303,111
35.0755699518444,0.858951718963563,310,1377.94287109375,8,1849,23,62,3,18.627571105957,39,8,642,1370,107
35.0401532852344,0.856868385633563,317,1182.22509765625,1,1783,21,59,3,18.683988571167,-100,21,1229,1330,103
34.9339032854044,0.854785052303563,284,1163.92224121094,2,1717,23,60,6,18.7283153533936,-62,15,1029,1622,104
34.4901532861146,0.852701718973563,264,1754.76953125,0,2180,27,52,5,17.4800472259521,-17,98,4584,2471,88
34.7964032856245,0.852701718973563,417,1505.61999511719,0,1737,24,60,17,18.5634498596191,-350,20,2247,1646,91
35.1109866184543,0.852701718973563,321,1149.20971679688,4,1823,21,57,16,18.6482219696045,-91,12,884,1953,100
34.7255699524045,0.850618385643563,384,1772.01940917969,4,1975,30,60,8,18.2294483184814,25,15,2579,1429,90
34.7880699523045,0.850618385643563,405,1550.83874511719,1,1872,23,60,8,18.4988136291504,250,24,1199,1410,88
34.9484866187144,0.850618385643563,254,1170.02514648438,4,1746,24,62,7,18.7170867919922,-18,12,1038,1691,102
35.0214032852644,0.850618385643563,290,1198.02905273438,3,1767,21,60,2,18.7010402679443,-113,12,1432,1429,104
35.1109866184543,0.850618385643563,316,1149.20971679688,4,1823,21,57,16,18.6482219696045,-91,12,884,1953,100
34.7339032857245,0.848535052313563,407,1725.40783691406,4,1944,30,60,10,18.3444385528564,210,15,2470,1398,86
34.5026532860946,0.846451718983563,274,1823.72717285156,0,2244,31,55,11,17.5092506408691,433,98,3233,1530,81
34.6818199524745,0.846451718983563,418,1909.8251953125,4,2077,39,59,7,18.0486450195312,172,17,0,1804,93
34.7818199523145,0.846451718983563,376,1401.28698730469,3,1729,19,60,5,18.5794639587402,-236,25,2872,1411,95
34.5776532859746,0.844368385653563,406,1843.13537597656,1,2117,45,58,10,17.6868686676025,-118,33,1920,1542,96
34.9776532853344,0.844368385653563,268,1372.14855957031,0,1788,17,59,3,18.6571865081787,-37,47,944,1403,102
34.4443199528547,0.842285052323563,449,1164.86962890625,0,1568,22,57,9,17.8713359832764,-11,24,10831,1540,92
34.5026532860946,0.842285052323563,325,1823.72717285156,0,2244,31,55,11,17.5092506408691,433,98,3233,1530,81
34.5339032860446,0.842285052323563,351,1612.70361328125,0,2181,44,58,17,17.6224956512451,-220,34,2867,1364,84
35.0193199519344,0.838118385663563,280,1348.70080566406,3,1803,23,62,3,18.6729736328125,72,17,968,1216,103
35.0443199518944,0.838118385663563,317,1175.34484863281,5,1802,18,57,4,18.6813716888428,28,7,1192,1565,103
35.0797366185043,0.838118385663563,275,1305.20690917969,3,1863,18,57,3,18.6189250946045,49,14,617,2201,108
34.4297366195447,0.833951719003563,332,1156.05603027344,1,1531,16,57,12,17.8236408233643,52,18,9612,1675,96
34.7380699523845,0.833951719003563,365,1597.70422363281,0,1753,31,59,14,18.4915103912354,-204,23,3287,1636,89
34.8068199522745,0.833951719003563,381,1323.87158203125,2,1682,19,59,3,18.61301612854,-173,18,2553,1276,97
35.0234866185944,0.833951719003563,330,1230.74584960938,1,1771,20,60,4,18.6995697021484,-51,21,1304,1193,103
35.0839032851643,0.833951719003563,289,1305.20690917969,3,1863,18,57,3,18.6189250946045,49,14,617,2201,108
35.1005699518043,0.833951719003563,286,1270.30346679688,5,1873,16,57,2,18.6220436096191,97,8,455,1303,111
34.4797366194646,0.831868385673563,422,1533.66772460938,1,1973,44,59,12,17.8590488433838,206,38,4709,1916,77
34.7234866190745,0.831868385673563,394,1617.82568359375,1,1772,30,60,7,18.4595375061035,18,23,3314,1878,92
34.7943199522945,0.831868385673563,311,1450.40991210938,4,1735,20,59,3,18.590669631958,71,12,2407,2301,108
34.9401532853944,0.831868385673563,290,1218.91955566406,2,1781,17,60,4,18.6854610443115,172,15,655,1589,103
35.0984866184743,0.831868385673563,277,1279.42980957031,3,1843,19,59,3,18.6388092041016,-67,15,758,1405,110
34.5776532859746,0.829785052343563,331,1991.99279785156,1,2098,43,58,16,17.74049949646,-214,18,1516,1927,92
34.7964032856245,0.829785052343563,310,1468.12060546875,2,1720,18,59,5,18.6012592315674,80,19,2165,2770,106
34.9401532853944,0.829785052343563,271,1218.91955566406,2,1781,17,60,4,18.6854610443115,172,15,655,1589,103
35.0380699519044,0.829785052343563,299,1160.29870605469,5,1794,17,59,2,18.6956958770752,37,10,1123,1821,106
34.4443199528547,0.827701719013563,371,1157.08703613281,1,1524,18,57,5,17.8203430175781,-11,21,8282,1717,94
34.6484866191946,0.827701719013563,421,1745.28698730469,2,1957,38,60,13,18.1284503936768,-169,35,2520,1699,86
34.6901532857945,0.827701719013563,429,1857.00073242188,2,1948,32,60,8,18.2283191680908,155,15,1374,1642,87
34.7068199524345,0.827701719013563,428,1741.56164550781,0,1834,37,58,19,18.3724365234375,-97,31,2976,1538,91
35.0339032852444,0.827701719013563,289,1165.66296386719,6,1781,18,58,4,18.7082538604736,-25,9,1345,1918,105
34.4568199528346,0.825618385683563,367,1257.79028320312,1,1643,31,57,9,17.8988742828369,-29,27,7312,1270,85
34.9464032853844,0.825618385683563,253,1247.59191894531,2,1766,15,61,4,18.6830673217773,55,20,860,1527,105
35.0047366186244,0.825618385683563,288,1328.36499023438,11,1804,22,61,2,18.6808605194092,49,6,836,1127,102
35.0255699519244,0.825618385683563,301,1219.888671875,4,1765,20,60,1,18.7043724060059,-75,13,1383,1453,106
34.5068199527546,0.823535052353563,408,1479.69116210938,3,1782,42,58,25,18.0043144226074,-136,22,5916,1540,78
34.8047366189445,0.823535052353563,329,1371.38806152344,1,1686,18,60,4,18.599235534668,-41,20,2217,2262,104
34.8630699521845,0.823535052353563,303,1439.66674804688,1,1739,17,59,5,18.6436023712158,-74,20,667,2467,104
34.4464032861847,0.821451719023563,323,1183.96887207031,1,1558,17,59,6,17.8255252838135,71,17,6001,2016,90
34.9130699521044,0.821451719023563,291,1213.09606933594,2,1681,20,60,3,18.7070140838623,-122,18,1398,1717,106
35.0151532852744,0.821451719023563,271,1243.119140625,6,1799,20,60,3,18.6907806396484,115,9,1001,1531,107
34.6859866191345,0.819368385693563,448,1699.7626953125,2,1855,36,58,17,18.3136234283447,157,18,1739,1656,83
35.1401532850743,0.819368385693563,282,1112.01159667969,6,1855,22,61,4,18.6390933990479,50,9,1002,1392,111
34.5130699527446,0.817285052363563,415,1334.22082519531,3,1686,34,58,27,18.0459613800049,-616,27,6894,1722,87
34.6776532858145,0.817285052363563,451,1665.92553710938,1,1831,33,59,20,18.3132991790771,-232,36,2529,1834,83
34.7172366190845,0.817285052363563,382,1560.35229492188,3,1693,22,58,6,18.4667682647705,-330,23,4202,1591,95
34.7797366189845,0.817285052363563,314,1324.37133789062,3,1696,18,59,3,18.56764793396,-36,16,2768,1815,107
34.8901532854744,0.817285052363563,234,1522.1259765625,0,1736,16,59,4,18.6745777130127,-98,40,791,1610,103
34.8943199521344,0.817285052363563,254,1522.1259765625,0,1736,16,59,4,18.6745777130127,-98,40,791,1610,103
34.4443199528547,0.815201719033563,322,1122.57556152344,1,1469,16,59,10,17.7972068786621,-115,21,4854,1600,96
34.5318199527146,0.815201719033563,436,1351.65405273438,0,1973,43,59,48,17.994966506958,482,28,3181,1469,72
34.5380699527046,0.815201719033563,434,1509.52783203125,2,1891,36,59,19,17.9345264434814,-491,27,3645,1502,78
34.5839032859646,0.815201719033563,372,2013.93212890625,5,2050,38,59,12,17.8420066833496,286,15,1844,1850,87
34.4568199528346,0.813118385703563,329,1267.45666503906,1,1560,17,58,8,17.8325099945068,-142,21,4067,1620,88
34.7818199523145,0.813118385703563,319,1315.41052246094,0,1683,17,59,4,18.5572357177734,-73,39,2609,2460,109
34.8672366188445,0.813118385703563,222,1445.75573730469,2,1756,15,59,3,18.6435871124268,59,14,428,1760,103
34.9130699521044,0.813118385703563,262,1211.67358398438,2,1686,19,60,5,18.703010559082,-13,19,1315,1549,104
35.0651532851944,0.813118385703563,267,1153.09106445312,3,1810,16,60,3,18.691499710083,42,12,1185,1154,107
34.7464032857045,0.808951719043563,301,1486.341796875,2,1697,21,58,4,18.5146789550781,6,19,3098,1946,106
34.8568199521945,0.808951719043563,236,1365.24780273438,2,1726,15,60,4,18.6501998901367,-53,16,684,1538,106
34.6901532857945,0.806868385713563,352,1518.91772460938,3,1733,23,58,3,18.4131507873535,72,26,3184,2246,97
34.7339032857245,0.806868385713563,296,1502.93908691406,1,1716,21,58,1,18.4823703765869,76,17,2957,2367,109
34.7609866190145,0.806868385713563,303,1418.72326660156,1,1673,20,59,2,18.5125865936279,-92,23,2974,1825,102
34.4130699529047,0.804785052383563,402,1110.04772949219,0,1366,12,59,6,17.7617816925049,-215,28,4251,1658,98
34.4359866195347,0.804785052383563,288,1105.1201171875,0,1407,19,58,7,17.7804641723633,-186,27,3419,1807,101
34.6026532859346,0.804785052383563,427,1632.82019042969,0,1639,24,58,6,18.1926651000977,-723,35,5541,1876,93
35.0318199519144,0.804785052383563,278,1321.21606445312,6,1801,21,61,4,18.6822872161865,80,8,934,1241,109
34.7818199523145,0.802701719053563,332,1323.33947753906,1,1676,22,60,5,18.5489807128906,-74,18,2551,1919,104
34.8651532855145,0.802701719053563,222,1427.70336914062,6,1735,16,60,4,18.6516418457031,-16,8,661,1480,103
35.0797366185043,0.802701719053563,295,1184.93041992188,4,1814,16,60,2,18.6848030090332,18,11,1238,1799,110
34.8297366189045,0.800618385723563,265,1298.25964355469,0,1702,19,59,4,18.6169853210449,-22,30,1526,1535,105
34.8359866188945,0.800618385723563,298,1298.25964355469,0,1702,19,59,4,18.6169853210449,-22,30,1526,1535,105
35.0380699519044,0.800618385723563,284,1273.82446289062,6,1776,19,60,3,18.698543548584,-38,10,1237,1232,107
34.6193199525746,0.798535052393563,348,1437.62951660156,0,1656,26,57,6,18.2265338897705,-104,37,5004,1866,90
34.7339032857245,0.798535052393563,281,1469.97595214844,3,1708,20,58,4,18.4686489105225,57,19,2623,2143,106
34.7568199523545,0.796451719063563,309,1460.03540039062,0,1684,20,59,4,18.5065078735352,8,24,2623,1912,110
35.0734866185144,0.796451719063563,303,1131.90710449219,5,1780,16,58,2,18.7148056030273,-28,9,1472,1328,108
34.4526532861747,0.794368385733563,254,1276.40649414062,3,1520,17,60,6,17.7590065002441,11,14,853,1689,98
34.7068199524345,0.794368385733563,273,1539.15051269531,5,1715,21,58,3,18.4312553405762,56,15,3104,1907,106
34.8776532854944,0.794368385733563,212,1460.48461914062,2,1724,17,60,4,18.6586837768555,36,10,658,1365,105
34.9797366186644,0.794368385733563,313,1147.38146972656,3,1708,20,60,2,18.7411041259766,-115,22,1559,1450,103
34.4255699528847,0.792285052403563,271,1173.33557128906,4,1438,13,59,4,17.7329883575439,64,13,1840,1750,106
34.4922366194446,0.792285052403563,299,1376.60217285156,3,1627,20,58,5,17.9064598083496,99,11,5142,1698,99
34.5214032860646,0.792285052403563,328,1249.04858398438,2,1626,24,57,4,18.0037899017334,-107,22,6195,2208,91
34.9276532854144,0.792285052403563,248,1166.97021484375,6,1688,21,60,5,18.7011127471924,-39,14,1533,1561,102
34.9318199520744,0.792285052403563,251,1224.43310546875,5,1726,20,60,3,18.7098731994629,126,15,1186,1362,102
35.0359866185744,0.792285052403563,292,1389.21862792969,3,1800,18,59,4,18.6715774536133,1,12,1102,1071,107
35.0839032851643,0.792285052403563,345,1137.61901855469,3,1804,15,58,3,18.7043304443359,70,14,1374,1736,111
35.1193199517743,0.792285052403563,323,1094.0244140625,3,1810,17,61,4,18.6897983551025,3,11,1698,1695,109
35.0401532852344,0.790201719073563,296,1436.37231445312,7,1824,17,62,2,18.6686820983887,106,8,850,1420,113
35.1068199517943,0.790201719073563,346,1103.19909667969,7,1789,18,63,3,18.6956443786621,-72,12,1901,1535,110
34.7505699523645,0.788118385743563,287,1520.38061523438,2,1697,19,59,3,18.4863681793213,36,19,2231,2477,112
34.8693199521745,0.788118385743563,225,1313.70983886719,4,1702,18,61,4,18.6420230865479,-12,9,864,1454,101
35.0943199518143,0.788118385743563,317,1109.58959960938,3,1771,17,62,4,18.71435546875,-106,16,1942,1466,110
34.8464032855445,0.786035052413563,243,1404.53283691406,2,1717,17,60,4,18.6232891082764,40,17,759,1683,101
34.9630699520244,0.786035052413563,277,1152.87414550781,2,1691,20,60,1,18.7304782867432,-96,15,1577,1606,104
34.4901532861146,0.783951719083563,335,1287.63586425781,3,1606,15,60,7,17.8628387451172,178,11,5054,2050,97
34.7359866190545,0.783951719083563,282,1446.40576171875,3,1680,20,59,5,18.4528408050537,-80,16,2596,2336,102
34.8547366188645,0.783951719083563,255,1309.88696289062,0,1684,17,59,5,18.6311454772949,-53,25,808,1540,101
35.0505699518844,0.783951719083563,253,1375.47216796875,11,1808,16,60,6,18.6787738800049,103,8,1135,1459,106
35.0630699518644,0.783951719083563,294,1161.85241699219,5,1756,16,61,4,18.7240123748779,-61,12,1675,1295,106
34.6568199525146,0.781868385753563,283,1292.59484863281,1,1592,16,58,4,18.270299911499,-143,38,4669,1810,99
34.9026532854544,0.781868385753563,256,1438.73657226562,3,1694,21,60,5,18.6721019744873,-3,17,1319,1442,102
35.0172366186044,0.781868385753563,231,1287.37915039062,3,1820,22,58,4,18.6763305664062,213,14,670,1514,106
35.1026532851343,0.781868385753563,279,1119.21228027344,9,1810,15,58,3,18.6910552978516,4,4,1710,1596,109
35.0964032851443,0.779785052423563,308,1119.21228027344,9,1810,15,58,3,18.6910552978516,4,4,1710,1596,109
34.5172366194046,0.775618385763563,286,1248.42077636719,0,1627,17,58,5,17.9260234832764,129,20,5192,1486,98
34.5484866193546,0.775618385763563,299,1472.06884765625,0,1667,29,57,8,18.048957824707,-237,31,4357,1411,81
34.7776532856545,0.775618385763563,232,1313.71447753906,0,1656,18,60,2,18.5056800842285,-99,24,2131,1790,106
34.9672366186844,0.775618385763563,270,1160.55920410156,12,1710,15,58,2,18.7277050018311,25,1,1444,1571,106
34.6297366192246,0.773535052433563,224,1370.76672363281,0,1589,14,57,5,18.1929702758789,-87,16,4628,2548,105
34.9734866186744,0.773535052433563,282,1174.40283203125,4,1728,16,59,2,18.7310047149658,119,13,1208,1723,107
35.0005699519644,0.773535052433563,269,1147.82434082031,4,1738,14,57,4,18.7374458312988,30,12,1065,1663,99
35.1234866184343,0.773535052433563,343,1178.91284179688,4,1862,22,60,4,18.6383476257324,31,11,1586,2056,104
35.0859866184943,0.771451719103563,287,1100.1279296875,5,1797,18,58,3,18.7063636779785,39,11,1714,2005,105
34.7339032857245,0.769368385773563,291,1525.68627929688,4,1671,19,58,5,18.4341278076172,-5,15,2284,2167,109
34.9984866186344,0.769368385773563,255,1147.82434082031,4,1738,14,57,4,18.7374458312988,30,12,1065,1663,99
35.0026532852944,0.769368385773563,276,1147.82434082031,4,1738,14,57,4,18.7374458312988,30,12,1065,1663,99
35.0443199518944,0.769368385773563,267,1274.84704589844,5,1791,19,57,3,18.7014961242676,59,9,1093,2655,103
34.4297366195447,0.767285052443563,271,1294.79479980469,1,1449,14,60,6,17.6870651245117,26,24,1388,2010,103
34.7318199523945,0.767285052443563,296,1525.68627929688,4,1671,19,58,5,18.4341278076172,-5,15,2284,2167,109
35.0234866185944,0.767285052443563,279,1246.57641601562,4,1757,21,58,6,18.7169742584229,-96,11,1101,1871,97
35.1380699517443,0.767285052443563,366,1164.03540039062,8,1869,19,58,1,18.6301612854004,-26,4,1574,2235,113
34.8443199522145,0.765201719113563,249,1221.34606933594,2,1655,17,59,6,18.5832672119141,35,17,1365,1509,103
34.5255699527246,0.763118385783563,229,1283.95007324219,0,1635,20,56,8,17.9127235412598,163,15,4060,1746,91
34.5609866193346,0.763118385783563,324,1601.84558105469,1,1645,22,57,4,18.0362567901611,-4,23,3322,1635,96
34.7401532857145,0.763118385783563,295,1541.10546875,2,1660,20,59,4,18.4367084503174,-55,18,2011,2404,111
35.0484866185544,0.763118385783563,291,1154.78344726562,0,1744,21,60,3,18.739767074585,-92,29,1748,2052,104
34.4984866194346,0.761035052453563,246,1178.66235351562,1,1561,15,58,7,17.8034191131592,142,16,4878,1988,99
34.5380699527046,0.761035052453563,198,1640.40905761719,1,1728,21,56,16,18.0154838562012,482,22,3194,1420,90
34.6026532859346,0.761035052453563,277,1797.73388671875,0,1675,25,56,7,18.1443195343018,87,31,3044,1573,91
34.7380699523845,0.761035052453563,294,1541.10546875,2,1660,20,59,4,18.4367084503174,-55,18,2011,2404,111
34.9547366187044,0.761035052453563,283,1110.62438964844,4,1678,22,60,3,18.7122535705566,28,12,1686,1857,106
35.0047366186244,0.761035052453563,266,1147.66186523438,4,1734,14,57,6,18.7412376403809,12,9,614,2183,96
34.4609866194946,0.758951719123563,304,1279.95849609375,0,1473,15,60,6,17.7150077819824,106,25,983,1863,103
34.6505699525246,0.758951719123563,226,1348.017578125,3,1608,15,58,5,18.2174739837646,119,17,4003,2149,106
35.1234866184343,0.758951719123563,389,1236.67492675781,5,1895,20,58,5,18.613109588623,78,8,1347,1582,108
34.7464032857045,0.756868385793563,290,1572.48400878906,0,1678,20,57,2,18.44260597229,76,29,1414,1888,116
34.7901532856345,0.756868385793563,200,1435.46044921875,1,1683,19,58,4,18.5067577362061,129,15,379,2276,109
34.9422366187244,0.756868385793563,291,1119.25891113281,2,1640,22,62,4,18.6910095214844,-105,21,2094,2038,107
35.0693199518544,0.756868385793563,304,1105.6376953125,7,1759,20,59,8,18.7242107391357,-36,5,2104,1452,104
34.4922366194446,0.754785052463563,271,1174.61462402344,1,1523,17,58,10,17.7555198669434,49,11,3969,1488,99
34.5880699526246,0.754785052463563,301,1691.89331054688,0,1648,24,57,10,18.0909976959229,-52,40,2614,1582,91
34.6005699526046,0.754785052463563,259,1716.79870605469,1,1642,19,57,6,18.1119766235352,19,31,2492,1848,95
34.7818199523145,0.754785052463563,211,1342.49816894531,2,1663,22,59,4,18.4878082275391,42,17,736,2093,109
35.0026532852944,0.754785052463563,281,1068.0498046875,2,1683,20,60,4,18.7411403656006,-53,19,1198,1876,101
34.4589032861646,0.752701719133563,316,1228.69360351562,2,1424,12,59,7,17.7145118713379,-136,13,1673,2135,97
35.1318199517543,0.752701719133563,383,1252.90515136719,6,1918,20,58,2,18.6015949249268,70,6,1296,1370,117
34.5318199527146,0.750618385803563,268,1632.89990234375,1,1652,20,56,20,17.9623413085938,45,16,3159,1887,85
34.6026532859346,0.750618385803563,239,1716.79870605469,1,1642,19,57,6,18.1119766235352,19,31,2492,1848,95
34.6193199525746,0.750618385803563,217,1660.83166503906,0,1626,17,58,2,18.1410846710205,87,35,3278,1411,108
34.5380699527046,0.748535052473563,243,1739.95703125,1,1654,18,56,7,17.9562435150146,65,8,2042,1564,88
34.5526532860146,0.748535052473563,236,1662.6787109375,0,1629,17,57,6,17.9613704681396,-64,14,2311,1687,93
34.8234866189145,0.748535052473563,256,1201.4306640625,1,1610,15,59,5,18.5350646972656,-116,33,1843,1693,108
34.6068199525946,0.746451719143563,232,1648.50671386719,0,1615,17,58,1,18.1004085540771,0,33,793,2071,105
34.8318199522345,0.746451719143563,250,1170.79870605469,5,1631,15,60,4,18.5490741729736,3,12,1541,1710,109
35.0026532852944,0.746451719143563,292,1074.75793457031,2,1679,19,59,3,18.7382831573486,-52,17,1308,1355,101
35.1276532850943,0.746451719143563,369,1236.26281738281,5,1912,22,60,2,18.60964012146,9,9,1291,1529,115
34.4422366195247,0.744368385813563,305,1307.38818359375,1,1413,13,60,7,17.6658630371094,-43,21,1874,1592,104
34.7651532856745,0.744368385813563,263,1410.22155761719,0,1622,20,58,1,18.4464092254639,-104,22,1361,3281,112
35.0339032852444,0.744368385813563,318,1032.97692871094,5,1676,18,57,5,18.7584457397461,-219,13,2063,1209,99
34.4734866194746,0.742285052483563,302,1155.73791503906,1,1469,15,58,8,17.7195014953613,-14,17,2681,1617,98
34.8068199522745,0.742285052483563,192,1335.70397949219,2,1649,19,59,2,18.5152111053467,40,21,1241,2103,112
34.8443199522145,0.742285052483563,242,1164.09765625,1,1620,14,60,2,18.563419342041,-118,29,1707,2496,107
34.9651532853544,0.742285052483563,314,1145.70324707031,3,1648,22,61,5,18.7120361328125,-153,16,2062,1535,100
35.0172366186044,0.742285052483563,302,1037.8662109375,1,1680,18,59,4,18.7496185302734,-88,18,1850,1533,101
35.0880699518243,0.742285052483563,328,1101.73229980469,4,1806,22,60,4,18.6848602294922,-92,16,1944,1486,103
34.5943199526146,0.740201719153563,297,1644.279296875,0,1586,15,56,3,18.0373401641846,-77,30,1563,1320,100
34.7089032857645,0.740201719153563,220,1174.21813964844,0,1559,13,56,5,18.2960357666016,-124,27,2333,2459,107
34.7505699523645,0.740201719153563,195,1531.01489257812,1,1678,20,58,3,18.420482635498,47,28,980,1677,111
34.8484866188745,0.740201719153563,213,1173.94055175781,3,1669,16,60,4,18.5731163024902,101,10,1298,1962,109
35.1380699517443,0.740201719153563,401,1187.54699707031,10,1917,18,60,5,18.6146259307861,11,5,1664,1508,111
34.7818199523145,0.738118385823563,260,1376.15063476562,0,1610,16,59,4,18.4624423980713,-113,37,1098,2057,113
34.9297366187444,0.738118385823563,339,1142.90393066406,2,1631,19,61,1,18.6731834411621,-119,15,2058,1310,103
35.0005699519644,0.738118385823563,320,1159.18859863281,3,1673,23,60,5,18.7351531982422,-85,13,1508,1504,98
34.4797366194646,0.736035052493563,240,1238.46643066406,2,1474,15,58,5,17.7085762023926,-89,16,3274,1629,95
34.9568199520344,0.736035052493563,293,1205.59399414062,3,1692,22,60,7,18.6973171234131,29,13,1707,1897,97
35.0234866185944,0.736035052493563,326,1054.52124023438,3,1680,18,58,7,18.7516326904297,-74,14,1974,1486,100
34.4401532861947,0.733951719163563,266,1248.08520507812,0,1391,12,60,5,17.658935546875,-65,17,2259,1836,107
34.6297366192246,0.733951719163563,164,1560.61511230469,1,1577,15,60,5,18.1276741027832,78,20,3327,2594,113
34.7380699523845,0.733951719163563,228,1395.47668457031,3,1670,17,58,6,18.3976249694824,77,12,1021,2018,105
34.8151532855945,0.733951719163563,239,1236.12939453125,1,1624,15,60,3,18.5140743255615,38,21,1453,1772,110
34.8234866189145,0.733951719163563,246,1185.20703125,1,1605,15,59,5,18.5257911682129,-112,28,1861,1563,110
34.9026532854544,0.733951719163563,258,1583.81396484375,1,1738,14,59,2,18.645975112915,62,22,958,1223,108
34.9797366186644,0.733951719163563,306,1351.73413085938,2,1712,22,60,6,18.710786819458,-2,19,1334,1632,93
35.0276532852544,0.731868385833563,346,1076.71813964844,2,1737,17,59,3,18.7459812164307,97,11,1486,1421,102
34.8297366189045,0.729785052503563,212,1168.5556640625,4,1640,12,58,3,18.5330772399902,102,9,1458,1741,109
34.6984866191145,0.727701719173563,210,1182.30932617188,0,1572,15,57,3,18.264087677002,20,20,2200,2455,108
34.7797366189845,0.727701719173563,219,1509.98999023438,1,1640,18,57,4,18.4621315002441,-51,30,915,2016,112
34.9047366187844,0.727701719173563,238,1565.85095214844,4,1724,15,59,5,18.6507797241211,131,13,1152,1609,100
34.9422366187244,0.727701719173563,294,1103.55102539062,4,1664,19,59,3,18.6803665161133,-8,10,1880,1439,102
35.1068199517943,0.727701719173563,388,1175.84729003906,3,1875,18,59,3,18.6361541748047,-75,15,1558,1561,111
34.9234866187544,0.725618385843563,330,1224.95983886719,1,1634,17,60,1,18.6605339050293,-121,16,2126,1431,103
35.0734866185144,0.725618385843563,306,1251.71569824219,5,1865,22,59,6,18.641393661499,56,11,1251,2189,102
34.9526532853744,0.723535052513563,323,1143.0078125,2,1702,21,60,6,18.6816215515137,11,14,1578,1445,95
34.6609866191746,0.721451719183563,259,1381.28186035156,0,1536,16,58,5,18.1395244598389,46,18,3229,1979,114
34.6630699525046,0.721451719183563,278,1276.03039550781,1,1505,16,57,2,18.1518173217773,-105,19,3174,2224,112
34.7776532856545,0.721451719183563,218,1614.96643066406,0,1670,22,59,3,18.4482345581055,40,52,484,1540,118
34.7984866189545,0.721451719183563,190,1556.18322753906,2,1656,21,59,4,18.4844665527344,90,18,866,1735,111
35.0464032852244,0.721451719183563,293,1181.39318847656,0,1856,33,59,7,18.6496391296387,158,58,1010,1345,99
35.0547366185444,0.721451719183563,315,1284.62145996094,4,1884,23,61,2,18.6216678619385,136,13,537,1460,107
34.4484866195147,0.719368385853563,373,1129.13696289062,0,1365,17,60,1,17.6499900817871,-44,34,2904,1796,101
34.9901532853144,0.719368385853563,315,1507.12719726562,4,1814,27,61,10,18.6454582214355,225,12,47,1439,95
34.9089032854444,0.717285052523563,242,1499.95300292969,3,1709,15,60,4,18.6468315124512,71,15,1198,2161,98
34.6255699525646,0.715201719193563,167,1590.97277832031,0,1567,17,57,3,18.0564098358154,17,29,1879,2054,117
34.6755699524845,0.715201719193563,314,1256.80969238281,3,1502,16,57,3,18.1568641662598,-59,15,2781,1767,110
34.7193199524145,0.715201719193563,227,1218.47534179688,0,1626,15,57,4,18.2878303527832,204,16,933,1890,103
34.5318199527146,0.713118385863563,221,1263.478515625,1,1490,14,58,6,17.7742366790771,-130,20,2402,1556,94
34.5943199526146,0.713118385863563,199,1668.54418945312,0,1577,15,59,2,17.9752368927002,-7,11,788,1564,106
34.6276532858946,0.713118385863563,176,1590.97277832031,0,1567,17,57,3,18.0564098358154,17,29,1879,2054,117
34.7026532857745,0.713118385863563,243,1144.27673339844,1,1534,15,58,5,18.2209815979004,-51,17,2066,1685,102
34.8672366188445,0.713118385863563,234,1290.80859375,3,1671,15,61,3,18.5803661346436,-19,14,1490,2025,102
34.8984866187944,0.713118385863563,256,1381.96472167969,2,1684,15,59,7,18.6265830993652,-42,19,1467,2177,97
34.9693199520144,0.713118385863563,311,1304.8681640625,1,1781,29,60,11,18.6428909301758,-64,19,750,2326,96
35.0568199518744,0.713118385863563,337,1279.86022949219,1,1877,25,61,3,18.6194553375244,15,23,387,1715,109
34.5109866194146,0.711035052533563,177,1341.875,1,1516,13,58,8,17.7077770233154,102,14,2530,1651,95
34.7880699523045,0.711035052533563,203,1634.54943847656,2,1678,18,58,1,18.4672374725342,72,16,251,1960,118
34.9714032853444,0.708951719203563,324,1455.87573242188,5,1828,23,61,3,18.611743927002,46,12,300,1894,104
34.4839032861246,0.706868385873563,265,1220.21728515625,0,1412,11,59,3,17.6687870025635,-91,20,3276,1682,100
34.5339032860446,0.706868385873563,234,1181.71704101562,1,1463,13,57,6,17.7642498016357,-130,23,2586,1958,96
34.9172366187644,0.706868385873563,259,1213.58862304688,4,1677,20,60,5,18.6371040344238,165,11,1504,2027,102
34.7443199523745,0.704785052543563,231,1333.4033203125,2,1627,15,58,3,18.3494129180908,-59,15,843,1611,109
35.0005699519644,0.704785052543563,339,1451.966796875,7,1837,22,59,3,18.617546081543,68,8,-12,1623,105
34.5547366193446,0.702701719213564,209,1287.9267578125,2,1503,14,58,11,17.8344898223877,-192,13,2028,1416,94
34.7984866189545,0.702701719213564,215,1624.15881347656,2,1654,18,58,4,18.4671764373779,15,24,572,2017,111
34.8839032854844,0.702701719213564,276,1336.32092285156,2,1653,15,60,2,18.5958023071289,-45,17,1556,2026,101
34.9964032853044,0.702701719213564,338,1451.966796875,7,1837,22,59,3,18.617546081543,68,8,-12,1623,105
35.0380699519044,0.702701719213564,354,1146.6904296875,0,1813,32,57,9,18.6644821166992,-52,32,1085,1184,97
34.4193199528947,0.700618385883564,276,1507.64416503906,1,1387,13,56,3,17.5136241912842,-13,17,1659,3002,108
34.4609866194946,0.700618385883564,241,1250.32373046875,3,1405,11,59,3,17.611120223999,88,7,2631,2341,111
34.8151532855945,0.700618385883564,230,1450.11804199219,4,1618,16,59,6,18.4818363189697,-37,15,1169,1703,108
34.8297366189045,0.700618385883564,245,1158.2216796875,1,1579,14,60,4,18.4989185333252,-121,22,1937,1705,107
34.9255699520844,0.700618385883564,336,1121.61975097656,2,1638,21,61,4,18.6429004669189,22,14,2015,1509,101
35.0672366185244,0.700618385883564,322,1283.85498046875,10,1896,20,57,2,18.6155319213867,70,5,528,1364,116
34.5443199526946,0.698535052553564,219,1193.80407714844,1,1455,13,59,5,17.7680149078369,-179,19,2658,1583,96
34.7526532856945,0.698535052553564,204,1505.55908203125,3,1659,16,57,1,18.3662929534912,42,16,424,1926,114
34.8984866187944,0.698535052553564,253,1174.4716796875,1,1627,18,61,4,18.6035499572754,-78,22,2013,1646,102
35.0526532852144,0.698535052553564,433,1221.9453125,3,1877,21,58,2,18.6231670379639,61,18,523,1690,111
35.1255699517643,0.698535052553564,440,1243.79125976562,8,1935,20,60,1,18.6071338653564,30,5,1610,1622,117
34.8255699522445,0.696451719223564,245,1299.83312988281,2,1585,15,59,3,18.4792976379395,-69,17,1636,1939,107
34.6339032858846,0.694368385893564,206,1557.60229492188,0,1540,18,58,3,18.0376586914062,-21,19,1983,2413,113
34.7672366190045,0.694368385893564,198,1571.60571289062,3,1662,17,57,1,18.3968334197998,38,16,308,1963,111
34.5380699527046,0.692285052563564,191,1193.80407714844,1,1455,13,59,5,17.7680149078369,-179,19,2658,1583,96
34.5526532860146,0.692285052563564,204,1263.99926757812,1,1497,14,58,7,17.7918853759766,-134,18,2316,1589,95
34.8130699522645,0.690201719233564,181,1519.34594726562,1,1626,19,58,2,18.4672603607178,44,33,1022,1884,106
34.8464032855445,0.690201719233564,267,1234.62756347656,4,1638,14,60,2,18.5200862884521,128,10,1580,1975,108
34.8693199521745,0.690201719233564,257,1216.03723144531,4,1618,15,60,7,18.5446128845215,-46,10,1715,1900,100
34.8776532854944,0.690201719233564,277,1206.72912597656,1,1632,14,60,4,18.5591869354248,58,18,1638,1940,101
35.0214032852644,0.690201719233564,359,1299.42211914062,9,1868,17,57,3,18.6137046813965,92,6,59,1468,113
34.5109866194146,0.688118385903564,179,1145.75427246094,1,1445,12,58,6,17.6873760223389,41,13,2881,1706,101
34.6755699524845,0.688118385903564,208,1366.8388671875,3,1518,16,57,5,18.1149520874023,-17,12,1842,1720,110
35.0380699519044,0.688118385903564,356,1251.11157226562,1,1868,20,58,2,18.6188259124756,30,15,524,1346,114
35.1422366184043,0.688118385903564,420,1288.2734375,3,1955,18,58,1,18.5987300872803,46,14,1786,1750,125
34.4755699528046,0.686035052573564,307,1183.08874511719,0,1396,9,59,3,17.6245441436768,52,28,2830,1670,113
34.5922366192846,0.686035052573564,218,1695.64599609375,4,1560,18,57,3,17.9169845581055,-6,13,1342,2303,109
34.7172366190845,0.686035052573564,255,1084.75073242188,1,1487,18,58,5,18.223819732666,-119,17,2144,2189,102
34.9401532853944,0.686035052573564,257,1091.49291992188,4,1678,16,59,5,18.6603107452393,14,13,1754,2093,98
35.0318199519144,0.686035052573564,385,1267.08215332031,7,1880,19,58,2,18.6145172119141,127,9,313,1214,111
34.6672366191645,0.683951719243564,308,1401.05932617188,1,1506,17,58,3,18.0936603546143,-98,14,2058,2045,112
34.7568199523545,0.683951719243564,194,1597.68579101562,2,1635,16,58,3,18.3699588775635,-76,14,512,1774,109
34.9776532853344,0.683951719243564,353,1288.91455078125,8,1831,22,60,3,18.6047630310059,78,8,100,1343,103
35.0422366185644,0.683951719243564,347,1251.11157226562,1,1868,20,58,2,18.6188259124756,30,15,524,1346,114
34.6630699525046,0.681868385913564,206,1402.64050292969,0,1510,17,58,3,18.0798397064209,7,16,1645,1781,109
34.6797366191445,0.681868385913564,206,1352.82434082031,5,1526,16,56,2,18.1225547790527,62,8,1516,1588,112
35.0047366186244,0.681868385913564,391,1266.84289550781,10,1853,22,59,7,18.6152877807617,72,8,-233,1146,108
34.5380699527046,0.679785052583564,222,1407.02661132812,2,1554,15,60,3,17.7385406494141,135,12,1707,2387,100
34.5651532859946,0.679785052583564,225,1491.29675292969,2,1540,18,56,4,17.8154144287109,-95,16,1853,2377,104
34.7797366189845,0.679785052583564,192,1475.45239257812,0,1632,15,58,3,18.397087097168,41,39,436,1886,111
34.8109866189345,0.679785052583564,211,1563.49389648438,3,1643,15,58,1,18.4472827911377,58,20,726,1641,112
35.0609866185344,0.679785052583564,392,1251.41088867188,3,1879,20,58,3,18.6205596923828,30,14,594,1469,117
34.5464032860246,0.677701719253564,207,1461.82690429688,1,1568,16,60,3,17.7704315185547,172,14,1503,2375,105
34.5547366193446,0.677701719253564,210,1458.07556152344,3,1550,18,59,4,17.7912101745605,46,13,1598,2817,101
34.5797366193046,0.677701719253564,212,1733.60424804688,0,1586,17,56,3,17.8870410919189,131,25,1223,1996,119
34.6339032858846,0.677701719253564,169,1583.81213378906,2,1560,18,57,2,18.0070781707764,116,15,1170,2033,112
34.7672366190045,0.677701719253564,248,1598.107421875,2,1627,18,57,3,18.3700084686279,-63,15,530,1844,107
34.7901532856345,0.675618385923564,229,1448.87927246094,0,1616,15,58,4,18.4104232788086,-81,21,752,1786,109
34.8380699522245,0.675618385923564,272,1180.40124511719,2,1597,16,60,4,18.4873008728027,39,20,1674,1751,104
34.8401532855545,0.675618385923564,279,1180.40124511719,2,1597,16,60,4,18.4873008728027,39,20,1674,1751,104
34.8818199521544,0.675618385923564,272,1148.67150878906,3,1593,15,61,3,18.5624828338623,-94,12,2115,1332,104
34.9401532853944,0.675618385923564,293,1117.65686035156,0,1676,19,58,4,18.6590614318848,-75,25,1580,2131,97
35.0318199519144,0.675618385923564,360,1278.64233398438,0,1861,17,58,1,18.6118488311768,-67,33,342,1274,111
34.7005699524445,0.673535052593564,230,1283.4853515625,1,1499,17,58,2,18.1531505584717,-3,18,1706,2069,112
34.7547366190245,0.673535052593564,207,1626.97802734375,0,1649,19,57,4,18.3532848358154,59,23,211,1615,106
34.7630699523445,0.673535052593564,221,1647.81164550781,0,1626,20,58,3,18.3620662689209,-65,21,501,1542,104
35.1109866184543,0.673535052593564,430,1245.51867675781,4,1918,22,61,1,18.6223621368408,19,11,1370,1081,120
34.5630699526646,0.671451719263564,214,1521.02673339844,1,1537,17,58,4,17.7995643615723,-98,17,2033,1788,102
34.6109866192546,0.671451719263564,181,1586.91027832031,1,1525,18,58,4,17.9107418060303,-73,26,1422,2383,108
34.8109866189345,0.669368385933564,224,1515.40356445312,1,1637,14,58,2,18.4346523284912,70,20,518,1735,108
34.8276532855745,0.669368385933564,276,1469.70947265625,0,1593,17,58,6,18.456958770752,1,24,1165,1945,101
34.8901532854744,0.669368385933564,234,1176.60766601562,0,1654,17,56,3,18.5758762359619,103,30,1508,1515,103
34.9089032854444,0.669368385933564,336,1181.51721191406,0,1651,17,56,4,18.6042957305908,25,97,1705,1294,103
34.9234866187544,0.669368385933564,337,1127.05676269531,3,1656,18,55,3,18.6269912719727,-68,18,1712,1328,103
35.0234866185944,0.669368385933564,306,1242.40612792969,0,1859,21,57,3,18.6167316436768,5,40,171,1375,110
35.0109866186144,0.667285052603564,388,1238.97473144531,0,1839,18,57,4,18.6166248321533,37,38,-16,1617,112
35.1401532850743,0.667285052603564,435,1254.49291992188,1,1937,20,58,3,18.6167469024658,-9,14,1889,1682,121
34.6943199524545,0.665201719273564,211,1347.32250976562,0,1509,16,57,2,18.1160926818848,65,23,1200,1902,115
34.8880699521444,0.663118385943564,286,1174.10754394531,0,1637,20,56,5,18.5704727172852,-8,82,1728,1383,100
34.4922366194446,0.661035052613564,226,1164.57751464844,0,1397,11,58,5,17.600887298584,-110,22,2793,1949,100
34.5359866193746,0.661035052613564,250,1328.13024902344,3,1505,19,59,4,17.6608486175537,-28,7,2151,1532,99
34.5526532860146,0.661035052613564,215,1397.88317871094,1,1501,17,59,5,17.7150001525879,-169,18,2398,1748,99
34.7401532857145,0.661035052613564,220,1195.01501464844,0,1547,18,58,4,18.2536239624023,-66,22,1505,2160,97
35.0276532852544,0.661035052613564,341,1231.85925292969,0,1851,20,57,4,18.6210060119629,-40,51,317,1048,106
35.0734866185144,0.661035052613564,400,1251.66235351562,7,1885,23,59,2,18.627290725708,-20,8,956,1602,116
35.1234866184343,0.661035052613564,426,1212.55249023438,8,1928,20,59,2,18.6267719268799,64,5,1592,1158,117
34.6526532858546,0.658951719283564,201,1572.54602050781,3,1512,16,58,3,18.0069847106934,-9,12,588,2023,110
34.6151532859146,0.656868385953564,188,1628.79028320312,0,1517,16,58,4,17.90309715271,-10,19,868,1634,102
34.8734866188344,0.656868385953564,268,1143.81469726562,3,1617,14,59,5,18.5261993408203,62,14,1671,2312,100
34.9797366186644,0.656868385953564,297,1188.75854492188,0,1820,26,59,9,18.6235389709473,147,23,315,2299,92
34.9693199520144,0.654785052623564,289,1108.68981933594,3,1712,20,58,5,18.6714477539062,-106,16,1076,1692,96
34.4047366195847,0.652701719293564,378,1278.96228027344,1,1303,15,54,7,17.3999996185303,-121,17,2278,1752,99
34.4797366194646,0.652701719293564,254,1222.26489257812,0,1400,11,57,4,17.555477142334,-83,13,2477,1672,102
34.6422366192046,0.652701719293564,174,1578.82885742188,0,1531,17,57,1,17.9713096618652,80,31,84,2356,110
34.8359866188945,0.652701719293564,285,1334.77331542969,0,1591,16,59,5,18.4461860656738,48,22,1102,2185,102
34.8943199521344,0.652701719293564,287,1145.80603027344,0,1618,22,56,4,18.5573139190674,-25,46,1677,1471,99
35.0318199519144,0.652701719293564,333,1271.76513671875,4,1871,23,57,2,18.6150035858154,42,14,120,1620,109
35.1172366184443,0.652701719293564,377,1171.11572265625,5,1896,20,59,4,18.649486541748,-33,14,1708,1315,112
34.4318199528747,0.650618385963564,229,1195.67346191406,1,1320,12,57,3,17.4630279541016,-39,20,2487,1934,110
34.5005699527646,0.650618385963564,263,1255.66625976562,0,1423,12,57,6,17.5837211608887,-141,13,2585,1871,97
34.6651532858345,0.650618385963564,193,1439.84899902344,0,1494,16,56,4,18.0390148162842,35,20,481,2947,112
34.9151532854344,0.650618385963564,284,1150.80541992188,3,1675,18,60,5,18.6038017272949,103,19,1201,1770,100
35.0464032852244,0.650618385963564,357,1350.09936523438,1,1885,18,57,2,18.6116733551025,18,23,451,1435,116
35.0693199518544,0.650618385963564,370,1297.89270019531,2,1887,23,57,3,18.6242637634277,61,16,685,1312,114
34.5089032860846,0.648535052633564,195,1413.48010253906,0,1519,14,58,6,17.5600547790527,162,19,1690,2060,99
34.7214032857445,0.648535052633564,252,1093.20678710938,1,1470,16,59,2,18.191255569458,-28,18,2180,1990,106
34.7734866189945,0.648535052633564,202,1726.78662109375,4,1645,17,58,4,18.3521118164062,58,15,33,2212,101
34.9880699519844,0.648535052633564,340,1259.41467285156,2,1841,21,59,2,18.6105442047119,156,25,-223,1870,104
34.5589032860046,0.646451719303564,224,1707.88391113281,1,1610,18,54,7,17.7533435821533,327,16,1328,1917,94
34.7130699524245,0.646451719303564,344,1120.20373535156,0,1457,17,59,1,18.1730346679688,-60,40,2320,1967,107
34.7464032857045,0.646451719303564,224,1220.71887207031,0,1544,18,57,10,18.247241973877,-141,13,1389,1947,94
34.8401532855545,0.646451719303564,268,1131.39001464844,3,1537,16,60,5,18.4420795440674,-156,16,1939,1394,103
34.4380699528647,0.644368385973564,244,1267.18725585938,0,1340,11,56,4,17.453239440918,-33,20,2376,1659,108
34.5401532860346,0.644368385973564,241,1393.66723632812,1,1490,15,56,6,17.6555919647217,-139,12,2090,1882,97
34.7234866190745,0.644368385973564,253,1093.20678710938,1,1470,16,59,2,18.191255569458,-28,18,2180,1990,106
34.7526532856945,0.644368385973564,215,1220.71887207031,0,1544,18,57,10,18.247241973877,-141,13,1389,1947,94
34.6922366191245,0.642285052643564,217,1334.47473144531,1,1497,17,57,2,18.0970821380615,72,19,55,2486,111
34.6443199525346,0.640201719313564,181,1532.47497558594,0,1516,18,58,1,17.9380836486816,64,21,-102,1656,110
35.0089032852844,0.640201719313564,319,1235.00854492188,1,1794,23,60,0,18.6367931365967,-133,17,355,1494,101
35.0589032852044,0.640201719313564,319,1246.69934082031,7,1885,16,59,3,18.6422672271729,169,7,544,1394,101
34.5401532860346,0.638118385983564,256,1413.29870605469,0,1465,17,56,2,17.63796043396,-187,30,1992,1680,101
34.7214032857445,0.638118385983564,297,1093.8681640625,1,1459,16,58,2,18.1815547943115,-48,17,2211,1713,104
34.7693199523345,0.638118385983564,202,1606.03784179688,1,1677,18,57,6,18.3231601715088,210,16,132,1775,97
34.8089032856045,0.638118385983564,251,1372.04370117188,0,1577,13,58,3,18.3782482147217,-85,29,759,1910,107
34.5693199526546,0.636035052653564,196,1784.98156738281,0,1611,17,54,5,17.7481689453125,245,21,1078,2189,96
34.5984866192746,0.636035052653564,167,1623.64453125,1,1532,18,56,3,17.8180313110352,65,12,972,2114,103
34.7172366190845,0.636035052653564,285,1124.76928710938,0,1456,17,59,1,18.1619682312012,-31,43,2249,2002,109
34.7755699523245,0.636035052653564,212,1734.05688476562,2,1645,17,57,6,18.342643737793,73,12,9,2618,98
34.8151532855945,0.636035052653564,228,1373.92895507812,3,1590,16,58,2,18.3981819152832,4,13,623,1928,106
34.8609866188545,0.636035052653564,225,1149.03967285156,3,1613,17,59,5,18.4818305969238,138,13,1853,1373,104
34.4443199528547,0.633951719323564,251,1310.21142578125,0,1353,10,57,1,17.4313907623291,63,30,2117,1718,118
34.6318199525546,0.633951719323564,200,1539.21301269531,0,1484,15,58,3,17.9172782897949,-125,16,432,1411,105
34.6964032857845,0.633951719323564,210,1305.24633789062,2,1487,17,58,2,18.1094169616699,79,13,792,2957,116
34.7755699523245,0.633951719323564,204,1734.05688476562,2,1645,17,57,6,18.342643737793,73,12,9,2618,98
34.3922366196047,0.631868385993564,237,1297.91003417969,1,1285,12,56,7,17.2812023162842,48,22,2397,2655,100
34.4839032861246,0.631868385993564,286,1434.11889648438,1,1438,14,56,7,17.4823055267334,39,10,1256,1902,100
34.7734866189945,0.631868385993564,200,1709.24438476562,4,1661,19,56,5,18.3358573913574,202,12,141,2174,96
34.8130699522645,0.631868385993564,233,1298.22790527344,0,1581,14,58,2,18.3826808929443,45,23,889,2183,109
35.0172366186044,0.631868385993564,368,1280.05883789062,4,1828,22,60,4,18.6271457672119,35,12,434,1578,104
34.8339032855645,0.629785052663564,305,1151.1513671875,2,1556,15,59,8,18.4087295532227,57,13,1356,1351,102
35.0234866185944,0.629785052663564,374,1293.45788574219,6,1852,18,59,5,18.6255416870117,164,10,325,1430,105
35.0297366185844,0.629785052663564,356,1245.48254394531,4,1807,23,59,5,18.6485061645508,-48,13,895,1422,99
34.7964032856245,0.625618386003564,214,1465.234375,4,1585,14,58,3,18.3556137084961,45,17,769,2347,108
34.6109866192546,0.623535052673564,179,1502.21887207031,0,1500,16,55,4,17.8112773895264,-1,33,758,1760,100
34.7568199523545,0.623535052673564,218,1243.98303222656,1,1523,18,57,6,18.227180480957,-156,18,1182,1539,94
34.9005699521244,0.623535052673564,249,1316.75048828125,2,1678,15,57,6,18.568338394165,-84,17,1018,1859,98
34.9047366187844,0.623535052673564,252,1300.73754882812,0,1685,17,59,6,18.5814247131348,-9,23,1060,1760,95
34.9130699521044,0.623535052673564,278,1297.93469238281,2,1683,17,59,3,18.5936088562012,-65,16,1055,1749,96
34.6026532859346,0.621451719343564,201,1425.7373046875,0,1475,17,56,4,17.7904586791992,-45,18,1099,1399,102
34.3880699529447,0.619368386013564,209,1426.79248046875,6,1326,9,58,3,17.244047164917,191,3,1794,1995,111
34.5089032860846,0.619368386013564,315,1301.17822265625,0,1406,13,57,5,17.550271987915,-187,28,1486,1485,94
34.5651532859946,0.619368386013564,161,1574.35705566406,0,1493,15,57,4,17.676025390625,-10,11,1566,2228,97
34.6214032859046,0.619368386013564,169,1643.80041503906,2,1507,18,58,3,17.8580951690674,46,15,247,1702,106
34.4672366194846,0.617285052683564,292,1269.25903320312,1,1341,10,57,4,17.452564239502,-27,8,2064,1563,101
34.8026532856145,0.617285052683564,240,1416.47827148438,1,1565,15,57,3,18.324743270874,28,14,1203,1672,101
34.8818199521544,0.617285052683564,238,1206.37487792969,1,1682,18,58,9,18.5260448455811,20,21,511,1908,89
34.5609866193346,0.615201719353564,170,1490.55993652344,2,1460,18,55,6,17.6442832946777,-87,14,1366,2549,99
34.5693199526546,0.615201719353564,172,1485.19384765625,1,1486,15,59,4,17.668384552002,76,12,1314,2624,100
34.5880699526246,0.613118386023564,180,1377.53967285156,0,1463,16,57,5,17.7529888153076,10,16,1202,1377,101
34.7797366189845,0.613118386023564,187,1606.99768066406,0,1636,18,56,8,18.3158798217773,297,33,341,1488,99
34.9401532853944,0.613118386023564,270,1379.66711425781,1,1730,21,58,7,18.614278793335,158,18,722,1576,98
34.4047366195847,0.611035052693564,215,1359.50903320312,0,1300,11,58,2,17.2860164642334,5,12,2232,2273,114
34.9505699520444,0.611035052693564,274,1285.29333496094,2,1685,18,59,7,18.6292858123779,-20,14,1070,1867,99
34.4422366195247,0.608951719363564,313,1290.00805664062,1,1301,9,58,3,17.3715171813965,-19,14,2250,2196,109
34.5672366193246,0.606868386033564,172,1424.8837890625,0,1443,19,56,4,17.6626567840576,-71,22,1444,1991,102
34.5964032859446,0.606868386033564,190,1320.47705078125,1,1453,16,56,4,17.7689762115479,-95,20,1131,1703,103
34.6464032858646,0.606868386033564,201,1509.96801757812,2,1483,16,58,3,17.913818359375,17,15,234,2799,111
34.8276532855745,0.606868386033564,212,1139.19189453125,2,1565,16,59,2,18.3625164031982,132,13,1545,1696,106
34.7193199524145,0.604785052703564,237,1179.79992675781,2,1466,16,58,2,18.110746383667,0,16,1936,1920,112
34.7464032857045,0.604785052703564,208,1263.75659179688,0,1494,16,58,4,18.1792087554932,-54,18,1623,2009,108
34.4422366195247,0.602701719373564,296,1290.00805664062,1,1301,9,58,3,17.3715171813965,-19,14,2250,2196,109
34.4443199528547,0.600618386043564,288,1258.2978515625,1,1296,10,56,3,17.3541564941406,-19,24,2368,2084,112
34.6901532857945,0.600618386043564,260,1184.71276855469,0,1443,15,61,3,18.0365581512451,-34,26,1418,1807,111
34.8526532855345,0.600618386043564,245,1121.9833984375,0,1576,16,58,6,18.411714553833,29,14,1586,1750,102
34.7880699523045,0.598535052713564,233,1293.98901367188,3,1575,20,56,12,18.2775173187256,190,11,941,1469,91
34.8505699522045,0.598535052713564,244,1121.9833984375,0,1576,16,58,6,18.411714553833,29,14,1586,1750,102
34.8859866188144,0.598535052713564,261,1133.38610839844,0,1623,16,58,5,18.4994163513184,-102,19,1065,1658,93
34.8880699521444,0.598535052713564,255,1151.12963867188,2,1677,18,58,12,18.5225296020508,-42,14,760,1658,88
34.3964032862647,0.596451719383564,269,1335.11743164062,1,1281,10,58,2,17.2211017608643,-2,11,2305,1959,115
34.4547366195047,0.596451719383564,328,1203.80615234375,0,1294,12,58,1,17.40553855896,-42,16,2331,1551,107
34.5922366192846,0.596451719383564,185,1298.900390625,0,1433,18,56,5,17.7292671203613,-99,14,1195,1773,103
34.6484866191946,0.596451719383564,190,1515.47473144531,1,1480,17,57,2,17.9020805358887,16,19,247,1939,110
34.7172366190845,0.596451719383564,233,1229.53686523438,0,1458,16,58,1,18.0955257415771,-65,17,1923,1692,113
34.5193199527346,0.594368386053564,217,1283.1240234375,2,1398,16,54,8,17.5299777984619,-63,15,1198,2266,95
34.7922366189645,0.594368386053564,248,1293.98901367188,3,1575,20,56,12,18.2775173187256,190,11,941,1469,91
34.8714032855044,0.594368386053564,264,1138.16369628906,2,1677,16,57,14,18.4861221313477,464,17,614,1646,90
34.9172366187644,0.594368386053564,257,1422.87255859375,2,1768,21,59,3,18.5459384918213,14,16,204,1713,93
34.5089032860846,0.592285052723564,273,1175.12451171875,0,1355,14,55,5,17.5131340026855,-28,17,1688,1864,100
34.7297366190645,0.592285052723564,192,1319.75720214844,2,1498,15,58,2,18.1164569854736,36,14,1475,1571,114
34.8818199521544,0.592285052723564,282,1102.92517089844,1,1587,16,58,3,18.48215675354,-167,19,1407,1389,93
34.4318199528747,0.590201719393564,272,1253.03100585938,1,1280,11,56,3,17.3114891052246,-53,20,2401,1957,110
34.6234866192346,0.590201719393564,173,1667.21398925781,0,1507,18,56,3,17.7983779907227,66,12,-10,2001,105
34.6526532858546,0.588118386063564,182,1508.96264648438,1,1461,15,56,4,17.8904514312744,-86,18,522,1548,111
34.6859866191345,0.588118386063564,273,1197.88708496094,0,1435,20,60,1,18.0029602050781,-40,32,1266,1612,113
34.4214032862247,0.586035052733564,246,1301.84008789062,0,1292,11,57,2,17.2805976867676,53,12,2188,1440,118
34.8172366189245,0.586035052733564,227,1095.39807128906,1,1512,18,56,5,18.3197822570801,-98,16,2122,1293,101
34.4734866194746,0.583951719403564,226,1176.84313964844,0,1308,13,56,3,17.4153804779053,17,18,1980,2197,110
34.7026532857745,0.583951719403564,243,1266.87145996094,0,1455,15,57,2,18.026876449585,-34,42,1620,1498,115
34.6630699525046,0.581868386073564,204,1476.10864257812,1,1455,17,56,3,17.9295024871826,-3,20,844,1622,112
34.6839032858045,0.581868386073564,249,1199.73706054688,0,1432,17,61,0,17.9898929595947,-49,96,1450,1745,113
34.8693199521745,0.581868386073564,272,1127.8837890625,0,1576,14,58,5,18.4391136169434,-16,20,1649,1367,100
34.8734866188344,0.581868386073564,261,1113.07287597656,2,1588,13,59,4,18.4564361572266,-49,12,1666,1382,97
34.8026532856145,0.579785052743564,212,1058.10314941406,0,1452,15,56,2,18.2871246337891,-128,64,2454,1346,100
34.3901532862747,0.577701719413564,268,1365.79638671875,2,1270,13,58,2,17.1501655578613,-10,14,2333,2368,117
34.4443199528547,0.577701719413564,297,1167.39501953125,0,1276,12,58,2,17.3225555419922,-11,14,2295,2918,110
34.7776532856545,0.577701719413564,242,1193.57348632812,0,1464,16,58,2,18.2244834899902,-57,14,2094,1749,102
34.8672366188445,0.577701719413564,279,1127.8837890625,0,1576,14,58,5,18.4391136169434,-16,20,1649,1367,100
34.3901532862747,0.575618386083564,269,1357.32971191406,1,1273,13,58,0,17.1269454956055,51,19,2106,2135,124
34.6318199525546,0.575618386083564,168,1515.64379882812,2,1480,18,58,3,17.8052024841309,89,16,196,2011,110
34.4047366195847,0.573535052753564,262,1250.21508789062,1,1270,12,59,2,17.1911907196045,14,20,2159,2223,116
34.4172366195647,0.571451719423564,318,1225.96765136719,2,1258,12,60,3,17.2202262878418,-67,13,2235,1815,112
34.4568199528346,0.569368386093564,246,1154.42333984375,1,1288,15,56,2,17.3518257141113,-11,16,2064,2810,111
34.7109866190945,0.569368386093564,193,1360.64660644531,0,1482,16,57,1,18.0299682617188,53,15,1531,1924,117
34.8130699522645,0.569368386093564,223,1106.72082519531,3,1497,17,59,4,18.3001976013184,-93,14,2164,1337,95
34.8484866188745,0.569368386093564,242,1233.37023925781,1,1571,17,58,4,18.4018745422363,-107,20,1576,1790,93
34.5755699526446,0.567285052763564,186,1354.98303222656,1,1417,19,55,3,17.6180171966553,-68,28,895,1313,108
34.7568199523545,0.567285052763564,187,1367.58618164062,2,1489,15,58,1,18.1552505493164,47,10,1913,1789,109
34.6630699525046,0.565201719433564,203,1567.50378417969,11,1459,17,57,3,17.8976058959961,-19,6,981,1518,111
34.7005699524445,0.565201719433564,211,1308.927734375,1,1471,15,57,2,18.0008792877197,41,15,1574,2000,113
34.5484866193546,0.563118386103564,176,1383.58862304688,0,1420,16,54,2,17.5448131561279,-4,16,704,1798,105
34.8089032856045,0.561035052773564,201,1098.2431640625,1,1499,15,59,2,18.2730884552002,65,29,2247,1456,110
34.6630699525046,0.558951719443564,203,1617.72644042969,0,1475,16,56,3,17.8794136047363,63,26,939,1500,111
34.4276532862147,0.556868386113564,266,1240.7421875,1,1288,14,55,2,17.1934032440186,62,16,1665,1531,115
34.4922366194446,0.556868386113564,236,1164.19384765625,1,1313,15,55,3,17.4009799957275,-69,18,1575,2103,107
34.6130699525846,0.556868386113564,184,1476.76123046875,2,1466,17,56,1,17.7253742218018,87,15,544,1792,114
34.6922366191245,0.556868386113564,213,1230.50512695312,0,1443,15,56,3,17.9744434356689,-23,23,1745,1835,113
34.5859866192946,0.554785052783564,187,1330.31140136719,2,1425,17,56,3,17.6267509460449,37,11,695,3213,114
34.6630699525046,0.550618386123564,192,1627.99865722656,1,1474,15,56,3,17.8671474456787,57,19,972,1431,111
34.6859866191345,0.550618386123564,260,1299.4619140625,0,1431,19,56,2,17.9366092681885,-29,29,1814,1473,113
34.7443199523745,0.550618386123564,171,1374.39965820312,0,1489,17,57,3,18.0901317596436,120,16,1954,1874,111
34.4964032861046,0.548535052793564,230,1270.82849121094,0,1339,16,55,4,17.3921985626221,-61,19,1272,2196,104
34.8193199522545,0.548535052793564,220,1084.26354980469,2,1474,15,59,2,18.2800426483154,-88,8,2603,1645,105
34.4984866194346,0.546451719463564,222,1270.82849121094,0,1339,16,55,4,17.3921985626221,-61,19,1272,2196,104
34.7651532856745,0.546451719463564,207,1146.62707519531,1,1442,15,58,5,18.1666812896729,-102,17,2646,1354,105
34.4880699527846,0.544368386133564,244,1246.95129394531,1,1329,18,56,3,17.3705635070801,-22,18,1306,1807,104
34.7859866189745,0.544368386133564,191,1177.11437988281,1,1469,15,57,3,18.1987018585205,-13,17,2543,1526,106
34.8484866188745,0.544368386133564,373,1195.73840332031,1,1659,29,58,25,18.3812065124512,127,21,895,1719,80
34.4339032862047,0.542285052803564,311,1267.44885253906,0,1296,14,56,4,17.1701259613037,69,11,1166,1899,110
34.5839032859646,0.542285052803564,188,1325.43896484375,1,1401,18,55,4,17.6006145477295,-93,21,850,1867,105
34.6505699525246,0.538118386143564,197,1626.67517089844,2,1489,16,56,1,17.7943248748779,78,16,785,1677,117
34.7276532857345,0.538118386143564,184,1365.865234375,2,1464,13,57,3,18.0366058349609,-15,16,2205,2056,111
34.4672366194846,0.536035052813564,234,1276.85437011719,0,1321,16,55,4,17.274471282959,-51,20,1079,1394,107
34.6505699525246,0.536035052813564,198,1626.67517089844,2,1489,16,56,1,17.7943248748779,78,16,785,1677,117
34.5964032859446,0.531868386153564,192,1555.578125,0,1442,19,53,4,17.6244354248047,-28,15,534,1190,106
34.7797366189845,0.531868386153564,199,1196.423828125,2,1483,15,58,1,18.1764812469482,2,13,2454,1634,112
34.4193199528947,0.525618386163564,272,1260.70471191406,2,1272,13,56,2,17.0749778747559,12,12,1024,1886,113
34.5526532860146,0.525618386163564,154,1543.36120605469,4,1410,16,54,3,17.4646472930908,-38,11,476,1675,103
34.7734866189945,0.525618386163564,210,1164.93908691406,5,1463,13,57,2,18.1507244110107,-55,10,2591,1997,109
34.6318199525546,0.523535052833564,180,1341.89367675781,1,1438,17,53,4,17.7352523803711,9,20,1222,2253,105
34.6630699525046,0.523535052833564,166,1602.29650878906,0,1469,16,54,3,17.8303546905518,104,30,1345,1714,114
34.4193199528947,0.521451719503564,214,1260.70471191406,2,1272,13,56,2,17.0749778747559,12,12,1024,1886,113
34.4589032861646,0.521451719503564,224,1376.88000488281,0,1341,14,54,3,17.1955490112305,55,30,477,1497,108
34.6276532858946,0.521451719503564,180,1295.75061035156,2,1402,15,55,4,17.7178478240967,-137,18,1402,1958,110
34.6401532858746,0.519368386173564,159,1486.59924316406,0,1480,18,53,3,17.7486896514893,125,21,1003,2239,106
34.6651532858345,0.519368386173564,153,1602.29650878906,0,1469,16,54,3,17.8303546905518,104,30,1345,1714,114
34.5547366193446,0.517285052843564,175,1493.63525390625,1,1406,19,54,3,17.4769458770752,85,12,378,1524,109
34.4151532862347,0.515201719513564,222,1237.41821289062,4,1268,12,55,2,17.0553226470947,15,10,776,1938,114
34.5359866193746,0.515201719513564,223,1356.06604003906,2,1376,19,54,3,17.4143524169922,-8,12,511,1593,101
34.6984866191145,0.515201719513564,196,1239.22436523438,1,1422,14,57,3,17.9402847290039,-41,20,2452,1253,114
34.7214032857445,0.515201719513564,215,1195.63061523438,1,1433,15,58,2,18.0130672454834,-36,16,2634,1689,110
34.7464032857045,0.515201719513564,208,1182.07348632812,2,1450,14,56,3,18.0757331848145,-43,13,2652,1402,106
34.5547366193446,0.513118386183564,182,1493.63525390625,1,1406,19,54,3,17.4769458770752,85,12,378,1524,109
34.4984866194346,0.511035052853564,273,1405.89074707031,1,1356,18,56,3,17.3160381317139,10,15,360,1560,106
34.6839032858045,0.511035052853564,221,1282.32275390625,0,1410,14,56,2,17.8914909362793,-92,25,2338,1844,113
34.6859866191345,0.511035052853564,214,1282.32275390625,0,1410,14,56,2,17.8914909362793,-92,25,2338,1844,113
34.5901532859546,0.508951719523564,170,1520.8720703125,1,1426,16,53,3,17.5614128112793,101,18,135,1936,110
34.8922366188044,0.508951719523564,334,1124.478515625,0,1641,18,56,18,18.4329376220703,-286,15,3631,1428,80
34.5609866193346,0.506868386193564,196,1501.98352050781,2,1398,16,56,3,17.4648818969727,53,17,290,1731,107
34.7484866190345,0.506868386193564,170,1214.09936523438,3,1469,13,56,5,18.0577125549316,-6,14,2642,1474,105
34.8276532855745,0.506868386193564,190,1179.36877441406,1,1510,13,57,3,18.2405166625977,-30,19,3309,2035,106
34.8443199522145,0.506868386193564,241,1159.81921386719,1,1525,14,58,5,18.283992767334,36,14,3626,1607,104
34.6109866192546,0.502701719533564,258,1341.22180175781,1,1385,14,54,3,17.637544631958,-83,14,1026,1766,107
34.6005699526046,0.500618386203564,199,1382.95764160156,1,1372,13,55,4,17.5941352844238,-76,13,990,1587,107
34.7630699523445,0.500618386203564,177,1245.62390136719,1,1493,13,57,4,18.076639175415,12,15,2549,1703,109
34.3901532862747,0.498535052873564,267,1253.67687988281,1,1235,11,56,3,16.9192962646484,-81,17,1330,1862,111
34.4714032861446,0.498535052873564,216,1370.98254394531,1,1300,15,56,2,17.2080421447754,-62,27,693,1615,107
34.7276532857345,0.496451719543564,186,1194.0927734375,2,1444,15,56,3,17.9843063354492,-10,15,2721,2080,110
34.8505699522045,0.496451719543564,233,1150.62280273438,2,1520,13,57,4,18.2954769134521,-45,9,4026,1674,104
34.6859866191345,0.494368386213564,207,1225.3623046875,1,1432,15,58,1,17.8655834197998,108,20,2274,1699,114
34.8318199522345,0.494368386213564,160,1222.99426269531,0,1555,15,55,2,18.2633438110352,100,19,3345,1772,103
34.4339032862047,0.492285052883564,205,1291.93725585938,1,1283,12,54,3,17.0434436798096,20,18,732,1526,111
34.4568199528346,0.492285052883564,199,1360.73608398438,2,1305,14,55,2,17.1295299530029,6,14,649,2369,109
34.5443199526946,0.492285052883564,177,1616.61853027344,1,1390,15,54,4,17.3782634735107,-6,16,212,1839,108
34.6297366192246,0.492285052883564,180,1478.03857421875,0,1437,14,54,4,17.6788272857666,85,21,1382,1899,107
34.6755699524845,0.492285052883564,184,1211.68054199219,1,1401,16,57,4,17.832311630249,-49,17,2574,1890,111
34.8005699522845,0.492285052883564,172,1352.70788574219,1,1534,14,56,5,18.1665019989014,62,12,2791,2460,103
34.6318199525546,0.490201719553564,165,1478.03857421875,0,1437,14,54,4,17.6788272857666,85,21,1382,1899,107
34.8526532855345,0.490201719553564,221,1188.73901367188,1,1545,16,55,3,18.2958526611328,2,20,3987,1500,104
34.5651532859946,0.488118386223564,217,1430.59313964844,0,1367,18,56,4,17.4718017578125,-8,14,428,1841,106
34.5901532859546,0.488118386223564,179,1441.333984375,0,1394,13,55,3,17.5459938049316,61,17,687,1979,108
34.6026532859346,0.488118386223564,217,1333.46435546875,1,1368,12,56,5,17.5830078125,-9,15,1182,1910,108
34.7714032856645,0.488118386223564,165,1269.00366210938,1,1517,12,56,2,18.0888328552246,11,16,2457,1810,109
34.8130699522645,0.488118386223564,196,1205.65270996094,0,1518,14,56,5,18.2011604309082,-70,29,3535,1744,104
34.4797366194646,0.486035052893564,214,1223.85571289062,1,1301,17,57,2,17.2276363372803,-12,14,778,1712,109
34.6297366192246,0.486035052893564,168,1478.03857421875,0,1437,14,54,4,17.6788272857666,85,21,1382,1899,107
34.6839032858045,0.486035052893564,237,1198.73645019531,3,1416,15,59,3,17.8564052581787,57,13,2390,1491,113
34.8839032854844,0.486035052893564,238,1094.34802246094,0,1570,17,55,6,18.3782520294189,-56,14,4460,1535,90
34.4672366194846,0.483951719563564,200,1261.70190429688,1,1299,16,56,2,17.1458034515381,41,15,738,2009,111
34.7193199524145,0.483951719563564,178,1222.84191894531,2,1442,12,56,2,17.9333343505859,-17,15,2811,1801,110
34.5109866194146,0.481868386233564,228,1269.08435058594,0,1333,16,54,6,17.2782020568848,-28,17,593,1850,105
34.6422366192046,0.481868386233564,176,1376.68579101562,0,1414,16,54,3,17.7045040130615,74,30,1763,1994,106
34.7776532856545,0.481868386233564,165,1272.74926757812,0,1529,13,54,3,18.0823612213135,30,32,2685,1803,103
34.8964032854644,0.481868386233564,240,1117.12048339844,1,1621,16,58,2,18.4241600036621,-8,20,4208,2171,89
34.8693199521745,0.479785052903564,232,1141.67419433594,0,1543,16,56,3,18.3289623260498,-87,51,4473,1396,101
34.9068199521144,0.479785052903564,275,1113.67858886719,1,1626,16,58,3,18.4486598968506,-146,12,4329,2386,85
34.4526532861747,0.477701719573564,199,1276.99267578125,2,1279,14,56,3,17.0858039855957,-35,15,947,1786,112
34.4547366195047,0.477701719573564,196,1277.0439453125,1,1286,14,55,3,17.1162719726562,-7,18,833,2080,111
34.8151532855945,0.477701719573564,185,1247.07788085938,1,1521,13,55,0,18.1967849731445,-61,24,3666,2101,101
34.5318199527146,0.475618386243564,191,1599.82238769531,0,1384,18,56,3,17.3234901428223,54,36,169,1604,105
34.5943199526146,0.475618386243564,209,1361.94995117188,1,1345,14,57,3,17.5294284820557,-39,17,1217,1711,110
34.7484866190345,0.475618386243564,173,1251.67504882812,0,1501,12,54,4,17.9968681335449,29,18,2786,1527,103
34.4130699529047,0.473535052913564,238,1222.18615722656,3,1240,12,56,1,16.945592880249,-91,17,1162,1889,110
34.6776532858145,0.473535052913564,192,1189.93481445312,1,1405,17,57,5,17.8063678741455,47,13,2396,1457,111
34.4151532862347,0.471451719583564,223,1222.18615722656,3,1240,12,56,1,16.945592880249,-91,17,1162,1889,110
34.4047366195847,0.469368386253564,227,1234.4990234375,0,1237,13,57,1,16.9135341644287,-93,37,1242,1397,109
34.4484866195147,0.469368386253564,211,1210.67651367188,3,1282,14,56,2,17.0690021514893,45,12,893,2175,114
34.5651532859946,0.469368386253564,193,1488.60217285156,1,1377,15,54,3,17.4389629364014,41,21,240,1884,107
34.6255699525646,0.469368386253564,194,1278.37451171875,0,1366,15,56,4,17.646764755249,0,25,1802,1894,108
34.8755699521644,0.469368386253564,220,1188.48803710938,0,1597,20,58,4,18.3565216064453,4,38,4177,1672,100
34.5464032860246,0.467285052923564,208,1429.98828125,1,1337,17,56,4,17.3785285949707,-103,24,642,1318,108
34.3964032862647,0.465201719593564,223,1197.48767089844,1,1239,11,56,3,16.8591270446777,-53,14,1269,1798,109
34.4714032861446,0.463118386263564,219,1192.56115722656,0,1286,14,55,2,17.1384601593018,-53,30,959,1374,110
34.5047366194246,0.463118386263564,214,1397.94848632812,3,1339,17,55,3,17.2316665649414,-23,13,612,1864,108
34.5714032859846,0.463118386263564,177,1500.85034179688,1,1371,16,57,3,17.4555130004883,37,14,492,1587,108
34.8130699522645,0.463118386263564,171,1330.41625976562,1,1570,15,55,5,18.1965522766113,57,21,3586,2304,96
34.4589032861646,0.461035052933564,237,1176.29736328125,2,1267,15,56,3,17.0805320739746,-36,22,1147,2008,113
34.7693199523345,0.461035052933564,175,1316.87365722656,0,1553,14,54,3,18.0434074401855,102,12,2723,1696,111
34.4109866195747,0.458951719603564,198,1200.30493164062,0,1250,10,56,3,16.8648242950439,-21,21,1097,1801,110
34.6214032859046,0.458951719603564,209,1151.26879882812,11,1331,16,59,3,17.6318397521973,-75,6,2320,1634,110
34.7734866189945,0.458951719603564,182,1345.32666015625,0,1541,14,55,4,18.0593185424805,-10,27,3139,2101,104
34.8339032855645,0.456868386273564,187,1228.91296386719,0,1573,15,55,4,18.23219871521,-13,22,4107,2326,98
34.4984866194346,0.454785052943564,219,1400.67456054688,2,1331,16,54,2,17.1829528808594,-21,12,590,1959,109
34.5672366193246,0.454785052943564,197,1555.54760742188,1,1342,17,56,2,17.4131507873535,-64,18,470,1739,111
34.6505699525246,0.452701719613564,217,1130.99670410156,2,1367,11,58,3,17.7120590209961,19,9,2444,1046,109
34.8130699522645,0.452701719613564,206,1287.37426757812,0,1594,16,54,11,18.1834201812744,167,19,3427,1751,94
34.9318199520744,0.452701719613564,320,1153.58618164062,0,1735,20,57,45,18.4719104766846,-370,54,3044,1466,76
34.5589032860046,0.450618386283564,158,1607.83898925781,2,1382,17,56,1,17.3614635467529,115,15,99,1502,113
34.6568199525146,0.450618386283564,220,1170.40100097656,0,1368,13,57,4,17.7170944213867,-59,27,2753,1293,105
34.8359866188945,0.450618386283564,178,1248.50048828125,0,1592,16,54,5,18.2297496795654,6,16,4096,1720,99
34.8505699522045,0.450618386283564,245,1287.78002929688,0,1639,19,54,6,18.2834777832031,114,97,3939,1275,100
34.6401532858746,0.448535052953564,182,1179.36181640625,2,1346,15,56,4,17.6634693145752,-96,16,2717,1055,103
34.6609866191746,0.448535052953564,175,1170.40100097656,0,1368,13,57,4,17.7170944213867,-59,27,2753,1293,105
34.7672366190045,0.448535052953564,162,1311.76416015625,2,1528,13,55,3,18.0135974884033,38,15,3302,2052,106
34.4797366194646,0.446451719623564,237,1351.66027832031,0,1311,16,55,2,17.1091728210449,-57,37,727,1757,109
34.5464032860246,0.446451719623564,169,1507.42529296875,2,1348,16,56,4,17.3411922454834,-35,10,339,1653,109
34.6984866191145,0.446451719623564,186,1203.74584960938,0,1430,13,56,3,17.8352947235107,-44,28,2916,1447,106
34.7380699523845,0.446451719623564,176,1287.69274902344,2,1499,12,55,2,17.9351940155029,1,17,2983,1662,111
34.9047366187844,0.446451719623564,240,1143.18713378906,3,1607,15,58,5,18.4087944030762,-57,13,4403,2383,97
34.4672366194846,0.444368386293564,213,1280.32458496094,1,1294,14,55,2,17.0545139312744,-48,19,847,1621,109
34.5026532860946,0.444368386293564,227,1480.69250488281,1,1353,15,54,2,17.1589946746826,23,17,343,2515,109
34.6484866191946,0.444368386293564,180,1177.25659179688,7,1346,15,57,5,17.6922760009766,-166,12,2748,1011,104
34.8651532855145,0.444368386293564,187,1378.15148925781,0,1659,22,57,4,18.3315773010254,118,20,3849,2048,96
34.5422366193646,0.442285052963564,194,1436.10717773438,1,1344,15,55,3,17.3045120239258,-17,10,431,2154,107
34.6276532858946,0.442285052963564,175,1180.00512695312,0,1354,14,57,4,17.5936870574951,-35,14,2248,1619,104
34.6922366191245,0.442285052963564,190,1254.14074707031,0,1440,11,56,3,17.7888050079346,71,12,2651,1882,109
34.7964032856245,0.442285052963564,203,1187.451171875,1,1514,14,56,5,18.0959396362305,-62,13,4383,2119,102
34.8547366188645,0.442285052963564,184,1336.4384765625,1,1617,19,57,3,18.2962856292725,-12,15,4478,1783,104
34.9172366187644,0.442285052963564,308,1134.80822753906,0,1618,14,58,3,18.4235153198242,12,13,4472,2100,104
34.6380699525446,0.440201719633564,161,1257.8544921875,2,1403,12,54,6,17.6297988891602,97,9,2147,1265,98
34.6672366191645,0.440201719633564,183,1250.36157226562,0,1401,12,56,4,17.7143478393555,-30,14,2605,1979,102
34.9255699520844,0.440201719633564,265,1115.90612792969,1,1617,16,58,3,18.4413070678711,-103,13,4483,2036,88
34.4609866194946,0.438118386303564,200,1344.22192382812,2,1313,15,54,2,16.9920692443848,49,16,690,1542,108
34.5297366193846,0.438118386303564,212,1507.31188964844,1,1325,18,55,4,17.2727069854736,-74,15,482,2104,107
34.7297366190645,0.438118386303564,194,1280.46838378906,1,1476,13,56,4,17.9067058563232,-53,11,3175,1888,110
34.7505699523645,0.438118386303564,173,1261.00476074219,0,1492,16,56,4,17.9554023742676,-42,25,3451,1677,108
34.5026532860946,0.436035052973564,209,1539.79370117188,2,1345,15,54,2,17.1392307281494,-26,15,345,2325,110
34.7422366190445,0.436035052973564,176,1271.41430664062,1,1498,13,56,2,17.9294033050537,61,11,3133,1758,113
34.7901532856345,0.436035052973564,183,1198.439453125,2,1499,14,56,2,18.0728244781494,-81,17,4075,1897,102
34.8005699522845,0.436035052973564,187,1187.451171875,1,1514,14,56,5,18.0959396362305,-62,13,4383,2119,102
34.7109866190945,0.433951719643564,180,1302.58532714844,1,1456,13,56,5,17.8221340179443,-17,19,3029,1974,105
34.3693199529747,0.431868386313565,175,1283.36938476562,1,1248,9,57,1,16.6006526947021,3,16,761,2581,110
34.6568199525146,0.431868386313565,158,1351.93371582031,0,1417,15,55,3,17.6577854156494,-45,8,2057,1630,100
34.7339032857245,0.431868386313565,167,1258.96704101562,0,1478,14,56,4,17.901876449585,-5,20,3273,2476,110
34.7380699523845,0.431868386313565,175,1247.58056640625,2,1482,13,56,3,17.9259071350098,26,17,3359,2143,109
34.7547366190245,0.431868386313565,180,1227.22192382812,0,1483,15,55,6,17.9749736785889,-46,18,3663,2019,107
34.8047366189445,0.431868386313565,179,1197.34643554688,0,1545,13,55,4,18.1139221191406,22,18,4396,2392,104
34.4818199527946,0.429785052983565,200,1537.30017089844,2,1338,14,55,4,17.0584392547607,35,17,332,1953,110
34.5047366194246,0.429785052983565,191,1645.14562988281,1,1356,14,54,3,17.1491775512695,18,16,137,2215,109
34.5547366193446,0.427701719653565,181,1557.81433105469,3,1358,14,55,3,17.3392448425293,56,11,326,1923,112
34.6547366191846,0.425618386323565,161,1409.47814941406,0,1437,14,52,3,17.6321582794189,-70,17,1738,1614,99
34.6818199524745,0.425618386323565,181,1527.46923828125,2,1475,13,53,7,17.707986831665,78,10,2183,1355,98
34.8568199521945,0.425618386323565,197,1375.77563476562,1,1633,18,55,4,18.2800140380859,49,18,4591,2098,99
34.9234866187544,0.425618386323565,255,1130.43591308594,1,1622,17,57,4,18.4290542602539,-82,16,4352,2414,95
34.3880699529447,0.423535052993565,178,1368.6787109375,1,1278,8,56,0,16.67138671875,57,12,675,1981,115
34.4297366195447,0.423535052993565,195,1394.85473632812,2,1308,14,55,3,16.8397312164307,39,20,672,2109,106
34.6109866192546,0.423535052993565,180,1144.85119628906,0,1331,15,56,5,17.5126724243164,-38,18,1683,2045,107
34.7026532857745,0.421451719663565,177,1418.64282226562,2,1480,14,57,1,17.7754459381104,70,16,2679,1587,116
34.8672366188445,0.421451719663565,174,1420.88256835938,1,1641,16,56,3,18.3019638061523,104,13,4395,2143,107
34.3734866196347,0.419368386333565,178,1309.06359863281,1,1248,9,57,3,16.6058578491211,-49,13,800,2081,109
34.4422366195247,0.419368386333565,223,1440.54052734375,2,1303,13,54,3,16.8732051849365,-68,18,716,2034,106
34.4839032861246,0.419368386333565,226,1582.12463378906,1,1334,13,56,4,17.0392322540283,26,15,417,1774,109
34.6568199525146,0.419368386333565,152,1409.47814941406,0,1437,14,52,3,17.6321582794189,-70,17,1738,1614,99
34.8109866189345,0.419368386333565,192,1218.05212402344,1,1518,14,55,6,18.1050701141357,-54,18,4721,2460,102
34.4339032862047,0.417285053003565,202,1472.00573730469,1,1328,11,55,1,16.8118801116943,76,19,475,1976,106
34.4943199527746,0.415201719673565,205,1532.97314453125,0,1309,14,56,3,17.0637645721436,-113,24,674,1720,106
34.5714032859846,0.415201719673565,205,1273.57788085938,0,1314,15,58,2,17.3835773468018,-23,24,1120,1761,112
34.6130699525846,0.415201719673565,188,1163.13562011719,2,1343,18,55,4,17.5229816436768,-44,13,1465,2165,105
34.7464032857045,0.415201719673565,170,1253.61706542969,1,1490,14,55,4,17.918306350708,20,18,3958,2179,112
34.3880699529447,0.413118386343565,185,1302.00317382812,2,1268,8,56,3,16.65234375,23,14,732,2360,108
34.5005699527646,0.413118386343565,183,1516.75659179688,2,1327,14,55,3,17.0968608856201,-25,18,499,1747,106
34.5943199526146,0.413118386343565,219,1144.14221191406,1,1299,17,58,1,17.4464130401611,-52,18,1624,1161,112
34.6068199525946,0.413118386343565,194,1126.37072753906,1,1316,15,57,2,17.5007247924805,-61,18,1677,1838,108
34.9359866187344,0.413118386343565,235,1120.65551757812,1,1640,16,58,4,18.4432029724121,-56,13,4092,1631,93
34.8734866188344,0.411035053013565,201,1353.78454589844,0,1610,12,57,3,18.303747177124,2,17,4593,2612,106
34.6151532859146,0.408951719683565,185,1144.8505859375,0,1336,14,56,3,17.5100688934326,-22,24,1363,2309,107
34.4089032862447,0.406868386353565,190,1321.43676757812,3,1284,10,57,2,16.6958904266357,23,13,757,2140,105
34.7526532856945,0.406868386353565,173,1255.50146484375,1,1490,16,54,5,17.908109664917,-74,17,4050,2210,105
34.8297366189045,0.406868386353565,196,1236.49633789062,0,1570,15,55,2,18.172534942627,23,25,4858,1719,108
34.4380699528647,0.404785053023565,229,1535.55932617188,1,1309,9,56,2,16.8273010253906,-59,10,609,2077,106
34.4422366195247,0.404785053023565,206,1535.55932617188,1,1309,9,56,2,16.8273010253906,-59,10,609,2077,106
34.5755699526446,0.404785053023565,228,1198.25964355469,0,1306,16,58,1,17.3737754821777,-29,19,1252,1534,113
34.5818199526346,0.404785053023565,225,1163.11999511719,2,1299,17,58,2,17.4037303924561,-41,11,1361,1378,112
34.5734866193146,0.400618386363565,204,1178.728515625,0,1293,18,57,1,17.3577766418457,-72,22,1297,1674,113
34.7005699524445,0.400618386363565,186,1333.78430175781,0,1461,14,54,2,17.7472305297852,27,20,3262,2043,106
34.8026532856145,0.400618386363565,174,1359.99011230469,0,1569,16,55,5,18.0716800689697,33,46,4273,1625,102
34.9359866187344,0.400618386363565,252,1117.72741699219,2,1619,16,59,5,18.4221878051758,-82,11,4383,2569,93
34.4026532862547,0.398535053033565,188,1260.90380859375,1,1273,9,57,2,16.6408367156982,10,15,799,1982,105
34.4193199528947,0.398535053033565,192,1360.83227539062,3,1300,7,56,3,16.7062187194824,64,13,634,2682,104
34.8484866188745,0.398535053033565,196,1363.20690917969,2,1604,16,54,6,18.2217235565186,-19,15,4785,1844,98
34.7130699524245,0.396451719703565,262,1220.01635742188,2,1448,19,55,2,17.8080787658691,-61,16,3932,1262,106
34.8005699522845,0.396451719703565,188,1359.99011230469,0,1569,16,55,5,18.0716800689697,33,46,4273,1625,102
34.8047366189445,0.396451719703565,174,1376.66174316406,1,1577,15,54,3,18.0977268218994,-7,21,4327,1509,102
34.8714032855044,0.396451719703565,174,1310.287109375,1,1598,13,56,4,18.2795753479004,8,14,4744,2497,104
34.4526532861747,0.394368386373565,221,1505.63073730469,1,1325,10,55,2,16.8442478179932,32,16,560,2506,106
34.5047366194246,0.394368386373565,195,1517.28100585938,3,1324,19,57,4,17.0943241119385,5,14,713,1663,109
34.5880699526246,0.394368386373565,166,1172.88732910156,0,1315,15,57,3,17.4083042144775,24,21,1491,2125,110
34.6672366191645,0.394368386373565,160,1415.72204589844,0,1485,15,54,4,17.6201362609863,197,13,1334,1756,98
34.8505699522045,0.394368386373565,207,1363.20690917969,2,1604,16,54,6,18.2217235565186,-19,15,4785,1844,98
34.5693199526546,0.390201719713565,189,1190.61865234375,2,1313,15,57,2,17.3097229003906,36,13,1242,1489,111
34.5859866192946,0.390201719713565,169,1230.14135742188,2,1315,15,58,4,17.3587741851807,-1,16,1257,2048,109
34.6943199524545,0.390201719713565,202,1308.28833007812,0,1436,17,54,3,17.7119007110596,-80,22,3111,1439,103
34.7068199524345,0.390201719713565,368,1234.55212402344,0,1453,17,52,4,17.768123626709,-7,94,3947,1550,107
34.7276532857345,0.390201719713565,184,1238.39868164062,1,1463,15,55,2,17.8142108917236,-14,20,4127,1505,105
34.7943199522945,0.390201719713565,196,1337.70654296875,0,1574,15,54,5,18.0342445373535,27,23,4142,3745,102
34.8005699522845,0.390201719713565,193,1377.74353027344,0,1581,15,54,4,18.0663890838623,70,76,4186,2215,104
34.4797366194646,0.388118386383565,166,1627.42041015625,2,1332,15,56,2,16.9652004241943,88,15,430,1593,112
34.5339032860446,0.388118386383565,247,1241.92016601562,4,1291,17,57,3,17.1911945343018,-24,12,1040,2352,111
34.5505699526846,0.388118386383565,294,1204.70129394531,0,1295,17,56,0,17.2539386749268,-33,26,1216,1983,114
34.8547366188645,0.388118386383565,164,1481.38403320312,3,1628,14,54,2,18.2421417236328,94,15,4615,2277,103
34.8734866188344,0.386035053053565,178,1298.30432128906,0,1593,14,56,3,18.2685680389404,46,21,4887,2355,104
34.9401532853944,0.386035053053565,258,1117.15991210938,0,1658,16,57,9,18.4443302154541,-104,18,4015,2015,90
34.8672366188445,0.383951719723565,174,1426.70324707031,1,1593,12,56,4,18.2442874908447,1,16,4943,2716,99
34.9047366187844,0.383951719723565,274,1176.3720703125,0,1656,21,55,23,18.3468246459961,66,53,4855,2425,94
34.4984866194346,0.381868386393565,445,1373.60205078125,0,1298,17,58,4,17.0340042114258,-37,28,867,1637,107
34.5255699527246,0.381868386393565,249,1252.55798339844,2,1288,21,55,1,17.1409435272217,-41,14,1111,1459,110
34.5880699526246,0.381868386393565,163,1270.98950195312,1,1346,13,56,3,17.36110496521,71,12,1049,3040,110
34.8526532855345,0.381868386393565,163,1485.86022949219,1,1615,15,53,3,18.211051940918,20,12,4808,1945,106
34.5047366194246,0.379785053063565,265,1367.4990234375,1,1319,16,57,1,17.0651988983154,101,18,680,1511,106
34.8547366188645,0.379785053063565,157,1513.75744628906,3,1630,14,55,4,18.2334671020508,138,11,4511,2366,103
34.8505699522045,0.377701719733565,156,1485.86022949219,1,1615,15,53,3,18.211051940918,20,12,4808,1945,106
34.5172366194046,0.375618386403565,262,1253.37231445312,1,1293,17,56,3,17.088680267334,-21,15,964,1438,109
34.6422366192046,0.375618386403565,159,1293.20825195312,0,1408,15,54,5,17.51198387146,-35,28,696,2321,103
34.6547366191846,0.375618386403565,156,1345.54187011719,0,1442,13,54,4,17.5623512268066,94,28,1368,2280,109
34.7359866190545,0.375618386403565,172,1343.14379882812,0,1529,13,55,0,17.7997627258301,160,21,3949,2044,114
34.7797366189845,0.373535053073565,176,1282.97497558594,0,1534,13,54,3,17.973217010498,-64,22,4579,1787,104
34.5714032859846,0.369368386413565,205,1243.18420410156,2,1312,15,55,3,17.2976665496826,-90,15,1267,2016,108
34.5734866193146,0.369368386413565,208,1243.18420410156,2,1312,15,55,3,17.2976665496826,-90,15,1267,2016,108
34.5943199526146,0.369368386413565,168,1251.86926269531,1,1352,14,56,4,17.3480701446533,52,17,861,1937,109
34.9318199520744,0.369368386413565,247,1128.73107910156,1,1686,19,56,18,18.4126605987549,48,16,4167,1923,90
34.4859866194546,0.367285053083565,252,1334.21862792969,0,1279,17,59,2,16.9272632598877,-54,27,862,1312,107
34.5109866194146,0.367285053083565,284,1257.67736816406,6,1289,13,56,2,17.032039642334,-14,10,1061,1063,109
34.7339032857245,0.367285053083565,183,1350.04455566406,1,1519,13,54,2,17.7878684997559,99,17,4112,1948,105
34.7422366190445,0.367285053083565,186,1305.54296875,0,1488,14,54,3,17.8210964202881,-76,17,4403,1962,102
34.7443199523745,0.367285053083565,179,1305.54296875,0,1488,14,54,3,17.8210964202881,-76,17,4403,1962,102
34.8234866189145,0.367285053083565,185,1319.27966308594,1,1565,16,54,5,18.1019077301025,-120,15,4890,2052,98
34.8839032854844,0.367285053083565,210,1220.58203125,0,1561,14,56,3,18.2529621124268,-85,39,5269,1188,102
34.4984866194346,0.365201719753565,432,1256.6865234375,5,1288,17,54,2,16.9979820251465,-2,11,964,1046,110
34.6151532859146,0.365201719753565,182,1295.685546875,1,1383,13,55,3,17.4058532714844,14,20,568,2284,105
34.7151532857545,0.365201719753565,172,1323.61450195312,2,1489,16,54,3,17.739164352417,12,15,4237,1864,106
34.7776532856545,0.365201719753565,167,1272.83972167969,2,1537,13,55,3,17.9301414489746,51,13,4556,1961,109
34.8589032855245,0.365201719753565,226,1511.06188964844,0,1612,16,56,1,18.209005355835,31,24,4642,1203,102
34.9401532853944,0.365201719753565,227,1133.55114746094,0,1743,19,56,8,18.4284687042236,213,27,3450,1693,84
34.4255699528847,0.363118386423565,208,1461.84094238281,2,1286,14,57,3,16.6509895324707,-25,14,733,1678,107
34.6130699525846,0.361035053093565,184,1295.685546875,1,1383,13,55,3,17.4058532714844,14,20,568,2284,105
34.7589032856845,0.361035053093565,163,1285.95166015625,2,1518,12,55,3,17.8707656860352,13,16,4574,2205,105
34.7318199523945,0.358951719763565,171,1321.55993652344,1,1486,14,54,5,17.7833042144775,-32,20,4456,1551,104
34.8839032854844,0.358951719763565,231,1240.38586425781,1,1547,16,54,2,18.2457256317139,-107,21,5345,1108,101
34.5130699527446,0.356868386433565,305,1285.77612304688,3,1303,15,56,3,17.0411167144775,-25,14,1010,1695,109
34.6984866191145,0.356868386433565,175,1307.22009277344,1,1480,17,54,4,17.6770992279053,81,20,3881,1537,101
34.7984866189545,0.356868386433565,179,1310.087890625,2,1542,14,55,2,18.0100708007812,-53,16,4863,1793,105
34.4922366194446,0.354785053103565,247,1252.04077148438,23,1285,10,55,2,16.9451007843018,-34,1,910,1082,108
34.4401532861947,0.352701719773565,253,1559.689453125,3,1315,15,57,1,16.6989154815674,69,15,479,2622,116
34.8359866188945,0.352701719773565,188,1453.10278320312,1,1614,21,53,17,18.133617401123,44,30,4782,1853,89
34.6172366192446,0.350618386443565,203,1325.79797363281,1,1390,15,55,4,17.3750896453857,41,21,438,1736,106
34.9214032854244,0.350618386443565,250,1092.22644042969,0,1575,16,56,3,18.3417072296143,-78,21,5117,2163,89
34.4609866194946,0.348535053113565,236,1387.27490234375,1,1293,16,57,4,16.7701950073242,-6,15,483,1473,104
34.5234866193946,0.348535053113565,280,1330.67919921875,0,1308,15,55,0,17.0505485534668,-71,50,942,1454,107
34.5359866193746,0.348535053113565,225,1324.4560546875,1,1316,15,55,3,17.0843868255615,-71,13,979,1369,108
34.7318199523945,0.348535053113565,190,1281.48364257812,1,1466,13,54,2,17.7805709838867,-94,14,4881,1572,104
34.4380699528647,0.346451719783565,235,1479.04833984375,1,1306,14,57,2,16.6839790344238,53,22,472,2212,107
34.8922366188044,0.346451719783565,252,1201.95141601562,0,1561,14,48,3,18.2582607269287,-30,98,5110,1959,105
34.9172366187644,0.346451719783565,247,1096.9951171875,2,1564,14,56,2,18.3181037902832,-44,17,5283,1721,97
34.4589032861646,0.344368386453565,239,1387.27490234375,1,1293,16,57,4,16.7701950073242,-6,15,483,1473,104
34.6089032859246,0.344368386453565,188,1345.29919433594,0,1393,14,56,1,17.3416194915771,69,20,580,1474,109
34.6609866191746,0.344368386453565,170,1352.74169921875,2,1429,16,55,4,17.5255832672119,9,16,1692,1330,100
34.7984866189545,0.344368386453565,171,1352.9208984375,1,1568,15,55,2,18.00514793396,78,21,4646,1912,104
34.6005699526046,0.342285053123565,188,1403.24169921875,1,1395,13,55,4,17.2949199676514,103,16,409,1500,106
34.8505699522045,0.342285053123565,240,1470.19592285156,0,1607,13,52,2,18.1537742614746,49,98,4919,2944,99
34.8859866188144,0.342285053123565,247,1235.07629394531,0,1580,13,50,5,18.2282485961914,4,97,5152,1912,101
34.5422366193646,0.338118386463565,185,1355.63623046875,0,1322,15,55,3,17.0926342010498,-66,15,1040,1912,105
34.6630699525046,0.338118386463565,165,1366.87817382812,0,1455,13,54,2,17.5411167144775,136,20,2039,1663,102
34.4672366194846,0.336035053133565,202,1347.55981445312,1,1293,15,56,3,16.7840633392334,-2,24,610,1320,104
34.3984866195947,0.333951719803565,201,1555.58044433594,0,1294,13,55,0,16.4293212890625,56,15,432,2463,110
34.5547366193446,0.333951719803565,173,1372.06237792969,2,1345,14,56,4,17.1340274810791,-66,14,947,1500,106
34.4151532862347,0.327701719813565,264,1433.1982421875,1,1271,15,59,2,16.5251331329346,-21,16,683,1726,103
34.4318199528747,0.327701719813565,229,1328.87268066406,2,1262,14,56,0,16.6115589141846,-57,17,750,2545,109
34.5714032859846,0.327701719813565,176,1433.30871582031,1,1365,14,55,3,17.1912174224854,25,16,817,1944,103
34.9005699521244,0.327701719813565,258,1201.12231445312,0,1582,19,53,3,18.2671356201172,55,52,5070,2008,111
34.5255699527246,0.325618386483565,165,1450.52722167969,1,1361,12,55,2,16.9769477844238,91,19,365,1642,108
34.6026532859346,0.325618386483565,179,1344.34436035156,2,1354,12,56,5,17.2773780822754,-99,17,962,1555,104
34.7130699524245,0.325618386483565,181,1237.98742675781,0,1448,12,54,1,17.6989307403564,-3,24,5391,2349,105
34.6859866191345,0.323535053153565,184,1267.12280273438,1,1438,14,54,7,17.5825386047363,22,29,3813,2021,98
34.8214032855845,0.323535053153565,250,1398.36511230469,0,1564,20,54,4,18.052225112915,9,62,5041,1391,101
34.8422366188845,0.323535053153565,200,1376.04345703125,0,1569,15,50,3,18.1014842987061,-42,99,5183,3074,100
34.4359866195347,0.321451719823565,208,1302.43603515625,1,1278,12,55,1,16.5877838134766,55,17,623,3317,110
34.5443199526946,0.321451719823565,176,1428.34558105469,0,1347,13,56,1,17.0487842559814,-50,15,590,1740,106
34.6068199525946,0.321451719823565,177,1308.20104980469,0,1385,13,55,4,17.3052558898926,73,29,489,2063,104
34.6255699525646,0.321451719823565,203,1313.97045898438,3,1388,13,55,3,17.3679370880127,-9,10,659,1775,102
34.6755699524845,0.321451719823565,189,1250.58447265625,0,1401,12,54,5,17.5611972808838,-110,28,3494,1766,99
34.7443199523745,0.319368386493565,167,1294.34631347656,1,1493,15,54,2,17.7598838806152,61,17,5125,1797,105
34.9026532854544,0.319368386493565,261,1218.84313964844,0,1567,17,54,3,18.2614402770996,-83,78,5247,1859,103
34.7255699524045,0.317285053163565,168,1244.58435058594,0,1476,15,54,5,17.7075614929199,16,14,5388,1815,97
34.9130699521044,0.317285053163565,248,1180.86499023438,0,1596,14,52,2,18.2966499328613,64,79,4911,2089,102
34.4359866195347,0.315201719833565,205,1248.13403320312,1,1259,12,56,3,16.5727519989014,-28,15,697,1996,104
34.4859866194546,0.315201719833565,178,1239.52331542969,4,1296,13,56,4,16.8062171936035,10,11,723,1830,103
34.5651532859946,0.315201719833565,176,1537.24780273438,2,1376,10,55,1,17.1239490509033,30,13,630,2223,105
34.6964032857845,0.315201719833565,180,1285.16662597656,0,1475,15,54,4,17.6212692260742,161,15,4780,2181,103
34.8339032855645,0.315201719833565,245,1347.66979980469,0,1546,13,52,2,18.0620574951172,-68,93,5285,1703,100
34.7776532856545,0.313118386503565,180,1370.23742675781,1,1537,17,54,4,17.8726425170898,4,16,5202,1736,102
34.8734866188344,0.313118386503565,275,1238.29870605469,0,1557,16,49,2,18.1787910461426,-54,99,5421,2375,101
34.7255699524045,0.311035053173565,189,1244.58435058594,0,1476,15,54,5,17.7075614929199,16,14,5388,1815,97
34.7984866189545,0.311035053173565,226,1434.91284179688,0,1557,18,56,3,17.9566593170166,5,19,4952,1522,100
34.5755699526446,0.308951719843565,178,1482.56872558594,0,1374,12,54,5,17.1478729248047,3,24,701,2234,103
34.5797366193046,0.308951719843565,162,1414.16845703125,0,1366,11,55,4,17.1824932098389,74,20,686,1663,102
34.6714032858245,0.308951719843565,194,1213.61669921875,0,1407,13,55,4,17.537561416626,74,9,3305,2292,100
34.7089032857645,0.308951719843565,209,1246.66564941406,2,1413,13,55,2,17.6480731964111,-155,15,5943,2072,100
34.7193199524145,0.308951719843565,202,1238.41857910156,0,1446,12,55,3,17.6726112365723,-75,19,5932,1755,100
34.7693199523345,0.308951719843565,182,1374.66967773438,0,1522,14,54,2,17.8281440734863,-57,18,5327,1290,103
34.7901532856345,0.308951719843565,267,1470.02795410156,0,1551,19,54,4,17.9224262237549,21,44,4993,1178,104
34.4693199528146,0.306868386513565,195,1260.06396484375,1,1275,12,56,3,16.7063102722168,-36,29,831,2377,101
34.8089032856045,0.306868386513565,213,1386.41479492188,0,1551,18,55,1,17.9713191986084,9,17,5257,1847,103
34.8734866188344,0.306868386513565,260,1241.01708984375,0,1563,17,50,4,18.1724948883057,12,99,5434,3020,104
34.4318199528747,0.304785053183565,203,1205.85180664062,1,1244,11,55,5,16.5519790649414,-82,17,950,2003,103
34.5547366193446,0.304785053183565,164,1567.32397460938,1,1395,11,54,2,17.070161819458,144,17,429,1644,104
34.8047366189445,0.304785053183565,222,1386.41479492188,0,1551,18,55,1,17.9713191986084,9,17,5257,1847,103
34.8068199522745,0.304785053183565,218,1386.41479492188,0,1551,18,55,1,17.9713191986084,9,17,5257,1847,103
34.8714032855044,0.304785053183565,257,1241.01708984375,0,1563,17,50,4,18.1724948883057,12,99,5434,3020,104
34.8901532854744,0.302701719853565,270,1225.56591796875,0,1582,16,48,5,18.2212314605713,21,98,5082,3190,101
34.6089032859246,0.300618386523565,177,1267.11169433594,1,1366,11,56,3,17.2666893005371,48,13,775,1713,112
34.6776532858145,0.300618386523565,205,1205.92736816406,0,1377,13,55,2,17.5264053344727,-102,20,3949,2128,102
34.4547366195047,0.298535053193565,173,1353.6357421875,2,1290,11,54,4,16.632698059082,20,17,666,2507,100
34.4964032861046,0.298535053193565,189,1214.96752929688,1,1283,11,54,1,16.8421173095703,-62,17,956,2135,107
34.5193199527346,0.298535053193565,160,1241.58117675781,0,1306,13,54,4,16.9118194580078,-67,36,668,2220,104
34.9005699521244,0.298535053193565,261,1213.25024414062,0,1593,25,48,1,18.237133026123,52,98,5139,3298,103
34.4068199529147,0.296451719863565,235,1396.44189453125,2,1266,13,58,3,16.3904876708984,7,14,597,1627,105
34.5880699526246,0.296451719863565,173,1274.55920410156,2,1341,14,57,2,17.2103977203369,-11,14,995,1857,106
34.6339032858846,0.296451719863565,191,1305.99401855469,0,1381,13,54,2,17.3617973327637,26,22,667,1992,103
34.6672366191645,0.296451719863565,215,1213.42309570312,0,1385,13,56,2,17.4950103759766,15,27,3299,1607,105
34.7922366189645,0.292285053203565,309,1387.82763671875,0,1537,19,53,7,17.8879833221436,1,93,5228,1459,97
34.8693199521745,0.292285053203565,235,1294.74145507812,0,1574,15,50,5,18.1389636993408,19,99,5144,2821,99
34.4464032861847,0.290201719873565,179,1351.67224121094,1,1310,12,54,5,16.5677490234375,33,5,392,2406,100
34.7818199523145,0.290201719873565,270,1430.25988769531,0,1535,18,53,1,17.8619079589844,12,93,5447,1441,101
34.8526532855345,0.290201719873565,263,1264.88806152344,0,1548,21,54,3,18.08034324646,-85,58,5414,1758,100
34.5547366193446,0.288118386543565,168,1427.48352050781,0,1351,14,55,4,17.0520687103271,56,16,602,2040,102
34.6839032858045,0.288118386543565,231,1218.39208984375,0,1393,13,54,3,17.5389556884766,-29,22,4701,2230,101
34.7026532857745,0.288118386543565,199,1240.76770019531,0,1446,13,54,8,17.5909194946289,34,16,5474,2045,98
34.7484866190345,0.288118386543565,205,1417.78503417969,5,1535,13,54,4,17.74729347229,4,10,5453,992,98
34.7672366190045,0.288118386543565,192,1561.79064941406,0,1552,13,54,4,17.8152847290039,62,14,5134,1280,105
34.7776532856545,0.288118386543565,223,1504.2509765625,0,1550,18,56,4,17.8373317718506,21,30,5262,1282,100
34.8068199522745,0.288118386543565,192,1333.91027832031,0,1541,22,55,3,17.9435806274414,52,37,5334,1499,102
34.4005699529247,0.286035053213565,232,1346.06726074219,3,1263,11,55,3,16.3250942230225,46,13,567,1670,107
34.7172366190845,0.286035053213565,193,1287.09057617188,0,1475,16,54,4,17.6325588226318,83,24,5566,2080,102
34.5734866193146,0.283951719883565,207,1244.89770507812,0,1320,12,55,6,17.1168060302734,-91,17,1285,1461,104
34.8276532855745,0.283951719883565,187,1309.5830078125,0,1546,17,54,4,17.9935626983643,41,54,5375,2413,103
34.4255699528847,0.281868386553565,197,1178.41943359375,0,1259,12,54,3,16.4386768341064,-7,17,819,2015,104
34.5880699526246,0.281868386553565,175,1253.61901855469,0,1366,11,55,1,17.1764430999756,117,26,1021,2521,109
34.5943199526146,0.281868386553565,181,1253.61901855469,0,1366,11,55,1,17.1764430999756,117,26,1021,2521,109
34.6359866192146,0.281868386553565,197,1204.19201660156,1,1357,13,55,5,17.3435077667236,-60,22,1309,1568,103
34.6901532857945,0.281868386553565,202,1254.63000488281,0,1429,14,54,7,17.5461235046387,38,19,4639,1855,99
34.7964032856245,0.281868386553565,198,1323.267578125,2,1530,18,55,5,17.9016075134277,-8,15,5367,1726,103
34.5109866194146,0.279785053223565,201,1242.82604980469,0,1302,12,54,5,16.8354091644287,25,24,906,2461,104
34.6089032859246,0.279785053223565,193,1211.1484375,1,1330,11,55,2,17.2466201782227,-81,14,1358,1812,108
34.6776532858145,0.279785053223565,184,1250.10339355469,0,1420,11,55,4,17.4892635345459,30,22,3522,1697,106
34.4984866194346,0.277701719893565,171,1243.87670898438,2,1288,12,55,7,16.7974281311035,-23,13,1029,2125,102
34.9276532854144,0.275618386563565,264,1181.09924316406,0,1604,15,50,5,18.2793006896973,-3,98,4881,1791,99
34.4818199527946,0.273535053233565,195,1399.72058105469,0,1298,12,53,3,16.6893310546875,-103,17,757,2175,101
34.4943199527746,0.273535053233565,204,1294.52026367188,1,1293,11,55,1,16.7354431152344,-40,16,975,2071,102
34.6234866192346,0.273535053233565,183,1221.58630371094,0,1366,12,54,6,17.2889728546143,84,14,1259,1830,105
34.7005699524445,0.273535053233565,191,1294.01147460938,0,1444,15,54,3,17.5570850372314,-33,20,4636,1440,104
34.7255699524045,0.273535053233565,189,1325.98950195312,0,1490,14,53,8,17.6347751617432,-25,16,4174,1650,97
34.7609866190145,0.273535053233565,171,1516.71960449219,0,1548,13,54,5,17.7558097839355,68,19,895,1258,99
34.8526532855345,0.273535053233565,327,1271.32641601562,1,1574,21,56,3,18.0668964385986,73,24,5056,1649,103
34.5401532860346,0.271451719903565,190,1282.9765625,0,1310,9,55,4,16.9618625640869,-104,24,975,1463,102
34.6339032858846,0.271451719903565,202,1203.80383300781,2,1341,13,56,6,17.327808380127,-115,16,1599,1729,104
34.6339032858846,0.269368386573565,208,1203.80383300781,2,1341,13,56,6,17.327808380127,-115,16,1599,1729,104
34.6505699525246,0.269368386573565,200,1200.77294921875,0,1384,13,56,3,17.3924598693848,34,21,1949,3330,105
34.8547366188645,0.269368386573565,283,1274.00439453125,0,1580,15,52,3,18.093900680542,12,98,5042,1654,100
34.8984866187944,0.269368386573565,265,1256.97973632812,0,1577,21,48,4,18.2168483734131,-78,98,5124,2526,98
34.9214032854244,0.269368386573565,251,1181.09924316406,0,1604,15,50,5,18.2793006896973,-3,98,4881,1791,99
34.4922366194446,0.267285053243565,211,1310.51867675781,1,1297,11,56,3,16.7105407714844,-70,12,961,1659,101
34.7109866190945,0.267285053243565,183,1315.08142089844,0,1475,13,54,2,17.5711898803711,76,15,4319,1694,108
34.7568199523545,0.267285053243565,185,1399.81896972656,4,1524,13,55,3,17.736967086792,43,11,1494,1436,101
34.6130699525846,0.265201719913565,179,1294.96801757812,1,1363,11,54,4,17.2321510314941,-9,17,1523,2343,104
34.6901532857945,0.265201719913565,201,1328.08166503906,1,1450,14,54,5,17.5102481842041,-35,11,3632,1906,106
34.9401532853944,0.265201719913565,251,1156.32434082031,0,1625,16,55,2,18.3183326721191,-24,33,4743,1612,100
34.4359866195347,0.263118386583565,187,1276.05493164062,1,1270,10,55,3,16.4214248657227,-84,15,867,2300,100
34.4943199527746,0.263118386583565,198,1310.51867675781,1,1297,11,56,3,16.7105407714844,-70,12,961,1659,101
34.7714032856645,0.263118386583565,187,1335.29760742188,2,1513,15,55,5,17.7944412231445,9,16,4168,1863,101
34.5089032860846,0.261035053253565,173,1352.43908691406,1,1339,9,55,5,16.7807426452637,96,13,776,2052,103
34.6547366191846,0.261035053253565,186,1188.34875488281,0,1396,14,55,4,17.4104042053223,3,22,2590,1712,101
34.8609866188545,0.261035053253565,259,1257.7578125,0,1549,14,51,5,18.0814723968506,-113,94,5337,1778,99
34.9443199520544,0.261035053253565,246,1156.32434082031,0,1625,16,55,2,18.3183326721191,-24,33,4743,1612,100
34.4047366195847,0.254785053263565,189,1268.40344238281,0,1258,8,54,5,16.2687606811523,-25,18,1041,1744,103
34.4068199529147,0.254785053263565,178,1268.40344238281,0,1258,8,54,5,16.2687606811523,-25,18,1041,1744,103
34.5609866193346,0.254785053263565,166,1391.7978515625,1,1359,12,54,4,16.9792003631592,32,11,972,1786,101
34.8859866188144,0.254785053263565,231,1277.630859375,0,1587,15,47,1,18.15500831604,-67,98,4919,3811,103
34.9318199520744,0.254785053263565,230,1189.48974609375,2,1605,20,54,6,18.2947196960449,-55,18,4899,1847,96
34.7651532856745,0.252701719933565,195,1299.13757324219,1,1504,15,56,5,17.7612342834473,-4,19,3382,1750,103
34.3984866195947,0.250618386603565,181,1314.33215332031,1,1267,9,54,3,16.1934070587158,24,17,900,1865,106
34.4005699529247,0.250618386603565,182,1314.33215332031,1,1267,9,54,3,16.1934070587158,24,17,900,1865,106
34.5380699527046,0.250618386603565,206,1500.3125,0,1391,13,54,4,16.8713092803955,59,38,656,1901,96
34.5401532860346,0.250618386603565,189,1500.3125,0,1391,13,54,4,16.8713092803955,59,38,656,1901,96
34.8922366188044,0.250618386603565,216,1247.31091308594,0,1611,20,52,4,18.1692562103271,51,98,4696,1816,104
34.4880699527846,0.248535053273565,211,1382.61560058594,0,1317,12,58,4,16.6575374603271,-140,18,926,2023,97
34.5776532859746,0.248535053273565,197,1419.45581054688,0,1378,14,54,5,17.0210819244385,-14,20,923,2080,103
34.5818199526346,0.248535053273565,170,1423.42810058594,0,1404,12,54,3,17.0506744384766,103,17,856,1645,103
34.8714032855044,0.248535053273565,218,1316.78515625,0,1596,16,48,5,18.1254425048828,72,90,4678,2026,101
34.7234866190745,0.246451719943565,198,1260.85864257812,2,1445,19,55,3,17.6175804138184,-123,15,2646,1530,102
34.7943199522945,0.246451719943565,206,1275.16064453125,0,1503,17,54,5,17.8299579620361,-129,18,5127,2200,100
34.4651532861546,0.244368386613565,183,1417.24011230469,1,1335,10,56,2,16.530200958252,-17,16,481,1797,100
34.7839032856445,0.244368386613565,210,1242.57275390625,2,1520,17,56,0,17.8006954193115,61,18,4890,2140,106
34.8693199521745,0.244368386613565,227,1328.57604980469,0,1598,16,49,3,18.1013412475586,4,99,4960,2325,98
34.4234866195547,0.242285053283565,206,1320.20910644531,0,1299,12,55,6,16.3014545440674,51,20,552,1342,100
34.4547366195047,0.242285053283565,214,1371.77124023438,0,1323,13,58,3,16.4664783477783,-33,18,662,1822,96
34.4922366194446,0.240201719953565,207,1455.97570800781,0,1350,14,58,6,16.6222152709961,-56,30,712,1916,96
34.4964032861046,0.240201719953565,199,1469.0576171875,0,1378,15,58,4,16.6579456329346,72,38,465,2414,95
34.5234866193946,0.240201719953565,216,1532.95690917969,0,1400,12,54,5,16.7720241546631,111,17,297,1401,103
34.5443199526946,0.240201719953565,194,1506.60424804688,1,1419,11,53,2,16.8480224609375,158,14,310,1879,100
34.6714032858245,0.240201719953565,168,1311.34521484375,0,1443,12,55,2,17.4117050170898,50,13,2204,2039,105
34.9130699521044,0.240201719953565,250,1230.330078125,0,1620,19,48,3,18.2380390167236,-63,97,4603,1300,102
34.4630699528246,0.238118386623565,198,1416.25415039062,1,1329,12,56,2,16.5049285888672,-48,26,640,1839,98
34.4943199527746,0.238118386623565,204,1455.97570800781,0,1350,14,58,6,16.6222152709961,-56,30,712,1916,96
34.5776532859746,0.238118386623565,186,1458.18627929688,3,1399,16,54,4,16.9939155578613,-25,22,952,1939,101
34.5568199526746,0.236035053293565,182,1507.97351074219,0,1410,13,54,6,16.9193859100342,104,38,618,1878,102
34.5818199526346,0.236035053293565,184,1454.26110839844,0,1404,16,55,5,17.027473449707,-37,22,952,1669,104
34.7818199523145,0.236035053293565,209,1262.98413085938,0,1509,16,54,3,17.7905311584473,-44,22,4833,2182,103
34.4755699528046,0.233951719963565,233,1473.32482910156,1,1360,14,57,4,16.5159282684326,5,22,515,2372,100
34.6172366192446,0.233951719963565,151,1495.91467285156,0,1438,14,55,3,17.1319313049316,-44,19,1383,1553,101
34.5255699527246,0.231868386633565,204,1511.90466308594,1,1394,12,56,2,16.7548789978027,28,18,419,1370,110
34.5568199526746,0.231868386633565,186,1472.40698242188,1,1422,14,54,2,16.9028568267822,60,20,426,1731,104
34.8214032855845,0.231868386633565,191,1564.94030761719,1,1586,19,54,2,17.9516334533691,64,19,4486,1941,102
34.8005699522845,0.225618386643565,181,1462.97277832031,2,1544,16,53,3,17.8447418212891,-105,23,4368,3324,101
34.8089032856045,0.225618386643565,191,1561.16357421875,2,1589,16,54,5,17.8829078674316,37,15,4125,2356,99
34.4068199529147,0.223535053313565,166,1278.93188476562,1,1280,10,55,3,16.1647891998291,34,26,1037,1685,103
34.4714032861446,0.223535053313565,210,1436.73876953125,1,1362,12,56,3,16.4997329711914,46,21,324,2278,105
34.7255699524045,0.223535053313565,163,1368.96057128906,1,1540,15,54,2,17.5535640716553,193,21,1461,1754,98
34.8318199522345,0.223535053313565,182,1445.17358398438,1,1558,17,53,4,17.9548816680908,12,21,4760,3032,99
34.9109866187744,0.223535053313565,256,1245.88208007812,0,1626,23,50,3,18.1945152282715,149,97,4508,1795,97
34.5818199526346,0.221451719983565,174,1401.79748535156,2,1434,15,56,4,16.9931106567383,123,11,849,2624,105
34.7214032857445,0.221451719983565,159,1368.96057128906,1,1540,15,54,2,17.5535640716553,193,21,1461,1754,98
34.6672366191645,0.219368386653565,194,1438.9248046875,3,1460,19,56,8,17.3359680175781,34,18,1872,1564,96
34.5943199526146,0.217285053323565,177,1320.46228027344,2,1402,17,56,4,17.0220241546631,-110,17,1381,1664,104
34.7818199523145,0.217285053323565,194,1572.92907714844,0,1548,18,54,5,17.7803287506104,-8,29,3935,2517,99
34.4026532862547,0.215201719993565,203,1351.27282714844,1,1279,10,54,3,16.0893993377686,-22,16,1033,1801,104
34.9443199520544,0.215201719993565,239,1167.15954589844,0,1632,17,51,11,18.2778759002686,-154,99,4654,1597,96
34.5776532859746,0.211035053333565,184,1341.529296875,1,1394,16,55,4,16.95263671875,-4,22,858,2088,103
34.4026532862547,0.208951720003565,169,1439.69079589844,1,1295,10,56,4,16.05637550354,13,13,883,1688,103
34.7130699524245,0.208951720003565,174,1357.0390625,2,1519,15,54,2,17.4959545135498,123,12,1301,1617,97
34.8401532855545,0.208951720003565,216,1215.40319824219,1,1497,14,53,3,17.9482803344727,-113,15,5177,3377,98
34.4130699529047,0.206868386673565,155,1349.5458984375,1,1312,8,57,2,16.1578922271729,78,11,718,2388,107
34.4630699528246,0.206868386673565,162,1321.93823242188,1,1323,10,57,2,16.4274063110352,-86,20,784,1434,102
34.5568199526746,0.206868386673565,193,1334.35583496094,0,1370,13,55,5,16.8649806976318,-79,23,1046,1557,100
34.8568199521945,0.206868386673565,300,1223.72399902344,0,1553,21,52,5,18.0042533874512,94,26,4861,1431,98
34.9255699520844,0.206868386673565,259,1143.51293945312,0,1600,22,54,7,18.2117729187012,55,87,4949,1336,105
34.4609866194946,0.204785053343565,164,1332.67614746094,0,1317,10,57,3,16.384880065918,-115,18,812,1832,102
34.8359866188945,0.204785053343565,220,1274.78771972656,0,1522,15,54,6,17.9208335876465,35,14,4921,2730,96
34.4922366194446,0.200618386683565,198,1347.25634765625,4,1336,11,55,4,16.5339488983154,-127,10,993,1847,98
34.8401532855545,0.200618386683565,230,1195.71789550781,1,1506,16,53,8,17.9382266998291,-29,19,5370,2864,95
34.6568199525146,0.198535053353565,190,1659.189453125,4,1509,17,55,5,17.2255935668945,12,17,984,1835,99
34.6734866191545,0.198535053353565,169,1560.30981445312,1,1512,15,55,1,17.3082103729248,86,16,930,1769,105
34.7089032857645,0.198535053353565,187,1417.52062988281,1,1497,16,55,3,17.4529628753662,31,18,1007,1272,100
34.7859866189745,0.198535053353565,186,1642.17919921875,0,1564,16,54,5,17.7521705627441,-1,31,3543,1815,99
34.4943199527746,0.196451720023565,189,1347.25634765625,4,1336,11,55,4,16.5339488983154,-127,10,993,1847,98
34.8401532855545,0.194368386693565,233,1195.71789550781,1,1506,16,53,8,17.9382266998291,-29,19,5370,2864,95
34.4443199528547,0.192285053363565,157,1347.43737792969,2,1341,9,57,2,16.2435188293457,64,17,684,1497,98
34.5276532860546,0.192285053363565,185,1351.80480957031,2,1377,13,55,3,16.6731967926025,-32,20,726,1274,100
34.3901532862747,0.190201720033565,193,1347.41040039062,0,1282,13,58,5,15.9686937332153,-24,23,871,2122,101
34.4943199527746,0.190201720033565,193,1405.78979492188,2,1362,8,56,5,16.5050067901611,-53,14,854,2318,97
34.7964032856245,0.190201720033565,207,1354.39343261719,2,1505,16,54,3,17.7905292510986,-37,19,4278,1803,98
34.7255699524045,0.186035053373565,199,1411.01049804688,1,1510,18,56,3,17.5032234191895,32,27,1640,2304,97
34.7234866190745,0.181868386713565,181,1377.11779785156,4,1509,19,55,6,17.5008010864258,170,11,1417,1876,99
34.5797366193046,0.179785053383565,195,1414.13513183594,0,1417,14,54,5,16.9072170257568,-101,44,982,1513,101
34.6464032858646,0.179785053383565,182,1506.79333496094,3,1487,14,55,6,17.1877403259277,37,14,1020,2038,95
34.6859866191345,0.179785053383565,185,1392.21643066406,2,1478,15,56,2,17.3420486450195,23,10,1112,1957,98
34.6943199524545,0.177701720053565,186,1391.73352050781,2,1476,16,54,6,17.3770427703857,-26,12,1128,1958,96
34.7714032856645,0.177701720053565,197,1501.3125,0,1528,16,54,5,17.6880645751953,59,22,3252,2250,97
34.4359866195347,0.173535053393565,183,1347.23791503906,2,1320,10,57,5,16.151403427124,-1,15,903,1932,105
34.6214032859046,0.173535053393565,183,1568.09924316406,1,1493,16,56,3,17.0543327331543,105,19,727,2860,98
34.7880699523045,0.171451720063565,188,1250.57336425781,3,1502,16,54,8,17.7446918487549,42,11,4097,2173,98
34.8109866189345,0.171451720063565,183,1259.21948242188,2,1513,13,53,3,17.7966079711914,30,13,4251,1804,99
34.8130699522645,0.171451720063565,191,1244.06262207031,3,1497,13,54,5,17.8258438110352,-75,10,4630,1781,99
34.7672366190045,0.167285053403565,218,1233.6611328125,0,1461,19,55,11,17.6628932952881,-119,14,3136,1659,98
34.7693199523345,0.165201720073565,215,1233.6611328125,0,1461,19,55,11,17.6628932952881,-119,14,3136,1659,98
34.8151532855945,0.165201720073565,189,1269.71875,0,1526,12,53,3,17.8152885437012,17,26,4031,1773,105
34.4880699527846,0.163118386743565,172,1458.97729492188,2,1417,13,55,3,16.4317016601562,123,14,370,2100,96
34.4922366194446,0.161035053413565,188,1458.97729492188,2,1417,13,55,3,16.4317016601562,123,14,370,2100,96
34.5089032860846,0.158951720083566,196,1404.20776367188,1,1402,13,56,3,16.5056018829346,-13,26,614,1598,99
34.7359866190545,0.158951720083566,216,1358.04663085938,1,1454,15,56,5,17.5151195526123,-144,22,2406,2257,96
34.4422366195247,0.156868386753566,216,1287.21447753906,1,1318,11,57,5,16.1618175506592,-69,24,935,1857,102
34.6901532857945,0.156868386753566,195,1349.44555664062,2,1462,14,54,7,17.3362846374512,12,12,1280,1576,100
34.5359866193746,0.154785053423566,193,1409.13745117188,1,1422,12,55,5,16.6245765686035,-17,17,553,1548,98
34.8109866189345,0.154785053423566,197,1280.37561035156,1,1532,15,55,2,17.7774658203125,14,19,3759,1570,100
34.5380699527046,0.148535053433566,213,1522.75390625,1,1431,15,54,6,16.6371650695801,-45,15,493,1539,98
34.7005699524445,0.148535053433566,189,1397.71667480469,1,1494,13,54,6,17.3496952056885,-36,20,938,2587,97
34.7255699524045,0.146451720103566,185,1519.00158691406,0,1497,14,54,5,17.4464721679688,-60,20,1751,2666,95
34.5026532860946,0.144368386773566,195,1358.60363769531,5,1368,11,55,3,16.4509906768799,-154,13,987,1514,99
34.5276532860546,0.140201720113566,236,1447.64855957031,6,1427,12,56,2,16.5439319610596,5,14,560,1800,99
34.6443199525346,0.140201720113566,205,1327.79235839844,0,1445,13,57,5,17.0887794494629,-6,29,1122,1684,100
34.6568199525146,0.140201720113566,190,1376.79443359375,0,1463,13,56,6,17.159294128418,-107,20,1037,1605,95
34.7505699523645,0.140201720113566,201,1387.54162597656,0,1529,15,55,4,17.5395336151123,33,15,1938,1246,99
34.6568199525146,0.133951720123566,194,1358.23022460938,0,1466,14,57,2,17.1416110992432,-107,51,1231,1633,100
34.6297366192246,0.131868386793566,219,1385.71911621094,1,1462,14,56,5,17.0336265563965,-90,24,1008,2705,98
34.6693199524945,0.131868386793566,178,1405.30822753906,2,1488,12,55,4,17.1632022857666,-77,13,889,1703,101
34.4901532861146,0.127701720133566,239,1580.08557128906,1,1419,12,55,7,16.3412456512451,55,14,289,2220,95
34.6859866191345,0.127701720133566,172,1494.74060058594,3,1521,13,56,8,17.2429981231689,93,14,670,2394,99
34.5776532859746,0.125618386803566,228,1389.16357421875,3,1425,12,54,6,16.7616939544678,-72,13,1180,2681,97
34.4776532861346,0.121451720143566,232,1529.513671875,1,1417,13,56,4,16.2341766357422,-7,19,412,1669,95
34.5630699526646,0.117285053483566,221,1391.83215332031,2,1433,14,56,5,16.7033920288086,-2,16,1173,2511,96
34.5609866193346,0.104785053503566,213,1389.42736816406,0,1420,14,56,4,16.6489448547363,-48,24,1356,2115,96
